ISO-10303-21;
HEADER;
/* Generated by software containing ST-Developer
 * from STEP Tools, Inc. (www.steptools.com) 
 */
/* OPTION: using custom renumber hook */

FILE_DESCRIPTION(
/* description */ ('STEP AP242 Edition 2',
'CAx-IF Rec.Pracs.---Representation and Presentation of Product Manufa
cturing Information (PMI)---4.0---2014-10-13',
'CAx-IF Rec.Pracs.---3D Tessellated Geometry---0.4---2014-09-14','2;1',
'CAx-IF Rec.Pracs.---User Defined Attributes---1.5---2016-08-15'),
/* implementation_level */ '2;1');

FILE_NAME(
/* name */ 'EndEffector',
/* time_stamp */ '2026-08-02T02:26:47Z',
/* author */ (''),
/* organization */ (''),
/* preprocessor_version */ 'ST-DEVELOPER v20',
/* originating_system */ 'ONSHAPE BY PTC INC, 1.218',
/* authorisation */ '  ');

FILE_SCHEMA (('AP242_MANAGED_MODEL_BASED_3D_ENGINEERING_MIM_LF { 1 0 10303 442 3 1 4 }'));
ENDSEC;

DATA;
#10=SHAPE_REPRESENTATION_RELATIONSHIP('','',#1517,#11);
#11=ADVANCED_BREP_SHAPE_REPRESENTATION('',(#1515),#2637);
#12=SPHERICAL_SURFACE('',#1653,0.0015);
#13=SPHERICAL_SURFACE('',#1662,0.0015);
#14=SPHERICAL_SURFACE('',#1665,0.0015);
#15=SPHERICAL_SURFACE('',#1673,0.0015);
#16=SPHERICAL_SURFACE('',#1676,0.0015);
#17=SPHERICAL_SURFACE('',#1686,0.0015);
#18=SPHERICAL_SURFACE('',#1688,0.0015);
#19=SPHERICAL_SURFACE('',#1694,0.0015);
#20=ELLIPSE('',#1575,0.00151292904447922,0.0015);
#21=ELLIPSE('',#1576,0.00151292904447922,0.0015);
#22=ELLIPSE('',#1577,0.00151292904447922,0.0015);
#23=ELLIPSE('',#1578,0.00151292904447922,0.0015);
#24=PLANE('',#1537);
#25=PLANE('',#1538);
#26=PLANE('',#1543);
#27=PLANE('',#1544);
#28=PLANE('',#1545);
#29=PLANE('',#1547);
#30=PLANE('',#1551);
#31=PLANE('',#1552);
#32=PLANE('',#1553);
#33=PLANE('',#1560);
#34=PLANE('',#1567);
#35=PLANE('',#1572);
#36=PLANE('',#1591);
#37=PLANE('',#1592);
#38=PLANE('',#1593);
#39=PLANE('',#1596);
#40=PLANE('',#1599);
#41=PLANE('',#1600);
#42=PLANE('',#1601);
#43=PLANE('',#1602);
#44=PLANE('',#1603);
#45=PLANE('',#1604);
#46=PLANE('',#1605);
#47=PLANE('',#1606);
#48=PLANE('',#1607);
#49=PLANE('',#1608);
#50=PLANE('',#1615);
#51=PLANE('',#1632);
#52=PLANE('',#1636);
#53=PLANE('',#1638);
#54=PLANE('',#1641);
#55=PLANE('',#1644);
#56=PLANE('',#1649);
#57=PLANE('',#1650);
#58=PLANE('',#1697);
#59=PLANE('',#1700);
#60=PLANE('',#1701);
#61=PLANE('',#1704);
#62=LINE('',#2204,#170);
#63=LINE('',#2208,#171);
#64=LINE('',#2213,#172);
#65=LINE('',#2217,#173);
#66=LINE('',#2221,#174);
#67=LINE('',#2225,#175);
#68=LINE('',#2229,#176);
#69=LINE('',#2233,#177);
#70=LINE('',#2237,#178);
#71=LINE('',#2241,#179);
#72=LINE('',#2245,#180);
#73=LINE('',#2249,#181);
#74=LINE('',#2253,#182);
#75=LINE('',#2257,#183);
#76=LINE('',#2261,#184);
#77=LINE('',#2265,#185);
#78=LINE('',#2267,#186);
#79=LINE('',#2270,#187);
#80=LINE('',#2272,#188);
#81=LINE('',#2274,#189);
#82=LINE('',#2275,#190);
#83=LINE('',#2278,#191);
#84=LINE('',#2280,#192);
#85=LINE('',#2282,#193);
#86=LINE('',#2284,#194);
#87=LINE('',#2287,#195);
#88=LINE('',#2289,#196);
#89=LINE('',#2291,#197);
#90=LINE('',#2301,#198);
#91=LINE('',#2304,#199);
#92=LINE('',#2306,#200);
#93=LINE('',#2308,#201);
#94=LINE('',#2310,#202);
#95=LINE('',#2313,#203);
#96=LINE('',#2315,#204);
#97=LINE('',#2317,#205);
#98=LINE('',#2321,#206);
#99=LINE('',#2324,#207);
#100=LINE('',#2326,#208);
#101=LINE('',#2328,#209);
#102=LINE('',#2332,#210);
#103=LINE('',#2334,#211);
#104=LINE('',#2336,#212);
#105=LINE('',#2340,#213);
#106=LINE('',#2343,#214);
#107=LINE('',#2344,#215);
#108=LINE('',#2346,#216);
#109=LINE('',#2349,#217);
#110=LINE('',#2351,#218);
#111=LINE('',#2353,#219);
#112=LINE('',#2355,#220);
#113=LINE('',#2358,#221);
#114=LINE('',#2360,#222);
#115=LINE('',#2362,#223);
#116=LINE('',#2367,#224);
#117=LINE('',#2371,#225);
#118=LINE('',#2398,#226);
#119=LINE('',#2404,#227);
#120=LINE('',#2410,#228);
#121=LINE('',#2419,#229);
#122=LINE('',#2422,#230);
#123=LINE('',#2424,#231);
#124=LINE('',#2426,#232);
#125=LINE('',#2429,#233);
#126=LINE('',#2438,#234);
#127=LINE('',#2441,#235);
#128=LINE('',#2443,#236);
#129=LINE('',#2445,#237);
#130=LINE('',#2447,#238);
#131=LINE('',#2448,#239);
#132=LINE('',#2450,#240);
#133=LINE('',#2452,#241);
#134=LINE('',#2462,#242);
#135=LINE('',#2464,#243);
#136=LINE('',#2466,#244);
#137=LINE('',#2468,#245);
#138=LINE('',#2471,#246);
#139=LINE('',#2472,#247);
#140=LINE('',#2474,#248);
#141=LINE('',#2476,#249);
#142=LINE('',#2479,#250);
#143=LINE('',#2482,#251);
#144=LINE('',#2483,#252);
#145=LINE('',#2486,#253);
#146=LINE('',#2488,#254);
#147=LINE('',#2490,#255);
#148=LINE('',#2510,#256);
#149=LINE('',#2513,#257);
#150=LINE('',#2516,#258);
#151=LINE('',#2519,#259);
#152=LINE('',#2542,#260);
#153=LINE('',#2545,#261);
#154=LINE('',#2547,#262);
#155=LINE('',#2549,#263);
#156=LINE('',#2555,#264);
#157=LINE('',#2557,#265);
#158=LINE('',#2559,#266);
#159=LINE('',#2561,#267);
#160=LINE('',#2563,#268);
#161=LINE('',#2565,#269);
#162=LINE('',#2568,#270);
#163=LINE('',#2569,#271);
#164=LINE('',#2571,#272);
#165=LINE('',#2573,#273);
#166=LINE('',#2622,#274);
#167=LINE('',#2623,#275);
#168=LINE('',#2626,#276);
#169=LINE('',#2628,#277);
#170=VECTOR('',#1715,1.);
#171=VECTOR('',#1718,1.);
#172=VECTOR('',#1723,1.);
#173=VECTOR('',#1726,1.);
#174=VECTOR('',#1729,1.);
#175=VECTOR('',#1732,1.);
#176=VECTOR('',#1735,1.);
#177=VECTOR('',#1738,1.);
#178=VECTOR('',#1741,1.);
#179=VECTOR('',#1744,1.);
#180=VECTOR('',#1747,1.);
#181=VECTOR('',#1750,1.);
#182=VECTOR('',#1753,1.);
#183=VECTOR('',#1756,1.);
#184=VECTOR('',#1759,1.);
#185=VECTOR('',#1762,1.);
#186=VECTOR('',#1765,1.);
#187=VECTOR('',#1766,1.);
#188=VECTOR('',#1767,1.);
#189=VECTOR('',#1768,1.);
#190=VECTOR('',#1769,1.);
#191=VECTOR('',#1770,1.);
#192=VECTOR('',#1771,1.);
#193=VECTOR('',#1772,1.);
#194=VECTOR('',#1775,1.);
#195=VECTOR('',#1776,1.);
#196=VECTOR('',#1777,1.);
#197=VECTOR('',#1778,1.);
#198=VECTOR('',#1789,1.);
#199=VECTOR('',#1790,1.);
#200=VECTOR('',#1791,1.);
#201=VECTOR('',#1792,1.);
#202=VECTOR('',#1795,1.);
#203=VECTOR('',#1796,1.);
#204=VECTOR('',#1797,1.);
#205=VECTOR('',#1798,1.);
#206=VECTOR('',#1803,1.);
#207=VECTOR('',#1804,1.);
#208=VECTOR('',#1805,1.);
#209=VECTOR('',#1806,1.);
#210=VECTOR('',#1811,1.);
#211=VECTOR('',#1812,1.);
#212=VECTOR('',#1813,1.);
#213=VECTOR('',#1820,1.);
#214=VECTOR('',#1821,1.);
#215=VECTOR('',#1822,1.);
#216=VECTOR('',#1825,1.);
#217=VECTOR('',#1826,1.);
#218=VECTOR('',#1827,1.);
#219=VECTOR('',#1828,1.);
#220=VECTOR('',#1831,1.);
#221=VECTOR('',#1832,1.);
#222=VECTOR('',#1833,1.);
#223=VECTOR('',#1834,1.);
#224=VECTOR('',#1839,1.);
#225=VECTOR('',#1842,1.);
#226=VECTOR('',#1879,1.);
#227=VECTOR('',#1884,1.);
#228=VECTOR('',#1891,1.);
#229=VECTOR('',#1900,1.);
#230=VECTOR('',#1903,1.);
#231=VECTOR('',#1904,1.);
#232=VECTOR('',#1905,1.);
#233=VECTOR('',#1908,1.);
#234=VECTOR('',#1917,1.);
#235=VECTOR('',#1920,1.);
#236=VECTOR('',#1921,1.);
#237=VECTOR('',#1922,1.);
#238=VECTOR('',#1925,1.);
#239=VECTOR('',#1926,1.);
#240=VECTOR('',#1929,1.);
#241=VECTOR('',#1932,1.);
#242=VECTOR('',#1947,1.);
#243=VECTOR('',#1948,1.);
#244=VECTOR('',#1949,1.);
#245=VECTOR('',#1952,1.);
#246=VECTOR('',#1953,1.);
#247=VECTOR('',#1954,1.);
#248=VECTOR('',#1957,1.);
#249=VECTOR('',#1960,1.);
#250=VECTOR('',#1965,1.);
#251=VECTOR('',#1966,1.);
#252=VECTOR('',#1967,1.);
#253=VECTOR('',#1972,1.);
#254=VECTOR('',#1973,1.);
#255=VECTOR('',#1974,1.);
#256=VECTOR('',#2005,1.);
#257=VECTOR('',#2010,1.);
#258=VECTOR('',#2015,1.);
#259=VECTOR('',#2020,1.);
#260=VECTOR('',#2053,1.);
#261=VECTOR('',#2054,1.);
#262=VECTOR('',#2055,1.);
#263=VECTOR('',#2056,1.);
#264=VECTOR('',#2067,1.);
#265=VECTOR('',#2068,1.);
#266=VECTOR('',#2069,1.);
#267=VECTOR('',#2070,1.);
#268=VECTOR('',#2071,1.);
#269=VECTOR('',#2074,1.);
#270=VECTOR('',#2075,1.);
#271=VECTOR('',#2076,1.);
#272=VECTOR('',#2077,1.);
#273=VECTOR('',#2078,1.);
#274=VECTOR('',#2175,1.);
#275=VECTOR('',#2176,1.);
#276=VECTOR('',#2181,1.);
#277=VECTOR('',#2184,1.);
#278=ORIENTED_EDGE('',*,*,#694,.T.);
#279=ORIENTED_EDGE('',*,*,#695,.T.);
#280=ORIENTED_EDGE('',*,*,#696,.F.);
#281=ORIENTED_EDGE('',*,*,#697,.T.);
#282=ORIENTED_EDGE('',*,*,#698,.T.);
#283=ORIENTED_EDGE('',*,*,#699,.T.);
#284=ORIENTED_EDGE('',*,*,#700,.F.);
#285=ORIENTED_EDGE('',*,*,#701,.T.);
#286=ORIENTED_EDGE('',*,*,#702,.T.);
#287=ORIENTED_EDGE('',*,*,#703,.F.);
#288=ORIENTED_EDGE('',*,*,#704,.F.);
#289=ORIENTED_EDGE('',*,*,#705,.T.);
#290=ORIENTED_EDGE('',*,*,#706,.T.);
#291=ORIENTED_EDGE('',*,*,#707,.F.);
#292=ORIENTED_EDGE('',*,*,#708,.T.);
#293=ORIENTED_EDGE('',*,*,#709,.T.);
#294=ORIENTED_EDGE('',*,*,#710,.T.);
#295=ORIENTED_EDGE('',*,*,#711,.T.);
#296=ORIENTED_EDGE('',*,*,#712,.T.);
#297=ORIENTED_EDGE('',*,*,#713,.T.);
#298=ORIENTED_EDGE('',*,*,#714,.T.);
#299=ORIENTED_EDGE('',*,*,#715,.F.);
#300=ORIENTED_EDGE('',*,*,#716,.T.);
#301=ORIENTED_EDGE('',*,*,#717,.T.);
#302=ORIENTED_EDGE('',*,*,#718,.T.);
#303=ORIENTED_EDGE('',*,*,#719,.T.);
#304=ORIENTED_EDGE('',*,*,#720,.T.);
#305=ORIENTED_EDGE('',*,*,#721,.T.);
#306=ORIENTED_EDGE('',*,*,#722,.T.);
#307=ORIENTED_EDGE('',*,*,#723,.T.);
#308=ORIENTED_EDGE('',*,*,#724,.F.);
#309=ORIENTED_EDGE('',*,*,#725,.T.);
#310=ORIENTED_EDGE('',*,*,#726,.T.);
#311=ORIENTED_EDGE('',*,*,#727,.T.);
#312=ORIENTED_EDGE('',*,*,#728,.T.);
#313=ORIENTED_EDGE('',*,*,#729,.T.);
#314=ORIENTED_EDGE('',*,*,#730,.T.);
#315=ORIENTED_EDGE('',*,*,#731,.T.);
#316=ORIENTED_EDGE('',*,*,#732,.F.);
#317=ORIENTED_EDGE('',*,*,#733,.F.);
#318=ORIENTED_EDGE('',*,*,#734,.T.);
#319=ORIENTED_EDGE('',*,*,#735,.T.);
#320=ORIENTED_EDGE('',*,*,#736,.T.);
#321=ORIENTED_EDGE('',*,*,#737,.T.);
#322=ORIENTED_EDGE('',*,*,#738,.F.);
#323=ORIENTED_EDGE('',*,*,#739,.F.);
#324=ORIENTED_EDGE('',*,*,#740,.F.);
#325=ORIENTED_EDGE('',*,*,#741,.F.);
#326=ORIENTED_EDGE('',*,*,#742,.F.);
#327=ORIENTED_EDGE('',*,*,#743,.T.);
#328=ORIENTED_EDGE('',*,*,#744,.F.);
#329=ORIENTED_EDGE('',*,*,#745,.T.);
#330=ORIENTED_EDGE('',*,*,#746,.T.);
#331=ORIENTED_EDGE('',*,*,#747,.T.);
#332=ORIENTED_EDGE('',*,*,#748,.T.);
#333=ORIENTED_EDGE('',*,*,#749,.T.);
#334=ORIENTED_EDGE('',*,*,#750,.F.);
#335=ORIENTED_EDGE('',*,*,#751,.F.);
#336=ORIENTED_EDGE('',*,*,#752,.T.);
#337=ORIENTED_EDGE('',*,*,#753,.T.);
#338=ORIENTED_EDGE('',*,*,#754,.T.);
#339=ORIENTED_EDGE('',*,*,#755,.F.);
#340=ORIENTED_EDGE('',*,*,#722,.F.);
#341=ORIENTED_EDGE('',*,*,#756,.T.);
#342=ORIENTED_EDGE('',*,*,#757,.T.);
#343=ORIENTED_EDGE('',*,*,#758,.F.);
#344=ORIENTED_EDGE('',*,*,#706,.F.);
#345=ORIENTED_EDGE('',*,*,#759,.T.);
#346=ORIENTED_EDGE('',*,*,#696,.T.);
#347=ORIENTED_EDGE('',*,*,#760,.T.);
#348=ORIENTED_EDGE('',*,*,#761,.T.);
#349=ORIENTED_EDGE('',*,*,#762,.T.);
#350=ORIENTED_EDGE('',*,*,#714,.F.);
#351=ORIENTED_EDGE('',*,*,#763,.F.);
#352=ORIENTED_EDGE('',*,*,#764,.T.);
#353=ORIENTED_EDGE('',*,*,#765,.T.);
#354=ORIENTED_EDGE('',*,*,#766,.T.);
#355=ORIENTED_EDGE('',*,*,#767,.T.);
#356=ORIENTED_EDGE('',*,*,#768,.T.);
#357=ORIENTED_EDGE('',*,*,#769,.T.);
#358=ORIENTED_EDGE('',*,*,#770,.F.);
#359=ORIENTED_EDGE('',*,*,#771,.T.);
#360=ORIENTED_EDGE('',*,*,#772,.T.);
#361=ORIENTED_EDGE('',*,*,#773,.T.);
#362=ORIENTED_EDGE('',*,*,#774,.F.);
#363=ORIENTED_EDGE('',*,*,#775,.T.);
#364=ORIENTED_EDGE('',*,*,#776,.T.);
#365=ORIENTED_EDGE('',*,*,#777,.F.);
#366=ORIENTED_EDGE('',*,*,#700,.T.);
#367=ORIENTED_EDGE('',*,*,#778,.T.);
#368=ORIENTED_EDGE('',*,*,#772,.F.);
#369=ORIENTED_EDGE('',*,*,#779,.T.);
#370=ORIENTED_EDGE('',*,*,#780,.F.);
#371=ORIENTED_EDGE('',*,*,#781,.F.);
#372=ORIENTED_EDGE('',*,*,#782,.F.);
#373=ORIENTED_EDGE('',*,*,#783,.F.);
#374=ORIENTED_EDGE('',*,*,#776,.F.);
#375=ORIENTED_EDGE('',*,*,#777,.T.);
#376=ORIENTED_EDGE('',*,*,#741,.T.);
#377=ORIENTED_EDGE('',*,*,#780,.T.);
#378=ORIENTED_EDGE('',*,*,#740,.T.);
#379=ORIENTED_EDGE('',*,*,#782,.T.);
#380=ORIENTED_EDGE('',*,*,#739,.T.);
#381=ORIENTED_EDGE('',*,*,#781,.T.);
#382=ORIENTED_EDGE('',*,*,#738,.T.);
#383=ORIENTED_EDGE('',*,*,#783,.T.);
#384=ORIENTED_EDGE('',*,*,#784,.F.);
#385=ORIENTED_EDGE('',*,*,#785,.F.);
#386=ORIENTED_EDGE('',*,*,#786,.T.);
#387=ORIENTED_EDGE('',*,*,#787,.T.);
#388=ORIENTED_EDGE('',*,*,#764,.F.);
#389=ORIENTED_EDGE('',*,*,#788,.T.);
#390=ORIENTED_EDGE('',*,*,#789,.F.);
#391=ORIENTED_EDGE('',*,*,#790,.T.);
#392=ORIENTED_EDGE('',*,*,#770,.T.);
#393=ORIENTED_EDGE('',*,*,#791,.T.);
#394=ORIENTED_EDGE('',*,*,#720,.F.);
#395=ORIENTED_EDGE('',*,*,#792,.T.);
#396=ORIENTED_EDGE('',*,*,#793,.T.);
#397=ORIENTED_EDGE('',*,*,#794,.T.);
#398=ORIENTED_EDGE('',*,*,#795,.T.);
#399=ORIENTED_EDGE('',*,*,#748,.F.);
#400=ORIENTED_EDGE('',*,*,#796,.T.);
#401=ORIENTED_EDGE('',*,*,#797,.T.);
#402=ORIENTED_EDGE('',*,*,#798,.F.);
#403=ORIENTED_EDGE('',*,*,#799,.T.);
#404=ORIENTED_EDGE('',*,*,#716,.F.);
#405=ORIENTED_EDGE('',*,*,#800,.F.);
#406=ORIENTED_EDGE('',*,*,#801,.F.);
#407=ORIENTED_EDGE('',*,*,#802,.F.);
#408=ORIENTED_EDGE('',*,*,#712,.F.);
#409=ORIENTED_EDGE('',*,*,#803,.T.);
#410=ORIENTED_EDGE('',*,*,#804,.T.);
#411=ORIENTED_EDGE('',*,*,#805,.T.);
#412=ORIENTED_EDGE('',*,*,#806,.T.);
#413=ORIENTED_EDGE('',*,*,#744,.T.);
#414=ORIENTED_EDGE('',*,*,#807,.T.);
#415=ORIENTED_EDGE('',*,*,#808,.T.);
#416=ORIENTED_EDGE('',*,*,#809,.F.);
#417=ORIENTED_EDGE('',*,*,#810,.T.);
#418=ORIENTED_EDGE('',*,*,#708,.F.);
#419=ORIENTED_EDGE('',*,*,#811,.T.);
#420=ORIENTED_EDGE('',*,*,#812,.F.);
#421=ORIENTED_EDGE('',*,*,#813,.F.);
#422=ORIENTED_EDGE('',*,*,#761,.F.);
#423=ORIENTED_EDGE('',*,*,#814,.F.);
#424=ORIENTED_EDGE('',*,*,#751,.T.);
#425=ORIENTED_EDGE('',*,*,#815,.T.);
#426=ORIENTED_EDGE('',*,*,#763,.T.);
#427=ORIENTED_EDGE('',*,*,#713,.F.);
#428=ORIENTED_EDGE('',*,*,#802,.T.);
#429=ORIENTED_EDGE('',*,*,#816,.T.);
#430=ORIENTED_EDGE('',*,*,#752,.F.);
#431=ORIENTED_EDGE('',*,*,#814,.T.);
#432=ORIENTED_EDGE('',*,*,#762,.F.);
#433=ORIENTED_EDGE('',*,*,#815,.F.);
#434=ORIENTED_EDGE('',*,*,#754,.F.);
#435=ORIENTED_EDGE('',*,*,#817,.F.);
#436=ORIENTED_EDGE('',*,*,#800,.T.);
#437=ORIENTED_EDGE('',*,*,#715,.T.);
#438=ORIENTED_EDGE('',*,*,#818,.F.);
#439=ORIENTED_EDGE('',*,*,#755,.T.);
#440=ORIENTED_EDGE('',*,*,#818,.T.);
#441=ORIENTED_EDGE('',*,*,#819,.F.);
#442=ORIENTED_EDGE('',*,*,#750,.T.);
#443=ORIENTED_EDGE('',*,*,#819,.T.);
#444=ORIENTED_EDGE('',*,*,#793,.F.);
#445=ORIENTED_EDGE('',*,*,#820,.T.);
#446=ORIENTED_EDGE('',*,*,#821,.T.);
#447=ORIENTED_EDGE('',*,*,#822,.T.);
#448=ORIENTED_EDGE('',*,*,#823,.F.);
#449=ORIENTED_EDGE('',*,*,#824,.T.);
#450=ORIENTED_EDGE('',*,*,#809,.T.);
#451=ORIENTED_EDGE('',*,*,#825,.T.);
#452=ORIENTED_EDGE('',*,*,#758,.T.);
#453=ORIENTED_EDGE('',*,*,#826,.F.);
#454=ORIENTED_EDGE('',*,*,#811,.F.);
#455=ORIENTED_EDGE('',*,*,#707,.T.);
#456=ORIENTED_EDGE('',*,*,#757,.F.);
#457=ORIENTED_EDGE('',*,*,#827,.F.);
#458=ORIENTED_EDGE('',*,*,#812,.T.);
#459=ORIENTED_EDGE('',*,*,#826,.T.);
#460=ORIENTED_EDGE('',*,*,#756,.F.);
#461=ORIENTED_EDGE('',*,*,#721,.F.);
#462=ORIENTED_EDGE('',*,*,#813,.T.);
#463=ORIENTED_EDGE('',*,*,#827,.T.);
#464=ORIENTED_EDGE('',*,*,#828,.F.);
#465=ORIENTED_EDGE('',*,*,#829,.T.);
#466=ORIENTED_EDGE('',*,*,#798,.T.);
#467=ORIENTED_EDGE('',*,*,#830,.T.);
#468=ORIENTED_EDGE('',*,*,#753,.F.);
#469=ORIENTED_EDGE('',*,*,#816,.F.);
#470=ORIENTED_EDGE('',*,*,#801,.T.);
#471=ORIENTED_EDGE('',*,*,#817,.T.);
#472=ORIENTED_EDGE('',*,*,#804,.F.);
#473=ORIENTED_EDGE('',*,*,#831,.T.);
#474=ORIENTED_EDGE('',*,*,#832,.T.);
#475=ORIENTED_EDGE('',*,*,#833,.T.);
#476=ORIENTED_EDGE('',*,*,#710,.F.);
#477=ORIENTED_EDGE('',*,*,#834,.T.);
#478=ORIENTED_EDGE('',*,*,#823,.T.);
#479=ORIENTED_EDGE('',*,*,#835,.T.);
#480=ORIENTED_EDGE('',*,*,#836,.T.);
#481=ORIENTED_EDGE('',*,*,#742,.T.);
#482=ORIENTED_EDGE('',*,*,#837,.T.);
#483=ORIENTED_EDGE('',*,*,#838,.T.);
#484=ORIENTED_EDGE('',*,*,#832,.F.);
#485=ORIENTED_EDGE('',*,*,#839,.T.);
#486=ORIENTED_EDGE('',*,*,#718,.F.);
#487=ORIENTED_EDGE('',*,*,#840,.T.);
#488=ORIENTED_EDGE('',*,*,#828,.T.);
#489=ORIENTED_EDGE('',*,*,#841,.T.);
#490=ORIENTED_EDGE('',*,*,#842,.T.);
#491=ORIENTED_EDGE('',*,*,#746,.F.);
#492=ORIENTED_EDGE('',*,*,#843,.T.);
#493=ORIENTED_EDGE('',*,*,#844,.T.);
#494=ORIENTED_EDGE('',*,*,#821,.F.);
#495=ORIENTED_EDGE('',*,*,#845,.T.);
#496=ORIENTED_EDGE('',*,*,#846,.F.);
#497=ORIENTED_EDGE('',*,*,#796,.F.);
#498=ORIENTED_EDGE('',*,*,#747,.F.);
#499=ORIENTED_EDGE('',*,*,#842,.F.);
#500=ORIENTED_EDGE('',*,*,#797,.F.);
#501=ORIENTED_EDGE('',*,*,#846,.T.);
#502=ORIENTED_EDGE('',*,*,#841,.F.);
#503=ORIENTED_EDGE('',*,*,#830,.F.);
#504=ORIENTED_EDGE('',*,*,#847,.F.);
#505=ORIENTED_EDGE('',*,*,#794,.F.);
#506=ORIENTED_EDGE('',*,*,#822,.F.);
#507=ORIENTED_EDGE('',*,*,#844,.F.);
#508=ORIENTED_EDGE('',*,*,#795,.F.);
#509=ORIENTED_EDGE('',*,*,#847,.T.);
#510=ORIENTED_EDGE('',*,*,#843,.F.);
#511=ORIENTED_EDGE('',*,*,#749,.F.);
#512=ORIENTED_EDGE('',*,*,#848,.F.);
#513=ORIENTED_EDGE('',*,*,#807,.F.);
#514=ORIENTED_EDGE('',*,*,#743,.F.);
#515=ORIENTED_EDGE('',*,*,#836,.F.);
#516=ORIENTED_EDGE('',*,*,#808,.F.);
#517=ORIENTED_EDGE('',*,*,#848,.T.);
#518=ORIENTED_EDGE('',*,*,#835,.F.);
#519=ORIENTED_EDGE('',*,*,#825,.F.);
#520=ORIENTED_EDGE('',*,*,#745,.F.);
#521=ORIENTED_EDGE('',*,*,#806,.F.);
#522=ORIENTED_EDGE('',*,*,#849,.F.);
#523=ORIENTED_EDGE('',*,*,#837,.F.);
#524=ORIENTED_EDGE('',*,*,#805,.F.);
#525=ORIENTED_EDGE('',*,*,#833,.F.);
#526=ORIENTED_EDGE('',*,*,#838,.F.);
#527=ORIENTED_EDGE('',*,*,#849,.T.);
#528=ORIENTED_EDGE('',*,*,#850,.F.);
#529=ORIENTED_EDGE('',*,*,#784,.T.);
#530=ORIENTED_EDGE('',*,*,#851,.F.);
#531=ORIENTED_EDGE('',*,*,#850,.T.);
#532=ORIENTED_EDGE('',*,*,#852,.F.);
#533=ORIENTED_EDGE('',*,*,#785,.T.);
#534=ORIENTED_EDGE('',*,*,#853,.F.);
#535=ORIENTED_EDGE('',*,*,#852,.T.);
#536=ORIENTED_EDGE('',*,*,#854,.T.);
#537=ORIENTED_EDGE('',*,*,#854,.F.);
#538=ORIENTED_EDGE('',*,*,#851,.T.);
#539=ORIENTED_EDGE('',*,*,#855,.T.);
#540=ORIENTED_EDGE('',*,*,#855,.F.);
#541=ORIENTED_EDGE('',*,*,#853,.T.);
#542=ORIENTED_EDGE('',*,*,#856,.T.);
#543=ORIENTED_EDGE('',*,*,#857,.T.);
#544=ORIENTED_EDGE('',*,*,#858,.T.);
#545=ORIENTED_EDGE('',*,*,#859,.T.);
#546=ORIENTED_EDGE('',*,*,#792,.F.);
#547=ORIENTED_EDGE('',*,*,#719,.F.);
#548=ORIENTED_EDGE('',*,*,#845,.F.);
#549=ORIENTED_EDGE('',*,*,#820,.F.);
#550=ORIENTED_EDGE('',*,*,#799,.F.);
#551=ORIENTED_EDGE('',*,*,#829,.F.);
#552=ORIENTED_EDGE('',*,*,#840,.F.);
#553=ORIENTED_EDGE('',*,*,#717,.F.);
#554=ORIENTED_EDGE('',*,*,#810,.F.);
#555=ORIENTED_EDGE('',*,*,#824,.F.);
#556=ORIENTED_EDGE('',*,*,#834,.F.);
#557=ORIENTED_EDGE('',*,*,#709,.F.);
#558=ORIENTED_EDGE('',*,*,#803,.F.);
#559=ORIENTED_EDGE('',*,*,#711,.F.);
#560=ORIENTED_EDGE('',*,*,#839,.F.);
#561=ORIENTED_EDGE('',*,*,#831,.F.);
#562=ORIENTED_EDGE('',*,*,#789,.T.);
#563=ORIENTED_EDGE('',*,*,#860,.T.);
#564=ORIENTED_EDGE('',*,*,#861,.T.);
#565=ORIENTED_EDGE('',*,*,#862,.T.);
#566=ORIENTED_EDGE('',*,*,#863,.T.);
#567=ORIENTED_EDGE('',*,*,#864,.T.);
#568=ORIENTED_EDGE('',*,*,#865,.T.);
#569=ORIENTED_EDGE('',*,*,#866,.T.);
#570=ORIENTED_EDGE('',*,*,#786,.F.);
#571=ORIENTED_EDGE('',*,*,#867,.T.);
#572=ORIENTED_EDGE('',*,*,#868,.T.);
#573=ORIENTED_EDGE('',*,*,#869,.T.);
#574=ORIENTED_EDGE('',*,*,#870,.F.);
#575=ORIENTED_EDGE('',*,*,#771,.F.);
#576=ORIENTED_EDGE('',*,*,#790,.F.);
#577=ORIENTED_EDGE('',*,*,#864,.F.);
#578=ORIENTED_EDGE('',*,*,#871,.F.);
#579=ORIENTED_EDGE('',*,*,#870,.T.);
#580=ORIENTED_EDGE('',*,*,#872,.F.);
#581=ORIENTED_EDGE('',*,*,#872,.T.);
#582=ORIENTED_EDGE('',*,*,#863,.F.);
#583=ORIENTED_EDGE('',*,*,#873,.F.);
#584=ORIENTED_EDGE('',*,*,#859,.F.);
#585=ORIENTED_EDGE('',*,*,#871,.T.);
#586=ORIENTED_EDGE('',*,*,#858,.F.);
#587=ORIENTED_EDGE('',*,*,#874,.F.);
#588=ORIENTED_EDGE('',*,*,#768,.F.);
#589=ORIENTED_EDGE('',*,*,#791,.F.);
#590=ORIENTED_EDGE('',*,*,#769,.F.);
#591=ORIENTED_EDGE('',*,*,#875,.F.);
#592=ORIENTED_EDGE('',*,*,#867,.F.);
#593=ORIENTED_EDGE('',*,*,#876,.F.);
#594=ORIENTED_EDGE('',*,*,#873,.T.);
#595=ORIENTED_EDGE('',*,*,#877,.F.);
#596=ORIENTED_EDGE('',*,*,#875,.T.);
#597=ORIENTED_EDGE('',*,*,#874,.T.);
#598=ORIENTED_EDGE('',*,*,#878,.F.);
#599=ORIENTED_EDGE('',*,*,#877,.T.);
#600=ORIENTED_EDGE('',*,*,#862,.F.);
#601=ORIENTED_EDGE('',*,*,#879,.F.);
#602=ORIENTED_EDGE('',*,*,#735,.F.);
#603=ORIENTED_EDGE('',*,*,#876,.T.);
#604=ORIENTED_EDGE('',*,*,#734,.F.);
#605=ORIENTED_EDGE('',*,*,#880,.F.);
#606=ORIENTED_EDGE('',*,*,#856,.F.);
#607=ORIENTED_EDGE('',*,*,#878,.T.);
#608=ORIENTED_EDGE('',*,*,#857,.F.);
#609=ORIENTED_EDGE('',*,*,#881,.F.);
#610=ORIENTED_EDGE('',*,*,#868,.F.);
#611=ORIENTED_EDGE('',*,*,#882,.F.);
#612=ORIENTED_EDGE('',*,*,#879,.T.);
#613=ORIENTED_EDGE('',*,*,#883,.F.);
#614=ORIENTED_EDGE('',*,*,#881,.T.);
#615=ORIENTED_EDGE('',*,*,#880,.T.);
#616=ORIENTED_EDGE('',*,*,#884,.F.);
#617=ORIENTED_EDGE('',*,*,#788,.F.);
#618=ORIENTED_EDGE('',*,*,#767,.F.);
#619=ORIENTED_EDGE('',*,*,#885,.F.);
#620=ORIENTED_EDGE('',*,*,#860,.F.);
#621=ORIENTED_EDGE('',*,*,#883,.T.);
#622=ORIENTED_EDGE('',*,*,#861,.F.);
#623=ORIENTED_EDGE('',*,*,#886,.F.);
#624=ORIENTED_EDGE('',*,*,#729,.F.);
#625=ORIENTED_EDGE('',*,*,#882,.T.);
#626=ORIENTED_EDGE('',*,*,#728,.F.);
#627=ORIENTED_EDGE('',*,*,#887,.F.);
#628=ORIENTED_EDGE('',*,*,#736,.F.);
#629=ORIENTED_EDGE('',*,*,#884,.T.);
#630=ORIENTED_EDGE('',*,*,#737,.F.);
#631=ORIENTED_EDGE('',*,*,#888,.F.);
#632=ORIENTED_EDGE('',*,*,#869,.F.);
#633=ORIENTED_EDGE('',*,*,#886,.T.);
#634=ORIENTED_EDGE('',*,*,#885,.T.);
#635=ORIENTED_EDGE('',*,*,#889,.F.);
#636=ORIENTED_EDGE('',*,*,#888,.T.);
#637=ORIENTED_EDGE('',*,*,#887,.T.);
#638=ORIENTED_EDGE('',*,*,#890,.F.);
#639=ORIENTED_EDGE('',*,*,#889,.T.);
#640=ORIENTED_EDGE('',*,*,#766,.F.);
#641=ORIENTED_EDGE('',*,*,#891,.F.);
#642=ORIENTED_EDGE('',*,*,#726,.F.);
#643=ORIENTED_EDGE('',*,*,#890,.T.);
#644=ORIENTED_EDGE('',*,*,#727,.F.);
#645=ORIENTED_EDGE('',*,*,#892,.F.);
#646=ORIENTED_EDGE('',*,*,#865,.F.);
#647=ORIENTED_EDGE('',*,*,#892,.T.);
#648=ORIENTED_EDGE('',*,*,#891,.T.);
#649=ORIENTED_EDGE('',*,*,#893,.F.);
#650=ORIENTED_EDGE('',*,*,#787,.F.);
#651=ORIENTED_EDGE('',*,*,#866,.F.);
#652=ORIENTED_EDGE('',*,*,#893,.T.);
#653=ORIENTED_EDGE('',*,*,#765,.F.);
#654=ORIENTED_EDGE('',*,*,#694,.F.);
#655=ORIENTED_EDGE('',*,*,#894,.T.);
#656=ORIENTED_EDGE('',*,*,#704,.T.);
#657=ORIENTED_EDGE('',*,*,#895,.T.);
#658=ORIENTED_EDGE('',*,*,#730,.F.);
#659=ORIENTED_EDGE('',*,*,#896,.F.);
#660=ORIENTED_EDGE('',*,*,#724,.T.);
#661=ORIENTED_EDGE('',*,*,#897,.T.);
#662=ORIENTED_EDGE('',*,*,#896,.T.);
#663=ORIENTED_EDGE('',*,*,#733,.T.);
#664=ORIENTED_EDGE('',*,*,#898,.F.);
#665=ORIENTED_EDGE('',*,*,#725,.F.);
#666=ORIENTED_EDGE('',*,*,#898,.T.);
#667=ORIENTED_EDGE('',*,*,#732,.T.);
#668=ORIENTED_EDGE('',*,*,#899,.F.);
#669=ORIENTED_EDGE('',*,*,#702,.F.);
#670=ORIENTED_EDGE('',*,*,#900,.T.);
#671=ORIENTED_EDGE('',*,*,#774,.T.);
#672=ORIENTED_EDGE('',*,*,#901,.T.);
#673=ORIENTED_EDGE('',*,*,#698,.F.);
#674=ORIENTED_EDGE('',*,*,#703,.T.);
#675=ORIENTED_EDGE('',*,*,#899,.T.);
#676=ORIENTED_EDGE('',*,*,#731,.F.);
#677=ORIENTED_EDGE('',*,*,#895,.F.);
#678=ORIENTED_EDGE('',*,*,#778,.F.);
#679=ORIENTED_EDGE('',*,*,#699,.F.);
#680=ORIENTED_EDGE('',*,*,#901,.F.);
#681=ORIENTED_EDGE('',*,*,#773,.F.);
#682=ORIENTED_EDGE('',*,*,#897,.F.);
#683=ORIENTED_EDGE('',*,*,#723,.F.);
#684=ORIENTED_EDGE('',*,*,#760,.F.);
#685=ORIENTED_EDGE('',*,*,#695,.F.);
#686=ORIENTED_EDGE('',*,*,#894,.F.);
#687=ORIENTED_EDGE('',*,*,#697,.F.);
#688=ORIENTED_EDGE('',*,*,#759,.F.);
#689=ORIENTED_EDGE('',*,*,#705,.F.);
#690=ORIENTED_EDGE('',*,*,#779,.F.);
#691=ORIENTED_EDGE('',*,*,#775,.F.);
#692=ORIENTED_EDGE('',*,*,#900,.F.);
#693=ORIENTED_EDGE('',*,*,#701,.F.);
#694=EDGE_CURVE('',#902,#903,#1040,.F.);
#695=EDGE_CURVE('',#903,#904,#62,.T.);
#696=EDGE_CURVE('',#905,#904,#1041,.T.);
#697=EDGE_CURVE('',#905,#902,#63,.F.);
#698=EDGE_CURVE('',#906,#907,#1042,.F.);
#699=EDGE_CURVE('',#907,#908,#64,.F.);
#700=EDGE_CURVE('',#909,#908,#1043,.T.);
#701=EDGE_CURVE('',#909,#910,#65,.T.);
#702=EDGE_CURVE('',#910,#911,#1044,.F.);
#703=EDGE_CURVE('',#912,#911,#66,.F.);
#704=EDGE_CURVE('',#913,#912,#1045,.F.);
#705=EDGE_CURVE('',#913,#914,#67,.T.);
#706=EDGE_CURVE('',#914,#915,#1046,.T.);
#707=EDGE_CURVE('',#916,#915,#68,.T.);
#708=EDGE_CURVE('',#916,#917,#1047,.T.);
#709=EDGE_CURVE('',#917,#918,#69,.F.);
#710=EDGE_CURVE('',#918,#919,#1048,.T.);
#711=EDGE_CURVE('',#919,#920,#70,.T.);
#712=EDGE_CURVE('',#920,#921,#1049,.T.);
#713=EDGE_CURVE('',#921,#922,#71,.T.);
#714=EDGE_CURVE('',#922,#923,#1050,.T.);
#715=EDGE_CURVE('',#924,#923,#72,.T.);
#716=EDGE_CURVE('',#924,#925,#1051,.T.);
#717=EDGE_CURVE('',#925,#926,#73,.F.);
#718=EDGE_CURVE('',#926,#927,#1052,.T.);
#719=EDGE_CURVE('',#927,#928,#74,.T.);
#720=EDGE_CURVE('',#928,#929,#1053,.T.);
#721=EDGE_CURVE('',#929,#930,#75,.T.);
#722=EDGE_CURVE('',#930,#931,#1054,.T.);
#723=EDGE_CURVE('',#931,#932,#76,.F.);
#724=EDGE_CURVE('',#933,#932,#1055,.F.);
#725=EDGE_CURVE('',#933,#906,#77,.F.);
#726=EDGE_CURVE('',#934,#935,#78,.T.);
#727=EDGE_CURVE('',#935,#936,#79,.T.);
#728=EDGE_CURVE('',#936,#937,#80,.F.);
#729=EDGE_CURVE('',#937,#934,#81,.F.);
#730=EDGE_CURVE('',#938,#939,#82,.T.);
#731=EDGE_CURVE('',#939,#940,#83,.T.);
#732=EDGE_CURVE('',#941,#940,#84,.T.);
#733=EDGE_CURVE('',#938,#941,#85,.T.);
#734=EDGE_CURVE('',#942,#943,#86,.F.);
#735=EDGE_CURVE('',#943,#944,#87,.F.);
#736=EDGE_CURVE('',#944,#945,#88,.T.);
#737=EDGE_CURVE('',#945,#942,#89,.T.);
#738=EDGE_CURVE('',#946,#946,#1056,.T.);
#739=EDGE_CURVE('',#947,#947,#1057,.T.);
#740=EDGE_CURVE('',#948,#948,#1058,.T.);
#741=EDGE_CURVE('',#949,#949,#1059,.T.);
#742=EDGE_CURVE('',#950,#951,#90,.T.);
#743=EDGE_CURVE('',#950,#952,#91,.F.);
#744=EDGE_CURVE('',#953,#952,#92,.T.);
#745=EDGE_CURVE('',#953,#951,#93,.T.);
#746=EDGE_CURVE('',#954,#955,#94,.T.);
#747=EDGE_CURVE('',#955,#956,#95,.F.);
#748=EDGE_CURVE('',#956,#957,#96,.T.);
#749=EDGE_CURVE('',#957,#954,#97,.T.);
#750=EDGE_CURVE('',#958,#958,#1060,.T.);
#751=EDGE_CURVE('',#959,#960,#98,.T.);
#752=EDGE_CURVE('',#959,#961,#99,.T.);
#753=EDGE_CURVE('',#961,#962,#100,.T.);
#754=EDGE_CURVE('',#962,#960,#101,.T.);
#755=EDGE_CURVE('',#963,#963,#1061,.T.);
#756=EDGE_CURVE('',#930,#964,#102,.T.);
#757=EDGE_CURVE('',#964,#965,#103,.T.);
#758=EDGE_CURVE('',#915,#965,#104,.T.);
#759=EDGE_CURVE('',#914,#905,#1062,.F.);
#760=EDGE_CURVE('',#904,#931,#1063,.F.);
#761=EDGE_CURVE('',#966,#967,#105,.T.);
#762=EDGE_CURVE('',#967,#923,#106,.T.);
#763=EDGE_CURVE('',#966,#922,#107,.T.);
#764=EDGE_CURVE('',#968,#969,#108,.T.);
#765=EDGE_CURVE('',#969,#970,#109,.T.);
#766=EDGE_CURVE('',#970,#971,#110,.F.);
#767=EDGE_CURVE('',#971,#968,#111,.F.);
#768=EDGE_CURVE('',#972,#973,#112,.T.);
#769=EDGE_CURVE('',#973,#974,#113,.T.);
#770=EDGE_CURVE('',#975,#974,#114,.T.);
#771=EDGE_CURVE('',#975,#972,#115,.F.);
#772=EDGE_CURVE('',#976,#977,#1064,.T.);
#773=EDGE_CURVE('',#977,#978,#116,.T.);
#774=EDGE_CURVE('',#979,#978,#1065,.F.);
#775=EDGE_CURVE('',#979,#976,#117,.F.);
#776=EDGE_CURVE('',#980,#980,#1066,.T.);
#777=EDGE_CURVE('',#981,#981,#1067,.T.);
#778=EDGE_CURVE('',#908,#977,#1068,.T.);
#779=EDGE_CURVE('',#976,#909,#1069,.T.);
#780=EDGE_CURVE('',#982,#982,#1070,.T.);
#781=EDGE_CURVE('',#983,#983,#1071,.T.);
#782=EDGE_CURVE('',#984,#984,#1072,.T.);
#783=EDGE_CURVE('',#985,#985,#1073,.T.);
#784=EDGE_CURVE('',#986,#986,#1074,.T.);
#785=EDGE_CURVE('',#987,#987,#1075,.T.);
#786=EDGE_CURVE('',#988,#989,#118,.T.);
#787=EDGE_CURVE('',#989,#969,#20,.T.);
#788=EDGE_CURVE('',#968,#990,#21,.T.);
#789=EDGE_CURVE('',#991,#990,#119,.T.);
#790=EDGE_CURVE('',#991,#975,#22,.T.);
#791=EDGE_CURVE('',#974,#988,#23,.T.);
#792=EDGE_CURVE('',#928,#992,#1076,.T.);
#793=EDGE_CURVE('',#992,#993,#120,.T.);
#794=EDGE_CURVE('',#993,#994,#1077,.F.);
#795=EDGE_CURVE('',#994,#957,#1078,.F.);
#796=EDGE_CURVE('',#956,#995,#1079,.F.);
#797=EDGE_CURVE('',#995,#996,#1080,.F.);
#798=EDGE_CURVE('',#997,#996,#121,.T.);
#799=EDGE_CURVE('',#997,#925,#1081,.T.);
#800=EDGE_CURVE('',#998,#924,#122,.T.);
#801=EDGE_CURVE('',#999,#998,#123,.T.);
#802=EDGE_CURVE('',#921,#999,#124,.T.);
#803=EDGE_CURVE('',#920,#1000,#1082,.T.);
#804=EDGE_CURVE('',#1000,#1001,#125,.T.);
#805=EDGE_CURVE('',#1001,#1002,#1083,.F.);
#806=EDGE_CURVE('',#1002,#953,#1084,.F.);
#807=EDGE_CURVE('',#952,#1003,#1085,.F.);
#808=EDGE_CURVE('',#1003,#1004,#1086,.F.);
#809=EDGE_CURVE('',#1005,#1004,#126,.T.);
#810=EDGE_CURVE('',#1005,#917,#1087,.T.);
#811=EDGE_CURVE('',#916,#1006,#127,.T.);
#812=EDGE_CURVE('',#1007,#1006,#128,.T.);
#813=EDGE_CURVE('',#929,#1007,#129,.T.);
#814=EDGE_CURVE('',#959,#966,#130,.T.);
#815=EDGE_CURVE('',#960,#967,#131,.T.);
#816=EDGE_CURVE('',#999,#961,#132,.T.);
#817=EDGE_CURVE('',#998,#962,#133,.T.);
#818=EDGE_CURVE('',#1008,#1008,#1088,.T.);
#819=EDGE_CURVE('',#1009,#1009,#1089,.T.);
#820=EDGE_CURVE('',#992,#1010,#134,.F.);
#821=EDGE_CURVE('',#1010,#1011,#135,.T.);
#822=EDGE_CURVE('',#1011,#993,#136,.F.);
#823=EDGE_CURVE('',#1012,#1013,#137,.T.);
#824=EDGE_CURVE('',#1012,#1005,#138,.F.);
#825=EDGE_CURVE('',#1004,#1013,#139,.T.);
#826=EDGE_CURVE('',#1006,#965,#140,.T.);
#827=EDGE_CURVE('',#1007,#964,#141,.T.);
#828=EDGE_CURVE('',#1014,#1015,#142,.T.);
#829=EDGE_CURVE('',#1014,#997,#143,.F.);
#830=EDGE_CURVE('',#996,#1015,#144,.T.);
#831=EDGE_CURVE('',#1000,#1016,#145,.F.);
#832=EDGE_CURVE('',#1016,#1017,#146,.T.);
#833=EDGE_CURVE('',#1017,#1001,#147,.F.);
#834=EDGE_CURVE('',#918,#1012,#1090,.F.);
#835=EDGE_CURVE('',#1013,#1018,#1091,.T.);
#836=EDGE_CURVE('',#1018,#950,#1092,.T.);
#837=EDGE_CURVE('',#951,#1019,#1093,.T.);
#838=EDGE_CURVE('',#1019,#1017,#1094,.T.);
#839=EDGE_CURVE('',#1016,#919,#1095,.F.);
#840=EDGE_CURVE('',#926,#1014,#1096,.F.);
#841=EDGE_CURVE('',#1015,#1020,#1097,.T.);
#842=EDGE_CURVE('',#1020,#955,#1098,.T.);
#843=EDGE_CURVE('',#954,#1021,#1099,.T.);
#844=EDGE_CURVE('',#1021,#1011,#1100,.T.);
#845=EDGE_CURVE('',#1010,#927,#1101,.F.);
#846=EDGE_CURVE('',#995,#1020,#148,.T.);
#847=EDGE_CURVE('',#994,#1021,#149,.F.);
#848=EDGE_CURVE('',#1003,#1018,#150,.F.);
#849=EDGE_CURVE('',#1019,#1002,#151,.T.);
#850=EDGE_CURVE('',#1022,#1022,#1102,.T.);
#851=EDGE_CURVE('',#1023,#1023,#1103,.T.);
#852=EDGE_CURVE('',#1024,#1024,#1104,.T.);
#853=EDGE_CURVE('',#1025,#1025,#1105,.T.);
#854=EDGE_CURVE('',#1026,#1026,#1106,.T.);
#855=EDGE_CURVE('',#1027,#1027,#1107,.T.);
#856=EDGE_CURVE('',#1028,#1029,#152,.T.);
#857=EDGE_CURVE('',#1029,#1030,#153,.T.);
#858=EDGE_CURVE('',#1030,#1031,#154,.F.);
#859=EDGE_CURVE('',#1031,#1028,#155,.F.);
#860=EDGE_CURVE('',#990,#1032,#156,.F.);
#861=EDGE_CURVE('',#1032,#1033,#157,.F.);
#862=EDGE_CURVE('',#1033,#1034,#158,.F.);
#863=EDGE_CURVE('',#1034,#1035,#159,.F.);
#864=EDGE_CURVE('',#1035,#991,#160,.F.);
#865=EDGE_CURVE('',#1036,#1037,#161,.F.);
#866=EDGE_CURVE('',#1037,#989,#162,.F.);
#867=EDGE_CURVE('',#988,#1038,#163,.F.);
#868=EDGE_CURVE('',#1038,#1039,#164,.F.);
#869=EDGE_CURVE('',#1039,#1036,#165,.F.);
#870=EDGE_CURVE('',#972,#1035,#1108,.T.);
#871=EDGE_CURVE('',#972,#1031,#1109,.F.);
#872=EDGE_CURVE('',#1031,#1035,#1110,.F.);
#873=EDGE_CURVE('',#1028,#1034,#1111,.T.);
#874=EDGE_CURVE('',#973,#1030,#1112,.T.);
#875=EDGE_CURVE('',#1038,#973,#1113,.T.);
#876=EDGE_CURVE('',#1028,#943,#1114,.F.);
#877=EDGE_CURVE('',#943,#1034,#1115,.F.);
#878=EDGE_CURVE('',#1038,#1030,#1116,.F.);
#879=EDGE_CURVE('',#944,#1033,#1117,.T.);
#880=EDGE_CURVE('',#1029,#942,#1118,.T.);
#881=EDGE_CURVE('',#1039,#1029,#1119,.T.);
#882=EDGE_CURVE('',#944,#937,#1120,.F.);
#883=EDGE_CURVE('',#937,#1033,#1121,.F.);
#884=EDGE_CURVE('',#1039,#942,#1122,.F.);
#885=EDGE_CURVE('',#1032,#971,#1123,.T.);
#886=EDGE_CURVE('',#934,#1032,#1124,.T.);
#887=EDGE_CURVE('',#945,#936,#1125,.T.);
#888=EDGE_CURVE('',#1036,#945,#1126,.T.);
#889=EDGE_CURVE('',#934,#971,#1127,.F.);
#890=EDGE_CURVE('',#1036,#936,#1128,.F.);
#891=EDGE_CURVE('',#935,#970,#1129,.T.);
#892=EDGE_CURVE('',#1037,#935,#1130,.T.);
#893=EDGE_CURVE('',#1037,#970,#1131,.F.);
#894=EDGE_CURVE('',#902,#913,#1132,.F.);
#895=EDGE_CURVE('',#912,#939,#166,.T.);
#896=EDGE_CURVE('',#933,#938,#167,.T.);
#897=EDGE_CURVE('',#932,#903,#1133,.F.);
#898=EDGE_CURVE('',#906,#941,#168,.T.);
#899=EDGE_CURVE('',#911,#940,#169,.T.);
#900=EDGE_CURVE('',#910,#979,#1134,.T.);
#901=EDGE_CURVE('',#978,#907,#1135,.T.);
#902=VERTEX_POINT('',#2202);
#903=VERTEX_POINT('',#2203);
#904=VERTEX_POINT('',#2205);
#905=VERTEX_POINT('',#2207);
#906=VERTEX_POINT('',#2211);
#907=VERTEX_POINT('',#2212);
#908=VERTEX_POINT('',#2214);
#909=VERTEX_POINT('',#2216);
#910=VERTEX_POINT('',#2218);
#911=VERTEX_POINT('',#2220);
#912=VERTEX_POINT('',#2222);
#913=VERTEX_POINT('',#2224);
#914=VERTEX_POINT('',#2226);
#915=VERTEX_POINT('',#2228);
#916=VERTEX_POINT('',#2230);
#917=VERTEX_POINT('',#2232);
#918=VERTEX_POINT('',#2234);
#919=VERTEX_POINT('',#2236);
#920=VERTEX_POINT('',#2238);
#921=VERTEX_POINT('',#2240);
#922=VERTEX_POINT('',#2242);
#923=VERTEX_POINT('',#2244);
#924=VERTEX_POINT('',#2246);
#925=VERTEX_POINT('',#2248);
#926=VERTEX_POINT('',#2250);
#927=VERTEX_POINT('',#2252);
#928=VERTEX_POINT('',#2254);
#929=VERTEX_POINT('',#2256);
#930=VERTEX_POINT('',#2258);
#931=VERTEX_POINT('',#2260);
#932=VERTEX_POINT('',#2262);
#933=VERTEX_POINT('',#2264);
#934=VERTEX_POINT('',#2268);
#935=VERTEX_POINT('',#2269);
#936=VERTEX_POINT('',#2271);
#937=VERTEX_POINT('',#2273);
#938=VERTEX_POINT('',#2276);
#939=VERTEX_POINT('',#2277);
#940=VERTEX_POINT('',#2279);
#941=VERTEX_POINT('',#2281);
#942=VERTEX_POINT('',#2285);
#943=VERTEX_POINT('',#2286);
#944=VERTEX_POINT('',#2288);
#945=VERTEX_POINT('',#2290);
#946=VERTEX_POINT('',#2293);
#947=VERTEX_POINT('',#2295);
#948=VERTEX_POINT('',#2297);
#949=VERTEX_POINT('',#2299);
#950=VERTEX_POINT('',#2302);
#951=VERTEX_POINT('',#2303);
#952=VERTEX_POINT('',#2305);
#953=VERTEX_POINT('',#2307);
#954=VERTEX_POINT('',#2311);
#955=VERTEX_POINT('',#2312);
#956=VERTEX_POINT('',#2314);
#957=VERTEX_POINT('',#2316);
#958=VERTEX_POINT('',#2320);
#959=VERTEX_POINT('',#2322);
#960=VERTEX_POINT('',#2323);
#961=VERTEX_POINT('',#2325);
#962=VERTEX_POINT('',#2327);
#963=VERTEX_POINT('',#2331);
#964=VERTEX_POINT('',#2333);
#965=VERTEX_POINT('',#2335);
#966=VERTEX_POINT('',#2341);
#967=VERTEX_POINT('',#2342);
#968=VERTEX_POINT('',#2347);
#969=VERTEX_POINT('',#2348);
#970=VERTEX_POINT('',#2350);
#971=VERTEX_POINT('',#2352);
#972=VERTEX_POINT('',#2356);
#973=VERTEX_POINT('',#2357);
#974=VERTEX_POINT('',#2359);
#975=VERTEX_POINT('',#2361);
#976=VERTEX_POINT('',#2365);
#977=VERTEX_POINT('',#2366);
#978=VERTEX_POINT('',#2368);
#979=VERTEX_POINT('',#2370);
#980=VERTEX_POINT('',#2374);
#981=VERTEX_POINT('',#2376);
#982=VERTEX_POINT('',#2381);
#983=VERTEX_POINT('',#2383);
#984=VERTEX_POINT('',#2385);
#985=VERTEX_POINT('',#2387);
#986=VERTEX_POINT('',#2395);
#987=VERTEX_POINT('',#2397);
#988=VERTEX_POINT('',#2399);
#989=VERTEX_POINT('',#2400);
#990=VERTEX_POINT('',#2403);
#991=VERTEX_POINT('',#2405);
#992=VERTEX_POINT('',#2409);
#993=VERTEX_POINT('',#2411);
#994=VERTEX_POINT('',#2413);
#995=VERTEX_POINT('',#2416);
#996=VERTEX_POINT('',#2418);
#997=VERTEX_POINT('',#2420);
#998=VERTEX_POINT('',#2423);
#999=VERTEX_POINT('',#2425);
#1000=VERTEX_POINT('',#2428);
#1001=VERTEX_POINT('',#2430);
#1002=VERTEX_POINT('',#2432);
#1003=VERTEX_POINT('',#2435);
#1004=VERTEX_POINT('',#2437);
#1005=VERTEX_POINT('',#2439);
#1006=VERTEX_POINT('',#2442);
#1007=VERTEX_POINT('',#2444);
#1008=VERTEX_POINT('',#2455);
#1009=VERTEX_POINT('',#2459);
#1010=VERTEX_POINT('',#2463);
#1011=VERTEX_POINT('',#2465);
#1012=VERTEX_POINT('',#2469);
#1013=VERTEX_POINT('',#2470);
#1014=VERTEX_POINT('',#2480);
#1015=VERTEX_POINT('',#2481);
#1016=VERTEX_POINT('',#2487);
#1017=VERTEX_POINT('',#2489);
#1018=VERTEX_POINT('',#2494);
#1019=VERTEX_POINT('',#2497);
#1020=VERTEX_POINT('',#2503);
#1021=VERTEX_POINT('',#2506);
#1022=VERTEX_POINT('',#2523);
#1023=VERTEX_POINT('',#2526);
#1024=VERTEX_POINT('',#2529);
#1025=VERTEX_POINT('',#2532);
#1026=VERTEX_POINT('',#2535);
#1027=VERTEX_POINT('',#2539);
#1028=VERTEX_POINT('',#2543);
#1029=VERTEX_POINT('',#2544);
#1030=VERTEX_POINT('',#2546);
#1031=VERTEX_POINT('',#2548);
#1032=VERTEX_POINT('',#2556);
#1033=VERTEX_POINT('',#2558);
#1034=VERTEX_POINT('',#2560);
#1035=VERTEX_POINT('',#2562);
#1036=VERTEX_POINT('',#2566);
#1037=VERTEX_POINT('',#2567);
#1038=VERTEX_POINT('',#2570);
#1039=VERTEX_POINT('',#2572);
#1040=CIRCLE('',#1520,0.0025);
#1041=CIRCLE('',#1521,0.0025);
#1042=CIRCLE('',#1523,0.0095);
#1043=CIRCLE('',#1524,0.0095);
#1044=CIRCLE('',#1525,0.0095);
#1045=CIRCLE('',#1526,0.0095);
#1046=CIRCLE('',#1527,0.0095);
#1047=CIRCLE('',#1528,0.0095);
#1048=CIRCLE('',#1529,0.0095);
#1049=CIRCLE('',#1530,0.0095);
#1050=CIRCLE('',#1531,0.0095);
#1051=CIRCLE('',#1532,0.0095);
#1052=CIRCLE('',#1533,0.0095);
#1053=CIRCLE('',#1534,0.0095);
#1054=CIRCLE('',#1535,0.0095);
#1055=CIRCLE('',#1536,0.0095);
#1056=CIRCLE('',#1539,0.001);
#1057=CIRCLE('',#1540,0.001);
#1058=CIRCLE('',#1541,0.001);
#1059=CIRCLE('',#1542,0.001);
#1060=CIRCLE('',#1546,0.001);
#1061=CIRCLE('',#1548,0.001);
#1062=CIRCLE('',#1549,0.001225);
#1063=CIRCLE('',#1550,0.001225);
#1064=CIRCLE('',#1555,0.0025);
#1065=CIRCLE('',#1556,0.0025);
#1066=CIRCLE('',#1558,0.004);
#1067=CIRCLE('',#1559,0.004);
#1068=CIRCLE('',#1561,0.001225);
#1069=CIRCLE('',#1562,0.001225);
#1070=CIRCLE('',#1563,0.001);
#1071=CIRCLE('',#1564,0.001);
#1072=CIRCLE('',#1565,0.001);
#1073=CIRCLE('',#1566,0.001);
#1074=CIRCLE('',#1573,0.004);
#1075=CIRCLE('',#1574,0.004);
#1076=CIRCLE('',#1579,0.001225);
#1077=CIRCLE('',#1580,0.0027);
#1078=CIRCLE('',#1581,0.0027);
#1079=CIRCLE('',#1582,0.0027);
#1080=CIRCLE('',#1583,0.0027);
#1081=CIRCLE('',#1584,0.001225);
#1082=CIRCLE('',#1585,0.001225);
#1083=CIRCLE('',#1586,0.0027);
#1084=CIRCLE('',#1587,0.0027);
#1085=CIRCLE('',#1588,0.0027);
#1086=CIRCLE('',#1589,0.0027);
#1087=CIRCLE('',#1590,0.001225);
#1088=CIRCLE('',#1595,0.001);
#1089=CIRCLE('',#1598,0.001);
#1090=CIRCLE('',#1609,0.001225);
#1091=CIRCLE('',#1610,0.0027);
#1092=CIRCLE('',#1611,0.0027);
#1093=CIRCLE('',#1612,0.0027);
#1094=CIRCLE('',#1613,0.0027);
#1095=CIRCLE('',#1614,0.001225);
#1096=CIRCLE('',#1616,0.001225);
#1097=CIRCLE('',#1617,0.0027);
#1098=CIRCLE('',#1618,0.0027);
#1099=CIRCLE('',#1619,0.0027);
#1100=CIRCLE('',#1620,0.0027);
#1101=CIRCLE('',#1621,0.001225);
#1102=CIRCLE('',#1631,0.004);
#1103=CIRCLE('',#1633,0.0023);
#1104=CIRCLE('',#1635,0.004);
#1105=CIRCLE('',#1637,0.0023);
#1106=CIRCLE('',#1639,0.0023);
#1107=CIRCLE('',#1642,0.0023);
#1108=CIRCLE('',#1652,0.0015);
#1109=CIRCLE('',#1654,0.0015);
#1110=CIRCLE('',#1655,0.0015);
#1111=CIRCLE('',#1657,0.0015);
#1112=CIRCLE('',#1659,0.0015);
#1113=CIRCLE('',#1661,0.0015);
#1114=CIRCLE('',#1663,0.0015);
#1115=CIRCLE('',#1664,0.0015);
#1116=CIRCLE('',#1666,0.0015);
#1117=CIRCLE('',#1668,0.0015);
#1118=CIRCLE('',#1670,0.0015);
#1119=CIRCLE('',#1672,0.0015);
#1120=CIRCLE('',#1674,0.0015);
#1121=CIRCLE('',#1675,0.0015);
#1122=CIRCLE('',#1677,0.0015);
#1123=CIRCLE('',#1679,0.0015);
#1124=CIRCLE('',#1681,0.0015);
#1125=CIRCLE('',#1683,0.0015);
#1126=CIRCLE('',#1685,0.0015);
#1127=CIRCLE('',#1687,0.0015);
#1128=CIRCLE('',#1689,0.0015);
#1129=CIRCLE('',#1691,0.0015);
#1130=CIRCLE('',#1693,0.0015);
#1131=CIRCLE('',#1695,0.0015);
#1132=CIRCLE('',#1698,0.001225);
#1133=CIRCLE('',#1699,0.001225);
#1134=CIRCLE('',#1702,0.001225);
#1135=CIRCLE('',#1703,0.001225);
#1136=EDGE_LOOP('',(#278,#279,#280,#281));
#1137=EDGE_LOOP('',(#282,#283,#284,#285,#286,#287,#288,#289,#290,#291,#292,
#293,#294,#295,#296,#297,#298,#299,#300,#301,#302,#303,#304,#305,#306,#307,
#308,#309));
#1138=EDGE_LOOP('',(#310,#311,#312,#313));
#1139=EDGE_LOOP('',(#314,#315,#316,#317));
#1140=EDGE_LOOP('',(#318,#319,#320,#321));
#1141=EDGE_LOOP('',(#322));
#1142=EDGE_LOOP('',(#323));
#1143=EDGE_LOOP('',(#324));
#1144=EDGE_LOOP('',(#325));
#1145=EDGE_LOOP('',(#326,#327,#328,#329));
#1146=EDGE_LOOP('',(#330,#331,#332,#333));
#1147=EDGE_LOOP('',(#334));
#1148=EDGE_LOOP('',(#335,#336,#337,#338));
#1149=EDGE_LOOP('',(#339));
#1150=EDGE_LOOP('',(#340,#341,#342,#343,#344,#345,#346,#347));
#1151=EDGE_LOOP('',(#348,#349,#350,#351));
#1152=EDGE_LOOP('',(#352,#353,#354,#355));
#1153=EDGE_LOOP('',(#356,#357,#358,#359));
#1154=EDGE_LOOP('',(#360,#361,#362,#363));
#1155=EDGE_LOOP('',(#364));
#1156=EDGE_LOOP('',(#365));
#1157=EDGE_LOOP('',(#366,#367,#368,#369));
#1158=EDGE_LOOP('',(#370));
#1159=EDGE_LOOP('',(#371));
#1160=EDGE_LOOP('',(#372));
#1161=EDGE_LOOP('',(#373));
#1162=EDGE_LOOP('',(#374));
#1163=EDGE_LOOP('',(#375));
#1164=EDGE_LOOP('',(#376));
#1165=EDGE_LOOP('',(#377));
#1166=EDGE_LOOP('',(#378));
#1167=EDGE_LOOP('',(#379));
#1168=EDGE_LOOP('',(#380));
#1169=EDGE_LOOP('',(#381));
#1170=EDGE_LOOP('',(#382));
#1171=EDGE_LOOP('',(#383));
#1172=EDGE_LOOP('',(#384));
#1173=EDGE_LOOP('',(#385));
#1174=EDGE_LOOP('',(#386,#387,#388,#389,#390,#391,#392,#393));
#1175=EDGE_LOOP('',(#394,#395,#396,#397,#398,#399,#400,#401,#402,#403,#404,
#405,#406,#407,#408,#409,#410,#411,#412,#413,#414,#415,#416,#417,#418,#419,
#420,#421));
#1176=EDGE_LOOP('',(#422,#423,#424,#425));
#1177=EDGE_LOOP('',(#426,#427,#428,#429,#430,#431));
#1178=EDGE_LOOP('',(#432,#433,#434,#435,#436,#437));
#1179=EDGE_LOOP('',(#438));
#1180=EDGE_LOOP('',(#439));
#1181=EDGE_LOOP('',(#440));
#1182=EDGE_LOOP('',(#441));
#1183=EDGE_LOOP('',(#442));
#1184=EDGE_LOOP('',(#443));
#1185=EDGE_LOOP('',(#444,#445,#446,#447));
#1186=EDGE_LOOP('',(#448,#449,#450,#451));
#1187=EDGE_LOOP('',(#452,#453,#454,#455));
#1188=EDGE_LOOP('',(#456,#457,#458,#459));
#1189=EDGE_LOOP('',(#460,#461,#462,#463));
#1190=EDGE_LOOP('',(#464,#465,#466,#467));
#1191=EDGE_LOOP('',(#468,#469,#470,#471));
#1192=EDGE_LOOP('',(#472,#473,#474,#475));
#1193=EDGE_LOOP('',(#476,#477,#478,#479,#480,#481,#482,#483,#484,#485));
#1194=EDGE_LOOP('',(#486,#487,#488,#489,#490,#491,#492,#493,#494,#495));
#1195=EDGE_LOOP('',(#496,#497,#498,#499));
#1196=EDGE_LOOP('',(#500,#501,#502,#503));
#1197=EDGE_LOOP('',(#504,#505,#506,#507));
#1198=EDGE_LOOP('',(#508,#509,#510,#511));
#1199=EDGE_LOOP('',(#512,#513,#514,#515));
#1200=EDGE_LOOP('',(#516,#517,#518,#519));
#1201=EDGE_LOOP('',(#520,#521,#522,#523));
#1202=EDGE_LOOP('',(#524,#525,#526,#527));
#1203=EDGE_LOOP('',(#528));
#1204=EDGE_LOOP('',(#529));
#1205=EDGE_LOOP('',(#530));
#1206=EDGE_LOOP('',(#531));
#1207=EDGE_LOOP('',(#532));
#1208=EDGE_LOOP('',(#533));
#1209=EDGE_LOOP('',(#534));
#1210=EDGE_LOOP('',(#535));
#1211=EDGE_LOOP('',(#536));
#1212=EDGE_LOOP('',(#537));
#1213=EDGE_LOOP('',(#538));
#1214=EDGE_LOOP('',(#539));
#1215=EDGE_LOOP('',(#540));
#1216=EDGE_LOOP('',(#541));
#1217=EDGE_LOOP('',(#542,#543,#544,#545));
#1218=EDGE_LOOP('',(#546,#547,#548,#549));
#1219=EDGE_LOOP('',(#550,#551,#552,#553));
#1220=EDGE_LOOP('',(#554,#555,#556,#557));
#1221=EDGE_LOOP('',(#558,#559,#560,#561));
#1222=EDGE_LOOP('',(#562,#563,#564,#565,#566,#567));
#1223=EDGE_LOOP('',(#568,#569,#570,#571,#572,#573));
#1224=EDGE_LOOP('',(#574,#575,#576,#577));
#1225=EDGE_LOOP('',(#578,#579,#580));
#1226=EDGE_LOOP('',(#581,#582,#583,#584));
#1227=EDGE_LOOP('',(#585,#586,#587,#588));
#1228=EDGE_LOOP('',(#589,#590,#591,#592));
#1229=EDGE_LOOP('',(#593,#594,#595));
#1230=EDGE_LOOP('',(#596,#597,#598));
#1231=EDGE_LOOP('',(#599,#600,#601,#602));
#1232=EDGE_LOOP('',(#603,#604,#605,#606));
#1233=EDGE_LOOP('',(#607,#608,#609,#610));
#1234=EDGE_LOOP('',(#611,#612,#613));
#1235=EDGE_LOOP('',(#614,#615,#616));
#1236=EDGE_LOOP('',(#617,#618,#619,#620));
#1237=EDGE_LOOP('',(#621,#622,#623,#624));
#1238=EDGE_LOOP('',(#625,#626,#627,#628));
#1239=EDGE_LOOP('',(#629,#630,#631,#632));
#1240=EDGE_LOOP('',(#633,#634,#635));
#1241=EDGE_LOOP('',(#636,#637,#638));
#1242=EDGE_LOOP('',(#639,#640,#641,#642));
#1243=EDGE_LOOP('',(#643,#644,#645,#646));
#1244=EDGE_LOOP('',(#647,#648,#649));
#1245=EDGE_LOOP('',(#650,#651,#652,#653));
#1246=EDGE_LOOP('',(#654,#655,#656,#657,#658,#659,#660,#661));
#1247=EDGE_LOOP('',(#662,#663,#664,#665));
#1248=EDGE_LOOP('',(#666,#667,#668,#669,#670,#671,#672,#673));
#1249=EDGE_LOOP('',(#674,#675,#676,#677));
#1250=EDGE_LOOP('',(#678,#679,#680,#681));
#1251=EDGE_LOOP('',(#682,#683,#684,#685));
#1252=EDGE_LOOP('',(#686,#687,#688,#689));
#1253=EDGE_LOOP('',(#690,#691,#692,#693));
#1254=FACE_BOUND('',#1136,.T.);
#1255=FACE_BOUND('',#1137,.T.);
#1256=FACE_BOUND('',#1138,.T.);
#1257=FACE_BOUND('',#1139,.T.);
#1258=FACE_BOUND('',#1140,.T.);
#1259=FACE_BOUND('',#1141,.T.);
#1260=FACE_BOUND('',#1142,.T.);
#1261=FACE_BOUND('',#1143,.T.);
#1262=FACE_BOUND('',#1144,.T.);
#1263=FACE_BOUND('',#1145,.T.);
#1264=FACE_BOUND('',#1146,.T.);
#1265=FACE_BOUND('',#1147,.T.);
#1266=FACE_BOUND('',#1148,.T.);
#1267=FACE_BOUND('',#1149,.T.);
#1268=FACE_BOUND('',#1150,.T.);
#1269=FACE_BOUND('',#1151,.T.);
#1270=FACE_BOUND('',#1152,.T.);
#1271=FACE_BOUND('',#1153,.T.);
#1272=FACE_BOUND('',#1154,.T.);
#1273=FACE_BOUND('',#1155,.T.);
#1274=FACE_BOUND('',#1156,.T.);
#1275=FACE_BOUND('',#1157,.T.);
#1276=FACE_BOUND('',#1158,.T.);
#1277=FACE_BOUND('',#1159,.T.);
#1278=FACE_BOUND('',#1160,.T.);
#1279=FACE_BOUND('',#1161,.T.);
#1280=FACE_BOUND('',#1162,.T.);
#1281=FACE_BOUND('',#1163,.T.);
#1282=FACE_BOUND('',#1164,.T.);
#1283=FACE_BOUND('',#1165,.T.);
#1284=FACE_BOUND('',#1166,.T.);
#1285=FACE_BOUND('',#1167,.T.);
#1286=FACE_BOUND('',#1168,.T.);
#1287=FACE_BOUND('',#1169,.T.);
#1288=FACE_BOUND('',#1170,.T.);
#1289=FACE_BOUND('',#1171,.T.);
#1290=FACE_BOUND('',#1172,.T.);
#1291=FACE_BOUND('',#1173,.T.);
#1292=FACE_BOUND('',#1174,.T.);
#1293=FACE_BOUND('',#1175,.T.);
#1294=FACE_BOUND('',#1176,.T.);
#1295=FACE_BOUND('',#1177,.T.);
#1296=FACE_BOUND('',#1178,.T.);
#1297=FACE_BOUND('',#1179,.T.);
#1298=FACE_BOUND('',#1180,.T.);
#1299=FACE_BOUND('',#1181,.T.);
#1300=FACE_BOUND('',#1182,.T.);
#1301=FACE_BOUND('',#1183,.T.);
#1302=FACE_BOUND('',#1184,.T.);
#1303=FACE_BOUND('',#1185,.T.);
#1304=FACE_BOUND('',#1186,.T.);
#1305=FACE_BOUND('',#1187,.T.);
#1306=FACE_BOUND('',#1188,.T.);
#1307=FACE_BOUND('',#1189,.T.);
#1308=FACE_BOUND('',#1190,.T.);
#1309=FACE_BOUND('',#1191,.T.);
#1310=FACE_BOUND('',#1192,.T.);
#1311=FACE_BOUND('',#1193,.T.);
#1312=FACE_BOUND('',#1194,.T.);
#1313=FACE_BOUND('',#1195,.T.);
#1314=FACE_BOUND('',#1196,.T.);
#1315=FACE_BOUND('',#1197,.T.);
#1316=FACE_BOUND('',#1198,.T.);
#1317=FACE_BOUND('',#1199,.T.);
#1318=FACE_BOUND('',#1200,.T.);
#1319=FACE_BOUND('',#1201,.T.);
#1320=FACE_BOUND('',#1202,.T.);
#1321=FACE_BOUND('',#1203,.T.);
#1322=FACE_BOUND('',#1204,.T.);
#1323=FACE_BOUND('',#1205,.T.);
#1324=FACE_BOUND('',#1206,.T.);
#1325=FACE_BOUND('',#1207,.T.);
#1326=FACE_BOUND('',#1208,.T.);
#1327=FACE_BOUND('',#1209,.T.);
#1328=FACE_BOUND('',#1210,.T.);
#1329=FACE_BOUND('',#1211,.T.);
#1330=FACE_BOUND('',#1212,.T.);
#1331=FACE_BOUND('',#1213,.T.);
#1332=FACE_BOUND('',#1214,.T.);
#1333=FACE_BOUND('',#1215,.T.);
#1334=FACE_BOUND('',#1216,.T.);
#1335=FACE_BOUND('',#1217,.T.);
#1336=FACE_BOUND('',#1218,.T.);
#1337=FACE_BOUND('',#1219,.T.);
#1338=FACE_BOUND('',#1220,.T.);
#1339=FACE_BOUND('',#1221,.T.);
#1340=FACE_BOUND('',#1222,.T.);
#1341=FACE_BOUND('',#1223,.T.);
#1342=FACE_BOUND('',#1224,.T.);
#1343=FACE_BOUND('',#1225,.T.);
#1344=FACE_BOUND('',#1226,.T.);
#1345=FACE_BOUND('',#1227,.T.);
#1346=FACE_BOUND('',#1228,.T.);
#1347=FACE_BOUND('',#1229,.T.);
#1348=FACE_BOUND('',#1230,.T.);
#1349=FACE_BOUND('',#1231,.T.);
#1350=FACE_BOUND('',#1232,.T.);
#1351=FACE_BOUND('',#1233,.T.);
#1352=FACE_BOUND('',#1234,.T.);
#1353=FACE_BOUND('',#1235,.T.);
#1354=FACE_BOUND('',#1236,.T.);
#1355=FACE_BOUND('',#1237,.T.);
#1356=FACE_BOUND('',#1238,.T.);
#1357=FACE_BOUND('',#1239,.T.);
#1358=FACE_BOUND('',#1240,.T.);
#1359=FACE_BOUND('',#1241,.T.);
#1360=FACE_BOUND('',#1242,.T.);
#1361=FACE_BOUND('',#1243,.T.);
#1362=FACE_BOUND('',#1244,.T.);
#1363=FACE_BOUND('',#1245,.T.);
#1364=FACE_BOUND('',#1246,.T.);
#1365=FACE_BOUND('',#1247,.T.);
#1366=FACE_BOUND('',#1248,.T.);
#1367=FACE_BOUND('',#1249,.T.);
#1368=FACE_BOUND('',#1250,.T.);
#1369=FACE_BOUND('',#1251,.T.);
#1370=FACE_BOUND('',#1252,.T.);
#1371=FACE_BOUND('',#1253,.T.);
#1372=CYLINDRICAL_SURFACE('',#1519,0.0025);
#1373=CYLINDRICAL_SURFACE('',#1522,0.0095);
#1374=CYLINDRICAL_SURFACE('',#1554,0.0025);
#1375=CYLINDRICAL_SURFACE('',#1557,0.004);
#1376=CYLINDRICAL_SURFACE('',#1568,0.001);
#1377=CYLINDRICAL_SURFACE('',#1569,0.001);
#1378=CYLINDRICAL_SURFACE('',#1570,0.001);
#1379=CYLINDRICAL_SURFACE('',#1571,0.001);
#1380=CYLINDRICAL_SURFACE('',#1594,0.001);
#1381=CYLINDRICAL_SURFACE('',#1597,0.001);
#1382=CYLINDRICAL_SURFACE('',#1622,0.0027);
#1383=CYLINDRICAL_SURFACE('',#1623,0.0027);
#1384=CYLINDRICAL_SURFACE('',#1624,0.0027);
#1385=CYLINDRICAL_SURFACE('',#1625,0.0027);
#1386=CYLINDRICAL_SURFACE('',#1626,0.0027);
#1387=CYLINDRICAL_SURFACE('',#1627,0.0027);
#1388=CYLINDRICAL_SURFACE('',#1628,0.0027);
#1389=CYLINDRICAL_SURFACE('',#1629,0.0027);
#1390=CYLINDRICAL_SURFACE('',#1630,0.004);
#1391=CYLINDRICAL_SURFACE('',#1634,0.004);
#1392=CYLINDRICAL_SURFACE('',#1640,0.0023);
#1393=CYLINDRICAL_SURFACE('',#1643,0.0023);
#1394=CYLINDRICAL_SURFACE('',#1645,0.001225);
#1395=CYLINDRICAL_SURFACE('',#1646,0.001225);
#1396=CYLINDRICAL_SURFACE('',#1647,0.001225);
#1397=CYLINDRICAL_SURFACE('',#1648,0.001225);
#1398=CYLINDRICAL_SURFACE('',#1651,0.0015);
#1399=CYLINDRICAL_SURFACE('',#1656,0.0015);
#1400=CYLINDRICAL_SURFACE('',#1658,0.0015);
#1401=CYLINDRICAL_SURFACE('',#1660,0.0015);
#1402=CYLINDRICAL_SURFACE('',#1667,0.0015);
#1403=CYLINDRICAL_SURFACE('',#1669,0.0015);
#1404=CYLINDRICAL_SURFACE('',#1671,0.0015);
#1405=CYLINDRICAL_SURFACE('',#1678,0.0015);
#1406=CYLINDRICAL_SURFACE('',#1680,0.0015);
#1407=CYLINDRICAL_SURFACE('',#1682,0.0015);
#1408=CYLINDRICAL_SURFACE('',#1684,0.0015);
#1409=CYLINDRICAL_SURFACE('',#1690,0.0015);
#1410=CYLINDRICAL_SURFACE('',#1692,0.0015);
#1411=CYLINDRICAL_SURFACE('',#1696,0.0015);
#1412=CYLINDRICAL_SURFACE('',#1705,0.001225);
#1413=CYLINDRICAL_SURFACE('',#1706,0.001225);
#1414=CYLINDRICAL_SURFACE('',#1707,0.001225);
#1415=CYLINDRICAL_SURFACE('',#1708,0.001225);
#1416=ADVANCED_FACE('',(#1254),#1372,.T.);
#1417=ADVANCED_FACE('',(#1255),#1373,.F.);
#1418=ADVANCED_FACE('',(#1256,#1257),#24,.F.);
#1419=ADVANCED_FACE('',(#1258,#1259,#1260,#1261,#1262),#25,.T.);
#1420=ADVANCED_FACE('',(#1263),#26,.F.);
#1421=ADVANCED_FACE('',(#1264),#27,.T.);
#1422=ADVANCED_FACE('',(#1265,#1266),#28,.T.);
#1423=ADVANCED_FACE('',(#1267,#1268),#29,.T.);
#1424=ADVANCED_FACE('',(#1269),#30,.F.);
#1425=ADVANCED_FACE('',(#1270),#31,.T.);
#1426=ADVANCED_FACE('',(#1271),#32,.F.);
#1427=ADVANCED_FACE('',(#1272),#1374,.T.);
#1428=ADVANCED_FACE('',(#1273,#1274),#1375,.T.);
#1429=ADVANCED_FACE('',(#1275,#1276,#1277,#1278,#1279,#1280),#33,.T.);
#1430=ADVANCED_FACE('',(#1281),#34,.F.);
#1431=ADVANCED_FACE('',(#1282,#1283),#1376,.F.);
#1432=ADVANCED_FACE('',(#1284,#1285),#1377,.F.);
#1433=ADVANCED_FACE('',(#1286,#1287),#1378,.F.);
#1434=ADVANCED_FACE('',(#1288,#1289),#1379,.F.);
#1435=ADVANCED_FACE('',(#1290,#1291,#1292,#1293),#35,.T.);
#1436=ADVANCED_FACE('',(#1294),#36,.T.);
#1437=ADVANCED_FACE('',(#1295),#37,.F.);
#1438=ADVANCED_FACE('',(#1296),#38,.T.);
#1439=ADVANCED_FACE('',(#1297,#1298),#1380,.F.);
#1440=ADVANCED_FACE('',(#1299),#39,.T.);
#1441=ADVANCED_FACE('',(#1300,#1301),#1381,.F.);
#1442=ADVANCED_FACE('',(#1302),#40,.T.);
#1443=ADVANCED_FACE('',(#1303),#41,.F.);
#1444=ADVANCED_FACE('',(#1304),#42,.T.);
#1445=ADVANCED_FACE('',(#1305),#43,.F.);
#1446=ADVANCED_FACE('',(#1306),#44,.T.);
#1447=ADVANCED_FACE('',(#1307),#45,.T.);
#1448=ADVANCED_FACE('',(#1308),#46,.T.);
#1449=ADVANCED_FACE('',(#1309),#47,.T.);
#1450=ADVANCED_FACE('',(#1310),#48,.F.);
#1451=ADVANCED_FACE('',(#1311),#49,.T.);
#1452=ADVANCED_FACE('',(#1312),#50,.T.);
#1453=ADVANCED_FACE('',(#1313),#1382,.F.);
#1454=ADVANCED_FACE('',(#1314),#1383,.F.);
#1455=ADVANCED_FACE('',(#1315),#1384,.F.);
#1456=ADVANCED_FACE('',(#1316),#1385,.F.);
#1457=ADVANCED_FACE('',(#1317),#1386,.F.);
#1458=ADVANCED_FACE('',(#1318),#1387,.F.);
#1459=ADVANCED_FACE('',(#1319),#1388,.F.);
#1460=ADVANCED_FACE('',(#1320),#1389,.F.);
#1461=ADVANCED_FACE('',(#1321,#1322),#1390,.F.);
#1462=ADVANCED_FACE('',(#1323,#1324),#51,.T.);
#1463=ADVANCED_FACE('',(#1325,#1326),#1391,.F.);
#1464=ADVANCED_FACE('',(#1327,#1328),#52,.T.);
#1465=ADVANCED_FACE('',(#1329),#53,.T.);
#1466=ADVANCED_FACE('',(#1330,#1331),#1392,.F.);
#1467=ADVANCED_FACE('',(#1332),#54,.T.);
#1468=ADVANCED_FACE('',(#1333,#1334),#1393,.F.);
#1469=ADVANCED_FACE('',(#1335),#55,.F.);
#1470=ADVANCED_FACE('',(#1336),#1394,.T.);
#1471=ADVANCED_FACE('',(#1337),#1395,.T.);
#1472=ADVANCED_FACE('',(#1338),#1396,.T.);
#1473=ADVANCED_FACE('',(#1339),#1397,.T.);
#1474=ADVANCED_FACE('',(#1340),#56,.F.);
#1475=ADVANCED_FACE('',(#1341),#57,.T.);
#1476=ADVANCED_FACE('',(#1342),#1398,.T.);
#1477=ADVANCED_FACE('',(#1343),#12,.T.);
#1478=ADVANCED_FACE('',(#1344),#1399,.T.);
#1479=ADVANCED_FACE('',(#1345),#1400,.T.);
#1480=ADVANCED_FACE('',(#1346),#1401,.T.);
#1481=ADVANCED_FACE('',(#1347),#13,.T.);
#1482=ADVANCED_FACE('',(#1348),#14,.T.);
#1483=ADVANCED_FACE('',(#1349),#1402,.T.);
#1484=ADVANCED_FACE('',(#1350),#1403,.T.);
#1485=ADVANCED_FACE('',(#1351),#1404,.T.);
#1486=ADVANCED_FACE('',(#1352),#15,.T.);
#1487=ADVANCED_FACE('',(#1353),#16,.T.);
#1488=ADVANCED_FACE('',(#1354),#1405,.T.);
#1489=ADVANCED_FACE('',(#1355),#1406,.T.);
#1490=ADVANCED_FACE('',(#1356),#1407,.T.);
#1491=ADVANCED_FACE('',(#1357),#1408,.T.);
#1492=ADVANCED_FACE('',(#1358),#17,.T.);
#1493=ADVANCED_FACE('',(#1359),#18,.T.);
#1494=ADVANCED_FACE('',(#1360),#1409,.T.);
#1495=ADVANCED_FACE('',(#1361),#1410,.T.);
#1496=ADVANCED_FACE('',(#1362),#19,.T.);
#1497=ADVANCED_FACE('',(#1363),#1411,.T.);
#1498=ADVANCED_FACE('',(#1364),#58,.T.);
#1499=ADVANCED_FACE('',(#1365),#59,.F.);
#1500=ADVANCED_FACE('',(#1366),#60,.F.);
#1501=ADVANCED_FACE('',(#1367),#61,.T.);
#1502=ADVANCED_FACE('',(#1368),#1412,.F.);
#1503=ADVANCED_FACE('',(#1369),#1413,.F.);
#1504=ADVANCED_FACE('',(#1370),#1414,.F.);
#1505=ADVANCED_FACE('',(#1371),#1415,.F.);
#1506=CLOSED_SHELL('',(#1416,#1417,#1418,#1419,#1420,#1421,#1422,#1423,
#1424,#1425,#1426,#1427,#1428,#1429,#1430,#1431,#1432,#1433,#1434,#1435,
#1436,#1437,#1438,#1439,#1440,#1441,#1442,#1443,#1444,#1445,#1446,#1447,
#1448,#1449,#1450,#1451,#1452,#1453,#1454,#1455,#1456,#1457,#1458,#1459,
#1460,#1461,#1462,#1463,#1464,#1465,#1466,#1467,#1468,#1469,#1470,#1471,
#1472,#1473,#1474,#1475,#1476,#1477,#1478,#1479,#1480,#1481,#1482,#1483,
#1484,#1485,#1486,#1487,#1488,#1489,#1490,#1491,#1492,#1493,#1494,#1495,
#1496,#1497,#1498,#1499,#1500,#1501,#1502,#1503,#1504,#1505));
#1507=STYLED_ITEM('',(#1508),#1515);
#1508=PRESENTATION_STYLE_ASSIGNMENT((#1509));
#1509=SURFACE_STYLE_USAGE(.BOTH.,#1510);
#1510=SURFACE_SIDE_STYLE('',(#1511));
#1511=SURFACE_STYLE_FILL_AREA(#1512);
#1512=FILL_AREA_STYLE('',(#1513));
#1513=FILL_AREA_STYLE_COLOUR('',#1514);
#1514=COLOUR_RGB('',0.615686274509804,0.811764705882353,0.929411764705882);
#1515=MANIFOLD_SOLID_BREP('Part 1',#1506);
#1516=SHAPE_DEFINITION_REPRESENTATION(#2642,#1517);
#1517=SHAPE_REPRESENTATION('Part 1',(#1518),#2637);
#1518=AXIS2_PLACEMENT_3D('',#2199,#1709,#1710);
#1519=AXIS2_PLACEMENT_3D('',#2200,#1711,#1712);
#1520=AXIS2_PLACEMENT_3D('',#2201,#1713,#1714);
#1521=AXIS2_PLACEMENT_3D('',#2206,#1716,#1717);
#1522=AXIS2_PLACEMENT_3D('',#2209,#1719,#1720);
#1523=AXIS2_PLACEMENT_3D('',#2210,#1721,#1722);
#1524=AXIS2_PLACEMENT_3D('',#2215,#1724,#1725);
#1525=AXIS2_PLACEMENT_3D('',#2219,#1727,#1728);
#1526=AXIS2_PLACEMENT_3D('',#2223,#1730,#1731);
#1527=AXIS2_PLACEMENT_3D('',#2227,#1733,#1734);
#1528=AXIS2_PLACEMENT_3D('',#2231,#1736,#1737);
#1529=AXIS2_PLACEMENT_3D('',#2235,#1739,#1740);
#1530=AXIS2_PLACEMENT_3D('',#2239,#1742,#1743);
#1531=AXIS2_PLACEMENT_3D('',#2243,#1745,#1746);
#1532=AXIS2_PLACEMENT_3D('',#2247,#1748,#1749);
#1533=AXIS2_PLACEMENT_3D('',#2251,#1751,#1752);
#1534=AXIS2_PLACEMENT_3D('',#2255,#1754,#1755);
#1535=AXIS2_PLACEMENT_3D('',#2259,#1757,#1758);
#1536=AXIS2_PLACEMENT_3D('',#2263,#1760,#1761);
#1537=AXIS2_PLACEMENT_3D('',#2266,#1763,#1764);
#1538=AXIS2_PLACEMENT_3D('',#2283,#1773,#1774);
#1539=AXIS2_PLACEMENT_3D('',#2292,#1779,#1780);
#1540=AXIS2_PLACEMENT_3D('',#2294,#1781,#1782);
#1541=AXIS2_PLACEMENT_3D('',#2296,#1783,#1784);
#1542=AXIS2_PLACEMENT_3D('',#2298,#1785,#1786);
#1543=AXIS2_PLACEMENT_3D('',#2300,#1787,#1788);
#1544=AXIS2_PLACEMENT_3D('',#2309,#1793,#1794);
#1545=AXIS2_PLACEMENT_3D('',#2318,#1799,#1800);
#1546=AXIS2_PLACEMENT_3D('',#2319,#1801,#1802);
#1547=AXIS2_PLACEMENT_3D('',#2329,#1807,#1808);
#1548=AXIS2_PLACEMENT_3D('',#2330,#1809,#1810);
#1549=AXIS2_PLACEMENT_3D('',#2337,#1814,#1815);
#1550=AXIS2_PLACEMENT_3D('',#2338,#1816,#1817);
#1551=AXIS2_PLACEMENT_3D('',#2339,#1818,#1819);
#1552=AXIS2_PLACEMENT_3D('',#2345,#1823,#1824);
#1553=AXIS2_PLACEMENT_3D('',#2354,#1829,#1830);
#1554=AXIS2_PLACEMENT_3D('',#2363,#1835,#1836);
#1555=AXIS2_PLACEMENT_3D('',#2364,#1837,#1838);
#1556=AXIS2_PLACEMENT_3D('',#2369,#1840,#1841);
#1557=AXIS2_PLACEMENT_3D('',#2372,#1843,#1844);
#1558=AXIS2_PLACEMENT_3D('',#2373,#1845,#1846);
#1559=AXIS2_PLACEMENT_3D('',#2375,#1847,#1848);
#1560=AXIS2_PLACEMENT_3D('',#2377,#1849,#1850);
#1561=AXIS2_PLACEMENT_3D('',#2378,#1851,#1852);
#1562=AXIS2_PLACEMENT_3D('',#2379,#1853,#1854);
#1563=AXIS2_PLACEMENT_3D('',#2380,#1855,#1856);
#1564=AXIS2_PLACEMENT_3D('',#2382,#1857,#1858);
#1565=AXIS2_PLACEMENT_3D('',#2384,#1859,#1860);
#1566=AXIS2_PLACEMENT_3D('',#2386,#1861,#1862);
#1567=AXIS2_PLACEMENT_3D('',#2388,#1863,#1864);
#1568=AXIS2_PLACEMENT_3D('',#2389,#1865,#1866);
#1569=AXIS2_PLACEMENT_3D('',#2390,#1867,#1868);
#1570=AXIS2_PLACEMENT_3D('',#2391,#1869,#1870);
#1571=AXIS2_PLACEMENT_3D('',#2392,#1871,#1872);
#1572=AXIS2_PLACEMENT_3D('',#2393,#1873,#1874);
#1573=AXIS2_PLACEMENT_3D('',#2394,#1875,#1876);
#1574=AXIS2_PLACEMENT_3D('',#2396,#1877,#1878);
#1575=AXIS2_PLACEMENT_3D('',#2401,#1880,#1881);
#1576=AXIS2_PLACEMENT_3D('',#2402,#1882,#1883);
#1577=AXIS2_PLACEMENT_3D('',#2406,#1885,#1886);
#1578=AXIS2_PLACEMENT_3D('',#2407,#1887,#1888);
#1579=AXIS2_PLACEMENT_3D('',#2408,#1889,#1890);
#1580=AXIS2_PLACEMENT_3D('',#2412,#1892,#1893);
#1581=AXIS2_PLACEMENT_3D('',#2414,#1894,#1895);
#1582=AXIS2_PLACEMENT_3D('',#2415,#1896,#1897);
#1583=AXIS2_PLACEMENT_3D('',#2417,#1898,#1899);
#1584=AXIS2_PLACEMENT_3D('',#2421,#1901,#1902);
#1585=AXIS2_PLACEMENT_3D('',#2427,#1906,#1907);
#1586=AXIS2_PLACEMENT_3D('',#2431,#1909,#1910);
#1587=AXIS2_PLACEMENT_3D('',#2433,#1911,#1912);
#1588=AXIS2_PLACEMENT_3D('',#2434,#1913,#1914);
#1589=AXIS2_PLACEMENT_3D('',#2436,#1915,#1916);
#1590=AXIS2_PLACEMENT_3D('',#2440,#1918,#1919);
#1591=AXIS2_PLACEMENT_3D('',#2446,#1923,#1924);
#1592=AXIS2_PLACEMENT_3D('',#2449,#1927,#1928);
#1593=AXIS2_PLACEMENT_3D('',#2451,#1930,#1931);
#1594=AXIS2_PLACEMENT_3D('',#2453,#1933,#1934);
#1595=AXIS2_PLACEMENT_3D('',#2454,#1935,#1936);
#1596=AXIS2_PLACEMENT_3D('',#2456,#1937,#1938);
#1597=AXIS2_PLACEMENT_3D('',#2457,#1939,#1940);
#1598=AXIS2_PLACEMENT_3D('',#2458,#1941,#1942);
#1599=AXIS2_PLACEMENT_3D('',#2460,#1943,#1944);
#1600=AXIS2_PLACEMENT_3D('',#2461,#1945,#1946);
#1601=AXIS2_PLACEMENT_3D('',#2467,#1950,#1951);
#1602=AXIS2_PLACEMENT_3D('',#2473,#1955,#1956);
#1603=AXIS2_PLACEMENT_3D('',#2475,#1958,#1959);
#1604=AXIS2_PLACEMENT_3D('',#2477,#1961,#1962);
#1605=AXIS2_PLACEMENT_3D('',#2478,#1963,#1964);
#1606=AXIS2_PLACEMENT_3D('',#2484,#1968,#1969);
#1607=AXIS2_PLACEMENT_3D('',#2485,#1970,#1971);
#1608=AXIS2_PLACEMENT_3D('',#2491,#1975,#1976);
#1609=AXIS2_PLACEMENT_3D('',#2492,#1977,#1978);
#1610=AXIS2_PLACEMENT_3D('',#2493,#1979,#1980);
#1611=AXIS2_PLACEMENT_3D('',#2495,#1981,#1982);
#1612=AXIS2_PLACEMENT_3D('',#2496,#1983,#1984);
#1613=AXIS2_PLACEMENT_3D('',#2498,#1985,#1986);
#1614=AXIS2_PLACEMENT_3D('',#2499,#1987,#1988);
#1615=AXIS2_PLACEMENT_3D('',#2500,#1989,#1990);
#1616=AXIS2_PLACEMENT_3D('',#2501,#1991,#1992);
#1617=AXIS2_PLACEMENT_3D('',#2502,#1993,#1994);
#1618=AXIS2_PLACEMENT_3D('',#2504,#1995,#1996);
#1619=AXIS2_PLACEMENT_3D('',#2505,#1997,#1998);
#1620=AXIS2_PLACEMENT_3D('',#2507,#1999,#2000);
#1621=AXIS2_PLACEMENT_3D('',#2508,#2001,#2002);
#1622=AXIS2_PLACEMENT_3D('',#2509,#2003,#2004);
#1623=AXIS2_PLACEMENT_3D('',#2511,#2006,#2007);
#1624=AXIS2_PLACEMENT_3D('',#2512,#2008,#2009);
#1625=AXIS2_PLACEMENT_3D('',#2514,#2011,#2012);
#1626=AXIS2_PLACEMENT_3D('',#2515,#2013,#2014);
#1627=AXIS2_PLACEMENT_3D('',#2517,#2016,#2017);
#1628=AXIS2_PLACEMENT_3D('',#2518,#2018,#2019);
#1629=AXIS2_PLACEMENT_3D('',#2520,#2021,#2022);
#1630=AXIS2_PLACEMENT_3D('',#2521,#2023,#2024);
#1631=AXIS2_PLACEMENT_3D('',#2522,#2025,#2026);
#1632=AXIS2_PLACEMENT_3D('',#2524,#2027,#2028);
#1633=AXIS2_PLACEMENT_3D('',#2525,#2029,#2030);
#1634=AXIS2_PLACEMENT_3D('',#2527,#2031,#2032);
#1635=AXIS2_PLACEMENT_3D('',#2528,#2033,#2034);
#1636=AXIS2_PLACEMENT_3D('',#2530,#2035,#2036);
#1637=AXIS2_PLACEMENT_3D('',#2531,#2037,#2038);
#1638=AXIS2_PLACEMENT_3D('',#2533,#2039,#2040);
#1639=AXIS2_PLACEMENT_3D('',#2534,#2041,#2042);
#1640=AXIS2_PLACEMENT_3D('',#2536,#2043,#2044);
#1641=AXIS2_PLACEMENT_3D('',#2537,#2045,#2046);
#1642=AXIS2_PLACEMENT_3D('',#2538,#2047,#2048);
#1643=AXIS2_PLACEMENT_3D('',#2540,#2049,#2050);
#1644=AXIS2_PLACEMENT_3D('',#2541,#2051,#2052);
#1645=AXIS2_PLACEMENT_3D('',#2550,#2057,#2058);
#1646=AXIS2_PLACEMENT_3D('',#2551,#2059,#2060);
#1647=AXIS2_PLACEMENT_3D('',#2552,#2061,#2062);
#1648=AXIS2_PLACEMENT_3D('',#2553,#2063,#2064);
#1649=AXIS2_PLACEMENT_3D('',#2554,#2065,#2066);
#1650=AXIS2_PLACEMENT_3D('',#2564,#2072,#2073);
#1651=AXIS2_PLACEMENT_3D('',#2574,#2079,#2080);
#1652=AXIS2_PLACEMENT_3D('',#2575,#2081,#2082);
#1653=AXIS2_PLACEMENT_3D('',#2576,#2083,#2084);
#1654=AXIS2_PLACEMENT_3D('',#2577,#2085,#2086);
#1655=AXIS2_PLACEMENT_3D('',#2578,#2087,#2088);
#1656=AXIS2_PLACEMENT_3D('',#2579,#2089,#2090);
#1657=AXIS2_PLACEMENT_3D('',#2580,#2091,#2092);
#1658=AXIS2_PLACEMENT_3D('',#2581,#2093,#2094);
#1659=AXIS2_PLACEMENT_3D('',#2582,#2095,#2096);
#1660=AXIS2_PLACEMENT_3D('',#2583,#2097,#2098);
#1661=AXIS2_PLACEMENT_3D('',#2584,#2099,#2100);
#1662=AXIS2_PLACEMENT_3D('',#2585,#2101,#2102);
#1663=AXIS2_PLACEMENT_3D('',#2586,#2103,#2104);
#1664=AXIS2_PLACEMENT_3D('',#2587,#2105,#2106);
#1665=AXIS2_PLACEMENT_3D('',#2588,#2107,#2108);
#1666=AXIS2_PLACEMENT_3D('',#2589,#2109,#2110);
#1667=AXIS2_PLACEMENT_3D('',#2590,#2111,#2112);
#1668=AXIS2_PLACEMENT_3D('',#2591,#2113,#2114);
#1669=AXIS2_PLACEMENT_3D('',#2592,#2115,#2116);
#1670=AXIS2_PLACEMENT_3D('',#2593,#2117,#2118);
#1671=AXIS2_PLACEMENT_3D('',#2594,#2119,#2120);
#1672=AXIS2_PLACEMENT_3D('',#2595,#2121,#2122);
#1673=AXIS2_PLACEMENT_3D('',#2596,#2123,#2124);
#1674=AXIS2_PLACEMENT_3D('',#2597,#2125,#2126);
#1675=AXIS2_PLACEMENT_3D('',#2598,#2127,#2128);
#1676=AXIS2_PLACEMENT_3D('',#2599,#2129,#2130);
#1677=AXIS2_PLACEMENT_3D('',#2600,#2131,#2132);
#1678=AXIS2_PLACEMENT_3D('',#2601,#2133,#2134);
#1679=AXIS2_PLACEMENT_3D('',#2602,#2135,#2136);
#1680=AXIS2_PLACEMENT_3D('',#2603,#2137,#2138);
#1681=AXIS2_PLACEMENT_3D('',#2604,#2139,#2140);
#1682=AXIS2_PLACEMENT_3D('',#2605,#2141,#2142);
#1683=AXIS2_PLACEMENT_3D('',#2606,#2143,#2144);
#1684=AXIS2_PLACEMENT_3D('',#2607,#2145,#2146);
#1685=AXIS2_PLACEMENT_3D('',#2608,#2147,#2148);
#1686=AXIS2_PLACEMENT_3D('',#2609,#2149,#2150);
#1687=AXIS2_PLACEMENT_3D('',#2610,#2151,#2152);
#1688=AXIS2_PLACEMENT_3D('',#2611,#2153,#2154);
#1689=AXIS2_PLACEMENT_3D('',#2612,#2155,#2156);
#1690=AXIS2_PLACEMENT_3D('',#2613,#2157,#2158);
#1691=AXIS2_PLACEMENT_3D('',#2614,#2159,#2160);
#1692=AXIS2_PLACEMENT_3D('',#2615,#2161,#2162);
#1693=AXIS2_PLACEMENT_3D('',#2616,#2163,#2164);
#1694=AXIS2_PLACEMENT_3D('',#2617,#2165,#2166);
#1695=AXIS2_PLACEMENT_3D('',#2618,#2167,#2168);
#1696=AXIS2_PLACEMENT_3D('',#2619,#2169,#2170);
#1697=AXIS2_PLACEMENT_3D('',#2620,#2171,#2172);
#1698=AXIS2_PLACEMENT_3D('',#2621,#2173,#2174);
#1699=AXIS2_PLACEMENT_3D('',#2624,#2177,#2178);
#1700=AXIS2_PLACEMENT_3D('',#2625,#2179,#2180);
#1701=AXIS2_PLACEMENT_3D('',#2627,#2182,#2183);
#1702=AXIS2_PLACEMENT_3D('',#2629,#2185,#2186);
#1703=AXIS2_PLACEMENT_3D('',#2630,#2187,#2188);
#1704=AXIS2_PLACEMENT_3D('',#2631,#2189,#2190);
#1705=AXIS2_PLACEMENT_3D('',#2632,#2191,#2192);
#1706=AXIS2_PLACEMENT_3D('',#2633,#2193,#2194);
#1707=AXIS2_PLACEMENT_3D('',#2634,#2195,#2196);
#1708=AXIS2_PLACEMENT_3D('',#2635,#2197,#2198);
#1709=DIRECTION('',(0.,0.,1.));
#1710=DIRECTION('',(1.,0.,0.));
#1711=DIRECTION('',(0.,0.,-1.));
#1712=DIRECTION('',(-1.,0.,0.));
#1713=DIRECTION('',(0.,0.,1.));
#1714=DIRECTION('',(1.,0.,0.));
#1715=DIRECTION('',(0.,0.,-1.));
#1716=DIRECTION('',(0.,0.,-1.));
#1717=DIRECTION('',(-1.,0.,0.));
#1718=DIRECTION('',(0.,0.,-1.));
#1719=DIRECTION('',(0.,0.,-1.));
#1720=DIRECTION('',(-1.,0.,0.));
#1721=DIRECTION('',(0.,-1.92370860980394E-17,1.));
#1722=DIRECTION('',(0.,-1.,-1.92370860980394E-17));
#1723=DIRECTION('',(0.,0.,-1.));
#1724=DIRECTION('',(0.,0.,-1.));
#1725=DIRECTION('',(-1.,0.,0.));
#1726=DIRECTION('',(0.,0.,-1.));
#1727=DIRECTION('',(0.,-1.92370860980394E-17,1.));
#1728=DIRECTION('',(0.,-1.,-1.92370860980394E-17));
#1729=DIRECTION('',(0.,0.,-1.));
#1730=DIRECTION('',(0.,0.,1.));
#1731=DIRECTION('',(1.,0.,0.));
#1732=DIRECTION('',(0.,0.,-1.));
#1733=DIRECTION('',(0.,0.,-1.));
#1734=DIRECTION('',(-1.,0.,0.));
#1735=DIRECTION('',(0.,0.,1.));
#1736=DIRECTION('',(0.,0.,-1.));
#1737=DIRECTION('',(-1.,0.,0.));
#1738=DIRECTION('',(0.,0.,-1.));
#1739=DIRECTION('',(0.,0.,-1.));
#1740=DIRECTION('',(-1.,0.,0.));
#1741=DIRECTION('',(0.,0.,-1.));
#1742=DIRECTION('',(0.,0.,-1.));
#1743=DIRECTION('',(-1.,0.,0.));
#1744=DIRECTION('',(0.,0.,1.));
#1745=DIRECTION('',(0.,0.,-1.));
#1746=DIRECTION('',(-1.,0.,0.));
#1747=DIRECTION('',(0.,0.,1.));
#1748=DIRECTION('',(0.,0.,-1.));
#1749=DIRECTION('',(-1.,0.,0.));
#1750=DIRECTION('',(0.,0.,-1.));
#1751=DIRECTION('',(0.,0.,-1.));
#1752=DIRECTION('',(-1.,0.,0.));
#1753=DIRECTION('',(0.,0.,-1.));
#1754=DIRECTION('',(0.,0.,-1.));
#1755=DIRECTION('',(-1.,0.,0.));
#1756=DIRECTION('',(0.,0.,1.));
#1757=DIRECTION('',(0.,0.,-1.));
#1758=DIRECTION('',(-1.,0.,0.));
#1759=DIRECTION('',(0.,0.,-1.));
#1760=DIRECTION('',(0.,0.,1.));
#1761=DIRECTION('',(1.,0.,0.));
#1762=DIRECTION('',(0.,0.,-1.));
#1763=DIRECTION('',(-0.666015769308852,0.,-0.745937661625915));
#1764=DIRECTION('',(-0.745937661625915,0.,0.666015769308852));
#1765=DIRECTION('',(0.,1.,0.));
#1766=DIRECTION('',(-0.743089781426654,-0.0872990814645975,0.663473019130941));
#1767=DIRECTION('',(0.,1.,0.));
#1768=DIRECTION('',(-0.743089781426654,0.0872990814645975,0.663473019130941));
#1769=DIRECTION('',(0.,-1.,0.));
#1770=DIRECTION('',(-0.745937661625915,0.,0.666015769308852));
#1771=DIRECTION('',(2.15455364298042E-17,-1.,-1.92370860980394E-17));
#1772=DIRECTION('',(-0.745937661625915,0.,0.666015769308852));
#1773=DIRECTION('',(0.,0.,1.));
#1774=DIRECTION('',(1.,0.,0.));
#1775=DIRECTION('',(0.,1.,0.));
#1776=DIRECTION('',(-1.,0.,0.));
#1777=DIRECTION('',(0.,1.,0.));
#1778=DIRECTION('',(-1.,0.,0.));
#1779=DIRECTION('',(0.,0.,1.));
#1780=DIRECTION('',(1.,0.,0.));
#1781=DIRECTION('',(0.,0.,1.));
#1782=DIRECTION('',(1.,0.,0.));
#1783=DIRECTION('',(0.,0.,1.));
#1784=DIRECTION('',(1.,0.,0.));
#1785=DIRECTION('',(0.,0.,1.));
#1786=DIRECTION('',(1.,0.,0.));
#1787=DIRECTION('',(0.,-1.,0.));
#1788=DIRECTION('',(0.,0.,-1.));
#1789=DIRECTION('',(-1.,1.05134756119806E-16,0.));
#1790=DIRECTION('',(0.,0.,1.));
#1791=DIRECTION('',(1.,0.,0.));
#1792=DIRECTION('',(0.,0.,1.));
#1793=DIRECTION('',(0.,-1.,0.));
#1794=DIRECTION('',(0.,0.,-1.));
#1795=DIRECTION('',(-1.,1.05134756119806E-16,0.));
#1796=DIRECTION('',(0.,0.,1.));
#1797=DIRECTION('',(1.,0.,0.));
#1798=DIRECTION('',(0.,0.,1.));
#1799=DIRECTION('',(0.,0.,-1.));
#1800=DIRECTION('',(1.,0.,0.));
#1801=DIRECTION('',(0.,0.,-1.));
#1802=DIRECTION('',(-1.,0.,0.));
#1803=DIRECTION('',(0.,1.,0.));
#1804=DIRECTION('',(-1.,0.,0.));
#1805=DIRECTION('',(5.78241158658936E-16,1.,0.));
#1806=DIRECTION('',(1.,0.,0.));
#1807=DIRECTION('',(0.,0.,-1.));
#1808=DIRECTION('',(1.,0.,0.));
#1809=DIRECTION('',(0.,0.,-1.));
#1810=DIRECTION('',(-1.,0.,0.));
#1811=DIRECTION('',(1.,0.,0.));
#1812=DIRECTION('',(-2.89120579329468E-16,-1.,0.));
#1813=DIRECTION('',(1.,0.,0.));
#1814=DIRECTION('',(0.,0.,-1.));
#1815=DIRECTION('',(-1.,0.,0.));
#1816=DIRECTION('',(0.,0.,-1.));
#1817=DIRECTION('',(-1.,0.,0.));
#1818=DIRECTION('',(0.,0.,1.));
#1819=DIRECTION('',(1.,0.,0.));
#1820=DIRECTION('',(0.,1.,0.));
#1821=DIRECTION('',(1.,0.,0.));
#1822=DIRECTION('',(1.,0.,0.));
#1823=DIRECTION('',(1.,0.,0.));
#1824=DIRECTION('',(0.,0.,-1.));
#1825=DIRECTION('',(0.,1.,0.));
#1826=DIRECTION('',(0.,-0.130454512571387,0.991454295542544));
#1827=DIRECTION('',(0.,1.,0.));
#1828=DIRECTION('',(0.,0.130454512571387,0.991454295542544));
#1829=DIRECTION('',(1.,0.,0.));
#1830=DIRECTION('',(0.,0.,-1.));
#1831=DIRECTION('',(0.,1.,0.));
#1832=DIRECTION('',(0.,0.130454512571387,-0.991454295542544));
#1833=DIRECTION('',(0.,1.,0.));
#1834=DIRECTION('',(0.,-0.130454512571387,-0.991454295542544));
#1835=DIRECTION('',(0.,0.,-1.));
#1836=DIRECTION('',(-1.,0.,0.));
#1837=DIRECTION('',(0.,0.,-1.));
#1838=DIRECTION('',(-1.,0.,0.));
#1839=DIRECTION('',(0.,0.,-1.));
#1840=DIRECTION('',(0.,-1.92370860980394E-17,1.));
#1841=DIRECTION('',(0.,-1.,-1.92370860980394E-17));
#1842=DIRECTION('',(0.,0.,-1.));
#1843=DIRECTION('',(0.,0.,-1.));
#1844=DIRECTION('',(-1.,0.,0.));
#1845=DIRECTION('',(0.,0.,-1.));
#1846=DIRECTION('',(-1.,0.,0.));
#1847=DIRECTION('',(0.,0.,-1.));
#1848=DIRECTION('',(-1.,0.,0.));
#1849=DIRECTION('',(0.,0.,-1.));
#1850=DIRECTION('',(1.,0.,0.));
#1851=DIRECTION('',(0.,0.,-1.));
#1852=DIRECTION('',(-1.,0.,0.));
#1853=DIRECTION('',(0.,0.,-1.));
#1854=DIRECTION('',(-1.,0.,0.));
#1855=DIRECTION('',(0.,0.,-1.));
#1856=DIRECTION('',(-1.,0.,0.));
#1857=DIRECTION('',(0.,0.,-1.));
#1858=DIRECTION('',(-1.,0.,0.));
#1859=DIRECTION('',(0.,0.,-1.));
#1860=DIRECTION('',(-1.,0.,0.));
#1861=DIRECTION('',(0.,0.,-1.));
#1862=DIRECTION('',(-1.,0.,0.));
#1863=DIRECTION('',(0.,0.,1.));
#1864=DIRECTION('',(1.,0.,0.));
#1865=DIRECTION('',(0.,0.,-1.));
#1866=DIRECTION('',(-1.,0.,0.));
#1867=DIRECTION('',(0.,0.,-1.));
#1868=DIRECTION('',(-1.,0.,0.));
#1869=DIRECTION('',(0.,0.,-1.));
#1870=DIRECTION('',(-1.,0.,0.));
#1871=DIRECTION('',(0.,0.,-1.));
#1872=DIRECTION('',(-1.,0.,0.));
#1873=DIRECTION('',(0.,0.,-1.));
#1874=DIRECTION('',(1.,0.,0.));
#1875=DIRECTION('',(0.,0.,-1.));
#1876=DIRECTION('',(-1.,0.,0.));
#1877=DIRECTION('',(0.,0.,-1.));
#1878=DIRECTION('',(-1.,0.,0.));
#1879=DIRECTION('',(1.,0.,0.));
#1880=DIRECTION('',(0.,0.,-1.));
#1881=DIRECTION('',(0.,-1.,0.));
#1882=DIRECTION('',(0.,0.,-1.));
#1883=DIRECTION('',(0.,1.,0.));
#1884=DIRECTION('',(1.,0.,0.));
#1885=DIRECTION('',(0.,0.,-1.));
#1886=DIRECTION('',(0.,1.,0.));
#1887=DIRECTION('',(0.,0.,-1.));
#1888=DIRECTION('',(0.,-1.,0.));
#1889=DIRECTION('',(0.,0.,-1.));
#1890=DIRECTION('',(-1.,0.,0.));
#1891=DIRECTION('',(1.,0.,0.));
#1892=DIRECTION('',(0.,0.,-1.));
#1893=DIRECTION('',(-1.,0.,0.));
#1894=DIRECTION('',(0.,0.,-1.));
#1895=DIRECTION('',(-1.,0.,0.));
#1896=DIRECTION('',(0.,0.,-1.));
#1897=DIRECTION('',(-1.,0.,0.));
#1898=DIRECTION('',(0.,0.,-1.));
#1899=DIRECTION('',(-1.,0.,0.));
#1900=DIRECTION('',(-1.,1.00709151758205E-16,0.));
#1901=DIRECTION('',(0.,0.,-1.));
#1902=DIRECTION('',(-1.,0.,0.));
#1903=DIRECTION('',(1.,0.,0.));
#1904=DIRECTION('',(5.78241158658936E-16,1.,0.));
#1905=DIRECTION('',(-1.,0.,0.));
#1906=DIRECTION('',(0.,0.,-1.));
#1907=DIRECTION('',(-1.,0.,0.));
#1908=DIRECTION('',(-1.,6.04254910549232E-16,0.));
#1909=DIRECTION('',(0.,0.,-1.));
#1910=DIRECTION('',(-1.,0.,0.));
#1911=DIRECTION('',(0.,0.,-1.));
#1912=DIRECTION('',(-1.,0.,0.));
#1913=DIRECTION('',(0.,0.,-1.));
#1914=DIRECTION('',(-1.,0.,0.));
#1915=DIRECTION('',(0.,0.,-1.));
#1916=DIRECTION('',(-1.,0.,0.));
#1917=DIRECTION('',(1.,-2.29769737449163E-16,0.));
#1918=DIRECTION('',(0.,0.,-1.));
#1919=DIRECTION('',(-1.,0.,0.));
#1920=DIRECTION('',(1.,0.,0.));
#1921=DIRECTION('',(-2.89120579329468E-16,-1.,0.));
#1922=DIRECTION('',(1.,0.,0.));
#1923=DIRECTION('',(1.,0.,0.));
#1924=DIRECTION('',(0.,0.,-1.));
#1925=DIRECTION('',(0.,0.,1.));
#1926=DIRECTION('',(0.,0.,1.));
#1927=DIRECTION('',(0.,-1.,0.));
#1928=DIRECTION('',(0.,0.,-1.));
#1929=DIRECTION('',(0.,0.,1.));
#1930=DIRECTION('',(0.,-1.,0.));
#1931=DIRECTION('',(0.,0.,-1.));
#1932=DIRECTION('',(0.,0.,1.));
#1933=DIRECTION('',(0.,0.,-1.));
#1934=DIRECTION('',(-1.,0.,0.));
#1935=DIRECTION('',(0.,0.,-1.));
#1936=DIRECTION('',(-1.,0.,0.));
#1937=DIRECTION('',(0.,0.,-1.));
#1938=DIRECTION('',(1.,0.,0.));
#1939=DIRECTION('',(0.,0.,-1.));
#1940=DIRECTION('',(-1.,0.,0.));
#1941=DIRECTION('',(0.,0.,-1.));
#1942=DIRECTION('',(-1.,0.,0.));
#1943=DIRECTION('',(0.,0.,-1.));
#1944=DIRECTION('',(1.,0.,0.));
#1945=DIRECTION('',(0.,-1.,0.));
#1946=DIRECTION('',(0.,0.,-1.));
#1947=DIRECTION('',(0.,0.,-1.));
#1948=DIRECTION('',(1.,0.,0.));
#1949=DIRECTION('',(0.,0.,1.));
#1950=DIRECTION('',(-2.29769737449163E-16,-1.,0.));
#1951=DIRECTION('',(1.,-2.29769737449163E-16,0.));
#1952=DIRECTION('',(1.,-2.29769737449163E-16,0.));
#1953=DIRECTION('',(0.,0.,1.));
#1954=DIRECTION('',(0.,0.,1.));
#1955=DIRECTION('',(0.,-1.,0.));
#1956=DIRECTION('',(0.,0.,-1.));
#1957=DIRECTION('',(0.,0.,1.));
#1958=DIRECTION('',(-1.,2.89120579329468E-16,0.));
#1959=DIRECTION('',(-2.89120579329468E-16,-1.,0.));
#1960=DIRECTION('',(0.,0.,1.));
#1961=DIRECTION('',(0.,-1.,0.));
#1962=DIRECTION('',(0.,0.,-1.));
#1963=DIRECTION('',(1.00709151758205E-16,1.,0.));
#1964=DIRECTION('',(-1.,1.00709151758205E-16,0.));
#1965=DIRECTION('',(-1.,1.00709151758205E-16,0.));
#1966=DIRECTION('',(0.,0.,1.));
#1967=DIRECTION('',(0.,0.,1.));
#1968=DIRECTION('',(1.,-5.78241158658936E-16,0.));
#1969=DIRECTION('',(5.78241158658936E-16,1.,0.));
#1970=DIRECTION('',(6.04254910549232E-16,1.,0.));
#1971=DIRECTION('',(-1.,6.04254910549232E-16,0.));
#1972=DIRECTION('',(0.,0.,-1.));
#1973=DIRECTION('',(-1.,6.04254910549232E-16,0.));
#1974=DIRECTION('',(0.,0.,1.));
#1975=DIRECTION('',(0.,0.,-1.));
#1976=DIRECTION('',(1.,0.,0.));
#1977=DIRECTION('',(0.,0.,-1.));
#1978=DIRECTION('',(-1.,0.,0.));
#1979=DIRECTION('',(0.,0.,-1.));
#1980=DIRECTION('',(-1.,0.,0.));
#1981=DIRECTION('',(0.,0.,-1.));
#1982=DIRECTION('',(-1.,0.,0.));
#1983=DIRECTION('',(0.,0.,-1.));
#1984=DIRECTION('',(-1.,0.,0.));
#1985=DIRECTION('',(0.,0.,-1.));
#1986=DIRECTION('',(-1.,0.,0.));
#1987=DIRECTION('',(0.,0.,-1.));
#1988=DIRECTION('',(-1.,0.,0.));
#1989=DIRECTION('',(0.,0.,-1.));
#1990=DIRECTION('',(1.,0.,0.));
#1991=DIRECTION('',(0.,0.,-1.));
#1992=DIRECTION('',(-1.,0.,0.));
#1993=DIRECTION('',(0.,0.,-1.));
#1994=DIRECTION('',(-1.,0.,0.));
#1995=DIRECTION('',(0.,0.,-1.));
#1996=DIRECTION('',(-1.,0.,0.));
#1997=DIRECTION('',(0.,0.,-1.));
#1998=DIRECTION('',(-1.,0.,0.));
#1999=DIRECTION('',(0.,0.,-1.));
#2000=DIRECTION('',(-1.,0.,0.));
#2001=DIRECTION('',(0.,0.,-1.));
#2002=DIRECTION('',(-1.,0.,0.));
#2003=DIRECTION('',(0.,0.,1.));
#2004=DIRECTION('',(1.,0.,0.));
#2005=DIRECTION('',(0.,0.,1.));
#2006=DIRECTION('',(0.,0.,1.));
#2007=DIRECTION('',(1.,0.,0.));
#2008=DIRECTION('',(0.,0.,1.));
#2009=DIRECTION('',(1.,0.,0.));
#2010=DIRECTION('',(0.,0.,-1.));
#2011=DIRECTION('',(0.,0.,-1.));
#2012=DIRECTION('',(-1.,0.,0.));
#2013=DIRECTION('',(0.,0.,1.));
#2014=DIRECTION('',(1.,0.,0.));
#2015=DIRECTION('',(0.,0.,-1.));
#2016=DIRECTION('',(0.,0.,-1.));
#2017=DIRECTION('',(-1.,0.,0.));
#2018=DIRECTION('',(0.,0.,-1.));
#2019=DIRECTION('',(-1.,0.,0.));
#2020=DIRECTION('',(0.,0.,-1.));
#2021=DIRECTION('',(0.,0.,-1.));
#2022=DIRECTION('',(-1.,0.,0.));
#2023=DIRECTION('',(0.,0.,-1.));
#2024=DIRECTION('',(-1.,0.,0.));
#2025=DIRECTION('',(0.,0.,-1.));
#2026=DIRECTION('',(-1.,0.,0.));
#2027=DIRECTION('',(0.,0.,-1.));
#2028=DIRECTION('',(1.,0.,0.));
#2029=DIRECTION('',(0.,0.,-1.));
#2030=DIRECTION('',(-1.,0.,0.));
#2031=DIRECTION('',(0.,0.,-1.));
#2032=DIRECTION('',(-1.,0.,0.));
#2033=DIRECTION('',(0.,0.,-1.));
#2034=DIRECTION('',(-1.,0.,0.));
#2035=DIRECTION('',(0.,0.,-1.));
#2036=DIRECTION('',(1.,0.,0.));
#2037=DIRECTION('',(0.,0.,-1.));
#2038=DIRECTION('',(-1.,0.,0.));
#2039=DIRECTION('',(0.,0.,-1.));
#2040=DIRECTION('',(1.,0.,0.));
#2041=DIRECTION('',(0.,0.,-1.));
#2042=DIRECTION('',(-1.,0.,0.));
#2043=DIRECTION('',(0.,0.,-1.));
#2044=DIRECTION('',(-1.,0.,0.));
#2045=DIRECTION('',(0.,0.,-1.));
#2046=DIRECTION('',(1.,0.,0.));
#2047=DIRECTION('',(0.,0.,-1.));
#2048=DIRECTION('',(-1.,0.,0.));
#2049=DIRECTION('',(0.,0.,-1.));
#2050=DIRECTION('',(-1.,0.,0.));
#2051=DIRECTION('',(0.666015769308852,0.,-0.745937661625915));
#2052=DIRECTION('',(-0.745937661625915,0.,-0.666015769308853));
#2053=DIRECTION('',(0.,1.,0.));
#2054=DIRECTION('',(-0.743089781426654,0.0872990814645975,-0.663473019130941));
#2055=DIRECTION('',(0.,1.,0.));
#2056=DIRECTION('',(-0.743089781426654,-0.0872990814645975,-0.663473019130941));
#2057=DIRECTION('',(0.,0.,-1.));
#2058=DIRECTION('',(-1.,0.,0.));
#2059=DIRECTION('',(0.,0.,-1.));
#2060=DIRECTION('',(-1.,0.,0.));
#2061=DIRECTION('',(0.,0.,-1.));
#2062=DIRECTION('',(-1.,0.,0.));
#2063=DIRECTION('',(0.,0.,-1.));
#2064=DIRECTION('',(-1.,0.,0.));
#2065=DIRECTION('',(0.,0.991454295542544,-0.130454512571387));
#2066=DIRECTION('',(-1.,0.,0.));
#2067=DIRECTION('',(0.,-0.130454512571387,-0.991454295542544));
#2068=DIRECTION('',(0.743089781426654,-0.0872990814645975,-0.663473019130941));
#2069=DIRECTION('',(1.,0.,0.));
#2070=DIRECTION('',(0.743089781426654,0.0872990814645975,0.663473019130941));
#2071=DIRECTION('',(0.,0.130454512571387,0.991454295542544));
#2072=DIRECTION('',(0.,0.991454295542544,0.130454512571387));
#2073=DIRECTION('',(1.,0.,0.));
#2074=DIRECTION('',(-0.743089781426654,-0.0872990814645975,0.663473019130941));
#2075=DIRECTION('',(0.,-0.130454512571387,0.991454295542544));
#2076=DIRECTION('',(0.,0.130454512571387,-0.991454295542544));
#2077=DIRECTION('',(-0.743089781426654,0.0872990814645975,-0.663473019130941));
#2078=DIRECTION('',(-1.,0.,0.));
#2079=DIRECTION('',(0.,0.130454512571387,0.991454295542544));
#2080=DIRECTION('',(0.,-0.991454295542544,0.130454512571387));
#2081=DIRECTION('',(0.,0.130454512571388,0.991454295542544));
#2082=DIRECTION('',(0.,-0.991454295542544,0.130454512571388));
#2083=DIRECTION('',(0.,-0.991454295542543,0.13045451257139));
#2084=DIRECTION('',(0.,-0.13045451257139,-0.991454295542543));
#2085=DIRECTION('',(-3.46944695195361E-15,-1.,-3.09772049281572E-15));
#2086=DIRECTION('',(1.,-3.46944695195361E-15,0.));
#2087=DIRECTION('',(-0.743089781426654,-0.0872990814645977,-0.66347301913094));
#2088=DIRECTION('',(-0.666015769308851,0.,0.745937661625916));
#2089=DIRECTION('',(0.743089781426654,0.0872990814645975,0.663473019130941));
#2090=DIRECTION('',(0.666015769308852,0.,-0.745937661625915));
#2091=DIRECTION('',(0.743089781426654,0.0872990814645984,0.66347301913094));
#2092=DIRECTION('',(0.666015769308852,0.,-0.745937661625915));
#2093=DIRECTION('',(0.,1.,0.));
#2094=DIRECTION('',(0.,0.,1.));
#2095=DIRECTION('',(0.,1.,-1.5503739478673E-15));
#2096=DIRECTION('',(0.,1.5503739478673E-15,1.));
#2097=DIRECTION('',(0.,-0.130454512571387,0.991454295542544));
#2098=DIRECTION('',(0.,-0.991454295542544,-0.130454512571387));
#2099=DIRECTION('',(2.44406705945073E-15,-0.130454512571388,0.991454295542544));
#2100=DIRECTION('',(0.,-0.991454295542544,-0.130454512571388));
#2101=DIRECTION('',(-2.31296463463575E-15,-0.991454295542544,0.130454512571388));
#2102=DIRECTION('',(0.,-0.130454512571388,-0.991454295542544));
#2103=DIRECTION('',(3.47283764322275E-15,-1.,0.));
#2104=DIRECTION('',(1.,3.47283764322275E-15,0.));
#2105=DIRECTION('',(-1.,3.04337451925756E-16,2.31296463463575E-15));
#2106=DIRECTION('',(2.31296463463575E-15,0.,1.));
#2107=DIRECTION('',(0.,0.991454295542544,0.130454512571388));
#2108=DIRECTION('',(0.,-0.130454512571388,0.991454295542544));
#2109=DIRECTION('',(-0.743089781426654,0.0872990814645945,-0.663473019130941));
#2110=DIRECTION('',(-0.666015769308853,0.,0.745937661625915));
#2111=DIRECTION('',(-1.,0.,0.));
#2112=DIRECTION('',(0.,0.,1.));
#2113=DIRECTION('',(1.,0.,0.));
#2114=DIRECTION('',(0.,0.,-1.));
#2115=DIRECTION('',(0.,-1.,0.));
#2116=DIRECTION('',(0.,0.,-1.));
#2117=DIRECTION('',(-1.29526019539601E-15,1.,-1.15648231731787E-15));
#2118=DIRECTION('',(-1.,-1.29526019539601E-15,0.));
#2119=DIRECTION('',(0.743089781426654,-0.0872990814645975,0.663473019130941));
#2120=DIRECTION('',(0.666015769308852,0.,-0.745937661625915));
#2121=DIRECTION('',(0.743089781426653,-0.0872990814645976,0.663473019130942));
#2122=DIRECTION('',(0.666015769308854,0.,-0.745937661625914));
#2123=DIRECTION('',(2.31296463463575E-15,-0.991454295542544,0.130454512571387));
#2124=DIRECTION('',(0.,-0.130454512571387,-0.991454295542544));
#2125=DIRECTION('',(-1.29526019539601E-15,-1.,1.15648231731787E-15));
#2126=DIRECTION('',(1.,-1.29526019539601E-15,0.));
#2127=DIRECTION('',(-0.743089781426653,0.0872990814645975,0.663473019130941));
#2128=DIRECTION('',(0.666015769308853,0.,0.745937661625915));
#2129=DIRECTION('',(0.,0.991454295542544,0.130454512571387));
#2130=DIRECTION('',(0.,-0.130454512571387,0.991454295542544));
#2131=DIRECTION('',(-1.,0.,0.));
#2132=DIRECTION('',(0.,0.,1.));
#2133=DIRECTION('',(0.,0.130454512571387,0.991454295542544));
#2134=DIRECTION('',(0.,-0.991454295542544,0.130454512571387));
#2135=DIRECTION('',(-2.44406705945073E-15,0.130454512571388,0.991454295542544));
#2136=DIRECTION('',(0.,-0.991454295542544,0.130454512571388));
#2137=DIRECTION('',(0.743089781426654,-0.0872990814645975,-0.663473019130941));
#2138=DIRECTION('',(-0.666015769308852,0.,-0.745937661625915));
#2139=DIRECTION('',(0.743089781426653,-0.087299081464598,-0.663473019130941));
#2140=DIRECTION('',(-0.666015769308853,0.,-0.745937661625915));
#2141=DIRECTION('',(0.,-1.,0.));
#2142=DIRECTION('',(0.,0.,-1.));
#2143=DIRECTION('',(6.94567528644551E-15,1.,0.));
#2144=DIRECTION('',(-1.,6.94567528644551E-15,0.));
#2145=DIRECTION('',(-1.,0.,0.));
#2146=DIRECTION('',(0.,0.,1.));
#2147=DIRECTION('',(1.,-3.04337451925756E-16,2.31296463463575E-15));
#2148=DIRECTION('',(2.31296463463575E-15,0.,-1.));
#2149=DIRECTION('',(0.,-0.991454295542544,0.130454512571386));
#2150=DIRECTION('',(0.,-0.130454512571386,-0.991454295542544));
#2151=DIRECTION('',(0.,-1.,-3.10074789573461E-15));
#2152=DIRECTION('',(0.,3.10074789573461E-15,-1.));
#2153=DIRECTION('',(4.62592926927149E-15,0.991454295542544,0.130454512571387));
#2154=DIRECTION('',(0.,-0.130454512571387,0.991454295542544));
#2155=DIRECTION('',(-0.743089781426654,-0.0872990814645966,0.66347301913094));
#2156=DIRECTION('',(0.666015769308852,0.,0.745937661625915));
#2157=DIRECTION('',(0.,-1.,0.));
#2158=DIRECTION('',(0.,0.,-1.));
#2159=DIRECTION('',(-3.46944695195362E-15,1.,3.09772049281573E-15));
#2160=DIRECTION('',(-1.,-3.46944695195362E-15,0.));
#2161=DIRECTION('',(0.743089781426654,0.0872990814645975,-0.663473019130941));
#2162=DIRECTION('',(-0.666015769308852,0.,-0.745937661625915));
#2163=DIRECTION('',(0.743089781426653,0.087299081464598,-0.663473019130942));
#2164=DIRECTION('',(-0.666015769308854,0.,-0.745937661625914));
#2165=DIRECTION('',(0.,0.991454295542544,0.130454512571388));
#2166=DIRECTION('',(0.,-0.130454512571388,0.991454295542544));
#2167=DIRECTION('',(0.,-0.130454512571388,0.991454295542544));
#2168=DIRECTION('',(0.,-0.991454295542544,-0.130454512571388));
#2169=DIRECTION('',(0.,-0.130454512571387,0.991454295542544));
#2170=DIRECTION('',(0.,-0.991454295542544,-0.130454512571387));
#2171=DIRECTION('',(0.,0.,1.));
#2172=DIRECTION('',(1.,0.,0.));
#2173=DIRECTION('',(0.,0.,1.));
#2174=DIRECTION('',(1.,0.,0.));
#2175=DIRECTION('',(1.,0.,0.));
#2176=DIRECTION('',(1.,0.,0.));
#2177=DIRECTION('',(0.,0.,1.));
#2178=DIRECTION('',(1.,0.,0.));
#2179=DIRECTION('',(0.,1.,0.));
#2180=DIRECTION('',(0.,0.,1.));
#2181=DIRECTION('',(1.,0.,0.));
#2182=DIRECTION('',(0.,-1.92370860980394E-17,1.));
#2183=DIRECTION('',(0.,-1.,-1.92370860980394E-17));
#2184=DIRECTION('',(1.,0.,0.));
#2185=DIRECTION('',(0.,-1.92370860980394E-17,1.));
#2186=DIRECTION('',(0.,-1.,-1.92370860980394E-17));
#2187=DIRECTION('',(0.,-1.92370860980394E-17,1.));
#2188=DIRECTION('',(0.,-1.,-1.92370860980394E-17));
#2189=DIRECTION('',(0.,1.,0.));
#2190=DIRECTION('',(0.,0.,1.));
#2191=DIRECTION('',(0.,0.,-1.));
#2192=DIRECTION('',(-1.,0.,0.));
#2193=DIRECTION('',(0.,0.,-1.));
#2194=DIRECTION('',(-1.,0.,0.));
#2195=DIRECTION('',(0.,0.,-1.));
#2196=DIRECTION('',(-1.,0.,0.));
#2197=DIRECTION('',(0.,0.,-1.));
#2198=DIRECTION('',(-1.,0.,0.));
#2199=CARTESIAN_POINT('',(0.,0.,0.));
#2200=CARTESIAN_POINT('',(0.0095,3.32767680794468E-19,0.002));
#2201=CARTESIAN_POINT('',(0.0095,3.32767680794468E-19,-0.00637133004719391));
#2202=CARTESIAN_POINT('',(0.00824072765807135,-0.00215968358072509,-0.00637133004719391));
#2203=CARTESIAN_POINT('',(0.00824072765807135,0.00215968358072509,-0.00637133004719391));
#2204=CARTESIAN_POINT('',(0.00824072765807135,0.00215968358072509,0.002));
#2205=CARTESIAN_POINT('',(0.00824072765807135,0.00215968358072509,-0.016));
#2206=CARTESIAN_POINT('',(0.0095,3.32767680794468E-19,-0.016));
#2207=CARTESIAN_POINT('',(0.00824072765807135,-0.00215968358072509,-0.016));
#2208=CARTESIAN_POINT('',(0.00824072765807135,-0.00215968358072509,0.002));
#2209=CARTESIAN_POINT('',(3.03576608295941E-18,-2.16840434497101E-19,0.002));
#2210=CARTESIAN_POINT('',(3.03576608295941E-18,-2.16840434497101E-19,-0.00237523543134079));
#2211=CARTESIAN_POINT('',(0.00807774721070176,0.005,-0.00237523543134079));
#2212=CARTESIAN_POINT('',(0.00875226586102719,0.00369429862056358,-0.00237523543134079));
#2213=CARTESIAN_POINT('',(0.00875226586102719,0.00369429862056358,0.002));
#2214=CARTESIAN_POINT('',(0.00875226586102719,0.00369429862056358,0.002));
#2215=CARTESIAN_POINT('',(3.03576608295941E-18,-2.16840434497101E-19,0.002));
#2216=CARTESIAN_POINT('',(0.00875226586102719,-0.00369429862056359,0.002));
#2217=CARTESIAN_POINT('',(0.00875226586102719,-0.00369429862056359,0.002));
#2218=CARTESIAN_POINT('',(0.00875226586102719,-0.00369429862056359,-0.00237523543134079));
#2219=CARTESIAN_POINT('',(3.03576608295941E-18,-2.16840434497101E-19,-0.00237523543134079));
#2220=CARTESIAN_POINT('',(0.00807774721070176,-0.005,-0.00237523543134079));
#2221=CARTESIAN_POINT('',(0.00807774721070176,-0.005,0.002));
#2222=CARTESIAN_POINT('',(0.00807774721070176,-0.005,-0.00637133004719391));
#2223=CARTESIAN_POINT('',(3.03576608295941E-18,-2.16840434497101E-19,-0.00637133004719391));
#2224=CARTESIAN_POINT('',(0.00875226586102719,-0.00369429862056359,-0.00637133004719391));
#2225=CARTESIAN_POINT('',(0.00875226586102719,-0.00369429862056359,0.002));
#2226=CARTESIAN_POINT('',(0.00875226586102719,-0.00369429862056359,-0.016));
#2227=CARTESIAN_POINT('',(3.03576608295941E-18,-2.16840434497101E-19,-0.016));
#2228=CARTESIAN_POINT('',(0.00736545993132812,-0.006,-0.016));
#2229=CARTESIAN_POINT('',(0.00736545993132812,-0.006,-0.034));
#2230=CARTESIAN_POINT('',(0.00736545993132812,-0.006,-0.034));
#2231=CARTESIAN_POINT('',(3.03576608295941E-18,-2.16840434497101E-19,-0.034));
#2232=CARTESIAN_POINT('',(0.00736451034540797,-0.0060011655011655,-0.034));
#2233=CARTESIAN_POINT('',(0.00736451034540797,-0.0060011655011655,0.002));
#2234=CARTESIAN_POINT('',(0.00736451034540797,-0.0060011655011655,-0.022));
#2235=CARTESIAN_POINT('',(3.03576608295941E-18,-2.16840434497101E-19,-0.022));
#2236=CARTESIAN_POINT('',(-0.00736451034540796,-0.0060011655011655,-0.022));
#2237=CARTESIAN_POINT('',(-0.00736451034540796,-0.0060011655011655,0.002));
#2238=CARTESIAN_POINT('',(-0.00736451034540796,-0.0060011655011655,-0.034));
#2239=CARTESIAN_POINT('',(3.03576608295941E-18,-2.16840434497101E-19,-0.034));
#2240=CARTESIAN_POINT('',(-0.00736545993132811,-0.006,-0.034));
#2241=CARTESIAN_POINT('',(-0.00736545993132811,-0.006,-0.016));
#2242=CARTESIAN_POINT('',(-0.00736545993132811,-0.006,0.));
#2243=CARTESIAN_POINT('',(3.03576608295941E-18,-2.16840434497101E-19,0.));
#2244=CARTESIAN_POINT('',(-0.00736545993132811,0.006,0.));
#2245=CARTESIAN_POINT('',(-0.00736545993132811,0.006,-0.016));
#2246=CARTESIAN_POINT('',(-0.00736545993132811,0.006,-0.034));
#2247=CARTESIAN_POINT('',(3.03576608295941E-18,-2.16840434497101E-19,-0.034));
#2248=CARTESIAN_POINT('',(-0.00736451034540797,0.0060011655011655,-0.034));
#2249=CARTESIAN_POINT('',(-0.00736451034540797,0.0060011655011655,0.002));
#2250=CARTESIAN_POINT('',(-0.00736451034540797,0.0060011655011655,-0.022));
#2251=CARTESIAN_POINT('',(3.03576608295941E-18,-2.16840434497101E-19,-0.022));
#2252=CARTESIAN_POINT('',(0.00736451034540797,0.0060011655011655,-0.022));
#2253=CARTESIAN_POINT('',(0.00736451034540797,0.0060011655011655,0.002));
#2254=CARTESIAN_POINT('',(0.00736451034540797,0.0060011655011655,-0.034));
#2255=CARTESIAN_POINT('',(3.03576608295941E-18,-2.16840434497101E-19,-0.034));
#2256=CARTESIAN_POINT('',(0.00736545993132812,0.006,-0.034));
#2257=CARTESIAN_POINT('',(0.00736545993132812,0.006,-0.034));
#2258=CARTESIAN_POINT('',(0.00736545993132812,0.006,-0.016));
#2259=CARTESIAN_POINT('',(3.03576608295941E-18,-2.16840434497101E-19,-0.016));
#2260=CARTESIAN_POINT('',(0.00875226586102719,0.00369429862056358,-0.016));
#2261=CARTESIAN_POINT('',(0.00875226586102719,0.00369429862056358,0.002));
#2262=CARTESIAN_POINT('',(0.00875226586102719,0.00369429862056358,-0.00637133004719391));
#2263=CARTESIAN_POINT('',(3.03576608295941E-18,-2.16840434497101E-19,-0.00637133004719391));
#2264=CARTESIAN_POINT('',(0.00807774721070176,0.005,-0.00637133004719391));
#2265=CARTESIAN_POINT('',(0.00807774721070176,0.005,0.002));
#2266=CARTESIAN_POINT('',(0.031,-0.034,-0.0085));
#2267=CARTESIAN_POINT('',(0.0444990236539633,0.0142894736842105,-0.0205526996910386));
#2268=CARTESIAN_POINT('',(0.0444990236539633,-0.0128649138743994,-0.0205526996910386));
#2269=CARTESIAN_POINT('',(0.0444990236539633,0.0128649138743994,-0.0205526996910386));
#2270=CARTESIAN_POINT('',(0.01708859469262,0.00964470370506865,0.00392089759587501));
#2271=CARTESIAN_POINT('',(0.0174268247284685,0.0096844393765734,0.00361890649243887));
#2272=CARTESIAN_POINT('',(0.0174268247284685,-0.011,0.00361890649243887));
#2273=CARTESIAN_POINT('',(0.0174268247284685,-0.00968443937657341,0.00361890649243887));
#2274=CARTESIAN_POINT('',(0.04508859469262,-0.0129341773892792,-0.021079102404125));
#2275=CARTESIAN_POINT('',(0.0286158896528572,4.33680868994202E-19,-0.00637133004719391));
#2276=CARTESIAN_POINT('',(0.0286158896528572,0.005,-0.00637133004719391));
#2277=CARTESIAN_POINT('',(0.0286158896528572,-0.005,-0.00637133004719391));
#2278=CARTESIAN_POINT('',(0.0263780766679794,-0.005,-0.00437328273926735));
#2279=CARTESIAN_POINT('',(0.0241402636831017,-0.005,-0.00237523543134079));
#2280=CARTESIAN_POINT('',(0.0241402636831017,0.,-0.00237523543134079));
#2281=CARTESIAN_POINT('',(0.0241402636831017,0.005,-0.00237523543134079));
#2282=CARTESIAN_POINT('',(0.0263780766679794,0.005,-0.00437328273926735));
#2283=CARTESIAN_POINT('',(0.,0.,0.004));
#2284=CARTESIAN_POINT('',(-0.0164278010745052,-0.011,0.004));
#2285=CARTESIAN_POINT('',(-0.0164278010745052,0.00968443937657341,0.004));
#2286=CARTESIAN_POINT('',(-0.0164278010745052,-0.00968443937657341,0.004));
#2287=CARTESIAN_POINT('',(0.,-0.00968443937657341,0.004));
#2288=CARTESIAN_POINT('',(0.0164278010745052,-0.00968443937657341,0.004));
#2289=CARTESIAN_POINT('',(0.0164278010745052,0.011,0.004));
#2290=CARTESIAN_POINT('',(0.0164278010745052,0.00968443937657341,0.004));
#2291=CARTESIAN_POINT('',(0.,0.00968443937657341,0.004));
#2292=CARTESIAN_POINT('',(0.00494974746830583,-0.00494974746830583,0.004));
#2293=CARTESIAN_POINT('',(0.00594974746830583,-0.00494974746830583,0.004));
#2294=CARTESIAN_POINT('',(-0.00494974746830583,0.00494974746830583,0.004));
#2295=CARTESIAN_POINT('',(-0.00394974746830583,0.00494974746830583,0.004));
#2296=CARTESIAN_POINT('',(0.00494974746830583,0.00494974746830583,0.004));
#2297=CARTESIAN_POINT('',(0.00594974746830583,0.00494974746830583,0.004));
#2298=CARTESIAN_POINT('',(-0.00494974746830583,-0.00494974746830583,0.004));
#2299=CARTESIAN_POINT('',(-0.00394974746830583,-0.00494974746830583,0.004));
#2300=CARTESIAN_POINT('',(0.,-0.013,-0.034));
#2301=CARTESIAN_POINT('',(-0.0055,-0.013,-0.022));
#2302=CARTESIAN_POINT('',(0.0393,-0.013,-0.022));
#2303=CARTESIAN_POINT('',(-0.0393,-0.013,-0.022));
#2304=CARTESIAN_POINT('',(0.0393,-0.013,-0.034));
#2305=CARTESIAN_POINT('',(0.0393,-0.013,-0.034));
#2306=CARTESIAN_POINT('',(0.,-0.013,-0.034));
#2307=CARTESIAN_POINT('',(-0.0393,-0.013,-0.034));
#2308=CARTESIAN_POINT('',(-0.0393,-0.013,-0.022));
#2309=CARTESIAN_POINT('',(0.,0.013,-0.034));
#2310=CARTESIAN_POINT('',(-0.0055,0.013,-0.022));
#2311=CARTESIAN_POINT('',(0.0393,0.013,-0.022));
#2312=CARTESIAN_POINT('',(-0.0393,0.013,-0.022));
#2313=CARTESIAN_POINT('',(-0.0393,0.013,-0.034));
#2314=CARTESIAN_POINT('',(-0.0393,0.013,-0.034));
#2315=CARTESIAN_POINT('',(0.,0.013,-0.034));
#2316=CARTESIAN_POINT('',(0.0393,0.013,-0.034));
#2317=CARTESIAN_POINT('',(0.0393,0.013,-0.022));
#2318=CARTESIAN_POINT('',(0.,0.,-0.016));
#2319=CARTESIAN_POINT('',(-0.0185,-6.12323399573677E-20,-0.016));
#2320=CARTESIAN_POINT('',(-0.0195,-6.12323399573677E-20,-0.016));
#2321=CARTESIAN_POINT('',(-0.017,0.,-0.016));
#2322=CARTESIAN_POINT('',(-0.017,-0.006,-0.016));
#2323=CARTESIAN_POINT('',(-0.017,0.006,-0.016));
#2324=CARTESIAN_POINT('',(-0.02,-0.006,-0.016));
#2325=CARTESIAN_POINT('',(-0.023,-0.006,-0.016));
#2326=CARTESIAN_POINT('',(-0.023,8.67361737988404E-19,-0.016));
#2327=CARTESIAN_POINT('',(-0.023,0.006,-0.016));
#2328=CARTESIAN_POINT('',(-0.0085,0.006,-0.016));
#2329=CARTESIAN_POINT('',(0.,0.,-0.016));
#2330=CARTESIAN_POINT('',(0.0085,-1.22464679914735E-19,-0.016));
#2331=CARTESIAN_POINT('',(0.0075,-1.22464679914735E-19,-0.016));
#2332=CARTESIAN_POINT('',(0.00810977222864644,0.006,-0.016));
#2333=CARTESIAN_POINT('',(0.013,0.006,-0.016));
#2334=CARTESIAN_POINT('',(0.013,-5.20417042793042E-18,-0.016));
#2335=CARTESIAN_POINT('',(0.013,-0.006,-0.016));
#2336=CARTESIAN_POINT('',(0.00810977222864644,-0.006,-0.016));
#2337=CARTESIAN_POINT('',(0.00762368421052632,-0.00321792853528039,-0.016));
#2338=CARTESIAN_POINT('',(0.00762368421052632,0.00321792853528039,-0.016));
#2339=CARTESIAN_POINT('',(0.,0.,0.));
#2340=CARTESIAN_POINT('',(-0.017,0.,0.));
#2341=CARTESIAN_POINT('',(-0.017,-0.006,0.));
#2342=CARTESIAN_POINT('',(-0.017,0.006,0.));
#2343=CARTESIAN_POINT('',(-0.0085,0.006,0.));
#2344=CARTESIAN_POINT('',(-0.0085,-0.006,0.));
#2345=CARTESIAN_POINT('',(0.045,0.,0.004));
#2346=CARTESIAN_POINT('',(0.045,-0.0145,-0.034));
#2347=CARTESIAN_POINT('',(0.045,-0.0144870709555208,-0.034));
#2348=CARTESIAN_POINT('',(0.045,0.0144870709555208,-0.034));
#2349=CARTESIAN_POINT('',(0.045,0.00932561637833356,0.00522705478662284));
#2350=CARTESIAN_POINT('',(0.045,0.0128649138743994,-0.0216716061834775));
#2351=CARTESIAN_POINT('',(0.045,-0.0142894736842105,-0.0216716061834775));
#2352=CARTESIAN_POINT('',(0.045,-0.0128649138743994,-0.0216716061834775));
#2353=CARTESIAN_POINT('',(0.045,-0.00932561637833356,0.00522705478662284));
#2354=CARTESIAN_POINT('',(-0.045,0.,0.004));
#2355=CARTESIAN_POINT('',(-0.045,0.,-0.0216716061834775));
#2356=CARTESIAN_POINT('',(-0.045,-0.0128649138743994,-0.0216716061834775));
#2357=CARTESIAN_POINT('',(-0.045,0.0128649138743994,-0.0216716061834775));
#2358=CARTESIAN_POINT('',(-0.045,0.0145128185566862,-0.0341956817688571));
#2359=CARTESIAN_POINT('',(-0.045,0.0144870709555208,-0.034));
#2360=CARTESIAN_POINT('',(-0.045,-0.0145,-0.034));
#2361=CARTESIAN_POINT('',(-0.045,-0.0144870709555208,-0.034));
#2362=CARTESIAN_POINT('',(-0.045,-0.0128022922408967,-0.0211956817688571));
#2363=CARTESIAN_POINT('',(0.0095,3.32767680794468E-19,0.002));
#2364=CARTESIAN_POINT('',(0.0095,3.32767680794468E-19,0.002));
#2365=CARTESIAN_POINT('',(0.00824072765807135,-0.00215968358072509,0.002));
#2366=CARTESIAN_POINT('',(0.00824072765807135,0.00215968358072509,0.002));
#2367=CARTESIAN_POINT('',(0.00824072765807135,0.00215968358072509,0.002));
#2368=CARTESIAN_POINT('',(0.00824072765807135,0.00215968358072509,-0.00237523543134079));
#2369=CARTESIAN_POINT('',(0.0095,3.32767680794468E-19,-0.00237523543134079));
#2370=CARTESIAN_POINT('',(0.00824072765807135,-0.00215968358072509,-0.00237523543134079));
#2371=CARTESIAN_POINT('',(0.00824072765807135,-0.00215968358072509,0.002));
#2372=CARTESIAN_POINT('',(0.,-2.4492935982947E-19,0.002));
#2373=CARTESIAN_POINT('',(0.,-2.4492935982947E-19,0.002));
#2374=CARTESIAN_POINT('',(-0.004,-2.4492935982947E-19,0.002));
#2375=CARTESIAN_POINT('',(0.,-2.4492935982947E-19,0.));
#2376=CARTESIAN_POINT('',(-0.004,-2.4492935982947E-19,0.));
#2377=CARTESIAN_POINT('',(0.,0.,0.002));
#2378=CARTESIAN_POINT('',(0.00762368421052632,0.00321792853528039,0.002));
#2379=CARTESIAN_POINT('',(0.00762368421052632,-0.00321792853528039,0.002));
#2380=CARTESIAN_POINT('',(-0.00494974746830583,-0.00494974746830583,0.002));
#2381=CARTESIAN_POINT('',(-0.00594974746830583,-0.00494974746830583,0.002));
#2382=CARTESIAN_POINT('',(-0.00494974746830583,0.00494974746830583,0.002));
#2383=CARTESIAN_POINT('',(-0.00594974746830583,0.00494974746830583,0.002));
#2384=CARTESIAN_POINT('',(0.00494974746830583,0.00494974746830583,0.002));
#2385=CARTESIAN_POINT('',(0.00394974746830583,0.00494974746830583,0.002));
#2386=CARTESIAN_POINT('',(0.00494974746830583,-0.00494974746830583,0.002));
#2387=CARTESIAN_POINT('',(0.00394974746830583,-0.00494974746830583,0.002));
#2388=CARTESIAN_POINT('',(0.,0.,0.));
#2389=CARTESIAN_POINT('',(-0.00494974746830583,-0.00494974746830583,0.005));
#2390=CARTESIAN_POINT('',(0.00494974746830583,0.00494974746830583,0.005));
#2391=CARTESIAN_POINT('',(-0.00494974746830583,0.00494974746830583,0.005));
#2392=CARTESIAN_POINT('',(0.00494974746830583,-0.00494974746830583,0.005));
#2393=CARTESIAN_POINT('',(0.,0.,-0.034));
#2394=CARTESIAN_POINT('',(-0.038,-2.4492935982947E-19,-0.034));
#2395=CARTESIAN_POINT('',(-0.042,-2.4492935982947E-19,-0.034));
#2396=CARTESIAN_POINT('',(0.038,-5.14508742291495E-19,-0.034));
#2397=CARTESIAN_POINT('',(0.034,-5.14508742291495E-19,-0.034));
#2398=CARTESIAN_POINT('',(0.,0.016,-0.034));
#2399=CARTESIAN_POINT('',(-0.0435,0.016,-0.034));
#2400=CARTESIAN_POINT('',(0.0435,0.016,-0.034));
#2401=CARTESIAN_POINT('',(0.0435,0.0144870709555208,-0.034));
#2402=CARTESIAN_POINT('',(0.0435,-0.0144870709555208,-0.034));
#2403=CARTESIAN_POINT('',(0.0435,-0.016,-0.034));
#2404=CARTESIAN_POINT('',(0.,-0.016,-0.034));
#2405=CARTESIAN_POINT('',(-0.0435,-0.016,-0.034));
#2406=CARTESIAN_POINT('',(-0.0435,-0.0144870709555208,-0.034));
#2407=CARTESIAN_POINT('',(-0.0435,0.0144870709555208,-0.034));
#2408=CARTESIAN_POINT('',(0.00831414457415795,0.006775,-0.034));
#2409=CARTESIAN_POINT('',(0.00831414457415795,0.008,-0.034));
#2410=CARTESIAN_POINT('',(0.00377491721763538,0.008,-0.034));
#2411=CARTESIAN_POINT('',(0.0393,0.008,-0.034));
#2412=CARTESIAN_POINT('',(0.0393,0.0107,-0.034));
#2413=CARTESIAN_POINT('',(0.0419925824035672,0.0105,-0.034));
#2414=CARTESIAN_POINT('',(0.0393,0.0103,-0.034));
#2415=CARTESIAN_POINT('',(-0.0393,0.0103,-0.034));
#2416=CARTESIAN_POINT('',(-0.0419925824035672,0.0105,-0.034));
#2417=CARTESIAN_POINT('',(-0.0393,0.0107,-0.034));
#2418=CARTESIAN_POINT('',(-0.0393,0.008,-0.034));
#2419=CARTESIAN_POINT('',(-0.0247749172176354,0.008,-0.034));
#2420=CARTESIAN_POINT('',(-0.00831414457415794,0.008,-0.034));
#2421=CARTESIAN_POINT('',(-0.00831414457415794,0.006775,-0.034));
#2422=CARTESIAN_POINT('',(-0.0085,0.006,-0.034));
#2423=CARTESIAN_POINT('',(-0.023,0.006,-0.034));
#2424=CARTESIAN_POINT('',(-0.023,8.67361737988404E-19,-0.034));
#2425=CARTESIAN_POINT('',(-0.023,-0.006,-0.034));
#2426=CARTESIAN_POINT('',(-0.02,-0.006,-0.034));
#2427=CARTESIAN_POINT('',(-0.00831414457415794,-0.006775,-0.034));
#2428=CARTESIAN_POINT('',(-0.00831414457415794,-0.008,-0.034));
#2429=CARTESIAN_POINT('',(-0.0247749172176354,-0.008,-0.034));
#2430=CARTESIAN_POINT('',(-0.0393,-0.008,-0.034));
#2431=CARTESIAN_POINT('',(-0.0393,-0.0107,-0.034));
#2432=CARTESIAN_POINT('',(-0.0419925824035672,-0.0105,-0.034));
#2433=CARTESIAN_POINT('',(-0.0393,-0.0103,-0.034));
#2434=CARTESIAN_POINT('',(0.0393,-0.0103,-0.034));
#2435=CARTESIAN_POINT('',(0.0419925824035672,-0.0105,-0.034));
#2436=CARTESIAN_POINT('',(0.0393,-0.0107,-0.034));
#2437=CARTESIAN_POINT('',(0.0393,-0.008,-0.034));
#2438=CARTESIAN_POINT('',(0.00377491721763538,-0.008,-0.034));
#2439=CARTESIAN_POINT('',(0.00831414457415795,-0.008,-0.034));
#2440=CARTESIAN_POINT('',(0.00831414457415795,-0.006775,-0.034));
#2441=CARTESIAN_POINT('',(0.00810977222864644,-0.006,-0.034));
#2442=CARTESIAN_POINT('',(0.013,-0.006,-0.034));
#2443=CARTESIAN_POINT('',(0.013,-5.20417042793042E-18,-0.034));
#2444=CARTESIAN_POINT('',(0.013,0.006,-0.034));
#2445=CARTESIAN_POINT('',(0.00810977222864644,0.006,-0.034));
#2446=CARTESIAN_POINT('',(-0.017,0.,-0.016));
#2447=CARTESIAN_POINT('',(-0.017,-0.006,-0.016));
#2448=CARTESIAN_POINT('',(-0.017,0.006,-0.016));
#2449=CARTESIAN_POINT('',(-0.0085,-0.006,-0.016));
#2450=CARTESIAN_POINT('',(-0.023,-0.006,-0.034));
#2451=CARTESIAN_POINT('',(-0.0085,0.006,-0.016));
#2452=CARTESIAN_POINT('',(-0.023,0.006,-0.034));
#2453=CARTESIAN_POINT('',(0.0085,-1.22464679914735E-19,-0.008));
#2454=CARTESIAN_POINT('',(0.0085,-1.22464679914735E-19,-0.008));
#2455=CARTESIAN_POINT('',(0.0075,-1.22464679914735E-19,-0.008));
#2456=CARTESIAN_POINT('',(0.,0.,-0.008));
#2457=CARTESIAN_POINT('',(-0.0185,-6.12323399573677E-20,-0.008));
#2458=CARTESIAN_POINT('',(-0.0185,-6.12323399573677E-20,-0.008));
#2459=CARTESIAN_POINT('',(-0.0195,-6.12323399573677E-20,-0.008));
#2460=CARTESIAN_POINT('',(0.,0.,-0.008));
#2461=CARTESIAN_POINT('',(0.00377491721763538,0.008,-0.034));
#2462=CARTESIAN_POINT('',(0.00831414457415795,0.008,-0.034));
#2463=CARTESIAN_POINT('',(0.00831414457415795,0.008,-0.022));
#2464=CARTESIAN_POINT('',(0.00377491721763538,0.008,-0.022));
#2465=CARTESIAN_POINT('',(0.0393,0.008,-0.022));
#2466=CARTESIAN_POINT('',(0.0393,0.008,-0.034));
#2467=CARTESIAN_POINT('',(0.00377491721763538,-0.008,-0.034));
#2468=CARTESIAN_POINT('',(0.00377491721763538,-0.008,-0.022));
#2469=CARTESIAN_POINT('',(0.00831414457415795,-0.008,-0.022));
#2470=CARTESIAN_POINT('',(0.0393,-0.008,-0.022));
#2471=CARTESIAN_POINT('',(0.00831414457415795,-0.008,-0.034));
#2472=CARTESIAN_POINT('',(0.0393,-0.008,-0.022));
#2473=CARTESIAN_POINT('',(0.00810977222864644,-0.006,-0.034));
#2474=CARTESIAN_POINT('',(0.013,-0.006,-0.034));
#2475=CARTESIAN_POINT('',(0.013,-5.20417042793042E-18,-0.034));
#2476=CARTESIAN_POINT('',(0.013,0.006,-0.034));
#2477=CARTESIAN_POINT('',(0.00810977222864644,0.006,-0.034));
#2478=CARTESIAN_POINT('',(-0.0247749172176354,0.008,-0.034));
#2479=CARTESIAN_POINT('',(-0.0247749172176354,0.008,-0.022));
#2480=CARTESIAN_POINT('',(-0.00831414457415794,0.008,-0.022));
#2481=CARTESIAN_POINT('',(-0.0393,0.008,-0.022));
#2482=CARTESIAN_POINT('',(-0.00831414457415794,0.008,-0.034));
#2483=CARTESIAN_POINT('',(-0.0393,0.008,-0.034));
#2484=CARTESIAN_POINT('',(-0.023,8.67361737988404E-19,-0.034));
#2485=CARTESIAN_POINT('',(-0.0247749172176354,-0.008,-0.034));
#2486=CARTESIAN_POINT('',(-0.00831414457415794,-0.008,-0.034));
#2487=CARTESIAN_POINT('',(-0.00831414457415794,-0.008,-0.022));
#2488=CARTESIAN_POINT('',(-0.0247749172176354,-0.008,-0.022));
#2489=CARTESIAN_POINT('',(-0.0393,-0.008,-0.022));
#2490=CARTESIAN_POINT('',(-0.0393,-0.008,-0.034));
#2491=CARTESIAN_POINT('',(0.,0.,-0.022));
#2492=CARTESIAN_POINT('',(0.00831414457415795,-0.006775,-0.022));
#2493=CARTESIAN_POINT('',(0.0393,-0.0107,-0.022));
#2494=CARTESIAN_POINT('',(0.0419925824035672,-0.0105,-0.022));
#2495=CARTESIAN_POINT('',(0.0393,-0.0103,-0.022));
#2496=CARTESIAN_POINT('',(-0.0393,-0.0103,-0.022));
#2497=CARTESIAN_POINT('',(-0.0419925824035672,-0.0105,-0.022));
#2498=CARTESIAN_POINT('',(-0.0393,-0.0107,-0.022));
#2499=CARTESIAN_POINT('',(-0.00831414457415794,-0.006775,-0.022));
#2500=CARTESIAN_POINT('',(0.,0.,-0.022));
#2501=CARTESIAN_POINT('',(-0.00831414457415794,0.006775,-0.022));
#2502=CARTESIAN_POINT('',(-0.0393,0.0107,-0.022));
#2503=CARTESIAN_POINT('',(-0.0419925824035672,0.0105,-0.022));
#2504=CARTESIAN_POINT('',(-0.0393,0.0103,-0.022));
#2505=CARTESIAN_POINT('',(0.0393,0.0103,-0.022));
#2506=CARTESIAN_POINT('',(0.0419925824035672,0.0105,-0.022));
#2507=CARTESIAN_POINT('',(0.0393,0.0107,-0.022));
#2508=CARTESIAN_POINT('',(0.00831414457415795,0.006775,-0.022));
#2509=CARTESIAN_POINT('',(-0.0393,0.0103,-0.034));
#2510=CARTESIAN_POINT('',(-0.0419925824035672,0.0105,-0.028));
#2511=CARTESIAN_POINT('',(-0.0393,0.0107,-0.034));
#2512=CARTESIAN_POINT('',(0.0393,0.0107,-0.034));
#2513=CARTESIAN_POINT('',(0.0419925824035672,0.0105,-0.028));
#2514=CARTESIAN_POINT('',(0.0393,0.0103,-0.034));
#2515=CARTESIAN_POINT('',(0.0393,-0.0103,-0.034));
#2516=CARTESIAN_POINT('',(0.0419925824035672,-0.0105,-0.028));
#2517=CARTESIAN_POINT('',(0.0393,-0.0107,-0.034));
#2518=CARTESIAN_POINT('',(-0.0393,-0.0103,-0.034));
#2519=CARTESIAN_POINT('',(-0.0419925824035672,-0.0105,-0.028));
#2520=CARTESIAN_POINT('',(-0.0393,-0.0107,-0.034));
#2521=CARTESIAN_POINT('',(-0.038,-2.4492935982947E-19,-0.03));
#2522=CARTESIAN_POINT('',(-0.038,-2.4492935982947E-19,-0.03));
#2523=CARTESIAN_POINT('',(-0.042,-2.4492935982947E-19,-0.03));
#2524=CARTESIAN_POINT('',(0.,0.,-0.03));
#2525=CARTESIAN_POINT('',(-0.038,-1.40834381901946E-19,-0.03));
#2526=CARTESIAN_POINT('',(-0.0403,-1.40834381901946E-19,-0.03));
#2527=CARTESIAN_POINT('',(0.038,-5.14508742291495E-19,-0.03));
#2528=CARTESIAN_POINT('',(0.038,-5.14508742291495E-19,-0.03));
#2529=CARTESIAN_POINT('',(0.034,-5.14508742291495E-19,-0.03));
#2530=CARTESIAN_POINT('',(0.,0.,-0.03));
#2531=CARTESIAN_POINT('',(0.038,-4.1041376436397E-19,-0.03));
#2532=CARTESIAN_POINT('',(0.0357,-4.1041376436397E-19,-0.03));
#2533=CARTESIAN_POINT('',(0.,0.,-0.024));
#2534=CARTESIAN_POINT('',(-0.038,-1.40834381901946E-19,-0.024));
#2535=CARTESIAN_POINT('',(-0.0403,-1.40834381901946E-19,-0.024));
#2536=CARTESIAN_POINT('',(-0.038,-1.40834381901946E-19,-0.024));
#2537=CARTESIAN_POINT('',(0.,0.,-0.024));
#2538=CARTESIAN_POINT('',(0.038,-4.1041376436397E-19,-0.024));
#2539=CARTESIAN_POINT('',(0.0357,-4.1041376436397E-19,-0.024));
#2540=CARTESIAN_POINT('',(0.038,-4.1041376436397E-19,-0.024));
#2541=CARTESIAN_POINT('',(-0.031,-0.034,-0.0085));
#2542=CARTESIAN_POINT('',(-0.0174268247284685,0.011,0.00361890649243887));
#2543=CARTESIAN_POINT('',(-0.0174268247284685,-0.00968443937657341,0.00361890649243887));
#2544=CARTESIAN_POINT('',(-0.0174268247284685,0.00968443937657341,0.00361890649243887));
#2545=CARTESIAN_POINT('',(-0.04508859469262,0.0129341773892792,-0.021079102404125));
#2546=CARTESIAN_POINT('',(-0.0444990236539633,0.0128649138743994,-0.0205526996910386));
#2547=CARTESIAN_POINT('',(-0.0444990236539633,-0.034,-0.0205526996910386));
#2548=CARTESIAN_POINT('',(-0.0444990236539633,-0.0128649138743994,-0.0205526996910386));
#2549=CARTESIAN_POINT('',(-0.01708859469262,-0.00964470370506866,0.00392089759587501));
#2550=CARTESIAN_POINT('',(0.00831414457415795,0.006775,0.002));
#2551=CARTESIAN_POINT('',(-0.00831414457415794,0.006775,0.002));
#2552=CARTESIAN_POINT('',(0.00831414457415795,-0.006775,0.002));
#2553=CARTESIAN_POINT('',(-0.00831414457415794,-0.006775,0.002));
#2554=CARTESIAN_POINT('',(0.,-0.016,-0.034));
#2555=CARTESIAN_POINT('',(0.0435,-0.016,-0.034));
#2556=CARTESIAN_POINT('',(0.0435,-0.0143520953177132,-0.0214759244146204));
#2557=CARTESIAN_POINT('',(0.0160895710386567,-0.0111318851483825,0.00299767287229321));
#2558=CARTESIAN_POINT('',(0.0164278010745052,-0.0111716208198872,0.00269568176885708));
#2559=CARTESIAN_POINT('',(0.,-0.0111716208198872,0.00269568176885708));
#2560=CARTESIAN_POINT('',(-0.0164278010745052,-0.0111716208198872,0.00269568176885708));
#2561=CARTESIAN_POINT('',(-0.0440895710386567,-0.014421358832593,-0.0220023271277068));
#2562=CARTESIAN_POINT('',(-0.0435,-0.0143520953177132,-0.0214759244146204));
#2563=CARTESIAN_POINT('',(-0.0435,-0.016,-0.034));
#2564=CARTESIAN_POINT('',(0.,0.011,0.004));
#2565=CARTESIAN_POINT('',(0.0440895710386567,0.014421358832593,-0.0220023271277068));
#2566=CARTESIAN_POINT('',(0.0164278010745052,0.0111716208198872,0.00269568176885708));
#2567=CARTESIAN_POINT('',(0.0435,0.0143520953177132,-0.0214759244146204));
#2568=CARTESIAN_POINT('',(0.0435,0.011,0.004));
#2569=CARTESIAN_POINT('',(-0.0435,0.0142894736842105,-0.021));
#2570=CARTESIAN_POINT('',(-0.0435,0.0143520953177132,-0.0214759244146204));
#2571=CARTESIAN_POINT('',(-0.0160895710386567,0.0111318851483825,0.00299767287229322));
#2572=CARTESIAN_POINT('',(-0.0164278010745052,0.0111716208198872,0.00269568176885708));
#2573=CARTESIAN_POINT('',(0.,0.0111716208198872,0.00269568176885708));
#2574=CARTESIAN_POINT('',(-0.0435,-0.00932561637833356,0.00522705478662284));
#2575=CARTESIAN_POINT('',(-0.0435,-0.0128649138743994,-0.0216716061834775));
#2576=CARTESIAN_POINT('',(-0.0435,-0.0128649138743994,-0.0216716061834775));
#2577=CARTESIAN_POINT('',(-0.0435,-0.0128649138743994,-0.0216716061834775));
#2578=CARTESIAN_POINT('',(-0.0435,-0.0128649138743994,-0.0216716061834775));
#2579=CARTESIAN_POINT('',(-0.0314749094972911,-0.0114521917758669,-0.0109349182346303));
#2580=CARTESIAN_POINT('',(-0.0164278010745052,-0.00968443937657341,0.0025));
#2581=CARTESIAN_POINT('',(-0.0435,0.,-0.0216716061834775));
#2582=CARTESIAN_POINT('',(-0.0435,0.0128649138743994,-0.0216716061834775));
#2583=CARTESIAN_POINT('',(-0.0435,0.00932561637833356,0.00522705478662284));
#2584=CARTESIAN_POINT('',(-0.0435,0.0128649138743994,-0.0216716061834775));
#2585=CARTESIAN_POINT('',(-0.0164278010745052,-0.00968443937657341,0.0025));
#2586=CARTESIAN_POINT('',(-0.0164278010745052,-0.00968443937657341,0.0025));
#2587=CARTESIAN_POINT('',(-0.0164278010745052,-0.00968443937657341,0.0025));
#2588=CARTESIAN_POINT('',(-0.0435,0.0128649138743994,-0.0216716061834775));
#2589=CARTESIAN_POINT('',(-0.0435,0.0128649138743994,-0.0216716061834775));
#2590=CARTESIAN_POINT('',(0.,-0.00968443937657341,0.0025));
#2591=CARTESIAN_POINT('',(0.0164278010745052,-0.00968443937657341,0.0025));
#2592=CARTESIAN_POINT('',(-0.0164278010745052,-0.034,0.0025));
#2593=CARTESIAN_POINT('',(-0.0164278010745052,0.00968443937657341,0.0025));
#2594=CARTESIAN_POINT('',(-0.0270636777325205,0.0109339549613966,-0.00699631844465649));
#2595=CARTESIAN_POINT('',(-0.0164278010745052,0.00968443937657341,0.0025));
#2596=CARTESIAN_POINT('',(0.0164278010745052,-0.00968443937657341,0.0025));
#2597=CARTESIAN_POINT('',(0.0164278010745052,-0.00968443937657341,0.0025));
#2598=CARTESIAN_POINT('',(0.0164278010745052,-0.00968443937657341,0.0025));
#2599=CARTESIAN_POINT('',(-0.0164278010745052,0.00968443937657341,0.0025));
#2600=CARTESIAN_POINT('',(-0.0164278010745052,0.00968443937657341,0.0025));
#2601=CARTESIAN_POINT('',(0.0435,-0.00932561637833356,0.00522705478662284));
#2602=CARTESIAN_POINT('',(0.0435,-0.0128649138743994,-0.0216716061834775));
#2603=CARTESIAN_POINT('',(0.0314749094972911,-0.0114521917758669,-0.0109349182346303));
#2604=CARTESIAN_POINT('',(0.0435,-0.0128649138743994,-0.0216716061834775));
#2605=CARTESIAN_POINT('',(0.0164278010745052,0.,0.0025));
#2606=CARTESIAN_POINT('',(0.0164278010745052,0.00968443937657341,0.0025));
#2607=CARTESIAN_POINT('',(0.,0.00968443937657341,0.0025));
#2608=CARTESIAN_POINT('',(0.0164278010745052,0.00968443937657341,0.0025));
#2609=CARTESIAN_POINT('',(0.0435,-0.0128649138743994,-0.0216716061834775));
#2610=CARTESIAN_POINT('',(0.0435,-0.0128649138743994,-0.0216716061834775));
#2611=CARTESIAN_POINT('',(0.0164278010745052,0.00968443937657341,0.0025));
#2612=CARTESIAN_POINT('',(0.0164278010745052,0.0096844393765734,0.0025));
#2613=CARTESIAN_POINT('',(0.0435,-0.034,-0.0216716061834775));
#2614=CARTESIAN_POINT('',(0.0435,0.0128649138743994,-0.0216716061834775));
#2615=CARTESIAN_POINT('',(0.0270636777325205,0.0109339549613966,-0.00699631844465648));
#2616=CARTESIAN_POINT('',(0.0435,0.0128649138743994,-0.0216716061834775));
#2617=CARTESIAN_POINT('',(0.0435,0.0128649138743994,-0.0216716061834775));
#2618=CARTESIAN_POINT('',(0.0435,0.0128649138743994,-0.0216716061834775));
#2619=CARTESIAN_POINT('',(0.0435,0.00932561637833356,0.00522705478662284));
#2620=CARTESIAN_POINT('',(0.0036158896528572,4.33680868994202E-19,-0.00637133004719391));
#2621=CARTESIAN_POINT('',(0.00762368421052632,-0.00321792853528039,-0.00637133004719391));
#2622=CARTESIAN_POINT('',(0.0036158896528572,-0.005,-0.00637133004719391));
#2623=CARTESIAN_POINT('',(0.0036158896528572,0.005,-0.00637133004719391));
#2624=CARTESIAN_POINT('',(0.00762368421052632,0.00321792853528039,-0.00637133004719391));
#2625=CARTESIAN_POINT('',(0.00137807666797946,0.005,-0.00437328273926735));
#2626=CARTESIAN_POINT('',(-0.000859736316898292,0.005,-0.00237523543134079));
#2627=CARTESIAN_POINT('',(-0.000859736316898292,0.,-0.00237523543134079));
#2628=CARTESIAN_POINT('',(-0.000859736316898292,-0.005,-0.00237523543134079));
#2629=CARTESIAN_POINT('',(0.00762368421052632,-0.00321792853528039,-0.00237523543134079));
#2630=CARTESIAN_POINT('',(0.00762368421052632,0.00321792853528039,-0.00237523543134079));
#2631=CARTESIAN_POINT('',(0.00137807666797946,-0.005,-0.00437328273926735));
#2632=CARTESIAN_POINT('',(0.00762368421052632,0.00321792853528039,0.002));
#2633=CARTESIAN_POINT('',(0.00762368421052632,0.00321792853528039,0.002));
#2634=CARTESIAN_POINT('',(0.00762368421052632,-0.00321792853528039,0.002));
#2635=CARTESIAN_POINT('',(0.00762368421052632,-0.00321792853528039,0.002));
#2636=MECHANICAL_DESIGN_GEOMETRIC_PRESENTATION_REPRESENTATION('',(#1507),
#2637);
#2637=(
GEOMETRIC_REPRESENTATION_CONTEXT(3)
GLOBAL_UNCERTAINTY_ASSIGNED_CONTEXT((#2638))
GLOBAL_UNIT_ASSIGNED_CONTEXT((#2641,#2640,#2639))
REPRESENTATION_CONTEXT('Part 1','TOP_LEVEL_ASSEMBLY_PART')
);
#2638=UNCERTAINTY_MEASURE_WITH_UNIT(LENGTH_MEASURE(1.E-8),#2641,
'DISTANCE_ACCURACY_VALUE','Maximum Tolerance applied to model');
#2639=(
NAMED_UNIT(*)
SI_UNIT($,.STERADIAN.)
SOLID_ANGLE_UNIT()
);
#2640=(
NAMED_UNIT(*)
PLANE_ANGLE_UNIT()
SI_UNIT($,.RADIAN.)
);
#2641=(
LENGTH_UNIT()
NAMED_UNIT(*)
SI_UNIT($,.METRE.)
);
#2642=PRODUCT_DEFINITION_SHAPE('','',#2643);
#2643=PRODUCT_DEFINITION('','',#2645,#2644);
#2644=PRODUCT_DEFINITION_CONTEXT('',#2651,'design');
#2645=PRODUCT_DEFINITION_FORMATION_WITH_SPECIFIED_SOURCE('','',#2647,
 .NOT_KNOWN.);
#2646=PRODUCT_RELATED_PRODUCT_CATEGORY('','',(#2647));
#2647=PRODUCT('Part 1','Part 1','Part 1',(#2649));
#2648=PRODUCT_CATEGORY('','');
#2649=PRODUCT_CONTEXT('',#2651,'mechanical');
#2650=APPLICATION_PROTOCOL_DEFINITION('international standard',
'ap242_managed_model_based_3d_engineering',2020,#2651);
#2651=APPLICATION_CONTEXT('managed model based 3d engineering');
ENDSEC;
END-ISO-10303-21;
