ISO-10303-21;
HEADER;
/* Generated by software containing ST-Developer
 * from STEP Tools, Inc. (www.steptools.com) 
 */
/* OPTION: using custom renumber hook */

FILE_DESCRIPTION(
/* description */ ('STEP AP242 Edition 2',
'CAx-IF Rec.Pracs.---Representation and Presentation of Product Manufa
cturing Information (PMI)---4.0---2014-10-13',
'CAx-IF Rec.Pracs.---3D Tessellated Geometry---0.4---2014-09-14','2;1',
'CAx-IF Rec.Pracs.---User Defined Attributes---1.5---2016-08-15'),
/* implementation_level */ '2;1');

FILE_NAME(
/* name */ 'Racks',
/* time_stamp */ '2026-08-02T02:26:56Z',
/* author */ (''),
/* organization */ (''),
/* preprocessor_version */ 'ST-DEVELOPER v20',
/* originating_system */ 'ONSHAPE BY PTC INC, 1.218',
/* authorisation */ '  ');

FILE_SCHEMA (('AP242_MANAGED_MODEL_BASED_3D_ENGINEERING_MIM_LF { 1 0 10303 442 3 1 4 }'));
ENDSEC;

DATA;
#10=SHAPE_REPRESENTATION_RELATIONSHIP('','',#2165,#11);
#11=ADVANCED_BREP_SHAPE_REPRESENTATION('',(#2163),#3475);
#12=SPHERICAL_SURFACE('',#2290,0.001);
#13=SPHERICAL_SURFACE('',#2298,0.001);
#14=ELLIPSE('',#2278,0.0010243938285881,0.001);
#15=ELLIPSE('',#2279,0.0010243938285881,0.001);
#16=ELLIPSE('',#2289,0.00141421356237309,0.001);
#17=ELLIPSE('',#2293,0.00141421356237309,0.001);
#18=B_SPLINE_CURVE_WITH_KNOTS('',3,(#3355,#3356,#3357,#3358,#3359),
 .UNSPECIFIED.,.F.,.F.,(4,1,4),(0.,0.000369738944031359,0.000739477888062718),
 .UNSPECIFIED.);
#19=B_SPLINE_CURVE_WITH_KNOTS('',3,(#3365,#3366,#3367,#3368,#3369),
 .UNSPECIFIED.,.F.,.F.,(4,1,4),(0.,0.000382500743111597,0.000765001486223194),
 .UNSPECIFIED.);
#20=CYLINDRICAL_SURFACE('',#2256,0.0028);
#21=CYLINDRICAL_SURFACE('',#2258,0.0028);
#22=CYLINDRICAL_SURFACE('',#2260,0.0028);
#23=CYLINDRICAL_SURFACE('',#2261,0.0028);
#24=CYLINDRICAL_SURFACE('',#2283,0.0003);
#25=CYLINDRICAL_SURFACE('',#2284,0.0003);
#26=CYLINDRICAL_SURFACE('',#2285,0.001);
#27=CYLINDRICAL_SURFACE('',#2287,0.001);
#28=CYLINDRICAL_SURFACE('',#2292,0.001);
#29=CYLINDRICAL_SURFACE('',#2294,0.001);
#30=CYLINDRICAL_SURFACE('',#2296,0.001);
#31=CYLINDRICAL_SURFACE('',#2300,0.001);
#32=LINE('',#2856,#312);
#33=LINE('',#2858,#313);
#34=LINE('',#2860,#314);
#35=LINE('',#2862,#315);
#36=LINE('',#2865,#316);
#37=LINE('',#2867,#317);
#38=LINE('',#2869,#318);
#39=LINE('',#2871,#319);
#40=LINE('',#2874,#320);
#41=LINE('',#2876,#321);
#42=LINE('',#2878,#322);
#43=LINE('',#2880,#323);
#44=LINE('',#2883,#324);
#45=LINE('',#2885,#325);
#46=LINE('',#2887,#326);
#47=LINE('',#2889,#327);
#48=LINE('',#2892,#328);
#49=LINE('',#2896,#329);
#50=LINE('',#2902,#330);
#51=LINE('',#2904,#331);
#52=LINE('',#2906,#332);
#53=LINE('',#2908,#333);
#54=LINE('',#2910,#334);
#55=LINE('',#2912,#335);
#56=LINE('',#2914,#336);
#57=LINE('',#2916,#337);
#58=LINE('',#2918,#338);
#59=LINE('',#2920,#339);
#60=LINE('',#2922,#340);
#61=LINE('',#2924,#341);
#62=LINE('',#2926,#342);
#63=LINE('',#2928,#343);
#64=LINE('',#2930,#344);
#65=LINE('',#2932,#345);
#66=LINE('',#2934,#346);
#67=LINE('',#2936,#347);
#68=LINE('',#2938,#348);
#69=LINE('',#2940,#349);
#70=LINE('',#2942,#350);
#71=LINE('',#2944,#351);
#72=LINE('',#2946,#352);
#73=LINE('',#2948,#353);
#74=LINE('',#2950,#354);
#75=LINE('',#2952,#355);
#76=LINE('',#2954,#356);
#77=LINE('',#2956,#357);
#78=LINE('',#2958,#358);
#79=LINE('',#2960,#359);
#80=LINE('',#2962,#360);
#81=LINE('',#2964,#361);
#82=LINE('',#2966,#362);
#83=LINE('',#2968,#363);
#84=LINE('',#2970,#364);
#85=LINE('',#2972,#365);
#86=LINE('',#2974,#366);
#87=LINE('',#2976,#367);
#88=LINE('',#2978,#368);
#89=LINE('',#2980,#369);
#90=LINE('',#2982,#370);
#91=LINE('',#2984,#371);
#92=LINE('',#2986,#372);
#93=LINE('',#2988,#373);
#94=LINE('',#2990,#374);
#95=LINE('',#2992,#375);
#96=LINE('',#2994,#376);
#97=LINE('',#2996,#377);
#98=LINE('',#2998,#378);
#99=LINE('',#3000,#379);
#100=LINE('',#3002,#380);
#101=LINE('',#3004,#381);
#102=LINE('',#3006,#382);
#103=LINE('',#3008,#383);
#104=LINE('',#3010,#384);
#105=LINE('',#3012,#385);
#106=LINE('',#3014,#386);
#107=LINE('',#3016,#387);
#108=LINE('',#3018,#388);
#109=LINE('',#3020,#389);
#110=LINE('',#3022,#390);
#111=LINE('',#3024,#391);
#112=LINE('',#3026,#392);
#113=LINE('',#3028,#393);
#114=LINE('',#3030,#394);
#115=LINE('',#3032,#395);
#116=LINE('',#3034,#396);
#117=LINE('',#3036,#397);
#118=LINE('',#3038,#398);
#119=LINE('',#3040,#399);
#120=LINE('',#3042,#400);
#121=LINE('',#3044,#401);
#122=LINE('',#3046,#402);
#123=LINE('',#3048,#403);
#124=LINE('',#3050,#404);
#125=LINE('',#3052,#405);
#126=LINE('',#3054,#406);
#127=LINE('',#3056,#407);
#128=LINE('',#3058,#408);
#129=LINE('',#3060,#409);
#130=LINE('',#3062,#410);
#131=LINE('',#3064,#411);
#132=LINE('',#3066,#412);
#133=LINE('',#3068,#413);
#134=LINE('',#3070,#414);
#135=LINE('',#3072,#415);
#136=LINE('',#3074,#416);
#137=LINE('',#3076,#417);
#138=LINE('',#3078,#418);
#139=LINE('',#3080,#419);
#140=LINE('',#3082,#420);
#141=LINE('',#3084,#421);
#142=LINE('',#3086,#422);
#143=LINE('',#3088,#423);
#144=LINE('',#3090,#424);
#145=LINE('',#3092,#425);
#146=LINE('',#3094,#426);
#147=LINE('',#3097,#427);
#148=LINE('',#3099,#428);
#149=LINE('',#3101,#429);
#150=LINE('',#3103,#430);
#151=LINE('',#3105,#431);
#152=LINE('',#3107,#432);
#153=LINE('',#3109,#433);
#154=LINE('',#3111,#434);
#155=LINE('',#3113,#435);
#156=LINE('',#3115,#436);
#157=LINE('',#3117,#437);
#158=LINE('',#3119,#438);
#159=LINE('',#3121,#439);
#160=LINE('',#3123,#440);
#161=LINE('',#3125,#441);
#162=LINE('',#3127,#442);
#163=LINE('',#3129,#443);
#164=LINE('',#3131,#444);
#165=LINE('',#3133,#445);
#166=LINE('',#3136,#446);
#167=LINE('',#3137,#447);
#168=LINE('',#3142,#448);
#169=LINE('',#3144,#449);
#170=LINE('',#3146,#450);
#171=LINE('',#3147,#451);
#172=LINE('',#3149,#452);
#173=LINE('',#3151,#453);
#174=LINE('',#3152,#454);
#175=LINE('',#3154,#455);
#176=LINE('',#3156,#456);
#177=LINE('',#3157,#457);
#178=LINE('',#3159,#458);
#179=LINE('',#3161,#459);
#180=LINE('',#3162,#460);
#181=LINE('',#3164,#461);
#182=LINE('',#3166,#462);
#183=LINE('',#3167,#463);
#184=LINE('',#3169,#464);
#185=LINE('',#3171,#465);
#186=LINE('',#3172,#466);
#187=LINE('',#3174,#467);
#188=LINE('',#3176,#468);
#189=LINE('',#3177,#469);
#190=LINE('',#3179,#470);
#191=LINE('',#3181,#471);
#192=LINE('',#3182,#472);
#193=LINE('',#3184,#473);
#194=LINE('',#3186,#474);
#195=LINE('',#3187,#475);
#196=LINE('',#3189,#476);
#197=LINE('',#3191,#477);
#198=LINE('',#3192,#478);
#199=LINE('',#3194,#479);
#200=LINE('',#3196,#480);
#201=LINE('',#3197,#481);
#202=LINE('',#3199,#482);
#203=LINE('',#3201,#483);
#204=LINE('',#3202,#484);
#205=LINE('',#3204,#485);
#206=LINE('',#3206,#486);
#207=LINE('',#3207,#487);
#208=LINE('',#3209,#488);
#209=LINE('',#3211,#489);
#210=LINE('',#3212,#490);
#211=LINE('',#3214,#491);
#212=LINE('',#3216,#492);
#213=LINE('',#3217,#493);
#214=LINE('',#3219,#494);
#215=LINE('',#3221,#495);
#216=LINE('',#3222,#496);
#217=LINE('',#3224,#497);
#218=LINE('',#3226,#498);
#219=LINE('',#3227,#499);
#220=LINE('',#3229,#500);
#221=LINE('',#3231,#501);
#222=LINE('',#3236,#502);
#223=LINE('',#3238,#503);
#224=LINE('',#3240,#504);
#225=LINE('',#3242,#505);
#226=LINE('',#3244,#506);
#227=LINE('',#3246,#507);
#228=LINE('',#3248,#508);
#229=LINE('',#3250,#509);
#230=LINE('',#3252,#510);
#231=LINE('',#3254,#511);
#232=LINE('',#3256,#512);
#233=LINE('',#3258,#513);
#234=LINE('',#3260,#514);
#235=LINE('',#3262,#515);
#236=LINE('',#3264,#516);
#237=LINE('',#3266,#517);
#238=LINE('',#3268,#518);
#239=LINE('',#3270,#519);
#240=LINE('',#3272,#520);
#241=LINE('',#3274,#521);
#242=LINE('',#3276,#522);
#243=LINE('',#3278,#523);
#244=LINE('',#3280,#524);
#245=LINE('',#3282,#525);
#246=LINE('',#3284,#526);
#247=LINE('',#3286,#527);
#248=LINE('',#3288,#528);
#249=LINE('',#3291,#529);
#250=LINE('',#3293,#530);
#251=LINE('',#3296,#531);
#252=LINE('',#3298,#532);
#253=LINE('',#3301,#533);
#254=LINE('',#3303,#534);
#255=LINE('',#3306,#535);
#256=LINE('',#3308,#536);
#257=LINE('',#3311,#537);
#258=LINE('',#3313,#538);
#259=LINE('',#3316,#539);
#260=LINE('',#3318,#540);
#261=LINE('',#3321,#541);
#262=LINE('',#3323,#542);
#263=LINE('',#3326,#543);
#264=LINE('',#3328,#544);
#265=LINE('',#3331,#545);
#266=LINE('',#3333,#546);
#267=LINE('',#3336,#547);
#268=LINE('',#3338,#548);
#269=LINE('',#3341,#549);
#270=LINE('',#3343,#550);
#271=LINE('',#3346,#551);
#272=LINE('',#3348,#552);
#273=LINE('',#3351,#553);
#274=LINE('',#3361,#554);
#275=LINE('',#3363,#555);
#276=LINE('',#3373,#556);
#277=LINE('',#3376,#557);
#278=LINE('',#3378,#558);
#279=LINE('',#3380,#559);
#280=LINE('',#3382,#560);
#281=LINE('',#3384,#561);
#282=LINE('',#3386,#562);
#283=LINE('',#3388,#563);
#284=LINE('',#3389,#564);
#285=LINE('',#3391,#565);
#286=LINE('',#3393,#566);
#287=LINE('',#3397,#567);
#288=LINE('',#3399,#568);
#289=LINE('',#3401,#569);
#290=LINE('',#3403,#570);
#291=LINE('',#3405,#571);
#292=LINE('',#3410,#572);
#293=LINE('',#3414,#573);
#294=LINE('',#3415,#574);
#295=LINE('',#3417,#575);
#296=LINE('',#3420,#576);
#297=LINE('',#3421,#577);
#298=LINE('',#3423,#578);
#299=LINE('',#3425,#579);
#300=LINE('',#3427,#580);
#301=LINE('',#3429,#581);
#302=LINE('',#3431,#582);
#303=LINE('',#3433,#583);
#304=LINE('',#3435,#584);
#305=LINE('',#3437,#585);
#306=LINE('',#3439,#586);
#307=LINE('',#3446,#587);
#308=LINE('',#3448,#588);
#309=LINE('',#3451,#589);
#310=LINE('',#3453,#590);
#311=LINE('',#3455,#591);
#312=VECTOR('',#2307,1.);
#313=VECTOR('',#2308,1.);
#314=VECTOR('',#2309,1.);
#315=VECTOR('',#2312,1.);
#316=VECTOR('',#2313,1.);
#317=VECTOR('',#2314,1.);
#318=VECTOR('',#2315,1.);
#319=VECTOR('',#2318,1.);
#320=VECTOR('',#2319,1.);
#321=VECTOR('',#2320,1.);
#322=VECTOR('',#2321,1.);
#323=VECTOR('',#2324,1.);
#324=VECTOR('',#2325,1.);
#325=VECTOR('',#2326,1.);
#326=VECTOR('',#2327,1.);
#327=VECTOR('',#2330,1.);
#328=VECTOR('',#2331,1.);
#329=VECTOR('',#2334,1.);
#330=VECTOR('',#2339,1.);
#331=VECTOR('',#2340,1.);
#332=VECTOR('',#2341,1.);
#333=VECTOR('',#2342,1.);
#334=VECTOR('',#2343,1.);
#335=VECTOR('',#2344,1.);
#336=VECTOR('',#2345,1.);
#337=VECTOR('',#2346,1.);
#338=VECTOR('',#2347,1.);
#339=VECTOR('',#2348,1.);
#340=VECTOR('',#2349,1.);
#341=VECTOR('',#2350,1.);
#342=VECTOR('',#2351,1.);
#343=VECTOR('',#2352,1.);
#344=VECTOR('',#2353,1.);
#345=VECTOR('',#2354,1.);
#346=VECTOR('',#2355,1.);
#347=VECTOR('',#2356,1.);
#348=VECTOR('',#2357,1.);
#349=VECTOR('',#2358,1.);
#350=VECTOR('',#2359,1.);
#351=VECTOR('',#2360,1.);
#352=VECTOR('',#2361,1.);
#353=VECTOR('',#2362,1.);
#354=VECTOR('',#2363,1.);
#355=VECTOR('',#2364,1.);
#356=VECTOR('',#2365,1.);
#357=VECTOR('',#2366,1.);
#358=VECTOR('',#2367,1.);
#359=VECTOR('',#2368,1.);
#360=VECTOR('',#2369,1.);
#361=VECTOR('',#2370,1.);
#362=VECTOR('',#2371,1.);
#363=VECTOR('',#2372,1.);
#364=VECTOR('',#2373,1.);
#365=VECTOR('',#2374,1.);
#366=VECTOR('',#2375,1.);
#367=VECTOR('',#2376,1.);
#368=VECTOR('',#2377,1.);
#369=VECTOR('',#2378,1.);
#370=VECTOR('',#2379,1.);
#371=VECTOR('',#2380,1.);
#372=VECTOR('',#2381,1.);
#373=VECTOR('',#2382,1.);
#374=VECTOR('',#2383,1.);
#375=VECTOR('',#2384,1.);
#376=VECTOR('',#2385,1.);
#377=VECTOR('',#2386,1.);
#378=VECTOR('',#2387,1.);
#379=VECTOR('',#2388,1.);
#380=VECTOR('',#2389,1.);
#381=VECTOR('',#2390,1.);
#382=VECTOR('',#2391,1.);
#383=VECTOR('',#2392,1.);
#384=VECTOR('',#2395,1.);
#385=VECTOR('',#2396,1.);
#386=VECTOR('',#2397,1.);
#387=VECTOR('',#2400,1.);
#388=VECTOR('',#2401,1.);
#389=VECTOR('',#2402,1.);
#390=VECTOR('',#2405,1.);
#391=VECTOR('',#2406,1.);
#392=VECTOR('',#2407,1.);
#393=VECTOR('',#2410,1.);
#394=VECTOR('',#2411,1.);
#395=VECTOR('',#2412,1.);
#396=VECTOR('',#2415,1.);
#397=VECTOR('',#2416,1.);
#398=VECTOR('',#2417,1.);
#399=VECTOR('',#2420,1.);
#400=VECTOR('',#2421,1.);
#401=VECTOR('',#2422,1.);
#402=VECTOR('',#2425,1.);
#403=VECTOR('',#2426,1.);
#404=VECTOR('',#2427,1.);
#405=VECTOR('',#2430,1.);
#406=VECTOR('',#2431,1.);
#407=VECTOR('',#2432,1.);
#408=VECTOR('',#2435,1.);
#409=VECTOR('',#2436,1.);
#410=VECTOR('',#2437,1.);
#411=VECTOR('',#2440,1.);
#412=VECTOR('',#2441,1.);
#413=VECTOR('',#2442,1.);
#414=VECTOR('',#2445,1.);
#415=VECTOR('',#2446,1.);
#416=VECTOR('',#2447,1.);
#417=VECTOR('',#2450,1.);
#418=VECTOR('',#2451,1.);
#419=VECTOR('',#2452,1.);
#420=VECTOR('',#2455,1.);
#421=VECTOR('',#2456,1.);
#422=VECTOR('',#2457,1.);
#423=VECTOR('',#2460,1.);
#424=VECTOR('',#2461,1.);
#425=VECTOR('',#2462,1.);
#426=VECTOR('',#2465,1.);
#427=VECTOR('',#2466,1.);
#428=VECTOR('',#2467,1.);
#429=VECTOR('',#2468,1.);
#430=VECTOR('',#2471,1.);
#431=VECTOR('',#2472,1.);
#432=VECTOR('',#2473,1.);
#433=VECTOR('',#2476,1.);
#434=VECTOR('',#2477,1.);
#435=VECTOR('',#2478,1.);
#436=VECTOR('',#2481,1.);
#437=VECTOR('',#2482,1.);
#438=VECTOR('',#2483,1.);
#439=VECTOR('',#2486,1.);
#440=VECTOR('',#2487,1.);
#441=VECTOR('',#2488,1.);
#442=VECTOR('',#2491,1.);
#443=VECTOR('',#2492,1.);
#444=VECTOR('',#2493,1.);
#445=VECTOR('',#2496,1.);
#446=VECTOR('',#2497,1.);
#447=VECTOR('',#2498,1.);
#448=VECTOR('',#2505,1.);
#449=VECTOR('',#2506,1.);
#450=VECTOR('',#2507,1.);
#451=VECTOR('',#2508,1.);
#452=VECTOR('',#2509,1.);
#453=VECTOR('',#2510,1.);
#454=VECTOR('',#2511,1.);
#455=VECTOR('',#2512,1.);
#456=VECTOR('',#2513,1.);
#457=VECTOR('',#2514,1.);
#458=VECTOR('',#2515,1.);
#459=VECTOR('',#2516,1.);
#460=VECTOR('',#2517,1.);
#461=VECTOR('',#2518,1.);
#462=VECTOR('',#2519,1.);
#463=VECTOR('',#2520,1.);
#464=VECTOR('',#2521,1.);
#465=VECTOR('',#2522,1.);
#466=VECTOR('',#2523,1.);
#467=VECTOR('',#2524,1.);
#468=VECTOR('',#2525,1.);
#469=VECTOR('',#2526,1.);
#470=VECTOR('',#2527,1.);
#471=VECTOR('',#2528,1.);
#472=VECTOR('',#2529,1.);
#473=VECTOR('',#2530,1.);
#474=VECTOR('',#2531,1.);
#475=VECTOR('',#2532,1.);
#476=VECTOR('',#2533,1.);
#477=VECTOR('',#2534,1.);
#478=VECTOR('',#2535,1.);
#479=VECTOR('',#2536,1.);
#480=VECTOR('',#2537,1.);
#481=VECTOR('',#2538,1.);
#482=VECTOR('',#2539,1.);
#483=VECTOR('',#2540,1.);
#484=VECTOR('',#2541,1.);
#485=VECTOR('',#2542,1.);
#486=VECTOR('',#2543,1.);
#487=VECTOR('',#2544,1.);
#488=VECTOR('',#2545,1.);
#489=VECTOR('',#2546,1.);
#490=VECTOR('',#2547,1.);
#491=VECTOR('',#2548,1.);
#492=VECTOR('',#2549,1.);
#493=VECTOR('',#2550,1.);
#494=VECTOR('',#2551,1.);
#495=VECTOR('',#2552,1.);
#496=VECTOR('',#2553,1.);
#497=VECTOR('',#2554,1.);
#498=VECTOR('',#2555,1.);
#499=VECTOR('',#2556,1.);
#500=VECTOR('',#2557,1.);
#501=VECTOR('',#2558,1.);
#502=VECTOR('',#2565,1.);
#503=VECTOR('',#2566,1.);
#504=VECTOR('',#2569,1.);
#505=VECTOR('',#2570,1.);
#506=VECTOR('',#2573,1.);
#507=VECTOR('',#2576,1.);
#508=VECTOR('',#2577,1.);
#509=VECTOR('',#2580,1.);
#510=VECTOR('',#2581,1.);
#511=VECTOR('',#2584,1.);
#512=VECTOR('',#2587,1.);
#513=VECTOR('',#2588,1.);
#514=VECTOR('',#2591,1.);
#515=VECTOR('',#2592,1.);
#516=VECTOR('',#2595,1.);
#517=VECTOR('',#2598,1.);
#518=VECTOR('',#2599,1.);
#519=VECTOR('',#2602,1.);
#520=VECTOR('',#2603,1.);
#521=VECTOR('',#2606,1.);
#522=VECTOR('',#2609,1.);
#523=VECTOR('',#2610,1.);
#524=VECTOR('',#2613,1.);
#525=VECTOR('',#2614,1.);
#526=VECTOR('',#2617,1.);
#527=VECTOR('',#2620,1.);
#528=VECTOR('',#2623,1.);
#529=VECTOR('',#2628,1.);
#530=VECTOR('',#2631,1.);
#531=VECTOR('',#2636,1.);
#532=VECTOR('',#2639,1.);
#533=VECTOR('',#2644,1.);
#534=VECTOR('',#2647,1.);
#535=VECTOR('',#2652,1.);
#536=VECTOR('',#2655,1.);
#537=VECTOR('',#2660,1.);
#538=VECTOR('',#2663,1.);
#539=VECTOR('',#2668,1.);
#540=VECTOR('',#2671,1.);
#541=VECTOR('',#2676,1.);
#542=VECTOR('',#2679,1.);
#543=VECTOR('',#2684,1.);
#544=VECTOR('',#2687,1.);
#545=VECTOR('',#2692,1.);
#546=VECTOR('',#2695,1.);
#547=VECTOR('',#2700,1.);
#548=VECTOR('',#2703,1.);
#549=VECTOR('',#2708,1.);
#550=VECTOR('',#2711,1.);
#551=VECTOR('',#2716,1.);
#552=VECTOR('',#2719,1.);
#553=VECTOR('',#2724,1.);
#554=VECTOR('',#2727,1.);
#555=VECTOR('',#2730,1.);
#556=VECTOR('',#2735,1.);
#557=VECTOR('',#2740,1.);
#558=VECTOR('',#2741,1.);
#559=VECTOR('',#2744,1.);
#560=VECTOR('',#2747,1.);
#561=VECTOR('',#2750,1.);
#562=VECTOR('',#2753,1.);
#563=VECTOR('',#2754,1.);
#564=VECTOR('',#2755,1.);
#565=VECTOR('',#2758,1.);
#566=VECTOR('',#2759,1.);
#567=VECTOR('',#2764,1.);
#568=VECTOR('',#2765,1.);
#569=VECTOR('',#2766,1.);
#570=VECTOR('',#2767,1.);
#571=VECTOR('',#2768,1.);
#572=VECTOR('',#2775,1.);
#573=VECTOR('',#2778,1.);
#574=VECTOR('',#2779,1.);
#575=VECTOR('',#2782,1.);
#576=VECTOR('',#2783,1.);
#577=VECTOR('',#2784,1.);
#578=VECTOR('',#2787,1.);
#579=VECTOR('',#2788,1.);
#580=VECTOR('',#2789,1.);
#581=VECTOR('',#2790,1.);
#582=VECTOR('',#2793,1.);
#583=VECTOR('',#2794,1.);
#584=VECTOR('',#2795,1.);
#585=VECTOR('',#2796,1.);
#586=VECTOR('',#2799,1.);
#587=VECTOR('',#2808,1.);
#588=VECTOR('',#2811,1.);
#589=VECTOR('',#2812,1.);
#590=VECTOR('',#2813,1.);
#591=VECTOR('',#2814,1.);
#592=ORIENTED_EDGE('',*,*,#1204,.T.);
#593=ORIENTED_EDGE('',*,*,#1205,.T.);
#594=ORIENTED_EDGE('',*,*,#1206,.F.);
#595=ORIENTED_EDGE('',*,*,#1207,.T.);
#596=ORIENTED_EDGE('',*,*,#1208,.F.);
#597=ORIENTED_EDGE('',*,*,#1209,.T.);
#598=ORIENTED_EDGE('',*,*,#1210,.F.);
#599=ORIENTED_EDGE('',*,*,#1211,.T.);
#600=ORIENTED_EDGE('',*,*,#1212,.F.);
#601=ORIENTED_EDGE('',*,*,#1213,.T.);
#602=ORIENTED_EDGE('',*,*,#1214,.F.);
#603=ORIENTED_EDGE('',*,*,#1215,.T.);
#604=ORIENTED_EDGE('',*,*,#1216,.F.);
#605=ORIENTED_EDGE('',*,*,#1217,.T.);
#606=ORIENTED_EDGE('',*,*,#1218,.F.);
#607=ORIENTED_EDGE('',*,*,#1219,.T.);
#608=ORIENTED_EDGE('',*,*,#1220,.F.);
#609=ORIENTED_EDGE('',*,*,#1221,.F.);
#610=ORIENTED_EDGE('',*,*,#1222,.T.);
#611=ORIENTED_EDGE('',*,*,#1223,.F.);
#612=ORIENTED_EDGE('',*,*,#1224,.T.);
#613=ORIENTED_EDGE('',*,*,#1225,.T.);
#614=ORIENTED_EDGE('',*,*,#1226,.T.);
#615=ORIENTED_EDGE('',*,*,#1227,.F.);
#616=ORIENTED_EDGE('',*,*,#1228,.F.);
#617=ORIENTED_EDGE('',*,*,#1229,.F.);
#618=ORIENTED_EDGE('',*,*,#1230,.T.);
#619=ORIENTED_EDGE('',*,*,#1231,.F.);
#620=ORIENTED_EDGE('',*,*,#1232,.F.);
#621=ORIENTED_EDGE('',*,*,#1233,.F.);
#622=ORIENTED_EDGE('',*,*,#1234,.T.);
#623=ORIENTED_EDGE('',*,*,#1235,.F.);
#624=ORIENTED_EDGE('',*,*,#1236,.F.);
#625=ORIENTED_EDGE('',*,*,#1237,.F.);
#626=ORIENTED_EDGE('',*,*,#1238,.T.);
#627=ORIENTED_EDGE('',*,*,#1239,.F.);
#628=ORIENTED_EDGE('',*,*,#1240,.F.);
#629=ORIENTED_EDGE('',*,*,#1241,.F.);
#630=ORIENTED_EDGE('',*,*,#1242,.T.);
#631=ORIENTED_EDGE('',*,*,#1243,.F.);
#632=ORIENTED_EDGE('',*,*,#1244,.F.);
#633=ORIENTED_EDGE('',*,*,#1245,.F.);
#634=ORIENTED_EDGE('',*,*,#1246,.T.);
#635=ORIENTED_EDGE('',*,*,#1247,.F.);
#636=ORIENTED_EDGE('',*,*,#1248,.F.);
#637=ORIENTED_EDGE('',*,*,#1249,.F.);
#638=ORIENTED_EDGE('',*,*,#1250,.T.);
#639=ORIENTED_EDGE('',*,*,#1251,.F.);
#640=ORIENTED_EDGE('',*,*,#1252,.F.);
#641=ORIENTED_EDGE('',*,*,#1253,.F.);
#642=ORIENTED_EDGE('',*,*,#1254,.T.);
#643=ORIENTED_EDGE('',*,*,#1255,.F.);
#644=ORIENTED_EDGE('',*,*,#1256,.F.);
#645=ORIENTED_EDGE('',*,*,#1257,.F.);
#646=ORIENTED_EDGE('',*,*,#1258,.T.);
#647=ORIENTED_EDGE('',*,*,#1259,.F.);
#648=ORIENTED_EDGE('',*,*,#1260,.F.);
#649=ORIENTED_EDGE('',*,*,#1261,.F.);
#650=ORIENTED_EDGE('',*,*,#1262,.T.);
#651=ORIENTED_EDGE('',*,*,#1263,.F.);
#652=ORIENTED_EDGE('',*,*,#1264,.F.);
#653=ORIENTED_EDGE('',*,*,#1265,.F.);
#654=ORIENTED_EDGE('',*,*,#1266,.T.);
#655=ORIENTED_EDGE('',*,*,#1267,.F.);
#656=ORIENTED_EDGE('',*,*,#1268,.F.);
#657=ORIENTED_EDGE('',*,*,#1269,.F.);
#658=ORIENTED_EDGE('',*,*,#1270,.T.);
#659=ORIENTED_EDGE('',*,*,#1271,.F.);
#660=ORIENTED_EDGE('',*,*,#1272,.F.);
#661=ORIENTED_EDGE('',*,*,#1273,.F.);
#662=ORIENTED_EDGE('',*,*,#1274,.T.);
#663=ORIENTED_EDGE('',*,*,#1275,.F.);
#664=ORIENTED_EDGE('',*,*,#1276,.F.);
#665=ORIENTED_EDGE('',*,*,#1277,.F.);
#666=ORIENTED_EDGE('',*,*,#1278,.T.);
#667=ORIENTED_EDGE('',*,*,#1279,.F.);
#668=ORIENTED_EDGE('',*,*,#1226,.F.);
#669=ORIENTED_EDGE('',*,*,#1280,.T.);
#670=ORIENTED_EDGE('',*,*,#1281,.T.);
#671=ORIENTED_EDGE('',*,*,#1282,.T.);
#672=ORIENTED_EDGE('',*,*,#1283,.F.);
#673=ORIENTED_EDGE('',*,*,#1284,.T.);
#674=ORIENTED_EDGE('',*,*,#1285,.T.);
#675=ORIENTED_EDGE('',*,*,#1230,.F.);
#676=ORIENTED_EDGE('',*,*,#1286,.F.);
#677=ORIENTED_EDGE('',*,*,#1287,.T.);
#678=ORIENTED_EDGE('',*,*,#1288,.T.);
#679=ORIENTED_EDGE('',*,*,#1234,.F.);
#680=ORIENTED_EDGE('',*,*,#1289,.F.);
#681=ORIENTED_EDGE('',*,*,#1290,.T.);
#682=ORIENTED_EDGE('',*,*,#1291,.T.);
#683=ORIENTED_EDGE('',*,*,#1238,.F.);
#684=ORIENTED_EDGE('',*,*,#1292,.F.);
#685=ORIENTED_EDGE('',*,*,#1293,.T.);
#686=ORIENTED_EDGE('',*,*,#1294,.T.);
#687=ORIENTED_EDGE('',*,*,#1242,.F.);
#688=ORIENTED_EDGE('',*,*,#1295,.F.);
#689=ORIENTED_EDGE('',*,*,#1296,.T.);
#690=ORIENTED_EDGE('',*,*,#1297,.T.);
#691=ORIENTED_EDGE('',*,*,#1246,.F.);
#692=ORIENTED_EDGE('',*,*,#1298,.F.);
#693=ORIENTED_EDGE('',*,*,#1299,.T.);
#694=ORIENTED_EDGE('',*,*,#1300,.T.);
#695=ORIENTED_EDGE('',*,*,#1250,.F.);
#696=ORIENTED_EDGE('',*,*,#1301,.F.);
#697=ORIENTED_EDGE('',*,*,#1302,.T.);
#698=ORIENTED_EDGE('',*,*,#1303,.T.);
#699=ORIENTED_EDGE('',*,*,#1254,.F.);
#700=ORIENTED_EDGE('',*,*,#1304,.F.);
#701=ORIENTED_EDGE('',*,*,#1305,.T.);
#702=ORIENTED_EDGE('',*,*,#1306,.T.);
#703=ORIENTED_EDGE('',*,*,#1258,.F.);
#704=ORIENTED_EDGE('',*,*,#1307,.F.);
#705=ORIENTED_EDGE('',*,*,#1308,.T.);
#706=ORIENTED_EDGE('',*,*,#1309,.T.);
#707=ORIENTED_EDGE('',*,*,#1262,.F.);
#708=ORIENTED_EDGE('',*,*,#1310,.F.);
#709=ORIENTED_EDGE('',*,*,#1311,.T.);
#710=ORIENTED_EDGE('',*,*,#1312,.T.);
#711=ORIENTED_EDGE('',*,*,#1266,.F.);
#712=ORIENTED_EDGE('',*,*,#1313,.F.);
#713=ORIENTED_EDGE('',*,*,#1314,.T.);
#714=ORIENTED_EDGE('',*,*,#1315,.T.);
#715=ORIENTED_EDGE('',*,*,#1270,.F.);
#716=ORIENTED_EDGE('',*,*,#1316,.F.);
#717=ORIENTED_EDGE('',*,*,#1317,.T.);
#718=ORIENTED_EDGE('',*,*,#1318,.T.);
#719=ORIENTED_EDGE('',*,*,#1274,.F.);
#720=ORIENTED_EDGE('',*,*,#1319,.F.);
#721=ORIENTED_EDGE('',*,*,#1320,.T.);
#722=ORIENTED_EDGE('',*,*,#1321,.T.);
#723=ORIENTED_EDGE('',*,*,#1278,.F.);
#724=ORIENTED_EDGE('',*,*,#1322,.F.);
#725=ORIENTED_EDGE('',*,*,#1323,.T.);
#726=ORIENTED_EDGE('',*,*,#1324,.T.);
#727=ORIENTED_EDGE('',*,*,#1325,.F.);
#728=ORIENTED_EDGE('',*,*,#1326,.F.);
#729=ORIENTED_EDGE('',*,*,#1327,.T.);
#730=ORIENTED_EDGE('',*,*,#1328,.T.);
#731=ORIENTED_EDGE('',*,*,#1219,.F.);
#732=ORIENTED_EDGE('',*,*,#1329,.F.);
#733=ORIENTED_EDGE('',*,*,#1330,.T.);
#734=ORIENTED_EDGE('',*,*,#1331,.T.);
#735=ORIENTED_EDGE('',*,*,#1215,.F.);
#736=ORIENTED_EDGE('',*,*,#1332,.F.);
#737=ORIENTED_EDGE('',*,*,#1333,.T.);
#738=ORIENTED_EDGE('',*,*,#1334,.T.);
#739=ORIENTED_EDGE('',*,*,#1211,.F.);
#740=ORIENTED_EDGE('',*,*,#1335,.F.);
#741=ORIENTED_EDGE('',*,*,#1336,.T.);
#742=ORIENTED_EDGE('',*,*,#1337,.F.);
#743=ORIENTED_EDGE('',*,*,#1325,.T.);
#744=ORIENTED_EDGE('',*,*,#1223,.T.);
#745=ORIENTED_EDGE('',*,*,#1338,.T.);
#746=ORIENTED_EDGE('',*,*,#1339,.F.);
#747=ORIENTED_EDGE('',*,*,#1340,.T.);
#748=ORIENTED_EDGE('',*,*,#1341,.T.);
#749=ORIENTED_EDGE('',*,*,#1342,.T.);
#750=ORIENTED_EDGE('',*,*,#1207,.F.);
#751=ORIENTED_EDGE('',*,*,#1343,.F.);
#752=ORIENTED_EDGE('',*,*,#1339,.T.);
#753=ORIENTED_EDGE('',*,*,#1344,.T.);
#754=ORIENTED_EDGE('',*,*,#1345,.T.);
#755=ORIENTED_EDGE('',*,*,#1341,.F.);
#756=ORIENTED_EDGE('',*,*,#1346,.F.);
#757=ORIENTED_EDGE('',*,*,#1347,.F.);
#758=ORIENTED_EDGE('',*,*,#1348,.F.);
#759=ORIENTED_EDGE('',*,*,#1333,.F.);
#760=ORIENTED_EDGE('',*,*,#1349,.F.);
#761=ORIENTED_EDGE('',*,*,#1350,.F.);
#762=ORIENTED_EDGE('',*,*,#1351,.F.);
#763=ORIENTED_EDGE('',*,*,#1330,.F.);
#764=ORIENTED_EDGE('',*,*,#1352,.F.);
#765=ORIENTED_EDGE('',*,*,#1353,.F.);
#766=ORIENTED_EDGE('',*,*,#1354,.F.);
#767=ORIENTED_EDGE('',*,*,#1327,.F.);
#768=ORIENTED_EDGE('',*,*,#1355,.F.);
#769=ORIENTED_EDGE('',*,*,#1356,.F.);
#770=ORIENTED_EDGE('',*,*,#1357,.F.);
#771=ORIENTED_EDGE('',*,*,#1323,.F.);
#772=ORIENTED_EDGE('',*,*,#1358,.F.);
#773=ORIENTED_EDGE('',*,*,#1359,.F.);
#774=ORIENTED_EDGE('',*,*,#1360,.F.);
#775=ORIENTED_EDGE('',*,*,#1320,.F.);
#776=ORIENTED_EDGE('',*,*,#1361,.F.);
#777=ORIENTED_EDGE('',*,*,#1362,.F.);
#778=ORIENTED_EDGE('',*,*,#1363,.F.);
#779=ORIENTED_EDGE('',*,*,#1317,.F.);
#780=ORIENTED_EDGE('',*,*,#1364,.F.);
#781=ORIENTED_EDGE('',*,*,#1365,.F.);
#782=ORIENTED_EDGE('',*,*,#1366,.F.);
#783=ORIENTED_EDGE('',*,*,#1314,.F.);
#784=ORIENTED_EDGE('',*,*,#1367,.F.);
#785=ORIENTED_EDGE('',*,*,#1368,.F.);
#786=ORIENTED_EDGE('',*,*,#1369,.F.);
#787=ORIENTED_EDGE('',*,*,#1311,.F.);
#788=ORIENTED_EDGE('',*,*,#1370,.F.);
#789=ORIENTED_EDGE('',*,*,#1371,.F.);
#790=ORIENTED_EDGE('',*,*,#1372,.F.);
#791=ORIENTED_EDGE('',*,*,#1308,.F.);
#792=ORIENTED_EDGE('',*,*,#1373,.F.);
#793=ORIENTED_EDGE('',*,*,#1374,.F.);
#794=ORIENTED_EDGE('',*,*,#1375,.F.);
#795=ORIENTED_EDGE('',*,*,#1305,.F.);
#796=ORIENTED_EDGE('',*,*,#1376,.F.);
#797=ORIENTED_EDGE('',*,*,#1377,.F.);
#798=ORIENTED_EDGE('',*,*,#1378,.F.);
#799=ORIENTED_EDGE('',*,*,#1302,.F.);
#800=ORIENTED_EDGE('',*,*,#1379,.F.);
#801=ORIENTED_EDGE('',*,*,#1380,.F.);
#802=ORIENTED_EDGE('',*,*,#1381,.F.);
#803=ORIENTED_EDGE('',*,*,#1299,.F.);
#804=ORIENTED_EDGE('',*,*,#1382,.F.);
#805=ORIENTED_EDGE('',*,*,#1383,.F.);
#806=ORIENTED_EDGE('',*,*,#1384,.F.);
#807=ORIENTED_EDGE('',*,*,#1296,.F.);
#808=ORIENTED_EDGE('',*,*,#1385,.F.);
#809=ORIENTED_EDGE('',*,*,#1386,.F.);
#810=ORIENTED_EDGE('',*,*,#1387,.F.);
#811=ORIENTED_EDGE('',*,*,#1293,.F.);
#812=ORIENTED_EDGE('',*,*,#1388,.F.);
#813=ORIENTED_EDGE('',*,*,#1389,.F.);
#814=ORIENTED_EDGE('',*,*,#1390,.F.);
#815=ORIENTED_EDGE('',*,*,#1290,.F.);
#816=ORIENTED_EDGE('',*,*,#1391,.F.);
#817=ORIENTED_EDGE('',*,*,#1392,.F.);
#818=ORIENTED_EDGE('',*,*,#1393,.F.);
#819=ORIENTED_EDGE('',*,*,#1287,.F.);
#820=ORIENTED_EDGE('',*,*,#1394,.F.);
#821=ORIENTED_EDGE('',*,*,#1395,.F.);
#822=ORIENTED_EDGE('',*,*,#1396,.F.);
#823=ORIENTED_EDGE('',*,*,#1284,.F.);
#824=ORIENTED_EDGE('',*,*,#1397,.F.);
#825=ORIENTED_EDGE('',*,*,#1398,.F.);
#826=ORIENTED_EDGE('',*,*,#1399,.F.);
#827=ORIENTED_EDGE('',*,*,#1281,.F.);
#828=ORIENTED_EDGE('',*,*,#1400,.T.);
#829=ORIENTED_EDGE('',*,*,#1401,.T.);
#830=ORIENTED_EDGE('',*,*,#1348,.T.);
#831=ORIENTED_EDGE('',*,*,#1402,.T.);
#832=ORIENTED_EDGE('',*,*,#1403,.T.);
#833=ORIENTED_EDGE('',*,*,#1208,.T.);
#834=ORIENTED_EDGE('',*,*,#1334,.F.);
#835=ORIENTED_EDGE('',*,*,#1347,.T.);
#836=ORIENTED_EDGE('',*,*,#1404,.T.);
#837=ORIENTED_EDGE('',*,*,#1405,.T.);
#838=ORIENTED_EDGE('',*,*,#1402,.F.);
#839=ORIENTED_EDGE('',*,*,#1346,.T.);
#840=ORIENTED_EDGE('',*,*,#1343,.T.);
#841=ORIENTED_EDGE('',*,*,#1206,.T.);
#842=ORIENTED_EDGE('',*,*,#1406,.T.);
#843=ORIENTED_EDGE('',*,*,#1404,.F.);
#844=ORIENTED_EDGE('',*,*,#1351,.T.);
#845=ORIENTED_EDGE('',*,*,#1407,.T.);
#846=ORIENTED_EDGE('',*,*,#1408,.T.);
#847=ORIENTED_EDGE('',*,*,#1212,.T.);
#848=ORIENTED_EDGE('',*,*,#1331,.F.);
#849=ORIENTED_EDGE('',*,*,#1350,.T.);
#850=ORIENTED_EDGE('',*,*,#1409,.T.);
#851=ORIENTED_EDGE('',*,*,#1410,.T.);
#852=ORIENTED_EDGE('',*,*,#1407,.F.);
#853=ORIENTED_EDGE('',*,*,#1349,.T.);
#854=ORIENTED_EDGE('',*,*,#1332,.T.);
#855=ORIENTED_EDGE('',*,*,#1210,.T.);
#856=ORIENTED_EDGE('',*,*,#1411,.T.);
#857=ORIENTED_EDGE('',*,*,#1409,.F.);
#858=ORIENTED_EDGE('',*,*,#1354,.T.);
#859=ORIENTED_EDGE('',*,*,#1412,.T.);
#860=ORIENTED_EDGE('',*,*,#1413,.T.);
#861=ORIENTED_EDGE('',*,*,#1216,.T.);
#862=ORIENTED_EDGE('',*,*,#1328,.F.);
#863=ORIENTED_EDGE('',*,*,#1353,.T.);
#864=ORIENTED_EDGE('',*,*,#1414,.T.);
#865=ORIENTED_EDGE('',*,*,#1415,.T.);
#866=ORIENTED_EDGE('',*,*,#1412,.F.);
#867=ORIENTED_EDGE('',*,*,#1352,.T.);
#868=ORIENTED_EDGE('',*,*,#1329,.T.);
#869=ORIENTED_EDGE('',*,*,#1214,.T.);
#870=ORIENTED_EDGE('',*,*,#1416,.T.);
#871=ORIENTED_EDGE('',*,*,#1414,.F.);
#872=ORIENTED_EDGE('',*,*,#1357,.T.);
#873=ORIENTED_EDGE('',*,*,#1417,.T.);
#874=ORIENTED_EDGE('',*,*,#1418,.T.);
#875=ORIENTED_EDGE('',*,*,#1335,.T.);
#876=ORIENTED_EDGE('',*,*,#1324,.F.);
#877=ORIENTED_EDGE('',*,*,#1356,.T.);
#878=ORIENTED_EDGE('',*,*,#1419,.T.);
#879=ORIENTED_EDGE('',*,*,#1420,.T.);
#880=ORIENTED_EDGE('',*,*,#1417,.F.);
#881=ORIENTED_EDGE('',*,*,#1355,.T.);
#882=ORIENTED_EDGE('',*,*,#1326,.T.);
#883=ORIENTED_EDGE('',*,*,#1218,.T.);
#884=ORIENTED_EDGE('',*,*,#1421,.T.);
#885=ORIENTED_EDGE('',*,*,#1419,.F.);
#886=ORIENTED_EDGE('',*,*,#1360,.T.);
#887=ORIENTED_EDGE('',*,*,#1422,.T.);
#888=ORIENTED_EDGE('',*,*,#1423,.T.);
#889=ORIENTED_EDGE('',*,*,#1279,.T.);
#890=ORIENTED_EDGE('',*,*,#1321,.F.);
#891=ORIENTED_EDGE('',*,*,#1359,.T.);
#892=ORIENTED_EDGE('',*,*,#1424,.T.);
#893=ORIENTED_EDGE('',*,*,#1425,.T.);
#894=ORIENTED_EDGE('',*,*,#1422,.F.);
#895=ORIENTED_EDGE('',*,*,#1358,.T.);
#896=ORIENTED_EDGE('',*,*,#1322,.T.);
#897=ORIENTED_EDGE('',*,*,#1337,.T.);
#898=ORIENTED_EDGE('',*,*,#1426,.T.);
#899=ORIENTED_EDGE('',*,*,#1424,.F.);
#900=ORIENTED_EDGE('',*,*,#1363,.T.);
#901=ORIENTED_EDGE('',*,*,#1427,.T.);
#902=ORIENTED_EDGE('',*,*,#1275,.T.);
#903=ORIENTED_EDGE('',*,*,#1318,.F.);
#904=ORIENTED_EDGE('',*,*,#1362,.T.);
#905=ORIENTED_EDGE('',*,*,#1428,.T.);
#906=ORIENTED_EDGE('',*,*,#1276,.T.);
#907=ORIENTED_EDGE('',*,*,#1427,.F.);
#908=ORIENTED_EDGE('',*,*,#1361,.T.);
#909=ORIENTED_EDGE('',*,*,#1319,.T.);
#910=ORIENTED_EDGE('',*,*,#1277,.T.);
#911=ORIENTED_EDGE('',*,*,#1428,.F.);
#912=ORIENTED_EDGE('',*,*,#1366,.T.);
#913=ORIENTED_EDGE('',*,*,#1429,.T.);
#914=ORIENTED_EDGE('',*,*,#1271,.T.);
#915=ORIENTED_EDGE('',*,*,#1315,.F.);
#916=ORIENTED_EDGE('',*,*,#1365,.T.);
#917=ORIENTED_EDGE('',*,*,#1430,.T.);
#918=ORIENTED_EDGE('',*,*,#1272,.T.);
#919=ORIENTED_EDGE('',*,*,#1429,.F.);
#920=ORIENTED_EDGE('',*,*,#1364,.T.);
#921=ORIENTED_EDGE('',*,*,#1316,.T.);
#922=ORIENTED_EDGE('',*,*,#1273,.T.);
#923=ORIENTED_EDGE('',*,*,#1430,.F.);
#924=ORIENTED_EDGE('',*,*,#1369,.T.);
#925=ORIENTED_EDGE('',*,*,#1431,.T.);
#926=ORIENTED_EDGE('',*,*,#1267,.T.);
#927=ORIENTED_EDGE('',*,*,#1312,.F.);
#928=ORIENTED_EDGE('',*,*,#1368,.T.);
#929=ORIENTED_EDGE('',*,*,#1432,.T.);
#930=ORIENTED_EDGE('',*,*,#1268,.T.);
#931=ORIENTED_EDGE('',*,*,#1431,.F.);
#932=ORIENTED_EDGE('',*,*,#1367,.T.);
#933=ORIENTED_EDGE('',*,*,#1313,.T.);
#934=ORIENTED_EDGE('',*,*,#1269,.T.);
#935=ORIENTED_EDGE('',*,*,#1432,.F.);
#936=ORIENTED_EDGE('',*,*,#1372,.T.);
#937=ORIENTED_EDGE('',*,*,#1433,.T.);
#938=ORIENTED_EDGE('',*,*,#1263,.T.);
#939=ORIENTED_EDGE('',*,*,#1309,.F.);
#940=ORIENTED_EDGE('',*,*,#1371,.T.);
#941=ORIENTED_EDGE('',*,*,#1434,.T.);
#942=ORIENTED_EDGE('',*,*,#1264,.T.);
#943=ORIENTED_EDGE('',*,*,#1433,.F.);
#944=ORIENTED_EDGE('',*,*,#1370,.T.);
#945=ORIENTED_EDGE('',*,*,#1310,.T.);
#946=ORIENTED_EDGE('',*,*,#1265,.T.);
#947=ORIENTED_EDGE('',*,*,#1434,.F.);
#948=ORIENTED_EDGE('',*,*,#1375,.T.);
#949=ORIENTED_EDGE('',*,*,#1435,.T.);
#950=ORIENTED_EDGE('',*,*,#1259,.T.);
#951=ORIENTED_EDGE('',*,*,#1306,.F.);
#952=ORIENTED_EDGE('',*,*,#1374,.T.);
#953=ORIENTED_EDGE('',*,*,#1436,.T.);
#954=ORIENTED_EDGE('',*,*,#1260,.T.);
#955=ORIENTED_EDGE('',*,*,#1435,.F.);
#956=ORIENTED_EDGE('',*,*,#1373,.T.);
#957=ORIENTED_EDGE('',*,*,#1307,.T.);
#958=ORIENTED_EDGE('',*,*,#1261,.T.);
#959=ORIENTED_EDGE('',*,*,#1436,.F.);
#960=ORIENTED_EDGE('',*,*,#1378,.T.);
#961=ORIENTED_EDGE('',*,*,#1437,.T.);
#962=ORIENTED_EDGE('',*,*,#1255,.T.);
#963=ORIENTED_EDGE('',*,*,#1303,.F.);
#964=ORIENTED_EDGE('',*,*,#1377,.T.);
#965=ORIENTED_EDGE('',*,*,#1438,.T.);
#966=ORIENTED_EDGE('',*,*,#1256,.T.);
#967=ORIENTED_EDGE('',*,*,#1437,.F.);
#968=ORIENTED_EDGE('',*,*,#1376,.T.);
#969=ORIENTED_EDGE('',*,*,#1304,.T.);
#970=ORIENTED_EDGE('',*,*,#1257,.T.);
#971=ORIENTED_EDGE('',*,*,#1438,.F.);
#972=ORIENTED_EDGE('',*,*,#1381,.T.);
#973=ORIENTED_EDGE('',*,*,#1439,.T.);
#974=ORIENTED_EDGE('',*,*,#1251,.T.);
#975=ORIENTED_EDGE('',*,*,#1300,.F.);
#976=ORIENTED_EDGE('',*,*,#1380,.T.);
#977=ORIENTED_EDGE('',*,*,#1440,.T.);
#978=ORIENTED_EDGE('',*,*,#1252,.T.);
#979=ORIENTED_EDGE('',*,*,#1439,.F.);
#980=ORIENTED_EDGE('',*,*,#1379,.T.);
#981=ORIENTED_EDGE('',*,*,#1301,.T.);
#982=ORIENTED_EDGE('',*,*,#1253,.T.);
#983=ORIENTED_EDGE('',*,*,#1440,.F.);
#984=ORIENTED_EDGE('',*,*,#1384,.T.);
#985=ORIENTED_EDGE('',*,*,#1441,.T.);
#986=ORIENTED_EDGE('',*,*,#1247,.T.);
#987=ORIENTED_EDGE('',*,*,#1297,.F.);
#988=ORIENTED_EDGE('',*,*,#1383,.T.);
#989=ORIENTED_EDGE('',*,*,#1442,.T.);
#990=ORIENTED_EDGE('',*,*,#1248,.T.);
#991=ORIENTED_EDGE('',*,*,#1441,.F.);
#992=ORIENTED_EDGE('',*,*,#1382,.T.);
#993=ORIENTED_EDGE('',*,*,#1298,.T.);
#994=ORIENTED_EDGE('',*,*,#1249,.T.);
#995=ORIENTED_EDGE('',*,*,#1442,.F.);
#996=ORIENTED_EDGE('',*,*,#1387,.T.);
#997=ORIENTED_EDGE('',*,*,#1443,.T.);
#998=ORIENTED_EDGE('',*,*,#1243,.T.);
#999=ORIENTED_EDGE('',*,*,#1294,.F.);
#1000=ORIENTED_EDGE('',*,*,#1386,.T.);
#1001=ORIENTED_EDGE('',*,*,#1444,.T.);
#1002=ORIENTED_EDGE('',*,*,#1244,.T.);
#1003=ORIENTED_EDGE('',*,*,#1443,.F.);
#1004=ORIENTED_EDGE('',*,*,#1385,.T.);
#1005=ORIENTED_EDGE('',*,*,#1295,.T.);
#1006=ORIENTED_EDGE('',*,*,#1245,.T.);
#1007=ORIENTED_EDGE('',*,*,#1444,.F.);
#1008=ORIENTED_EDGE('',*,*,#1390,.T.);
#1009=ORIENTED_EDGE('',*,*,#1445,.T.);
#1010=ORIENTED_EDGE('',*,*,#1239,.T.);
#1011=ORIENTED_EDGE('',*,*,#1291,.F.);
#1012=ORIENTED_EDGE('',*,*,#1389,.T.);
#1013=ORIENTED_EDGE('',*,*,#1446,.T.);
#1014=ORIENTED_EDGE('',*,*,#1240,.T.);
#1015=ORIENTED_EDGE('',*,*,#1445,.F.);
#1016=ORIENTED_EDGE('',*,*,#1388,.T.);
#1017=ORIENTED_EDGE('',*,*,#1292,.T.);
#1018=ORIENTED_EDGE('',*,*,#1241,.T.);
#1019=ORIENTED_EDGE('',*,*,#1446,.F.);
#1020=ORIENTED_EDGE('',*,*,#1393,.T.);
#1021=ORIENTED_EDGE('',*,*,#1447,.T.);
#1022=ORIENTED_EDGE('',*,*,#1235,.T.);
#1023=ORIENTED_EDGE('',*,*,#1288,.F.);
#1024=ORIENTED_EDGE('',*,*,#1392,.T.);
#1025=ORIENTED_EDGE('',*,*,#1448,.T.);
#1026=ORIENTED_EDGE('',*,*,#1236,.T.);
#1027=ORIENTED_EDGE('',*,*,#1447,.F.);
#1028=ORIENTED_EDGE('',*,*,#1391,.T.);
#1029=ORIENTED_EDGE('',*,*,#1289,.T.);
#1030=ORIENTED_EDGE('',*,*,#1237,.T.);
#1031=ORIENTED_EDGE('',*,*,#1448,.F.);
#1032=ORIENTED_EDGE('',*,*,#1396,.T.);
#1033=ORIENTED_EDGE('',*,*,#1449,.T.);
#1034=ORIENTED_EDGE('',*,*,#1231,.T.);
#1035=ORIENTED_EDGE('',*,*,#1285,.F.);
#1036=ORIENTED_EDGE('',*,*,#1395,.T.);
#1037=ORIENTED_EDGE('',*,*,#1450,.T.);
#1038=ORIENTED_EDGE('',*,*,#1232,.T.);
#1039=ORIENTED_EDGE('',*,*,#1449,.F.);
#1040=ORIENTED_EDGE('',*,*,#1394,.T.);
#1041=ORIENTED_EDGE('',*,*,#1286,.T.);
#1042=ORIENTED_EDGE('',*,*,#1233,.T.);
#1043=ORIENTED_EDGE('',*,*,#1450,.F.);
#1044=ORIENTED_EDGE('',*,*,#1399,.T.);
#1045=ORIENTED_EDGE('',*,*,#1451,.T.);
#1046=ORIENTED_EDGE('',*,*,#1227,.T.);
#1047=ORIENTED_EDGE('',*,*,#1282,.F.);
#1048=ORIENTED_EDGE('',*,*,#1398,.T.);
#1049=ORIENTED_EDGE('',*,*,#1452,.T.);
#1050=ORIENTED_EDGE('',*,*,#1228,.T.);
#1051=ORIENTED_EDGE('',*,*,#1451,.F.);
#1052=ORIENTED_EDGE('',*,*,#1397,.T.);
#1053=ORIENTED_EDGE('',*,*,#1283,.T.);
#1054=ORIENTED_EDGE('',*,*,#1229,.T.);
#1055=ORIENTED_EDGE('',*,*,#1452,.F.);
#1056=ORIENTED_EDGE('',*,*,#1342,.F.);
#1057=ORIENTED_EDGE('',*,*,#1345,.F.);
#1058=ORIENTED_EDGE('',*,*,#1453,.F.);
#1059=ORIENTED_EDGE('',*,*,#1454,.F.);
#1060=ORIENTED_EDGE('',*,*,#1455,.T.);
#1061=ORIENTED_EDGE('',*,*,#1456,.T.);
#1062=ORIENTED_EDGE('',*,*,#1204,.F.);
#1063=ORIENTED_EDGE('',*,*,#1344,.F.);
#1064=ORIENTED_EDGE('',*,*,#1338,.F.);
#1065=ORIENTED_EDGE('',*,*,#1222,.F.);
#1066=ORIENTED_EDGE('',*,*,#1457,.F.);
#1067=ORIENTED_EDGE('',*,*,#1458,.T.);
#1068=ORIENTED_EDGE('',*,*,#1459,.F.);
#1069=ORIENTED_EDGE('',*,*,#1453,.T.);
#1070=ORIENTED_EDGE('',*,*,#1460,.F.);
#1071=ORIENTED_EDGE('',*,*,#1400,.F.);
#1072=ORIENTED_EDGE('',*,*,#1280,.F.);
#1073=ORIENTED_EDGE('',*,*,#1225,.F.);
#1074=ORIENTED_EDGE('',*,*,#1401,.F.);
#1075=ORIENTED_EDGE('',*,*,#1460,.T.);
#1076=ORIENTED_EDGE('',*,*,#1224,.F.);
#1077=ORIENTED_EDGE('',*,*,#1340,.F.);
#1078=ORIENTED_EDGE('',*,*,#1423,.F.);
#1079=ORIENTED_EDGE('',*,*,#1425,.F.);
#1080=ORIENTED_EDGE('',*,*,#1426,.F.);
#1081=ORIENTED_EDGE('',*,*,#1461,.T.);
#1082=ORIENTED_EDGE('',*,*,#1462,.F.);
#1083=ORIENTED_EDGE('',*,*,#1418,.F.);
#1084=ORIENTED_EDGE('',*,*,#1420,.F.);
#1085=ORIENTED_EDGE('',*,*,#1421,.F.);
#1086=ORIENTED_EDGE('',*,*,#1463,.T.);
#1087=ORIENTED_EDGE('',*,*,#1413,.F.);
#1088=ORIENTED_EDGE('',*,*,#1415,.F.);
#1089=ORIENTED_EDGE('',*,*,#1416,.F.);
#1090=ORIENTED_EDGE('',*,*,#1464,.T.);
#1091=ORIENTED_EDGE('',*,*,#1408,.F.);
#1092=ORIENTED_EDGE('',*,*,#1410,.F.);
#1093=ORIENTED_EDGE('',*,*,#1411,.F.);
#1094=ORIENTED_EDGE('',*,*,#1465,.T.);
#1095=ORIENTED_EDGE('',*,*,#1456,.F.);
#1096=ORIENTED_EDGE('',*,*,#1466,.T.);
#1097=ORIENTED_EDGE('',*,*,#1467,.T.);
#1098=ORIENTED_EDGE('',*,*,#1461,.F.);
#1099=ORIENTED_EDGE('',*,*,#1336,.F.);
#1100=ORIENTED_EDGE('',*,*,#1463,.F.);
#1101=ORIENTED_EDGE('',*,*,#1217,.F.);
#1102=ORIENTED_EDGE('',*,*,#1464,.F.);
#1103=ORIENTED_EDGE('',*,*,#1213,.F.);
#1104=ORIENTED_EDGE('',*,*,#1465,.F.);
#1105=ORIENTED_EDGE('',*,*,#1209,.F.);
#1106=ORIENTED_EDGE('',*,*,#1468,.F.);
#1107=ORIENTED_EDGE('',*,*,#1205,.F.);
#1108=ORIENTED_EDGE('',*,*,#1469,.F.);
#1109=ORIENTED_EDGE('',*,*,#1470,.T.);
#1110=ORIENTED_EDGE('',*,*,#1457,.T.);
#1111=ORIENTED_EDGE('',*,*,#1221,.T.);
#1112=ORIENTED_EDGE('',*,*,#1220,.T.);
#1113=ORIENTED_EDGE('',*,*,#1462,.T.);
#1114=ORIENTED_EDGE('',*,*,#1467,.F.);
#1115=ORIENTED_EDGE('',*,*,#1471,.T.);
#1116=ORIENTED_EDGE('',*,*,#1472,.T.);
#1117=ORIENTED_EDGE('',*,*,#1473,.F.);
#1118=ORIENTED_EDGE('',*,*,#1474,.F.);
#1119=ORIENTED_EDGE('',*,*,#1475,.T.);
#1120=ORIENTED_EDGE('',*,*,#1476,.T.);
#1121=ORIENTED_EDGE('',*,*,#1477,.T.);
#1122=ORIENTED_EDGE('',*,*,#1469,.T.);
#1123=ORIENTED_EDGE('',*,*,#1403,.F.);
#1124=ORIENTED_EDGE('',*,*,#1405,.F.);
#1125=ORIENTED_EDGE('',*,*,#1406,.F.);
#1126=ORIENTED_EDGE('',*,*,#1468,.T.);
#1127=ORIENTED_EDGE('',*,*,#1478,.T.);
#1128=ORIENTED_EDGE('',*,*,#1479,.T.);
#1129=ORIENTED_EDGE('',*,*,#1480,.T.);
#1130=ORIENTED_EDGE('',*,*,#1459,.T.);
#1131=ORIENTED_EDGE('',*,*,#1481,.T.);
#1132=ORIENTED_EDGE('',*,*,#1476,.F.);
#1133=ORIENTED_EDGE('',*,*,#1482,.T.);
#1134=ORIENTED_EDGE('',*,*,#1483,.T.);
#1135=ORIENTED_EDGE('',*,*,#1478,.F.);
#1136=ORIENTED_EDGE('',*,*,#1475,.F.);
#1137=ORIENTED_EDGE('',*,*,#1484,.T.);
#1138=ORIENTED_EDGE('',*,*,#1485,.T.);
#1139=ORIENTED_EDGE('',*,*,#1486,.T.);
#1140=ORIENTED_EDGE('',*,*,#1487,.T.);
#1141=ORIENTED_EDGE('',*,*,#1488,.F.);
#1142=ORIENTED_EDGE('',*,*,#1473,.T.);
#1143=ORIENTED_EDGE('',*,*,#1480,.F.);
#1144=ORIENTED_EDGE('',*,*,#1489,.T.);
#1145=ORIENTED_EDGE('',*,*,#1490,.T.);
#1146=ORIENTED_EDGE('',*,*,#1491,.T.);
#1147=ORIENTED_EDGE('',*,*,#1492,.F.);
#1148=ORIENTED_EDGE('',*,*,#1493,.T.);
#1149=ORIENTED_EDGE('',*,*,#1494,.T.);
#1150=ORIENTED_EDGE('',*,*,#1484,.F.);
#1151=ORIENTED_EDGE('',*,*,#1474,.T.);
#1152=ORIENTED_EDGE('',*,*,#1488,.T.);
#1153=ORIENTED_EDGE('',*,*,#1495,.T.);
#1154=ORIENTED_EDGE('',*,*,#1492,.T.);
#1155=ORIENTED_EDGE('',*,*,#1496,.T.);
#1156=ORIENTED_EDGE('',*,*,#1485,.F.);
#1157=ORIENTED_EDGE('',*,*,#1472,.F.);
#1158=ORIENTED_EDGE('',*,*,#1497,.T.);
#1159=ORIENTED_EDGE('',*,*,#1454,.T.);
#1160=ORIENTED_EDGE('',*,*,#1498,.T.);
#1161=ORIENTED_EDGE('',*,*,#1499,.T.);
#1162=ORIENTED_EDGE('',*,*,#1500,.T.);
#1163=ORIENTED_EDGE('',*,*,#1501,.T.);
#1164=ORIENTED_EDGE('',*,*,#1458,.F.);
#1165=ORIENTED_EDGE('',*,*,#1470,.F.);
#1166=ORIENTED_EDGE('',*,*,#1477,.F.);
#1167=ORIENTED_EDGE('',*,*,#1481,.F.);
#1168=ORIENTED_EDGE('',*,*,#1455,.F.);
#1169=ORIENTED_EDGE('',*,*,#1497,.F.);
#1170=ORIENTED_EDGE('',*,*,#1471,.F.);
#1171=ORIENTED_EDGE('',*,*,#1466,.F.);
#1172=ORIENTED_EDGE('',*,*,#1496,.F.);
#1173=ORIENTED_EDGE('',*,*,#1491,.F.);
#1174=ORIENTED_EDGE('',*,*,#1502,.F.);
#1175=ORIENTED_EDGE('',*,*,#1486,.F.);
#1176=ORIENTED_EDGE('',*,*,#1495,.F.);
#1177=ORIENTED_EDGE('',*,*,#1487,.F.);
#1178=ORIENTED_EDGE('',*,*,#1503,.F.);
#1179=ORIENTED_EDGE('',*,*,#1498,.F.);
#1180=ORIENTED_EDGE('',*,*,#1504,.F.);
#1181=ORIENTED_EDGE('',*,*,#1503,.T.);
#1182=ORIENTED_EDGE('',*,*,#1502,.T.);
#1183=ORIENTED_EDGE('',*,*,#1505,.F.);
#1184=ORIENTED_EDGE('',*,*,#1504,.T.);
#1185=ORIENTED_EDGE('',*,*,#1501,.F.);
#1186=ORIENTED_EDGE('',*,*,#1506,.F.);
#1187=ORIENTED_EDGE('',*,*,#1493,.F.);
#1188=ORIENTED_EDGE('',*,*,#1505,.T.);
#1189=ORIENTED_EDGE('',*,*,#1490,.F.);
#1190=ORIENTED_EDGE('',*,*,#1507,.F.);
#1191=ORIENTED_EDGE('',*,*,#1499,.F.);
#1192=ORIENTED_EDGE('',*,*,#1506,.T.);
#1193=ORIENTED_EDGE('',*,*,#1500,.F.);
#1194=ORIENTED_EDGE('',*,*,#1508,.F.);
#1195=ORIENTED_EDGE('',*,*,#1482,.F.);
#1196=ORIENTED_EDGE('',*,*,#1494,.F.);
#1197=ORIENTED_EDGE('',*,*,#1508,.T.);
#1198=ORIENTED_EDGE('',*,*,#1507,.T.);
#1199=ORIENTED_EDGE('',*,*,#1509,.F.);
#1200=ORIENTED_EDGE('',*,*,#1509,.T.);
#1201=ORIENTED_EDGE('',*,*,#1489,.F.);
#1202=ORIENTED_EDGE('',*,*,#1479,.F.);
#1203=ORIENTED_EDGE('',*,*,#1483,.F.);
#1204=EDGE_CURVE('',#1510,#1511,#1708,.F.);
#1205=EDGE_CURVE('',#1511,#1512,#32,.T.);
#1206=EDGE_CURVE('',#1513,#1512,#33,.T.);
#1207=EDGE_CURVE('',#1513,#1510,#34,.T.);
#1208=EDGE_CURVE('',#1514,#1515,#35,.T.);
#1209=EDGE_CURVE('',#1514,#1516,#36,.T.);
#1210=EDGE_CURVE('',#1517,#1516,#37,.T.);
#1211=EDGE_CURVE('',#1517,#1515,#38,.T.);
#1212=EDGE_CURVE('',#1518,#1519,#39,.T.);
#1213=EDGE_CURVE('',#1518,#1520,#40,.T.);
#1214=EDGE_CURVE('',#1521,#1520,#41,.T.);
#1215=EDGE_CURVE('',#1521,#1519,#42,.T.);
#1216=EDGE_CURVE('',#1522,#1523,#43,.T.);
#1217=EDGE_CURVE('',#1522,#1524,#44,.T.);
#1218=EDGE_CURVE('',#1525,#1524,#45,.T.);
#1219=EDGE_CURVE('',#1525,#1523,#46,.T.);
#1220=EDGE_CURVE('',#1526,#1527,#47,.T.);
#1221=EDGE_CURVE('',#1528,#1526,#48,.T.);
#1222=EDGE_CURVE('',#1528,#1529,#1709,.F.);
#1223=EDGE_CURVE('',#1530,#1529,#49,.T.);
#1224=EDGE_CURVE('',#1530,#1531,#1710,.F.);
#1225=EDGE_CURVE('',#1531,#1532,#1711,.F.);
#1226=EDGE_CURVE('',#1532,#1533,#50,.T.);
#1227=EDGE_CURVE('',#1534,#1533,#51,.T.);
#1228=EDGE_CURVE('',#1535,#1534,#52,.T.);
#1229=EDGE_CURVE('',#1536,#1535,#53,.T.);
#1230=EDGE_CURVE('',#1536,#1537,#54,.T.);
#1231=EDGE_CURVE('',#1538,#1537,#55,.T.);
#1232=EDGE_CURVE('',#1539,#1538,#56,.T.);
#1233=EDGE_CURVE('',#1540,#1539,#57,.T.);
#1234=EDGE_CURVE('',#1540,#1541,#58,.T.);
#1235=EDGE_CURVE('',#1542,#1541,#59,.T.);
#1236=EDGE_CURVE('',#1543,#1542,#60,.T.);
#1237=EDGE_CURVE('',#1544,#1543,#61,.T.);
#1238=EDGE_CURVE('',#1544,#1545,#62,.T.);
#1239=EDGE_CURVE('',#1546,#1545,#63,.T.);
#1240=EDGE_CURVE('',#1547,#1546,#64,.T.);
#1241=EDGE_CURVE('',#1548,#1547,#65,.T.);
#1242=EDGE_CURVE('',#1548,#1549,#66,.T.);
#1243=EDGE_CURVE('',#1550,#1549,#67,.T.);
#1244=EDGE_CURVE('',#1551,#1550,#68,.T.);
#1245=EDGE_CURVE('',#1552,#1551,#69,.T.);
#1246=EDGE_CURVE('',#1552,#1553,#70,.T.);
#1247=EDGE_CURVE('',#1554,#1553,#71,.T.);
#1248=EDGE_CURVE('',#1555,#1554,#72,.T.);
#1249=EDGE_CURVE('',#1556,#1555,#73,.T.);
#1250=EDGE_CURVE('',#1556,#1557,#74,.T.);
#1251=EDGE_CURVE('',#1558,#1557,#75,.T.);
#1252=EDGE_CURVE('',#1559,#1558,#76,.T.);
#1253=EDGE_CURVE('',#1560,#1559,#77,.T.);
#1254=EDGE_CURVE('',#1560,#1561,#78,.T.);
#1255=EDGE_CURVE('',#1562,#1561,#79,.T.);
#1256=EDGE_CURVE('',#1563,#1562,#80,.T.);
#1257=EDGE_CURVE('',#1564,#1563,#81,.T.);
#1258=EDGE_CURVE('',#1564,#1565,#82,.T.);
#1259=EDGE_CURVE('',#1566,#1565,#83,.T.);
#1260=EDGE_CURVE('',#1567,#1566,#84,.T.);
#1261=EDGE_CURVE('',#1568,#1567,#85,.T.);
#1262=EDGE_CURVE('',#1568,#1569,#86,.T.);
#1263=EDGE_CURVE('',#1570,#1569,#87,.T.);
#1264=EDGE_CURVE('',#1571,#1570,#88,.T.);
#1265=EDGE_CURVE('',#1572,#1571,#89,.T.);
#1266=EDGE_CURVE('',#1572,#1573,#90,.T.);
#1267=EDGE_CURVE('',#1574,#1573,#91,.T.);
#1268=EDGE_CURVE('',#1575,#1574,#92,.T.);
#1269=EDGE_CURVE('',#1576,#1575,#93,.T.);
#1270=EDGE_CURVE('',#1576,#1577,#94,.T.);
#1271=EDGE_CURVE('',#1578,#1577,#95,.T.);
#1272=EDGE_CURVE('',#1579,#1578,#96,.T.);
#1273=EDGE_CURVE('',#1580,#1579,#97,.T.);
#1274=EDGE_CURVE('',#1580,#1581,#98,.T.);
#1275=EDGE_CURVE('',#1582,#1581,#99,.T.);
#1276=EDGE_CURVE('',#1583,#1582,#100,.T.);
#1277=EDGE_CURVE('',#1584,#1583,#101,.T.);
#1278=EDGE_CURVE('',#1584,#1585,#102,.T.);
#1279=EDGE_CURVE('',#1527,#1585,#103,.T.);
#1280=EDGE_CURVE('',#1532,#1586,#104,.F.);
#1281=EDGE_CURVE('',#1586,#1587,#105,.T.);
#1282=EDGE_CURVE('',#1587,#1533,#106,.T.);
#1283=EDGE_CURVE('',#1588,#1536,#107,.T.);
#1284=EDGE_CURVE('',#1588,#1589,#108,.T.);
#1285=EDGE_CURVE('',#1589,#1537,#109,.T.);
#1286=EDGE_CURVE('',#1590,#1540,#110,.T.);
#1287=EDGE_CURVE('',#1590,#1591,#111,.T.);
#1288=EDGE_CURVE('',#1591,#1541,#112,.T.);
#1289=EDGE_CURVE('',#1592,#1544,#113,.T.);
#1290=EDGE_CURVE('',#1592,#1593,#114,.T.);
#1291=EDGE_CURVE('',#1593,#1545,#115,.T.);
#1292=EDGE_CURVE('',#1594,#1548,#116,.T.);
#1293=EDGE_CURVE('',#1594,#1595,#117,.T.);
#1294=EDGE_CURVE('',#1595,#1549,#118,.T.);
#1295=EDGE_CURVE('',#1596,#1552,#119,.T.);
#1296=EDGE_CURVE('',#1596,#1597,#120,.T.);
#1297=EDGE_CURVE('',#1597,#1553,#121,.T.);
#1298=EDGE_CURVE('',#1598,#1556,#122,.T.);
#1299=EDGE_CURVE('',#1598,#1599,#123,.T.);
#1300=EDGE_CURVE('',#1599,#1557,#124,.T.);
#1301=EDGE_CURVE('',#1600,#1560,#125,.T.);
#1302=EDGE_CURVE('',#1600,#1601,#126,.T.);
#1303=EDGE_CURVE('',#1601,#1561,#127,.T.);
#1304=EDGE_CURVE('',#1602,#1564,#128,.T.);
#1305=EDGE_CURVE('',#1602,#1603,#129,.T.);
#1306=EDGE_CURVE('',#1603,#1565,#130,.T.);
#1307=EDGE_CURVE('',#1604,#1568,#131,.T.);
#1308=EDGE_CURVE('',#1604,#1605,#132,.T.);
#1309=EDGE_CURVE('',#1605,#1569,#133,.T.);
#1310=EDGE_CURVE('',#1606,#1572,#134,.T.);
#1311=EDGE_CURVE('',#1606,#1607,#135,.T.);
#1312=EDGE_CURVE('',#1607,#1573,#136,.T.);
#1313=EDGE_CURVE('',#1608,#1576,#137,.T.);
#1314=EDGE_CURVE('',#1608,#1609,#138,.T.);
#1315=EDGE_CURVE('',#1609,#1577,#139,.T.);
#1316=EDGE_CURVE('',#1610,#1580,#140,.T.);
#1317=EDGE_CURVE('',#1610,#1611,#141,.T.);
#1318=EDGE_CURVE('',#1611,#1581,#142,.T.);
#1319=EDGE_CURVE('',#1612,#1584,#143,.T.);
#1320=EDGE_CURVE('',#1612,#1613,#144,.T.);
#1321=EDGE_CURVE('',#1613,#1585,#145,.T.);
#1322=EDGE_CURVE('',#1614,#1615,#146,.T.);
#1323=EDGE_CURVE('',#1614,#1616,#147,.T.);
#1324=EDGE_CURVE('',#1616,#1617,#148,.T.);
#1325=EDGE_CURVE('',#1615,#1617,#149,.T.);
#1326=EDGE_CURVE('',#1618,#1525,#150,.T.);
#1327=EDGE_CURVE('',#1618,#1619,#151,.T.);
#1328=EDGE_CURVE('',#1619,#1523,#152,.T.);
#1329=EDGE_CURVE('',#1620,#1521,#153,.T.);
#1330=EDGE_CURVE('',#1620,#1621,#154,.T.);
#1331=EDGE_CURVE('',#1621,#1519,#155,.T.);
#1332=EDGE_CURVE('',#1622,#1517,#156,.T.);
#1333=EDGE_CURVE('',#1622,#1623,#157,.T.);
#1334=EDGE_CURVE('',#1623,#1515,#158,.T.);
#1335=EDGE_CURVE('',#1624,#1617,#159,.T.);
#1336=EDGE_CURVE('',#1624,#1625,#160,.T.);
#1337=EDGE_CURVE('',#1615,#1625,#161,.T.);
#1338=EDGE_CURVE('',#1529,#1626,#162,.F.);
#1339=EDGE_CURVE('',#1627,#1626,#163,.T.);
#1340=EDGE_CURVE('',#1627,#1530,#164,.T.);
#1341=EDGE_CURVE('',#1628,#1629,#165,.T.);
#1342=EDGE_CURVE('',#1629,#1510,#166,.T.);
#1343=EDGE_CURVE('',#1628,#1513,#167,.T.);
#1344=EDGE_CURVE('',#1626,#1630,#1712,.T.);
#1345=EDGE_CURVE('',#1630,#1629,#1713,.T.);
#1346=EDGE_CURVE('',#1631,#1628,#168,.T.);
#1347=EDGE_CURVE('',#1632,#1631,#169,.T.);
#1348=EDGE_CURVE('',#1623,#1632,#170,.T.);
#1349=EDGE_CURVE('',#1633,#1622,#171,.T.);
#1350=EDGE_CURVE('',#1634,#1633,#172,.T.);
#1351=EDGE_CURVE('',#1621,#1634,#173,.T.);
#1352=EDGE_CURVE('',#1635,#1620,#174,.T.);
#1353=EDGE_CURVE('',#1636,#1635,#175,.T.);
#1354=EDGE_CURVE('',#1619,#1636,#176,.T.);
#1355=EDGE_CURVE('',#1637,#1618,#177,.T.);
#1356=EDGE_CURVE('',#1638,#1637,#178,.T.);
#1357=EDGE_CURVE('',#1616,#1638,#179,.T.);
#1358=EDGE_CURVE('',#1639,#1614,#180,.T.);
#1359=EDGE_CURVE('',#1640,#1639,#181,.T.);
#1360=EDGE_CURVE('',#1613,#1640,#182,.T.);
#1361=EDGE_CURVE('',#1641,#1612,#183,.T.);
#1362=EDGE_CURVE('',#1642,#1641,#184,.T.);
#1363=EDGE_CURVE('',#1611,#1642,#185,.T.);
#1364=EDGE_CURVE('',#1643,#1610,#186,.T.);
#1365=EDGE_CURVE('',#1644,#1643,#187,.T.);
#1366=EDGE_CURVE('',#1609,#1644,#188,.T.);
#1367=EDGE_CURVE('',#1645,#1608,#189,.T.);
#1368=EDGE_CURVE('',#1646,#1645,#190,.T.);
#1369=EDGE_CURVE('',#1607,#1646,#191,.T.);
#1370=EDGE_CURVE('',#1647,#1606,#192,.T.);
#1371=EDGE_CURVE('',#1648,#1647,#193,.T.);
#1372=EDGE_CURVE('',#1605,#1648,#194,.T.);
#1373=EDGE_CURVE('',#1649,#1604,#195,.T.);
#1374=EDGE_CURVE('',#1650,#1649,#196,.T.);
#1375=EDGE_CURVE('',#1603,#1650,#197,.T.);
#1376=EDGE_CURVE('',#1651,#1602,#198,.T.);
#1377=EDGE_CURVE('',#1652,#1651,#199,.T.);
#1378=EDGE_CURVE('',#1601,#1652,#200,.T.);
#1379=EDGE_CURVE('',#1653,#1600,#201,.T.);
#1380=EDGE_CURVE('',#1654,#1653,#202,.T.);
#1381=EDGE_CURVE('',#1599,#1654,#203,.T.);
#1382=EDGE_CURVE('',#1655,#1598,#204,.T.);
#1383=EDGE_CURVE('',#1656,#1655,#205,.T.);
#1384=EDGE_CURVE('',#1597,#1656,#206,.T.);
#1385=EDGE_CURVE('',#1657,#1596,#207,.T.);
#1386=EDGE_CURVE('',#1658,#1657,#208,.T.);
#1387=EDGE_CURVE('',#1595,#1658,#209,.T.);
#1388=EDGE_CURVE('',#1659,#1594,#210,.T.);
#1389=EDGE_CURVE('',#1660,#1659,#211,.T.);
#1390=EDGE_CURVE('',#1593,#1660,#212,.T.);
#1391=EDGE_CURVE('',#1661,#1592,#213,.T.);
#1392=EDGE_CURVE('',#1662,#1661,#214,.T.);
#1393=EDGE_CURVE('',#1591,#1662,#215,.T.);
#1394=EDGE_CURVE('',#1663,#1590,#216,.T.);
#1395=EDGE_CURVE('',#1664,#1663,#217,.T.);
#1396=EDGE_CURVE('',#1589,#1664,#218,.T.);
#1397=EDGE_CURVE('',#1665,#1588,#219,.T.);
#1398=EDGE_CURVE('',#1666,#1665,#220,.T.);
#1399=EDGE_CURVE('',#1587,#1666,#221,.T.);
#1400=EDGE_CURVE('',#1586,#1667,#1714,.T.);
#1401=EDGE_CURVE('',#1667,#1627,#1715,.T.);
#1402=EDGE_CURVE('',#1632,#1668,#222,.T.);
#1403=EDGE_CURVE('',#1668,#1514,#223,.T.);
#1404=EDGE_CURVE('',#1631,#1669,#224,.T.);
#1405=EDGE_CURVE('',#1669,#1668,#225,.T.);
#1406=EDGE_CURVE('',#1512,#1669,#226,.T.);
#1407=EDGE_CURVE('',#1634,#1670,#227,.T.);
#1408=EDGE_CURVE('',#1670,#1518,#228,.T.);
#1409=EDGE_CURVE('',#1633,#1671,#229,.T.);
#1410=EDGE_CURVE('',#1671,#1670,#230,.T.);
#1411=EDGE_CURVE('',#1516,#1671,#231,.T.);
#1412=EDGE_CURVE('',#1636,#1672,#232,.T.);
#1413=EDGE_CURVE('',#1672,#1522,#233,.T.);
#1414=EDGE_CURVE('',#1635,#1673,#234,.T.);
#1415=EDGE_CURVE('',#1673,#1672,#235,.T.);
#1416=EDGE_CURVE('',#1520,#1673,#236,.T.);
#1417=EDGE_CURVE('',#1638,#1674,#237,.T.);
#1418=EDGE_CURVE('',#1674,#1624,#238,.T.);
#1419=EDGE_CURVE('',#1637,#1675,#239,.T.);
#1420=EDGE_CURVE('',#1675,#1674,#240,.T.);
#1421=EDGE_CURVE('',#1524,#1675,#241,.T.);
#1422=EDGE_CURVE('',#1640,#1676,#242,.T.);
#1423=EDGE_CURVE('',#1676,#1527,#243,.T.);
#1424=EDGE_CURVE('',#1639,#1677,#244,.T.);
#1425=EDGE_CURVE('',#1677,#1676,#245,.T.);
#1426=EDGE_CURVE('',#1625,#1677,#246,.T.);
#1427=EDGE_CURVE('',#1642,#1582,#247,.T.);
#1428=EDGE_CURVE('',#1641,#1583,#248,.T.);
#1429=EDGE_CURVE('',#1644,#1578,#249,.T.);
#1430=EDGE_CURVE('',#1643,#1579,#250,.T.);
#1431=EDGE_CURVE('',#1646,#1574,#251,.T.);
#1432=EDGE_CURVE('',#1645,#1575,#252,.T.);
#1433=EDGE_CURVE('',#1648,#1570,#253,.T.);
#1434=EDGE_CURVE('',#1647,#1571,#254,.T.);
#1435=EDGE_CURVE('',#1650,#1566,#255,.T.);
#1436=EDGE_CURVE('',#1649,#1567,#256,.T.);
#1437=EDGE_CURVE('',#1652,#1562,#257,.T.);
#1438=EDGE_CURVE('',#1651,#1563,#258,.T.);
#1439=EDGE_CURVE('',#1654,#1558,#259,.T.);
#1440=EDGE_CURVE('',#1653,#1559,#260,.T.);
#1441=EDGE_CURVE('',#1656,#1554,#261,.T.);
#1442=EDGE_CURVE('',#1655,#1555,#262,.T.);
#1443=EDGE_CURVE('',#1658,#1550,#263,.T.);
#1444=EDGE_CURVE('',#1657,#1551,#264,.T.);
#1445=EDGE_CURVE('',#1660,#1546,#265,.T.);
#1446=EDGE_CURVE('',#1659,#1547,#266,.T.);
#1447=EDGE_CURVE('',#1662,#1542,#267,.T.);
#1448=EDGE_CURVE('',#1661,#1543,#268,.T.);
#1449=EDGE_CURVE('',#1664,#1538,#269,.T.);
#1450=EDGE_CURVE('',#1663,#1539,#270,.T.);
#1451=EDGE_CURVE('',#1666,#1534,#271,.T.);
#1452=EDGE_CURVE('',#1665,#1535,#272,.T.);
#1453=EDGE_CURVE('',#1678,#1630,#273,.T.);
#1454=EDGE_CURVE('',#1679,#1678,#1716,.F.);
#1455=EDGE_CURVE('',#1679,#1680,#18,.T.);
#1456=EDGE_CURVE('',#1680,#1511,#274,.T.);
#1457=EDGE_CURVE('',#1681,#1528,#275,.T.);
#1458=EDGE_CURVE('',#1681,#1682,#19,.T.);
#1459=EDGE_CURVE('',#1678,#1682,#1717,.F.);
#1460=EDGE_CURVE('',#1667,#1531,#276,.T.);
#1461=EDGE_CURVE('',#1625,#1683,#277,.T.);
#1462=EDGE_CURVE('',#1527,#1683,#278,.T.);
#1463=EDGE_CURVE('',#1524,#1624,#279,.T.);
#1464=EDGE_CURVE('',#1520,#1522,#280,.T.);
#1465=EDGE_CURVE('',#1516,#1518,#281,.T.);
#1466=EDGE_CURVE('',#1680,#1684,#282,.T.);
#1467=EDGE_CURVE('',#1684,#1683,#283,.T.);
#1468=EDGE_CURVE('',#1512,#1514,#284,.T.);
#1469=EDGE_CURVE('',#1685,#1526,#285,.T.);
#1470=EDGE_CURVE('',#1685,#1681,#286,.F.);
#1471=EDGE_CURVE('',#1684,#1686,#1718,.T.);
#1472=EDGE_CURVE('',#1686,#1687,#287,.T.);
#1473=EDGE_CURVE('',#1688,#1687,#288,.T.);
#1474=EDGE_CURVE('',#1689,#1688,#289,.T.);
#1475=EDGE_CURVE('',#1689,#1690,#290,.T.);
#1476=EDGE_CURVE('',#1690,#1691,#291,.T.);
#1477=EDGE_CURVE('',#1691,#1685,#1719,.T.);
#1478=EDGE_CURVE('',#1690,#1692,#292,.T.);
#1479=EDGE_CURVE('',#1692,#1693,#1720,.F.);
#1480=EDGE_CURVE('',#1693,#1678,#293,.T.);
#1481=EDGE_CURVE('',#1682,#1691,#294,.T.);
#1482=EDGE_CURVE('',#1694,#1695,#295,.F.);
#1483=EDGE_CURVE('',#1695,#1692,#296,.T.);
#1484=EDGE_CURVE('',#1689,#1694,#297,.T.);
#1485=EDGE_CURVE('',#1687,#1696,#298,.T.);
#1486=EDGE_CURVE('',#1696,#1697,#299,.F.);
#1487=EDGE_CURVE('',#1697,#1698,#300,.F.);
#1488=EDGE_CURVE('',#1688,#1698,#301,.T.);
#1489=EDGE_CURVE('',#1693,#1699,#302,.F.);
#1490=EDGE_CURVE('',#1699,#1700,#303,.F.);
#1491=EDGE_CURVE('',#1700,#1701,#304,.T.);
#1492=EDGE_CURVE('',#1678,#1701,#305,.T.);
#1493=EDGE_CURVE('',#1702,#1703,#306,.F.);
#1494=EDGE_CURVE('',#1703,#1694,#14,.T.);
#1495=EDGE_CURVE('',#1698,#1702,#15,.T.);
#1496=EDGE_CURVE('',#1701,#1696,#1721,.F.);
#1497=EDGE_CURVE('',#1686,#1679,#307,.F.);
#1498=EDGE_CURVE('',#1704,#1705,#308,.F.);
#1499=EDGE_CURVE('',#1705,#1706,#309,.F.);
#1500=EDGE_CURVE('',#1706,#1707,#310,.F.);
#1501=EDGE_CURVE('',#1707,#1704,#311,.F.);
#1502=EDGE_CURVE('',#1697,#1700,#1722,.T.);
#1503=EDGE_CURVE('',#1705,#1697,#1723,.T.);
#1504=EDGE_CURVE('',#1702,#1704,#16,.F.);
#1505=EDGE_CURVE('',#1705,#1700,#1724,.F.);
#1506=EDGE_CURVE('',#1703,#1707,#17,.F.);
#1507=EDGE_CURVE('',#1706,#1699,#1725,.T.);
#1508=EDGE_CURVE('',#1695,#1706,#1726,.T.);
#1509=EDGE_CURVE('',#1695,#1699,#1727,.F.);
#1510=VERTEX_POINT('',#2854);
#1511=VERTEX_POINT('',#2855);
#1512=VERTEX_POINT('',#2857);
#1513=VERTEX_POINT('',#2859);
#1514=VERTEX_POINT('',#2863);
#1515=VERTEX_POINT('',#2864);
#1516=VERTEX_POINT('',#2866);
#1517=VERTEX_POINT('',#2868);
#1518=VERTEX_POINT('',#2872);
#1519=VERTEX_POINT('',#2873);
#1520=VERTEX_POINT('',#2875);
#1521=VERTEX_POINT('',#2877);
#1522=VERTEX_POINT('',#2881);
#1523=VERTEX_POINT('',#2882);
#1524=VERTEX_POINT('',#2884);
#1525=VERTEX_POINT('',#2886);
#1526=VERTEX_POINT('',#2890);
#1527=VERTEX_POINT('',#2891);
#1528=VERTEX_POINT('',#2893);
#1529=VERTEX_POINT('',#2895);
#1530=VERTEX_POINT('',#2897);
#1531=VERTEX_POINT('',#2899);
#1532=VERTEX_POINT('',#2901);
#1533=VERTEX_POINT('',#2903);
#1534=VERTEX_POINT('',#2905);
#1535=VERTEX_POINT('',#2907);
#1536=VERTEX_POINT('',#2909);
#1537=VERTEX_POINT('',#2911);
#1538=VERTEX_POINT('',#2913);
#1539=VERTEX_POINT('',#2915);
#1540=VERTEX_POINT('',#2917);
#1541=VERTEX_POINT('',#2919);
#1542=VERTEX_POINT('',#2921);
#1543=VERTEX_POINT('',#2923);
#1544=VERTEX_POINT('',#2925);
#1545=VERTEX_POINT('',#2927);
#1546=VERTEX_POINT('',#2929);
#1547=VERTEX_POINT('',#2931);
#1548=VERTEX_POINT('',#2933);
#1549=VERTEX_POINT('',#2935);
#1550=VERTEX_POINT('',#2937);
#1551=VERTEX_POINT('',#2939);
#1552=VERTEX_POINT('',#2941);
#1553=VERTEX_POINT('',#2943);
#1554=VERTEX_POINT('',#2945);
#1555=VERTEX_POINT('',#2947);
#1556=VERTEX_POINT('',#2949);
#1557=VERTEX_POINT('',#2951);
#1558=VERTEX_POINT('',#2953);
#1559=VERTEX_POINT('',#2955);
#1560=VERTEX_POINT('',#2957);
#1561=VERTEX_POINT('',#2959);
#1562=VERTEX_POINT('',#2961);
#1563=VERTEX_POINT('',#2963);
#1564=VERTEX_POINT('',#2965);
#1565=VERTEX_POINT('',#2967);
#1566=VERTEX_POINT('',#2969);
#1567=VERTEX_POINT('',#2971);
#1568=VERTEX_POINT('',#2973);
#1569=VERTEX_POINT('',#2975);
#1570=VERTEX_POINT('',#2977);
#1571=VERTEX_POINT('',#2979);
#1572=VERTEX_POINT('',#2981);
#1573=VERTEX_POINT('',#2983);
#1574=VERTEX_POINT('',#2985);
#1575=VERTEX_POINT('',#2987);
#1576=VERTEX_POINT('',#2989);
#1577=VERTEX_POINT('',#2991);
#1578=VERTEX_POINT('',#2993);
#1579=VERTEX_POINT('',#2995);
#1580=VERTEX_POINT('',#2997);
#1581=VERTEX_POINT('',#2999);
#1582=VERTEX_POINT('',#3001);
#1583=VERTEX_POINT('',#3003);
#1584=VERTEX_POINT('',#3005);
#1585=VERTEX_POINT('',#3007);
#1586=VERTEX_POINT('',#3011);
#1587=VERTEX_POINT('',#3013);
#1588=VERTEX_POINT('',#3017);
#1589=VERTEX_POINT('',#3019);
#1590=VERTEX_POINT('',#3023);
#1591=VERTEX_POINT('',#3025);
#1592=VERTEX_POINT('',#3029);
#1593=VERTEX_POINT('',#3031);
#1594=VERTEX_POINT('',#3035);
#1595=VERTEX_POINT('',#3037);
#1596=VERTEX_POINT('',#3041);
#1597=VERTEX_POINT('',#3043);
#1598=VERTEX_POINT('',#3047);
#1599=VERTEX_POINT('',#3049);
#1600=VERTEX_POINT('',#3053);
#1601=VERTEX_POINT('',#3055);
#1602=VERTEX_POINT('',#3059);
#1603=VERTEX_POINT('',#3061);
#1604=VERTEX_POINT('',#3065);
#1605=VERTEX_POINT('',#3067);
#1606=VERTEX_POINT('',#3071);
#1607=VERTEX_POINT('',#3073);
#1608=VERTEX_POINT('',#3077);
#1609=VERTEX_POINT('',#3079);
#1610=VERTEX_POINT('',#3083);
#1611=VERTEX_POINT('',#3085);
#1612=VERTEX_POINT('',#3089);
#1613=VERTEX_POINT('',#3091);
#1614=VERTEX_POINT('',#3095);
#1615=VERTEX_POINT('',#3096);
#1616=VERTEX_POINT('',#3098);
#1617=VERTEX_POINT('',#3100);
#1618=VERTEX_POINT('',#3104);
#1619=VERTEX_POINT('',#3106);
#1620=VERTEX_POINT('',#3110);
#1621=VERTEX_POINT('',#3112);
#1622=VERTEX_POINT('',#3116);
#1623=VERTEX_POINT('',#3118);
#1624=VERTEX_POINT('',#3122);
#1625=VERTEX_POINT('',#3124);
#1626=VERTEX_POINT('',#3128);
#1627=VERTEX_POINT('',#3130);
#1628=VERTEX_POINT('',#3134);
#1629=VERTEX_POINT('',#3135);
#1630=VERTEX_POINT('',#3140);
#1631=VERTEX_POINT('',#3143);
#1632=VERTEX_POINT('',#3145);
#1633=VERTEX_POINT('',#3148);
#1634=VERTEX_POINT('',#3150);
#1635=VERTEX_POINT('',#3153);
#1636=VERTEX_POINT('',#3155);
#1637=VERTEX_POINT('',#3158);
#1638=VERTEX_POINT('',#3160);
#1639=VERTEX_POINT('',#3163);
#1640=VERTEX_POINT('',#3165);
#1641=VERTEX_POINT('',#3168);
#1642=VERTEX_POINT('',#3170);
#1643=VERTEX_POINT('',#3173);
#1644=VERTEX_POINT('',#3175);
#1645=VERTEX_POINT('',#3178);
#1646=VERTEX_POINT('',#3180);
#1647=VERTEX_POINT('',#3183);
#1648=VERTEX_POINT('',#3185);
#1649=VERTEX_POINT('',#3188);
#1650=VERTEX_POINT('',#3190);
#1651=VERTEX_POINT('',#3193);
#1652=VERTEX_POINT('',#3195);
#1653=VERTEX_POINT('',#3198);
#1654=VERTEX_POINT('',#3200);
#1655=VERTEX_POINT('',#3203);
#1656=VERTEX_POINT('',#3205);
#1657=VERTEX_POINT('',#3208);
#1658=VERTEX_POINT('',#3210);
#1659=VERTEX_POINT('',#3213);
#1660=VERTEX_POINT('',#3215);
#1661=VERTEX_POINT('',#3218);
#1662=VERTEX_POINT('',#3220);
#1663=VERTEX_POINT('',#3223);
#1664=VERTEX_POINT('',#3225);
#1665=VERTEX_POINT('',#3228);
#1666=VERTEX_POINT('',#3230);
#1667=VERTEX_POINT('',#3233);
#1668=VERTEX_POINT('',#3237);
#1669=VERTEX_POINT('',#3241);
#1670=VERTEX_POINT('',#3247);
#1671=VERTEX_POINT('',#3251);
#1672=VERTEX_POINT('',#3257);
#1673=VERTEX_POINT('',#3261);
#1674=VERTEX_POINT('',#3267);
#1675=VERTEX_POINT('',#3271);
#1676=VERTEX_POINT('',#3277);
#1677=VERTEX_POINT('',#3281);
#1678=VERTEX_POINT('',#3352);
#1679=VERTEX_POINT('',#3354);
#1680=VERTEX_POINT('',#3360);
#1681=VERTEX_POINT('',#3364);
#1682=VERTEX_POINT('',#3370);
#1683=VERTEX_POINT('',#3377);
#1684=VERTEX_POINT('',#3387);
#1685=VERTEX_POINT('',#3392);
#1686=VERTEX_POINT('',#3396);
#1687=VERTEX_POINT('',#3398);
#1688=VERTEX_POINT('',#3400);
#1689=VERTEX_POINT('',#3402);
#1690=VERTEX_POINT('',#3404);
#1691=VERTEX_POINT('',#3406);
#1692=VERTEX_POINT('',#3411);
#1693=VERTEX_POINT('',#3413);
#1694=VERTEX_POINT('',#3418);
#1695=VERTEX_POINT('',#3419);
#1696=VERTEX_POINT('',#3424);
#1697=VERTEX_POINT('',#3426);
#1698=VERTEX_POINT('',#3428);
#1699=VERTEX_POINT('',#3432);
#1700=VERTEX_POINT('',#3434);
#1701=VERTEX_POINT('',#3436);
#1702=VERTEX_POINT('',#3440);
#1703=VERTEX_POINT('',#3441);
#1704=VERTEX_POINT('',#3449);
#1705=VERTEX_POINT('',#3450);
#1706=VERTEX_POINT('',#3452);
#1707=VERTEX_POINT('',#3454);
#1708=CIRCLE('',#2168,0.0028);
#1709=CIRCLE('',#2173,0.0028);
#1710=CIRCLE('',#2174,0.0028);
#1711=CIRCLE('',#2175,0.0028);
#1712=CIRCLE('',#2198,0.0028);
#1713=CIRCLE('',#2199,0.0028);
#1714=CIRCLE('',#2200,0.0028);
#1715=CIRCLE('',#2201,0.0028);
#1716=CIRCLE('',#2257,0.0028);
#1717=CIRCLE('',#2259,0.0028);
#1718=CIRCLE('',#2269,0.0003);
#1719=CIRCLE('',#2270,0.0003);
#1720=CIRCLE('',#2273,0.001);
#1721=CIRCLE('',#2281,0.001);
#1722=CIRCLE('',#2286,0.001);
#1723=CIRCLE('',#2288,0.001);
#1724=CIRCLE('',#2291,0.001);
#1725=CIRCLE('',#2295,0.001);
#1726=CIRCLE('',#2297,0.001);
#1727=CIRCLE('',#2299,0.001);
#1728=EDGE_LOOP('',(#592,#593,#594,#595));
#1729=EDGE_LOOP('',(#596,#597,#598,#599));
#1730=EDGE_LOOP('',(#600,#601,#602,#603));
#1731=EDGE_LOOP('',(#604,#605,#606,#607));
#1732=EDGE_LOOP('',(#608,#609,#610,#611,#612,#613,#614,#615,#616,#617,#618,
#619,#620,#621,#622,#623,#624,#625,#626,#627,#628,#629,#630,#631,#632,#633,
#634,#635,#636,#637,#638,#639,#640,#641,#642,#643,#644,#645,#646,#647,#648,
#649,#650,#651,#652,#653,#654,#655,#656,#657,#658,#659,#660,#661,#662,#663,
#664,#665,#666,#667));
#1733=EDGE_LOOP('',(#668,#669,#670,#671));
#1734=EDGE_LOOP('',(#672,#673,#674,#675));
#1735=EDGE_LOOP('',(#676,#677,#678,#679));
#1736=EDGE_LOOP('',(#680,#681,#682,#683));
#1737=EDGE_LOOP('',(#684,#685,#686,#687));
#1738=EDGE_LOOP('',(#688,#689,#690,#691));
#1739=EDGE_LOOP('',(#692,#693,#694,#695));
#1740=EDGE_LOOP('',(#696,#697,#698,#699));
#1741=EDGE_LOOP('',(#700,#701,#702,#703));
#1742=EDGE_LOOP('',(#704,#705,#706,#707));
#1743=EDGE_LOOP('',(#708,#709,#710,#711));
#1744=EDGE_LOOP('',(#712,#713,#714,#715));
#1745=EDGE_LOOP('',(#716,#717,#718,#719));
#1746=EDGE_LOOP('',(#720,#721,#722,#723));
#1747=EDGE_LOOP('',(#724,#725,#726,#727));
#1748=EDGE_LOOP('',(#728,#729,#730,#731));
#1749=EDGE_LOOP('',(#732,#733,#734,#735));
#1750=EDGE_LOOP('',(#736,#737,#738,#739));
#1751=EDGE_LOOP('',(#740,#741,#742,#743));
#1752=EDGE_LOOP('',(#744,#745,#746,#747));
#1753=EDGE_LOOP('',(#748,#749,#750,#751));
#1754=EDGE_LOOP('',(#752,#753,#754,#755,#756,#757,#758,#759,#760,#761,#762,
#763,#764,#765,#766,#767,#768,#769,#770,#771,#772,#773,#774,#775,#776,#777,
#778,#779,#780,#781,#782,#783,#784,#785,#786,#787,#788,#789,#790,#791,#792,
#793,#794,#795,#796,#797,#798,#799,#800,#801,#802,#803,#804,#805,#806,#807,
#808,#809,#810,#811,#812,#813,#814,#815,#816,#817,#818,#819,#820,#821,#822,
#823,#824,#825,#826,#827,#828,#829));
#1755=EDGE_LOOP('',(#830,#831,#832,#833,#834));
#1756=EDGE_LOOP('',(#835,#836,#837,#838));
#1757=EDGE_LOOP('',(#839,#840,#841,#842,#843));
#1758=EDGE_LOOP('',(#844,#845,#846,#847,#848));
#1759=EDGE_LOOP('',(#849,#850,#851,#852));
#1760=EDGE_LOOP('',(#853,#854,#855,#856,#857));
#1761=EDGE_LOOP('',(#858,#859,#860,#861,#862));
#1762=EDGE_LOOP('',(#863,#864,#865,#866));
#1763=EDGE_LOOP('',(#867,#868,#869,#870,#871));
#1764=EDGE_LOOP('',(#872,#873,#874,#875,#876));
#1765=EDGE_LOOP('',(#877,#878,#879,#880));
#1766=EDGE_LOOP('',(#881,#882,#883,#884,#885));
#1767=EDGE_LOOP('',(#886,#887,#888,#889,#890));
#1768=EDGE_LOOP('',(#891,#892,#893,#894));
#1769=EDGE_LOOP('',(#895,#896,#897,#898,#899));
#1770=EDGE_LOOP('',(#900,#901,#902,#903));
#1771=EDGE_LOOP('',(#904,#905,#906,#907));
#1772=EDGE_LOOP('',(#908,#909,#910,#911));
#1773=EDGE_LOOP('',(#912,#913,#914,#915));
#1774=EDGE_LOOP('',(#916,#917,#918,#919));
#1775=EDGE_LOOP('',(#920,#921,#922,#923));
#1776=EDGE_LOOP('',(#924,#925,#926,#927));
#1777=EDGE_LOOP('',(#928,#929,#930,#931));
#1778=EDGE_LOOP('',(#932,#933,#934,#935));
#1779=EDGE_LOOP('',(#936,#937,#938,#939));
#1780=EDGE_LOOP('',(#940,#941,#942,#943));
#1781=EDGE_LOOP('',(#944,#945,#946,#947));
#1782=EDGE_LOOP('',(#948,#949,#950,#951));
#1783=EDGE_LOOP('',(#952,#953,#954,#955));
#1784=EDGE_LOOP('',(#956,#957,#958,#959));
#1785=EDGE_LOOP('',(#960,#961,#962,#963));
#1786=EDGE_LOOP('',(#964,#965,#966,#967));
#1787=EDGE_LOOP('',(#968,#969,#970,#971));
#1788=EDGE_LOOP('',(#972,#973,#974,#975));
#1789=EDGE_LOOP('',(#976,#977,#978,#979));
#1790=EDGE_LOOP('',(#980,#981,#982,#983));
#1791=EDGE_LOOP('',(#984,#985,#986,#987));
#1792=EDGE_LOOP('',(#988,#989,#990,#991));
#1793=EDGE_LOOP('',(#992,#993,#994,#995));
#1794=EDGE_LOOP('',(#996,#997,#998,#999));
#1795=EDGE_LOOP('',(#1000,#1001,#1002,#1003));
#1796=EDGE_LOOP('',(#1004,#1005,#1006,#1007));
#1797=EDGE_LOOP('',(#1008,#1009,#1010,#1011));
#1798=EDGE_LOOP('',(#1012,#1013,#1014,#1015));
#1799=EDGE_LOOP('',(#1016,#1017,#1018,#1019));
#1800=EDGE_LOOP('',(#1020,#1021,#1022,#1023));
#1801=EDGE_LOOP('',(#1024,#1025,#1026,#1027));
#1802=EDGE_LOOP('',(#1028,#1029,#1030,#1031));
#1803=EDGE_LOOP('',(#1032,#1033,#1034,#1035));
#1804=EDGE_LOOP('',(#1036,#1037,#1038,#1039));
#1805=EDGE_LOOP('',(#1040,#1041,#1042,#1043));
#1806=EDGE_LOOP('',(#1044,#1045,#1046,#1047));
#1807=EDGE_LOOP('',(#1048,#1049,#1050,#1051));
#1808=EDGE_LOOP('',(#1052,#1053,#1054,#1055));
#1809=EDGE_LOOP('',(#1056,#1057,#1058,#1059,#1060,#1061,#1062));
#1810=EDGE_LOOP('',(#1063,#1064,#1065,#1066,#1067,#1068,#1069));
#1811=EDGE_LOOP('',(#1070,#1071,#1072,#1073));
#1812=EDGE_LOOP('',(#1074,#1075,#1076,#1077));
#1813=EDGE_LOOP('',(#1078,#1079,#1080,#1081,#1082));
#1814=EDGE_LOOP('',(#1083,#1084,#1085,#1086));
#1815=EDGE_LOOP('',(#1087,#1088,#1089,#1090));
#1816=EDGE_LOOP('',(#1091,#1092,#1093,#1094));
#1817=EDGE_LOOP('',(#1095,#1096,#1097,#1098,#1099,#1100,#1101,#1102,#1103,
#1104,#1105,#1106,#1107));
#1818=EDGE_LOOP('',(#1108,#1109,#1110,#1111));
#1819=EDGE_LOOP('',(#1112,#1113,#1114,#1115,#1116,#1117,#1118,#1119,#1120,
#1121,#1122));
#1820=EDGE_LOOP('',(#1123,#1124,#1125,#1126));
#1821=EDGE_LOOP('',(#1127,#1128,#1129,#1130,#1131,#1132));
#1822=EDGE_LOOP('',(#1133,#1134,#1135,#1136,#1137));
#1823=EDGE_LOOP('',(#1138,#1139,#1140,#1141,#1142));
#1824=EDGE_LOOP('',(#1143,#1144,#1145,#1146,#1147));
#1825=EDGE_LOOP('',(#1148,#1149,#1150,#1151,#1152,#1153));
#1826=EDGE_LOOP('',(#1154,#1155,#1156,#1157,#1158,#1159));
#1827=EDGE_LOOP('',(#1160,#1161,#1162,#1163));
#1828=EDGE_LOOP('',(#1164,#1165,#1166,#1167));
#1829=EDGE_LOOP('',(#1168,#1169,#1170,#1171));
#1830=EDGE_LOOP('',(#1172,#1173,#1174,#1175));
#1831=EDGE_LOOP('',(#1176,#1177,#1178,#1179,#1180));
#1832=EDGE_LOOP('',(#1181,#1182,#1183));
#1833=EDGE_LOOP('',(#1184,#1185,#1186,#1187));
#1834=EDGE_LOOP('',(#1188,#1189,#1190,#1191));
#1835=EDGE_LOOP('',(#1192,#1193,#1194,#1195,#1196));
#1836=EDGE_LOOP('',(#1197,#1198,#1199));
#1837=EDGE_LOOP('',(#1200,#1201,#1202,#1203));
#1838=FACE_BOUND('',#1728,.T.);
#1839=FACE_BOUND('',#1729,.T.);
#1840=FACE_BOUND('',#1730,.T.);
#1841=FACE_BOUND('',#1731,.T.);
#1842=FACE_BOUND('',#1732,.T.);
#1843=FACE_BOUND('',#1733,.T.);
#1844=FACE_BOUND('',#1734,.T.);
#1845=FACE_BOUND('',#1735,.T.);
#1846=FACE_BOUND('',#1736,.T.);
#1847=FACE_BOUND('',#1737,.T.);
#1848=FACE_BOUND('',#1738,.T.);
#1849=FACE_BOUND('',#1739,.T.);
#1850=FACE_BOUND('',#1740,.T.);
#1851=FACE_BOUND('',#1741,.T.);
#1852=FACE_BOUND('',#1742,.T.);
#1853=FACE_BOUND('',#1743,.T.);
#1854=FACE_BOUND('',#1744,.T.);
#1855=FACE_BOUND('',#1745,.T.);
#1856=FACE_BOUND('',#1746,.T.);
#1857=FACE_BOUND('',#1747,.T.);
#1858=FACE_BOUND('',#1748,.T.);
#1859=FACE_BOUND('',#1749,.T.);
#1860=FACE_BOUND('',#1750,.T.);
#1861=FACE_BOUND('',#1751,.T.);
#1862=FACE_BOUND('',#1752,.T.);
#1863=FACE_BOUND('',#1753,.T.);
#1864=FACE_BOUND('',#1754,.T.);
#1865=FACE_BOUND('',#1755,.T.);
#1866=FACE_BOUND('',#1756,.T.);
#1867=FACE_BOUND('',#1757,.T.);
#1868=FACE_BOUND('',#1758,.T.);
#1869=FACE_BOUND('',#1759,.T.);
#1870=FACE_BOUND('',#1760,.T.);
#1871=FACE_BOUND('',#1761,.T.);
#1872=FACE_BOUND('',#1762,.T.);
#1873=FACE_BOUND('',#1763,.T.);
#1874=FACE_BOUND('',#1764,.T.);
#1875=FACE_BOUND('',#1765,.T.);
#1876=FACE_BOUND('',#1766,.T.);
#1877=FACE_BOUND('',#1767,.T.);
#1878=FACE_BOUND('',#1768,.T.);
#1879=FACE_BOUND('',#1769,.T.);
#1880=FACE_BOUND('',#1770,.T.);
#1881=FACE_BOUND('',#1771,.T.);
#1882=FACE_BOUND('',#1772,.T.);
#1883=FACE_BOUND('',#1773,.T.);
#1884=FACE_BOUND('',#1774,.T.);
#1885=FACE_BOUND('',#1775,.T.);
#1886=FACE_BOUND('',#1776,.T.);
#1887=FACE_BOUND('',#1777,.T.);
#1888=FACE_BOUND('',#1778,.T.);
#1889=FACE_BOUND('',#1779,.T.);
#1890=FACE_BOUND('',#1780,.T.);
#1891=FACE_BOUND('',#1781,.T.);
#1892=FACE_BOUND('',#1782,.T.);
#1893=FACE_BOUND('',#1783,.T.);
#1894=FACE_BOUND('',#1784,.T.);
#1895=FACE_BOUND('',#1785,.T.);
#1896=FACE_BOUND('',#1786,.T.);
#1897=FACE_BOUND('',#1787,.T.);
#1898=FACE_BOUND('',#1788,.T.);
#1899=FACE_BOUND('',#1789,.T.);
#1900=FACE_BOUND('',#1790,.T.);
#1901=FACE_BOUND('',#1791,.T.);
#1902=FACE_BOUND('',#1792,.T.);
#1903=FACE_BOUND('',#1793,.T.);
#1904=FACE_BOUND('',#1794,.T.);
#1905=FACE_BOUND('',#1795,.T.);
#1906=FACE_BOUND('',#1796,.T.);
#1907=FACE_BOUND('',#1797,.T.);
#1908=FACE_BOUND('',#1798,.T.);
#1909=FACE_BOUND('',#1799,.T.);
#1910=FACE_BOUND('',#1800,.T.);
#1911=FACE_BOUND('',#1801,.T.);
#1912=FACE_BOUND('',#1802,.T.);
#1913=FACE_BOUND('',#1803,.T.);
#1914=FACE_BOUND('',#1804,.T.);
#1915=FACE_BOUND('',#1805,.T.);
#1916=FACE_BOUND('',#1806,.T.);
#1917=FACE_BOUND('',#1807,.T.);
#1918=FACE_BOUND('',#1808,.T.);
#1919=FACE_BOUND('',#1809,.T.);
#1920=FACE_BOUND('',#1810,.T.);
#1921=FACE_BOUND('',#1811,.T.);
#1922=FACE_BOUND('',#1812,.T.);
#1923=FACE_BOUND('',#1813,.T.);
#1924=FACE_BOUND('',#1814,.T.);
#1925=FACE_BOUND('',#1815,.T.);
#1926=FACE_BOUND('',#1816,.T.);
#1927=FACE_BOUND('',#1817,.T.);
#1928=FACE_BOUND('',#1818,.T.);
#1929=FACE_BOUND('',#1819,.T.);
#1930=FACE_BOUND('',#1820,.T.);
#1931=FACE_BOUND('',#1821,.T.);
#1932=FACE_BOUND('',#1822,.T.);
#1933=FACE_BOUND('',#1823,.T.);
#1934=FACE_BOUND('',#1824,.T.);
#1935=FACE_BOUND('',#1825,.T.);
#1936=FACE_BOUND('',#1826,.T.);
#1937=FACE_BOUND('',#1827,.T.);
#1938=FACE_BOUND('',#1828,.T.);
#1939=FACE_BOUND('',#1829,.T.);
#1940=FACE_BOUND('',#1830,.T.);
#1941=FACE_BOUND('',#1831,.T.);
#1942=FACE_BOUND('',#1832,.T.);
#1943=FACE_BOUND('',#1833,.T.);
#1944=FACE_BOUND('',#1834,.T.);
#1945=FACE_BOUND('',#1835,.T.);
#1946=FACE_BOUND('',#1836,.T.);
#1947=FACE_BOUND('',#1837,.T.);
#1948=PLANE('',#2167);
#1949=PLANE('',#2169);
#1950=PLANE('',#2170);
#1951=PLANE('',#2171);
#1952=PLANE('',#2172);
#1953=PLANE('',#2176);
#1954=PLANE('',#2177);
#1955=PLANE('',#2178);
#1956=PLANE('',#2179);
#1957=PLANE('',#2180);
#1958=PLANE('',#2181);
#1959=PLANE('',#2182);
#1960=PLANE('',#2183);
#1961=PLANE('',#2184);
#1962=PLANE('',#2185);
#1963=PLANE('',#2186);
#1964=PLANE('',#2187);
#1965=PLANE('',#2188);
#1966=PLANE('',#2189);
#1967=PLANE('',#2190);
#1968=PLANE('',#2191);
#1969=PLANE('',#2192);
#1970=PLANE('',#2193);
#1971=PLANE('',#2194);
#1972=PLANE('',#2195);
#1973=PLANE('',#2196);
#1974=PLANE('',#2197);
#1975=PLANE('',#2202);
#1976=PLANE('',#2203);
#1977=PLANE('',#2204);
#1978=PLANE('',#2205);
#1979=PLANE('',#2206);
#1980=PLANE('',#2207);
#1981=PLANE('',#2208);
#1982=PLANE('',#2209);
#1983=PLANE('',#2210);
#1984=PLANE('',#2211);
#1985=PLANE('',#2212);
#1986=PLANE('',#2213);
#1987=PLANE('',#2214);
#1988=PLANE('',#2215);
#1989=PLANE('',#2216);
#1990=PLANE('',#2217);
#1991=PLANE('',#2218);
#1992=PLANE('',#2219);
#1993=PLANE('',#2220);
#1994=PLANE('',#2221);
#1995=PLANE('',#2222);
#1996=PLANE('',#2223);
#1997=PLANE('',#2224);
#1998=PLANE('',#2225);
#1999=PLANE('',#2226);
#2000=PLANE('',#2227);
#2001=PLANE('',#2228);
#2002=PLANE('',#2229);
#2003=PLANE('',#2230);
#2004=PLANE('',#2231);
#2005=PLANE('',#2232);
#2006=PLANE('',#2233);
#2007=PLANE('',#2234);
#2008=PLANE('',#2235);
#2009=PLANE('',#2236);
#2010=PLANE('',#2237);
#2011=PLANE('',#2238);
#2012=PLANE('',#2239);
#2013=PLANE('',#2240);
#2014=PLANE('',#2241);
#2015=PLANE('',#2242);
#2016=PLANE('',#2243);
#2017=PLANE('',#2244);
#2018=PLANE('',#2245);
#2019=PLANE('',#2246);
#2020=PLANE('',#2247);
#2021=PLANE('',#2248);
#2022=PLANE('',#2249);
#2023=PLANE('',#2250);
#2024=PLANE('',#2251);
#2025=PLANE('',#2252);
#2026=PLANE('',#2253);
#2027=PLANE('',#2254);
#2028=PLANE('',#2255);
#2029=PLANE('',#2262);
#2030=PLANE('',#2263);
#2031=PLANE('',#2264);
#2032=PLANE('',#2265);
#2033=PLANE('',#2266);
#2034=PLANE('',#2267);
#2035=PLANE('',#2268);
#2036=PLANE('',#2271);
#2037=PLANE('',#2272);
#2038=PLANE('',#2274);
#2039=PLANE('',#2275);
#2040=PLANE('',#2276);
#2041=PLANE('',#2277);
#2042=PLANE('',#2280);
#2043=PLANE('',#2282);
#2044=ADVANCED_FACE('',(#1838),#1948,.F.);
#2045=ADVANCED_FACE('',(#1839),#1949,.F.);
#2046=ADVANCED_FACE('',(#1840),#1950,.F.);
#2047=ADVANCED_FACE('',(#1841),#1951,.F.);
#2048=ADVANCED_FACE('',(#1842),#1952,.F.);
#2049=ADVANCED_FACE('',(#1843),#1953,.T.);
#2050=ADVANCED_FACE('',(#1844),#1954,.T.);
#2051=ADVANCED_FACE('',(#1845),#1955,.T.);
#2052=ADVANCED_FACE('',(#1846),#1956,.T.);
#2053=ADVANCED_FACE('',(#1847),#1957,.T.);
#2054=ADVANCED_FACE('',(#1848),#1958,.T.);
#2055=ADVANCED_FACE('',(#1849),#1959,.T.);
#2056=ADVANCED_FACE('',(#1850),#1960,.T.);
#2057=ADVANCED_FACE('',(#1851),#1961,.T.);
#2058=ADVANCED_FACE('',(#1852),#1962,.T.);
#2059=ADVANCED_FACE('',(#1853),#1963,.T.);
#2060=ADVANCED_FACE('',(#1854),#1964,.T.);
#2061=ADVANCED_FACE('',(#1855),#1965,.T.);
#2062=ADVANCED_FACE('',(#1856),#1966,.T.);
#2063=ADVANCED_FACE('',(#1857),#1967,.T.);
#2064=ADVANCED_FACE('',(#1858),#1968,.T.);
#2065=ADVANCED_FACE('',(#1859),#1969,.T.);
#2066=ADVANCED_FACE('',(#1860),#1970,.T.);
#2067=ADVANCED_FACE('',(#1861),#1971,.F.);
#2068=ADVANCED_FACE('',(#1862),#1972,.F.);
#2069=ADVANCED_FACE('',(#1863),#1973,.T.);
#2070=ADVANCED_FACE('',(#1864),#1974,.T.);
#2071=ADVANCED_FACE('',(#1865),#1975,.F.);
#2072=ADVANCED_FACE('',(#1866),#1976,.F.);
#2073=ADVANCED_FACE('',(#1867),#1977,.F.);
#2074=ADVANCED_FACE('',(#1868),#1978,.F.);
#2075=ADVANCED_FACE('',(#1869),#1979,.F.);
#2076=ADVANCED_FACE('',(#1870),#1980,.F.);
#2077=ADVANCED_FACE('',(#1871),#1981,.F.);
#2078=ADVANCED_FACE('',(#1872),#1982,.F.);
#2079=ADVANCED_FACE('',(#1873),#1983,.F.);
#2080=ADVANCED_FACE('',(#1874),#1984,.F.);
#2081=ADVANCED_FACE('',(#1875),#1985,.F.);
#2082=ADVANCED_FACE('',(#1876),#1986,.F.);
#2083=ADVANCED_FACE('',(#1877),#1987,.F.);
#2084=ADVANCED_FACE('',(#1878),#1988,.F.);
#2085=ADVANCED_FACE('',(#1879),#1989,.F.);
#2086=ADVANCED_FACE('',(#1880),#1990,.F.);
#2087=ADVANCED_FACE('',(#1881),#1991,.F.);
#2088=ADVANCED_FACE('',(#1882),#1992,.F.);
#2089=ADVANCED_FACE('',(#1883),#1993,.F.);
#2090=ADVANCED_FACE('',(#1884),#1994,.F.);
#2091=ADVANCED_FACE('',(#1885),#1995,.F.);
#2092=ADVANCED_FACE('',(#1886),#1996,.F.);
#2093=ADVANCED_FACE('',(#1887),#1997,.F.);
#2094=ADVANCED_FACE('',(#1888),#1998,.F.);
#2095=ADVANCED_FACE('',(#1889),#1999,.F.);
#2096=ADVANCED_FACE('',(#1890),#2000,.F.);
#2097=ADVANCED_FACE('',(#1891),#2001,.F.);
#2098=ADVANCED_FACE('',(#1892),#2002,.F.);
#2099=ADVANCED_FACE('',(#1893),#2003,.F.);
#2100=ADVANCED_FACE('',(#1894),#2004,.F.);
#2101=ADVANCED_FACE('',(#1895),#2005,.F.);
#2102=ADVANCED_FACE('',(#1896),#2006,.F.);
#2103=ADVANCED_FACE('',(#1897),#2007,.F.);
#2104=ADVANCED_FACE('',(#1898),#2008,.F.);
#2105=ADVANCED_FACE('',(#1899),#2009,.F.);
#2106=ADVANCED_FACE('',(#1900),#2010,.F.);
#2107=ADVANCED_FACE('',(#1901),#2011,.F.);
#2108=ADVANCED_FACE('',(#1902),#2012,.F.);
#2109=ADVANCED_FACE('',(#1903),#2013,.F.);
#2110=ADVANCED_FACE('',(#1904),#2014,.F.);
#2111=ADVANCED_FACE('',(#1905),#2015,.F.);
#2112=ADVANCED_FACE('',(#1906),#2016,.F.);
#2113=ADVANCED_FACE('',(#1907),#2017,.F.);
#2114=ADVANCED_FACE('',(#1908),#2018,.F.);
#2115=ADVANCED_FACE('',(#1909),#2019,.F.);
#2116=ADVANCED_FACE('',(#1910),#2020,.F.);
#2117=ADVANCED_FACE('',(#1911),#2021,.F.);
#2118=ADVANCED_FACE('',(#1912),#2022,.F.);
#2119=ADVANCED_FACE('',(#1913),#2023,.F.);
#2120=ADVANCED_FACE('',(#1914),#2024,.F.);
#2121=ADVANCED_FACE('',(#1915),#2025,.F.);
#2122=ADVANCED_FACE('',(#1916),#2026,.F.);
#2123=ADVANCED_FACE('',(#1917),#2027,.F.);
#2124=ADVANCED_FACE('',(#1918),#2028,.F.);
#2125=ADVANCED_FACE('',(#1919),#20,.T.);
#2126=ADVANCED_FACE('',(#1920),#21,.T.);
#2127=ADVANCED_FACE('',(#1921),#22,.T.);
#2128=ADVANCED_FACE('',(#1922),#23,.T.);
#2129=ADVANCED_FACE('',(#1923),#2029,.F.);
#2130=ADVANCED_FACE('',(#1924),#2030,.F.);
#2131=ADVANCED_FACE('',(#1925),#2031,.F.);
#2132=ADVANCED_FACE('',(#1926),#2032,.F.);
#2133=ADVANCED_FACE('',(#1927),#2033,.T.);
#2134=ADVANCED_FACE('',(#1928),#2034,.F.);
#2135=ADVANCED_FACE('',(#1929),#2035,.F.);
#2136=ADVANCED_FACE('',(#1930),#2036,.F.);
#2137=ADVANCED_FACE('',(#1931),#2037,.F.);
#2138=ADVANCED_FACE('',(#1932),#2038,.T.);
#2139=ADVANCED_FACE('',(#1933),#2039,.F.);
#2140=ADVANCED_FACE('',(#1934),#2040,.T.);
#2141=ADVANCED_FACE('',(#1935),#2041,.T.);
#2142=ADVANCED_FACE('',(#1936),#2042,.F.);
#2143=ADVANCED_FACE('',(#1937),#2043,.F.);
#2144=ADVANCED_FACE('',(#1938),#24,.F.);
#2145=ADVANCED_FACE('',(#1939),#25,.F.);
#2146=ADVANCED_FACE('',(#1940),#26,.T.);
#2147=ADVANCED_FACE('',(#1941),#27,.T.);
#2148=ADVANCED_FACE('',(#1942),#12,.T.);
#2149=ADVANCED_FACE('',(#1943),#28,.T.);
#2150=ADVANCED_FACE('',(#1944),#29,.T.);
#2151=ADVANCED_FACE('',(#1945),#30,.T.);
#2152=ADVANCED_FACE('',(#1946),#13,.T.);
#2153=ADVANCED_FACE('',(#1947),#31,.T.);
#2154=CLOSED_SHELL('',(#2044,#2045,#2046,#2047,#2048,#2049,#2050,#2051,
#2052,#2053,#2054,#2055,#2056,#2057,#2058,#2059,#2060,#2061,#2062,#2063,
#2064,#2065,#2066,#2067,#2068,#2069,#2070,#2071,#2072,#2073,#2074,#2075,
#2076,#2077,#2078,#2079,#2080,#2081,#2082,#2083,#2084,#2085,#2086,#2087,
#2088,#2089,#2090,#2091,#2092,#2093,#2094,#2095,#2096,#2097,#2098,#2099,
#2100,#2101,#2102,#2103,#2104,#2105,#2106,#2107,#2108,#2109,#2110,#2111,
#2112,#2113,#2114,#2115,#2116,#2117,#2118,#2119,#2120,#2121,#2122,#2123,
#2124,#2125,#2126,#2127,#2128,#2129,#2130,#2131,#2132,#2133,#2134,#2135,
#2136,#2137,#2138,#2139,#2140,#2141,#2142,#2143,#2144,#2145,#2146,#2147,
#2148,#2149,#2150,#2151,#2152,#2153));
#2155=STYLED_ITEM('',(#2156),#2163);
#2156=PRESENTATION_STYLE_ASSIGNMENT((#2157));
#2157=SURFACE_STYLE_USAGE(.BOTH.,#2158);
#2158=SURFACE_SIDE_STYLE('',(#2159));
#2159=SURFACE_STYLE_FILL_AREA(#2160);
#2160=FILL_AREA_STYLE('',(#2161));
#2161=FILL_AREA_STYLE_COLOUR('',#2162);
#2162=COLOUR_RGB('',0.615686274509804,0.811764705882353,0.929411764705882);
#2163=MANIFOLD_SOLID_BREP('Part 1',#2154);
#2164=SHAPE_DEFINITION_REPRESENTATION(#3480,#2165);
#2165=SHAPE_REPRESENTATION('Part 1',(#2166),#3475);
#2166=AXIS2_PLACEMENT_3D('',#2851,#2301,#2302);
#2167=AXIS2_PLACEMENT_3D('',#2852,#2303,#2304);
#2168=AXIS2_PLACEMENT_3D('',#2853,#2305,#2306);
#2169=AXIS2_PLACEMENT_3D('',#2861,#2310,#2311);
#2170=AXIS2_PLACEMENT_3D('',#2870,#2316,#2317);
#2171=AXIS2_PLACEMENT_3D('',#2879,#2322,#2323);
#2172=AXIS2_PLACEMENT_3D('',#2888,#2328,#2329);
#2173=AXIS2_PLACEMENT_3D('',#2894,#2332,#2333);
#2174=AXIS2_PLACEMENT_3D('',#2898,#2335,#2336);
#2175=AXIS2_PLACEMENT_3D('',#2900,#2337,#2338);
#2176=AXIS2_PLACEMENT_3D('',#3009,#2393,#2394);
#2177=AXIS2_PLACEMENT_3D('',#3015,#2398,#2399);
#2178=AXIS2_PLACEMENT_3D('',#3021,#2403,#2404);
#2179=AXIS2_PLACEMENT_3D('',#3027,#2408,#2409);
#2180=AXIS2_PLACEMENT_3D('',#3033,#2413,#2414);
#2181=AXIS2_PLACEMENT_3D('',#3039,#2418,#2419);
#2182=AXIS2_PLACEMENT_3D('',#3045,#2423,#2424);
#2183=AXIS2_PLACEMENT_3D('',#3051,#2428,#2429);
#2184=AXIS2_PLACEMENT_3D('',#3057,#2433,#2434);
#2185=AXIS2_PLACEMENT_3D('',#3063,#2438,#2439);
#2186=AXIS2_PLACEMENT_3D('',#3069,#2443,#2444);
#2187=AXIS2_PLACEMENT_3D('',#3075,#2448,#2449);
#2188=AXIS2_PLACEMENT_3D('',#3081,#2453,#2454);
#2189=AXIS2_PLACEMENT_3D('',#3087,#2458,#2459);
#2190=AXIS2_PLACEMENT_3D('',#3093,#2463,#2464);
#2191=AXIS2_PLACEMENT_3D('',#3102,#2469,#2470);
#2192=AXIS2_PLACEMENT_3D('',#3108,#2474,#2475);
#2193=AXIS2_PLACEMENT_3D('',#3114,#2479,#2480);
#2194=AXIS2_PLACEMENT_3D('',#3120,#2484,#2485);
#2195=AXIS2_PLACEMENT_3D('',#3126,#2489,#2490);
#2196=AXIS2_PLACEMENT_3D('',#3132,#2494,#2495);
#2197=AXIS2_PLACEMENT_3D('',#3138,#2499,#2500);
#2198=AXIS2_PLACEMENT_3D('',#3139,#2501,#2502);
#2199=AXIS2_PLACEMENT_3D('',#3141,#2503,#2504);
#2200=AXIS2_PLACEMENT_3D('',#3232,#2559,#2560);
#2201=AXIS2_PLACEMENT_3D('',#3234,#2561,#2562);
#2202=AXIS2_PLACEMENT_3D('',#3235,#2563,#2564);
#2203=AXIS2_PLACEMENT_3D('',#3239,#2567,#2568);
#2204=AXIS2_PLACEMENT_3D('',#3243,#2571,#2572);
#2205=AXIS2_PLACEMENT_3D('',#3245,#2574,#2575);
#2206=AXIS2_PLACEMENT_3D('',#3249,#2578,#2579);
#2207=AXIS2_PLACEMENT_3D('',#3253,#2582,#2583);
#2208=AXIS2_PLACEMENT_3D('',#3255,#2585,#2586);
#2209=AXIS2_PLACEMENT_3D('',#3259,#2589,#2590);
#2210=AXIS2_PLACEMENT_3D('',#3263,#2593,#2594);
#2211=AXIS2_PLACEMENT_3D('',#3265,#2596,#2597);
#2212=AXIS2_PLACEMENT_3D('',#3269,#2600,#2601);
#2213=AXIS2_PLACEMENT_3D('',#3273,#2604,#2605);
#2214=AXIS2_PLACEMENT_3D('',#3275,#2607,#2608);
#2215=AXIS2_PLACEMENT_3D('',#3279,#2611,#2612);
#2216=AXIS2_PLACEMENT_3D('',#3283,#2615,#2616);
#2217=AXIS2_PLACEMENT_3D('',#3285,#2618,#2619);
#2218=AXIS2_PLACEMENT_3D('',#3287,#2621,#2622);
#2219=AXIS2_PLACEMENT_3D('',#3289,#2624,#2625);
#2220=AXIS2_PLACEMENT_3D('',#3290,#2626,#2627);
#2221=AXIS2_PLACEMENT_3D('',#3292,#2629,#2630);
#2222=AXIS2_PLACEMENT_3D('',#3294,#2632,#2633);
#2223=AXIS2_PLACEMENT_3D('',#3295,#2634,#2635);
#2224=AXIS2_PLACEMENT_3D('',#3297,#2637,#2638);
#2225=AXIS2_PLACEMENT_3D('',#3299,#2640,#2641);
#2226=AXIS2_PLACEMENT_3D('',#3300,#2642,#2643);
#2227=AXIS2_PLACEMENT_3D('',#3302,#2645,#2646);
#2228=AXIS2_PLACEMENT_3D('',#3304,#2648,#2649);
#2229=AXIS2_PLACEMENT_3D('',#3305,#2650,#2651);
#2230=AXIS2_PLACEMENT_3D('',#3307,#2653,#2654);
#2231=AXIS2_PLACEMENT_3D('',#3309,#2656,#2657);
#2232=AXIS2_PLACEMENT_3D('',#3310,#2658,#2659);
#2233=AXIS2_PLACEMENT_3D('',#3312,#2661,#2662);
#2234=AXIS2_PLACEMENT_3D('',#3314,#2664,#2665);
#2235=AXIS2_PLACEMENT_3D('',#3315,#2666,#2667);
#2236=AXIS2_PLACEMENT_3D('',#3317,#2669,#2670);
#2237=AXIS2_PLACEMENT_3D('',#3319,#2672,#2673);
#2238=AXIS2_PLACEMENT_3D('',#3320,#2674,#2675);
#2239=AXIS2_PLACEMENT_3D('',#3322,#2677,#2678);
#2240=AXIS2_PLACEMENT_3D('',#3324,#2680,#2681);
#2241=AXIS2_PLACEMENT_3D('',#3325,#2682,#2683);
#2242=AXIS2_PLACEMENT_3D('',#3327,#2685,#2686);
#2243=AXIS2_PLACEMENT_3D('',#3329,#2688,#2689);
#2244=AXIS2_PLACEMENT_3D('',#3330,#2690,#2691);
#2245=AXIS2_PLACEMENT_3D('',#3332,#2693,#2694);
#2246=AXIS2_PLACEMENT_3D('',#3334,#2696,#2697);
#2247=AXIS2_PLACEMENT_3D('',#3335,#2698,#2699);
#2248=AXIS2_PLACEMENT_3D('',#3337,#2701,#2702);
#2249=AXIS2_PLACEMENT_3D('',#3339,#2704,#2705);
#2250=AXIS2_PLACEMENT_3D('',#3340,#2706,#2707);
#2251=AXIS2_PLACEMENT_3D('',#3342,#2709,#2710);
#2252=AXIS2_PLACEMENT_3D('',#3344,#2712,#2713);
#2253=AXIS2_PLACEMENT_3D('',#3345,#2714,#2715);
#2254=AXIS2_PLACEMENT_3D('',#3347,#2717,#2718);
#2255=AXIS2_PLACEMENT_3D('',#3349,#2720,#2721);
#2256=AXIS2_PLACEMENT_3D('',#3350,#2722,#2723);
#2257=AXIS2_PLACEMENT_3D('',#3353,#2725,#2726);
#2258=AXIS2_PLACEMENT_3D('',#3362,#2728,#2729);
#2259=AXIS2_PLACEMENT_3D('',#3371,#2731,#2732);
#2260=AXIS2_PLACEMENT_3D('',#3372,#2733,#2734);
#2261=AXIS2_PLACEMENT_3D('',#3374,#2736,#2737);
#2262=AXIS2_PLACEMENT_3D('',#3375,#2738,#2739);
#2263=AXIS2_PLACEMENT_3D('',#3379,#2742,#2743);
#2264=AXIS2_PLACEMENT_3D('',#3381,#2745,#2746);
#2265=AXIS2_PLACEMENT_3D('',#3383,#2748,#2749);
#2266=AXIS2_PLACEMENT_3D('',#3385,#2751,#2752);
#2267=AXIS2_PLACEMENT_3D('',#3390,#2756,#2757);
#2268=AXIS2_PLACEMENT_3D('',#3394,#2760,#2761);
#2269=AXIS2_PLACEMENT_3D('',#3395,#2762,#2763);
#2270=AXIS2_PLACEMENT_3D('',#3407,#2769,#2770);
#2271=AXIS2_PLACEMENT_3D('',#3408,#2771,#2772);
#2272=AXIS2_PLACEMENT_3D('',#3409,#2773,#2774);
#2273=AXIS2_PLACEMENT_3D('',#3412,#2776,#2777);
#2274=AXIS2_PLACEMENT_3D('',#3416,#2780,#2781);
#2275=AXIS2_PLACEMENT_3D('',#3422,#2785,#2786);
#2276=AXIS2_PLACEMENT_3D('',#3430,#2791,#2792);
#2277=AXIS2_PLACEMENT_3D('',#3438,#2797,#2798);
#2278=AXIS2_PLACEMENT_3D('',#3442,#2800,#2801);
#2279=AXIS2_PLACEMENT_3D('',#3443,#2802,#2803);
#2280=AXIS2_PLACEMENT_3D('',#3444,#2804,#2805);
#2281=AXIS2_PLACEMENT_3D('',#3445,#2806,#2807);
#2282=AXIS2_PLACEMENT_3D('',#3447,#2809,#2810);
#2283=AXIS2_PLACEMENT_3D('',#3456,#2815,#2816);
#2284=AXIS2_PLACEMENT_3D('',#3457,#2817,#2818);
#2285=AXIS2_PLACEMENT_3D('',#3458,#2819,#2820);
#2286=AXIS2_PLACEMENT_3D('',#3459,#2821,#2822);
#2287=AXIS2_PLACEMENT_3D('',#3460,#2823,#2824);
#2288=AXIS2_PLACEMENT_3D('',#3461,#2825,#2826);
#2289=AXIS2_PLACEMENT_3D('',#3462,#2827,#2828);
#2290=AXIS2_PLACEMENT_3D('',#3463,#2829,#2830);
#2291=AXIS2_PLACEMENT_3D('',#3464,#2831,#2832);
#2292=AXIS2_PLACEMENT_3D('',#3465,#2833,#2834);
#2293=AXIS2_PLACEMENT_3D('',#3466,#2835,#2836);
#2294=AXIS2_PLACEMENT_3D('',#3467,#2837,#2838);
#2295=AXIS2_PLACEMENT_3D('',#3468,#2839,#2840);
#2296=AXIS2_PLACEMENT_3D('',#3469,#2841,#2842);
#2297=AXIS2_PLACEMENT_3D('',#3470,#2843,#2844);
#2298=AXIS2_PLACEMENT_3D('',#3471,#2845,#2846);
#2299=AXIS2_PLACEMENT_3D('',#3472,#2847,#2848);
#2300=AXIS2_PLACEMENT_3D('',#3473,#2849,#2850);
#2301=DIRECTION('',(0.,0.,1.));
#2302=DIRECTION('',(1.,0.,0.));
#2303=DIRECTION('',(0.,0.,1.));
#2304=DIRECTION('',(1.,0.,0.));
#2305=DIRECTION('',(0.,0.,1.));
#2306=DIRECTION('',(1.,0.,0.));
#2307=DIRECTION('',(-1.,1.15648231731787E-16,0.));
#2308=DIRECTION('',(-0.342020143325668,-0.939692620785909,0.));
#2309=DIRECTION('',(1.,0.,0.));
#2310=DIRECTION('',(0.,0.,1.));
#2311=DIRECTION('',(1.,0.,0.));
#2312=DIRECTION('',(-0.342020143325668,0.939692620785909,0.));
#2313=DIRECTION('',(-1.,1.15648231731787E-16,0.));
#2314=DIRECTION('',(-0.342020143325668,-0.939692620785909,0.));
#2315=DIRECTION('',(1.,0.,0.));
#2316=DIRECTION('',(0.,0.,1.));
#2317=DIRECTION('',(1.,0.,0.));
#2318=DIRECTION('',(-0.342020143325668,0.939692620785909,0.));
#2319=DIRECTION('',(-1.,1.15648231731787E-16,0.));
#2320=DIRECTION('',(-0.342020143325668,-0.939692620785909,0.));
#2321=DIRECTION('',(1.,0.,0.));
#2322=DIRECTION('',(0.,0.,1.));
#2323=DIRECTION('',(1.,0.,0.));
#2324=DIRECTION('',(-0.342020143325668,0.939692620785909,0.));
#2325=DIRECTION('',(-1.,1.15648231731787E-16,0.));
#2326=DIRECTION('',(-0.342020143325668,-0.939692620785909,0.));
#2327=DIRECTION('',(1.,0.,0.));
#2328=DIRECTION('',(0.,0.,1.));
#2329=DIRECTION('',(1.,0.,0.));
#2330=DIRECTION('',(0.,1.,0.));
#2331=DIRECTION('',(-1.,1.15648231731787E-16,0.));
#2332=DIRECTION('',(0.,0.,1.));
#2333=DIRECTION('',(1.,0.,0.));
#2334=DIRECTION('',(1.,0.,0.));
#2335=DIRECTION('',(0.,0.,1.));
#2336=DIRECTION('',(1.,0.,0.));
#2337=DIRECTION('',(0.,0.,1.));
#2338=DIRECTION('',(1.,0.,0.));
#2339=DIRECTION('',(1.,0.,0.));
#2340=DIRECTION('',(-0.342020143325668,0.939692620785909,0.));
#2341=DIRECTION('',(-1.,0.,0.));
#2342=DIRECTION('',(-0.342020143325668,-0.939692620785909,0.));
#2343=DIRECTION('',(1.,0.,0.));
#2344=DIRECTION('',(-0.342020143325668,0.939692620785909,0.));
#2345=DIRECTION('',(-1.,0.,0.));
#2346=DIRECTION('',(-0.342020143325668,-0.939692620785909,0.));
#2347=DIRECTION('',(1.,0.,0.));
#2348=DIRECTION('',(-0.342020143325668,0.939692620785909,0.));
#2349=DIRECTION('',(-1.,0.,0.));
#2350=DIRECTION('',(-0.342020143325668,-0.939692620785909,0.));
#2351=DIRECTION('',(1.,0.,0.));
#2352=DIRECTION('',(-0.342020143325668,0.939692620785909,0.));
#2353=DIRECTION('',(-1.,0.,0.));
#2354=DIRECTION('',(-0.342020143325668,-0.939692620785909,0.));
#2355=DIRECTION('',(1.,0.,0.));
#2356=DIRECTION('',(-0.342020143325668,0.939692620785909,0.));
#2357=DIRECTION('',(-1.,0.,0.));
#2358=DIRECTION('',(-0.342020143325668,-0.939692620785909,0.));
#2359=DIRECTION('',(1.,0.,0.));
#2360=DIRECTION('',(-0.342020143325668,0.939692620785909,0.));
#2361=DIRECTION('',(-1.,0.,0.));
#2362=DIRECTION('',(-0.342020143325668,-0.939692620785909,0.));
#2363=DIRECTION('',(1.,0.,0.));
#2364=DIRECTION('',(-0.342020143325668,0.939692620785909,0.));
#2365=DIRECTION('',(-1.,0.,0.));
#2366=DIRECTION('',(-0.342020143325668,-0.939692620785909,0.));
#2367=DIRECTION('',(1.,0.,0.));
#2368=DIRECTION('',(-0.342020143325668,0.939692620785909,0.));
#2369=DIRECTION('',(-1.,0.,0.));
#2370=DIRECTION('',(-0.342020143325668,-0.939692620785909,0.));
#2371=DIRECTION('',(1.,0.,0.));
#2372=DIRECTION('',(-0.342020143325668,0.939692620785909,0.));
#2373=DIRECTION('',(-1.,0.,0.));
#2374=DIRECTION('',(-0.342020143325668,-0.939692620785909,0.));
#2375=DIRECTION('',(1.,0.,0.));
#2376=DIRECTION('',(-0.342020143325668,0.939692620785909,0.));
#2377=DIRECTION('',(-1.,0.,0.));
#2378=DIRECTION('',(-0.342020143325668,-0.939692620785909,0.));
#2379=DIRECTION('',(1.,0.,0.));
#2380=DIRECTION('',(-0.342020143325668,0.939692620785909,0.));
#2381=DIRECTION('',(-1.,0.,0.));
#2382=DIRECTION('',(-0.342020143325668,-0.939692620785909,0.));
#2383=DIRECTION('',(1.,0.,0.));
#2384=DIRECTION('',(-0.342020143325668,0.939692620785909,0.));
#2385=DIRECTION('',(-1.,0.,0.));
#2386=DIRECTION('',(-0.342020143325668,-0.939692620785909,0.));
#2387=DIRECTION('',(1.,0.,0.));
#2388=DIRECTION('',(-0.342020143325668,0.939692620785909,0.));
#2389=DIRECTION('',(-1.,0.,0.));
#2390=DIRECTION('',(-0.342020143325668,-0.939692620785909,0.));
#2391=DIRECTION('',(1.,0.,0.));
#2392=DIRECTION('',(-0.342020143325668,0.939692620785909,0.));
#2393=DIRECTION('',(0.,1.,0.));
#2394=DIRECTION('',(0.,0.,1.));
#2395=DIRECTION('',(0.,0.,-1.));
#2396=DIRECTION('',(1.,0.,0.));
#2397=DIRECTION('',(0.,0.,-1.));
#2398=DIRECTION('',(0.,1.,0.));
#2399=DIRECTION('',(0.,0.,1.));
#2400=DIRECTION('',(0.,0.,-1.));
#2401=DIRECTION('',(1.,0.,0.));
#2402=DIRECTION('',(0.,0.,-1.));
#2403=DIRECTION('',(0.,1.,0.));
#2404=DIRECTION('',(0.,0.,1.));
#2405=DIRECTION('',(0.,0.,-1.));
#2406=DIRECTION('',(1.,0.,0.));
#2407=DIRECTION('',(0.,0.,-1.));
#2408=DIRECTION('',(0.,1.,0.));
#2409=DIRECTION('',(0.,0.,1.));
#2410=DIRECTION('',(0.,0.,-1.));
#2411=DIRECTION('',(1.,0.,0.));
#2412=DIRECTION('',(0.,0.,-1.));
#2413=DIRECTION('',(0.,1.,0.));
#2414=DIRECTION('',(0.,0.,1.));
#2415=DIRECTION('',(0.,0.,-1.));
#2416=DIRECTION('',(1.,0.,0.));
#2417=DIRECTION('',(0.,0.,-1.));
#2418=DIRECTION('',(0.,1.,0.));
#2419=DIRECTION('',(0.,0.,1.));
#2420=DIRECTION('',(0.,0.,-1.));
#2421=DIRECTION('',(1.,0.,0.));
#2422=DIRECTION('',(0.,0.,-1.));
#2423=DIRECTION('',(0.,1.,0.));
#2424=DIRECTION('',(0.,0.,1.));
#2425=DIRECTION('',(0.,0.,-1.));
#2426=DIRECTION('',(1.,0.,0.));
#2427=DIRECTION('',(0.,0.,-1.));
#2428=DIRECTION('',(0.,1.,0.));
#2429=DIRECTION('',(0.,0.,1.));
#2430=DIRECTION('',(0.,0.,-1.));
#2431=DIRECTION('',(1.,0.,0.));
#2432=DIRECTION('',(0.,0.,-1.));
#2433=DIRECTION('',(0.,1.,0.));
#2434=DIRECTION('',(0.,0.,1.));
#2435=DIRECTION('',(0.,0.,-1.));
#2436=DIRECTION('',(1.,0.,0.));
#2437=DIRECTION('',(0.,0.,-1.));
#2438=DIRECTION('',(0.,1.,0.));
#2439=DIRECTION('',(0.,0.,1.));
#2440=DIRECTION('',(0.,0.,-1.));
#2441=DIRECTION('',(1.,0.,0.));
#2442=DIRECTION('',(0.,0.,-1.));
#2443=DIRECTION('',(0.,1.,0.));
#2444=DIRECTION('',(0.,0.,1.));
#2445=DIRECTION('',(0.,0.,-1.));
#2446=DIRECTION('',(1.,0.,0.));
#2447=DIRECTION('',(0.,0.,-1.));
#2448=DIRECTION('',(0.,1.,0.));
#2449=DIRECTION('',(0.,0.,1.));
#2450=DIRECTION('',(0.,0.,-1.));
#2451=DIRECTION('',(1.,0.,0.));
#2452=DIRECTION('',(0.,0.,-1.));
#2453=DIRECTION('',(0.,1.,0.));
#2454=DIRECTION('',(0.,0.,1.));
#2455=DIRECTION('',(0.,0.,-1.));
#2456=DIRECTION('',(1.,0.,0.));
#2457=DIRECTION('',(0.,0.,-1.));
#2458=DIRECTION('',(0.,1.,0.));
#2459=DIRECTION('',(0.,0.,1.));
#2460=DIRECTION('',(0.,0.,-1.));
#2461=DIRECTION('',(1.,0.,0.));
#2462=DIRECTION('',(0.,0.,-1.));
#2463=DIRECTION('',(0.,1.,0.));
#2464=DIRECTION('',(0.,0.,1.));
#2465=DIRECTION('',(0.,0.,-1.));
#2466=DIRECTION('',(1.,0.,0.));
#2467=DIRECTION('',(0.,0.,-1.));
#2468=DIRECTION('',(1.,0.,0.));
#2469=DIRECTION('',(0.,1.,0.));
#2470=DIRECTION('',(0.,0.,1.));
#2471=DIRECTION('',(0.,0.,-1.));
#2472=DIRECTION('',(1.,0.,0.));
#2473=DIRECTION('',(0.,0.,-1.));
#2474=DIRECTION('',(0.,1.,0.));
#2475=DIRECTION('',(0.,0.,1.));
#2476=DIRECTION('',(0.,0.,-1.));
#2477=DIRECTION('',(1.,0.,0.));
#2478=DIRECTION('',(0.,0.,-1.));
#2479=DIRECTION('',(0.,1.,0.));
#2480=DIRECTION('',(0.,0.,1.));
#2481=DIRECTION('',(0.,0.,-1.));
#2482=DIRECTION('',(1.,0.,0.));
#2483=DIRECTION('',(0.,0.,-1.));
#2484=DIRECTION('',(0.,0.,1.));
#2485=DIRECTION('',(1.,0.,0.));
#2486=DIRECTION('',(-0.342020143325668,0.939692620785909,0.));
#2487=DIRECTION('',(-1.,1.15648231731787E-16,0.));
#2488=DIRECTION('',(-0.342020143325668,-0.939692620785909,0.));
#2489=DIRECTION('',(0.,1.,0.));
#2490=DIRECTION('',(0.,0.,1.));
#2491=DIRECTION('',(0.,0.,-1.));
#2492=DIRECTION('',(1.,0.,0.));
#2493=DIRECTION('',(0.,0.,-1.));
#2494=DIRECTION('',(0.,1.,0.));
#2495=DIRECTION('',(0.,0.,1.));
#2496=DIRECTION('',(1.,0.,0.));
#2497=DIRECTION('',(0.,0.,-1.));
#2498=DIRECTION('',(0.,0.,-1.));
#2499=DIRECTION('',(0.,0.,1.));
#2500=DIRECTION('',(1.,0.,0.));
#2501=DIRECTION('',(0.,0.,1.));
#2502=DIRECTION('',(1.,0.,0.));
#2503=DIRECTION('',(0.,0.,1.));
#2504=DIRECTION('',(1.,0.,0.));
#2505=DIRECTION('',(0.342020143325668,0.939692620785909,0.));
#2506=DIRECTION('',(1.,0.,0.));
#2507=DIRECTION('',(0.342020143325668,-0.939692620785909,0.));
#2508=DIRECTION('',(0.342020143325668,0.939692620785909,0.));
#2509=DIRECTION('',(1.,0.,0.));
#2510=DIRECTION('',(0.342020143325668,-0.939692620785909,0.));
#2511=DIRECTION('',(0.342020143325668,0.939692620785909,0.));
#2512=DIRECTION('',(1.,0.,0.));
#2513=DIRECTION('',(0.342020143325668,-0.939692620785909,0.));
#2514=DIRECTION('',(0.342020143325668,0.939692620785909,0.));
#2515=DIRECTION('',(1.,0.,0.));
#2516=DIRECTION('',(0.342020143325668,-0.939692620785909,0.));
#2517=DIRECTION('',(0.342020143325668,0.939692620785909,0.));
#2518=DIRECTION('',(1.,0.,0.));
#2519=DIRECTION('',(0.342020143325668,-0.939692620785909,0.));
#2520=DIRECTION('',(0.342020143325668,0.939692620785909,0.));
#2521=DIRECTION('',(1.,0.,0.));
#2522=DIRECTION('',(0.342020143325668,-0.939692620785909,0.));
#2523=DIRECTION('',(0.342020143325668,0.939692620785909,0.));
#2524=DIRECTION('',(1.,0.,0.));
#2525=DIRECTION('',(0.342020143325668,-0.939692620785909,0.));
#2526=DIRECTION('',(0.342020143325668,0.939692620785909,0.));
#2527=DIRECTION('',(1.,0.,0.));
#2528=DIRECTION('',(0.342020143325668,-0.939692620785909,0.));
#2529=DIRECTION('',(0.342020143325668,0.939692620785909,0.));
#2530=DIRECTION('',(1.,0.,0.));
#2531=DIRECTION('',(0.342020143325668,-0.939692620785909,0.));
#2532=DIRECTION('',(0.342020143325668,0.939692620785909,0.));
#2533=DIRECTION('',(1.,0.,0.));
#2534=DIRECTION('',(0.342020143325668,-0.939692620785909,0.));
#2535=DIRECTION('',(0.342020143325668,0.939692620785909,0.));
#2536=DIRECTION('',(1.,0.,0.));
#2537=DIRECTION('',(0.342020143325668,-0.939692620785909,0.));
#2538=DIRECTION('',(0.342020143325668,0.939692620785909,0.));
#2539=DIRECTION('',(1.,0.,0.));
#2540=DIRECTION('',(0.342020143325668,-0.939692620785909,0.));
#2541=DIRECTION('',(0.342020143325668,0.939692620785909,0.));
#2542=DIRECTION('',(1.,0.,0.));
#2543=DIRECTION('',(0.342020143325668,-0.939692620785909,0.));
#2544=DIRECTION('',(0.342020143325668,0.939692620785909,0.));
#2545=DIRECTION('',(1.,0.,0.));
#2546=DIRECTION('',(0.342020143325668,-0.939692620785909,0.));
#2547=DIRECTION('',(0.342020143325668,0.939692620785909,0.));
#2548=DIRECTION('',(1.,0.,0.));
#2549=DIRECTION('',(0.342020143325668,-0.939692620785909,0.));
#2550=DIRECTION('',(0.342020143325668,0.939692620785909,0.));
#2551=DIRECTION('',(1.,0.,0.));
#2552=DIRECTION('',(0.342020143325668,-0.939692620785909,0.));
#2553=DIRECTION('',(0.342020143325668,0.939692620785909,0.));
#2554=DIRECTION('',(1.,0.,0.));
#2555=DIRECTION('',(0.342020143325668,-0.939692620785909,0.));
#2556=DIRECTION('',(0.342020143325668,0.939692620785909,0.));
#2557=DIRECTION('',(1.,0.,0.));
#2558=DIRECTION('',(0.342020143325668,-0.939692620785909,0.));
#2559=DIRECTION('',(0.,0.,1.));
#2560=DIRECTION('',(1.,0.,0.));
#2561=DIRECTION('',(0.,0.,1.));
#2562=DIRECTION('',(1.,0.,0.));
#2563=DIRECTION('',(-0.939692620785908,-0.342020143325668,0.));
#2564=DIRECTION('',(0.342020143325668,-0.939692620785909,0.));
#2565=DIRECTION('',(0.,0.,-1.));
#2566=DIRECTION('',(-0.342020143325668,0.939692620785909,0.));
#2567=DIRECTION('',(0.,-1.,0.));
#2568=DIRECTION('',(0.,0.,-1.));
#2569=DIRECTION('',(0.,0.,-1.));
#2570=DIRECTION('',(-1.,0.,0.));
#2571=DIRECTION('',(0.939692620785908,-0.342020143325668,0.));
#2572=DIRECTION('',(0.342020143325668,0.939692620785909,0.));
#2573=DIRECTION('',(-0.342020143325668,-0.939692620785909,0.));
#2574=DIRECTION('',(-0.939692620785908,-0.342020143325668,0.));
#2575=DIRECTION('',(0.342020143325668,-0.939692620785909,0.));
#2576=DIRECTION('',(0.,0.,-1.));
#2577=DIRECTION('',(-0.342020143325668,0.939692620785909,0.));
#2578=DIRECTION('',(0.,-1.,0.));
#2579=DIRECTION('',(0.,0.,-1.));
#2580=DIRECTION('',(0.,0.,-1.));
#2581=DIRECTION('',(-1.,0.,0.));
#2582=DIRECTION('',(0.939692620785908,-0.342020143325668,0.));
#2583=DIRECTION('',(0.342020143325668,0.939692620785909,0.));
#2584=DIRECTION('',(-0.342020143325668,-0.939692620785909,0.));
#2585=DIRECTION('',(-0.939692620785908,-0.342020143325668,0.));
#2586=DIRECTION('',(0.342020143325668,-0.939692620785909,0.));
#2587=DIRECTION('',(0.,0.,-1.));
#2588=DIRECTION('',(-0.342020143325668,0.939692620785909,0.));
#2589=DIRECTION('',(0.,-1.,0.));
#2590=DIRECTION('',(0.,0.,-1.));
#2591=DIRECTION('',(0.,0.,-1.));
#2592=DIRECTION('',(-1.,0.,0.));
#2593=DIRECTION('',(0.939692620785908,-0.342020143325668,0.));
#2594=DIRECTION('',(0.342020143325668,0.939692620785909,0.));
#2595=DIRECTION('',(-0.342020143325668,-0.939692620785909,0.));
#2596=DIRECTION('',(-0.939692620785908,-0.342020143325668,0.));
#2597=DIRECTION('',(0.342020143325668,-0.939692620785909,0.));
#2598=DIRECTION('',(0.,0.,-1.));
#2599=DIRECTION('',(-0.342020143325668,0.939692620785909,0.));
#2600=DIRECTION('',(0.,-1.,0.));
#2601=DIRECTION('',(0.,0.,-1.));
#2602=DIRECTION('',(0.,0.,-1.));
#2603=DIRECTION('',(-1.,0.,0.));
#2604=DIRECTION('',(0.939692620785908,-0.342020143325668,0.));
#2605=DIRECTION('',(0.342020143325668,0.939692620785909,0.));
#2606=DIRECTION('',(-0.342020143325668,-0.939692620785909,0.));
#2607=DIRECTION('',(-0.939692620785908,-0.342020143325668,0.));
#2608=DIRECTION('',(0.342020143325668,-0.939692620785909,0.));
#2609=DIRECTION('',(0.,0.,-1.));
#2610=DIRECTION('',(-0.342020143325668,0.939692620785909,0.));
#2611=DIRECTION('',(0.,-1.,0.));
#2612=DIRECTION('',(0.,0.,-1.));
#2613=DIRECTION('',(0.,0.,-1.));
#2614=DIRECTION('',(-1.,0.,0.));
#2615=DIRECTION('',(0.939692620785908,-0.342020143325668,0.));
#2616=DIRECTION('',(0.342020143325668,0.939692620785909,0.));
#2617=DIRECTION('',(-0.342020143325668,-0.939692620785909,0.));
#2618=DIRECTION('',(-0.939692620785908,-0.342020143325668,0.));
#2619=DIRECTION('',(0.342020143325668,-0.939692620785909,0.));
#2620=DIRECTION('',(0.,0.,-1.));
#2621=DIRECTION('',(0.,-1.,0.));
#2622=DIRECTION('',(0.,0.,-1.));
#2623=DIRECTION('',(0.,0.,-1.));
#2624=DIRECTION('',(0.939692620785908,-0.342020143325668,0.));
#2625=DIRECTION('',(0.342020143325668,0.939692620785909,0.));
#2626=DIRECTION('',(-0.939692620785908,-0.342020143325668,0.));
#2627=DIRECTION('',(0.342020143325668,-0.939692620785909,0.));
#2628=DIRECTION('',(0.,0.,-1.));
#2629=DIRECTION('',(0.,-1.,0.));
#2630=DIRECTION('',(0.,0.,-1.));
#2631=DIRECTION('',(0.,0.,-1.));
#2632=DIRECTION('',(0.939692620785908,-0.342020143325668,0.));
#2633=DIRECTION('',(0.342020143325668,0.939692620785909,0.));
#2634=DIRECTION('',(-0.939692620785908,-0.342020143325668,0.));
#2635=DIRECTION('',(0.342020143325668,-0.939692620785909,0.));
#2636=DIRECTION('',(0.,0.,-1.));
#2637=DIRECTION('',(0.,-1.,0.));
#2638=DIRECTION('',(0.,0.,-1.));
#2639=DIRECTION('',(0.,0.,-1.));
#2640=DIRECTION('',(0.939692620785908,-0.342020143325668,0.));
#2641=DIRECTION('',(0.342020143325668,0.939692620785909,0.));
#2642=DIRECTION('',(-0.939692620785908,-0.342020143325668,0.));
#2643=DIRECTION('',(0.342020143325668,-0.939692620785909,0.));
#2644=DIRECTION('',(0.,0.,-1.));
#2645=DIRECTION('',(0.,-1.,0.));
#2646=DIRECTION('',(0.,0.,-1.));
#2647=DIRECTION('',(0.,0.,-1.));
#2648=DIRECTION('',(0.939692620785908,-0.342020143325668,0.));
#2649=DIRECTION('',(0.342020143325668,0.939692620785909,0.));
#2650=DIRECTION('',(-0.939692620785908,-0.342020143325668,0.));
#2651=DIRECTION('',(0.342020143325668,-0.939692620785909,0.));
#2652=DIRECTION('',(0.,0.,-1.));
#2653=DIRECTION('',(0.,-1.,0.));
#2654=DIRECTION('',(0.,0.,-1.));
#2655=DIRECTION('',(0.,0.,-1.));
#2656=DIRECTION('',(0.939692620785908,-0.342020143325668,0.));
#2657=DIRECTION('',(0.342020143325668,0.939692620785909,0.));
#2658=DIRECTION('',(-0.939692620785908,-0.342020143325668,0.));
#2659=DIRECTION('',(0.342020143325668,-0.939692620785909,0.));
#2660=DIRECTION('',(0.,0.,-1.));
#2661=DIRECTION('',(0.,-1.,0.));
#2662=DIRECTION('',(0.,0.,-1.));
#2663=DIRECTION('',(0.,0.,-1.));
#2664=DIRECTION('',(0.939692620785908,-0.342020143325668,0.));
#2665=DIRECTION('',(0.342020143325668,0.939692620785909,0.));
#2666=DIRECTION('',(-0.939692620785908,-0.342020143325668,0.));
#2667=DIRECTION('',(0.342020143325668,-0.939692620785909,0.));
#2668=DIRECTION('',(0.,0.,-1.));
#2669=DIRECTION('',(0.,-1.,0.));
#2670=DIRECTION('',(0.,0.,-1.));
#2671=DIRECTION('',(0.,0.,-1.));
#2672=DIRECTION('',(0.939692620785908,-0.342020143325668,0.));
#2673=DIRECTION('',(0.342020143325668,0.939692620785909,0.));
#2674=DIRECTION('',(-0.939692620785908,-0.342020143325668,0.));
#2675=DIRECTION('',(0.342020143325668,-0.939692620785909,0.));
#2676=DIRECTION('',(0.,0.,-1.));
#2677=DIRECTION('',(0.,-1.,0.));
#2678=DIRECTION('',(0.,0.,-1.));
#2679=DIRECTION('',(0.,0.,-1.));
#2680=DIRECTION('',(0.939692620785908,-0.342020143325668,0.));
#2681=DIRECTION('',(0.342020143325668,0.939692620785909,0.));
#2682=DIRECTION('',(-0.939692620785908,-0.342020143325668,0.));
#2683=DIRECTION('',(0.342020143325668,-0.939692620785909,0.));
#2684=DIRECTION('',(0.,0.,-1.));
#2685=DIRECTION('',(0.,-1.,0.));
#2686=DIRECTION('',(0.,0.,-1.));
#2687=DIRECTION('',(0.,0.,-1.));
#2688=DIRECTION('',(0.939692620785908,-0.342020143325668,0.));
#2689=DIRECTION('',(0.342020143325668,0.939692620785909,0.));
#2690=DIRECTION('',(-0.939692620785908,-0.342020143325668,0.));
#2691=DIRECTION('',(0.342020143325668,-0.939692620785909,0.));
#2692=DIRECTION('',(0.,0.,-1.));
#2693=DIRECTION('',(0.,-1.,0.));
#2694=DIRECTION('',(0.,0.,-1.));
#2695=DIRECTION('',(0.,0.,-1.));
#2696=DIRECTION('',(0.939692620785908,-0.342020143325668,0.));
#2697=DIRECTION('',(0.342020143325668,0.939692620785909,0.));
#2698=DIRECTION('',(-0.939692620785908,-0.342020143325668,0.));
#2699=DIRECTION('',(0.342020143325668,-0.939692620785909,0.));
#2700=DIRECTION('',(0.,0.,-1.));
#2701=DIRECTION('',(0.,-1.,0.));
#2702=DIRECTION('',(0.,0.,-1.));
#2703=DIRECTION('',(0.,0.,-1.));
#2704=DIRECTION('',(0.939692620785908,-0.342020143325668,0.));
#2705=DIRECTION('',(0.342020143325668,0.939692620785909,0.));
#2706=DIRECTION('',(-0.939692620785908,-0.342020143325668,0.));
#2707=DIRECTION('',(0.342020143325668,-0.939692620785909,0.));
#2708=DIRECTION('',(0.,0.,-1.));
#2709=DIRECTION('',(0.,-1.,0.));
#2710=DIRECTION('',(0.,0.,-1.));
#2711=DIRECTION('',(0.,0.,-1.));
#2712=DIRECTION('',(0.939692620785908,-0.342020143325668,0.));
#2713=DIRECTION('',(0.342020143325668,0.939692620785909,0.));
#2714=DIRECTION('',(-0.939692620785908,-0.342020143325668,0.));
#2715=DIRECTION('',(0.342020143325668,-0.939692620785909,0.));
#2716=DIRECTION('',(0.,0.,-1.));
#2717=DIRECTION('',(0.,-1.,0.));
#2718=DIRECTION('',(0.,0.,-1.));
#2719=DIRECTION('',(0.,0.,-1.));
#2720=DIRECTION('',(0.939692620785908,-0.342020143325668,0.));
#2721=DIRECTION('',(0.342020143325668,0.939692620785909,0.));
#2722=DIRECTION('',(0.,0.,1.));
#2723=DIRECTION('',(1.,0.,0.));
#2724=DIRECTION('',(0.,0.,1.));
#2725=DIRECTION('',(0.,0.,1.));
#2726=DIRECTION('',(1.,0.,0.));
#2727=DIRECTION('',(0.,0.,1.));
#2728=DIRECTION('',(0.,0.,-1.));
#2729=DIRECTION('',(-1.,0.,0.));
#2730=DIRECTION('',(0.,0.,1.));
#2731=DIRECTION('',(0.,0.,1.));
#2732=DIRECTION('',(1.,0.,0.));
#2733=DIRECTION('',(0.,0.,-1.));
#2734=DIRECTION('',(-1.,0.,0.));
#2735=DIRECTION('',(0.,0.,-1.));
#2736=DIRECTION('',(0.,0.,1.));
#2737=DIRECTION('',(1.,0.,0.));
#2738=DIRECTION('',(0.,0.,-1.));
#2739=DIRECTION('',(1.,0.,0.));
#2740=DIRECTION('',(-1.,1.15648231731787E-16,0.));
#2741=DIRECTION('',(0.,1.,0.));
#2742=DIRECTION('',(0.,0.,-1.));
#2743=DIRECTION('',(1.,0.,0.));
#2744=DIRECTION('',(-1.,1.15648231731787E-16,0.));
#2745=DIRECTION('',(0.,0.,-1.));
#2746=DIRECTION('',(1.,0.,0.));
#2747=DIRECTION('',(-1.,1.15648231731787E-16,0.));
#2748=DIRECTION('',(0.,0.,-1.));
#2749=DIRECTION('',(1.,0.,0.));
#2750=DIRECTION('',(-1.,1.15648231731787E-16,0.));
#2751=DIRECTION('',(1.15648231731787E-16,1.,0.));
#2752=DIRECTION('',(-1.,1.15648231731787E-16,0.));
#2753=DIRECTION('',(-1.,1.15648231731787E-16,0.));
#2754=DIRECTION('',(0.,0.,1.));
#2755=DIRECTION('',(-1.,1.15648231731787E-16,0.));
#2756=DIRECTION('',(1.15648231731787E-16,1.,0.));
#2757=DIRECTION('',(-1.,1.15648231731787E-16,0.));
#2758=DIRECTION('',(0.,0.,1.));
#2759=DIRECTION('',(-1.,1.15648231731787E-16,0.));
#2760=DIRECTION('',(1.,0.,0.));
#2761=DIRECTION('',(0.,0.,-1.));
#2762=DIRECTION('',(1.,0.,0.));
#2763=DIRECTION('',(0.,0.,-1.));
#2764=DIRECTION('',(0.,1.,0.));
#2765=DIRECTION('',(0.,0.,1.));
#2766=DIRECTION('',(0.,1.,0.));
#2767=DIRECTION('',(0.,0.,1.));
#2768=DIRECTION('',(0.,1.,0.));
#2769=DIRECTION('',(1.,0.,0.));
#2770=DIRECTION('',(0.,0.,-1.));
#2771=DIRECTION('',(0.,0.,-1.));
#2772=DIRECTION('',(1.,0.,0.));
#2773=DIRECTION('',(0.,0.,-1.));
#2774=DIRECTION('',(1.,0.,0.));
#2775=DIRECTION('',(1.,0.,0.));
#2776=DIRECTION('',(0.,0.,-1.));
#2777=DIRECTION('',(-1.,0.,0.));
#2778=DIRECTION('',(0.,1.,0.));
#2779=DIRECTION('',(-1.,1.15648231731787E-16,0.));
#2780=DIRECTION('',(0.,-1.,0.));
#2781=DIRECTION('',(0.,0.,-1.));
#2782=DIRECTION('',(-0.216930457818656,0.,-0.976187060183953));
#2783=DIRECTION('',(0.,0.,1.));
#2784=DIRECTION('',(1.,0.,0.));
#2785=DIRECTION('',(0.,-1.,0.));
#2786=DIRECTION('',(0.,0.,-1.));
#2787=DIRECTION('',(1.,0.,0.));
#2788=DIRECTION('',(0.,0.,1.));
#2789=DIRECTION('',(0.216930457818656,0.,0.976187060183953));
#2790=DIRECTION('',(1.,0.,0.));
#2791=DIRECTION('',(1.,0.,0.));
#2792=DIRECTION('',(0.,0.,-1.));
#2793=DIRECTION('',(0.,0.,1.));
#2794=DIRECTION('',(0.,-1.,0.));
#2795=DIRECTION('',(0.,0.,1.));
#2796=DIRECTION('',(0.,1.,0.));
#2797=DIRECTION('',(0.,0.,-1.));
#2798=DIRECTION('',(1.,0.,0.));
#2799=DIRECTION('',(0.,1.,0.));
#2800=DIRECTION('',(0.,0.,-1.));
#2801=DIRECTION('',(-1.,0.,0.));
#2802=DIRECTION('',(0.,0.,-1.));
#2803=DIRECTION('',(-1.,0.,0.));
#2804=DIRECTION('',(0.,0.,-1.));
#2805=DIRECTION('',(1.,0.,0.));
#2806=DIRECTION('',(0.,0.,-1.));
#2807=DIRECTION('',(-1.,0.,0.));
#2808=DIRECTION('',(-1.,1.15648231731787E-16,0.));
#2809=DIRECTION('',(-0.976187060183953,0.,0.216930457818656));
#2810=DIRECTION('',(0.,1.,0.));
#2811=DIRECTION('',(-0.216930457818656,0.,-0.976187060183953));
#2812=DIRECTION('',(0.,1.,0.));
#2813=DIRECTION('',(0.216930457818656,0.,0.976187060183953));
#2814=DIRECTION('',(0.,-1.,0.));
#2815=DIRECTION('',(1.,-1.15648231731787E-16,0.));
#2816=DIRECTION('',(1.15648231731787E-16,1.,0.));
#2817=DIRECTION('',(-1.,1.15648231731787E-16,0.));
#2818=DIRECTION('',(-1.15648231731787E-16,-1.,0.));
#2819=DIRECTION('',(0.,0.,-1.));
#2820=DIRECTION('',(-1.,0.,0.));
#2821=DIRECTION('',(7.80625564189562E-15,0.,-1.));
#2822=DIRECTION('',(-1.,0.,-7.80625564189562E-15));
#2823=DIRECTION('',(-0.216930457818656,0.,-0.976187060183953));
#2824=DIRECTION('',(-0.976187060183953,0.,0.216930457818656));
#2825=DIRECTION('',(0.216930457818656,7.62036574610649E-15,0.976187060183953));
#2826=DIRECTION('',(0.976187060183953,0.,-0.216930457818656));
#2827=DIRECTION('',(0.153392997769474,0.707106781186548,0.690268489962633));
#2828=DIRECTION('',(-0.153392997769474,0.707106781186548,-0.690268489962633));
#2829=DIRECTION('',(0.,1.,-5.20417042793042E-15));
#2830=DIRECTION('',(0.,5.20417042793042E-15,1.));
#2831=DIRECTION('',(0.,1.,0.));
#2832=DIRECTION('',(0.,0.,1.));
#2833=DIRECTION('',(0.,1.,0.));
#2834=DIRECTION('',(0.,0.,1.));
#2835=DIRECTION('',(-0.153392997769474,0.707106781186548,-0.690268489962633));
#2836=DIRECTION('',(0.153392997769474,0.707106781186548,0.690268489962633));
#2837=DIRECTION('',(0.,-1.,0.));
#2838=DIRECTION('',(0.,0.,-1.));
#2839=DIRECTION('',(0.,-1.,0.));
#2840=DIRECTION('',(0.,0.,-1.));
#2841=DIRECTION('',(-0.216930457818656,0.,-0.976187060183953));
#2842=DIRECTION('',(-0.976187060183953,0.,0.216930457818656));
#2843=DIRECTION('',(0.216930457818653,0.,0.976187060183954));
#2844=DIRECTION('',(0.976187060183954,0.,-0.216930457818653));
#2845=DIRECTION('',(0.,-1.,-8.67361737988404E-16));
#2846=DIRECTION('',(0.,8.67361737988404E-16,-1.));
#2847=DIRECTION('',(0.,3.46944695195361E-15,-1.));
#2848=DIRECTION('',(0.,1.,3.46944695195361E-15));
#2849=DIRECTION('',(0.,0.,1.));
#2850=DIRECTION('',(1.,0.,0.));
#2851=CARTESIAN_POINT('',(0.,0.,0.));
#2852=CARTESIAN_POINT('',(0.0226194671058465,-0.00069,0.));
#2853=CARTESIAN_POINT('',(0.0444389342116931,-0.00118,0.));
#2854=CARTESIAN_POINT('',(0.0444389342116931,0.00162,0.));
#2855=CARTESIAN_POINT('',(0.0460642341840058,0.0011,0.));
#2856=CARTESIAN_POINT('',(0.0396957258251451,0.0011,0.));
#2857=CARTESIAN_POINT('',(0.0424842948703155,0.0011,0.));
#2858=CARTESIAN_POINT('',(0.0423787435023783,0.00081,0.));
#2859=CARTESIAN_POINT('',(0.0426735593921338,0.00162,0.));
#2860=CARTESIAN_POINT('',(0.0226194671058465,0.00162,0.));
#2861=CARTESIAN_POINT('',(0.0226194671058465,-0.00069,0.));
#2862=CARTESIAN_POINT('',(0.0413132847892538,0.00081,0.));
#2863=CARTESIAN_POINT('',(0.0412077334213167,0.0011,0.));
#2864=CARTESIAN_POINT('',(0.0410184688994982,0.00162,0.));
#2865=CARTESIAN_POINT('',(0.0396957258251451,0.0011,0.));
#2866=CARTESIAN_POINT('',(0.0402223481597308,0.0011,0.));
#2867=CARTESIAN_POINT('',(0.0401167967917936,0.00081,0.));
#2868=CARTESIAN_POINT('',(0.0404116126815492,0.00162,0.));
#2869=CARTESIAN_POINT('',(0.0226194671058465,0.00162,0.));
#2870=CARTESIAN_POINT('',(0.0226194671058465,-0.00069,0.));
#2871=CARTESIAN_POINT('',(0.0390513380786692,0.00081,0.));
#2872=CARTESIAN_POINT('',(0.038945786710732,0.0011,0.));
#2873=CARTESIAN_POINT('',(0.0387565221889136,0.00162,0.));
#2874=CARTESIAN_POINT('',(0.0396957258251451,0.0011,0.));
#2875=CARTESIAN_POINT('',(0.0379604014491462,0.0011,0.));
#2876=CARTESIAN_POINT('',(0.037854850081209,0.00081,0.));
#2877=CARTESIAN_POINT('',(0.0381496659709645,0.00162,0.));
#2878=CARTESIAN_POINT('',(0.0226194671058465,0.00162,0.));
#2879=CARTESIAN_POINT('',(0.0226194671058465,-0.00069,0.));
#2880=CARTESIAN_POINT('',(0.0367893913680846,0.00081,0.));
#2881=CARTESIAN_POINT('',(0.0366838400001473,0.0011,0.));
#2882=CARTESIAN_POINT('',(0.0364945754783289,0.00162,0.));
#2883=CARTESIAN_POINT('',(0.0396957258251451,0.0011,0.));
#2884=CARTESIAN_POINT('',(0.0356984547385615,0.0011,0.));
#2885=CARTESIAN_POINT('',(0.0355929033706243,0.00081,0.));
#2886=CARTESIAN_POINT('',(0.0358877192603799,0.00162,0.));
#2887=CARTESIAN_POINT('',(0.0226194671058465,0.00162,0.));
#2888=CARTESIAN_POINT('',(0.0226194671058465,-0.00069,0.));
#2889=CARTESIAN_POINT('',(0.0321957258251451,-0.000699999999999984,0.));
#2890=CARTESIAN_POINT('',(0.0321957258251451,-0.00249999999999997,0.));
#2891=CARTESIAN_POINT('',(0.0321957258251451,0.00100169732907072,0.));
#2892=CARTESIAN_POINT('',(0.0396957258251451,-0.0025,0.));
#2893=CARTESIAN_POINT('',(0.0460358061539602,-0.0025,0.));
#2894=CARTESIAN_POINT('',(0.0444389342116931,-0.0002,0.));
#2895=CARTESIAN_POINT('',(0.0444389342116931,-0.003,0.));
#2896=CARTESIAN_POINT('',(0.0226194671058465,-0.003,0.));
#2897=CARTESIAN_POINT('',(0.0008,-0.003,0.));
#2898=CARTESIAN_POINT('',(0.0008,-0.0002,0.));
#2899=CARTESIAN_POINT('',(-0.00195679161345213,-0.00069,0.));
#2900=CARTESIAN_POINT('',(0.0008,-0.00118,0.));
#2901=CARTESIAN_POINT('',(0.0008,0.00162,0.));
#2902=CARTESIAN_POINT('',(0.0226194671058465,0.00162,0.));
#2903=CARTESIAN_POINT('',(0.00256537481955915,0.00162,0.));
#2904=CARTESIAN_POINT('',(0.00286019070931477,0.00081,0.));
#2905=CARTESIAN_POINT('',(0.00315500659907039,0.,0.));
#2906=CARTESIAN_POINT('',(0.00339292006587698,0.,0.));
#2907=CARTESIAN_POINT('',(0.00363083353268356,0.,0.));
#2908=CARTESIAN_POINT('',(0.00392564942243918,0.00081,0.));
#2909=CARTESIAN_POINT('',(0.00422046531219481,0.00162,0.));
#2910=CARTESIAN_POINT('',(0.0226194671058465,0.00162,0.));
#2911=CARTESIAN_POINT('',(0.0048273215301438,0.00162,0.));
#2912=CARTESIAN_POINT('',(0.00512213741989942,0.00081,0.));
#2913=CARTESIAN_POINT('',(0.00541695330965505,0.,0.));
#2914=CARTESIAN_POINT('',(0.00565486677646163,0.,0.));
#2915=CARTESIAN_POINT('',(0.00589278024326821,0.,0.));
#2916=CARTESIAN_POINT('',(0.00618759613302383,0.00081,0.));
#2917=CARTESIAN_POINT('',(0.00648241202277946,0.00162,0.));
#2918=CARTESIAN_POINT('',(0.0226194671058465,0.00162,0.));
#2919=CARTESIAN_POINT('',(0.00708926824072845,0.00162,0.));
#2920=CARTESIAN_POINT('',(0.00738408413048407,0.00081,0.));
#2921=CARTESIAN_POINT('',(0.0076789000202397,0.,0.));
#2922=CARTESIAN_POINT('',(0.00791681348704628,0.,0.));
#2923=CARTESIAN_POINT('',(0.00815472695385286,0.,0.));
#2924=CARTESIAN_POINT('',(0.00844954284360848,0.00081,0.));
#2925=CARTESIAN_POINT('',(0.00874435873336411,0.00162,0.));
#2926=CARTESIAN_POINT('',(0.0226194671058465,0.00162,0.));
#2927=CARTESIAN_POINT('',(0.0093512149513131,0.00162,0.));
#2928=CARTESIAN_POINT('',(0.00964603084106872,0.00081,0.));
#2929=CARTESIAN_POINT('',(0.00994084673082435,0.,0.));
#2930=CARTESIAN_POINT('',(0.0101787601976309,0.,0.));
#2931=CARTESIAN_POINT('',(0.0104166736644375,0.,0.));
#2932=CARTESIAN_POINT('',(0.0107114895541931,0.00081,0.));
#2933=CARTESIAN_POINT('',(0.0110063054439488,0.00162,0.));
#2934=CARTESIAN_POINT('',(0.0226194671058465,0.00162,0.));
#2935=CARTESIAN_POINT('',(0.0116131616618977,0.00162,0.));
#2936=CARTESIAN_POINT('',(0.0119079775516534,0.00081,0.));
#2937=CARTESIAN_POINT('',(0.012202793441409,0.,0.));
#2938=CARTESIAN_POINT('',(0.0124407069082156,0.,0.));
#2939=CARTESIAN_POINT('',(0.0126786203750222,0.,0.));
#2940=CARTESIAN_POINT('',(0.0129734362647778,0.00081,0.));
#2941=CARTESIAN_POINT('',(0.0132682521545334,0.00162,0.));
#2942=CARTESIAN_POINT('',(0.0226194671058465,0.00162,0.));
#2943=CARTESIAN_POINT('',(0.0138751083724824,0.00162,0.));
#2944=CARTESIAN_POINT('',(0.014169924262238,0.00081,0.));
#2945=CARTESIAN_POINT('',(0.0144647401519936,0.,0.));
#2946=CARTESIAN_POINT('',(0.0147026536188002,0.,0.));
#2947=CARTESIAN_POINT('',(0.0149405670856068,0.,0.));
#2948=CARTESIAN_POINT('',(0.0152353829753624,0.00081,0.));
#2949=CARTESIAN_POINT('',(0.0155301988651181,0.00162,0.));
#2950=CARTESIAN_POINT('',(0.0226194671058465,0.00162,0.));
#2951=CARTESIAN_POINT('',(0.0161370550830671,0.00162,0.));
#2952=CARTESIAN_POINT('',(0.0164318709728227,0.00081,0.));
#2953=CARTESIAN_POINT('',(0.0167266868625783,0.,0.));
#2954=CARTESIAN_POINT('',(0.0169646003293849,0.,0.));
#2955=CARTESIAN_POINT('',(0.0172025137961914,0.,0.));
#2956=CARTESIAN_POINT('',(0.0174973296859471,0.00081,0.));
#2957=CARTESIAN_POINT('',(0.0177921455757027,0.00162,0.));
#2958=CARTESIAN_POINT('',(0.0226194671058465,0.00162,0.));
#2959=CARTESIAN_POINT('',(0.0183990017936517,0.00162,0.));
#2960=CARTESIAN_POINT('',(0.0186938176834073,0.00081,0.));
#2961=CARTESIAN_POINT('',(0.0189886335731629,0.,0.));
#2962=CARTESIAN_POINT('',(0.0192265470399695,0.,0.));
#2963=CARTESIAN_POINT('',(0.0194644605067761,0.,0.));
#2964=CARTESIAN_POINT('',(0.0197592763965318,0.00081,0.));
#2965=CARTESIAN_POINT('',(0.0200540922862874,0.00162,0.));
#2966=CARTESIAN_POINT('',(0.0226194671058465,0.00162,0.));
#2967=CARTESIAN_POINT('',(0.0206609485042364,0.00162,0.));
#2968=CARTESIAN_POINT('',(0.020955764393992,0.00081,0.));
#2969=CARTESIAN_POINT('',(0.0212505802837476,0.,0.));
#2970=CARTESIAN_POINT('',(0.0214884937505542,0.,0.));
#2971=CARTESIAN_POINT('',(0.0217264072173608,0.,0.));
#2972=CARTESIAN_POINT('',(0.0220212231071164,0.00081,0.));
#2973=CARTESIAN_POINT('',(0.022316038996872,0.00162,0.));
#2974=CARTESIAN_POINT('',(0.0226194671058465,0.00162,0.));
#2975=CARTESIAN_POINT('',(0.022922895214821,0.00162,0.));
#2976=CARTESIAN_POINT('',(0.0232177111045767,0.00081,0.));
#2977=CARTESIAN_POINT('',(0.0235125269943323,0.,0.));
#2978=CARTESIAN_POINT('',(0.0237504404611389,0.,0.));
#2979=CARTESIAN_POINT('',(0.0239883539279454,0.,0.));
#2980=CARTESIAN_POINT('',(0.024283169817701,0.00081,0.));
#2981=CARTESIAN_POINT('',(0.0245779857074566,0.00162,0.));
#2982=CARTESIAN_POINT('',(0.0226194671058465,0.00162,0.));
#2983=CARTESIAN_POINT('',(0.0251848419254057,0.00162,0.));
#2984=CARTESIAN_POINT('',(0.0254796578151613,0.00081,0.));
#2985=CARTESIAN_POINT('',(0.0257744737049169,0.,0.));
#2986=CARTESIAN_POINT('',(0.0260123871717235,0.,0.));
#2987=CARTESIAN_POINT('',(0.02625030063853,0.,0.));
#2988=CARTESIAN_POINT('',(0.0265451165282857,0.00081,0.));
#2989=CARTESIAN_POINT('',(0.0268399324180413,0.00162,0.));
#2990=CARTESIAN_POINT('',(0.0226194671058465,0.00162,0.));
#2991=CARTESIAN_POINT('',(0.0274467886359903,0.00162,0.));
#2992=CARTESIAN_POINT('',(0.0277416045257459,0.00081,0.));
#2993=CARTESIAN_POINT('',(0.0280364204155016,0.,0.));
#2994=CARTESIAN_POINT('',(0.0282743338823081,0.,0.));
#2995=CARTESIAN_POINT('',(0.0285122473491147,0.,0.));
#2996=CARTESIAN_POINT('',(0.0288070632388704,0.00081,0.));
#2997=CARTESIAN_POINT('',(0.0291018791286259,0.00162,0.));
#2998=CARTESIAN_POINT('',(0.0226194671058465,0.00162,0.));
#2999=CARTESIAN_POINT('',(0.0297087353465749,0.00162,0.));
#3000=CARTESIAN_POINT('',(0.0300035512363306,0.00081,0.));
#3001=CARTESIAN_POINT('',(0.0302983671260862,0.,0.));
#3002=CARTESIAN_POINT('',(0.0305362805928928,0.,0.));
#3003=CARTESIAN_POINT('',(0.0307741940596994,0.,0.));
#3004=CARTESIAN_POINT('',(0.031069009949455,0.00081,0.));
#3005=CARTESIAN_POINT('',(0.0313638258392106,0.00162,0.));
#3006=CARTESIAN_POINT('',(0.0226194671058465,0.00162,0.));
#3007=CARTESIAN_POINT('',(0.0319706820571596,0.00162,0.));
#3008=CARTESIAN_POINT('',(0.0322654979469153,0.00081,0.));
#3009=CARTESIAN_POINT('',(0.0226194671058465,0.00162,0.0115));
#3010=CARTESIAN_POINT('',(0.0008,0.00162,0.0115));
#3011=CARTESIAN_POINT('',(0.0008,0.00162,0.0115));
#3012=CARTESIAN_POINT('',(0.0226194671058465,0.00162,0.0115));
#3013=CARTESIAN_POINT('',(0.00256537481955915,0.00162,0.0115));
#3014=CARTESIAN_POINT('',(0.00256537481955915,0.00162,0.0469158159358719));
#3015=CARTESIAN_POINT('',(0.0226194671058465,0.00162,0.0115));
#3016=CARTESIAN_POINT('',(0.00422046531219481,0.00162,0.0469158159358719));
#3017=CARTESIAN_POINT('',(0.00422046531219481,0.00162,0.0115));
#3018=CARTESIAN_POINT('',(0.0226194671058465,0.00162,0.0115));
#3019=CARTESIAN_POINT('',(0.0048273215301438,0.00162,0.0115));
#3020=CARTESIAN_POINT('',(0.0048273215301438,0.00162,0.0469158159358719));
#3021=CARTESIAN_POINT('',(0.0226194671058465,0.00162,0.0115));
#3022=CARTESIAN_POINT('',(0.00648241202277946,0.00162,0.0469158159358719));
#3023=CARTESIAN_POINT('',(0.00648241202277946,0.00162,0.0115));
#3024=CARTESIAN_POINT('',(0.0226194671058465,0.00162,0.0115));
#3025=CARTESIAN_POINT('',(0.00708926824072845,0.00162,0.0115));
#3026=CARTESIAN_POINT('',(0.00708926824072845,0.00162,0.0469158159358719));
#3027=CARTESIAN_POINT('',(0.0226194671058465,0.00162,0.0115));
#3028=CARTESIAN_POINT('',(0.00874435873336411,0.00162,0.0469158159358719));
#3029=CARTESIAN_POINT('',(0.00874435873336411,0.00162,0.0115));
#3030=CARTESIAN_POINT('',(0.0226194671058465,0.00162,0.0115));
#3031=CARTESIAN_POINT('',(0.0093512149513131,0.00162,0.0115));
#3032=CARTESIAN_POINT('',(0.0093512149513131,0.00162,0.0469158159358719));
#3033=CARTESIAN_POINT('',(0.0226194671058465,0.00162,0.0115));
#3034=CARTESIAN_POINT('',(0.0110063054439488,0.00162,0.0469158159358719));
#3035=CARTESIAN_POINT('',(0.0110063054439488,0.00162,0.0115));
#3036=CARTESIAN_POINT('',(0.0226194671058465,0.00162,0.0115));
#3037=CARTESIAN_POINT('',(0.0116131616618977,0.00162,0.0115));
#3038=CARTESIAN_POINT('',(0.0116131616618977,0.00162,0.0469158159358719));
#3039=CARTESIAN_POINT('',(0.0226194671058465,0.00162,0.0115));
#3040=CARTESIAN_POINT('',(0.0132682521545334,0.00162,0.0469158159358719));
#3041=CARTESIAN_POINT('',(0.0132682521545334,0.00162,0.0115));
#3042=CARTESIAN_POINT('',(0.0226194671058465,0.00162,0.0115));
#3043=CARTESIAN_POINT('',(0.0138751083724824,0.00162,0.0115));
#3044=CARTESIAN_POINT('',(0.0138751083724824,0.00162,0.0469158159358719));
#3045=CARTESIAN_POINT('',(0.0226194671058465,0.00162,0.0115));
#3046=CARTESIAN_POINT('',(0.0155301988651181,0.00162,0.0469158159358719));
#3047=CARTESIAN_POINT('',(0.0155301988651181,0.00162,0.0115));
#3048=CARTESIAN_POINT('',(0.0226194671058465,0.00162,0.0115));
#3049=CARTESIAN_POINT('',(0.0161370550830671,0.00162,0.0115));
#3050=CARTESIAN_POINT('',(0.0161370550830671,0.00162,0.0469158159358719));
#3051=CARTESIAN_POINT('',(0.0226194671058465,0.00162,0.0115));
#3052=CARTESIAN_POINT('',(0.0177921455757027,0.00162,0.0469158159358719));
#3053=CARTESIAN_POINT('',(0.0177921455757027,0.00162,0.0115));
#3054=CARTESIAN_POINT('',(0.0226194671058465,0.00162,0.0115));
#3055=CARTESIAN_POINT('',(0.0183990017936517,0.00162,0.0115));
#3056=CARTESIAN_POINT('',(0.0183990017936517,0.00162,0.0469158159358719));
#3057=CARTESIAN_POINT('',(0.0226194671058465,0.00162,0.0115));
#3058=CARTESIAN_POINT('',(0.0200540922862874,0.00162,0.0469158159358719));
#3059=CARTESIAN_POINT('',(0.0200540922862874,0.00162,0.0115));
#3060=CARTESIAN_POINT('',(0.0226194671058465,0.00162,0.0115));
#3061=CARTESIAN_POINT('',(0.0206609485042364,0.00162,0.0115));
#3062=CARTESIAN_POINT('',(0.0206609485042364,0.00162,0.0469158159358719));
#3063=CARTESIAN_POINT('',(0.0226194671058465,0.00162,0.0115));
#3064=CARTESIAN_POINT('',(0.022316038996872,0.00162,0.0469158159358719));
#3065=CARTESIAN_POINT('',(0.022316038996872,0.00162,0.0115));
#3066=CARTESIAN_POINT('',(0.0226194671058465,0.00162,0.0115));
#3067=CARTESIAN_POINT('',(0.022922895214821,0.00162,0.0115));
#3068=CARTESIAN_POINT('',(0.022922895214821,0.00162,0.0469158159358719));
#3069=CARTESIAN_POINT('',(0.0226194671058465,0.00162,0.0115));
#3070=CARTESIAN_POINT('',(0.0245779857074566,0.00162,0.0469158159358719));
#3071=CARTESIAN_POINT('',(0.0245779857074566,0.00162,0.0115));
#3072=CARTESIAN_POINT('',(0.0226194671058465,0.00162,0.0115));
#3073=CARTESIAN_POINT('',(0.0251848419254057,0.00162,0.0115));
#3074=CARTESIAN_POINT('',(0.0251848419254057,0.00162,0.0469158159358719));
#3075=CARTESIAN_POINT('',(0.0226194671058465,0.00162,0.0115));
#3076=CARTESIAN_POINT('',(0.0268399324180413,0.00162,0.0469158159358719));
#3077=CARTESIAN_POINT('',(0.0268399324180413,0.00162,0.0115));
#3078=CARTESIAN_POINT('',(0.0226194671058465,0.00162,0.0115));
#3079=CARTESIAN_POINT('',(0.0274467886359903,0.00162,0.0115));
#3080=CARTESIAN_POINT('',(0.0274467886359903,0.00162,0.0469158159358719));
#3081=CARTESIAN_POINT('',(0.0226194671058465,0.00162,0.0115));
#3082=CARTESIAN_POINT('',(0.0291018791286259,0.00162,0.0469158159358719));
#3083=CARTESIAN_POINT('',(0.0291018791286259,0.00162,0.0115));
#3084=CARTESIAN_POINT('',(0.0226194671058465,0.00162,0.0115));
#3085=CARTESIAN_POINT('',(0.0297087353465749,0.00162,0.0115));
#3086=CARTESIAN_POINT('',(0.0297087353465749,0.00162,0.0469158159358719));
#3087=CARTESIAN_POINT('',(0.0226194671058465,0.00162,0.0115));
#3088=CARTESIAN_POINT('',(0.0313638258392106,0.00162,0.0469158159358719));
#3089=CARTESIAN_POINT('',(0.0313638258392106,0.00162,0.0115));
#3090=CARTESIAN_POINT('',(0.0226194671058465,0.00162,0.0115));
#3091=CARTESIAN_POINT('',(0.0319706820571596,0.00162,0.0115));
#3092=CARTESIAN_POINT('',(0.0319706820571596,0.00162,0.0469158159358719));
#3093=CARTESIAN_POINT('',(0.0226194671058465,0.00162,0.0115));
#3094=CARTESIAN_POINT('',(0.0336257725497952,0.00162,0.0469158159358719));
#3095=CARTESIAN_POINT('',(0.0336257725497952,0.00162,0.0115));
#3096=CARTESIAN_POINT('',(0.0336257725497952,0.00162,0.));
#3097=CARTESIAN_POINT('',(0.0226194671058465,0.00162,0.0115));
#3098=CARTESIAN_POINT('',(0.0342326287677443,0.00162,0.0115));
#3099=CARTESIAN_POINT('',(0.0342326287677443,0.00162,0.0469158159358719));
#3100=CARTESIAN_POINT('',(0.0342326287677443,0.00162,0.));
#3101=CARTESIAN_POINT('',(0.0226194671058465,0.00162,0.));
#3102=CARTESIAN_POINT('',(0.0226194671058465,0.00162,0.0115));
#3103=CARTESIAN_POINT('',(0.0358877192603799,0.00162,0.0469158159358719));
#3104=CARTESIAN_POINT('',(0.0358877192603799,0.00162,0.0115));
#3105=CARTESIAN_POINT('',(0.0226194671058465,0.00162,0.0115));
#3106=CARTESIAN_POINT('',(0.0364945754783289,0.00162,0.0115));
#3107=CARTESIAN_POINT('',(0.0364945754783289,0.00162,0.0469158159358719));
#3108=CARTESIAN_POINT('',(0.0226194671058465,0.00162,0.0115));
#3109=CARTESIAN_POINT('',(0.0381496659709645,0.00162,0.0469158159358719));
#3110=CARTESIAN_POINT('',(0.0381496659709645,0.00162,0.0115));
#3111=CARTESIAN_POINT('',(0.0226194671058465,0.00162,0.0115));
#3112=CARTESIAN_POINT('',(0.0387565221889136,0.00162,0.0115));
#3113=CARTESIAN_POINT('',(0.0387565221889136,0.00162,0.0469158159358719));
#3114=CARTESIAN_POINT('',(0.0226194671058465,0.00162,0.0115));
#3115=CARTESIAN_POINT('',(0.0404116126815492,0.00162,0.0469158159358719));
#3116=CARTESIAN_POINT('',(0.0404116126815492,0.00162,0.0115));
#3117=CARTESIAN_POINT('',(0.0226194671058465,0.00162,0.0115));
#3118=CARTESIAN_POINT('',(0.0410184688994982,0.00162,0.0115));
#3119=CARTESIAN_POINT('',(0.0410184688994982,0.00162,0.0469158159358719));
#3120=CARTESIAN_POINT('',(0.0226194671058465,-0.00069,0.));
#3121=CARTESIAN_POINT('',(0.0345274446574999,0.00081,0.));
#3122=CARTESIAN_POINT('',(0.0344218932895627,0.0011,0.));
#3123=CARTESIAN_POINT('',(0.0396957258251451,0.0011,0.));
#3124=CARTESIAN_POINT('',(0.0334365080279768,0.0011,0.));
#3125=CARTESIAN_POINT('',(0.0333309566600396,0.00081,0.));
#3126=CARTESIAN_POINT('',(0.0226194671058465,-0.003,0.0115));
#3127=CARTESIAN_POINT('',(0.0444389342116931,-0.003,0.0115));
#3128=CARTESIAN_POINT('',(0.0444389342116931,-0.003,0.0115));
#3129=CARTESIAN_POINT('',(0.0226194671058465,-0.003,0.0115));
#3130=CARTESIAN_POINT('',(0.0008,-0.003,0.0115));
#3131=CARTESIAN_POINT('',(0.0008,-0.003,0.));
#3132=CARTESIAN_POINT('',(0.0226194671058465,0.00162,0.0115));
#3133=CARTESIAN_POINT('',(0.0226194671058465,0.00162,0.0115));
#3134=CARTESIAN_POINT('',(0.0426735593921338,0.00162,0.0115));
#3135=CARTESIAN_POINT('',(0.0444389342116931,0.00162,0.0115));
#3136=CARTESIAN_POINT('',(0.0444389342116931,0.00162,0.));
#3137=CARTESIAN_POINT('',(0.0426735593921338,0.00162,0.0469158159358719));
#3138=CARTESIAN_POINT('',(0.0226194671058465,-0.00069,0.0115));
#3139=CARTESIAN_POINT('',(0.0444389342116931,-0.0002,0.0115));
#3140=CARTESIAN_POINT('',(0.0471957258251452,-0.00069,0.0115));
#3141=CARTESIAN_POINT('',(0.0444389342116931,-0.00118,0.0115));
#3142=CARTESIAN_POINT('',(0.0395852565386551,-0.00686504235437037,0.0115));
#3143=CARTESIAN_POINT('',(0.0420839276126226,0.,0.0115));
#3144=CARTESIAN_POINT('',(0.0226194671058465,0.,0.0115));
#3145=CARTESIAN_POINT('',(0.0416081006790095,0.,0.0115));
#3146=CARTESIAN_POINT('',(0.0396086142333418,0.00549354385997744,0.0115));
#3147=CARTESIAN_POINT('',(0.0375879073292254,-0.00613806669470286,0.0115));
#3148=CARTESIAN_POINT('',(0.039821980902038,0.,0.0115));
#3149=CARTESIAN_POINT('',(0.0226194671058465,0.,0.0115));
#3150=CARTESIAN_POINT('',(0.0393461539684248,0.,0.0115));
#3151=CARTESIAN_POINT('',(0.0376112650239122,0.00476656820030992,0.0115));
#3152=CARTESIAN_POINT('',(0.0355905581197958,-0.00541109103503534,0.0115));
#3153=CARTESIAN_POINT('',(0.0375600341914534,0.,0.0115));
#3154=CARTESIAN_POINT('',(0.0226194671058465,0.,0.0115));
#3155=CARTESIAN_POINT('',(0.0370842072578401,0.,0.0115));
#3156=CARTESIAN_POINT('',(0.0356139158144825,0.0040395925406424,0.0115));
#3157=CARTESIAN_POINT('',(0.0335932089103661,-0.00468411537536782,0.0115));
#3158=CARTESIAN_POINT('',(0.0352980874808686,0.,0.0115));
#3159=CARTESIAN_POINT('',(0.0226194671058465,0.,0.0115));
#3160=CARTESIAN_POINT('',(0.0348222605472555,0.,0.0115));
#3161=CARTESIAN_POINT('',(0.0336165666050529,0.00331261688097489,0.0115));
#3162=CARTESIAN_POINT('',(0.0315958597009365,-0.0039571397157003,0.0115));
#3163=CARTESIAN_POINT('',(0.0330361407702841,0.,0.0115));
#3164=CARTESIAN_POINT('',(0.0226194671058465,0.,0.0115));
#3165=CARTESIAN_POINT('',(0.0325603138366708,0.,0.0115));
#3166=CARTESIAN_POINT('',(0.0316192173956233,0.00258564122130736,0.0115));
#3167=CARTESIAN_POINT('',(0.0295985104915069,-0.00323016405603278,0.0115));
#3168=CARTESIAN_POINT('',(0.0307741940596994,0.,0.0115));
#3169=CARTESIAN_POINT('',(0.0226194671058465,0.,0.0115));
#3170=CARTESIAN_POINT('',(0.0302983671260862,0.,0.0115));
#3171=CARTESIAN_POINT('',(0.0296218681861936,0.00185866556163984,0.0115));
#3172=CARTESIAN_POINT('',(0.0276011612820772,-0.00250318839636527,0.0115));
#3173=CARTESIAN_POINT('',(0.0285122473491147,0.,0.0115));
#3174=CARTESIAN_POINT('',(0.0226194671058465,0.,0.0115));
#3175=CARTESIAN_POINT('',(0.0280364204155016,0.,0.0115));
#3176=CARTESIAN_POINT('',(0.027624518976764,0.00113168990197233,0.0115));
#3177=CARTESIAN_POINT('',(0.0256038120726476,-0.00177621273669775,0.0115));
#3178=CARTESIAN_POINT('',(0.02625030063853,0.,0.0115));
#3179=CARTESIAN_POINT('',(0.0226194671058465,0.,0.0115));
#3180=CARTESIAN_POINT('',(0.0257744737049169,0.,0.0115));
#3181=CARTESIAN_POINT('',(0.0256271697673344,0.000404714242304809,0.0115));
#3182=CARTESIAN_POINT('',(0.023606462863218,-0.00104923707703023,0.0115));
#3183=CARTESIAN_POINT('',(0.0239883539279454,0.,0.0115));
#3184=CARTESIAN_POINT('',(0.0226194671058465,0.,0.0115));
#3185=CARTESIAN_POINT('',(0.0235125269943323,0.,0.0115));
#3186=CARTESIAN_POINT('',(0.0236298205579047,-0.00032226141736271,0.0115));
#3187=CARTESIAN_POINT('',(0.0216091136537883,-0.000322261417362708,0.0115));
#3188=CARTESIAN_POINT('',(0.0217264072173608,0.,0.0115));
#3189=CARTESIAN_POINT('',(0.0226194671058465,0.,0.0115));
#3190=CARTESIAN_POINT('',(0.0212505802837476,0.,0.0115));
#3191=CARTESIAN_POINT('',(0.0216324713484751,-0.00104923707703023,0.0115));
#3192=CARTESIAN_POINT('',(0.0196117644443586,0.000404714242304811,0.0115));
#3193=CARTESIAN_POINT('',(0.0194644605067761,0.,0.0115));
#3194=CARTESIAN_POINT('',(0.0226194671058465,0.,0.0115));
#3195=CARTESIAN_POINT('',(0.0189886335731629,0.,0.0115));
#3196=CARTESIAN_POINT('',(0.0196351221390455,-0.00177621273669775,0.0115));
#3197=CARTESIAN_POINT('',(0.017614415234929,0.00113168990197233,0.0115));
#3198=CARTESIAN_POINT('',(0.0172025137961914,0.,0.0115));
#3199=CARTESIAN_POINT('',(0.0226194671058465,0.,0.0115));
#3200=CARTESIAN_POINT('',(0.0167266868625783,0.,0.0115));
#3201=CARTESIAN_POINT('',(0.0176377729296158,-0.00250318839636527,0.0115));
#3202=CARTESIAN_POINT('',(0.0156170660254994,0.00185866556163985,0.0115));
#3203=CARTESIAN_POINT('',(0.0149405670856068,0.,0.0115));
#3204=CARTESIAN_POINT('',(0.0226194671058465,0.,0.0115));
#3205=CARTESIAN_POINT('',(0.0144647401519936,0.,0.0115));
#3206=CARTESIAN_POINT('',(0.0156404237201862,-0.00323016405603278,0.0115));
#3207=CARTESIAN_POINT('',(0.0136197168160698,0.00258564122130736,0.0115));
#3208=CARTESIAN_POINT('',(0.0126786203750222,0.,0.0115));
#3209=CARTESIAN_POINT('',(0.0226194671058465,0.,0.0115));
#3210=CARTESIAN_POINT('',(0.012202793441409,0.,0.0115));
#3211=CARTESIAN_POINT('',(0.0136430745107565,-0.0039571397157003,0.0115));
#3212=CARTESIAN_POINT('',(0.0116223676066401,0.00331261688097489,0.0115));
#3213=CARTESIAN_POINT('',(0.0104166736644375,0.,0.0115));
#3214=CARTESIAN_POINT('',(0.0226194671058465,0.,0.0115));
#3215=CARTESIAN_POINT('',(0.00994084673082435,0.,0.0115));
#3216=CARTESIAN_POINT('',(0.0116457253013269,-0.00468411537536782,0.0115));
#3217=CARTESIAN_POINT('',(0.00962501839721048,0.00403959254064241,0.0115));
#3218=CARTESIAN_POINT('',(0.00815472695385286,0.,0.0115));
#3219=CARTESIAN_POINT('',(0.0226194671058465,0.,0.0115));
#3220=CARTESIAN_POINT('',(0.0076789000202397,0.,0.0115));
#3221=CARTESIAN_POINT('',(0.00964837609189726,-0.00541109103503534,0.0115));
#3222=CARTESIAN_POINT('',(0.00762766918778084,0.00476656820030992,0.0115));
#3223=CARTESIAN_POINT('',(0.00589278024326821,0.,0.0115));
#3224=CARTESIAN_POINT('',(0.0226194671058465,0.,0.0115));
#3225=CARTESIAN_POINT('',(0.00541695330965505,0.,0.0115));
#3226=CARTESIAN_POINT('',(0.00765102688246762,-0.00613806669470286,0.0115));
#3227=CARTESIAN_POINT('',(0.0056303199783512,0.00549354385997744,0.0115));
#3228=CARTESIAN_POINT('',(0.00363083353268356,0.,0.0115));
#3229=CARTESIAN_POINT('',(0.0226194671058465,0.,0.0115));
#3230=CARTESIAN_POINT('',(0.00315500659907039,0.,0.0115));
#3231=CARTESIAN_POINT('',(0.00565367767303798,-0.00686504235437038,0.0115));
#3232=CARTESIAN_POINT('',(0.0008,-0.00118,0.0115));
#3233=CARTESIAN_POINT('',(-0.00195679161345213,-0.00069,0.0115));
#3234=CARTESIAN_POINT('',(0.0008,-0.0002,0.0115));
#3235=CARTESIAN_POINT('',(0.0413132847892538,0.00081,0.0469158159358719));
#3236=CARTESIAN_POINT('',(0.0416081006790095,0.,0.0469158159358719));
#3237=CARTESIAN_POINT('',(0.0416081006790095,0.,0.));
#3238=CARTESIAN_POINT('',(0.0413132847892538,0.00081,0.));
#3239=CARTESIAN_POINT('',(0.0418460141458161,0.,0.0469158159358719));
#3240=CARTESIAN_POINT('',(0.0420839276126226,0.,0.0469158159358719));
#3241=CARTESIAN_POINT('',(0.0420839276126226,0.,0.));
#3242=CARTESIAN_POINT('',(0.0418460141458161,0.,0.));
#3243=CARTESIAN_POINT('',(0.0423787435023783,0.00081,0.0469158159358719));
#3244=CARTESIAN_POINT('',(0.0423787435023783,0.00081,0.));
#3245=CARTESIAN_POINT('',(0.0390513380786692,0.00081,0.0469158159358719));
#3246=CARTESIAN_POINT('',(0.0393461539684248,0.,0.0469158159358719));
#3247=CARTESIAN_POINT('',(0.0393461539684248,0.,0.));
#3248=CARTESIAN_POINT('',(0.0390513380786692,0.00081,0.));
#3249=CARTESIAN_POINT('',(0.0395840674352314,0.,0.0469158159358719));
#3250=CARTESIAN_POINT('',(0.039821980902038,0.,0.0469158159358719));
#3251=CARTESIAN_POINT('',(0.039821980902038,0.,0.));
#3252=CARTESIAN_POINT('',(0.0395840674352314,0.,0.));
#3253=CARTESIAN_POINT('',(0.0401167967917936,0.00081,0.0469158159358719));
#3254=CARTESIAN_POINT('',(0.0401167967917936,0.00081,0.));
#3255=CARTESIAN_POINT('',(0.0367893913680846,0.00081,0.0469158159358719));
#3256=CARTESIAN_POINT('',(0.0370842072578401,0.,0.0469158159358719));
#3257=CARTESIAN_POINT('',(0.0370842072578401,0.,0.));
#3258=CARTESIAN_POINT('',(0.0367893913680846,0.00081,0.));
#3259=CARTESIAN_POINT('',(0.0373221207246468,0.,0.0469158159358719));
#3260=CARTESIAN_POINT('',(0.0375600341914534,0.,0.0469158159358719));
#3261=CARTESIAN_POINT('',(0.0375600341914534,0.,0.));
#3262=CARTESIAN_POINT('',(0.0373221207246468,0.,0.));
#3263=CARTESIAN_POINT('',(0.037854850081209,0.00081,0.0469158159358719));
#3264=CARTESIAN_POINT('',(0.037854850081209,0.00081,0.));
#3265=CARTESIAN_POINT('',(0.0345274446574999,0.00081,0.0469158159358719));
#3266=CARTESIAN_POINT('',(0.0348222605472555,0.,0.0469158159358719));
#3267=CARTESIAN_POINT('',(0.0348222605472555,0.,0.));
#3268=CARTESIAN_POINT('',(0.0345274446574999,0.00081,0.));
#3269=CARTESIAN_POINT('',(0.0350601740140621,0.,0.0469158159358719));
#3270=CARTESIAN_POINT('',(0.0352980874808686,0.,0.0469158159358719));
#3271=CARTESIAN_POINT('',(0.0352980874808686,0.,0.));
#3272=CARTESIAN_POINT('',(0.0350601740140621,0.,0.));
#3273=CARTESIAN_POINT('',(0.0355929033706243,0.00081,0.0469158159358719));
#3274=CARTESIAN_POINT('',(0.0355929033706243,0.00081,0.));
#3275=CARTESIAN_POINT('',(0.0322654979469153,0.00081,0.0469158159358719));
#3276=CARTESIAN_POINT('',(0.0325603138366708,0.,0.0469158159358719));
#3277=CARTESIAN_POINT('',(0.0325603138366708,0.,0.));
#3278=CARTESIAN_POINT('',(0.0322654979469153,0.00081,0.));
#3279=CARTESIAN_POINT('',(0.0327982273034775,0.,0.0469158159358719));
#3280=CARTESIAN_POINT('',(0.0330361407702841,0.,0.0469158159358719));
#3281=CARTESIAN_POINT('',(0.0330361407702841,0.,0.));
#3282=CARTESIAN_POINT('',(0.0327982273034775,0.,0.));
#3283=CARTESIAN_POINT('',(0.0333309566600396,0.00081,0.0469158159358719));
#3284=CARTESIAN_POINT('',(0.0333309566600396,0.00081,0.));
#3285=CARTESIAN_POINT('',(0.0300035512363306,0.00081,0.0469158159358719));
#3286=CARTESIAN_POINT('',(0.0302983671260862,0.,0.0469158159358719));
#3287=CARTESIAN_POINT('',(0.0305362805928928,0.,0.0469158159358719));
#3288=CARTESIAN_POINT('',(0.0307741940596994,0.,0.0469158159358719));
#3289=CARTESIAN_POINT('',(0.031069009949455,0.00081,0.0469158159358719));
#3290=CARTESIAN_POINT('',(0.0277416045257459,0.00081,0.0469158159358719));
#3291=CARTESIAN_POINT('',(0.0280364204155016,0.,0.0469158159358719));
#3292=CARTESIAN_POINT('',(0.0282743338823081,0.,0.0469158159358719));
#3293=CARTESIAN_POINT('',(0.0285122473491147,0.,0.0469158159358719));
#3294=CARTESIAN_POINT('',(0.0288070632388704,0.00081,0.0469158159358719));
#3295=CARTESIAN_POINT('',(0.0254796578151613,0.00081,0.0469158159358719));
#3296=CARTESIAN_POINT('',(0.0257744737049169,0.,0.0469158159358719));
#3297=CARTESIAN_POINT('',(0.0260123871717235,0.,0.0469158159358719));
#3298=CARTESIAN_POINT('',(0.02625030063853,0.,0.0469158159358719));
#3299=CARTESIAN_POINT('',(0.0265451165282857,0.00081,0.0469158159358719));
#3300=CARTESIAN_POINT('',(0.0232177111045767,0.00081,0.0469158159358719));
#3301=CARTESIAN_POINT('',(0.0235125269943323,0.,0.0469158159358719));
#3302=CARTESIAN_POINT('',(0.0237504404611389,0.,0.0469158159358719));
#3303=CARTESIAN_POINT('',(0.0239883539279454,0.,0.0469158159358719));
#3304=CARTESIAN_POINT('',(0.024283169817701,0.00081,0.0469158159358719));
#3305=CARTESIAN_POINT('',(0.020955764393992,0.00081,0.0469158159358719));
#3306=CARTESIAN_POINT('',(0.0212505802837476,0.,0.0469158159358719));
#3307=CARTESIAN_POINT('',(0.0214884937505542,0.,0.0469158159358719));
#3308=CARTESIAN_POINT('',(0.0217264072173608,0.,0.0469158159358719));
#3309=CARTESIAN_POINT('',(0.0220212231071164,0.00081,0.0469158159358719));
#3310=CARTESIAN_POINT('',(0.0186938176834073,0.00081,0.0469158159358719));
#3311=CARTESIAN_POINT('',(0.0189886335731629,0.,0.0469158159358719));
#3312=CARTESIAN_POINT('',(0.0192265470399695,0.,0.0469158159358719));
#3313=CARTESIAN_POINT('',(0.0194644605067761,0.,0.0469158159358719));
#3314=CARTESIAN_POINT('',(0.0197592763965318,0.00081,0.0469158159358719));
#3315=CARTESIAN_POINT('',(0.0164318709728227,0.00081,0.0469158159358719));
#3316=CARTESIAN_POINT('',(0.0167266868625783,0.,0.0469158159358719));
#3317=CARTESIAN_POINT('',(0.0169646003293849,0.,0.0469158159358719));
#3318=CARTESIAN_POINT('',(0.0172025137961914,0.,0.0469158159358719));
#3319=CARTESIAN_POINT('',(0.0174973296859471,0.00081,0.0469158159358719));
#3320=CARTESIAN_POINT('',(0.014169924262238,0.00081,0.0469158159358719));
#3321=CARTESIAN_POINT('',(0.0144647401519936,0.,0.0469158159358719));
#3322=CARTESIAN_POINT('',(0.0147026536188002,0.,0.0469158159358719));
#3323=CARTESIAN_POINT('',(0.0149405670856068,0.,0.0469158159358719));
#3324=CARTESIAN_POINT('',(0.0152353829753624,0.00081,0.0469158159358719));
#3325=CARTESIAN_POINT('',(0.0119079775516534,0.00081,0.0469158159358719));
#3326=CARTESIAN_POINT('',(0.012202793441409,0.,0.0469158159358719));
#3327=CARTESIAN_POINT('',(0.0124407069082156,0.,0.0469158159358719));
#3328=CARTESIAN_POINT('',(0.0126786203750222,0.,0.0469158159358719));
#3329=CARTESIAN_POINT('',(0.0129734362647778,0.00081,0.0469158159358719));
#3330=CARTESIAN_POINT('',(0.00964603084106872,0.00081,0.0469158159358719));
#3331=CARTESIAN_POINT('',(0.00994084673082435,0.,0.0469158159358719));
#3332=CARTESIAN_POINT('',(0.0101787601976309,0.,0.0469158159358719));
#3333=CARTESIAN_POINT('',(0.0104166736644375,0.,0.0469158159358719));
#3334=CARTESIAN_POINT('',(0.0107114895541931,0.00081,0.0469158159358719));
#3335=CARTESIAN_POINT('',(0.00738408413048407,0.00081,0.0469158159358719));
#3336=CARTESIAN_POINT('',(0.0076789000202397,0.,0.0469158159358719));
#3337=CARTESIAN_POINT('',(0.00791681348704628,0.,0.0469158159358719));
#3338=CARTESIAN_POINT('',(0.00815472695385286,0.,0.0469158159358719));
#3339=CARTESIAN_POINT('',(0.00844954284360848,0.00081,0.0469158159358719));
#3340=CARTESIAN_POINT('',(0.00512213741989942,0.00081,0.0469158159358719));
#3341=CARTESIAN_POINT('',(0.00541695330965505,0.,0.0469158159358719));
#3342=CARTESIAN_POINT('',(0.00565486677646163,0.,0.0469158159358719));
#3343=CARTESIAN_POINT('',(0.00589278024326821,0.,0.0469158159358719));
#3344=CARTESIAN_POINT('',(0.00618759613302383,0.00081,0.0469158159358719));
#3345=CARTESIAN_POINT('',(0.00286019070931477,0.00081,0.0469158159358719));
#3346=CARTESIAN_POINT('',(0.00315500659907039,0.,0.0469158159358719));
#3347=CARTESIAN_POINT('',(0.00339292006587698,0.,0.0469158159358719));
#3348=CARTESIAN_POINT('',(0.00363083353268356,0.,0.0469158159358719));
#3349=CARTESIAN_POINT('',(0.00392564942243918,0.00081,0.0469158159358719));
#3350=CARTESIAN_POINT('',(0.0444389342116931,-0.00118,0.0115));
#3351=CARTESIAN_POINT('',(0.0471957258251452,-0.00069,0.00575));
#3352=CARTESIAN_POINT('',(0.0471957258251452,-0.00069,-0.0027));
#3353=CARTESIAN_POINT('',(0.0444389342116931,-0.00118,-0.0027));
#3354=CARTESIAN_POINT('',(0.0455268680332098,0.0014,-0.0027));
#3355=CARTESIAN_POINT('',(0.0455268680332098,0.0014,-0.0027));
#3356=CARTESIAN_POINT('',(0.0456419643790189,0.00135146619870593,-0.0027));
#3357=CARTESIAN_POINT('',(0.0458560118811664,0.00124583647493682,-0.00268832235344641));
#3358=CARTESIAN_POINT('',(0.0460642341840058,0.0011,-0.00252761313941521));
#3359=CARTESIAN_POINT('',(0.0460642341840058,0.0011,-0.0024));
#3360=CARTESIAN_POINT('',(0.0460642341840058,0.0011,-0.0024));
#3361=CARTESIAN_POINT('',(0.0460642341840058,0.0011,-0.0027));
#3362=CARTESIAN_POINT('',(0.0444389342116931,-0.0002,0.0115));
#3363=CARTESIAN_POINT('',(0.0460358061539602,-0.0025,-0.0027));
#3364=CARTESIAN_POINT('',(0.0460358061539602,-0.0025,-0.0024));
#3365=CARTESIAN_POINT('',(0.0460358061539602,-0.0025,-0.0024));
#3366=CARTESIAN_POINT('',(0.0460358061539602,-0.0025,-0.00253011693206914));
#3367=CARTESIAN_POINT('',(0.0458197741506423,-0.00264734089354028,-0.00268841280820303));
#3368=CARTESIAN_POINT('',(0.0455968015768028,-0.00275258036043172,-0.0027));
#3369=CARTESIAN_POINT('',(0.0454781646962344,-0.0028,-0.0027));
#3370=CARTESIAN_POINT('',(0.0454781646962344,-0.0028,-0.0027));
#3371=CARTESIAN_POINT('',(0.0444389342116931,-0.0002,-0.0027));
#3372=CARTESIAN_POINT('',(0.0008,-0.00118,0.0115));
#3373=CARTESIAN_POINT('',(-0.00195679161345213,-0.00069,0.00575));
#3374=CARTESIAN_POINT('',(0.0008,-0.0002,0.0115));
#3375=CARTESIAN_POINT('',(0.0226194671058465,-0.00069,0.));
#3376=CARTESIAN_POINT('',(0.0396957258251451,0.0011,0.));
#3377=CARTESIAN_POINT('',(0.0321957258251451,0.0011,0.));
#3378=CARTESIAN_POINT('',(0.0321957258251451,-0.000699999999999984,0.));
#3379=CARTESIAN_POINT('',(0.0226194671058465,-0.00069,0.));
#3380=CARTESIAN_POINT('',(0.0396957258251451,0.0011,0.));
#3381=CARTESIAN_POINT('',(0.0226194671058465,-0.00069,0.));
#3382=CARTESIAN_POINT('',(0.0396957258251451,0.0011,0.));
#3383=CARTESIAN_POINT('',(0.0226194671058465,-0.00069,0.));
#3384=CARTESIAN_POINT('',(0.0396957258251451,0.0011,0.));
#3385=CARTESIAN_POINT('',(0.0396957258251451,0.0011,-0.0027));
#3386=CARTESIAN_POINT('',(0.0396957258251451,0.0011,-0.0024));
#3387=CARTESIAN_POINT('',(0.0321957258251451,0.0011,-0.0024));
#3388=CARTESIAN_POINT('',(0.0321957258251451,0.0011,-0.0027));
#3389=CARTESIAN_POINT('',(0.0396957258251451,0.0011,0.));
#3390=CARTESIAN_POINT('',(0.0396957258251451,-0.0025,-0.0027));
#3391=CARTESIAN_POINT('',(0.0321957258251451,-0.00249999999999997,-0.0027));
#3392=CARTESIAN_POINT('',(0.0321957258251451,-0.00249999999999997,-0.0024));
#3393=CARTESIAN_POINT('',(0.0460358061539602,-0.0025,-0.0024));
#3394=CARTESIAN_POINT('',(0.0321957258251451,-0.000699999999999984,-0.0027));
#3395=CARTESIAN_POINT('',(0.0321957258251451,0.0014,-0.0024));
#3396=CARTESIAN_POINT('',(0.0321957258251451,0.0014,-0.0027));
#3397=CARTESIAN_POINT('',(0.0321957258251451,0.01,-0.0027));
#3398=CARTESIAN_POINT('',(0.0321957258251451,0.023,-0.0027));
#3399=CARTESIAN_POINT('',(0.0321957258251451,0.023,-0.0527));
#3400=CARTESIAN_POINT('',(0.0321957258251451,0.023,-0.0527));
#3401=CARTESIAN_POINT('',(0.0321957258251451,0.01,-0.0527));
#3402=CARTESIAN_POINT('',(0.0321957258251451,-0.003,-0.0527));
#3403=CARTESIAN_POINT('',(0.0321957258251451,-0.003,-0.0527));
#3404=CARTESIAN_POINT('',(0.0321957258251451,-0.003,-0.0027));
#3405=CARTESIAN_POINT('',(0.0321957258251451,0.01,-0.0027));
#3406=CARTESIAN_POINT('',(0.0321957258251451,-0.0028,-0.0027));
#3407=CARTESIAN_POINT('',(0.0321957258251451,-0.0028,-0.0024));
#3408=CARTESIAN_POINT('',(0.0226194671058465,-0.00069,0.));
#3409=CARTESIAN_POINT('',(0.0396957258251451,0.01,-0.0027));
#3410=CARTESIAN_POINT('',(0.0396957258251451,-0.003,-0.0027));
#3411=CARTESIAN_POINT('',(0.0461957258251452,-0.003,-0.0027));
#3412=CARTESIAN_POINT('',(0.0461957258251452,-0.002,-0.0027));
#3413=CARTESIAN_POINT('',(0.0471957258251452,-0.002,-0.0027));
#3414=CARTESIAN_POINT('',(0.0471957258251452,0.01,-0.0027));
#3415=CARTESIAN_POINT('',(0.0321957258251451,-0.0028,-0.0027));
#3416=CARTESIAN_POINT('',(0.0396957258251451,-0.003,-0.0527));
#3417=CARTESIAN_POINT('',(0.0363371858237847,-0.003,-0.0519536577774755));
#3418=CARTESIAN_POINT('',(0.036171331996557,-0.003,-0.0527));
#3419=CARTESIAN_POINT('',(0.0461957258251452,-0.003,-0.00759022777135357));
#3420=CARTESIAN_POINT('',(0.0461957258251452,-0.003,-0.0527));
#3421=CARTESIAN_POINT('',(0.0396957258251451,-0.003,-0.0527));
#3422=CARTESIAN_POINT('',(0.0396957258251451,0.023,-0.0527));
#3423=CARTESIAN_POINT('',(0.0396957258251451,0.023,-0.0027));
#3424=CARTESIAN_POINT('',(0.0461957258251452,0.023,-0.0027));
#3425=CARTESIAN_POINT('',(0.0461957258251452,0.023,-0.0077));
#3426=CARTESIAN_POINT('',(0.0461957258251452,0.023,-0.00759022777135358));
#3427=CARTESIAN_POINT('',(0.0362195387649612,0.023,-0.0524830695421814));
#3428=CARTESIAN_POINT('',(0.036171331996557,0.023,-0.0527));
#3429=CARTESIAN_POINT('',(0.0396957258251451,0.023,-0.0527));
#3430=CARTESIAN_POINT('',(0.0471957258251452,0.01,-0.0527));
#3431=CARTESIAN_POINT('',(0.0471957258251452,-0.002,-0.0527));
#3432=CARTESIAN_POINT('',(0.0471957258251452,-0.002,-0.00759022777135357));
#3433=CARTESIAN_POINT('',(0.0471957258251452,0.01,-0.00759022777135357));
#3434=CARTESIAN_POINT('',(0.0471957258251452,0.022,-0.00759022777135357));
#3435=CARTESIAN_POINT('',(0.0471957258251452,0.022,-0.0027));
#3436=CARTESIAN_POINT('',(0.0471957258251452,0.022,-0.0027));
#3437=CARTESIAN_POINT('',(0.0471957258251452,0.01,-0.0027));
#3438=CARTESIAN_POINT('',(0.0396957258251451,0.01,-0.0527));
#3439=CARTESIAN_POINT('',(0.0363935542187793,0.01,-0.0527));
#3440=CARTESIAN_POINT('',(0.0363935542187793,0.022976187060184,-0.0527));
#3441=CARTESIAN_POINT('',(0.0363935542187793,-0.00297618706018395,-0.0527));
#3442=CARTESIAN_POINT('',(0.036171331996557,-0.002,-0.0527));
#3443=CARTESIAN_POINT('',(0.036171331996557,0.022,-0.0527));
#3444=CARTESIAN_POINT('',(0.0396957258251451,0.01,-0.0027));
#3445=CARTESIAN_POINT('',(0.0461957258251452,0.022,-0.0027));
#3446=CARTESIAN_POINT('',(0.0396957258251451,0.0014,-0.0027));
#3447=CARTESIAN_POINT('',(0.0471957258251452,0.01,-0.0077));
#3448=CARTESIAN_POINT('',(0.0471957258251452,0.022,-0.0077));
#3449=CARTESIAN_POINT('',(0.0373697412789633,0.022,-0.0519169304578187));
#3450=CARTESIAN_POINT('',(0.0471719128853291,0.022,-0.00780715822917223));
#3451=CARTESIAN_POINT('',(0.0471719128853291,0.01,-0.00780715822917223));
#3452=CARTESIAN_POINT('',(0.0471719128853291,-0.002,-0.00780715822917223));
#3453=CARTESIAN_POINT('',(0.0471957258251452,-0.002,-0.0077));
#3454=CARTESIAN_POINT('',(0.0373697412789633,-0.002,-0.0519169304578187));
#3455=CARTESIAN_POINT('',(0.0373697412789633,0.01,-0.0519169304578187));
#3456=CARTESIAN_POINT('',(0.0396957258251451,-0.0028,-0.0024));
#3457=CARTESIAN_POINT('',(0.0396957258251451,0.0014,-0.0024));
#3458=CARTESIAN_POINT('',(0.0461957258251452,0.022,-0.0527));
#3459=CARTESIAN_POINT('',(0.0461957258251452,0.022,-0.00759022777135358));
#3460=CARTESIAN_POINT('',(0.0363371858237847,0.022,-0.0519536577774755));
#3461=CARTESIAN_POINT('',(0.0461957258251452,0.022,-0.00759022777135357));
#3462=CARTESIAN_POINT('',(0.0363935542187793,0.022,-0.0517));
#3463=CARTESIAN_POINT('',(0.0461957258251452,0.022,-0.00759022777135357));
#3464=CARTESIAN_POINT('',(0.0461957258251452,0.022,-0.00759022777135357));
#3465=CARTESIAN_POINT('',(0.0363935542187793,0.01,-0.0517));
#3466=CARTESIAN_POINT('',(0.0363935542187793,-0.002,-0.0517));
#3467=CARTESIAN_POINT('',(0.0461957258251452,0.01,-0.00759022777135357));
#3468=CARTESIAN_POINT('',(0.0461957258251452,-0.002,-0.00759022777135357));
#3469=CARTESIAN_POINT('',(0.0363371858237847,-0.002,-0.0519536577774755));
#3470=CARTESIAN_POINT('',(0.0461957258251452,-0.002,-0.00759022777135357));
#3471=CARTESIAN_POINT('',(0.0461957258251452,-0.002,-0.00759022777135357));
#3472=CARTESIAN_POINT('',(0.0461957258251452,-0.002,-0.00759022777135357));
#3473=CARTESIAN_POINT('',(0.0461957258251452,-0.002,-0.0527));
#3474=MECHANICAL_DESIGN_GEOMETRIC_PRESENTATION_REPRESENTATION('',(#2155),
#3475);
#3475=(
GEOMETRIC_REPRESENTATION_CONTEXT(3)
GLOBAL_UNCERTAINTY_ASSIGNED_CONTEXT((#3476))
GLOBAL_UNIT_ASSIGNED_CONTEXT((#3479,#3478,#3477))
REPRESENTATION_CONTEXT('Part 1','TOP_LEVEL_ASSEMBLY_PART')
);
#3476=UNCERTAINTY_MEASURE_WITH_UNIT(LENGTH_MEASURE(2.E-5),#3479,
'DISTANCE_ACCURACY_VALUE','Maximum Tolerance applied to model');
#3477=(
NAMED_UNIT(*)
SI_UNIT($,.STERADIAN.)
SOLID_ANGLE_UNIT()
);
#3478=(
NAMED_UNIT(*)
PLANE_ANGLE_UNIT()
SI_UNIT($,.RADIAN.)
);
#3479=(
LENGTH_UNIT()
NAMED_UNIT(*)
SI_UNIT($,.METRE.)
);
#3480=PRODUCT_DEFINITION_SHAPE('','',#3481);
#3481=PRODUCT_DEFINITION('','',#3483,#3482);
#3482=PRODUCT_DEFINITION_CONTEXT('',#3489,'design');
#3483=PRODUCT_DEFINITION_FORMATION_WITH_SPECIFIED_SOURCE('','',#3485,
 .NOT_KNOWN.);
#3484=PRODUCT_RELATED_PRODUCT_CATEGORY('','',(#3485));
#3485=PRODUCT('Part 1','Part 1','Part 1',(#3487));
#3486=PRODUCT_CATEGORY('','');
#3487=PRODUCT_CONTEXT('',#3489,'mechanical');
#3488=APPLICATION_PROTOCOL_DEFINITION('international standard',
'ap242_managed_model_based_3d_engineering',2020,#3489);
#3489=APPLICATION_CONTEXT('managed model based 3d engineering');
ENDSEC;
END-ISO-10303-21;
