ISO-10303-21;
HEADER;
/* Generated by software containing ST-Developer
 * from STEP Tools, Inc. (www.steptools.com) 
 */
/* OPTION: using custom renumber hook */

FILE_DESCRIPTION(
/* description */ ('STEP AP242 Edition 2',
'CAx-IF Rec.Pracs.---Representation and Presentation of Product Manufa
cturing Information (PMI)---4.0---2014-10-13',
'CAx-IF Rec.Pracs.---3D Tessellated Geometry---0.4---2014-09-14','2;1',
'CAx-IF Rec.Pracs.---User Defined Attributes---1.5---2016-08-15'),
/* implementation_level */ '2;1');

FILE_NAME(
/* name */ 'Center Gear',
/* time_stamp */ '2026-08-02T02:26:52Z',
/* author */ (''),
/* organization */ (''),
/* preprocessor_version */ 'ST-DEVELOPER v20',
/* originating_system */ 'ONSHAPE BY PTC INC, 1.218',
/* authorisation */ '  ');

FILE_SCHEMA (('AP242_MANAGED_MODEL_BASED_3D_ENGINEERING_MIM_LF { 1 0 10303 442 3 1 4 }'));
ENDSEC;

DATA;
#10=SHAPE_REPRESENTATION_RELATIONSHIP('','',#2945,#11);
#11=ADVANCED_BREP_SHAPE_REPRESENTATION('',(#2943),#9009);
#12=B_SPLINE_SURFACE_WITH_KNOTS('',3,1,((#7825,#7826),(#7827,#7828),(#7829,
#7830),(#7831,#7832),(#7833,#7834),(#7835,#7836),(#7837,#7838),(#7839,#7840),
(#7841,#7842),(#7843,#7844)),.SURF_OF_LINEAR_EXTRUSION.,.F.,.F.,.F.,(4,
1,1,1,1,1,1,4),(2,2),(0.0536911673397174,0.110849052062357,0.168006936784996,
0.282322706230275,0.396638475675554,0.510954245120832,0.73958578401139,
0.968217322901947),(0.,1.),.UNSPECIFIED.);
#13=B_SPLINE_SURFACE_WITH_KNOTS('',3,1,((#7846,#7847),(#7848,#7849),(#7850,
#7851),(#7852,#7853),(#7854,#7855),(#7856,#7857),(#7858,#7859),(#7860,#7861),
(#7862,#7863),(#7864,#7865)),.SURF_OF_LINEAR_EXTRUSION.,.F.,.F.,.F.,(4,
1,1,1,1,1,1,4),(2,2),(0.0536911673397174,0.110849052062357,0.168006936784996,
0.282322706230275,0.396638475675554,0.510954245120832,0.73958578401139,
0.968217322901947),(0.,1.),.UNSPECIFIED.);
#14=B_SPLINE_SURFACE_WITH_KNOTS('',3,1,((#7872,#7873),(#7874,#7875),(#7876,
#7877),(#7878,#7879),(#7880,#7881),(#7882,#7883),(#7884,#7885),(#7886,#7887),
(#7888,#7889),(#7890,#7891)),.SURF_OF_LINEAR_EXTRUSION.,.F.,.F.,.F.,(4,
1,1,1,1,1,1,4),(2,2),(0.0536911673397163,0.110849052062356,0.168006936784995,
0.282322706230274,0.396638475675553,0.510954245120832,0.739585784011389,
0.968217322901947),(0.,1.),.UNSPECIFIED.);
#15=B_SPLINE_SURFACE_WITH_KNOTS('',3,1,((#7893,#7894),(#7895,#7896),(#7897,
#7898),(#7899,#7900),(#7901,#7902),(#7903,#7904),(#7905,#7906),(#7907,#7908),
(#7909,#7910),(#7911,#7912)),.SURF_OF_LINEAR_EXTRUSION.,.F.,.F.,.F.,(4,
1,1,1,1,1,1,4),(2,2),(0.0536911673397171,0.110849052062356,0.168006936784996,
0.282322706230275,0.396638475675553,0.510954245120832,0.73958578401139,
0.968217322901947),(0.,1.),.UNSPECIFIED.);
#16=B_SPLINE_SURFACE_WITH_KNOTS('',3,1,((#7919,#7920),(#7921,#7922),(#7923,
#7924),(#7925,#7926),(#7927,#7928),(#7929,#7930),(#7931,#7932),(#7933,#7934),
(#7935,#7936),(#7937,#7938)),.SURF_OF_LINEAR_EXTRUSION.,.F.,.F.,.F.,(4,
1,1,1,1,1,1,4),(2,2),(0.0536911673397154,0.110849052062355,0.168006936784994,
0.282322706230273,0.396638475675552,0.510954245120831,0.739585784011389,
0.968217322901947),(0.,1.),.UNSPECIFIED.);
#17=B_SPLINE_SURFACE_WITH_KNOTS('',3,1,((#7940,#7941),(#7942,#7943),(#7944,
#7945),(#7946,#7947),(#7948,#7949),(#7950,#7951),(#7952,#7953),(#7954,#7955),
(#7956,#7957),(#7958,#7959)),.SURF_OF_LINEAR_EXTRUSION.,.F.,.F.,.F.,(4,
1,1,1,1,1,1,4),(2,2),(0.0536911673397178,0.110849052062357,0.168006936784996,
0.282322706230275,0.396638475675554,0.510954245120832,0.73958578401139,
0.968217322901947),(0.,1.),.UNSPECIFIED.);
#18=B_SPLINE_SURFACE_WITH_KNOTS('',3,1,((#7966,#7967),(#7968,#7969),(#7970,
#7971),(#7972,#7973),(#7974,#7975),(#7976,#7977),(#7978,#7979),(#7980,#7981),
(#7982,#7983),(#7984,#7985)),.SURF_OF_LINEAR_EXTRUSION.,.F.,.F.,.F.,(4,
1,1,1,1,1,1,4),(2,2),(0.0536911673397165,0.110849052062356,0.168006936784995,
0.282322706230274,0.396638475675553,0.510954245120832,0.739585784011389,
0.968217322901947),(0.,1.),.UNSPECIFIED.);
#19=B_SPLINE_SURFACE_WITH_KNOTS('',3,1,((#7987,#7988),(#7989,#7990),(#7991,
#7992),(#7993,#7994),(#7995,#7996),(#7997,#7998),(#7999,#8000),(#8001,#8002),
(#8003,#8004),(#8005,#8006)),.SURF_OF_LINEAR_EXTRUSION.,.F.,.F.,.F.,(4,
1,1,1,1,1,1,4),(2,2),(0.0536911673397174,0.110849052062357,0.168006936784996,
0.282322706230275,0.396638475675553,0.510954245120832,0.73958578401139,
0.968217322901947),(0.,1.),.UNSPECIFIED.);
#20=B_SPLINE_SURFACE_WITH_KNOTS('',3,1,((#8013,#8014),(#8015,#8016),(#8017,
#8018),(#8019,#8020),(#8021,#8022),(#8023,#8024),(#8025,#8026),(#8027,#8028),
(#8029,#8030),(#8031,#8032)),.SURF_OF_LINEAR_EXTRUSION.,.F.,.F.,.F.,(4,
1,1,1,1,1,1,4),(2,2),(0.0536911673397145,0.110849052062354,0.168006936784994,
0.282322706230273,0.396638475675552,0.510954245120831,0.739585784011389,
0.968217322901947),(0.,1.),.UNSPECIFIED.);
#21=B_SPLINE_SURFACE_WITH_KNOTS('',3,1,((#8034,#8035),(#8036,#8037),(#8038,
#8039),(#8040,#8041),(#8042,#8043),(#8044,#8045),(#8046,#8047),(#8048,#8049),
(#8050,#8051),(#8052,#8053)),.SURF_OF_LINEAR_EXTRUSION.,.F.,.F.,.F.,(4,
1,1,1,1,1,1,4),(2,2),(0.053691167339716,0.110849052062355,0.168006936784995,
0.282322706230274,0.396638475675553,0.510954245120832,0.739585784011389,
0.968217322901947),(0.,1.),.UNSPECIFIED.);
#22=B_SPLINE_SURFACE_WITH_KNOTS('',3,1,((#8060,#8061),(#8062,#8063),(#8064,
#8065),(#8066,#8067),(#8068,#8069),(#8070,#8071),(#8072,#8073),(#8074,#8075),
(#8076,#8077),(#8078,#8079)),.SURF_OF_LINEAR_EXTRUSION.,.F.,.F.,.F.,(4,
1,1,1,1,1,1,4),(2,2),(0.0536911673397157,0.110849052062355,0.168006936784995,
0.282322706230274,0.396638475675552,0.510954245120831,0.739585784011389,
0.968217322901947),(0.,1.),.UNSPECIFIED.);
#23=B_SPLINE_SURFACE_WITH_KNOTS('',3,1,((#8081,#8082),(#8083,#8084),(#8085,
#8086),(#8087,#8088),(#8089,#8090),(#8091,#8092),(#8093,#8094),(#8095,#8096),
(#8097,#8098),(#8099,#8100)),.SURF_OF_LINEAR_EXTRUSION.,.F.,.F.,.F.,(4,
1,1,1,1,1,1,4),(2,2),(0.0536911673397162,0.110849052062356,0.168006936784995,
0.282322706230274,0.396638475675553,0.510954245120832,0.739585784011389,
0.968217322901947),(0.,1.),.UNSPECIFIED.);
#24=B_SPLINE_SURFACE_WITH_KNOTS('',3,1,((#8107,#8108),(#8109,#8110),(#8111,
#8112),(#8113,#8114),(#8115,#8116),(#8117,#8118),(#8119,#8120),(#8121,#8122),
(#8123,#8124),(#8125,#8126)),.SURF_OF_LINEAR_EXTRUSION.,.F.,.F.,.F.,(4,
1,1,1,1,1,1,4),(2,2),(0.0536911673397157,0.110849052062355,0.168006936784995,
0.282322706230274,0.396638475675552,0.510954245120831,0.739585784011389,
0.968217322901947),(0.,1.),.UNSPECIFIED.);
#25=B_SPLINE_SURFACE_WITH_KNOTS('',3,1,((#8128,#8129),(#8130,#8131),(#8132,
#8133),(#8134,#8135),(#8136,#8137),(#8138,#8139),(#8140,#8141),(#8142,#8143),
(#8144,#8145),(#8146,#8147)),.SURF_OF_LINEAR_EXTRUSION.,.F.,.F.,.F.,(4,
1,1,1,1,1,1,4),(2,2),(0.0536911673397165,0.110849052062356,0.168006936784995,
0.282322706230274,0.396638475675553,0.510954245120832,0.739585784011389,
0.968217322901947),(0.,1.),.UNSPECIFIED.);
#26=B_SPLINE_SURFACE_WITH_KNOTS('',3,1,((#8154,#8155),(#8156,#8157),(#8158,
#8159),(#8160,#8161),(#8162,#8163),(#8164,#8165),(#8166,#8167),(#8168,#8169),
(#8170,#8171),(#8172,#8173)),.SURF_OF_LINEAR_EXTRUSION.,.F.,.F.,.F.,(4,
1,1,1,1,1,1,4),(2,2),(0.0536911673397161,0.110849052062355,0.168006936784995,
0.282322706230274,0.396638475675553,0.510954245120832,0.739585784011389,
0.968217322901947),(0.,1.),.UNSPECIFIED.);
#27=B_SPLINE_SURFACE_WITH_KNOTS('',3,1,((#8175,#8176),(#8177,#8178),(#8179,
#8180),(#8181,#8182),(#8183,#8184),(#8185,#8186),(#8187,#8188),(#8189,#8190),
(#8191,#8192),(#8193,#8194)),.SURF_OF_LINEAR_EXTRUSION.,.F.,.F.,.F.,(4,
1,1,1,1,1,1,4),(2,2),(0.0536911673397158,0.110849052062355,0.168006936784995,
0.282322706230274,0.396638475675553,0.510954245120831,0.739585784011389,
0.968217322901947),(0.,1.),.UNSPECIFIED.);
#28=B_SPLINE_SURFACE_WITH_KNOTS('',3,1,((#8201,#8202),(#8203,#8204),(#8205,
#8206),(#8207,#8208),(#8209,#8210),(#8211,#8212),(#8213,#8214),(#8215,#8216),
(#8217,#8218),(#8219,#8220)),.SURF_OF_LINEAR_EXTRUSION.,.F.,.F.,.F.,(4,
1,1,1,1,1,1,4),(2,2),(0.0536911673397164,0.110849052062356,0.168006936784995,
0.282322706230274,0.396638475675553,0.510954245120832,0.739585784011389,
0.968217322901947),(0.,1.),.UNSPECIFIED.);
#29=B_SPLINE_SURFACE_WITH_KNOTS('',3,1,((#8222,#8223),(#8224,#8225),(#8226,
#8227),(#8228,#8229),(#8230,#8231),(#8232,#8233),(#8234,#8235),(#8236,#8237),
(#8238,#8239),(#8240,#8241)),.SURF_OF_LINEAR_EXTRUSION.,.F.,.F.,.F.,(4,
1,1,1,1,1,1,4),(2,2),(0.0536911673397176,0.110849052062357,0.168006936784996,
0.282322706230275,0.396638475675554,0.510954245120832,0.73958578401139,
0.968217322901947),(0.,1.),.UNSPECIFIED.);
#30=B_SPLINE_SURFACE_WITH_KNOTS('',3,1,((#8248,#8249),(#8250,#8251),(#8252,
#8253),(#8254,#8255),(#8256,#8257),(#8258,#8259),(#8260,#8261),(#8262,#8263),
(#8264,#8265),(#8266,#8267)),.SURF_OF_LINEAR_EXTRUSION.,.F.,.F.,.F.,(4,
1,1,1,1,1,1,4),(2,2),(0.0536911673397151,0.110849052062355,0.168006936784994,
0.282322706230273,0.396638475675552,0.510954245120831,0.739585784011389,
0.968217322901947),(0.,1.),.UNSPECIFIED.);
#31=B_SPLINE_SURFACE_WITH_KNOTS('',3,1,((#8269,#8270),(#8271,#8272),(#8273,
#8274),(#8275,#8276),(#8277,#8278),(#8279,#8280),(#8281,#8282),(#8283,#8284),
(#8285,#8286),(#8287,#8288)),.SURF_OF_LINEAR_EXTRUSION.,.F.,.F.,.F.,(4,
1,1,1,1,1,1,4),(2,2),(0.053691167339718,0.110849052062357,0.168006936784997,
0.282322706230275,0.396638475675554,0.510954245120832,0.73958578401139,
0.968217322901947),(0.,1.),.UNSPECIFIED.);
#32=B_SPLINE_SURFACE_WITH_KNOTS('',3,1,((#8295,#8296),(#8297,#8298),(#8299,
#8300),(#8301,#8302),(#8303,#8304),(#8305,#8306),(#8307,#8308),(#8309,#8310),
(#8311,#8312),(#8313,#8314)),.SURF_OF_LINEAR_EXTRUSION.,.F.,.F.,.F.,(4,
1,1,1,1,1,1,4),(2,2),(0.0536911673397147,0.110849052062354,0.168006936784994,
0.282322706230273,0.396638475675552,0.510954245120831,0.739585784011389,
0.968217322901947),(0.,1.),.UNSPECIFIED.);
#33=B_SPLINE_SURFACE_WITH_KNOTS('',3,1,((#8316,#8317),(#8318,#8319),(#8320,
#8321),(#8322,#8323),(#8324,#8325),(#8326,#8327),(#8328,#8329),(#8330,#8331),
(#8332,#8333),(#8334,#8335)),.SURF_OF_LINEAR_EXTRUSION.,.F.,.F.,.F.,(4,
1,1,1,1,1,1,4),(2,2),(0.0536911673397155,0.110849052062355,0.168006936784994,
0.282322706230273,0.396638475675552,0.510954245120831,0.739585784011389,
0.968217322901947),(0.,1.),.UNSPECIFIED.);
#34=B_SPLINE_SURFACE_WITH_KNOTS('',3,1,((#8342,#8343),(#8344,#8345),(#8346,
#8347),(#8348,#8349),(#8350,#8351),(#8352,#8353),(#8354,#8355),(#8356,#8357),
(#8358,#8359),(#8360,#8361)),.SURF_OF_LINEAR_EXTRUSION.,.F.,.F.,.F.,(4,
1,1,1,1,1,1,4),(2,2),(0.0536911673397168,0.110849052062356,0.168006936784996,
0.282322706230274,0.396638475675553,0.510954245120832,0.739585784011389,
0.968217322901947),(0.,1.),.UNSPECIFIED.);
#35=B_SPLINE_SURFACE_WITH_KNOTS('',3,1,((#8363,#8364),(#8365,#8366),(#8367,
#8368),(#8369,#8370),(#8371,#8372),(#8373,#8374),(#8375,#8376),(#8377,#8378),
(#8379,#8380),(#8381,#8382)),.SURF_OF_LINEAR_EXTRUSION.,.F.,.F.,.F.,(4,
1,1,1,1,1,1,4),(2,2),(0.0536911673397165,0.110849052062356,0.168006936784995,
0.282322706230274,0.396638475675553,0.510954245120832,0.739585784011389,
0.968217322901947),(0.,1.),.UNSPECIFIED.);
#36=B_SPLINE_SURFACE_WITH_KNOTS('',3,1,((#8389,#8390),(#8391,#8392),(#8393,
#8394),(#8395,#8396),(#8397,#8398),(#8399,#8400),(#8401,#8402),(#8403,#8404),
(#8405,#8406),(#8407,#8408)),.SURF_OF_LINEAR_EXTRUSION.,.F.,.F.,.F.,(4,
1,1,1,1,1,1,4),(2,2),(0.0536911673397165,0.110849052062356,0.168006936784995,
0.282322706230274,0.396638475675553,0.510954245120832,0.739585784011389,
0.968217322901947),(0.,1.),.UNSPECIFIED.);
#37=B_SPLINE_SURFACE_WITH_KNOTS('',3,1,((#8410,#8411),(#8412,#8413),(#8414,
#8415),(#8416,#8417),(#8418,#8419),(#8420,#8421),(#8422,#8423),(#8424,#8425),
(#8426,#8427),(#8428,#8429)),.SURF_OF_LINEAR_EXTRUSION.,.F.,.F.,.F.,(4,
1,1,1,1,1,1,4),(2,2),(0.0536911673397146,0.110849052062354,0.168006936784994,
0.282322706230273,0.396638475675552,0.510954245120831,0.739585784011389,
0.968217322901947),(0.,1.),.UNSPECIFIED.);
#38=B_SPLINE_SURFACE_WITH_KNOTS('',3,1,((#8436,#8437),(#8438,#8439),(#8440,
#8441),(#8442,#8443),(#8444,#8445),(#8446,#8447),(#8448,#8449),(#8450,#8451),
(#8452,#8453),(#8454,#8455)),.SURF_OF_LINEAR_EXTRUSION.,.F.,.F.,.F.,(4,
1,1,1,1,1,1,4),(2,2),(0.053691167339716,0.110849052062355,0.168006936784995,
0.282322706230274,0.396638475675553,0.510954245120831,0.739585784011389,
0.968217322901947),(0.,1.),.UNSPECIFIED.);
#39=B_SPLINE_SURFACE_WITH_KNOTS('',3,1,((#8457,#8458),(#8459,#8460),(#8461,
#8462),(#8463,#8464),(#8465,#8466),(#8467,#8468),(#8469,#8470),(#8471,#8472),
(#8473,#8474),(#8475,#8476)),.SURF_OF_LINEAR_EXTRUSION.,.F.,.F.,.F.,(4,
1,1,1,1,1,1,4),(2,2),(0.0536911673397185,0.110849052062358,0.168006936784997,
0.282322706230276,0.396638475675554,0.510954245120833,0.73958578401139,
0.968217322901947),(0.,1.),.UNSPECIFIED.);
#40=B_SPLINE_SURFACE_WITH_KNOTS('',3,1,((#8483,#8484),(#8485,#8486),(#8487,
#8488),(#8489,#8490),(#8491,#8492),(#8493,#8494),(#8495,#8496),(#8497,#8498),
(#8499,#8500),(#8501,#8502)),.SURF_OF_LINEAR_EXTRUSION.,.F.,.F.,.F.,(4,
1,1,1,1,1,1,4),(2,2),(0.0536911673397137,0.110849052062353,0.168006936784993,
0.282322706230272,0.396638475675551,0.51095424512083,0.739585784011389,
0.968217322901947),(0.,1.),.UNSPECIFIED.);
#41=B_SPLINE_SURFACE_WITH_KNOTS('',3,1,((#8504,#8505),(#8506,#8507),(#8508,
#8509),(#8510,#8511),(#8512,#8513),(#8514,#8515),(#8516,#8517),(#8518,#8519),
(#8520,#8521),(#8522,#8523)),.SURF_OF_LINEAR_EXTRUSION.,.F.,.F.,.F.,(4,
1,1,1,1,1,1,4),(2,2),(0.0536911673397157,0.110849052062355,0.168006936784995,
0.282322706230274,0.396638475675552,0.510954245120831,0.739585784011389,
0.968217322901947),(0.,1.),.UNSPECIFIED.);
#42=B_SPLINE_SURFACE_WITH_KNOTS('',3,1,((#8530,#8531),(#8532,#8533),(#8534,
#8535),(#8536,#8537),(#8538,#8539),(#8540,#8541),(#8542,#8543),(#8544,#8545),
(#8546,#8547),(#8548,#8549)),.SURF_OF_LINEAR_EXTRUSION.,.F.,.F.,.F.,(4,
1,1,1,1,1,1,4),(2,2),(0.0536911673397158,0.110849052062355,0.168006936784995,
0.282322706230274,0.396638475675553,0.510954245120831,0.739585784011389,
0.968217322901947),(0.,1.),.UNSPECIFIED.);
#43=B_SPLINE_SURFACE_WITH_KNOTS('',3,1,((#8551,#8552),(#8553,#8554),(#8555,
#8556),(#8557,#8558),(#8559,#8560),(#8561,#8562),(#8563,#8564),(#8565,#8566),
(#8567,#8568),(#8569,#8570)),.SURF_OF_LINEAR_EXTRUSION.,.F.,.F.,.F.,(4,
1,1,1,1,1,1,4),(2,2),(0.0536911673397161,0.110849052062355,0.168006936784995,
0.282322706230274,0.396638475675553,0.510954245120832,0.739585784011389,
0.968217322901947),(0.,1.),.UNSPECIFIED.);
#44=B_SPLINE_SURFACE_WITH_KNOTS('',3,1,((#8577,#8578),(#8579,#8580),(#8581,
#8582),(#8583,#8584),(#8585,#8586),(#8587,#8588),(#8589,#8590),(#8591,#8592),
(#8593,#8594),(#8595,#8596)),.SURF_OF_LINEAR_EXTRUSION.,.F.,.F.,.F.,(4,
1,1,1,1,1,1,4),(2,2),(0.0536911673397151,0.110849052062355,0.168006936784994,
0.282322706230273,0.396638475675552,0.510954245120831,0.739585784011389,
0.968217322901947),(0.,1.),.UNSPECIFIED.);
#45=B_SPLINE_SURFACE_WITH_KNOTS('',3,1,((#8598,#8599),(#8600,#8601),(#8602,
#8603),(#8604,#8605),(#8606,#8607),(#8608,#8609),(#8610,#8611),(#8612,#8613),
(#8614,#8615),(#8616,#8617)),.SURF_OF_LINEAR_EXTRUSION.,.F.,.F.,.F.,(4,
1,1,1,1,1,1,4),(2,2),(0.0536911673397167,0.110849052062356,0.168006936784996,
0.282322706230274,0.396638475675553,0.510954245120832,0.739585784011389,
0.968217322901947),(0.,1.),.UNSPECIFIED.);
#46=B_SPLINE_SURFACE_WITH_KNOTS('',3,1,((#8624,#8625),(#8626,#8627),(#8628,
#8629),(#8630,#8631),(#8632,#8633),(#8634,#8635),(#8636,#8637),(#8638,#8639),
(#8640,#8641),(#8642,#8643)),.SURF_OF_LINEAR_EXTRUSION.,.F.,.F.,.F.,(4,
1,1,1,1,1,1,4),(2,2),(0.053691167339717,0.110849052062356,0.168006936784996,
0.282322706230275,0.396638475675553,0.510954245120832,0.73958578401139,
0.968217322901947),(0.,1.),.UNSPECIFIED.);
#47=B_SPLINE_SURFACE_WITH_KNOTS('',3,1,((#8645,#8646),(#8647,#8648),(#8649,
#8650),(#8651,#8652),(#8653,#8654),(#8655,#8656),(#8657,#8658),(#8659,#8660),
(#8661,#8662),(#8663,#8664)),.SURF_OF_LINEAR_EXTRUSION.,.F.,.F.,.F.,(4,
1,1,1,1,1,1,4),(2,2),(0.053691167339718,0.110849052062357,0.168006936784997,
0.282322706230275,0.396638475675554,0.510954245120833,0.73958578401139,
0.968217322901947),(0.,1.),.UNSPECIFIED.);
#48=B_SPLINE_SURFACE_WITH_KNOTS('',3,1,((#8671,#8672),(#8673,#8674),(#8675,
#8676),(#8677,#8678),(#8679,#8680),(#8681,#8682),(#8683,#8684),(#8685,#8686),
(#8687,#8688),(#8689,#8690)),.SURF_OF_LINEAR_EXTRUSION.,.F.,.F.,.F.,(4,
1,1,1,1,1,1,4),(2,2),(0.0536911673397164,0.110849052062356,0.168006936784995,
0.282322706230274,0.396638475675553,0.510954245120832,0.739585784011389,
0.968217322901947),(0.,1.),.UNSPECIFIED.);
#49=B_SPLINE_SURFACE_WITH_KNOTS('',3,1,((#8692,#8693),(#8694,#8695),(#8696,
#8697),(#8698,#8699),(#8700,#8701),(#8702,#8703),(#8704,#8705),(#8706,#8707),
(#8708,#8709),(#8710,#8711)),.SURF_OF_LINEAR_EXTRUSION.,.F.,.F.,.F.,(4,
1,1,1,1,1,1,4),(2,2),(0.0536911673397182,0.110849052062358,0.168006936784997,
0.282322706230275,0.396638475675554,0.510954245120833,0.73958578401139,
0.968217322901947),(0.,1.),.UNSPECIFIED.);
#50=B_SPLINE_SURFACE_WITH_KNOTS('',3,1,((#8718,#8719),(#8720,#8721),(#8722,
#8723),(#8724,#8725),(#8726,#8727),(#8728,#8729),(#8730,#8731),(#8732,#8733),
(#8734,#8735),(#8736,#8737)),.SURF_OF_LINEAR_EXTRUSION.,.F.,.F.,.F.,(4,
1,1,1,1,1,1,4),(2,2),(0.0536911673397156,0.110849052062355,0.168006936784995,
0.282322706230273,0.396638475675552,0.510954245120831,0.739585784011389,
0.968217322901947),(0.,1.),.UNSPECIFIED.);
#51=B_SPLINE_SURFACE_WITH_KNOTS('',3,1,((#8739,#8740),(#8741,#8742),(#8743,
#8744),(#8745,#8746),(#8747,#8748),(#8749,#8750),(#8751,#8752),(#8753,#8754),
(#8755,#8756),(#8757,#8758)),.SURF_OF_LINEAR_EXTRUSION.,.F.,.F.,.F.,(4,
1,1,1,1,1,1,4),(2,2),(0.0536911673397163,0.110849052062356,0.168006936784995,
0.282322706230274,0.396638475675553,0.510954245120832,0.739585784011389,
0.968217322901947),(0.,1.),.UNSPECIFIED.);
#52=B_SPLINE_SURFACE_WITH_KNOTS('',3,1,((#8765,#8766),(#8767,#8768),(#8769,
#8770),(#8771,#8772),(#8773,#8774),(#8775,#8776),(#8777,#8778),(#8779,#8780),
(#8781,#8782),(#8783,#8784)),.SURF_OF_LINEAR_EXTRUSION.,.F.,.F.,.F.,(4,
1,1,1,1,1,1,4),(2,2),(0.0536911673397168,0.110849052062356,0.168006936784996,
0.282322706230274,0.396638475675553,0.510954245120832,0.739585784011389,
0.968217322901947),(0.,1.),.UNSPECIFIED.);
#53=B_SPLINE_SURFACE_WITH_KNOTS('',3,1,((#8786,#8787),(#8788,#8789),(#8790,
#8791),(#8792,#8793),(#8794,#8795),(#8796,#8797),(#8798,#8799),(#8800,#8801),
(#8802,#8803),(#8804,#8805)),.SURF_OF_LINEAR_EXTRUSION.,.F.,.F.,.F.,(4,
1,1,1,1,1,1,4),(2,2),(0.0536911673397157,0.110849052062355,0.168006936784995,
0.282322706230274,0.396638475675552,0.510954245120831,0.739585784011389,
0.968217322901947),(0.,1.),.UNSPECIFIED.);
#54=B_SPLINE_SURFACE_WITH_KNOTS('',3,1,((#8812,#8813),(#8814,#8815),(#8816,
#8817),(#8818,#8819),(#8820,#8821),(#8822,#8823),(#8824,#8825),(#8826,#8827),
(#8828,#8829),(#8830,#8831)),.SURF_OF_LINEAR_EXTRUSION.,.F.,.F.,.F.,(4,
1,1,1,1,1,1,4),(2,2),(0.0536911673397157,0.110849052062355,0.168006936784995,
0.282322706230274,0.396638475675552,0.510954245120831,0.739585784011389,
0.968217322901947),(0.,1.),.UNSPECIFIED.);
#55=B_SPLINE_SURFACE_WITH_KNOTS('',3,1,((#8833,#8834),(#8835,#8836),(#8837,
#8838),(#8839,#8840),(#8841,#8842),(#8843,#8844),(#8845,#8846),(#8847,#8848),
(#8849,#8850),(#8851,#8852)),.SURF_OF_LINEAR_EXTRUSION.,.F.,.F.,.F.,(4,
1,1,1,1,1,1,4),(2,2),(0.0536911673397173,0.110849052062357,0.168006936784996,
0.282322706230275,0.396638475675553,0.510954245120832,0.73958578401139,
0.968217322901947),(0.,1.),.UNSPECIFIED.);
#56=B_SPLINE_SURFACE_WITH_KNOTS('',3,1,((#8859,#8860),(#8861,#8862),(#8863,
#8864),(#8865,#8866),(#8867,#8868),(#8869,#8870),(#8871,#8872),(#8873,#8874),
(#8875,#8876),(#8877,#8878)),.SURF_OF_LINEAR_EXTRUSION.,.F.,.F.,.F.,(4,
1,1,1,1,1,1,4),(2,2),(0.0536911673397163,0.110849052062356,0.168006936784995,
0.282322706230274,0.396638475675553,0.510954245120832,0.739585784011389,
0.968217322901947),(0.,1.),.UNSPECIFIED.);
#57=B_SPLINE_SURFACE_WITH_KNOTS('',3,1,((#8880,#8881),(#8882,#8883),(#8884,
#8885),(#8886,#8887),(#8888,#8889),(#8890,#8891),(#8892,#8893),(#8894,#8895),
(#8896,#8897),(#8898,#8899)),.SURF_OF_LINEAR_EXTRUSION.,.F.,.F.,.F.,(4,
1,1,1,1,1,1,4),(2,2),(0.0536911673397168,0.110849052062356,0.168006936784996,
0.282322706230274,0.396638475675553,0.510954245120832,0.739585784011389,
0.968217322901947),(0.,1.),.UNSPECIFIED.);
#58=B_SPLINE_SURFACE_WITH_KNOTS('',3,1,((#8906,#8907),(#8908,#8909),(#8910,
#8911),(#8912,#8913),(#8914,#8915),(#8916,#8917),(#8918,#8919),(#8920,#8921),
(#8922,#8923),(#8924,#8925)),.SURF_OF_LINEAR_EXTRUSION.,.F.,.F.,.F.,(4,
1,1,1,1,1,1,4),(2,2),(0.0536911673397165,0.110849052062356,0.168006936784995,
0.282322706230274,0.396638475675553,0.510954245120832,0.739585784011389,
0.968217322901947),(0.,1.),.UNSPECIFIED.);
#59=B_SPLINE_SURFACE_WITH_KNOTS('',3,1,((#8927,#8928),(#8929,#8930),(#8931,
#8932),(#8933,#8934),(#8935,#8936),(#8937,#8938),(#8939,#8940),(#8941,#8942),
(#8943,#8944),(#8945,#8946)),.SURF_OF_LINEAR_EXTRUSION.,.F.,.F.,.F.,(4,
1,1,1,1,1,1,4),(2,2),(0.0536911673397161,0.110849052062356,0.168006936784995,
0.282322706230274,0.396638475675553,0.510954245120832,0.739585784011389,
0.968217322901947),(0.,1.),.UNSPECIFIED.);
#60=B_SPLINE_SURFACE_WITH_KNOTS('',3,1,((#8953,#8954),(#8955,#8956),(#8957,
#8958),(#8959,#8960),(#8961,#8962),(#8963,#8964),(#8965,#8966),(#8967,#8968),
(#8969,#8970),(#8971,#8972)),.SURF_OF_LINEAR_EXTRUSION.,.F.,.F.,.F.,(4,
1,1,1,1,1,1,4),(2,2),(0.0536911673397149,0.110849052062354,0.168006936784994,
0.282322706230273,0.396638475675552,0.510954245120831,0.739585784011389,
0.968217322901947),(0.,1.),.UNSPECIFIED.);
#61=B_SPLINE_SURFACE_WITH_KNOTS('',3,1,((#8974,#8975),(#8976,#8977),(#8978,
#8979),(#8980,#8981),(#8982,#8983),(#8984,#8985),(#8986,#8987),(#8988,#8989),
(#8990,#8991),(#8992,#8993)),.SURF_OF_LINEAR_EXTRUSION.,.F.,.F.,.F.,(4,
1,1,1,1,1,1,4),(2,2),(0.0536911673397158,0.110849052062355,0.168006936784995,
0.282322706230274,0.396638475675552,0.510954245120831,0.739585784011389,
0.968217322901947),(0.,1.),.UNSPECIFIED.);
#62=B_SPLINE_CURVE_WITH_KNOTS('',3,(#4266,#4267,#4268,#4269,#4270,#4271,
#4272,#4273,#4274,#4275,#4276,#4277,#4278,#4279,#4280,#4281,#4282,#4283,
#4284,#4285,#4286,#4287,#4288,#4289,#4290,#4291,#4292,#4293,#4294,#4295,
#4296,#4297),.UNSPECIFIED.,.F.,.F.,(4,1,1,1,1,1,1,1,1,1,1,1,1,1,1,1,1,1,
1,1,1,1,1,1,1,1,1,1,1,4),(0.,0.0905435754010976,0.101309272835279,0.115207725714168,
0.13165259603783,0.150299325856982,0.17091406108236,0.193324640843059,0.217397464998304,
0.243024943237999,0.270118012820405,0.298601362309559,0.328410219668281,
0.359488101772539,0.391785184229787,0.425257087589203,0.45986395242589,
0.4955697204922,0.532341566415862,0.570149441681501,0.608965703886983,0.648764811805834,
0.689523071958751,0.731218426019739,0.77383027096769,0.817339305770613,
0.861727399772386,0.90697747898504,0.953073427271242,0.968217322901947),
 .UNSPECIFIED.);
#63=B_SPLINE_CURVE_WITH_KNOTS('',3,(#4298,#4299,#4300,#4301,#4302,#4303,
#4304,#4305,#4306,#4307,#4308,#4309,#4310,#4311,#4312,#4313,#4314,#4315,
#4316,#4317,#4318,#4319,#4320,#4321,#4322,#4323,#4324,#4325,#4326,#4327,
#4328,#4329),.UNSPECIFIED.,.F.,.F.,(4,1,1,1,1,1,1,1,1,1,1,1,1,1,1,1,1,1,
1,1,1,1,1,1,1,1,1,1,1,4),(0.,0.0905435754010976,0.101309272835279,0.115207725714168,
0.13165259603783,0.150299325856982,0.17091406108236,0.193324640843059,0.217397464998304,
0.243024943237999,0.270118012820405,0.298601362309559,0.328410219668281,
0.359488101772539,0.391785184229787,0.425257087589203,0.45986395242589,
0.4955697204922,0.532341566415862,0.570149441681501,0.608965703886983,0.648764811805834,
0.689523071958751,0.731218426019739,0.77383027096769,0.817339305770613,
0.861727399772386,0.90697747898504,0.953073427271242,0.968217322901947),
 .UNSPECIFIED.);
#64=B_SPLINE_CURVE_WITH_KNOTS('',3,(#4337,#4338,#4339,#4340,#4341,#4342,
#4343,#4344,#4345,#4346,#4347,#4348,#4349,#4350,#4351,#4352,#4353,#4354,
#4355,#4356,#4357,#4358,#4359,#4360,#4361,#4362,#4363,#4364,#4365,#4366,
#4367,#4368),.UNSPECIFIED.,.F.,.F.,(4,1,1,1,1,1,1,1,1,1,1,1,1,1,1,1,1,1,
1,1,1,1,1,1,1,1,1,1,1,4),(0.,0.0905435754010976,0.101309272835279,0.115207725714168,
0.13165259603783,0.150299325856982,0.17091406108236,0.193324640843059,0.217397464998304,
0.243024943237999,0.270118012820405,0.298601362309559,0.328410219668281,
0.359488101772539,0.391785184229787,0.425257087589203,0.45986395242589,
0.4955697204922,0.532341566415862,0.570149441681501,0.608965703886983,0.648764811805834,
0.689523071958751,0.731218426019739,0.77383027096769,0.817339305770613,
0.861727399772386,0.90697747898504,0.953073427271242,0.968217322901947),
 .UNSPECIFIED.);
#65=B_SPLINE_CURVE_WITH_KNOTS('',3,(#4369,#4370,#4371,#4372,#4373,#4374,
#4375,#4376,#4377,#4378,#4379,#4380,#4381,#4382,#4383,#4384,#4385,#4386,
#4387,#4388,#4389,#4390,#4391,#4392,#4393,#4394,#4395,#4396,#4397,#4398,
#4399,#4400),.UNSPECIFIED.,.F.,.F.,(4,1,1,1,1,1,1,1,1,1,1,1,1,1,1,1,1,1,
1,1,1,1,1,1,1,1,1,1,1,4),(0.,0.0905435754010976,0.101309272835279,0.115207725714168,
0.13165259603783,0.150299325856982,0.17091406108236,0.193324640843059,0.217397464998304,
0.243024943237999,0.270118012820405,0.298601362309559,0.328410219668281,
0.359488101772539,0.391785184229787,0.425257087589203,0.45986395242589,
0.4955697204922,0.532341566415862,0.570149441681501,0.608965703886983,0.648764811805834,
0.689523071958751,0.731218426019739,0.77383027096769,0.817339305770613,
0.861727399772386,0.90697747898504,0.953073427271242,0.968217322901947),
 .UNSPECIFIED.);
#66=B_SPLINE_CURVE_WITH_KNOTS('',3,(#4408,#4409,#4410,#4411,#4412,#4413,
#4414,#4415,#4416,#4417,#4418,#4419,#4420,#4421,#4422,#4423,#4424,#4425,
#4426,#4427,#4428,#4429,#4430,#4431,#4432,#4433,#4434,#4435,#4436,#4437,
#4438,#4439),.UNSPECIFIED.,.F.,.F.,(4,1,1,1,1,1,1,1,1,1,1,1,1,1,1,1,1,1,
1,1,1,1,1,1,1,1,1,1,1,4),(0.,0.0905435754010976,0.101309272835279,0.115207725714168,
0.13165259603783,0.150299325856982,0.17091406108236,0.193324640843059,0.217397464998304,
0.243024943237999,0.270118012820405,0.298601362309559,0.328410219668281,
0.359488101772539,0.391785184229787,0.425257087589203,0.45986395242589,
0.4955697204922,0.532341566415862,0.570149441681501,0.608965703886983,0.648764811805834,
0.689523071958751,0.731218426019739,0.77383027096769,0.817339305770613,
0.861727399772386,0.90697747898504,0.953073427271242,0.968217322901947),
 .UNSPECIFIED.);
#67=B_SPLINE_CURVE_WITH_KNOTS('',3,(#4440,#4441,#4442,#4443,#4444,#4445,
#4446,#4447,#4448,#4449,#4450,#4451,#4452,#4453,#4454,#4455,#4456,#4457,
#4458,#4459,#4460,#4461,#4462,#4463,#4464,#4465,#4466,#4467,#4468,#4469,
#4470,#4471),.UNSPECIFIED.,.F.,.F.,(4,1,1,1,1,1,1,1,1,1,1,1,1,1,1,1,1,1,
1,1,1,1,1,1,1,1,1,1,1,4),(0.,0.0905435754010976,0.101309272835279,0.115207725714168,
0.13165259603783,0.150299325856982,0.17091406108236,0.193324640843059,0.217397464998304,
0.243024943237999,0.270118012820405,0.298601362309559,0.328410219668281,
0.359488101772539,0.391785184229787,0.425257087589203,0.45986395242589,
0.4955697204922,0.532341566415862,0.570149441681501,0.608965703886983,0.648764811805834,
0.689523071958751,0.731218426019739,0.77383027096769,0.817339305770613,
0.861727399772386,0.90697747898504,0.953073427271242,0.968217322901947),
 .UNSPECIFIED.);
#68=B_SPLINE_CURVE_WITH_KNOTS('',3,(#4479,#4480,#4481,#4482,#4483,#4484,
#4485,#4486,#4487,#4488,#4489,#4490,#4491,#4492,#4493,#4494,#4495,#4496,
#4497,#4498,#4499,#4500,#4501,#4502,#4503,#4504,#4505,#4506,#4507,#4508,
#4509,#4510),.UNSPECIFIED.,.F.,.F.,(4,1,1,1,1,1,1,1,1,1,1,1,1,1,1,1,1,1,
1,1,1,1,1,1,1,1,1,1,1,4),(0.,0.0905435754010976,0.101309272835279,0.115207725714168,
0.13165259603783,0.150299325856982,0.17091406108236,0.193324640843059,0.217397464998304,
0.243024943237999,0.270118012820405,0.298601362309559,0.328410219668281,
0.359488101772539,0.391785184229787,0.425257087589203,0.45986395242589,
0.4955697204922,0.532341566415862,0.570149441681501,0.608965703886983,0.648764811805834,
0.689523071958751,0.731218426019739,0.77383027096769,0.817339305770613,
0.861727399772386,0.90697747898504,0.953073427271242,0.968217322901947),
 .UNSPECIFIED.);
#69=B_SPLINE_CURVE_WITH_KNOTS('',3,(#4511,#4512,#4513,#4514,#4515,#4516,
#4517,#4518,#4519,#4520,#4521,#4522,#4523,#4524,#4525,#4526,#4527,#4528,
#4529,#4530,#4531,#4532,#4533,#4534,#4535,#4536,#4537,#4538,#4539,#4540,
#4541,#4542),.UNSPECIFIED.,.F.,.F.,(4,1,1,1,1,1,1,1,1,1,1,1,1,1,1,1,1,1,
1,1,1,1,1,1,1,1,1,1,1,4),(0.,0.0905435754010976,0.101309272835279,0.115207725714168,
0.13165259603783,0.150299325856982,0.17091406108236,0.193324640843059,0.217397464998304,
0.243024943237999,0.270118012820405,0.298601362309559,0.328410219668281,
0.359488101772539,0.391785184229787,0.425257087589203,0.45986395242589,
0.4955697204922,0.532341566415862,0.570149441681501,0.608965703886983,0.648764811805834,
0.689523071958751,0.731218426019739,0.77383027096769,0.817339305770613,
0.861727399772386,0.90697747898504,0.953073427271242,0.968217322901947),
 .UNSPECIFIED.);
#70=B_SPLINE_CURVE_WITH_KNOTS('',3,(#4550,#4551,#4552,#4553,#4554,#4555,
#4556,#4557,#4558,#4559,#4560,#4561,#4562,#4563,#4564,#4565,#4566,#4567,
#4568,#4569,#4570,#4571,#4572,#4573,#4574,#4575,#4576,#4577,#4578,#4579,
#4580,#4581),.UNSPECIFIED.,.F.,.F.,(4,1,1,1,1,1,1,1,1,1,1,1,1,1,1,1,1,1,
1,1,1,1,1,1,1,1,1,1,1,4),(0.,0.0905435754010976,0.101309272835279,0.115207725714168,
0.13165259603783,0.150299325856982,0.17091406108236,0.193324640843059,0.217397464998304,
0.243024943237999,0.270118012820405,0.298601362309559,0.328410219668281,
0.359488101772539,0.391785184229787,0.425257087589203,0.45986395242589,
0.4955697204922,0.532341566415862,0.570149441681501,0.608965703886983,0.648764811805834,
0.689523071958751,0.731218426019739,0.77383027096769,0.817339305770613,
0.861727399772386,0.90697747898504,0.953073427271242,0.968217322901947),
 .UNSPECIFIED.);
#71=B_SPLINE_CURVE_WITH_KNOTS('',3,(#4582,#4583,#4584,#4585,#4586,#4587,
#4588,#4589,#4590,#4591,#4592,#4593,#4594,#4595,#4596,#4597,#4598,#4599,
#4600,#4601,#4602,#4603,#4604,#4605,#4606,#4607,#4608,#4609,#4610,#4611,
#4612,#4613),.UNSPECIFIED.,.F.,.F.,(4,1,1,1,1,1,1,1,1,1,1,1,1,1,1,1,1,1,
1,1,1,1,1,1,1,1,1,1,1,4),(0.,0.0905435754010976,0.101309272835279,0.115207725714168,
0.13165259603783,0.150299325856982,0.17091406108236,0.193324640843059,0.217397464998304,
0.243024943237999,0.270118012820405,0.298601362309559,0.328410219668281,
0.359488101772539,0.391785184229787,0.425257087589203,0.45986395242589,
0.4955697204922,0.532341566415862,0.570149441681501,0.608965703886983,0.648764811805834,
0.689523071958751,0.731218426019739,0.77383027096769,0.817339305770613,
0.861727399772386,0.90697747898504,0.953073427271242,0.968217322901947),
 .UNSPECIFIED.);
#72=B_SPLINE_CURVE_WITH_KNOTS('',3,(#4621,#4622,#4623,#4624,#4625,#4626,
#4627,#4628,#4629,#4630,#4631,#4632,#4633,#4634,#4635,#4636,#4637,#4638,
#4639,#4640,#4641,#4642,#4643,#4644,#4645,#4646,#4647,#4648,#4649,#4650,
#4651,#4652),.UNSPECIFIED.,.F.,.F.,(4,1,1,1,1,1,1,1,1,1,1,1,1,1,1,1,1,1,
1,1,1,1,1,1,1,1,1,1,1,4),(0.,0.0905435754010976,0.101309272835279,0.115207725714168,
0.13165259603783,0.150299325856982,0.17091406108236,0.193324640843059,0.217397464998304,
0.243024943237999,0.270118012820405,0.298601362309559,0.328410219668281,
0.359488101772539,0.391785184229787,0.425257087589203,0.45986395242589,
0.4955697204922,0.532341566415862,0.570149441681501,0.608965703886983,0.648764811805834,
0.689523071958751,0.731218426019739,0.77383027096769,0.817339305770613,
0.861727399772386,0.90697747898504,0.953073427271242,0.968217322901947),
 .UNSPECIFIED.);
#73=B_SPLINE_CURVE_WITH_KNOTS('',3,(#4653,#4654,#4655,#4656,#4657,#4658,
#4659,#4660,#4661,#4662,#4663,#4664,#4665,#4666,#4667,#4668,#4669,#4670,
#4671,#4672,#4673,#4674,#4675,#4676,#4677,#4678,#4679,#4680,#4681,#4682,
#4683,#4684),.UNSPECIFIED.,.F.,.F.,(4,1,1,1,1,1,1,1,1,1,1,1,1,1,1,1,1,1,
1,1,1,1,1,1,1,1,1,1,1,4),(0.,0.0905435754010976,0.101309272835279,0.115207725714168,
0.13165259603783,0.150299325856982,0.17091406108236,0.193324640843059,0.217397464998304,
0.243024943237999,0.270118012820405,0.298601362309559,0.328410219668281,
0.359488101772539,0.391785184229787,0.425257087589203,0.45986395242589,
0.4955697204922,0.532341566415862,0.570149441681501,0.608965703886983,0.648764811805834,
0.689523071958751,0.731218426019739,0.77383027096769,0.817339305770613,
0.861727399772386,0.90697747898504,0.953073427271242,0.968217322901947),
 .UNSPECIFIED.);
#74=B_SPLINE_CURVE_WITH_KNOTS('',3,(#4692,#4693,#4694,#4695,#4696,#4697,
#4698,#4699,#4700,#4701,#4702,#4703,#4704,#4705,#4706,#4707,#4708,#4709,
#4710,#4711,#4712,#4713,#4714,#4715,#4716,#4717,#4718,#4719,#4720,#4721,
#4722,#4723),.UNSPECIFIED.,.F.,.F.,(4,1,1,1,1,1,1,1,1,1,1,1,1,1,1,1,1,1,
1,1,1,1,1,1,1,1,1,1,1,4),(0.,0.0905435754010976,0.101309272835279,0.115207725714168,
0.13165259603783,0.150299325856982,0.17091406108236,0.193324640843059,0.217397464998304,
0.243024943237999,0.270118012820405,0.298601362309559,0.328410219668281,
0.359488101772539,0.391785184229787,0.425257087589203,0.45986395242589,
0.4955697204922,0.532341566415862,0.570149441681501,0.608965703886983,0.648764811805834,
0.689523071958751,0.731218426019739,0.77383027096769,0.817339305770613,
0.861727399772386,0.90697747898504,0.953073427271242,0.968217322901947),
 .UNSPECIFIED.);
#75=B_SPLINE_CURVE_WITH_KNOTS('',3,(#4724,#4725,#4726,#4727,#4728,#4729,
#4730,#4731,#4732,#4733,#4734,#4735,#4736,#4737,#4738,#4739,#4740,#4741,
#4742,#4743,#4744,#4745,#4746,#4747,#4748,#4749,#4750,#4751,#4752,#4753,
#4754,#4755),.UNSPECIFIED.,.F.,.F.,(4,1,1,1,1,1,1,1,1,1,1,1,1,1,1,1,1,1,
1,1,1,1,1,1,1,1,1,1,1,4),(0.,0.0905435754010976,0.101309272835279,0.115207725714168,
0.13165259603783,0.150299325856982,0.17091406108236,0.193324640843059,0.217397464998304,
0.243024943237999,0.270118012820405,0.298601362309559,0.328410219668281,
0.359488101772539,0.391785184229787,0.425257087589203,0.45986395242589,
0.4955697204922,0.532341566415862,0.570149441681501,0.608965703886983,0.648764811805834,
0.689523071958751,0.731218426019739,0.77383027096769,0.817339305770613,
0.861727399772386,0.90697747898504,0.953073427271242,0.968217322901947),
 .UNSPECIFIED.);
#76=B_SPLINE_CURVE_WITH_KNOTS('',3,(#4763,#4764,#4765,#4766,#4767,#4768,
#4769,#4770,#4771,#4772,#4773,#4774,#4775,#4776,#4777,#4778,#4779,#4780,
#4781,#4782,#4783,#4784,#4785,#4786,#4787,#4788,#4789,#4790,#4791,#4792,
#4793,#4794),.UNSPECIFIED.,.F.,.F.,(4,1,1,1,1,1,1,1,1,1,1,1,1,1,1,1,1,1,
1,1,1,1,1,1,1,1,1,1,1,4),(0.,0.0905435754010976,0.101309272835279,0.115207725714168,
0.13165259603783,0.150299325856982,0.17091406108236,0.193324640843059,0.217397464998304,
0.243024943237999,0.270118012820405,0.298601362309559,0.328410219668281,
0.359488101772539,0.391785184229787,0.425257087589203,0.45986395242589,
0.4955697204922,0.532341566415862,0.570149441681501,0.608965703886983,0.648764811805834,
0.689523071958751,0.731218426019739,0.77383027096769,0.817339305770613,
0.861727399772386,0.90697747898504,0.953073427271242,0.968217322901947),
 .UNSPECIFIED.);
#77=B_SPLINE_CURVE_WITH_KNOTS('',3,(#4795,#4796,#4797,#4798,#4799,#4800,
#4801,#4802,#4803,#4804,#4805,#4806,#4807,#4808,#4809,#4810,#4811,#4812,
#4813,#4814,#4815,#4816,#4817,#4818,#4819,#4820,#4821,#4822,#4823,#4824,
#4825,#4826),.UNSPECIFIED.,.F.,.F.,(4,1,1,1,1,1,1,1,1,1,1,1,1,1,1,1,1,1,
1,1,1,1,1,1,1,1,1,1,1,4),(0.,0.0905435754010976,0.101309272835279,0.115207725714168,
0.13165259603783,0.150299325856982,0.17091406108236,0.193324640843059,0.217397464998304,
0.243024943237999,0.270118012820405,0.298601362309559,0.328410219668281,
0.359488101772539,0.391785184229787,0.425257087589203,0.45986395242589,
0.4955697204922,0.532341566415862,0.570149441681501,0.608965703886983,0.648764811805834,
0.689523071958751,0.731218426019739,0.77383027096769,0.817339305770613,
0.861727399772386,0.90697747898504,0.953073427271242,0.968217322901947),
 .UNSPECIFIED.);
#78=B_SPLINE_CURVE_WITH_KNOTS('',3,(#4834,#4835,#4836,#4837,#4838,#4839,
#4840,#4841,#4842,#4843,#4844,#4845,#4846,#4847,#4848,#4849,#4850,#4851,
#4852,#4853,#4854,#4855,#4856,#4857,#4858,#4859,#4860,#4861,#4862,#4863,
#4864,#4865),.UNSPECIFIED.,.F.,.F.,(4,1,1,1,1,1,1,1,1,1,1,1,1,1,1,1,1,1,
1,1,1,1,1,1,1,1,1,1,1,4),(0.,0.0905435754010976,0.101309272835279,0.115207725714168,
0.13165259603783,0.150299325856982,0.17091406108236,0.193324640843059,0.217397464998304,
0.243024943237999,0.270118012820405,0.298601362309559,0.328410219668281,
0.359488101772539,0.391785184229787,0.425257087589203,0.45986395242589,
0.4955697204922,0.532341566415862,0.570149441681501,0.608965703886983,0.648764811805834,
0.689523071958751,0.731218426019739,0.77383027096769,0.817339305770613,
0.861727399772386,0.90697747898504,0.953073427271242,0.968217322901947),
 .UNSPECIFIED.);
#79=B_SPLINE_CURVE_WITH_KNOTS('',3,(#4866,#4867,#4868,#4869,#4870,#4871,
#4872,#4873,#4874,#4875,#4876,#4877,#4878,#4879,#4880,#4881,#4882,#4883,
#4884,#4885,#4886,#4887,#4888,#4889,#4890,#4891,#4892,#4893,#4894,#4895,
#4896,#4897),.UNSPECIFIED.,.F.,.F.,(4,1,1,1,1,1,1,1,1,1,1,1,1,1,1,1,1,1,
1,1,1,1,1,1,1,1,1,1,1,4),(0.,0.0905435754010976,0.101309272835279,0.115207725714168,
0.13165259603783,0.150299325856982,0.17091406108236,0.193324640843059,0.217397464998304,
0.243024943237999,0.270118012820405,0.298601362309559,0.328410219668281,
0.359488101772539,0.391785184229787,0.425257087589203,0.45986395242589,
0.4955697204922,0.532341566415862,0.570149441681501,0.608965703886983,0.648764811805834,
0.689523071958751,0.731218426019739,0.77383027096769,0.817339305770613,
0.861727399772386,0.90697747898504,0.953073427271242,0.968217322901947),
 .UNSPECIFIED.);
#80=B_SPLINE_CURVE_WITH_KNOTS('',3,(#4905,#4906,#4907,#4908,#4909,#4910,
#4911,#4912,#4913,#4914,#4915,#4916,#4917,#4918,#4919,#4920,#4921,#4922,
#4923,#4924,#4925,#4926,#4927,#4928,#4929,#4930,#4931,#4932,#4933,#4934,
#4935,#4936),.UNSPECIFIED.,.F.,.F.,(4,1,1,1,1,1,1,1,1,1,1,1,1,1,1,1,1,1,
1,1,1,1,1,1,1,1,1,1,1,4),(0.,0.0905435754010976,0.101309272835279,0.115207725714168,
0.13165259603783,0.150299325856982,0.17091406108236,0.193324640843059,0.217397464998304,
0.243024943237999,0.270118012820405,0.298601362309559,0.328410219668281,
0.359488101772539,0.391785184229787,0.425257087589203,0.45986395242589,
0.4955697204922,0.532341566415862,0.570149441681501,0.608965703886983,0.648764811805834,
0.689523071958751,0.731218426019739,0.77383027096769,0.817339305770613,
0.861727399772386,0.90697747898504,0.953073427271242,0.968217322901947),
 .UNSPECIFIED.);
#81=B_SPLINE_CURVE_WITH_KNOTS('',3,(#4940,#4941,#4942,#4943,#4944,#4945,
#4946,#4947,#4948,#4949,#4950,#4951,#4952,#4953,#4954,#4955,#4956,#4957,
#4958,#4959,#4960,#4961,#4962,#4963,#4964,#4965,#4966,#4967,#4968,#4969,
#4970,#4971),.UNSPECIFIED.,.F.,.F.,(4,1,1,1,1,1,1,1,1,1,1,1,1,1,1,1,1,1,
1,1,1,1,1,1,1,1,1,1,1,4),(0.,0.0905435754010976,0.101309272835279,0.115207725714168,
0.13165259603783,0.150299325856982,0.17091406108236,0.193324640843059,0.217397464998304,
0.243024943237999,0.270118012820405,0.298601362309559,0.328410219668281,
0.359488101772539,0.391785184229787,0.425257087589203,0.45986395242589,
0.4955697204922,0.532341566415862,0.570149441681501,0.608965703886983,0.648764811805834,
0.689523071958751,0.731218426019739,0.77383027096769,0.817339305770613,
0.861727399772386,0.90697747898504,0.953073427271242,0.968217322901947),
 .UNSPECIFIED.);
#82=B_SPLINE_CURVE_WITH_KNOTS('',3,(#4979,#4980,#4981,#4982,#4983,#4984,
#4985,#4986,#4987,#4988,#4989,#4990,#4991,#4992,#4993,#4994,#4995,#4996,
#4997,#4998,#4999,#5000,#5001,#5002,#5003,#5004,#5005,#5006,#5007,#5008,
#5009,#5010),.UNSPECIFIED.,.F.,.F.,(4,1,1,1,1,1,1,1,1,1,1,1,1,1,1,1,1,1,
1,1,1,1,1,1,1,1,1,1,1,4),(0.,0.0905435754010976,0.101309272835279,0.115207725714168,
0.13165259603783,0.150299325856982,0.17091406108236,0.193324640843059,0.217397464998304,
0.243024943237999,0.270118012820405,0.298601362309559,0.328410219668281,
0.359488101772539,0.391785184229787,0.425257087589203,0.45986395242589,
0.4955697204922,0.532341566415862,0.570149441681501,0.608965703886983,0.648764811805834,
0.689523071958751,0.731218426019739,0.77383027096769,0.817339305770613,
0.861727399772386,0.90697747898504,0.953073427271242,0.968217322901947),
 .UNSPECIFIED.);
#83=B_SPLINE_CURVE_WITH_KNOTS('',3,(#5011,#5012,#5013,#5014,#5015,#5016,
#5017,#5018,#5019,#5020,#5021,#5022,#5023,#5024,#5025,#5026,#5027,#5028,
#5029,#5030,#5031,#5032,#5033,#5034,#5035,#5036,#5037,#5038,#5039,#5040,
#5041,#5042),.UNSPECIFIED.,.F.,.F.,(4,1,1,1,1,1,1,1,1,1,1,1,1,1,1,1,1,1,
1,1,1,1,1,1,1,1,1,1,1,4),(0.,0.0905435754010976,0.101309272835279,0.115207725714168,
0.13165259603783,0.150299325856982,0.17091406108236,0.193324640843059,0.217397464998304,
0.243024943237999,0.270118012820405,0.298601362309559,0.328410219668281,
0.359488101772539,0.391785184229787,0.425257087589203,0.45986395242589,
0.4955697204922,0.532341566415862,0.570149441681501,0.608965703886983,0.648764811805834,
0.689523071958751,0.731218426019739,0.77383027096769,0.817339305770613,
0.861727399772386,0.90697747898504,0.953073427271242,0.968217322901947),
 .UNSPECIFIED.);
#84=B_SPLINE_CURVE_WITH_KNOTS('',3,(#5050,#5051,#5052,#5053,#5054,#5055,
#5056,#5057,#5058,#5059,#5060,#5061,#5062,#5063,#5064,#5065,#5066,#5067,
#5068,#5069,#5070,#5071,#5072,#5073,#5074,#5075,#5076,#5077,#5078,#5079,
#5080,#5081),.UNSPECIFIED.,.F.,.F.,(4,1,1,1,1,1,1,1,1,1,1,1,1,1,1,1,1,1,
1,1,1,1,1,1,1,1,1,1,1,4),(0.,0.0905435754010976,0.101309272835279,0.115207725714168,
0.13165259603783,0.150299325856982,0.17091406108236,0.193324640843059,0.217397464998304,
0.243024943237999,0.270118012820405,0.298601362309559,0.328410219668281,
0.359488101772539,0.391785184229787,0.425257087589203,0.45986395242589,
0.4955697204922,0.532341566415862,0.570149441681501,0.608965703886983,0.648764811805834,
0.689523071958751,0.731218426019739,0.77383027096769,0.817339305770613,
0.861727399772386,0.90697747898504,0.953073427271242,0.968217322901947),
 .UNSPECIFIED.);
#85=B_SPLINE_CURVE_WITH_KNOTS('',3,(#5082,#5083,#5084,#5085,#5086,#5087,
#5088,#5089,#5090,#5091,#5092,#5093,#5094,#5095,#5096,#5097,#5098,#5099,
#5100,#5101,#5102,#5103,#5104,#5105,#5106,#5107,#5108,#5109,#5110,#5111,
#5112,#5113),.UNSPECIFIED.,.F.,.F.,(4,1,1,1,1,1,1,1,1,1,1,1,1,1,1,1,1,1,
1,1,1,1,1,1,1,1,1,1,1,4),(0.,0.0905435754010976,0.101309272835279,0.115207725714168,
0.13165259603783,0.150299325856982,0.17091406108236,0.193324640843059,0.217397464998304,
0.243024943237999,0.270118012820405,0.298601362309559,0.328410219668281,
0.359488101772539,0.391785184229787,0.425257087589203,0.45986395242589,
0.4955697204922,0.532341566415862,0.570149441681501,0.608965703886983,0.648764811805834,
0.689523071958751,0.731218426019739,0.77383027096769,0.817339305770613,
0.861727399772386,0.90697747898504,0.953073427271242,0.968217322901947),
 .UNSPECIFIED.);
#86=B_SPLINE_CURVE_WITH_KNOTS('',3,(#5121,#5122,#5123,#5124,#5125,#5126,
#5127,#5128,#5129,#5130,#5131,#5132,#5133,#5134,#5135,#5136,#5137,#5138,
#5139,#5140,#5141,#5142,#5143,#5144,#5145,#5146,#5147,#5148,#5149,#5150,
#5151,#5152),.UNSPECIFIED.,.F.,.F.,(4,1,1,1,1,1,1,1,1,1,1,1,1,1,1,1,1,1,
1,1,1,1,1,1,1,1,1,1,1,4),(0.,0.0905435754010976,0.101309272835279,0.115207725714168,
0.13165259603783,0.150299325856982,0.17091406108236,0.193324640843059,0.217397464998304,
0.243024943237999,0.270118012820405,0.298601362309559,0.328410219668281,
0.359488101772539,0.391785184229787,0.425257087589203,0.45986395242589,
0.4955697204922,0.532341566415862,0.570149441681501,0.608965703886983,0.648764811805834,
0.689523071958751,0.731218426019739,0.77383027096769,0.817339305770613,
0.861727399772386,0.90697747898504,0.953073427271242,0.968217322901947),
 .UNSPECIFIED.);
#87=B_SPLINE_CURVE_WITH_KNOTS('',3,(#5153,#5154,#5155,#5156,#5157,#5158,
#5159,#5160,#5161,#5162,#5163,#5164,#5165,#5166,#5167,#5168,#5169,#5170,
#5171,#5172,#5173,#5174,#5175,#5176,#5177,#5178,#5179,#5180,#5181,#5182,
#5183,#5184),.UNSPECIFIED.,.F.,.F.,(4,1,1,1,1,1,1,1,1,1,1,1,1,1,1,1,1,1,
1,1,1,1,1,1,1,1,1,1,1,4),(0.,0.0905435754010976,0.101309272835279,0.115207725714168,
0.13165259603783,0.150299325856982,0.17091406108236,0.193324640843059,0.217397464998304,
0.243024943237999,0.270118012820405,0.298601362309559,0.328410219668281,
0.359488101772539,0.391785184229787,0.425257087589203,0.45986395242589,
0.4955697204922,0.532341566415862,0.570149441681501,0.608965703886983,0.648764811805834,
0.689523071958751,0.731218426019739,0.77383027096769,0.817339305770613,
0.861727399772386,0.90697747898504,0.953073427271242,0.968217322901947),
 .UNSPECIFIED.);
#88=B_SPLINE_CURVE_WITH_KNOTS('',3,(#5192,#5193,#5194,#5195,#5196,#5197,
#5198,#5199,#5200,#5201,#5202,#5203,#5204,#5205,#5206,#5207,#5208,#5209,
#5210,#5211,#5212,#5213,#5214,#5215,#5216,#5217,#5218,#5219,#5220,#5221,
#5222,#5223),.UNSPECIFIED.,.F.,.F.,(4,1,1,1,1,1,1,1,1,1,1,1,1,1,1,1,1,1,
1,1,1,1,1,1,1,1,1,1,1,4),(0.,0.0905435754010976,0.101309272835279,0.115207725714168,
0.13165259603783,0.150299325856982,0.17091406108236,0.193324640843059,0.217397464998304,
0.243024943237999,0.270118012820405,0.298601362309559,0.328410219668281,
0.359488101772539,0.391785184229787,0.425257087589203,0.45986395242589,
0.4955697204922,0.532341566415862,0.570149441681501,0.608965703886983,0.648764811805834,
0.689523071958751,0.731218426019739,0.77383027096769,0.817339305770613,
0.861727399772386,0.90697747898504,0.953073427271242,0.968217322901947),
 .UNSPECIFIED.);
#89=B_SPLINE_CURVE_WITH_KNOTS('',3,(#5224,#5225,#5226,#5227,#5228,#5229,
#5230,#5231,#5232,#5233,#5234,#5235,#5236,#5237,#5238,#5239,#5240,#5241,
#5242,#5243,#5244,#5245,#5246,#5247,#5248,#5249,#5250,#5251,#5252,#5253,
#5254,#5255),.UNSPECIFIED.,.F.,.F.,(4,1,1,1,1,1,1,1,1,1,1,1,1,1,1,1,1,1,
1,1,1,1,1,1,1,1,1,1,1,4),(0.,0.0905435754010976,0.101309272835279,0.115207725714168,
0.13165259603783,0.150299325856982,0.17091406108236,0.193324640843059,0.217397464998304,
0.243024943237999,0.270118012820405,0.298601362309559,0.328410219668281,
0.359488101772539,0.391785184229787,0.425257087589203,0.45986395242589,
0.4955697204922,0.532341566415862,0.570149441681501,0.608965703886983,0.648764811805834,
0.689523071958751,0.731218426019739,0.77383027096769,0.817339305770613,
0.861727399772386,0.90697747898504,0.953073427271242,0.968217322901947),
 .UNSPECIFIED.);
#90=B_SPLINE_CURVE_WITH_KNOTS('',3,(#5263,#5264,#5265,#5266,#5267,#5268,
#5269,#5270,#5271,#5272,#5273,#5274,#5275,#5276,#5277,#5278,#5279,#5280,
#5281,#5282,#5283,#5284,#5285,#5286,#5287,#5288,#5289,#5290,#5291,#5292,
#5293,#5294),.UNSPECIFIED.,.F.,.F.,(4,1,1,1,1,1,1,1,1,1,1,1,1,1,1,1,1,1,
1,1,1,1,1,1,1,1,1,1,1,4),(0.,0.0905435754010976,0.101309272835279,0.115207725714168,
0.13165259603783,0.150299325856982,0.17091406108236,0.193324640843059,0.217397464998304,
0.243024943237999,0.270118012820405,0.298601362309559,0.328410219668281,
0.359488101772539,0.391785184229787,0.425257087589203,0.45986395242589,
0.4955697204922,0.532341566415862,0.570149441681501,0.608965703886983,0.648764811805834,
0.689523071958751,0.731218426019739,0.77383027096769,0.817339305770613,
0.861727399772386,0.90697747898504,0.953073427271242,0.968217322901947),
 .UNSPECIFIED.);
#91=B_SPLINE_CURVE_WITH_KNOTS('',3,(#5295,#5296,#5297,#5298,#5299,#5300,
#5301,#5302,#5303,#5304,#5305,#5306,#5307,#5308,#5309,#5310,#5311,#5312,
#5313,#5314,#5315,#5316,#5317,#5318,#5319,#5320,#5321,#5322,#5323,#5324,
#5325,#5326),.UNSPECIFIED.,.F.,.F.,(4,1,1,1,1,1,1,1,1,1,1,1,1,1,1,1,1,1,
1,1,1,1,1,1,1,1,1,1,1,4),(0.,0.0905435754010976,0.101309272835279,0.115207725714168,
0.13165259603783,0.150299325856982,0.17091406108236,0.193324640843059,0.217397464998304,
0.243024943237999,0.270118012820405,0.298601362309559,0.328410219668281,
0.359488101772539,0.391785184229787,0.425257087589203,0.45986395242589,
0.4955697204922,0.532341566415862,0.570149441681501,0.608965703886983,0.648764811805834,
0.689523071958751,0.731218426019739,0.77383027096769,0.817339305770613,
0.861727399772386,0.90697747898504,0.953073427271242,0.968217322901947),
 .UNSPECIFIED.);
#92=B_SPLINE_CURVE_WITH_KNOTS('',3,(#5334,#5335,#5336,#5337,#5338,#5339,
#5340,#5341,#5342,#5343,#5344,#5345,#5346,#5347,#5348,#5349,#5350,#5351,
#5352,#5353,#5354,#5355,#5356,#5357,#5358,#5359,#5360,#5361,#5362,#5363,
#5364,#5365),.UNSPECIFIED.,.F.,.F.,(4,1,1,1,1,1,1,1,1,1,1,1,1,1,1,1,1,1,
1,1,1,1,1,1,1,1,1,1,1,4),(0.,0.0905435754010976,0.101309272835279,0.115207725714168,
0.13165259603783,0.150299325856982,0.17091406108236,0.193324640843059,0.217397464998304,
0.243024943237999,0.270118012820405,0.298601362309559,0.328410219668281,
0.359488101772539,0.391785184229787,0.425257087589203,0.45986395242589,
0.4955697204922,0.532341566415862,0.570149441681501,0.608965703886983,0.648764811805834,
0.689523071958751,0.731218426019739,0.77383027096769,0.817339305770613,
0.861727399772386,0.90697747898504,0.953073427271242,0.968217322901947),
 .UNSPECIFIED.);
#93=B_SPLINE_CURVE_WITH_KNOTS('',3,(#5366,#5367,#5368,#5369,#5370,#5371,
#5372,#5373,#5374,#5375,#5376,#5377,#5378,#5379,#5380,#5381,#5382,#5383,
#5384,#5385,#5386,#5387,#5388,#5389,#5390,#5391,#5392,#5393,#5394,#5395,
#5396,#5397),.UNSPECIFIED.,.F.,.F.,(4,1,1,1,1,1,1,1,1,1,1,1,1,1,1,1,1,1,
1,1,1,1,1,1,1,1,1,1,1,4),(0.,0.0905435754010976,0.101309272835279,0.115207725714168,
0.13165259603783,0.150299325856982,0.17091406108236,0.193324640843059,0.217397464998304,
0.243024943237999,0.270118012820405,0.298601362309559,0.328410219668281,
0.359488101772539,0.391785184229787,0.425257087589203,0.45986395242589,
0.4955697204922,0.532341566415862,0.570149441681501,0.608965703886983,0.648764811805834,
0.689523071958751,0.731218426019739,0.77383027096769,0.817339305770613,
0.861727399772386,0.90697747898504,0.953073427271242,0.968217322901947),
 .UNSPECIFIED.);
#94=B_SPLINE_CURVE_WITH_KNOTS('',3,(#5405,#5406,#5407,#5408,#5409,#5410,
#5411,#5412,#5413,#5414,#5415,#5416,#5417,#5418,#5419,#5420,#5421,#5422,
#5423,#5424,#5425,#5426,#5427,#5428,#5429,#5430,#5431,#5432,#5433,#5434,
#5435,#5436),.UNSPECIFIED.,.F.,.F.,(4,1,1,1,1,1,1,1,1,1,1,1,1,1,1,1,1,1,
1,1,1,1,1,1,1,1,1,1,1,4),(0.,0.0905435754010976,0.101309272835279,0.115207725714168,
0.13165259603783,0.150299325856982,0.17091406108236,0.193324640843059,0.217397464998304,
0.243024943237999,0.270118012820405,0.298601362309559,0.328410219668281,
0.359488101772539,0.391785184229787,0.425257087589203,0.45986395242589,
0.4955697204922,0.532341566415862,0.570149441681501,0.608965703886983,0.648764811805834,
0.689523071958751,0.731218426019739,0.77383027096769,0.817339305770613,
0.861727399772386,0.90697747898504,0.953073427271242,0.968217322901947),
 .UNSPECIFIED.);
#95=B_SPLINE_CURVE_WITH_KNOTS('',3,(#5437,#5438,#5439,#5440,#5441,#5442,
#5443,#5444,#5445,#5446,#5447,#5448,#5449,#5450,#5451,#5452,#5453,#5454,
#5455,#5456,#5457,#5458,#5459,#5460,#5461,#5462,#5463,#5464,#5465,#5466,
#5467,#5468),.UNSPECIFIED.,.F.,.F.,(4,1,1,1,1,1,1,1,1,1,1,1,1,1,1,1,1,1,
1,1,1,1,1,1,1,1,1,1,1,4),(0.,0.0905435754010976,0.101309272835279,0.115207725714168,
0.13165259603783,0.150299325856982,0.17091406108236,0.193324640843059,0.217397464998304,
0.243024943237999,0.270118012820405,0.298601362309559,0.328410219668281,
0.359488101772539,0.391785184229787,0.425257087589203,0.45986395242589,
0.4955697204922,0.532341566415862,0.570149441681501,0.608965703886983,0.648764811805834,
0.689523071958751,0.731218426019739,0.77383027096769,0.817339305770613,
0.861727399772386,0.90697747898504,0.953073427271242,0.968217322901947),
 .UNSPECIFIED.);
#96=B_SPLINE_CURVE_WITH_KNOTS('',3,(#5476,#5477,#5478,#5479,#5480,#5481,
#5482,#5483,#5484,#5485,#5486,#5487,#5488,#5489,#5490,#5491,#5492,#5493,
#5494,#5495,#5496,#5497,#5498,#5499,#5500,#5501,#5502,#5503,#5504,#5505,
#5506,#5507),.UNSPECIFIED.,.F.,.F.,(4,1,1,1,1,1,1,1,1,1,1,1,1,1,1,1,1,1,
1,1,1,1,1,1,1,1,1,1,1,4),(0.,0.0905435754010976,0.101309272835279,0.115207725714168,
0.13165259603783,0.150299325856982,0.17091406108236,0.193324640843059,0.217397464998304,
0.243024943237999,0.270118012820405,0.298601362309559,0.328410219668281,
0.359488101772539,0.391785184229787,0.425257087589203,0.45986395242589,
0.4955697204922,0.532341566415862,0.570149441681501,0.608965703886983,0.648764811805834,
0.689523071958751,0.731218426019739,0.77383027096769,0.817339305770613,
0.861727399772386,0.90697747898504,0.953073427271242,0.968217322901947),
 .UNSPECIFIED.);
#97=B_SPLINE_CURVE_WITH_KNOTS('',3,(#5508,#5509,#5510,#5511,#5512,#5513,
#5514,#5515,#5516,#5517,#5518,#5519,#5520,#5521,#5522,#5523,#5524,#5525,
#5526,#5527,#5528,#5529,#5530,#5531,#5532,#5533,#5534,#5535,#5536,#5537,
#5538,#5539),.UNSPECIFIED.,.F.,.F.,(4,1,1,1,1,1,1,1,1,1,1,1,1,1,1,1,1,1,
1,1,1,1,1,1,1,1,1,1,1,4),(0.,0.0905435754010976,0.101309272835279,0.115207725714168,
0.13165259603783,0.150299325856982,0.17091406108236,0.193324640843059,0.217397464998304,
0.243024943237999,0.270118012820405,0.298601362309559,0.328410219668281,
0.359488101772539,0.391785184229787,0.425257087589203,0.45986395242589,
0.4955697204922,0.532341566415862,0.570149441681501,0.608965703886983,0.648764811805834,
0.689523071958751,0.731218426019739,0.77383027096769,0.817339305770613,
0.861727399772386,0.90697747898504,0.953073427271242,0.968217322901947),
 .UNSPECIFIED.);
#98=B_SPLINE_CURVE_WITH_KNOTS('',3,(#5547,#5548,#5549,#5550,#5551,#5552,
#5553,#5554,#5555,#5556,#5557,#5558,#5559,#5560,#5561,#5562,#5563,#5564,
#5565,#5566,#5567,#5568,#5569,#5570,#5571,#5572,#5573,#5574,#5575,#5576,
#5577,#5578),.UNSPECIFIED.,.F.,.F.,(4,1,1,1,1,1,1,1,1,1,1,1,1,1,1,1,1,1,
1,1,1,1,1,1,1,1,1,1,1,4),(0.,0.0905435754010976,0.101309272835279,0.115207725714168,
0.13165259603783,0.150299325856982,0.17091406108236,0.193324640843059,0.217397464998304,
0.243024943237999,0.270118012820405,0.298601362309559,0.328410219668281,
0.359488101772539,0.391785184229787,0.425257087589203,0.45986395242589,
0.4955697204922,0.532341566415862,0.570149441681501,0.608965703886983,0.648764811805834,
0.689523071958751,0.731218426019739,0.77383027096769,0.817339305770613,
0.861727399772386,0.90697747898504,0.953073427271242,0.968217322901947),
 .UNSPECIFIED.);
#99=B_SPLINE_CURVE_WITH_KNOTS('',3,(#5579,#5580,#5581,#5582,#5583,#5584,
#5585,#5586,#5587,#5588,#5589,#5590,#5591,#5592,#5593,#5594,#5595,#5596,
#5597,#5598,#5599,#5600,#5601,#5602,#5603,#5604,#5605,#5606,#5607,#5608,
#5609,#5610),.UNSPECIFIED.,.F.,.F.,(4,1,1,1,1,1,1,1,1,1,1,1,1,1,1,1,1,1,
1,1,1,1,1,1,1,1,1,1,1,4),(0.,0.0905435754010976,0.101309272835279,0.115207725714168,
0.13165259603783,0.150299325856982,0.17091406108236,0.193324640843059,0.217397464998304,
0.243024943237999,0.270118012820405,0.298601362309559,0.328410219668281,
0.359488101772539,0.391785184229787,0.425257087589203,0.45986395242589,
0.4955697204922,0.532341566415862,0.570149441681501,0.608965703886983,0.648764811805834,
0.689523071958751,0.731218426019739,0.77383027096769,0.817339305770613,
0.861727399772386,0.90697747898504,0.953073427271242,0.968217322901947),
 .UNSPECIFIED.);
#100=B_SPLINE_CURVE_WITH_KNOTS('',3,(#5618,#5619,#5620,#5621,#5622,#5623,
#5624,#5625,#5626,#5627,#5628,#5629,#5630,#5631,#5632,#5633,#5634,#5635,
#5636,#5637,#5638,#5639,#5640,#5641,#5642,#5643,#5644,#5645,#5646,#5647,
#5648,#5649),.UNSPECIFIED.,.F.,.F.,(4,1,1,1,1,1,1,1,1,1,1,1,1,1,1,1,1,1,
1,1,1,1,1,1,1,1,1,1,1,4),(0.,0.0905435754010976,0.101309272835279,0.115207725714168,
0.13165259603783,0.150299325856982,0.17091406108236,0.193324640843059,0.217397464998304,
0.243024943237999,0.270118012820405,0.298601362309559,0.328410219668281,
0.359488101772539,0.391785184229787,0.425257087589203,0.45986395242589,
0.4955697204922,0.532341566415862,0.570149441681501,0.608965703886983,0.648764811805834,
0.689523071958751,0.731218426019739,0.77383027096769,0.817339305770613,
0.861727399772386,0.90697747898504,0.953073427271242,0.968217322901947),
 .UNSPECIFIED.);
#101=B_SPLINE_CURVE_WITH_KNOTS('',3,(#5650,#5651,#5652,#5653,#5654,#5655,
#5656,#5657,#5658,#5659,#5660,#5661,#5662,#5663,#5664,#5665,#5666,#5667,
#5668,#5669,#5670,#5671,#5672,#5673,#5674,#5675,#5676,#5677,#5678,#5679,
#5680,#5681),.UNSPECIFIED.,.F.,.F.,(4,1,1,1,1,1,1,1,1,1,1,1,1,1,1,1,1,1,
1,1,1,1,1,1,1,1,1,1,1,4),(0.,0.0905435754010976,0.101309272835279,0.115207725714168,
0.13165259603783,0.150299325856982,0.17091406108236,0.193324640843059,0.217397464998304,
0.243024943237999,0.270118012820405,0.298601362309559,0.328410219668281,
0.359488101772539,0.391785184229787,0.425257087589203,0.45986395242589,
0.4955697204922,0.532341566415862,0.570149441681501,0.608965703886983,0.648764811805834,
0.689523071958751,0.731218426019739,0.77383027096769,0.817339305770613,
0.861727399772386,0.90697747898504,0.953073427271242,0.968217322901947),
 .UNSPECIFIED.);
#102=B_SPLINE_CURVE_WITH_KNOTS('',3,(#5689,#5690,#5691,#5692,#5693,#5694,
#5695,#5696,#5697,#5698,#5699,#5700,#5701,#5702,#5703,#5704,#5705,#5706,
#5707,#5708,#5709,#5710,#5711,#5712,#5713,#5714,#5715,#5716,#5717,#5718,
#5719,#5720),.UNSPECIFIED.,.F.,.F.,(4,1,1,1,1,1,1,1,1,1,1,1,1,1,1,1,1,1,
1,1,1,1,1,1,1,1,1,1,1,4),(0.,0.0905435754010976,0.101309272835279,0.115207725714168,
0.13165259603783,0.150299325856982,0.17091406108236,0.193324640843059,0.217397464998304,
0.243024943237999,0.270118012820405,0.298601362309559,0.328410219668281,
0.359488101772539,0.391785184229787,0.425257087589203,0.45986395242589,
0.4955697204922,0.532341566415862,0.570149441681501,0.608965703886983,0.648764811805834,
0.689523071958751,0.731218426019739,0.77383027096769,0.817339305770613,
0.861727399772386,0.90697747898504,0.953073427271242,0.968217322901947),
 .UNSPECIFIED.);
#103=B_SPLINE_CURVE_WITH_KNOTS('',3,(#5721,#5722,#5723,#5724,#5725,#5726,
#5727,#5728,#5729,#5730,#5731,#5732,#5733,#5734,#5735,#5736,#5737,#5738,
#5739,#5740,#5741,#5742,#5743,#5744,#5745,#5746,#5747,#5748,#5749,#5750,
#5751,#5752),.UNSPECIFIED.,.F.,.F.,(4,1,1,1,1,1,1,1,1,1,1,1,1,1,1,1,1,1,
1,1,1,1,1,1,1,1,1,1,1,4),(0.,0.0905435754010976,0.101309272835279,0.115207725714168,
0.13165259603783,0.150299325856982,0.17091406108236,0.193324640843059,0.217397464998304,
0.243024943237999,0.270118012820405,0.298601362309559,0.328410219668281,
0.359488101772539,0.391785184229787,0.425257087589203,0.45986395242589,
0.4955697204922,0.532341566415862,0.570149441681501,0.608965703886983,0.648764811805834,
0.689523071958751,0.731218426019739,0.77383027096769,0.817339305770613,
0.861727399772386,0.90697747898504,0.953073427271242,0.968217322901947),
 .UNSPECIFIED.);
#104=B_SPLINE_CURVE_WITH_KNOTS('',3,(#5760,#5761,#5762,#5763,#5764,#5765,
#5766,#5767,#5768,#5769,#5770,#5771,#5772,#5773,#5774,#5775,#5776,#5777,
#5778,#5779,#5780,#5781,#5782,#5783,#5784,#5785,#5786,#5787,#5788,#5789,
#5790,#5791),.UNSPECIFIED.,.F.,.F.,(4,1,1,1,1,1,1,1,1,1,1,1,1,1,1,1,1,1,
1,1,1,1,1,1,1,1,1,1,1,4),(0.,0.0905435754010976,0.101309272835279,0.115207725714168,
0.13165259603783,0.150299325856982,0.17091406108236,0.193324640843059,0.217397464998304,
0.243024943237999,0.270118012820405,0.298601362309559,0.328410219668281,
0.359488101772539,0.391785184229787,0.425257087589203,0.45986395242589,
0.4955697204922,0.532341566415862,0.570149441681501,0.608965703886983,0.648764811805834,
0.689523071958751,0.731218426019739,0.77383027096769,0.817339305770613,
0.861727399772386,0.90697747898504,0.953073427271242,0.968217322901947),
 .UNSPECIFIED.);
#105=B_SPLINE_CURVE_WITH_KNOTS('',3,(#5792,#5793,#5794,#5795,#5796,#5797,
#5798,#5799,#5800,#5801,#5802,#5803,#5804,#5805,#5806,#5807,#5808,#5809,
#5810,#5811,#5812,#5813,#5814,#5815,#5816,#5817,#5818,#5819,#5820,#5821,
#5822,#5823),.UNSPECIFIED.,.F.,.F.,(4,1,1,1,1,1,1,1,1,1,1,1,1,1,1,1,1,1,
1,1,1,1,1,1,1,1,1,1,1,4),(0.,0.0905435754010976,0.101309272835279,0.115207725714168,
0.13165259603783,0.150299325856982,0.17091406108236,0.193324640843059,0.217397464998304,
0.243024943237999,0.270118012820405,0.298601362309559,0.328410219668281,
0.359488101772539,0.391785184229787,0.425257087589203,0.45986395242589,
0.4955697204922,0.532341566415862,0.570149441681501,0.608965703886983,0.648764811805834,
0.689523071958751,0.731218426019739,0.77383027096769,0.817339305770613,
0.861727399772386,0.90697747898504,0.953073427271242,0.968217322901947),
 .UNSPECIFIED.);
#106=B_SPLINE_CURVE_WITH_KNOTS('',3,(#5831,#5832,#5833,#5834,#5835,#5836,
#5837,#5838,#5839,#5840,#5841,#5842,#5843,#5844,#5845,#5846,#5847,#5848,
#5849,#5850,#5851,#5852,#5853,#5854,#5855,#5856,#5857,#5858,#5859,#5860,
#5861,#5862),.UNSPECIFIED.,.F.,.F.,(4,1,1,1,1,1,1,1,1,1,1,1,1,1,1,1,1,1,
1,1,1,1,1,1,1,1,1,1,1,4),(0.,0.0905435754010976,0.101309272835279,0.115207725714168,
0.13165259603783,0.150299325856982,0.17091406108236,0.193324640843059,0.217397464998304,
0.243024943237999,0.270118012820405,0.298601362309559,0.328410219668281,
0.359488101772539,0.391785184229787,0.425257087589203,0.45986395242589,
0.4955697204922,0.532341566415862,0.570149441681501,0.608965703886983,0.648764811805834,
0.689523071958751,0.731218426019739,0.77383027096769,0.817339305770613,
0.861727399772386,0.90697747898504,0.953073427271242,0.968217322901947),
 .UNSPECIFIED.);
#107=B_SPLINE_CURVE_WITH_KNOTS('',3,(#5863,#5864,#5865,#5866,#5867,#5868,
#5869,#5870,#5871,#5872,#5873,#5874,#5875,#5876,#5877,#5878,#5879,#5880,
#5881,#5882,#5883,#5884,#5885,#5886,#5887,#5888,#5889,#5890,#5891,#5892,
#5893,#5894),.UNSPECIFIED.,.F.,.F.,(4,1,1,1,1,1,1,1,1,1,1,1,1,1,1,1,1,1,
1,1,1,1,1,1,1,1,1,1,1,4),(0.,0.0905435754010976,0.101309272835279,0.115207725714168,
0.13165259603783,0.150299325856982,0.17091406108236,0.193324640843059,0.217397464998304,
0.243024943237999,0.270118012820405,0.298601362309559,0.328410219668281,
0.359488101772539,0.391785184229787,0.425257087589203,0.45986395242589,
0.4955697204922,0.532341566415862,0.570149441681501,0.608965703886983,0.648764811805834,
0.689523071958751,0.731218426019739,0.77383027096769,0.817339305770613,
0.861727399772386,0.90697747898504,0.953073427271242,0.968217322901947),
 .UNSPECIFIED.);
#108=B_SPLINE_CURVE_WITH_KNOTS('',3,(#5902,#5903,#5904,#5905,#5906,#5907,
#5908,#5909,#5910,#5911,#5912,#5913,#5914,#5915,#5916,#5917,#5918,#5919,
#5920,#5921,#5922,#5923,#5924,#5925,#5926,#5927,#5928,#5929,#5930,#5931,
#5932,#5933),.UNSPECIFIED.,.F.,.F.,(4,1,1,1,1,1,1,1,1,1,1,1,1,1,1,1,1,1,
1,1,1,1,1,1,1,1,1,1,1,4),(0.,0.0905435754010976,0.101309272835279,0.115207725714168,
0.13165259603783,0.150299325856982,0.17091406108236,0.193324640843059,0.217397464998304,
0.243024943237999,0.270118012820405,0.298601362309559,0.328410219668281,
0.359488101772539,0.391785184229787,0.425257087589203,0.45986395242589,
0.4955697204922,0.532341566415862,0.570149441681501,0.608965703886983,0.648764811805834,
0.689523071958751,0.731218426019739,0.77383027096769,0.817339305770613,
0.861727399772386,0.90697747898504,0.953073427271242,0.968217322901947),
 .UNSPECIFIED.);
#109=B_SPLINE_CURVE_WITH_KNOTS('',3,(#5934,#5935,#5936,#5937,#5938,#5939,
#5940,#5941,#5942,#5943,#5944,#5945,#5946,#5947,#5948,#5949,#5950,#5951,
#5952,#5953,#5954,#5955,#5956,#5957,#5958,#5959,#5960,#5961,#5962,#5963,
#5964,#5965),.UNSPECIFIED.,.F.,.F.,(4,1,1,1,1,1,1,1,1,1,1,1,1,1,1,1,1,1,
1,1,1,1,1,1,1,1,1,1,1,4),(0.,0.0905435754010976,0.101309272835279,0.115207725714168,
0.13165259603783,0.150299325856982,0.17091406108236,0.193324640843059,0.217397464998304,
0.243024943237999,0.270118012820405,0.298601362309559,0.328410219668281,
0.359488101772539,0.391785184229787,0.425257087589203,0.45986395242589,
0.4955697204922,0.532341566415862,0.570149441681501,0.608965703886983,0.648764811805834,
0.689523071958751,0.731218426019739,0.77383027096769,0.817339305770613,
0.861727399772386,0.90697747898504,0.953073427271242,0.968217322901947),
 .UNSPECIFIED.);
#110=B_SPLINE_CURVE_WITH_KNOTS('',3,(#5973,#5974,#5975,#5976,#5977,#5978,
#5979,#5980,#5981,#5982,#5983,#5984,#5985,#5986,#5987,#5988,#5989,#5990,
#5991,#5992,#5993,#5994,#5995,#5996,#5997,#5998,#5999,#6000,#6001,#6002,
#6003,#6004),.UNSPECIFIED.,.F.,.F.,(4,1,1,1,1,1,1,1,1,1,1,1,1,1,1,1,1,1,
1,1,1,1,1,1,1,1,1,1,1,4),(0.,0.0905435754010976,0.101309272835279,0.115207725714168,
0.13165259603783,0.150299325856982,0.17091406108236,0.193324640843059,0.217397464998304,
0.243024943237999,0.270118012820405,0.298601362309559,0.328410219668281,
0.359488101772539,0.391785184229787,0.425257087589203,0.45986395242589,
0.4955697204922,0.532341566415862,0.570149441681501,0.608965703886983,0.648764811805834,
0.689523071958751,0.731218426019739,0.77383027096769,0.817339305770613,
0.861727399772386,0.90697747898504,0.953073427271242,0.968217322901947),
 .UNSPECIFIED.);
#111=B_SPLINE_CURVE_WITH_KNOTS('',3,(#6005,#6006,#6007,#6008,#6009,#6010,
#6011,#6012,#6013,#6014,#6015,#6016,#6017,#6018,#6019,#6020,#6021,#6022,
#6023,#6024,#6025,#6026,#6027,#6028,#6029,#6030,#6031,#6032,#6033,#6034,
#6035,#6036),.UNSPECIFIED.,.F.,.F.,(4,1,1,1,1,1,1,1,1,1,1,1,1,1,1,1,1,1,
1,1,1,1,1,1,1,1,1,1,1,4),(0.,0.0905435754010976,0.101309272835279,0.115207725714168,
0.13165259603783,0.150299325856982,0.17091406108236,0.193324640843059,0.217397464998304,
0.243024943237999,0.270118012820405,0.298601362309559,0.328410219668281,
0.359488101772539,0.391785184229787,0.425257087589203,0.45986395242589,
0.4955697204922,0.532341566415862,0.570149441681501,0.608965703886983,0.648764811805834,
0.689523071958751,0.731218426019739,0.77383027096769,0.817339305770613,
0.861727399772386,0.90697747898504,0.953073427271242,0.968217322901947),
 .UNSPECIFIED.);
#112=B_SPLINE_CURVE_WITH_KNOTS('',3,(#6053,#6054,#6055,#6056,#6057,#6058,
#6059,#6060,#6061,#6062,#6063,#6064,#6065,#6066,#6067,#6068,#6069,#6070,
#6071,#6072,#6073,#6074,#6075,#6076,#6077,#6078,#6079,#6080,#6081,#6082,
#6083,#6084),.UNSPECIFIED.,.F.,.F.,(4,1,1,1,1,1,1,1,1,1,1,1,1,1,1,1,1,1,
1,1,1,1,1,1,1,1,1,1,1,4),(0.,0.0905435754010976,0.101309272835279,0.115207725714168,
0.13165259603783,0.150299325856982,0.17091406108236,0.193324640843059,0.217397464998304,
0.243024943237999,0.270118012820405,0.298601362309559,0.328410219668281,
0.359488101772539,0.391785184229787,0.425257087589203,0.45986395242589,
0.4955697204922,0.532341566415862,0.570149441681501,0.608965703886983,0.648764811805834,
0.689523071958751,0.731218426019739,0.77383027096769,0.817339305770613,
0.861727399772386,0.90697747898504,0.953073427271242,0.968217322901947),
 .UNSPECIFIED.);
#113=B_SPLINE_CURVE_WITH_KNOTS('',3,(#6085,#6086,#6087,#6088,#6089,#6090,
#6091,#6092,#6093,#6094,#6095,#6096,#6097,#6098,#6099,#6100,#6101,#6102,
#6103,#6104,#6105,#6106,#6107,#6108,#6109,#6110,#6111,#6112,#6113,#6114,
#6115,#6116),.UNSPECIFIED.,.F.,.F.,(4,1,1,1,1,1,1,1,1,1,1,1,1,1,1,1,1,1,
1,1,1,1,1,1,1,1,1,1,1,4),(0.,0.0905435754010976,0.101309272835279,0.115207725714168,
0.13165259603783,0.150299325856982,0.17091406108236,0.193324640843059,0.217397464998304,
0.243024943237999,0.270118012820405,0.298601362309559,0.328410219668281,
0.359488101772539,0.391785184229787,0.425257087589203,0.45986395242589,
0.4955697204922,0.532341566415862,0.570149441681501,0.608965703886983,0.648764811805834,
0.689523071958751,0.731218426019739,0.77383027096769,0.817339305770613,
0.861727399772386,0.90697747898504,0.953073427271242,0.968217322901947),
 .UNSPECIFIED.);
#114=B_SPLINE_CURVE_WITH_KNOTS('',3,(#6124,#6125,#6126,#6127,#6128,#6129,
#6130,#6131,#6132,#6133,#6134,#6135,#6136,#6137,#6138,#6139,#6140,#6141,
#6142,#6143,#6144,#6145,#6146,#6147,#6148,#6149,#6150,#6151,#6152,#6153,
#6154,#6155),.UNSPECIFIED.,.F.,.F.,(4,1,1,1,1,1,1,1,1,1,1,1,1,1,1,1,1,1,
1,1,1,1,1,1,1,1,1,1,1,4),(0.,0.0905435754010976,0.101309272835279,0.115207725714168,
0.13165259603783,0.150299325856982,0.17091406108236,0.193324640843059,0.217397464998304,
0.243024943237999,0.270118012820405,0.298601362309559,0.328410219668281,
0.359488101772539,0.391785184229787,0.425257087589203,0.45986395242589,
0.4955697204922,0.532341566415862,0.570149441681501,0.608965703886983,0.648764811805834,
0.689523071958751,0.731218426019739,0.77383027096769,0.817339305770613,
0.861727399772386,0.90697747898504,0.953073427271242,0.968217322901947),
 .UNSPECIFIED.);
#115=B_SPLINE_CURVE_WITH_KNOTS('',3,(#6156,#6157,#6158,#6159,#6160,#6161,
#6162,#6163,#6164,#6165,#6166,#6167,#6168,#6169,#6170,#6171,#6172,#6173,
#6174,#6175,#6176,#6177,#6178,#6179,#6180,#6181,#6182,#6183,#6184,#6185,
#6186,#6187),.UNSPECIFIED.,.F.,.F.,(4,1,1,1,1,1,1,1,1,1,1,1,1,1,1,1,1,1,
1,1,1,1,1,1,1,1,1,1,1,4),(0.,0.0905435754010976,0.101309272835279,0.115207725714168,
0.13165259603783,0.150299325856982,0.17091406108236,0.193324640843059,0.217397464998304,
0.243024943237999,0.270118012820405,0.298601362309559,0.328410219668281,
0.359488101772539,0.391785184229787,0.425257087589203,0.45986395242589,
0.4955697204922,0.532341566415862,0.570149441681501,0.608965703886983,0.648764811805834,
0.689523071958751,0.731218426019739,0.77383027096769,0.817339305770613,
0.861727399772386,0.90697747898504,0.953073427271242,0.968217322901947),
 .UNSPECIFIED.);
#116=B_SPLINE_CURVE_WITH_KNOTS('',3,(#6195,#6196,#6197,#6198,#6199,#6200,
#6201,#6202,#6203,#6204,#6205,#6206,#6207,#6208,#6209,#6210,#6211,#6212,
#6213,#6214,#6215,#6216,#6217,#6218,#6219,#6220,#6221,#6222,#6223,#6224,
#6225,#6226),.UNSPECIFIED.,.F.,.F.,(4,1,1,1,1,1,1,1,1,1,1,1,1,1,1,1,1,1,
1,1,1,1,1,1,1,1,1,1,1,4),(0.,0.0905435754010976,0.101309272835279,0.115207725714168,
0.13165259603783,0.150299325856982,0.17091406108236,0.193324640843059,0.217397464998304,
0.243024943237999,0.270118012820405,0.298601362309559,0.328410219668281,
0.359488101772539,0.391785184229787,0.425257087589203,0.45986395242589,
0.4955697204922,0.532341566415862,0.570149441681501,0.608965703886983,0.648764811805834,
0.689523071958751,0.731218426019739,0.77383027096769,0.817339305770613,
0.861727399772386,0.90697747898504,0.953073427271242,0.968217322901947),
 .UNSPECIFIED.);
#117=B_SPLINE_CURVE_WITH_KNOTS('',3,(#6227,#6228,#6229,#6230,#6231,#6232,
#6233,#6234,#6235,#6236,#6237,#6238,#6239,#6240,#6241,#6242,#6243,#6244,
#6245,#6246,#6247,#6248,#6249,#6250,#6251,#6252,#6253,#6254,#6255,#6256,
#6257,#6258),.UNSPECIFIED.,.F.,.F.,(4,1,1,1,1,1,1,1,1,1,1,1,1,1,1,1,1,1,
1,1,1,1,1,1,1,1,1,1,1,4),(0.,0.0905435754010976,0.101309272835279,0.115207725714168,
0.13165259603783,0.150299325856982,0.17091406108236,0.193324640843059,0.217397464998304,
0.243024943237999,0.270118012820405,0.298601362309559,0.328410219668281,
0.359488101772539,0.391785184229787,0.425257087589203,0.45986395242589,
0.4955697204922,0.532341566415862,0.570149441681501,0.608965703886983,0.648764811805834,
0.689523071958751,0.731218426019739,0.77383027096769,0.817339305770613,
0.861727399772386,0.90697747898504,0.953073427271242,0.968217322901947),
 .UNSPECIFIED.);
#118=B_SPLINE_CURVE_WITH_KNOTS('',3,(#6266,#6267,#6268,#6269,#6270,#6271,
#6272,#6273,#6274,#6275,#6276,#6277,#6278,#6279,#6280,#6281,#6282,#6283,
#6284,#6285,#6286,#6287,#6288,#6289,#6290,#6291,#6292,#6293,#6294,#6295,
#6296,#6297),.UNSPECIFIED.,.F.,.F.,(4,1,1,1,1,1,1,1,1,1,1,1,1,1,1,1,1,1,
1,1,1,1,1,1,1,1,1,1,1,4),(0.,0.0905435754010976,0.101309272835279,0.115207725714168,
0.13165259603783,0.150299325856982,0.17091406108236,0.193324640843059,0.217397464998304,
0.243024943237999,0.270118012820405,0.298601362309559,0.328410219668281,
0.359488101772539,0.391785184229787,0.425257087589203,0.45986395242589,
0.4955697204922,0.532341566415862,0.570149441681501,0.608965703886983,0.648764811805834,
0.689523071958751,0.731218426019739,0.77383027096769,0.817339305770613,
0.861727399772386,0.90697747898504,0.953073427271242,0.968217322901947),
 .UNSPECIFIED.);
#119=B_SPLINE_CURVE_WITH_KNOTS('',3,(#6298,#6299,#6300,#6301,#6302,#6303,
#6304,#6305,#6306,#6307,#6308,#6309,#6310,#6311,#6312,#6313,#6314,#6315,
#6316,#6317,#6318,#6319,#6320,#6321,#6322,#6323,#6324,#6325,#6326,#6327,
#6328,#6329),.UNSPECIFIED.,.F.,.F.,(4,1,1,1,1,1,1,1,1,1,1,1,1,1,1,1,1,1,
1,1,1,1,1,1,1,1,1,1,1,4),(0.,0.0905435754010976,0.101309272835279,0.115207725714168,
0.13165259603783,0.150299325856982,0.17091406108236,0.193324640843059,0.217397464998304,
0.243024943237999,0.270118012820405,0.298601362309559,0.328410219668281,
0.359488101772539,0.391785184229787,0.425257087589203,0.45986395242589,
0.4955697204922,0.532341566415862,0.570149441681501,0.608965703886983,0.648764811805834,
0.689523071958751,0.731218426019739,0.77383027096769,0.817339305770613,
0.861727399772386,0.90697747898504,0.953073427271242,0.968217322901947),
 .UNSPECIFIED.);
#120=B_SPLINE_CURVE_WITH_KNOTS('',3,(#6337,#6338,#6339,#6340,#6341,#6342,
#6343,#6344,#6345,#6346,#6347,#6348,#6349,#6350,#6351,#6352,#6353,#6354,
#6355,#6356,#6357,#6358,#6359,#6360,#6361,#6362,#6363,#6364,#6365,#6366,
#6367,#6368),.UNSPECIFIED.,.F.,.F.,(4,1,1,1,1,1,1,1,1,1,1,1,1,1,1,1,1,1,
1,1,1,1,1,1,1,1,1,1,1,4),(0.,0.0905435754010976,0.101309272835279,0.115207725714168,
0.13165259603783,0.150299325856982,0.17091406108236,0.193324640843059,0.217397464998304,
0.243024943237999,0.270118012820405,0.298601362309559,0.328410219668281,
0.359488101772539,0.391785184229787,0.425257087589203,0.45986395242589,
0.4955697204922,0.532341566415862,0.570149441681501,0.608965703886983,0.648764811805834,
0.689523071958751,0.731218426019739,0.77383027096769,0.817339305770613,
0.861727399772386,0.90697747898504,0.953073427271242,0.968217322901947),
 .UNSPECIFIED.);
#121=B_SPLINE_CURVE_WITH_KNOTS('',3,(#6369,#6370,#6371,#6372,#6373,#6374,
#6375,#6376,#6377,#6378,#6379,#6380,#6381,#6382,#6383,#6384,#6385,#6386,
#6387,#6388,#6389,#6390,#6391,#6392,#6393,#6394,#6395,#6396,#6397,#6398,
#6399,#6400),.UNSPECIFIED.,.F.,.F.,(4,1,1,1,1,1,1,1,1,1,1,1,1,1,1,1,1,1,
1,1,1,1,1,1,1,1,1,1,1,4),(0.,0.0905435754010976,0.101309272835279,0.115207725714168,
0.13165259603783,0.150299325856982,0.17091406108236,0.193324640843059,0.217397464998304,
0.243024943237999,0.270118012820405,0.298601362309559,0.328410219668281,
0.359488101772539,0.391785184229787,0.425257087589203,0.45986395242589,
0.4955697204922,0.532341566415862,0.570149441681501,0.608965703886983,0.648764811805834,
0.689523071958751,0.731218426019739,0.77383027096769,0.817339305770613,
0.861727399772386,0.90697747898504,0.953073427271242,0.968217322901947),
 .UNSPECIFIED.);
#122=B_SPLINE_CURVE_WITH_KNOTS('',3,(#6408,#6409,#6410,#6411,#6412,#6413,
#6414,#6415,#6416,#6417,#6418,#6419,#6420,#6421,#6422,#6423,#6424,#6425,
#6426,#6427,#6428,#6429,#6430,#6431,#6432,#6433,#6434,#6435,#6436,#6437,
#6438,#6439),.UNSPECIFIED.,.F.,.F.,(4,1,1,1,1,1,1,1,1,1,1,1,1,1,1,1,1,1,
1,1,1,1,1,1,1,1,1,1,1,4),(0.,0.0905435754010976,0.101309272835279,0.115207725714168,
0.13165259603783,0.150299325856982,0.17091406108236,0.193324640843059,0.217397464998304,
0.243024943237999,0.270118012820405,0.298601362309559,0.328410219668281,
0.359488101772539,0.391785184229787,0.425257087589203,0.45986395242589,
0.4955697204922,0.532341566415862,0.570149441681501,0.608965703886983,0.648764811805834,
0.689523071958751,0.731218426019739,0.77383027096769,0.817339305770613,
0.861727399772386,0.90697747898504,0.953073427271242,0.968217322901947),
 .UNSPECIFIED.);
#123=B_SPLINE_CURVE_WITH_KNOTS('',3,(#6440,#6441,#6442,#6443,#6444,#6445,
#6446,#6447,#6448,#6449,#6450,#6451,#6452,#6453,#6454,#6455,#6456,#6457,
#6458,#6459,#6460,#6461,#6462,#6463,#6464,#6465,#6466,#6467,#6468,#6469,
#6470,#6471),.UNSPECIFIED.,.F.,.F.,(4,1,1,1,1,1,1,1,1,1,1,1,1,1,1,1,1,1,
1,1,1,1,1,1,1,1,1,1,1,4),(0.,0.0905435754010976,0.101309272835279,0.115207725714168,
0.13165259603783,0.150299325856982,0.17091406108236,0.193324640843059,0.217397464998304,
0.243024943237999,0.270118012820405,0.298601362309559,0.328410219668281,
0.359488101772539,0.391785184229787,0.425257087589203,0.45986395242589,
0.4955697204922,0.532341566415862,0.570149441681501,0.608965703886983,0.648764811805834,
0.689523071958751,0.731218426019739,0.77383027096769,0.817339305770613,
0.861727399772386,0.90697747898504,0.953073427271242,0.968217322901947),
 .UNSPECIFIED.);
#124=B_SPLINE_CURVE_WITH_KNOTS('',3,(#6479,#6480,#6481,#6482,#6483,#6484,
#6485,#6486,#6487,#6488,#6489,#6490,#6491,#6492,#6493,#6494,#6495,#6496,
#6497,#6498,#6499,#6500,#6501,#6502,#6503,#6504,#6505,#6506,#6507,#6508,
#6509,#6510),.UNSPECIFIED.,.F.,.F.,(4,1,1,1,1,1,1,1,1,1,1,1,1,1,1,1,1,1,
1,1,1,1,1,1,1,1,1,1,1,4),(0.,0.0905435754010976,0.101309272835279,0.115207725714168,
0.13165259603783,0.150299325856982,0.17091406108236,0.193324640843059,0.217397464998304,
0.243024943237999,0.270118012820405,0.298601362309559,0.328410219668281,
0.359488101772539,0.391785184229787,0.425257087589203,0.45986395242589,
0.4955697204922,0.532341566415862,0.570149441681501,0.608965703886983,0.648764811805834,
0.689523071958751,0.731218426019739,0.77383027096769,0.817339305770613,
0.861727399772386,0.90697747898504,0.953073427271242,0.968217322901947),
 .UNSPECIFIED.);
#125=B_SPLINE_CURVE_WITH_KNOTS('',3,(#6511,#6512,#6513,#6514,#6515,#6516,
#6517,#6518,#6519,#6520,#6521,#6522,#6523,#6524,#6525,#6526,#6527,#6528,
#6529,#6530,#6531,#6532,#6533,#6534,#6535,#6536,#6537,#6538,#6539,#6540,
#6541,#6542),.UNSPECIFIED.,.F.,.F.,(4,1,1,1,1,1,1,1,1,1,1,1,1,1,1,1,1,1,
1,1,1,1,1,1,1,1,1,1,1,4),(0.,0.0905435754010976,0.101309272835279,0.115207725714168,
0.13165259603783,0.150299325856982,0.17091406108236,0.193324640843059,0.217397464998304,
0.243024943237999,0.270118012820405,0.298601362309559,0.328410219668281,
0.359488101772539,0.391785184229787,0.425257087589203,0.45986395242589,
0.4955697204922,0.532341566415862,0.570149441681501,0.608965703886983,0.648764811805834,
0.689523071958751,0.731218426019739,0.77383027096769,0.817339305770613,
0.861727399772386,0.90697747898504,0.953073427271242,0.968217322901947),
 .UNSPECIFIED.);
#126=B_SPLINE_CURVE_WITH_KNOTS('',3,(#6550,#6551,#6552,#6553,#6554,#6555,
#6556,#6557,#6558,#6559,#6560,#6561,#6562,#6563,#6564,#6565,#6566,#6567,
#6568,#6569,#6570,#6571,#6572,#6573,#6574,#6575,#6576,#6577,#6578,#6579,
#6580,#6581),.UNSPECIFIED.,.F.,.F.,(4,1,1,1,1,1,1,1,1,1,1,1,1,1,1,1,1,1,
1,1,1,1,1,1,1,1,1,1,1,4),(0.,0.0905435754010976,0.101309272835279,0.115207725714168,
0.13165259603783,0.150299325856982,0.17091406108236,0.193324640843059,0.217397464998304,
0.243024943237999,0.270118012820405,0.298601362309559,0.328410219668281,
0.359488101772539,0.391785184229787,0.425257087589203,0.45986395242589,
0.4955697204922,0.532341566415862,0.570149441681501,0.608965703886983,0.648764811805834,
0.689523071958751,0.731218426019739,0.77383027096769,0.817339305770613,
0.861727399772386,0.90697747898504,0.953073427271242,0.968217322901947),
 .UNSPECIFIED.);
#127=B_SPLINE_CURVE_WITH_KNOTS('',3,(#6582,#6583,#6584,#6585,#6586,#6587,
#6588,#6589,#6590,#6591,#6592,#6593,#6594,#6595,#6596,#6597,#6598,#6599,
#6600,#6601,#6602,#6603,#6604,#6605,#6606,#6607,#6608,#6609,#6610,#6611,
#6612,#6613),.UNSPECIFIED.,.F.,.F.,(4,1,1,1,1,1,1,1,1,1,1,1,1,1,1,1,1,1,
1,1,1,1,1,1,1,1,1,1,1,4),(0.,0.0905435754010976,0.101309272835279,0.115207725714168,
0.13165259603783,0.150299325856982,0.17091406108236,0.193324640843059,0.217397464998304,
0.243024943237999,0.270118012820405,0.298601362309559,0.328410219668281,
0.359488101772539,0.391785184229787,0.425257087589203,0.45986395242589,
0.4955697204922,0.532341566415862,0.570149441681501,0.608965703886983,0.648764811805834,
0.689523071958751,0.731218426019739,0.77383027096769,0.817339305770613,
0.861727399772386,0.90697747898504,0.953073427271242,0.968217322901947),
 .UNSPECIFIED.);
#128=B_SPLINE_CURVE_WITH_KNOTS('',3,(#6621,#6622,#6623,#6624,#6625,#6626,
#6627,#6628,#6629,#6630,#6631,#6632,#6633,#6634,#6635,#6636,#6637,#6638,
#6639,#6640,#6641,#6642,#6643,#6644,#6645,#6646,#6647,#6648,#6649,#6650,
#6651,#6652),.UNSPECIFIED.,.F.,.F.,(4,1,1,1,1,1,1,1,1,1,1,1,1,1,1,1,1,1,
1,1,1,1,1,1,1,1,1,1,1,4),(0.,0.0905435754010976,0.101309272835279,0.115207725714168,
0.13165259603783,0.150299325856982,0.17091406108236,0.193324640843059,0.217397464998304,
0.243024943237999,0.270118012820405,0.298601362309559,0.328410219668281,
0.359488101772539,0.391785184229787,0.425257087589203,0.45986395242589,
0.4955697204922,0.532341566415862,0.570149441681501,0.608965703886983,0.648764811805834,
0.689523071958751,0.731218426019739,0.77383027096769,0.817339305770613,
0.861727399772386,0.90697747898504,0.953073427271242,0.968217322901947),
 .UNSPECIFIED.);
#129=B_SPLINE_CURVE_WITH_KNOTS('',3,(#6653,#6654,#6655,#6656,#6657,#6658,
#6659,#6660,#6661,#6662,#6663,#6664,#6665,#6666,#6667,#6668,#6669,#6670,
#6671,#6672,#6673,#6674,#6675,#6676,#6677,#6678,#6679,#6680,#6681,#6682,
#6683,#6684),.UNSPECIFIED.,.F.,.F.,(4,1,1,1,1,1,1,1,1,1,1,1,1,1,1,1,1,1,
1,1,1,1,1,1,1,1,1,1,1,4),(0.,0.0905435754010976,0.101309272835279,0.115207725714168,
0.13165259603783,0.150299325856982,0.17091406108236,0.193324640843059,0.217397464998304,
0.243024943237999,0.270118012820405,0.298601362309559,0.328410219668281,
0.359488101772539,0.391785184229787,0.425257087589203,0.45986395242589,
0.4955697204922,0.532341566415862,0.570149441681501,0.608965703886983,0.648764811805834,
0.689523071958751,0.731218426019739,0.77383027096769,0.817339305770613,
0.861727399772386,0.90697747898504,0.953073427271242,0.968217322901947),
 .UNSPECIFIED.);
#130=B_SPLINE_CURVE_WITH_KNOTS('',3,(#6692,#6693,#6694,#6695,#6696,#6697,
#6698,#6699,#6700,#6701,#6702,#6703,#6704,#6705,#6706,#6707,#6708,#6709,
#6710,#6711,#6712,#6713,#6714,#6715,#6716,#6717,#6718,#6719,#6720,#6721,
#6722,#6723),.UNSPECIFIED.,.F.,.F.,(4,1,1,1,1,1,1,1,1,1,1,1,1,1,1,1,1,1,
1,1,1,1,1,1,1,1,1,1,1,4),(0.,0.0905435754010976,0.101309272835279,0.115207725714168,
0.13165259603783,0.150299325856982,0.17091406108236,0.193324640843059,0.217397464998304,
0.243024943237999,0.270118012820405,0.298601362309559,0.328410219668281,
0.359488101772539,0.391785184229787,0.425257087589203,0.45986395242589,
0.4955697204922,0.532341566415862,0.570149441681501,0.608965703886983,0.648764811805834,
0.689523071958751,0.731218426019739,0.77383027096769,0.817339305770613,
0.861727399772386,0.90697747898504,0.953073427271242,0.968217322901947),
 .UNSPECIFIED.);
#131=B_SPLINE_CURVE_WITH_KNOTS('',3,(#6724,#6725,#6726,#6727,#6728,#6729,
#6730,#6731,#6732,#6733,#6734,#6735,#6736,#6737,#6738,#6739,#6740,#6741,
#6742,#6743,#6744,#6745,#6746,#6747,#6748,#6749,#6750,#6751,#6752,#6753,
#6754,#6755),.UNSPECIFIED.,.F.,.F.,(4,1,1,1,1,1,1,1,1,1,1,1,1,1,1,1,1,1,
1,1,1,1,1,1,1,1,1,1,1,4),(0.,0.0905435754010976,0.101309272835279,0.115207725714168,
0.13165259603783,0.150299325856982,0.17091406108236,0.193324640843059,0.217397464998304,
0.243024943237999,0.270118012820405,0.298601362309559,0.328410219668281,
0.359488101772539,0.391785184229787,0.425257087589203,0.45986395242589,
0.4955697204922,0.532341566415862,0.570149441681501,0.608965703886983,0.648764811805834,
0.689523071958751,0.731218426019739,0.77383027096769,0.817339305770613,
0.861727399772386,0.90697747898504,0.953073427271242,0.968217322901947),
 .UNSPECIFIED.);
#132=B_SPLINE_CURVE_WITH_KNOTS('',3,(#6763,#6764,#6765,#6766,#6767,#6768,
#6769,#6770,#6771,#6772,#6773,#6774,#6775,#6776,#6777,#6778,#6779,#6780,
#6781,#6782,#6783,#6784,#6785,#6786,#6787,#6788,#6789,#6790,#6791,#6792,
#6793,#6794),.UNSPECIFIED.,.F.,.F.,(4,1,1,1,1,1,1,1,1,1,1,1,1,1,1,1,1,1,
1,1,1,1,1,1,1,1,1,1,1,4),(0.,0.0905435754010976,0.101309272835279,0.115207725714168,
0.13165259603783,0.150299325856982,0.17091406108236,0.193324640843059,0.217397464998304,
0.243024943237999,0.270118012820405,0.298601362309559,0.328410219668281,
0.359488101772539,0.391785184229787,0.425257087589203,0.45986395242589,
0.4955697204922,0.532341566415862,0.570149441681501,0.608965703886983,0.648764811805834,
0.689523071958751,0.731218426019739,0.77383027096769,0.817339305770613,
0.861727399772386,0.90697747898504,0.953073427271242,0.968217322901947),
 .UNSPECIFIED.);
#133=B_SPLINE_CURVE_WITH_KNOTS('',3,(#6795,#6796,#6797,#6798,#6799,#6800,
#6801,#6802,#6803,#6804,#6805,#6806,#6807,#6808,#6809,#6810,#6811,#6812,
#6813,#6814,#6815,#6816,#6817,#6818,#6819,#6820,#6821,#6822,#6823,#6824,
#6825,#6826),.UNSPECIFIED.,.F.,.F.,(4,1,1,1,1,1,1,1,1,1,1,1,1,1,1,1,1,1,
1,1,1,1,1,1,1,1,1,1,1,4),(0.,0.0905435754010976,0.101309272835279,0.115207725714168,
0.13165259603783,0.150299325856982,0.17091406108236,0.193324640843059,0.217397464998304,
0.243024943237999,0.270118012820405,0.298601362309559,0.328410219668281,
0.359488101772539,0.391785184229787,0.425257087589203,0.45986395242589,
0.4955697204922,0.532341566415862,0.570149441681501,0.608965703886983,0.648764811805834,
0.689523071958751,0.731218426019739,0.77383027096769,0.817339305770613,
0.861727399772386,0.90697747898504,0.953073427271242,0.968217322901947),
 .UNSPECIFIED.);
#134=B_SPLINE_CURVE_WITH_KNOTS('',3,(#6834,#6835,#6836,#6837,#6838,#6839,
#6840,#6841,#6842,#6843,#6844,#6845,#6846,#6847,#6848,#6849,#6850,#6851,
#6852,#6853,#6854,#6855,#6856,#6857,#6858,#6859,#6860,#6861,#6862,#6863,
#6864,#6865),.UNSPECIFIED.,.F.,.F.,(4,1,1,1,1,1,1,1,1,1,1,1,1,1,1,1,1,1,
1,1,1,1,1,1,1,1,1,1,1,4),(0.,0.0905435754010976,0.101309272835279,0.115207725714168,
0.13165259603783,0.150299325856982,0.17091406108236,0.193324640843059,0.217397464998304,
0.243024943237999,0.270118012820405,0.298601362309559,0.328410219668281,
0.359488101772539,0.391785184229787,0.425257087589203,0.45986395242589,
0.4955697204922,0.532341566415862,0.570149441681501,0.608965703886983,0.648764811805834,
0.689523071958751,0.731218426019739,0.77383027096769,0.817339305770613,
0.861727399772386,0.90697747898504,0.953073427271242,0.968217322901947),
 .UNSPECIFIED.);
#135=B_SPLINE_CURVE_WITH_KNOTS('',3,(#6866,#6867,#6868,#6869,#6870,#6871,
#6872,#6873,#6874,#6875,#6876,#6877,#6878,#6879,#6880,#6881,#6882,#6883,
#6884,#6885,#6886,#6887,#6888,#6889,#6890,#6891,#6892,#6893,#6894,#6895,
#6896,#6897),.UNSPECIFIED.,.F.,.F.,(4,1,1,1,1,1,1,1,1,1,1,1,1,1,1,1,1,1,
1,1,1,1,1,1,1,1,1,1,1,4),(0.,0.0905435754010976,0.101309272835279,0.115207725714168,
0.13165259603783,0.150299325856982,0.17091406108236,0.193324640843059,0.217397464998304,
0.243024943237999,0.270118012820405,0.298601362309559,0.328410219668281,
0.359488101772539,0.391785184229787,0.425257087589203,0.45986395242589,
0.4955697204922,0.532341566415862,0.570149441681501,0.608965703886983,0.648764811805834,
0.689523071958751,0.731218426019739,0.77383027096769,0.817339305770613,
0.861727399772386,0.90697747898504,0.953073427271242,0.968217322901947),
 .UNSPECIFIED.);
#136=B_SPLINE_CURVE_WITH_KNOTS('',3,(#6905,#6906,#6907,#6908,#6909,#6910,
#6911,#6912,#6913,#6914,#6915,#6916,#6917,#6918,#6919,#6920,#6921,#6922,
#6923,#6924,#6925,#6926,#6927,#6928,#6929,#6930,#6931,#6932,#6933,#6934,
#6935,#6936),.UNSPECIFIED.,.F.,.F.,(4,1,1,1,1,1,1,1,1,1,1,1,1,1,1,1,1,1,
1,1,1,1,1,1,1,1,1,1,1,4),(0.,0.0905435754010976,0.101309272835279,0.115207725714168,
0.13165259603783,0.150299325856982,0.17091406108236,0.193324640843059,0.217397464998304,
0.243024943237999,0.270118012820405,0.298601362309559,0.328410219668281,
0.359488101772539,0.391785184229787,0.425257087589203,0.45986395242589,
0.4955697204922,0.532341566415862,0.570149441681501,0.608965703886983,0.648764811805834,
0.689523071958751,0.731218426019739,0.77383027096769,0.817339305770613,
0.861727399772386,0.90697747898504,0.953073427271242,0.968217322901947),
 .UNSPECIFIED.);
#137=B_SPLINE_CURVE_WITH_KNOTS('',3,(#6937,#6938,#6939,#6940,#6941,#6942,
#6943,#6944,#6945,#6946,#6947,#6948,#6949,#6950,#6951,#6952,#6953,#6954,
#6955,#6956,#6957,#6958,#6959,#6960,#6961,#6962,#6963,#6964,#6965,#6966,
#6967,#6968),.UNSPECIFIED.,.F.,.F.,(4,1,1,1,1,1,1,1,1,1,1,1,1,1,1,1,1,1,
1,1,1,1,1,1,1,1,1,1,1,4),(0.,0.0905435754010976,0.101309272835279,0.115207725714168,
0.13165259603783,0.150299325856982,0.17091406108236,0.193324640843059,0.217397464998304,
0.243024943237999,0.270118012820405,0.298601362309559,0.328410219668281,
0.359488101772539,0.391785184229787,0.425257087589203,0.45986395242589,
0.4955697204922,0.532341566415862,0.570149441681501,0.608965703886983,0.648764811805834,
0.689523071958751,0.731218426019739,0.77383027096769,0.817339305770613,
0.861727399772386,0.90697747898504,0.953073427271242,0.968217322901947),
 .UNSPECIFIED.);
#138=B_SPLINE_CURVE_WITH_KNOTS('',3,(#6976,#6977,#6978,#6979,#6980,#6981,
#6982,#6983,#6984,#6985,#6986,#6987,#6988,#6989,#6990,#6991,#6992,#6993,
#6994,#6995,#6996,#6997,#6998,#6999,#7000,#7001,#7002,#7003,#7004,#7005,
#7006,#7007),.UNSPECIFIED.,.F.,.F.,(4,1,1,1,1,1,1,1,1,1,1,1,1,1,1,1,1,1,
1,1,1,1,1,1,1,1,1,1,1,4),(0.,0.0905435754010976,0.101309272835279,0.115207725714168,
0.13165259603783,0.150299325856982,0.17091406108236,0.193324640843059,0.217397464998304,
0.243024943237999,0.270118012820405,0.298601362309559,0.328410219668281,
0.359488101772539,0.391785184229787,0.425257087589203,0.45986395242589,
0.4955697204922,0.532341566415862,0.570149441681501,0.608965703886983,0.648764811805834,
0.689523071958751,0.731218426019739,0.77383027096769,0.817339305770613,
0.861727399772386,0.90697747898504,0.953073427271242,0.968217322901947),
 .UNSPECIFIED.);
#139=B_SPLINE_CURVE_WITH_KNOTS('',3,(#7008,#7009,#7010,#7011,#7012,#7013,
#7014,#7015,#7016,#7017,#7018,#7019,#7020,#7021,#7022,#7023,#7024,#7025,
#7026,#7027,#7028,#7029,#7030,#7031,#7032,#7033,#7034,#7035,#7036,#7037,
#7038,#7039),.UNSPECIFIED.,.F.,.F.,(4,1,1,1,1,1,1,1,1,1,1,1,1,1,1,1,1,1,
1,1,1,1,1,1,1,1,1,1,1,4),(0.,0.0905435754010976,0.101309272835279,0.115207725714168,
0.13165259603783,0.150299325856982,0.17091406108236,0.193324640843059,0.217397464998304,
0.243024943237999,0.270118012820405,0.298601362309559,0.328410219668281,
0.359488101772539,0.391785184229787,0.425257087589203,0.45986395242589,
0.4955697204922,0.532341566415862,0.570149441681501,0.608965703886983,0.648764811805834,
0.689523071958751,0.731218426019739,0.77383027096769,0.817339305770613,
0.861727399772386,0.90697747898504,0.953073427271242,0.968217322901947),
 .UNSPECIFIED.);
#140=B_SPLINE_CURVE_WITH_KNOTS('',3,(#7047,#7048,#7049,#7050,#7051,#7052,
#7053,#7054,#7055,#7056,#7057,#7058,#7059,#7060,#7061,#7062,#7063,#7064,
#7065,#7066,#7067,#7068,#7069,#7070,#7071,#7072,#7073,#7074,#7075,#7076,
#7077,#7078),.UNSPECIFIED.,.F.,.F.,(4,1,1,1,1,1,1,1,1,1,1,1,1,1,1,1,1,1,
1,1,1,1,1,1,1,1,1,1,1,4),(0.,0.0905435754010976,0.101309272835279,0.115207725714168,
0.13165259603783,0.150299325856982,0.17091406108236,0.193324640843059,0.217397464998304,
0.243024943237999,0.270118012820405,0.298601362309559,0.328410219668281,
0.359488101772539,0.391785184229787,0.425257087589203,0.45986395242589,
0.4955697204922,0.532341566415862,0.570149441681501,0.608965703886983,0.648764811805834,
0.689523071958751,0.731218426019739,0.77383027096769,0.817339305770613,
0.861727399772386,0.90697747898504,0.953073427271242,0.968217322901947),
 .UNSPECIFIED.);
#141=B_SPLINE_CURVE_WITH_KNOTS('',3,(#7079,#7080,#7081,#7082,#7083,#7084,
#7085,#7086,#7087,#7088,#7089,#7090,#7091,#7092,#7093,#7094,#7095,#7096,
#7097,#7098,#7099,#7100,#7101,#7102,#7103,#7104,#7105,#7106,#7107,#7108,
#7109,#7110),.UNSPECIFIED.,.F.,.F.,(4,1,1,1,1,1,1,1,1,1,1,1,1,1,1,1,1,1,
1,1,1,1,1,1,1,1,1,1,1,4),(0.,0.0905435754010976,0.101309272835279,0.115207725714168,
0.13165259603783,0.150299325856982,0.17091406108236,0.193324640843059,0.217397464998304,
0.243024943237999,0.270118012820405,0.298601362309559,0.328410219668281,
0.359488101772539,0.391785184229787,0.425257087589203,0.45986395242589,
0.4955697204922,0.532341566415862,0.570149441681501,0.608965703886983,0.648764811805834,
0.689523071958751,0.731218426019739,0.77383027096769,0.817339305770613,
0.861727399772386,0.90697747898504,0.953073427271242,0.968217322901947),
 .UNSPECIFIED.);
#142=B_SPLINE_CURVE_WITH_KNOTS('',3,(#7118,#7119,#7120,#7121,#7122,#7123,
#7124,#7125,#7126,#7127,#7128,#7129,#7130,#7131,#7132,#7133,#7134,#7135,
#7136,#7137,#7138,#7139,#7140,#7141,#7142,#7143,#7144,#7145,#7146,#7147,
#7148,#7149),.UNSPECIFIED.,.F.,.F.,(4,1,1,1,1,1,1,1,1,1,1,1,1,1,1,1,1,1,
1,1,1,1,1,1,1,1,1,1,1,4),(0.,0.0905435754010976,0.101309272835279,0.115207725714168,
0.13165259603783,0.150299325856982,0.17091406108236,0.193324640843059,0.217397464998304,
0.243024943237999,0.270118012820405,0.298601362309559,0.328410219668281,
0.359488101772539,0.391785184229787,0.425257087589203,0.45986395242589,
0.4955697204922,0.532341566415862,0.570149441681501,0.608965703886983,0.648764811805834,
0.689523071958751,0.731218426019739,0.77383027096769,0.817339305770613,
0.861727399772386,0.90697747898504,0.953073427271242,0.968217322901947),
 .UNSPECIFIED.);
#143=B_SPLINE_CURVE_WITH_KNOTS('',3,(#7150,#7151,#7152,#7153,#7154,#7155,
#7156,#7157,#7158,#7159,#7160,#7161,#7162,#7163,#7164,#7165,#7166,#7167,
#7168,#7169,#7170,#7171,#7172,#7173,#7174,#7175,#7176,#7177,#7178,#7179,
#7180,#7181),.UNSPECIFIED.,.F.,.F.,(4,1,1,1,1,1,1,1,1,1,1,1,1,1,1,1,1,1,
1,1,1,1,1,1,1,1,1,1,1,4),(0.,0.0905435754010976,0.101309272835279,0.115207725714168,
0.13165259603783,0.150299325856982,0.17091406108236,0.193324640843059,0.217397464998304,
0.243024943237999,0.270118012820405,0.298601362309559,0.328410219668281,
0.359488101772539,0.391785184229787,0.425257087589203,0.45986395242589,
0.4955697204922,0.532341566415862,0.570149441681501,0.608965703886983,0.648764811805834,
0.689523071958751,0.731218426019739,0.77383027096769,0.817339305770613,
0.861727399772386,0.90697747898504,0.953073427271242,0.968217322901947),
 .UNSPECIFIED.);
#144=B_SPLINE_CURVE_WITH_KNOTS('',3,(#7189,#7190,#7191,#7192,#7193,#7194,
#7195,#7196,#7197,#7198,#7199,#7200,#7201,#7202,#7203,#7204,#7205,#7206,
#7207,#7208,#7209,#7210,#7211,#7212,#7213,#7214,#7215,#7216,#7217,#7218,
#7219,#7220),.UNSPECIFIED.,.F.,.F.,(4,1,1,1,1,1,1,1,1,1,1,1,1,1,1,1,1,1,
1,1,1,1,1,1,1,1,1,1,1,4),(0.,0.0905435754010976,0.101309272835279,0.115207725714168,
0.13165259603783,0.150299325856982,0.17091406108236,0.193324640843059,0.217397464998304,
0.243024943237999,0.270118012820405,0.298601362309559,0.328410219668281,
0.359488101772539,0.391785184229787,0.425257087589203,0.45986395242589,
0.4955697204922,0.532341566415862,0.570149441681501,0.608965703886983,0.648764811805834,
0.689523071958751,0.731218426019739,0.77383027096769,0.817339305770613,
0.861727399772386,0.90697747898504,0.953073427271242,0.968217322901947),
 .UNSPECIFIED.);
#145=B_SPLINE_CURVE_WITH_KNOTS('',3,(#7221,#7222,#7223,#7224,#7225,#7226,
#7227,#7228,#7229,#7230,#7231,#7232,#7233,#7234,#7235,#7236,#7237,#7238,
#7239,#7240,#7241,#7242,#7243,#7244,#7245,#7246,#7247,#7248,#7249,#7250,
#7251,#7252),.UNSPECIFIED.,.F.,.F.,(4,1,1,1,1,1,1,1,1,1,1,1,1,1,1,1,1,1,
1,1,1,1,1,1,1,1,1,1,1,4),(0.,0.0905435754010976,0.101309272835279,0.115207725714168,
0.13165259603783,0.150299325856982,0.17091406108236,0.193324640843059,0.217397464998304,
0.243024943237999,0.270118012820405,0.298601362309559,0.328410219668281,
0.359488101772539,0.391785184229787,0.425257087589203,0.45986395242589,
0.4955697204922,0.532341566415862,0.570149441681501,0.608965703886983,0.648764811805834,
0.689523071958751,0.731218426019739,0.77383027096769,0.817339305770613,
0.861727399772386,0.90697747898504,0.953073427271242,0.968217322901947),
 .UNSPECIFIED.);
#146=B_SPLINE_CURVE_WITH_KNOTS('',3,(#7260,#7261,#7262,#7263,#7264,#7265,
#7266,#7267,#7268,#7269,#7270,#7271,#7272,#7273,#7274,#7275,#7276,#7277,
#7278,#7279,#7280,#7281,#7282,#7283,#7284,#7285,#7286,#7287,#7288,#7289,
#7290,#7291),.UNSPECIFIED.,.F.,.F.,(4,1,1,1,1,1,1,1,1,1,1,1,1,1,1,1,1,1,
1,1,1,1,1,1,1,1,1,1,1,4),(0.,0.0905435754010976,0.101309272835279,0.115207725714168,
0.13165259603783,0.150299325856982,0.17091406108236,0.193324640843059,0.217397464998304,
0.243024943237999,0.270118012820405,0.298601362309559,0.328410219668281,
0.359488101772539,0.391785184229787,0.425257087589203,0.45986395242589,
0.4955697204922,0.532341566415862,0.570149441681501,0.608965703886983,0.648764811805834,
0.689523071958751,0.731218426019739,0.77383027096769,0.817339305770613,
0.861727399772386,0.90697747898504,0.953073427271242,0.968217322901947),
 .UNSPECIFIED.);
#147=B_SPLINE_CURVE_WITH_KNOTS('',3,(#7292,#7293,#7294,#7295,#7296,#7297,
#7298,#7299,#7300,#7301,#7302,#7303,#7304,#7305,#7306,#7307,#7308,#7309,
#7310,#7311,#7312,#7313,#7314,#7315,#7316,#7317,#7318,#7319,#7320,#7321,
#7322,#7323),.UNSPECIFIED.,.F.,.F.,(4,1,1,1,1,1,1,1,1,1,1,1,1,1,1,1,1,1,
1,1,1,1,1,1,1,1,1,1,1,4),(0.,0.0905435754010976,0.101309272835279,0.115207725714168,
0.13165259603783,0.150299325856982,0.17091406108236,0.193324640843059,0.217397464998304,
0.243024943237999,0.270118012820405,0.298601362309559,0.328410219668281,
0.359488101772539,0.391785184229787,0.425257087589203,0.45986395242589,
0.4955697204922,0.532341566415862,0.570149441681501,0.608965703886983,0.648764811805834,
0.689523071958751,0.731218426019739,0.77383027096769,0.817339305770613,
0.861727399772386,0.90697747898504,0.953073427271242,0.968217322901947),
 .UNSPECIFIED.);
#148=B_SPLINE_CURVE_WITH_KNOTS('',3,(#7331,#7332,#7333,#7334,#7335,#7336,
#7337,#7338,#7339,#7340,#7341,#7342,#7343,#7344,#7345,#7346,#7347,#7348,
#7349,#7350,#7351,#7352,#7353,#7354,#7355,#7356,#7357,#7358,#7359,#7360,
#7361,#7362),.UNSPECIFIED.,.F.,.F.,(4,1,1,1,1,1,1,1,1,1,1,1,1,1,1,1,1,1,
1,1,1,1,1,1,1,1,1,1,1,4),(0.,0.0905435754010976,0.101309272835279,0.115207725714168,
0.13165259603783,0.150299325856982,0.17091406108236,0.193324640843059,0.217397464998304,
0.243024943237999,0.270118012820405,0.298601362309559,0.328410219668281,
0.359488101772539,0.391785184229787,0.425257087589203,0.45986395242589,
0.4955697204922,0.532341566415862,0.570149441681501,0.608965703886983,0.648764811805834,
0.689523071958751,0.731218426019739,0.77383027096769,0.817339305770613,
0.861727399772386,0.90697747898504,0.953073427271242,0.968217322901947),
 .UNSPECIFIED.);
#149=B_SPLINE_CURVE_WITH_KNOTS('',3,(#7363,#7364,#7365,#7366,#7367,#7368,
#7369,#7370,#7371,#7372,#7373,#7374,#7375,#7376,#7377,#7378,#7379,#7380,
#7381,#7382,#7383,#7384,#7385,#7386,#7387,#7388,#7389,#7390,#7391,#7392,
#7393,#7394),.UNSPECIFIED.,.F.,.F.,(4,1,1,1,1,1,1,1,1,1,1,1,1,1,1,1,1,1,
1,1,1,1,1,1,1,1,1,1,1,4),(0.,0.0905435754010976,0.101309272835279,0.115207725714168,
0.13165259603783,0.150299325856982,0.17091406108236,0.193324640843059,0.217397464998304,
0.243024943237999,0.270118012820405,0.298601362309559,0.328410219668281,
0.359488101772539,0.391785184229787,0.425257087589203,0.45986395242589,
0.4955697204922,0.532341566415862,0.570149441681501,0.608965703886983,0.648764811805834,
0.689523071958751,0.731218426019739,0.77383027096769,0.817339305770613,
0.861727399772386,0.90697747898504,0.953073427271242,0.968217322901947),
 .UNSPECIFIED.);
#150=B_SPLINE_CURVE_WITH_KNOTS('',3,(#7402,#7403,#7404,#7405,#7406,#7407,
#7408,#7409,#7410,#7411,#7412,#7413,#7414,#7415,#7416,#7417,#7418,#7419,
#7420,#7421,#7422,#7423,#7424,#7425,#7426,#7427,#7428,#7429,#7430,#7431,
#7432,#7433),.UNSPECIFIED.,.F.,.F.,(4,1,1,1,1,1,1,1,1,1,1,1,1,1,1,1,1,1,
1,1,1,1,1,1,1,1,1,1,1,4),(0.,0.0905435754010976,0.101309272835279,0.115207725714168,
0.13165259603783,0.150299325856982,0.17091406108236,0.193324640843059,0.217397464998304,
0.243024943237999,0.270118012820405,0.298601362309559,0.328410219668281,
0.359488101772539,0.391785184229787,0.425257087589203,0.45986395242589,
0.4955697204922,0.532341566415862,0.570149441681501,0.608965703886983,0.648764811805834,
0.689523071958751,0.731218426019739,0.77383027096769,0.817339305770613,
0.861727399772386,0.90697747898504,0.953073427271242,0.968217322901947),
 .UNSPECIFIED.);
#151=B_SPLINE_CURVE_WITH_KNOTS('',3,(#7434,#7435,#7436,#7437,#7438,#7439,
#7440,#7441,#7442,#7443,#7444,#7445,#7446,#7447,#7448,#7449,#7450,#7451,
#7452,#7453,#7454,#7455,#7456,#7457,#7458,#7459,#7460,#7461,#7462,#7463,
#7464,#7465),.UNSPECIFIED.,.F.,.F.,(4,1,1,1,1,1,1,1,1,1,1,1,1,1,1,1,1,1,
1,1,1,1,1,1,1,1,1,1,1,4),(0.,0.0905435754010976,0.101309272835279,0.115207725714168,
0.13165259603783,0.150299325856982,0.17091406108236,0.193324640843059,0.217397464998304,
0.243024943237999,0.270118012820405,0.298601362309559,0.328410219668281,
0.359488101772539,0.391785184229787,0.425257087589203,0.45986395242589,
0.4955697204922,0.532341566415862,0.570149441681501,0.608965703886983,0.648764811805834,
0.689523071958751,0.731218426019739,0.77383027096769,0.817339305770613,
0.861727399772386,0.90697747898504,0.953073427271242,0.968217322901947),
 .UNSPECIFIED.);
#152=B_SPLINE_CURVE_WITH_KNOTS('',3,(#7473,#7474,#7475,#7476,#7477,#7478,
#7479,#7480,#7481,#7482,#7483,#7484,#7485,#7486,#7487,#7488,#7489,#7490,
#7491,#7492,#7493,#7494,#7495,#7496,#7497,#7498,#7499,#7500,#7501,#7502,
#7503,#7504),.UNSPECIFIED.,.F.,.F.,(4,1,1,1,1,1,1,1,1,1,1,1,1,1,1,1,1,1,
1,1,1,1,1,1,1,1,1,1,1,4),(0.,0.0905435754010976,0.101309272835279,0.115207725714168,
0.13165259603783,0.150299325856982,0.17091406108236,0.193324640843059,0.217397464998304,
0.243024943237999,0.270118012820405,0.298601362309559,0.328410219668281,
0.359488101772539,0.391785184229787,0.425257087589203,0.45986395242589,
0.4955697204922,0.532341566415862,0.570149441681501,0.608965703886983,0.648764811805834,
0.689523071958751,0.731218426019739,0.77383027096769,0.817339305770613,
0.861727399772386,0.90697747898504,0.953073427271242,0.968217322901947),
 .UNSPECIFIED.);
#153=B_SPLINE_CURVE_WITH_KNOTS('',3,(#7505,#7506,#7507,#7508,#7509,#7510,
#7511,#7512,#7513,#7514,#7515,#7516,#7517,#7518,#7519,#7520,#7521,#7522,
#7523,#7524,#7525,#7526,#7527,#7528,#7529,#7530,#7531,#7532,#7533,#7534,
#7535,#7536),.UNSPECIFIED.,.F.,.F.,(4,1,1,1,1,1,1,1,1,1,1,1,1,1,1,1,1,1,
1,1,1,1,1,1,1,1,1,1,1,4),(0.,0.0905435754010976,0.101309272835279,0.115207725714168,
0.13165259603783,0.150299325856982,0.17091406108236,0.193324640843059,0.217397464998304,
0.243024943237999,0.270118012820405,0.298601362309559,0.328410219668281,
0.359488101772539,0.391785184229787,0.425257087589203,0.45986395242589,
0.4955697204922,0.532341566415862,0.570149441681501,0.608965703886983,0.648764811805834,
0.689523071958751,0.731218426019739,0.77383027096769,0.817339305770613,
0.861727399772386,0.90697747898504,0.953073427271242,0.968217322901947),
 .UNSPECIFIED.);
#154=B_SPLINE_CURVE_WITH_KNOTS('',3,(#7544,#7545,#7546,#7547,#7548,#7549,
#7550,#7551,#7552,#7553,#7554,#7555,#7556,#7557,#7558,#7559,#7560,#7561,
#7562,#7563,#7564,#7565,#7566,#7567,#7568,#7569,#7570,#7571,#7572,#7573,
#7574,#7575),.UNSPECIFIED.,.F.,.F.,(4,1,1,1,1,1,1,1,1,1,1,1,1,1,1,1,1,1,
1,1,1,1,1,1,1,1,1,1,1,4),(0.,0.0905435754010976,0.101309272835279,0.115207725714168,
0.13165259603783,0.150299325856982,0.17091406108236,0.193324640843059,0.217397464998304,
0.243024943237999,0.270118012820405,0.298601362309559,0.328410219668281,
0.359488101772539,0.391785184229787,0.425257087589203,0.45986395242589,
0.4955697204922,0.532341566415862,0.570149441681501,0.608965703886983,0.648764811805834,
0.689523071958751,0.731218426019739,0.77383027096769,0.817339305770613,
0.861727399772386,0.90697747898504,0.953073427271242,0.968217322901947),
 .UNSPECIFIED.);
#155=B_SPLINE_CURVE_WITH_KNOTS('',3,(#7576,#7577,#7578,#7579,#7580,#7581,
#7582,#7583,#7584,#7585,#7586,#7587,#7588,#7589,#7590,#7591,#7592,#7593,
#7594,#7595,#7596,#7597,#7598,#7599,#7600,#7601,#7602,#7603,#7604,#7605,
#7606,#7607),.UNSPECIFIED.,.F.,.F.,(4,1,1,1,1,1,1,1,1,1,1,1,1,1,1,1,1,1,
1,1,1,1,1,1,1,1,1,1,1,4),(0.,0.0905435754010976,0.101309272835279,0.115207725714168,
0.13165259603783,0.150299325856982,0.17091406108236,0.193324640843059,0.217397464998304,
0.243024943237999,0.270118012820405,0.298601362309559,0.328410219668281,
0.359488101772539,0.391785184229787,0.425257087589203,0.45986395242589,
0.4955697204922,0.532341566415862,0.570149441681501,0.608965703886983,0.648764811805834,
0.689523071958751,0.731218426019739,0.77383027096769,0.817339305770613,
0.861727399772386,0.90697747898504,0.953073427271242,0.968217322901947),
 .UNSPECIFIED.);
#156=B_SPLINE_CURVE_WITH_KNOTS('',3,(#7615,#7616,#7617,#7618,#7619,#7620,
#7621,#7622,#7623,#7624,#7625,#7626,#7627,#7628,#7629,#7630,#7631,#7632,
#7633,#7634,#7635,#7636,#7637,#7638,#7639,#7640,#7641,#7642,#7643,#7644,
#7645,#7646),.UNSPECIFIED.,.F.,.F.,(4,1,1,1,1,1,1,1,1,1,1,1,1,1,1,1,1,1,
1,1,1,1,1,1,1,1,1,1,1,4),(0.,0.0905435754010976,0.101309272835279,0.115207725714168,
0.13165259603783,0.150299325856982,0.17091406108236,0.193324640843059,0.217397464998304,
0.243024943237999,0.270118012820405,0.298601362309559,0.328410219668281,
0.359488101772539,0.391785184229787,0.425257087589203,0.45986395242589,
0.4955697204922,0.532341566415862,0.570149441681501,0.608965703886983,0.648764811805834,
0.689523071958751,0.731218426019739,0.77383027096769,0.817339305770613,
0.861727399772386,0.90697747898504,0.953073427271242,0.968217322901947),
 .UNSPECIFIED.);
#157=B_SPLINE_CURVE_WITH_KNOTS('',3,(#7647,#7648,#7649,#7650,#7651,#7652,
#7653,#7654,#7655,#7656,#7657,#7658,#7659,#7660,#7661,#7662,#7663,#7664,
#7665,#7666,#7667,#7668,#7669,#7670,#7671,#7672,#7673,#7674,#7675,#7676,
#7677,#7678),.UNSPECIFIED.,.F.,.F.,(4,1,1,1,1,1,1,1,1,1,1,1,1,1,1,1,1,1,
1,1,1,1,1,1,1,1,1,1,1,4),(0.,0.0905435754010976,0.101309272835279,0.115207725714168,
0.13165259603783,0.150299325856982,0.17091406108236,0.193324640843059,0.217397464998304,
0.243024943237999,0.270118012820405,0.298601362309559,0.328410219668281,
0.359488101772539,0.391785184229787,0.425257087589203,0.45986395242589,
0.4955697204922,0.532341566415862,0.570149441681501,0.608965703886983,0.648764811805834,
0.689523071958751,0.731218426019739,0.77383027096769,0.817339305770613,
0.861727399772386,0.90697747898504,0.953073427271242,0.968217322901947),
 .UNSPECIFIED.);
#158=B_SPLINE_CURVE_WITH_KNOTS('',3,(#7686,#7687,#7688,#7689,#7690,#7691,
#7692,#7693,#7694,#7695,#7696,#7697,#7698,#7699,#7700,#7701,#7702,#7703,
#7704,#7705,#7706,#7707,#7708,#7709,#7710,#7711,#7712,#7713,#7714,#7715,
#7716,#7717),.UNSPECIFIED.,.F.,.F.,(4,1,1,1,1,1,1,1,1,1,1,1,1,1,1,1,1,1,
1,1,1,1,1,1,1,1,1,1,1,4),(0.,0.0905435754010976,0.101309272835279,0.115207725714168,
0.13165259603783,0.150299325856982,0.17091406108236,0.193324640843059,0.217397464998304,
0.243024943237999,0.270118012820405,0.298601362309559,0.328410219668281,
0.359488101772539,0.391785184229787,0.425257087589203,0.45986395242589,
0.4955697204922,0.532341566415862,0.570149441681501,0.608965703886983,0.648764811805834,
0.689523071958751,0.731218426019739,0.77383027096769,0.817339305770613,
0.861727399772386,0.90697747898504,0.953073427271242,0.968217322901947),
 .UNSPECIFIED.);
#159=B_SPLINE_CURVE_WITH_KNOTS('',3,(#7718,#7719,#7720,#7721,#7722,#7723,
#7724,#7725,#7726,#7727,#7728,#7729,#7730,#7731,#7732,#7733,#7734,#7735,
#7736,#7737,#7738,#7739,#7740,#7741,#7742,#7743,#7744,#7745,#7746,#7747,
#7748,#7749),.UNSPECIFIED.,.F.,.F.,(4,1,1,1,1,1,1,1,1,1,1,1,1,1,1,1,1,1,
1,1,1,1,1,1,1,1,1,1,1,4),(0.,0.0905435754010976,0.101309272835279,0.115207725714168,
0.13165259603783,0.150299325856982,0.17091406108236,0.193324640843059,0.217397464998304,
0.243024943237999,0.270118012820405,0.298601362309559,0.328410219668281,
0.359488101772539,0.391785184229787,0.425257087589203,0.45986395242589,
0.4955697204922,0.532341566415862,0.570149441681501,0.608965703886983,0.648764811805834,
0.689523071958751,0.731218426019739,0.77383027096769,0.817339305770613,
0.861727399772386,0.90697747898504,0.953073427271242,0.968217322901947),
 .UNSPECIFIED.);
#160=B_SPLINE_CURVE_WITH_KNOTS('',3,(#7757,#7758,#7759,#7760,#7761,#7762,
#7763,#7764,#7765,#7766,#7767,#7768,#7769,#7770,#7771,#7772,#7773,#7774,
#7775,#7776,#7777,#7778,#7779,#7780,#7781,#7782,#7783,#7784,#7785,#7786,
#7787,#7788),.UNSPECIFIED.,.F.,.F.,(4,1,1,1,1,1,1,1,1,1,1,1,1,1,1,1,1,1,
1,1,1,1,1,1,1,1,1,1,1,4),(0.,0.0905435754010976,0.101309272835279,0.115207725714168,
0.13165259603783,0.150299325856982,0.17091406108236,0.193324640843059,0.217397464998304,
0.243024943237999,0.270118012820405,0.298601362309559,0.328410219668281,
0.359488101772539,0.391785184229787,0.425257087589203,0.45986395242589,
0.4955697204922,0.532341566415862,0.570149441681501,0.608965703886983,0.648764811805834,
0.689523071958751,0.731218426019739,0.77383027096769,0.817339305770613,
0.861727399772386,0.90697747898504,0.953073427271242,0.968217322901947),
 .UNSPECIFIED.);
#161=B_SPLINE_CURVE_WITH_KNOTS('',3,(#7789,#7790,#7791,#7792,#7793,#7794,
#7795,#7796,#7797,#7798,#7799,#7800,#7801,#7802,#7803,#7804,#7805,#7806,
#7807,#7808,#7809,#7810,#7811,#7812,#7813,#7814,#7815,#7816,#7817,#7818,
#7819,#7820),.UNSPECIFIED.,.F.,.F.,(4,1,1,1,1,1,1,1,1,1,1,1,1,1,1,1,1,1,
1,1,1,1,1,1,1,1,1,1,1,4),(0.,0.0905435754010976,0.101309272835279,0.115207725714168,
0.13165259603783,0.150299325856982,0.17091406108236,0.193324640843059,0.217397464998304,
0.243024943237999,0.270118012820405,0.298601362309559,0.328410219668281,
0.359488101772539,0.391785184229787,0.425257087589203,0.45986395242589,
0.4955697204922,0.532341566415862,0.570149441681501,0.608965703886983,0.648764811805834,
0.689523071958751,0.731218426019739,0.77383027096769,0.817339305770613,
0.861727399772386,0.90697747898504,0.953073427271242,0.968217322901947),
 .UNSPECIFIED.);
#162=PLANE('',#3022);
#163=PLANE('',#3102);
#164=PLANE('',#3256);
#165=PLANE('',#3259);
#166=LINE('',#4045,#316);
#167=LINE('',#4050,#317);
#168=LINE('',#4057,#318);
#169=LINE('',#4061,#319);
#170=LINE('',#4063,#320);
#171=LINE('',#4068,#321);
#172=LINE('',#4072,#322);
#173=LINE('',#4077,#323);
#174=LINE('',#4081,#324);
#175=LINE('',#4086,#325);
#176=LINE('',#4090,#326);
#177=LINE('',#4095,#327);
#178=LINE('',#4099,#328);
#179=LINE('',#4104,#329);
#180=LINE('',#4111,#330);
#181=LINE('',#4115,#331);
#182=LINE('',#4117,#332);
#183=LINE('',#4122,#333);
#184=LINE('',#4126,#334);
#185=LINE('',#4131,#335);
#186=LINE('',#4135,#336);
#187=LINE('',#4140,#337);
#188=LINE('',#4144,#338);
#189=LINE('',#4149,#339);
#190=LINE('',#4153,#340);
#191=LINE('',#4158,#341);
#192=LINE('',#4165,#342);
#193=LINE('',#4169,#343);
#194=LINE('',#4171,#344);
#195=LINE('',#4176,#345);
#196=LINE('',#4183,#346);
#197=LINE('',#4187,#347);
#198=LINE('',#4192,#348);
#199=LINE('',#4196,#349);
#200=LINE('',#4201,#350);
#201=LINE('',#4205,#351);
#202=LINE('',#4210,#352);
#203=LINE('',#4214,#353);
#204=LINE('',#4219,#354);
#205=LINE('',#4223,#355);
#206=LINE('',#4225,#356);
#207=LINE('',#4230,#357);
#208=LINE('',#4234,#358);
#209=LINE('',#4239,#359);
#210=LINE('',#4246,#360);
#211=LINE('',#4250,#361);
#212=LINE('',#4255,#362);
#213=LINE('',#4259,#363);
#214=LINE('',#6042,#364);
#215=LINE('',#6046,#365);
#216=LINE('',#7845,#366);
#217=LINE('',#7866,#367);
#218=LINE('',#7868,#368);
#219=LINE('',#7869,#369);
#220=LINE('',#7892,#370);
#221=LINE('',#7913,#371);
#222=LINE('',#7915,#372);
#223=LINE('',#7916,#373);
#224=LINE('',#7939,#374);
#225=LINE('',#7960,#375);
#226=LINE('',#7962,#376);
#227=LINE('',#7963,#377);
#228=LINE('',#7986,#378);
#229=LINE('',#8007,#379);
#230=LINE('',#8009,#380);
#231=LINE('',#8010,#381);
#232=LINE('',#8033,#382);
#233=LINE('',#8054,#383);
#234=LINE('',#8056,#384);
#235=LINE('',#8057,#385);
#236=LINE('',#8080,#386);
#237=LINE('',#8101,#387);
#238=LINE('',#8103,#388);
#239=LINE('',#8104,#389);
#240=LINE('',#8127,#390);
#241=LINE('',#8148,#391);
#242=LINE('',#8150,#392);
#243=LINE('',#8151,#393);
#244=LINE('',#8174,#394);
#245=LINE('',#8195,#395);
#246=LINE('',#8197,#396);
#247=LINE('',#8198,#397);
#248=LINE('',#8221,#398);
#249=LINE('',#8242,#399);
#250=LINE('',#8244,#400);
#251=LINE('',#8245,#401);
#252=LINE('',#8268,#402);
#253=LINE('',#8289,#403);
#254=LINE('',#8291,#404);
#255=LINE('',#8292,#405);
#256=LINE('',#8315,#406);
#257=LINE('',#8336,#407);
#258=LINE('',#8338,#408);
#259=LINE('',#8339,#409);
#260=LINE('',#8362,#410);
#261=LINE('',#8383,#411);
#262=LINE('',#8385,#412);
#263=LINE('',#8386,#413);
#264=LINE('',#8409,#414);
#265=LINE('',#8430,#415);
#266=LINE('',#8432,#416);
#267=LINE('',#8433,#417);
#268=LINE('',#8456,#418);
#269=LINE('',#8477,#419);
#270=LINE('',#8479,#420);
#271=LINE('',#8480,#421);
#272=LINE('',#8503,#422);
#273=LINE('',#8524,#423);
#274=LINE('',#8526,#424);
#275=LINE('',#8527,#425);
#276=LINE('',#8550,#426);
#277=LINE('',#8571,#427);
#278=LINE('',#8573,#428);
#279=LINE('',#8574,#429);
#280=LINE('',#8597,#430);
#281=LINE('',#8618,#431);
#282=LINE('',#8620,#432);
#283=LINE('',#8621,#433);
#284=LINE('',#8644,#434);
#285=LINE('',#8665,#435);
#286=LINE('',#8667,#436);
#287=LINE('',#8668,#437);
#288=LINE('',#8691,#438);
#289=LINE('',#8712,#439);
#290=LINE('',#8714,#440);
#291=LINE('',#8715,#441);
#292=LINE('',#8738,#442);
#293=LINE('',#8759,#443);
#294=LINE('',#8761,#444);
#295=LINE('',#8762,#445);
#296=LINE('',#8785,#446);
#297=LINE('',#8806,#447);
#298=LINE('',#8808,#448);
#299=LINE('',#8809,#449);
#300=LINE('',#8832,#450);
#301=LINE('',#8853,#451);
#302=LINE('',#8855,#452);
#303=LINE('',#8856,#453);
#304=LINE('',#8879,#454);
#305=LINE('',#8900,#455);
#306=LINE('',#8902,#456);
#307=LINE('',#8903,#457);
#308=LINE('',#8926,#458);
#309=LINE('',#8947,#459);
#310=LINE('',#8949,#460);
#311=LINE('',#8950,#461);
#312=LINE('',#8973,#462);
#313=LINE('',#8994,#463);
#314=LINE('',#8996,#464);
#315=LINE('',#8997,#465);
#316=VECTOR('',#3270,1.);
#317=VECTOR('',#3273,1.);
#318=VECTOR('',#3280,1.);
#319=VECTOR('',#3283,1.);
#320=VECTOR('',#3286,1.);
#321=VECTOR('',#3289,1.);
#322=VECTOR('',#3294,1.);
#323=VECTOR('',#3297,1.);
#324=VECTOR('',#3302,1.);
#325=VECTOR('',#3305,1.);
#326=VECTOR('',#3310,1.);
#327=VECTOR('',#3313,1.);
#328=VECTOR('',#3318,1.);
#329=VECTOR('',#3321,1.);
#330=VECTOR('',#3328,1.);
#331=VECTOR('',#3331,1.);
#332=VECTOR('',#3334,1.);
#333=VECTOR('',#3337,1.);
#334=VECTOR('',#3342,1.);
#335=VECTOR('',#3345,1.);
#336=VECTOR('',#3350,1.);
#337=VECTOR('',#3353,1.);
#338=VECTOR('',#3358,1.);
#339=VECTOR('',#3361,1.);
#340=VECTOR('',#3366,1.);
#341=VECTOR('',#3369,1.);
#342=VECTOR('',#3376,1.);
#343=VECTOR('',#3379,1.);
#344=VECTOR('',#3382,1.);
#345=VECTOR('',#3385,1.);
#346=VECTOR('',#3392,1.);
#347=VECTOR('',#3395,1.);
#348=VECTOR('',#3400,1.);
#349=VECTOR('',#3403,1.);
#350=VECTOR('',#3408,1.);
#351=VECTOR('',#3411,1.);
#352=VECTOR('',#3416,1.);
#353=VECTOR('',#3419,1.);
#354=VECTOR('',#3424,1.);
#355=VECTOR('',#3427,1.);
#356=VECTOR('',#3430,1.);
#357=VECTOR('',#3433,1.);
#358=VECTOR('',#3438,1.);
#359=VECTOR('',#3441,1.);
#360=VECTOR('',#3448,1.);
#361=VECTOR('',#3451,1.);
#362=VECTOR('',#3456,1.);
#363=VECTOR('',#3459,1.);
#364=VECTOR('',#3618,1.);
#365=VECTOR('',#3621,1.);
#366=VECTOR('',#3776,1.);
#367=VECTOR('',#3777,1.);
#368=VECTOR('',#3780,1.);
#369=VECTOR('',#3781,1.);
#370=VECTOR('',#3786,1.);
#371=VECTOR('',#3787,1.);
#372=VECTOR('',#3790,1.);
#373=VECTOR('',#3791,1.);
#374=VECTOR('',#3796,1.);
#375=VECTOR('',#3797,1.);
#376=VECTOR('',#3800,1.);
#377=VECTOR('',#3801,1.);
#378=VECTOR('',#3806,1.);
#379=VECTOR('',#3807,1.);
#380=VECTOR('',#3810,1.);
#381=VECTOR('',#3811,1.);
#382=VECTOR('',#3816,1.);
#383=VECTOR('',#3817,1.);
#384=VECTOR('',#3820,1.);
#385=VECTOR('',#3821,1.);
#386=VECTOR('',#3826,1.);
#387=VECTOR('',#3827,1.);
#388=VECTOR('',#3830,1.);
#389=VECTOR('',#3831,1.);
#390=VECTOR('',#3836,1.);
#391=VECTOR('',#3837,1.);
#392=VECTOR('',#3840,1.);
#393=VECTOR('',#3841,1.);
#394=VECTOR('',#3846,1.);
#395=VECTOR('',#3847,1.);
#396=VECTOR('',#3850,1.);
#397=VECTOR('',#3851,1.);
#398=VECTOR('',#3856,1.);
#399=VECTOR('',#3857,1.);
#400=VECTOR('',#3860,1.);
#401=VECTOR('',#3861,1.);
#402=VECTOR('',#3866,1.);
#403=VECTOR('',#3867,1.);
#404=VECTOR('',#3870,1.);
#405=VECTOR('',#3871,1.);
#406=VECTOR('',#3876,1.);
#407=VECTOR('',#3877,1.);
#408=VECTOR('',#3880,1.);
#409=VECTOR('',#3881,1.);
#410=VECTOR('',#3886,1.);
#411=VECTOR('',#3887,1.);
#412=VECTOR('',#3890,1.);
#413=VECTOR('',#3891,1.);
#414=VECTOR('',#3896,1.);
#415=VECTOR('',#3897,1.);
#416=VECTOR('',#3900,1.);
#417=VECTOR('',#3901,1.);
#418=VECTOR('',#3906,1.);
#419=VECTOR('',#3907,1.);
#420=VECTOR('',#3910,1.);
#421=VECTOR('',#3911,1.);
#422=VECTOR('',#3916,1.);
#423=VECTOR('',#3917,1.);
#424=VECTOR('',#3920,1.);
#425=VECTOR('',#3921,1.);
#426=VECTOR('',#3926,1.);
#427=VECTOR('',#3927,1.);
#428=VECTOR('',#3930,1.);
#429=VECTOR('',#3931,1.);
#430=VECTOR('',#3936,1.);
#431=VECTOR('',#3937,1.);
#432=VECTOR('',#3940,1.);
#433=VECTOR('',#3941,1.);
#434=VECTOR('',#3946,1.);
#435=VECTOR('',#3947,1.);
#436=VECTOR('',#3950,1.);
#437=VECTOR('',#3951,1.);
#438=VECTOR('',#3956,1.);
#439=VECTOR('',#3957,1.);
#440=VECTOR('',#3960,1.);
#441=VECTOR('',#3961,1.);
#442=VECTOR('',#3966,1.);
#443=VECTOR('',#3967,1.);
#444=VECTOR('',#3970,1.);
#445=VECTOR('',#3971,1.);
#446=VECTOR('',#3976,1.);
#447=VECTOR('',#3977,1.);
#448=VECTOR('',#3980,1.);
#449=VECTOR('',#3981,1.);
#450=VECTOR('',#3986,1.);
#451=VECTOR('',#3987,1.);
#452=VECTOR('',#3990,1.);
#453=VECTOR('',#3991,1.);
#454=VECTOR('',#3996,1.);
#455=VECTOR('',#3997,1.);
#456=VECTOR('',#4000,1.);
#457=VECTOR('',#4001,1.);
#458=VECTOR('',#4006,1.);
#459=VECTOR('',#4007,1.);
#460=VECTOR('',#4010,1.);
#461=VECTOR('',#4011,1.);
#462=VECTOR('',#4016,1.);
#463=VECTOR('',#4017,1.);
#464=VECTOR('',#4020,1.);
#465=VECTOR('',#4021,1.);
#466=ORIENTED_EDGE('',*,*,#1378,.T.);
#467=ORIENTED_EDGE('',*,*,#1379,.T.);
#468=ORIENTED_EDGE('',*,*,#1380,.F.);
#469=ORIENTED_EDGE('',*,*,#1381,.F.);
#470=ORIENTED_EDGE('',*,*,#1382,.T.);
#471=ORIENTED_EDGE('',*,*,#1383,.T.);
#472=ORIENTED_EDGE('',*,*,#1384,.F.);
#473=ORIENTED_EDGE('',*,*,#1385,.T.);
#474=ORIENTED_EDGE('',*,*,#1386,.T.);
#475=ORIENTED_EDGE('',*,*,#1387,.F.);
#476=ORIENTED_EDGE('',*,*,#1388,.F.);
#477=ORIENTED_EDGE('',*,*,#1389,.F.);
#478=ORIENTED_EDGE('',*,*,#1390,.T.);
#479=ORIENTED_EDGE('',*,*,#1391,.T.);
#480=ORIENTED_EDGE('',*,*,#1392,.F.);
#481=ORIENTED_EDGE('',*,*,#1393,.F.);
#482=ORIENTED_EDGE('',*,*,#1394,.T.);
#483=ORIENTED_EDGE('',*,*,#1395,.T.);
#484=ORIENTED_EDGE('',*,*,#1396,.F.);
#485=ORIENTED_EDGE('',*,*,#1397,.F.);
#486=ORIENTED_EDGE('',*,*,#1398,.T.);
#487=ORIENTED_EDGE('',*,*,#1399,.T.);
#488=ORIENTED_EDGE('',*,*,#1400,.F.);
#489=ORIENTED_EDGE('',*,*,#1401,.F.);
#490=ORIENTED_EDGE('',*,*,#1402,.T.);
#491=ORIENTED_EDGE('',*,*,#1403,.T.);
#492=ORIENTED_EDGE('',*,*,#1404,.F.);
#493=ORIENTED_EDGE('',*,*,#1405,.F.);
#494=ORIENTED_EDGE('',*,*,#1406,.T.);
#495=ORIENTED_EDGE('',*,*,#1407,.T.);
#496=ORIENTED_EDGE('',*,*,#1408,.F.);
#497=ORIENTED_EDGE('',*,*,#1409,.T.);
#498=ORIENTED_EDGE('',*,*,#1410,.T.);
#499=ORIENTED_EDGE('',*,*,#1411,.F.);
#500=ORIENTED_EDGE('',*,*,#1412,.F.);
#501=ORIENTED_EDGE('',*,*,#1413,.F.);
#502=ORIENTED_EDGE('',*,*,#1414,.T.);
#503=ORIENTED_EDGE('',*,*,#1415,.T.);
#504=ORIENTED_EDGE('',*,*,#1416,.F.);
#505=ORIENTED_EDGE('',*,*,#1417,.F.);
#506=ORIENTED_EDGE('',*,*,#1418,.T.);
#507=ORIENTED_EDGE('',*,*,#1419,.T.);
#508=ORIENTED_EDGE('',*,*,#1420,.F.);
#509=ORIENTED_EDGE('',*,*,#1421,.F.);
#510=ORIENTED_EDGE('',*,*,#1422,.T.);
#511=ORIENTED_EDGE('',*,*,#1423,.T.);
#512=ORIENTED_EDGE('',*,*,#1424,.F.);
#513=ORIENTED_EDGE('',*,*,#1425,.F.);
#514=ORIENTED_EDGE('',*,*,#1426,.T.);
#515=ORIENTED_EDGE('',*,*,#1427,.T.);
#516=ORIENTED_EDGE('',*,*,#1428,.F.);
#517=ORIENTED_EDGE('',*,*,#1429,.F.);
#518=ORIENTED_EDGE('',*,*,#1430,.T.);
#519=ORIENTED_EDGE('',*,*,#1431,.T.);
#520=ORIENTED_EDGE('',*,*,#1432,.F.);
#521=ORIENTED_EDGE('',*,*,#1433,.T.);
#522=ORIENTED_EDGE('',*,*,#1434,.T.);
#523=ORIENTED_EDGE('',*,*,#1435,.F.);
#524=ORIENTED_EDGE('',*,*,#1436,.F.);
#525=ORIENTED_EDGE('',*,*,#1437,.F.);
#526=ORIENTED_EDGE('',*,*,#1438,.T.);
#527=ORIENTED_EDGE('',*,*,#1439,.T.);
#528=ORIENTED_EDGE('',*,*,#1440,.F.);
#529=ORIENTED_EDGE('',*,*,#1441,.T.);
#530=ORIENTED_EDGE('',*,*,#1442,.T.);
#531=ORIENTED_EDGE('',*,*,#1443,.F.);
#532=ORIENTED_EDGE('',*,*,#1444,.F.);
#533=ORIENTED_EDGE('',*,*,#1445,.T.);
#534=ORIENTED_EDGE('',*,*,#1446,.T.);
#535=ORIENTED_EDGE('',*,*,#1447,.F.);
#536=ORIENTED_EDGE('',*,*,#1448,.F.);
#537=ORIENTED_EDGE('',*,*,#1449,.T.);
#538=ORIENTED_EDGE('',*,*,#1450,.T.);
#539=ORIENTED_EDGE('',*,*,#1451,.F.);
#540=ORIENTED_EDGE('',*,*,#1452,.F.);
#541=ORIENTED_EDGE('',*,*,#1453,.T.);
#542=ORIENTED_EDGE('',*,*,#1454,.T.);
#543=ORIENTED_EDGE('',*,*,#1455,.F.);
#544=ORIENTED_EDGE('',*,*,#1456,.F.);
#545=ORIENTED_EDGE('',*,*,#1457,.T.);
#546=ORIENTED_EDGE('',*,*,#1458,.T.);
#547=ORIENTED_EDGE('',*,*,#1459,.F.);
#548=ORIENTED_EDGE('',*,*,#1460,.F.);
#549=ORIENTED_EDGE('',*,*,#1461,.F.);
#550=ORIENTED_EDGE('',*,*,#1462,.T.);
#551=ORIENTED_EDGE('',*,*,#1463,.T.);
#552=ORIENTED_EDGE('',*,*,#1464,.F.);
#553=ORIENTED_EDGE('',*,*,#1465,.F.);
#554=ORIENTED_EDGE('',*,*,#1466,.T.);
#555=ORIENTED_EDGE('',*,*,#1467,.T.);
#556=ORIENTED_EDGE('',*,*,#1468,.F.);
#557=ORIENTED_EDGE('',*,*,#1469,.T.);
#558=ORIENTED_EDGE('',*,*,#1470,.T.);
#559=ORIENTED_EDGE('',*,*,#1471,.F.);
#560=ORIENTED_EDGE('',*,*,#1472,.F.);
#561=ORIENTED_EDGE('',*,*,#1473,.T.);
#562=ORIENTED_EDGE('',*,*,#1474,.T.);
#563=ORIENTED_EDGE('',*,*,#1475,.F.);
#564=ORIENTED_EDGE('',*,*,#1476,.F.);
#565=ORIENTED_EDGE('',*,*,#1477,.F.);
#566=ORIENTED_EDGE('',*,*,#1478,.T.);
#567=ORIENTED_EDGE('',*,*,#1384,.T.);
#568=ORIENTED_EDGE('',*,*,#1479,.F.);
#569=ORIENTED_EDGE('',*,*,#1480,.F.);
#570=ORIENTED_EDGE('',*,*,#1481,.T.);
#571=ORIENTED_EDGE('',*,*,#1482,.F.);
#572=ORIENTED_EDGE('',*,*,#1483,.T.);
#573=ORIENTED_EDGE('',*,*,#1444,.T.);
#574=ORIENTED_EDGE('',*,*,#1484,.F.);
#575=ORIENTED_EDGE('',*,*,#1485,.F.);
#576=ORIENTED_EDGE('',*,*,#1486,.T.);
#577=ORIENTED_EDGE('',*,*,#1487,.F.);
#578=ORIENTED_EDGE('',*,*,#1488,.T.);
#579=ORIENTED_EDGE('',*,*,#1448,.T.);
#580=ORIENTED_EDGE('',*,*,#1489,.F.);
#581=ORIENTED_EDGE('',*,*,#1490,.F.);
#582=ORIENTED_EDGE('',*,*,#1491,.T.);
#583=ORIENTED_EDGE('',*,*,#1492,.F.);
#584=ORIENTED_EDGE('',*,*,#1493,.T.);
#585=ORIENTED_EDGE('',*,*,#1452,.T.);
#586=ORIENTED_EDGE('',*,*,#1494,.F.);
#587=ORIENTED_EDGE('',*,*,#1495,.F.);
#588=ORIENTED_EDGE('',*,*,#1496,.T.);
#589=ORIENTED_EDGE('',*,*,#1497,.F.);
#590=ORIENTED_EDGE('',*,*,#1498,.T.);
#591=ORIENTED_EDGE('',*,*,#1456,.T.);
#592=ORIENTED_EDGE('',*,*,#1499,.F.);
#593=ORIENTED_EDGE('',*,*,#1500,.F.);
#594=ORIENTED_EDGE('',*,*,#1501,.T.);
#595=ORIENTED_EDGE('',*,*,#1502,.F.);
#596=ORIENTED_EDGE('',*,*,#1503,.T.);
#597=ORIENTED_EDGE('',*,*,#1468,.T.);
#598=ORIENTED_EDGE('',*,*,#1504,.F.);
#599=ORIENTED_EDGE('',*,*,#1505,.F.);
#600=ORIENTED_EDGE('',*,*,#1506,.T.);
#601=ORIENTED_EDGE('',*,*,#1507,.F.);
#602=ORIENTED_EDGE('',*,*,#1508,.T.);
#603=ORIENTED_EDGE('',*,*,#1472,.T.);
#604=ORIENTED_EDGE('',*,*,#1509,.F.);
#605=ORIENTED_EDGE('',*,*,#1510,.F.);
#606=ORIENTED_EDGE('',*,*,#1511,.T.);
#607=ORIENTED_EDGE('',*,*,#1512,.F.);
#608=ORIENTED_EDGE('',*,*,#1513,.T.);
#609=ORIENTED_EDGE('',*,*,#1465,.T.);
#610=ORIENTED_EDGE('',*,*,#1514,.F.);
#611=ORIENTED_EDGE('',*,*,#1515,.F.);
#612=ORIENTED_EDGE('',*,*,#1516,.T.);
#613=ORIENTED_EDGE('',*,*,#1517,.F.);
#614=ORIENTED_EDGE('',*,*,#1518,.T.);
#615=ORIENTED_EDGE('',*,*,#1461,.T.);
#616=ORIENTED_EDGE('',*,*,#1519,.F.);
#617=ORIENTED_EDGE('',*,*,#1520,.F.);
#618=ORIENTED_EDGE('',*,*,#1521,.T.);
#619=ORIENTED_EDGE('',*,*,#1522,.F.);
#620=ORIENTED_EDGE('',*,*,#1523,.T.);
#621=ORIENTED_EDGE('',*,*,#1524,.T.);
#622=ORIENTED_EDGE('',*,*,#1525,.F.);
#623=ORIENTED_EDGE('',*,*,#1526,.F.);
#624=ORIENTED_EDGE('',*,*,#1527,.T.);
#625=ORIENTED_EDGE('',*,*,#1528,.F.);
#626=ORIENTED_EDGE('',*,*,#1529,.T.);
#627=ORIENTED_EDGE('',*,*,#1429,.T.);
#628=ORIENTED_EDGE('',*,*,#1530,.F.);
#629=ORIENTED_EDGE('',*,*,#1531,.F.);
#630=ORIENTED_EDGE('',*,*,#1532,.T.);
#631=ORIENTED_EDGE('',*,*,#1533,.F.);
#632=ORIENTED_EDGE('',*,*,#1534,.T.);
#633=ORIENTED_EDGE('',*,*,#1432,.T.);
#634=ORIENTED_EDGE('',*,*,#1535,.F.);
#635=ORIENTED_EDGE('',*,*,#1536,.F.);
#636=ORIENTED_EDGE('',*,*,#1537,.T.);
#637=ORIENTED_EDGE('',*,*,#1538,.F.);
#638=ORIENTED_EDGE('',*,*,#1539,.T.);
#639=ORIENTED_EDGE('',*,*,#1440,.T.);
#640=ORIENTED_EDGE('',*,*,#1540,.F.);
#641=ORIENTED_EDGE('',*,*,#1541,.F.);
#642=ORIENTED_EDGE('',*,*,#1542,.T.);
#643=ORIENTED_EDGE('',*,*,#1543,.F.);
#644=ORIENTED_EDGE('',*,*,#1544,.T.);
#645=ORIENTED_EDGE('',*,*,#1437,.T.);
#646=ORIENTED_EDGE('',*,*,#1545,.F.);
#647=ORIENTED_EDGE('',*,*,#1546,.F.);
#648=ORIENTED_EDGE('',*,*,#1547,.T.);
#649=ORIENTED_EDGE('',*,*,#1548,.F.);
#650=ORIENTED_EDGE('',*,*,#1549,.T.);
#651=ORIENTED_EDGE('',*,*,#1425,.T.);
#652=ORIENTED_EDGE('',*,*,#1550,.F.);
#653=ORIENTED_EDGE('',*,*,#1551,.F.);
#654=ORIENTED_EDGE('',*,*,#1552,.T.);
#655=ORIENTED_EDGE('',*,*,#1553,.F.);
#656=ORIENTED_EDGE('',*,*,#1554,.T.);
#657=ORIENTED_EDGE('',*,*,#1421,.T.);
#658=ORIENTED_EDGE('',*,*,#1555,.F.);
#659=ORIENTED_EDGE('',*,*,#1556,.F.);
#660=ORIENTED_EDGE('',*,*,#1557,.T.);
#661=ORIENTED_EDGE('',*,*,#1558,.F.);
#662=ORIENTED_EDGE('',*,*,#1559,.T.);
#663=ORIENTED_EDGE('',*,*,#1417,.T.);
#664=ORIENTED_EDGE('',*,*,#1560,.F.);
#665=ORIENTED_EDGE('',*,*,#1561,.F.);
#666=ORIENTED_EDGE('',*,*,#1562,.T.);
#667=ORIENTED_EDGE('',*,*,#1563,.F.);
#668=ORIENTED_EDGE('',*,*,#1564,.T.);
#669=ORIENTED_EDGE('',*,*,#1413,.T.);
#670=ORIENTED_EDGE('',*,*,#1565,.F.);
#671=ORIENTED_EDGE('',*,*,#1566,.F.);
#672=ORIENTED_EDGE('',*,*,#1567,.T.);
#673=ORIENTED_EDGE('',*,*,#1568,.F.);
#674=ORIENTED_EDGE('',*,*,#1569,.T.);
#675=ORIENTED_EDGE('',*,*,#1405,.T.);
#676=ORIENTED_EDGE('',*,*,#1570,.F.);
#677=ORIENTED_EDGE('',*,*,#1571,.F.);
#678=ORIENTED_EDGE('',*,*,#1572,.T.);
#679=ORIENTED_EDGE('',*,*,#1573,.F.);
#680=ORIENTED_EDGE('',*,*,#1574,.T.);
#681=ORIENTED_EDGE('',*,*,#1408,.T.);
#682=ORIENTED_EDGE('',*,*,#1575,.F.);
#683=ORIENTED_EDGE('',*,*,#1576,.F.);
#684=ORIENTED_EDGE('',*,*,#1577,.T.);
#685=ORIENTED_EDGE('',*,*,#1578,.F.);
#686=ORIENTED_EDGE('',*,*,#1579,.T.);
#687=ORIENTED_EDGE('',*,*,#1401,.T.);
#688=ORIENTED_EDGE('',*,*,#1580,.F.);
#689=ORIENTED_EDGE('',*,*,#1581,.F.);
#690=ORIENTED_EDGE('',*,*,#1582,.T.);
#691=ORIENTED_EDGE('',*,*,#1583,.F.);
#692=ORIENTED_EDGE('',*,*,#1584,.T.);
#693=ORIENTED_EDGE('',*,*,#1397,.T.);
#694=ORIENTED_EDGE('',*,*,#1585,.F.);
#695=ORIENTED_EDGE('',*,*,#1586,.F.);
#696=ORIENTED_EDGE('',*,*,#1587,.T.);
#697=ORIENTED_EDGE('',*,*,#1588,.F.);
#698=ORIENTED_EDGE('',*,*,#1589,.T.);
#699=ORIENTED_EDGE('',*,*,#1393,.T.);
#700=ORIENTED_EDGE('',*,*,#1590,.F.);
#701=ORIENTED_EDGE('',*,*,#1591,.F.);
#702=ORIENTED_EDGE('',*,*,#1592,.T.);
#703=ORIENTED_EDGE('',*,*,#1593,.F.);
#704=ORIENTED_EDGE('',*,*,#1594,.T.);
#705=ORIENTED_EDGE('',*,*,#1389,.T.);
#706=ORIENTED_EDGE('',*,*,#1595,.F.);
#707=ORIENTED_EDGE('',*,*,#1596,.F.);
#708=ORIENTED_EDGE('',*,*,#1597,.T.);
#709=ORIENTED_EDGE('',*,*,#1598,.F.);
#710=ORIENTED_EDGE('',*,*,#1599,.T.);
#711=ORIENTED_EDGE('',*,*,#1381,.T.);
#712=ORIENTED_EDGE('',*,*,#1600,.F.);
#713=ORIENTED_EDGE('',*,*,#1601,.F.);
#714=ORIENTED_EDGE('',*,*,#1602,.T.);
#715=ORIENTED_EDGE('',*,*,#1524,.F.);
#716=ORIENTED_EDGE('',*,*,#1603,.T.);
#717=ORIENTED_EDGE('',*,*,#1604,.T.);
#718=ORIENTED_EDGE('',*,*,#1605,.F.);
#719=ORIENTED_EDGE('',*,*,#1606,.F.);
#720=ORIENTED_EDGE('',*,*,#1607,.F.);
#721=ORIENTED_EDGE('',*,*,#1608,.T.);
#722=ORIENTED_EDGE('',*,*,#1383,.F.);
#723=ORIENTED_EDGE('',*,*,#1609,.F.);
#724=ORIENTED_EDGE('',*,*,#1610,.F.);
#725=ORIENTED_EDGE('',*,*,#1611,.F.);
#726=ORIENTED_EDGE('',*,*,#1612,.F.);
#727=ORIENTED_EDGE('',*,*,#1613,.T.);
#728=ORIENTED_EDGE('',*,*,#1391,.F.);
#729=ORIENTED_EDGE('',*,*,#1614,.F.);
#730=ORIENTED_EDGE('',*,*,#1615,.F.);
#731=ORIENTED_EDGE('',*,*,#1616,.F.);
#732=ORIENTED_EDGE('',*,*,#1617,.F.);
#733=ORIENTED_EDGE('',*,*,#1618,.T.);
#734=ORIENTED_EDGE('',*,*,#1395,.F.);
#735=ORIENTED_EDGE('',*,*,#1619,.F.);
#736=ORIENTED_EDGE('',*,*,#1620,.F.);
#737=ORIENTED_EDGE('',*,*,#1621,.F.);
#738=ORIENTED_EDGE('',*,*,#1622,.F.);
#739=ORIENTED_EDGE('',*,*,#1623,.T.);
#740=ORIENTED_EDGE('',*,*,#1399,.F.);
#741=ORIENTED_EDGE('',*,*,#1624,.F.);
#742=ORIENTED_EDGE('',*,*,#1625,.F.);
#743=ORIENTED_EDGE('',*,*,#1626,.F.);
#744=ORIENTED_EDGE('',*,*,#1627,.F.);
#745=ORIENTED_EDGE('',*,*,#1628,.T.);
#746=ORIENTED_EDGE('',*,*,#1403,.F.);
#747=ORIENTED_EDGE('',*,*,#1629,.F.);
#748=ORIENTED_EDGE('',*,*,#1630,.F.);
#749=ORIENTED_EDGE('',*,*,#1631,.F.);
#750=ORIENTED_EDGE('',*,*,#1632,.F.);
#751=ORIENTED_EDGE('',*,*,#1633,.T.);
#752=ORIENTED_EDGE('',*,*,#1410,.F.);
#753=ORIENTED_EDGE('',*,*,#1634,.F.);
#754=ORIENTED_EDGE('',*,*,#1635,.F.);
#755=ORIENTED_EDGE('',*,*,#1636,.F.);
#756=ORIENTED_EDGE('',*,*,#1637,.F.);
#757=ORIENTED_EDGE('',*,*,#1638,.T.);
#758=ORIENTED_EDGE('',*,*,#1407,.F.);
#759=ORIENTED_EDGE('',*,*,#1639,.F.);
#760=ORIENTED_EDGE('',*,*,#1640,.F.);
#761=ORIENTED_EDGE('',*,*,#1641,.F.);
#762=ORIENTED_EDGE('',*,*,#1642,.F.);
#763=ORIENTED_EDGE('',*,*,#1643,.T.);
#764=ORIENTED_EDGE('',*,*,#1415,.F.);
#765=ORIENTED_EDGE('',*,*,#1644,.F.);
#766=ORIENTED_EDGE('',*,*,#1645,.F.);
#767=ORIENTED_EDGE('',*,*,#1646,.F.);
#768=ORIENTED_EDGE('',*,*,#1647,.F.);
#769=ORIENTED_EDGE('',*,*,#1648,.T.);
#770=ORIENTED_EDGE('',*,*,#1419,.F.);
#771=ORIENTED_EDGE('',*,*,#1649,.F.);
#772=ORIENTED_EDGE('',*,*,#1650,.F.);
#773=ORIENTED_EDGE('',*,*,#1651,.F.);
#774=ORIENTED_EDGE('',*,*,#1652,.F.);
#775=ORIENTED_EDGE('',*,*,#1653,.T.);
#776=ORIENTED_EDGE('',*,*,#1423,.F.);
#777=ORIENTED_EDGE('',*,*,#1654,.F.);
#778=ORIENTED_EDGE('',*,*,#1655,.F.);
#779=ORIENTED_EDGE('',*,*,#1656,.F.);
#780=ORIENTED_EDGE('',*,*,#1657,.F.);
#781=ORIENTED_EDGE('',*,*,#1658,.T.);
#782=ORIENTED_EDGE('',*,*,#1427,.F.);
#783=ORIENTED_EDGE('',*,*,#1659,.F.);
#784=ORIENTED_EDGE('',*,*,#1660,.F.);
#785=ORIENTED_EDGE('',*,*,#1661,.F.);
#786=ORIENTED_EDGE('',*,*,#1662,.F.);
#787=ORIENTED_EDGE('',*,*,#1663,.T.);
#788=ORIENTED_EDGE('',*,*,#1439,.F.);
#789=ORIENTED_EDGE('',*,*,#1664,.F.);
#790=ORIENTED_EDGE('',*,*,#1665,.F.);
#791=ORIENTED_EDGE('',*,*,#1666,.F.);
#792=ORIENTED_EDGE('',*,*,#1667,.F.);
#793=ORIENTED_EDGE('',*,*,#1668,.T.);
#794=ORIENTED_EDGE('',*,*,#1442,.F.);
#795=ORIENTED_EDGE('',*,*,#1669,.F.);
#796=ORIENTED_EDGE('',*,*,#1670,.F.);
#797=ORIENTED_EDGE('',*,*,#1671,.F.);
#798=ORIENTED_EDGE('',*,*,#1672,.F.);
#799=ORIENTED_EDGE('',*,*,#1673,.T.);
#800=ORIENTED_EDGE('',*,*,#1434,.F.);
#801=ORIENTED_EDGE('',*,*,#1674,.F.);
#802=ORIENTED_EDGE('',*,*,#1675,.F.);
#803=ORIENTED_EDGE('',*,*,#1676,.F.);
#804=ORIENTED_EDGE('',*,*,#1677,.F.);
#805=ORIENTED_EDGE('',*,*,#1678,.T.);
#806=ORIENTED_EDGE('',*,*,#1431,.F.);
#807=ORIENTED_EDGE('',*,*,#1679,.F.);
#808=ORIENTED_EDGE('',*,*,#1680,.F.);
#809=ORIENTED_EDGE('',*,*,#1681,.F.);
#810=ORIENTED_EDGE('',*,*,#1682,.F.);
#811=ORIENTED_EDGE('',*,*,#1683,.T.);
#812=ORIENTED_EDGE('',*,*,#1604,.F.);
#813=ORIENTED_EDGE('',*,*,#1684,.F.);
#814=ORIENTED_EDGE('',*,*,#1685,.F.);
#815=ORIENTED_EDGE('',*,*,#1686,.F.);
#816=ORIENTED_EDGE('',*,*,#1687,.F.);
#817=ORIENTED_EDGE('',*,*,#1688,.T.);
#818=ORIENTED_EDGE('',*,*,#1463,.F.);
#819=ORIENTED_EDGE('',*,*,#1689,.F.);
#820=ORIENTED_EDGE('',*,*,#1690,.F.);
#821=ORIENTED_EDGE('',*,*,#1691,.F.);
#822=ORIENTED_EDGE('',*,*,#1692,.F.);
#823=ORIENTED_EDGE('',*,*,#1693,.T.);
#824=ORIENTED_EDGE('',*,*,#1467,.F.);
#825=ORIENTED_EDGE('',*,*,#1694,.F.);
#826=ORIENTED_EDGE('',*,*,#1695,.F.);
#827=ORIENTED_EDGE('',*,*,#1696,.F.);
#828=ORIENTED_EDGE('',*,*,#1697,.F.);
#829=ORIENTED_EDGE('',*,*,#1698,.T.);
#830=ORIENTED_EDGE('',*,*,#1474,.F.);
#831=ORIENTED_EDGE('',*,*,#1699,.F.);
#832=ORIENTED_EDGE('',*,*,#1700,.F.);
#833=ORIENTED_EDGE('',*,*,#1701,.F.);
#834=ORIENTED_EDGE('',*,*,#1702,.F.);
#835=ORIENTED_EDGE('',*,*,#1703,.T.);
#836=ORIENTED_EDGE('',*,*,#1470,.F.);
#837=ORIENTED_EDGE('',*,*,#1704,.F.);
#838=ORIENTED_EDGE('',*,*,#1705,.F.);
#839=ORIENTED_EDGE('',*,*,#1706,.F.);
#840=ORIENTED_EDGE('',*,*,#1707,.F.);
#841=ORIENTED_EDGE('',*,*,#1708,.T.);
#842=ORIENTED_EDGE('',*,*,#1458,.F.);
#843=ORIENTED_EDGE('',*,*,#1709,.F.);
#844=ORIENTED_EDGE('',*,*,#1710,.F.);
#845=ORIENTED_EDGE('',*,*,#1711,.F.);
#846=ORIENTED_EDGE('',*,*,#1712,.F.);
#847=ORIENTED_EDGE('',*,*,#1713,.T.);
#848=ORIENTED_EDGE('',*,*,#1454,.F.);
#849=ORIENTED_EDGE('',*,*,#1714,.F.);
#850=ORIENTED_EDGE('',*,*,#1715,.F.);
#851=ORIENTED_EDGE('',*,*,#1716,.F.);
#852=ORIENTED_EDGE('',*,*,#1717,.F.);
#853=ORIENTED_EDGE('',*,*,#1718,.T.);
#854=ORIENTED_EDGE('',*,*,#1450,.F.);
#855=ORIENTED_EDGE('',*,*,#1719,.F.);
#856=ORIENTED_EDGE('',*,*,#1720,.F.);
#857=ORIENTED_EDGE('',*,*,#1721,.F.);
#858=ORIENTED_EDGE('',*,*,#1722,.F.);
#859=ORIENTED_EDGE('',*,*,#1723,.T.);
#860=ORIENTED_EDGE('',*,*,#1446,.F.);
#861=ORIENTED_EDGE('',*,*,#1724,.F.);
#862=ORIENTED_EDGE('',*,*,#1725,.F.);
#863=ORIENTED_EDGE('',*,*,#1726,.F.);
#864=ORIENTED_EDGE('',*,*,#1727,.F.);
#865=ORIENTED_EDGE('',*,*,#1728,.T.);
#866=ORIENTED_EDGE('',*,*,#1386,.F.);
#867=ORIENTED_EDGE('',*,*,#1729,.F.);
#868=ORIENTED_EDGE('',*,*,#1730,.F.);
#869=ORIENTED_EDGE('',*,*,#1731,.F.);
#870=ORIENTED_EDGE('',*,*,#1525,.T.);
#871=ORIENTED_EDGE('',*,*,#1605,.T.);
#872=ORIENTED_EDGE('',*,*,#1683,.F.);
#873=ORIENTED_EDGE('',*,*,#1732,.F.);
#874=ORIENTED_EDGE('',*,*,#1679,.T.);
#875=ORIENTED_EDGE('',*,*,#1430,.F.);
#876=ORIENTED_EDGE('',*,*,#1529,.F.);
#877=ORIENTED_EDGE('',*,*,#1733,.F.);
#878=ORIENTED_EDGE('',*,*,#1681,.T.);
#879=ORIENTED_EDGE('',*,*,#1734,.F.);
#880=ORIENTED_EDGE('',*,*,#1527,.F.);
#881=ORIENTED_EDGE('',*,*,#1735,.F.);
#882=ORIENTED_EDGE('',*,*,#1526,.T.);
#883=ORIENTED_EDGE('',*,*,#1732,.T.);
#884=ORIENTED_EDGE('',*,*,#1682,.T.);
#885=ORIENTED_EDGE('',*,*,#1735,.T.);
#886=ORIENTED_EDGE('',*,*,#1528,.T.);
#887=ORIENTED_EDGE('',*,*,#1734,.T.);
#888=ORIENTED_EDGE('',*,*,#1680,.T.);
#889=ORIENTED_EDGE('',*,*,#1733,.T.);
#890=ORIENTED_EDGE('',*,*,#1509,.T.);
#891=ORIENTED_EDGE('',*,*,#1475,.T.);
#892=ORIENTED_EDGE('',*,*,#1698,.F.);
#893=ORIENTED_EDGE('',*,*,#1736,.F.);
#894=ORIENTED_EDGE('',*,*,#1694,.T.);
#895=ORIENTED_EDGE('',*,*,#1466,.F.);
#896=ORIENTED_EDGE('',*,*,#1513,.F.);
#897=ORIENTED_EDGE('',*,*,#1737,.F.);
#898=ORIENTED_EDGE('',*,*,#1696,.T.);
#899=ORIENTED_EDGE('',*,*,#1738,.F.);
#900=ORIENTED_EDGE('',*,*,#1511,.F.);
#901=ORIENTED_EDGE('',*,*,#1739,.F.);
#902=ORIENTED_EDGE('',*,*,#1510,.T.);
#903=ORIENTED_EDGE('',*,*,#1736,.T.);
#904=ORIENTED_EDGE('',*,*,#1697,.T.);
#905=ORIENTED_EDGE('',*,*,#1739,.T.);
#906=ORIENTED_EDGE('',*,*,#1512,.T.);
#907=ORIENTED_EDGE('',*,*,#1738,.T.);
#908=ORIENTED_EDGE('',*,*,#1695,.T.);
#909=ORIENTED_EDGE('',*,*,#1737,.T.);
#910=ORIENTED_EDGE('',*,*,#1504,.T.);
#911=ORIENTED_EDGE('',*,*,#1471,.T.);
#912=ORIENTED_EDGE('',*,*,#1703,.F.);
#913=ORIENTED_EDGE('',*,*,#1740,.F.);
#914=ORIENTED_EDGE('',*,*,#1699,.T.);
#915=ORIENTED_EDGE('',*,*,#1473,.F.);
#916=ORIENTED_EDGE('',*,*,#1508,.F.);
#917=ORIENTED_EDGE('',*,*,#1741,.F.);
#918=ORIENTED_EDGE('',*,*,#1701,.T.);
#919=ORIENTED_EDGE('',*,*,#1742,.F.);
#920=ORIENTED_EDGE('',*,*,#1506,.F.);
#921=ORIENTED_EDGE('',*,*,#1743,.F.);
#922=ORIENTED_EDGE('',*,*,#1505,.T.);
#923=ORIENTED_EDGE('',*,*,#1740,.T.);
#924=ORIENTED_EDGE('',*,*,#1702,.T.);
#925=ORIENTED_EDGE('',*,*,#1743,.T.);
#926=ORIENTED_EDGE('',*,*,#1507,.T.);
#927=ORIENTED_EDGE('',*,*,#1742,.T.);
#928=ORIENTED_EDGE('',*,*,#1700,.T.);
#929=ORIENTED_EDGE('',*,*,#1741,.T.);
#930=ORIENTED_EDGE('',*,*,#1514,.T.);
#931=ORIENTED_EDGE('',*,*,#1464,.T.);
#932=ORIENTED_EDGE('',*,*,#1693,.F.);
#933=ORIENTED_EDGE('',*,*,#1744,.F.);
#934=ORIENTED_EDGE('',*,*,#1689,.T.);
#935=ORIENTED_EDGE('',*,*,#1462,.F.);
#936=ORIENTED_EDGE('',*,*,#1518,.F.);
#937=ORIENTED_EDGE('',*,*,#1745,.F.);
#938=ORIENTED_EDGE('',*,*,#1691,.T.);
#939=ORIENTED_EDGE('',*,*,#1746,.F.);
#940=ORIENTED_EDGE('',*,*,#1516,.F.);
#941=ORIENTED_EDGE('',*,*,#1747,.F.);
#942=ORIENTED_EDGE('',*,*,#1515,.T.);
#943=ORIENTED_EDGE('',*,*,#1744,.T.);
#944=ORIENTED_EDGE('',*,*,#1692,.T.);
#945=ORIENTED_EDGE('',*,*,#1747,.T.);
#946=ORIENTED_EDGE('',*,*,#1517,.T.);
#947=ORIENTED_EDGE('',*,*,#1746,.T.);
#948=ORIENTED_EDGE('',*,*,#1690,.T.);
#949=ORIENTED_EDGE('',*,*,#1745,.T.);
#950=ORIENTED_EDGE('',*,*,#1519,.T.);
#951=ORIENTED_EDGE('',*,*,#1460,.T.);
#952=ORIENTED_EDGE('',*,*,#1688,.F.);
#953=ORIENTED_EDGE('',*,*,#1748,.F.);
#954=ORIENTED_EDGE('',*,*,#1684,.T.);
#955=ORIENTED_EDGE('',*,*,#1603,.F.);
#956=ORIENTED_EDGE('',*,*,#1523,.F.);
#957=ORIENTED_EDGE('',*,*,#1749,.F.);
#958=ORIENTED_EDGE('',*,*,#1686,.T.);
#959=ORIENTED_EDGE('',*,*,#1750,.F.);
#960=ORIENTED_EDGE('',*,*,#1521,.F.);
#961=ORIENTED_EDGE('',*,*,#1751,.F.);
#962=ORIENTED_EDGE('',*,*,#1520,.T.);
#963=ORIENTED_EDGE('',*,*,#1748,.T.);
#964=ORIENTED_EDGE('',*,*,#1687,.T.);
#965=ORIENTED_EDGE('',*,*,#1751,.T.);
#966=ORIENTED_EDGE('',*,*,#1522,.T.);
#967=ORIENTED_EDGE('',*,*,#1750,.T.);
#968=ORIENTED_EDGE('',*,*,#1685,.T.);
#969=ORIENTED_EDGE('',*,*,#1749,.T.);
#970=ORIENTED_EDGE('',*,*,#1499,.T.);
#971=ORIENTED_EDGE('',*,*,#1459,.T.);
#972=ORIENTED_EDGE('',*,*,#1708,.F.);
#973=ORIENTED_EDGE('',*,*,#1752,.F.);
#974=ORIENTED_EDGE('',*,*,#1704,.T.);
#975=ORIENTED_EDGE('',*,*,#1469,.F.);
#976=ORIENTED_EDGE('',*,*,#1503,.F.);
#977=ORIENTED_EDGE('',*,*,#1753,.F.);
#978=ORIENTED_EDGE('',*,*,#1706,.T.);
#979=ORIENTED_EDGE('',*,*,#1754,.F.);
#980=ORIENTED_EDGE('',*,*,#1501,.F.);
#981=ORIENTED_EDGE('',*,*,#1755,.F.);
#982=ORIENTED_EDGE('',*,*,#1500,.T.);
#983=ORIENTED_EDGE('',*,*,#1752,.T.);
#984=ORIENTED_EDGE('',*,*,#1707,.T.);
#985=ORIENTED_EDGE('',*,*,#1755,.T.);
#986=ORIENTED_EDGE('',*,*,#1502,.T.);
#987=ORIENTED_EDGE('',*,*,#1754,.T.);
#988=ORIENTED_EDGE('',*,*,#1705,.T.);
#989=ORIENTED_EDGE('',*,*,#1753,.T.);
#990=ORIENTED_EDGE('',*,*,#1494,.T.);
#991=ORIENTED_EDGE('',*,*,#1455,.T.);
#992=ORIENTED_EDGE('',*,*,#1713,.F.);
#993=ORIENTED_EDGE('',*,*,#1756,.F.);
#994=ORIENTED_EDGE('',*,*,#1709,.T.);
#995=ORIENTED_EDGE('',*,*,#1457,.F.);
#996=ORIENTED_EDGE('',*,*,#1498,.F.);
#997=ORIENTED_EDGE('',*,*,#1757,.F.);
#998=ORIENTED_EDGE('',*,*,#1711,.T.);
#999=ORIENTED_EDGE('',*,*,#1758,.F.);
#1000=ORIENTED_EDGE('',*,*,#1496,.F.);
#1001=ORIENTED_EDGE('',*,*,#1759,.F.);
#1002=ORIENTED_EDGE('',*,*,#1495,.T.);
#1003=ORIENTED_EDGE('',*,*,#1756,.T.);
#1004=ORIENTED_EDGE('',*,*,#1712,.T.);
#1005=ORIENTED_EDGE('',*,*,#1759,.T.);
#1006=ORIENTED_EDGE('',*,*,#1497,.T.);
#1007=ORIENTED_EDGE('',*,*,#1758,.T.);
#1008=ORIENTED_EDGE('',*,*,#1710,.T.);
#1009=ORIENTED_EDGE('',*,*,#1757,.T.);
#1010=ORIENTED_EDGE('',*,*,#1489,.T.);
#1011=ORIENTED_EDGE('',*,*,#1451,.T.);
#1012=ORIENTED_EDGE('',*,*,#1718,.F.);
#1013=ORIENTED_EDGE('',*,*,#1760,.F.);
#1014=ORIENTED_EDGE('',*,*,#1714,.T.);
#1015=ORIENTED_EDGE('',*,*,#1453,.F.);
#1016=ORIENTED_EDGE('',*,*,#1493,.F.);
#1017=ORIENTED_EDGE('',*,*,#1761,.F.);
#1018=ORIENTED_EDGE('',*,*,#1716,.T.);
#1019=ORIENTED_EDGE('',*,*,#1762,.F.);
#1020=ORIENTED_EDGE('',*,*,#1491,.F.);
#1021=ORIENTED_EDGE('',*,*,#1763,.F.);
#1022=ORIENTED_EDGE('',*,*,#1490,.T.);
#1023=ORIENTED_EDGE('',*,*,#1760,.T.);
#1024=ORIENTED_EDGE('',*,*,#1717,.T.);
#1025=ORIENTED_EDGE('',*,*,#1763,.T.);
#1026=ORIENTED_EDGE('',*,*,#1492,.T.);
#1027=ORIENTED_EDGE('',*,*,#1762,.T.);
#1028=ORIENTED_EDGE('',*,*,#1715,.T.);
#1029=ORIENTED_EDGE('',*,*,#1761,.T.);
#1030=ORIENTED_EDGE('',*,*,#1484,.T.);
#1031=ORIENTED_EDGE('',*,*,#1447,.T.);
#1032=ORIENTED_EDGE('',*,*,#1723,.F.);
#1033=ORIENTED_EDGE('',*,*,#1764,.F.);
#1034=ORIENTED_EDGE('',*,*,#1719,.T.);
#1035=ORIENTED_EDGE('',*,*,#1449,.F.);
#1036=ORIENTED_EDGE('',*,*,#1488,.F.);
#1037=ORIENTED_EDGE('',*,*,#1765,.F.);
#1038=ORIENTED_EDGE('',*,*,#1721,.T.);
#1039=ORIENTED_EDGE('',*,*,#1766,.F.);
#1040=ORIENTED_EDGE('',*,*,#1486,.F.);
#1041=ORIENTED_EDGE('',*,*,#1767,.F.);
#1042=ORIENTED_EDGE('',*,*,#1485,.T.);
#1043=ORIENTED_EDGE('',*,*,#1764,.T.);
#1044=ORIENTED_EDGE('',*,*,#1722,.T.);
#1045=ORIENTED_EDGE('',*,*,#1767,.T.);
#1046=ORIENTED_EDGE('',*,*,#1487,.T.);
#1047=ORIENTED_EDGE('',*,*,#1766,.T.);
#1048=ORIENTED_EDGE('',*,*,#1720,.T.);
#1049=ORIENTED_EDGE('',*,*,#1765,.T.);
#1050=ORIENTED_EDGE('',*,*,#1540,.T.);
#1051=ORIENTED_EDGE('',*,*,#1443,.T.);
#1052=ORIENTED_EDGE('',*,*,#1668,.F.);
#1053=ORIENTED_EDGE('',*,*,#1768,.F.);
#1054=ORIENTED_EDGE('',*,*,#1664,.T.);
#1055=ORIENTED_EDGE('',*,*,#1438,.F.);
#1056=ORIENTED_EDGE('',*,*,#1544,.F.);
#1057=ORIENTED_EDGE('',*,*,#1769,.F.);
#1058=ORIENTED_EDGE('',*,*,#1666,.T.);
#1059=ORIENTED_EDGE('',*,*,#1770,.F.);
#1060=ORIENTED_EDGE('',*,*,#1542,.F.);
#1061=ORIENTED_EDGE('',*,*,#1771,.F.);
#1062=ORIENTED_EDGE('',*,*,#1541,.T.);
#1063=ORIENTED_EDGE('',*,*,#1768,.T.);
#1064=ORIENTED_EDGE('',*,*,#1667,.T.);
#1065=ORIENTED_EDGE('',*,*,#1771,.T.);
#1066=ORIENTED_EDGE('',*,*,#1543,.T.);
#1067=ORIENTED_EDGE('',*,*,#1770,.T.);
#1068=ORIENTED_EDGE('',*,*,#1665,.T.);
#1069=ORIENTED_EDGE('',*,*,#1769,.T.);
#1070=ORIENTED_EDGE('',*,*,#1545,.T.);
#1071=ORIENTED_EDGE('',*,*,#1436,.T.);
#1072=ORIENTED_EDGE('',*,*,#1663,.F.);
#1073=ORIENTED_EDGE('',*,*,#1772,.F.);
#1074=ORIENTED_EDGE('',*,*,#1659,.T.);
#1075=ORIENTED_EDGE('',*,*,#1426,.F.);
#1076=ORIENTED_EDGE('',*,*,#1549,.F.);
#1077=ORIENTED_EDGE('',*,*,#1773,.F.);
#1078=ORIENTED_EDGE('',*,*,#1661,.T.);
#1079=ORIENTED_EDGE('',*,*,#1774,.F.);
#1080=ORIENTED_EDGE('',*,*,#1547,.F.);
#1081=ORIENTED_EDGE('',*,*,#1775,.F.);
#1082=ORIENTED_EDGE('',*,*,#1546,.T.);
#1083=ORIENTED_EDGE('',*,*,#1772,.T.);
#1084=ORIENTED_EDGE('',*,*,#1662,.T.);
#1085=ORIENTED_EDGE('',*,*,#1775,.T.);
#1086=ORIENTED_EDGE('',*,*,#1548,.T.);
#1087=ORIENTED_EDGE('',*,*,#1774,.T.);
#1088=ORIENTED_EDGE('',*,*,#1660,.T.);
#1089=ORIENTED_EDGE('',*,*,#1773,.T.);
#1090=ORIENTED_EDGE('',*,*,#1535,.T.);
#1091=ORIENTED_EDGE('',*,*,#1435,.T.);
#1092=ORIENTED_EDGE('',*,*,#1673,.F.);
#1093=ORIENTED_EDGE('',*,*,#1776,.F.);
#1094=ORIENTED_EDGE('',*,*,#1669,.T.);
#1095=ORIENTED_EDGE('',*,*,#1441,.F.);
#1096=ORIENTED_EDGE('',*,*,#1539,.F.);
#1097=ORIENTED_EDGE('',*,*,#1777,.F.);
#1098=ORIENTED_EDGE('',*,*,#1671,.T.);
#1099=ORIENTED_EDGE('',*,*,#1778,.F.);
#1100=ORIENTED_EDGE('',*,*,#1537,.F.);
#1101=ORIENTED_EDGE('',*,*,#1779,.F.);
#1102=ORIENTED_EDGE('',*,*,#1536,.T.);
#1103=ORIENTED_EDGE('',*,*,#1776,.T.);
#1104=ORIENTED_EDGE('',*,*,#1672,.T.);
#1105=ORIENTED_EDGE('',*,*,#1779,.T.);
#1106=ORIENTED_EDGE('',*,*,#1538,.T.);
#1107=ORIENTED_EDGE('',*,*,#1778,.T.);
#1108=ORIENTED_EDGE('',*,*,#1670,.T.);
#1109=ORIENTED_EDGE('',*,*,#1777,.T.);
#1110=ORIENTED_EDGE('',*,*,#1530,.T.);
#1111=ORIENTED_EDGE('',*,*,#1428,.T.);
#1112=ORIENTED_EDGE('',*,*,#1678,.F.);
#1113=ORIENTED_EDGE('',*,*,#1780,.F.);
#1114=ORIENTED_EDGE('',*,*,#1674,.T.);
#1115=ORIENTED_EDGE('',*,*,#1433,.F.);
#1116=ORIENTED_EDGE('',*,*,#1534,.F.);
#1117=ORIENTED_EDGE('',*,*,#1781,.F.);
#1118=ORIENTED_EDGE('',*,*,#1676,.T.);
#1119=ORIENTED_EDGE('',*,*,#1782,.F.);
#1120=ORIENTED_EDGE('',*,*,#1532,.F.);
#1121=ORIENTED_EDGE('',*,*,#1783,.F.);
#1122=ORIENTED_EDGE('',*,*,#1531,.T.);
#1123=ORIENTED_EDGE('',*,*,#1780,.T.);
#1124=ORIENTED_EDGE('',*,*,#1677,.T.);
#1125=ORIENTED_EDGE('',*,*,#1783,.T.);
#1126=ORIENTED_EDGE('',*,*,#1533,.T.);
#1127=ORIENTED_EDGE('',*,*,#1782,.T.);
#1128=ORIENTED_EDGE('',*,*,#1675,.T.);
#1129=ORIENTED_EDGE('',*,*,#1781,.T.);
#1130=ORIENTED_EDGE('',*,*,#1550,.T.);
#1131=ORIENTED_EDGE('',*,*,#1424,.T.);
#1132=ORIENTED_EDGE('',*,*,#1658,.F.);
#1133=ORIENTED_EDGE('',*,*,#1784,.F.);
#1134=ORIENTED_EDGE('',*,*,#1654,.T.);
#1135=ORIENTED_EDGE('',*,*,#1422,.F.);
#1136=ORIENTED_EDGE('',*,*,#1554,.F.);
#1137=ORIENTED_EDGE('',*,*,#1785,.F.);
#1138=ORIENTED_EDGE('',*,*,#1656,.T.);
#1139=ORIENTED_EDGE('',*,*,#1786,.F.);
#1140=ORIENTED_EDGE('',*,*,#1552,.F.);
#1141=ORIENTED_EDGE('',*,*,#1787,.F.);
#1142=ORIENTED_EDGE('',*,*,#1551,.T.);
#1143=ORIENTED_EDGE('',*,*,#1784,.T.);
#1144=ORIENTED_EDGE('',*,*,#1657,.T.);
#1145=ORIENTED_EDGE('',*,*,#1787,.T.);
#1146=ORIENTED_EDGE('',*,*,#1553,.T.);
#1147=ORIENTED_EDGE('',*,*,#1786,.T.);
#1148=ORIENTED_EDGE('',*,*,#1655,.T.);
#1149=ORIENTED_EDGE('',*,*,#1785,.T.);
#1150=ORIENTED_EDGE('',*,*,#1555,.T.);
#1151=ORIENTED_EDGE('',*,*,#1420,.T.);
#1152=ORIENTED_EDGE('',*,*,#1653,.F.);
#1153=ORIENTED_EDGE('',*,*,#1788,.F.);
#1154=ORIENTED_EDGE('',*,*,#1649,.T.);
#1155=ORIENTED_EDGE('',*,*,#1418,.F.);
#1156=ORIENTED_EDGE('',*,*,#1559,.F.);
#1157=ORIENTED_EDGE('',*,*,#1789,.F.);
#1158=ORIENTED_EDGE('',*,*,#1651,.T.);
#1159=ORIENTED_EDGE('',*,*,#1790,.F.);
#1160=ORIENTED_EDGE('',*,*,#1557,.F.);
#1161=ORIENTED_EDGE('',*,*,#1791,.F.);
#1162=ORIENTED_EDGE('',*,*,#1556,.T.);
#1163=ORIENTED_EDGE('',*,*,#1788,.T.);
#1164=ORIENTED_EDGE('',*,*,#1652,.T.);
#1165=ORIENTED_EDGE('',*,*,#1791,.T.);
#1166=ORIENTED_EDGE('',*,*,#1558,.T.);
#1167=ORIENTED_EDGE('',*,*,#1790,.T.);
#1168=ORIENTED_EDGE('',*,*,#1650,.T.);
#1169=ORIENTED_EDGE('',*,*,#1789,.T.);
#1170=ORIENTED_EDGE('',*,*,#1560,.T.);
#1171=ORIENTED_EDGE('',*,*,#1416,.T.);
#1172=ORIENTED_EDGE('',*,*,#1648,.F.);
#1173=ORIENTED_EDGE('',*,*,#1792,.F.);
#1174=ORIENTED_EDGE('',*,*,#1644,.T.);
#1175=ORIENTED_EDGE('',*,*,#1414,.F.);
#1176=ORIENTED_EDGE('',*,*,#1564,.F.);
#1177=ORIENTED_EDGE('',*,*,#1793,.F.);
#1178=ORIENTED_EDGE('',*,*,#1646,.T.);
#1179=ORIENTED_EDGE('',*,*,#1794,.F.);
#1180=ORIENTED_EDGE('',*,*,#1562,.F.);
#1181=ORIENTED_EDGE('',*,*,#1795,.F.);
#1182=ORIENTED_EDGE('',*,*,#1561,.T.);
#1183=ORIENTED_EDGE('',*,*,#1792,.T.);
#1184=ORIENTED_EDGE('',*,*,#1647,.T.);
#1185=ORIENTED_EDGE('',*,*,#1795,.T.);
#1186=ORIENTED_EDGE('',*,*,#1563,.T.);
#1187=ORIENTED_EDGE('',*,*,#1794,.T.);
#1188=ORIENTED_EDGE('',*,*,#1645,.T.);
#1189=ORIENTED_EDGE('',*,*,#1793,.T.);
#1190=ORIENTED_EDGE('',*,*,#1565,.T.);
#1191=ORIENTED_EDGE('',*,*,#1412,.T.);
#1192=ORIENTED_EDGE('',*,*,#1643,.F.);
#1193=ORIENTED_EDGE('',*,*,#1796,.F.);
#1194=ORIENTED_EDGE('',*,*,#1639,.T.);
#1195=ORIENTED_EDGE('',*,*,#1406,.F.);
#1196=ORIENTED_EDGE('',*,*,#1569,.F.);
#1197=ORIENTED_EDGE('',*,*,#1797,.F.);
#1198=ORIENTED_EDGE('',*,*,#1641,.T.);
#1199=ORIENTED_EDGE('',*,*,#1798,.F.);
#1200=ORIENTED_EDGE('',*,*,#1567,.F.);
#1201=ORIENTED_EDGE('',*,*,#1799,.F.);
#1202=ORIENTED_EDGE('',*,*,#1566,.T.);
#1203=ORIENTED_EDGE('',*,*,#1796,.T.);
#1204=ORIENTED_EDGE('',*,*,#1642,.T.);
#1205=ORIENTED_EDGE('',*,*,#1799,.T.);
#1206=ORIENTED_EDGE('',*,*,#1568,.T.);
#1207=ORIENTED_EDGE('',*,*,#1798,.T.);
#1208=ORIENTED_EDGE('',*,*,#1640,.T.);
#1209=ORIENTED_EDGE('',*,*,#1797,.T.);
#1210=ORIENTED_EDGE('',*,*,#1575,.T.);
#1211=ORIENTED_EDGE('',*,*,#1411,.T.);
#1212=ORIENTED_EDGE('',*,*,#1633,.F.);
#1213=ORIENTED_EDGE('',*,*,#1800,.F.);
#1214=ORIENTED_EDGE('',*,*,#1629,.T.);
#1215=ORIENTED_EDGE('',*,*,#1402,.F.);
#1216=ORIENTED_EDGE('',*,*,#1579,.F.);
#1217=ORIENTED_EDGE('',*,*,#1801,.F.);
#1218=ORIENTED_EDGE('',*,*,#1631,.T.);
#1219=ORIENTED_EDGE('',*,*,#1802,.F.);
#1220=ORIENTED_EDGE('',*,*,#1577,.F.);
#1221=ORIENTED_EDGE('',*,*,#1803,.F.);
#1222=ORIENTED_EDGE('',*,*,#1576,.T.);
#1223=ORIENTED_EDGE('',*,*,#1800,.T.);
#1224=ORIENTED_EDGE('',*,*,#1632,.T.);
#1225=ORIENTED_EDGE('',*,*,#1803,.T.);
#1226=ORIENTED_EDGE('',*,*,#1578,.T.);
#1227=ORIENTED_EDGE('',*,*,#1802,.T.);
#1228=ORIENTED_EDGE('',*,*,#1630,.T.);
#1229=ORIENTED_EDGE('',*,*,#1801,.T.);
#1230=ORIENTED_EDGE('',*,*,#1570,.T.);
#1231=ORIENTED_EDGE('',*,*,#1404,.T.);
#1232=ORIENTED_EDGE('',*,*,#1638,.F.);
#1233=ORIENTED_EDGE('',*,*,#1804,.F.);
#1234=ORIENTED_EDGE('',*,*,#1634,.T.);
#1235=ORIENTED_EDGE('',*,*,#1409,.F.);
#1236=ORIENTED_EDGE('',*,*,#1574,.F.);
#1237=ORIENTED_EDGE('',*,*,#1805,.F.);
#1238=ORIENTED_EDGE('',*,*,#1636,.T.);
#1239=ORIENTED_EDGE('',*,*,#1806,.F.);
#1240=ORIENTED_EDGE('',*,*,#1572,.F.);
#1241=ORIENTED_EDGE('',*,*,#1807,.F.);
#1242=ORIENTED_EDGE('',*,*,#1571,.T.);
#1243=ORIENTED_EDGE('',*,*,#1804,.T.);
#1244=ORIENTED_EDGE('',*,*,#1637,.T.);
#1245=ORIENTED_EDGE('',*,*,#1807,.T.);
#1246=ORIENTED_EDGE('',*,*,#1573,.T.);
#1247=ORIENTED_EDGE('',*,*,#1806,.T.);
#1248=ORIENTED_EDGE('',*,*,#1635,.T.);
#1249=ORIENTED_EDGE('',*,*,#1805,.T.);
#1250=ORIENTED_EDGE('',*,*,#1580,.T.);
#1251=ORIENTED_EDGE('',*,*,#1400,.T.);
#1252=ORIENTED_EDGE('',*,*,#1628,.F.);
#1253=ORIENTED_EDGE('',*,*,#1808,.F.);
#1254=ORIENTED_EDGE('',*,*,#1624,.T.);
#1255=ORIENTED_EDGE('',*,*,#1398,.F.);
#1256=ORIENTED_EDGE('',*,*,#1584,.F.);
#1257=ORIENTED_EDGE('',*,*,#1809,.F.);
#1258=ORIENTED_EDGE('',*,*,#1626,.T.);
#1259=ORIENTED_EDGE('',*,*,#1810,.F.);
#1260=ORIENTED_EDGE('',*,*,#1582,.F.);
#1261=ORIENTED_EDGE('',*,*,#1811,.F.);
#1262=ORIENTED_EDGE('',*,*,#1581,.T.);
#1263=ORIENTED_EDGE('',*,*,#1808,.T.);
#1264=ORIENTED_EDGE('',*,*,#1627,.T.);
#1265=ORIENTED_EDGE('',*,*,#1811,.T.);
#1266=ORIENTED_EDGE('',*,*,#1583,.T.);
#1267=ORIENTED_EDGE('',*,*,#1810,.T.);
#1268=ORIENTED_EDGE('',*,*,#1625,.T.);
#1269=ORIENTED_EDGE('',*,*,#1809,.T.);
#1270=ORIENTED_EDGE('',*,*,#1585,.T.);
#1271=ORIENTED_EDGE('',*,*,#1396,.T.);
#1272=ORIENTED_EDGE('',*,*,#1623,.F.);
#1273=ORIENTED_EDGE('',*,*,#1812,.F.);
#1274=ORIENTED_EDGE('',*,*,#1619,.T.);
#1275=ORIENTED_EDGE('',*,*,#1394,.F.);
#1276=ORIENTED_EDGE('',*,*,#1589,.F.);
#1277=ORIENTED_EDGE('',*,*,#1813,.F.);
#1278=ORIENTED_EDGE('',*,*,#1621,.T.);
#1279=ORIENTED_EDGE('',*,*,#1814,.F.);
#1280=ORIENTED_EDGE('',*,*,#1587,.F.);
#1281=ORIENTED_EDGE('',*,*,#1815,.F.);
#1282=ORIENTED_EDGE('',*,*,#1586,.T.);
#1283=ORIENTED_EDGE('',*,*,#1812,.T.);
#1284=ORIENTED_EDGE('',*,*,#1622,.T.);
#1285=ORIENTED_EDGE('',*,*,#1815,.T.);
#1286=ORIENTED_EDGE('',*,*,#1588,.T.);
#1287=ORIENTED_EDGE('',*,*,#1814,.T.);
#1288=ORIENTED_EDGE('',*,*,#1620,.T.);
#1289=ORIENTED_EDGE('',*,*,#1813,.T.);
#1290=ORIENTED_EDGE('',*,*,#1590,.T.);
#1291=ORIENTED_EDGE('',*,*,#1392,.T.);
#1292=ORIENTED_EDGE('',*,*,#1618,.F.);
#1293=ORIENTED_EDGE('',*,*,#1816,.F.);
#1294=ORIENTED_EDGE('',*,*,#1614,.T.);
#1295=ORIENTED_EDGE('',*,*,#1390,.F.);
#1296=ORIENTED_EDGE('',*,*,#1594,.F.);
#1297=ORIENTED_EDGE('',*,*,#1817,.F.);
#1298=ORIENTED_EDGE('',*,*,#1616,.T.);
#1299=ORIENTED_EDGE('',*,*,#1818,.F.);
#1300=ORIENTED_EDGE('',*,*,#1592,.F.);
#1301=ORIENTED_EDGE('',*,*,#1819,.F.);
#1302=ORIENTED_EDGE('',*,*,#1591,.T.);
#1303=ORIENTED_EDGE('',*,*,#1816,.T.);
#1304=ORIENTED_EDGE('',*,*,#1617,.T.);
#1305=ORIENTED_EDGE('',*,*,#1819,.T.);
#1306=ORIENTED_EDGE('',*,*,#1593,.T.);
#1307=ORIENTED_EDGE('',*,*,#1818,.T.);
#1308=ORIENTED_EDGE('',*,*,#1615,.T.);
#1309=ORIENTED_EDGE('',*,*,#1817,.T.);
#1310=ORIENTED_EDGE('',*,*,#1595,.T.);
#1311=ORIENTED_EDGE('',*,*,#1388,.T.);
#1312=ORIENTED_EDGE('',*,*,#1613,.F.);
#1313=ORIENTED_EDGE('',*,*,#1820,.F.);
#1314=ORIENTED_EDGE('',*,*,#1609,.T.);
#1315=ORIENTED_EDGE('',*,*,#1382,.F.);
#1316=ORIENTED_EDGE('',*,*,#1599,.F.);
#1317=ORIENTED_EDGE('',*,*,#1821,.F.);
#1318=ORIENTED_EDGE('',*,*,#1611,.T.);
#1319=ORIENTED_EDGE('',*,*,#1822,.F.);
#1320=ORIENTED_EDGE('',*,*,#1597,.F.);
#1321=ORIENTED_EDGE('',*,*,#1823,.F.);
#1322=ORIENTED_EDGE('',*,*,#1596,.T.);
#1323=ORIENTED_EDGE('',*,*,#1820,.T.);
#1324=ORIENTED_EDGE('',*,*,#1612,.T.);
#1325=ORIENTED_EDGE('',*,*,#1823,.T.);
#1326=ORIENTED_EDGE('',*,*,#1598,.T.);
#1327=ORIENTED_EDGE('',*,*,#1822,.T.);
#1328=ORIENTED_EDGE('',*,*,#1610,.T.);
#1329=ORIENTED_EDGE('',*,*,#1821,.T.);
#1330=ORIENTED_EDGE('',*,*,#1479,.T.);
#1331=ORIENTED_EDGE('',*,*,#1387,.T.);
#1332=ORIENTED_EDGE('',*,*,#1728,.F.);
#1333=ORIENTED_EDGE('',*,*,#1824,.F.);
#1334=ORIENTED_EDGE('',*,*,#1724,.T.);
#1335=ORIENTED_EDGE('',*,*,#1445,.F.);
#1336=ORIENTED_EDGE('',*,*,#1483,.F.);
#1337=ORIENTED_EDGE('',*,*,#1825,.F.);
#1338=ORIENTED_EDGE('',*,*,#1726,.T.);
#1339=ORIENTED_EDGE('',*,*,#1826,.F.);
#1340=ORIENTED_EDGE('',*,*,#1481,.F.);
#1341=ORIENTED_EDGE('',*,*,#1827,.F.);
#1342=ORIENTED_EDGE('',*,*,#1480,.T.);
#1343=ORIENTED_EDGE('',*,*,#1824,.T.);
#1344=ORIENTED_EDGE('',*,*,#1727,.T.);
#1345=ORIENTED_EDGE('',*,*,#1827,.T.);
#1346=ORIENTED_EDGE('',*,*,#1482,.T.);
#1347=ORIENTED_EDGE('',*,*,#1826,.T.);
#1348=ORIENTED_EDGE('',*,*,#1725,.T.);
#1349=ORIENTED_EDGE('',*,*,#1825,.T.);
#1350=ORIENTED_EDGE('',*,*,#1600,.T.);
#1351=ORIENTED_EDGE('',*,*,#1380,.T.);
#1352=ORIENTED_EDGE('',*,*,#1608,.F.);
#1353=ORIENTED_EDGE('',*,*,#1828,.F.);
#1354=ORIENTED_EDGE('',*,*,#1729,.T.);
#1355=ORIENTED_EDGE('',*,*,#1385,.F.);
#1356=ORIENTED_EDGE('',*,*,#1478,.F.);
#1357=ORIENTED_EDGE('',*,*,#1829,.F.);
#1358=ORIENTED_EDGE('',*,*,#1731,.T.);
#1359=ORIENTED_EDGE('',*,*,#1830,.F.);
#1360=ORIENTED_EDGE('',*,*,#1602,.F.);
#1361=ORIENTED_EDGE('',*,*,#1831,.F.);
#1362=ORIENTED_EDGE('',*,*,#1601,.T.);
#1363=ORIENTED_EDGE('',*,*,#1828,.T.);
#1364=ORIENTED_EDGE('',*,*,#1607,.T.);
#1365=ORIENTED_EDGE('',*,*,#1831,.T.);
#1366=ORIENTED_EDGE('',*,*,#1477,.T.);
#1367=ORIENTED_EDGE('',*,*,#1830,.T.);
#1368=ORIENTED_EDGE('',*,*,#1730,.T.);
#1369=ORIENTED_EDGE('',*,*,#1829,.T.);
#1370=ORIENTED_EDGE('',*,*,#1832,.F.);
#1371=ORIENTED_EDGE('',*,*,#1606,.T.);
#1372=ORIENTED_EDGE('',*,*,#1378,.F.);
#1373=ORIENTED_EDGE('',*,*,#1832,.T.);
#1374=ORIENTED_EDGE('',*,*,#1833,.F.);
#1375=ORIENTED_EDGE('',*,*,#1476,.T.);
#1376=ORIENTED_EDGE('',*,*,#1379,.F.);
#1377=ORIENTED_EDGE('',*,*,#1833,.T.);
#1378=EDGE_CURVE('',#1834,#1834,#2140,.T.);
#1379=EDGE_CURVE('',#1835,#1835,#2141,.T.);
#1380=EDGE_CURVE('',#1836,#1837,#166,.T.);
#1381=EDGE_CURVE('',#1838,#1836,#2142,.T.);
#1382=EDGE_CURVE('',#1838,#1839,#167,.T.);
#1383=EDGE_CURVE('',#1839,#1837,#2143,.T.);
#1384=EDGE_CURVE('',#1840,#1841,#2144,.T.);
#1385=EDGE_CURVE('',#1840,#1842,#168,.T.);
#1386=EDGE_CURVE('',#1842,#1843,#2145,.T.);
#1387=EDGE_CURVE('',#1841,#1843,#169,.T.);
#1388=EDGE_CURVE('',#1844,#1845,#170,.T.);
#1389=EDGE_CURVE('',#1846,#1844,#2146,.T.);
#1390=EDGE_CURVE('',#1846,#1847,#171,.T.);
#1391=EDGE_CURVE('',#1847,#1845,#2147,.T.);
#1392=EDGE_CURVE('',#1848,#1849,#172,.T.);
#1393=EDGE_CURVE('',#1850,#1848,#2148,.T.);
#1394=EDGE_CURVE('',#1850,#1851,#173,.T.);
#1395=EDGE_CURVE('',#1851,#1849,#2149,.T.);
#1396=EDGE_CURVE('',#1852,#1853,#174,.T.);
#1397=EDGE_CURVE('',#1854,#1852,#2150,.T.);
#1398=EDGE_CURVE('',#1854,#1855,#175,.T.);
#1399=EDGE_CURVE('',#1855,#1853,#2151,.T.);
#1400=EDGE_CURVE('',#1856,#1857,#176,.T.);
#1401=EDGE_CURVE('',#1858,#1856,#2152,.T.);
#1402=EDGE_CURVE('',#1858,#1859,#177,.T.);
#1403=EDGE_CURVE('',#1859,#1857,#2153,.T.);
#1404=EDGE_CURVE('',#1860,#1861,#178,.T.);
#1405=EDGE_CURVE('',#1862,#1860,#2154,.T.);
#1406=EDGE_CURVE('',#1862,#1863,#179,.T.);
#1407=EDGE_CURVE('',#1863,#1861,#2155,.T.);
#1408=EDGE_CURVE('',#1864,#1865,#2156,.T.);
#1409=EDGE_CURVE('',#1864,#1866,#180,.T.);
#1410=EDGE_CURVE('',#1866,#1867,#2157,.T.);
#1411=EDGE_CURVE('',#1865,#1867,#181,.T.);
#1412=EDGE_CURVE('',#1868,#1869,#182,.T.);
#1413=EDGE_CURVE('',#1870,#1868,#2158,.T.);
#1414=EDGE_CURVE('',#1870,#1871,#183,.T.);
#1415=EDGE_CURVE('',#1871,#1869,#2159,.T.);
#1416=EDGE_CURVE('',#1872,#1873,#184,.T.);
#1417=EDGE_CURVE('',#1874,#1872,#2160,.T.);
#1418=EDGE_CURVE('',#1874,#1875,#185,.T.);
#1419=EDGE_CURVE('',#1875,#1873,#2161,.T.);
#1420=EDGE_CURVE('',#1876,#1877,#186,.T.);
#1421=EDGE_CURVE('',#1878,#1876,#2162,.T.);
#1422=EDGE_CURVE('',#1878,#1879,#187,.T.);
#1423=EDGE_CURVE('',#1879,#1877,#2163,.T.);
#1424=EDGE_CURVE('',#1880,#1881,#188,.T.);
#1425=EDGE_CURVE('',#1882,#1880,#2164,.T.);
#1426=EDGE_CURVE('',#1882,#1883,#189,.T.);
#1427=EDGE_CURVE('',#1883,#1881,#2165,.T.);
#1428=EDGE_CURVE('',#1884,#1885,#190,.T.);
#1429=EDGE_CURVE('',#1886,#1884,#2166,.T.);
#1430=EDGE_CURVE('',#1886,#1887,#191,.T.);
#1431=EDGE_CURVE('',#1887,#1885,#2167,.T.);
#1432=EDGE_CURVE('',#1888,#1889,#2168,.T.);
#1433=EDGE_CURVE('',#1888,#1890,#192,.T.);
#1434=EDGE_CURVE('',#1890,#1891,#2169,.T.);
#1435=EDGE_CURVE('',#1889,#1891,#193,.T.);
#1436=EDGE_CURVE('',#1892,#1893,#194,.T.);
#1437=EDGE_CURVE('',#1894,#1892,#2170,.T.);
#1438=EDGE_CURVE('',#1894,#1895,#195,.T.);
#1439=EDGE_CURVE('',#1895,#1893,#2171,.T.);
#1440=EDGE_CURVE('',#1896,#1897,#2172,.T.);
#1441=EDGE_CURVE('',#1896,#1898,#196,.T.);
#1442=EDGE_CURVE('',#1898,#1899,#2173,.T.);
#1443=EDGE_CURVE('',#1897,#1899,#197,.T.);
#1444=EDGE_CURVE('',#1900,#1901,#2174,.T.);
#1445=EDGE_CURVE('',#1900,#1902,#198,.T.);
#1446=EDGE_CURVE('',#1902,#1903,#2175,.T.);
#1447=EDGE_CURVE('',#1901,#1903,#199,.T.);
#1448=EDGE_CURVE('',#1904,#1905,#2176,.T.);
#1449=EDGE_CURVE('',#1904,#1906,#200,.T.);
#1450=EDGE_CURVE('',#1906,#1907,#2177,.T.);
#1451=EDGE_CURVE('',#1905,#1907,#201,.T.);
#1452=EDGE_CURVE('',#1908,#1909,#2178,.T.);
#1453=EDGE_CURVE('',#1908,#1910,#202,.T.);
#1454=EDGE_CURVE('',#1910,#1911,#2179,.T.);
#1455=EDGE_CURVE('',#1909,#1911,#203,.T.);
#1456=EDGE_CURVE('',#1912,#1913,#2180,.T.);
#1457=EDGE_CURVE('',#1912,#1914,#204,.T.);
#1458=EDGE_CURVE('',#1914,#1915,#2181,.T.);
#1459=EDGE_CURVE('',#1913,#1915,#205,.T.);
#1460=EDGE_CURVE('',#1916,#1917,#206,.T.);
#1461=EDGE_CURVE('',#1918,#1916,#2182,.T.);
#1462=EDGE_CURVE('',#1918,#1919,#207,.T.);
#1463=EDGE_CURVE('',#1919,#1917,#2183,.T.);
#1464=EDGE_CURVE('',#1920,#1921,#208,.T.);
#1465=EDGE_CURVE('',#1922,#1920,#2184,.T.);
#1466=EDGE_CURVE('',#1922,#1923,#209,.T.);
#1467=EDGE_CURVE('',#1923,#1921,#2185,.T.);
#1468=EDGE_CURVE('',#1924,#1925,#2186,.T.);
#1469=EDGE_CURVE('',#1924,#1926,#210,.T.);
#1470=EDGE_CURVE('',#1926,#1927,#2187,.T.);
#1471=EDGE_CURVE('',#1925,#1927,#211,.T.);
#1472=EDGE_CURVE('',#1928,#1929,#2188,.T.);
#1473=EDGE_CURVE('',#1928,#1930,#212,.T.);
#1474=EDGE_CURVE('',#1930,#1931,#2189,.T.);
#1475=EDGE_CURVE('',#1929,#1931,#213,.T.);
#1476=EDGE_CURVE('',#1932,#1932,#2190,.T.);
#1477=EDGE_CURVE('',#1933,#1934,#2191,.T.);
#1478=EDGE_CURVE('',#1933,#1840,#62,.T.);
#1479=EDGE_CURVE('',#1935,#1841,#63,.T.);
#1480=EDGE_CURVE('',#1936,#1935,#2192,.T.);
#1481=EDGE_CURVE('',#1936,#1937,#2193,.T.);
#1482=EDGE_CURVE('',#1938,#1937,#2194,.T.);
#1483=EDGE_CURVE('',#1938,#1900,#64,.T.);
#1484=EDGE_CURVE('',#1939,#1901,#65,.T.);
#1485=EDGE_CURVE('',#1940,#1939,#2195,.T.);
#1486=EDGE_CURVE('',#1940,#1941,#2196,.T.);
#1487=EDGE_CURVE('',#1942,#1941,#2197,.T.);
#1488=EDGE_CURVE('',#1942,#1904,#66,.T.);
#1489=EDGE_CURVE('',#1943,#1905,#67,.T.);
#1490=EDGE_CURVE('',#1944,#1943,#2198,.T.);
#1491=EDGE_CURVE('',#1944,#1945,#2199,.T.);
#1492=EDGE_CURVE('',#1946,#1945,#2200,.T.);
#1493=EDGE_CURVE('',#1946,#1908,#68,.T.);
#1494=EDGE_CURVE('',#1947,#1909,#69,.T.);
#1495=EDGE_CURVE('',#1948,#1947,#2201,.T.);
#1496=EDGE_CURVE('',#1948,#1949,#2202,.T.);
#1497=EDGE_CURVE('',#1950,#1949,#2203,.T.);
#1498=EDGE_CURVE('',#1950,#1912,#70,.T.);
#1499=EDGE_CURVE('',#1951,#1913,#71,.T.);
#1500=EDGE_CURVE('',#1952,#1951,#2204,.T.);
#1501=EDGE_CURVE('',#1952,#1953,#2205,.T.);
#1502=EDGE_CURVE('',#1954,#1953,#2206,.T.);
#1503=EDGE_CURVE('',#1954,#1924,#72,.T.);
#1504=EDGE_CURVE('',#1955,#1925,#73,.T.);
#1505=EDGE_CURVE('',#1956,#1955,#2207,.T.);
#1506=EDGE_CURVE('',#1956,#1957,#2208,.T.);
#1507=EDGE_CURVE('',#1958,#1957,#2209,.T.);
#1508=EDGE_CURVE('',#1958,#1928,#74,.T.);
#1509=EDGE_CURVE('',#1959,#1929,#75,.T.);
#1510=EDGE_CURVE('',#1960,#1959,#2210,.T.);
#1511=EDGE_CURVE('',#1960,#1961,#2211,.T.);
#1512=EDGE_CURVE('',#1962,#1961,#2212,.T.);
#1513=EDGE_CURVE('',#1962,#1922,#76,.T.);
#1514=EDGE_CURVE('',#1963,#1920,#77,.T.);
#1515=EDGE_CURVE('',#1964,#1963,#2213,.T.);
#1516=EDGE_CURVE('',#1964,#1965,#2214,.T.);
#1517=EDGE_CURVE('',#1966,#1965,#2215,.T.);
#1518=EDGE_CURVE('',#1966,#1918,#78,.T.);
#1519=EDGE_CURVE('',#1967,#1916,#79,.T.);
#1520=EDGE_CURVE('',#1968,#1967,#2216,.T.);
#1521=EDGE_CURVE('',#1968,#1969,#2217,.T.);
#1522=EDGE_CURVE('',#1970,#1969,#2218,.T.);
#1523=EDGE_CURVE('',#1970,#1971,#80,.T.);
#1524=EDGE_CURVE('',#1971,#1972,#2219,.T.);
#1525=EDGE_CURVE('',#1973,#1972,#81,.T.);
#1526=EDGE_CURVE('',#1974,#1973,#2220,.T.);
#1527=EDGE_CURVE('',#1974,#1975,#2221,.T.);
#1528=EDGE_CURVE('',#1976,#1975,#2222,.T.);
#1529=EDGE_CURVE('',#1976,#1886,#82,.T.);
#1530=EDGE_CURVE('',#1977,#1884,#83,.T.);
#1531=EDGE_CURVE('',#1978,#1977,#2223,.T.);
#1532=EDGE_CURVE('',#1978,#1979,#2224,.T.);
#1533=EDGE_CURVE('',#1980,#1979,#2225,.T.);
#1534=EDGE_CURVE('',#1980,#1888,#84,.T.);
#1535=EDGE_CURVE('',#1981,#1889,#85,.T.);
#1536=EDGE_CURVE('',#1982,#1981,#2226,.T.);
#1537=EDGE_CURVE('',#1982,#1983,#2227,.T.);
#1538=EDGE_CURVE('',#1984,#1983,#2228,.T.);
#1539=EDGE_CURVE('',#1984,#1896,#86,.T.);
#1540=EDGE_CURVE('',#1985,#1897,#87,.T.);
#1541=EDGE_CURVE('',#1986,#1985,#2229,.T.);
#1542=EDGE_CURVE('',#1986,#1987,#2230,.T.);
#1543=EDGE_CURVE('',#1988,#1987,#2231,.T.);
#1544=EDGE_CURVE('',#1988,#1894,#88,.T.);
#1545=EDGE_CURVE('',#1989,#1892,#89,.T.);
#1546=EDGE_CURVE('',#1990,#1989,#2232,.T.);
#1547=EDGE_CURVE('',#1990,#1991,#2233,.T.);
#1548=EDGE_CURVE('',#1992,#1991,#2234,.T.);
#1549=EDGE_CURVE('',#1992,#1882,#90,.T.);
#1550=EDGE_CURVE('',#1993,#1880,#91,.T.);
#1551=EDGE_CURVE('',#1994,#1993,#2235,.T.);
#1552=EDGE_CURVE('',#1994,#1995,#2236,.T.);
#1553=EDGE_CURVE('',#1996,#1995,#2237,.T.);
#1554=EDGE_CURVE('',#1996,#1878,#92,.T.);
#1555=EDGE_CURVE('',#1997,#1876,#93,.T.);
#1556=EDGE_CURVE('',#1998,#1997,#2238,.T.);
#1557=EDGE_CURVE('',#1998,#1999,#2239,.T.);
#1558=EDGE_CURVE('',#2000,#1999,#2240,.T.);
#1559=EDGE_CURVE('',#2000,#1874,#94,.T.);
#1560=EDGE_CURVE('',#2001,#1872,#95,.T.);
#1561=EDGE_CURVE('',#2002,#2001,#2241,.T.);
#1562=EDGE_CURVE('',#2002,#2003,#2242,.T.);
#1563=EDGE_CURVE('',#2004,#2003,#2243,.T.);
#1564=EDGE_CURVE('',#2004,#1870,#96,.T.);
#1565=EDGE_CURVE('',#2005,#1868,#97,.T.);
#1566=EDGE_CURVE('',#2006,#2005,#2244,.T.);
#1567=EDGE_CURVE('',#2006,#2007,#2245,.T.);
#1568=EDGE_CURVE('',#2008,#2007,#2246,.T.);
#1569=EDGE_CURVE('',#2008,#1862,#98,.T.);
#1570=EDGE_CURVE('',#2009,#1860,#99,.T.);
#1571=EDGE_CURVE('',#2010,#2009,#2247,.T.);
#1572=EDGE_CURVE('',#2010,#2011,#2248,.T.);
#1573=EDGE_CURVE('',#2012,#2011,#2249,.T.);
#1574=EDGE_CURVE('',#2012,#1864,#100,.T.);
#1575=EDGE_CURVE('',#2013,#1865,#101,.T.);
#1576=EDGE_CURVE('',#2014,#2013,#2250,.T.);
#1577=EDGE_CURVE('',#2014,#2015,#2251,.T.);
#1578=EDGE_CURVE('',#2016,#2015,#2252,.T.);
#1579=EDGE_CURVE('',#2016,#1858,#102,.T.);
#1580=EDGE_CURVE('',#2017,#1856,#103,.T.);
#1581=EDGE_CURVE('',#2018,#2017,#2253,.T.);
#1582=EDGE_CURVE('',#2018,#2019,#2254,.T.);
#1583=EDGE_CURVE('',#2020,#2019,#2255,.T.);
#1584=EDGE_CURVE('',#2020,#1854,#104,.T.);
#1585=EDGE_CURVE('',#2021,#1852,#105,.T.);
#1586=EDGE_CURVE('',#2022,#2021,#2256,.T.);
#1587=EDGE_CURVE('',#2022,#2023,#2257,.T.);
#1588=EDGE_CURVE('',#2024,#2023,#2258,.T.);
#1589=EDGE_CURVE('',#2024,#1850,#106,.T.);
#1590=EDGE_CURVE('',#2025,#1848,#107,.T.);
#1591=EDGE_CURVE('',#2026,#2025,#2259,.T.);
#1592=EDGE_CURVE('',#2026,#2027,#2260,.T.);
#1593=EDGE_CURVE('',#2028,#2027,#2261,.T.);
#1594=EDGE_CURVE('',#2028,#1846,#108,.T.);
#1595=EDGE_CURVE('',#2029,#1844,#109,.T.);
#1596=EDGE_CURVE('',#2030,#2029,#2262,.T.);
#1597=EDGE_CURVE('',#2030,#2031,#2263,.T.);
#1598=EDGE_CURVE('',#2032,#2031,#2264,.T.);
#1599=EDGE_CURVE('',#2032,#1838,#110,.T.);
#1600=EDGE_CURVE('',#2033,#1836,#111,.T.);
#1601=EDGE_CURVE('',#2034,#2033,#2265,.T.);
#1602=EDGE_CURVE('',#2034,#1934,#2266,.T.);
#1603=EDGE_CURVE('',#1971,#2035,#214,.T.);
#1604=EDGE_CURVE('',#2035,#2036,#2267,.T.);
#1605=EDGE_CURVE('',#1972,#2036,#215,.T.);
#1606=EDGE_CURVE('',#2037,#2037,#2268,.T.);
#1607=EDGE_CURVE('',#2038,#2039,#2269,.F.);
#1608=EDGE_CURVE('',#2038,#1837,#112,.T.);
#1609=EDGE_CURVE('',#2040,#1839,#113,.T.);
#1610=EDGE_CURVE('',#2041,#2040,#2270,.F.);
#1611=EDGE_CURVE('',#2042,#2041,#2271,.T.);
#1612=EDGE_CURVE('',#2043,#2042,#2272,.F.);
#1613=EDGE_CURVE('',#2043,#1845,#114,.T.);
#1614=EDGE_CURVE('',#2044,#1847,#115,.T.);
#1615=EDGE_CURVE('',#2045,#2044,#2273,.F.);
#1616=EDGE_CURVE('',#2046,#2045,#2274,.T.);
#1617=EDGE_CURVE('',#2047,#2046,#2275,.F.);
#1618=EDGE_CURVE('',#2047,#1849,#116,.T.);
#1619=EDGE_CURVE('',#2048,#1851,#117,.T.);
#1620=EDGE_CURVE('',#2049,#2048,#2276,.F.);
#1621=EDGE_CURVE('',#2050,#2049,#2277,.T.);
#1622=EDGE_CURVE('',#2051,#2050,#2278,.F.);
#1623=EDGE_CURVE('',#2051,#1853,#118,.T.);
#1624=EDGE_CURVE('',#2052,#1855,#119,.T.);
#1625=EDGE_CURVE('',#2053,#2052,#2279,.F.);
#1626=EDGE_CURVE('',#2054,#2053,#2280,.T.);
#1627=EDGE_CURVE('',#2055,#2054,#2281,.F.);
#1628=EDGE_CURVE('',#2055,#1857,#120,.T.);
#1629=EDGE_CURVE('',#2056,#1859,#121,.T.);
#1630=EDGE_CURVE('',#2057,#2056,#2282,.F.);
#1631=EDGE_CURVE('',#2058,#2057,#2283,.T.);
#1632=EDGE_CURVE('',#2059,#2058,#2284,.F.);
#1633=EDGE_CURVE('',#2059,#1867,#122,.T.);
#1634=EDGE_CURVE('',#2060,#1866,#123,.T.);
#1635=EDGE_CURVE('',#2061,#2060,#2285,.F.);
#1636=EDGE_CURVE('',#2062,#2061,#2286,.T.);
#1637=EDGE_CURVE('',#2063,#2062,#2287,.F.);
#1638=EDGE_CURVE('',#2063,#1861,#124,.T.);
#1639=EDGE_CURVE('',#2064,#1863,#125,.T.);
#1640=EDGE_CURVE('',#2065,#2064,#2288,.F.);
#1641=EDGE_CURVE('',#2066,#2065,#2289,.T.);
#1642=EDGE_CURVE('',#2067,#2066,#2290,.F.);
#1643=EDGE_CURVE('',#2067,#1869,#126,.T.);
#1644=EDGE_CURVE('',#2068,#1871,#127,.T.);
#1645=EDGE_CURVE('',#2069,#2068,#2291,.F.);
#1646=EDGE_CURVE('',#2070,#2069,#2292,.T.);
#1647=EDGE_CURVE('',#2071,#2070,#2293,.F.);
#1648=EDGE_CURVE('',#2071,#1873,#128,.T.);
#1649=EDGE_CURVE('',#2072,#1875,#129,.T.);
#1650=EDGE_CURVE('',#2073,#2072,#2294,.F.);
#1651=EDGE_CURVE('',#2074,#2073,#2295,.T.);
#1652=EDGE_CURVE('',#2075,#2074,#2296,.F.);
#1653=EDGE_CURVE('',#2075,#1877,#130,.T.);
#1654=EDGE_CURVE('',#2076,#1879,#131,.T.);
#1655=EDGE_CURVE('',#2077,#2076,#2297,.F.);
#1656=EDGE_CURVE('',#2078,#2077,#2298,.T.);
#1657=EDGE_CURVE('',#2079,#2078,#2299,.F.);
#1658=EDGE_CURVE('',#2079,#1881,#132,.T.);
#1659=EDGE_CURVE('',#2080,#1883,#133,.T.);
#1660=EDGE_CURVE('',#2081,#2080,#2300,.F.);
#1661=EDGE_CURVE('',#2082,#2081,#2301,.T.);
#1662=EDGE_CURVE('',#2083,#2082,#2302,.F.);
#1663=EDGE_CURVE('',#2083,#1893,#134,.T.);
#1664=EDGE_CURVE('',#2084,#1895,#135,.T.);
#1665=EDGE_CURVE('',#2085,#2084,#2303,.F.);
#1666=EDGE_CURVE('',#2086,#2085,#2304,.T.);
#1667=EDGE_CURVE('',#2087,#2086,#2305,.F.);
#1668=EDGE_CURVE('',#2087,#1899,#136,.T.);
#1669=EDGE_CURVE('',#2088,#1898,#137,.T.);
#1670=EDGE_CURVE('',#2089,#2088,#2306,.F.);
#1671=EDGE_CURVE('',#2090,#2089,#2307,.T.);
#1672=EDGE_CURVE('',#2091,#2090,#2308,.F.);
#1673=EDGE_CURVE('',#2091,#1891,#138,.T.);
#1674=EDGE_CURVE('',#2092,#1890,#139,.T.);
#1675=EDGE_CURVE('',#2093,#2092,#2309,.F.);
#1676=EDGE_CURVE('',#2094,#2093,#2310,.T.);
#1677=EDGE_CURVE('',#2095,#2094,#2311,.F.);
#1678=EDGE_CURVE('',#2095,#1885,#140,.T.);
#1679=EDGE_CURVE('',#2096,#1887,#141,.T.);
#1680=EDGE_CURVE('',#2097,#2096,#2312,.F.);
#1681=EDGE_CURVE('',#2098,#2097,#2313,.T.);
#1682=EDGE_CURVE('',#2099,#2098,#2314,.F.);
#1683=EDGE_CURVE('',#2099,#2036,#142,.T.);
#1684=EDGE_CURVE('',#2100,#2035,#143,.T.);
#1685=EDGE_CURVE('',#2101,#2100,#2315,.F.);
#1686=EDGE_CURVE('',#2102,#2101,#2316,.T.);
#1687=EDGE_CURVE('',#2103,#2102,#2317,.F.);
#1688=EDGE_CURVE('',#2103,#1917,#144,.T.);
#1689=EDGE_CURVE('',#2104,#1919,#145,.T.);
#1690=EDGE_CURVE('',#2105,#2104,#2318,.F.);
#1691=EDGE_CURVE('',#2106,#2105,#2319,.T.);
#1692=EDGE_CURVE('',#2107,#2106,#2320,.F.);
#1693=EDGE_CURVE('',#2107,#1921,#146,.T.);
#1694=EDGE_CURVE('',#2108,#1923,#147,.T.);
#1695=EDGE_CURVE('',#2109,#2108,#2321,.F.);
#1696=EDGE_CURVE('',#2110,#2109,#2322,.T.);
#1697=EDGE_CURVE('',#2111,#2110,#2323,.F.);
#1698=EDGE_CURVE('',#2111,#1931,#148,.T.);
#1699=EDGE_CURVE('',#2112,#1930,#149,.T.);
#1700=EDGE_CURVE('',#2113,#2112,#2324,.F.);
#1701=EDGE_CURVE('',#2114,#2113,#2325,.T.);
#1702=EDGE_CURVE('',#2115,#2114,#2326,.F.);
#1703=EDGE_CURVE('',#2115,#1927,#150,.T.);
#1704=EDGE_CURVE('',#2116,#1926,#151,.T.);
#1705=EDGE_CURVE('',#2117,#2116,#2327,.F.);
#1706=EDGE_CURVE('',#2118,#2117,#2328,.T.);
#1707=EDGE_CURVE('',#2119,#2118,#2329,.F.);
#1708=EDGE_CURVE('',#2119,#1915,#152,.T.);
#1709=EDGE_CURVE('',#2120,#1914,#153,.T.);
#1710=EDGE_CURVE('',#2121,#2120,#2330,.F.);
#1711=EDGE_CURVE('',#2122,#2121,#2331,.T.);
#1712=EDGE_CURVE('',#2123,#2122,#2332,.F.);
#1713=EDGE_CURVE('',#2123,#1911,#154,.T.);
#1714=EDGE_CURVE('',#2124,#1910,#155,.T.);
#1715=EDGE_CURVE('',#2125,#2124,#2333,.F.);
#1716=EDGE_CURVE('',#2126,#2125,#2334,.T.);
#1717=EDGE_CURVE('',#2127,#2126,#2335,.F.);
#1718=EDGE_CURVE('',#2127,#1907,#156,.T.);
#1719=EDGE_CURVE('',#2128,#1906,#157,.T.);
#1720=EDGE_CURVE('',#2129,#2128,#2336,.F.);
#1721=EDGE_CURVE('',#2130,#2129,#2337,.T.);
#1722=EDGE_CURVE('',#2131,#2130,#2338,.F.);
#1723=EDGE_CURVE('',#2131,#1903,#158,.T.);
#1724=EDGE_CURVE('',#2132,#1902,#159,.T.);
#1725=EDGE_CURVE('',#2133,#2132,#2339,.F.);
#1726=EDGE_CURVE('',#2134,#2133,#2340,.T.);
#1727=EDGE_CURVE('',#2135,#2134,#2341,.F.);
#1728=EDGE_CURVE('',#2135,#1843,#160,.T.);
#1729=EDGE_CURVE('',#2136,#1842,#161,.T.);
#1730=EDGE_CURVE('',#2137,#2136,#2342,.F.);
#1731=EDGE_CURVE('',#2039,#2137,#2343,.T.);
#1732=EDGE_CURVE('',#1973,#2099,#216,.T.);
#1733=EDGE_CURVE('',#2096,#1976,#217,.F.);
#1734=EDGE_CURVE('',#1975,#2097,#218,.T.);
#1735=EDGE_CURVE('',#2098,#1974,#219,.F.);
#1736=EDGE_CURVE('',#1959,#2111,#220,.T.);
#1737=EDGE_CURVE('',#2108,#1962,#221,.F.);
#1738=EDGE_CURVE('',#1961,#2109,#222,.T.);
#1739=EDGE_CURVE('',#2110,#1960,#223,.F.);
#1740=EDGE_CURVE('',#1955,#2115,#224,.T.);
#1741=EDGE_CURVE('',#2112,#1958,#225,.F.);
#1742=EDGE_CURVE('',#1957,#2113,#226,.T.);
#1743=EDGE_CURVE('',#2114,#1956,#227,.F.);
#1744=EDGE_CURVE('',#1963,#2107,#228,.T.);
#1745=EDGE_CURVE('',#2104,#1966,#229,.F.);
#1746=EDGE_CURVE('',#1965,#2105,#230,.T.);
#1747=EDGE_CURVE('',#2106,#1964,#231,.F.);
#1748=EDGE_CURVE('',#1967,#2103,#232,.T.);
#1749=EDGE_CURVE('',#2100,#1970,#233,.F.);
#1750=EDGE_CURVE('',#1969,#2101,#234,.T.);
#1751=EDGE_CURVE('',#2102,#1968,#235,.F.);
#1752=EDGE_CURVE('',#1951,#2119,#236,.T.);
#1753=EDGE_CURVE('',#2116,#1954,#237,.F.);
#1754=EDGE_CURVE('',#1953,#2117,#238,.T.);
#1755=EDGE_CURVE('',#2118,#1952,#239,.F.);
#1756=EDGE_CURVE('',#1947,#2123,#240,.T.);
#1757=EDGE_CURVE('',#2120,#1950,#241,.F.);
#1758=EDGE_CURVE('',#1949,#2121,#242,.T.);
#1759=EDGE_CURVE('',#2122,#1948,#243,.F.);
#1760=EDGE_CURVE('',#1943,#2127,#244,.T.);
#1761=EDGE_CURVE('',#2124,#1946,#245,.F.);
#1762=EDGE_CURVE('',#1945,#2125,#246,.T.);
#1763=EDGE_CURVE('',#2126,#1944,#247,.F.);
#1764=EDGE_CURVE('',#1939,#2131,#248,.T.);
#1765=EDGE_CURVE('',#2128,#1942,#249,.F.);
#1766=EDGE_CURVE('',#1941,#2129,#250,.T.);
#1767=EDGE_CURVE('',#2130,#1940,#251,.F.);
#1768=EDGE_CURVE('',#1985,#2087,#252,.T.);
#1769=EDGE_CURVE('',#2084,#1988,#253,.F.);
#1770=EDGE_CURVE('',#1987,#2085,#254,.T.);
#1771=EDGE_CURVE('',#2086,#1986,#255,.F.);
#1772=EDGE_CURVE('',#1989,#2083,#256,.T.);
#1773=EDGE_CURVE('',#2080,#1992,#257,.F.);
#1774=EDGE_CURVE('',#1991,#2081,#258,.T.);
#1775=EDGE_CURVE('',#2082,#1990,#259,.F.);
#1776=EDGE_CURVE('',#1981,#2091,#260,.T.);
#1777=EDGE_CURVE('',#2088,#1984,#261,.F.);
#1778=EDGE_CURVE('',#1983,#2089,#262,.T.);
#1779=EDGE_CURVE('',#2090,#1982,#263,.F.);
#1780=EDGE_CURVE('',#1977,#2095,#264,.T.);
#1781=EDGE_CURVE('',#2092,#1980,#265,.F.);
#1782=EDGE_CURVE('',#1979,#2093,#266,.T.);
#1783=EDGE_CURVE('',#2094,#1978,#267,.F.);
#1784=EDGE_CURVE('',#1993,#2079,#268,.T.);
#1785=EDGE_CURVE('',#2076,#1996,#269,.F.);
#1786=EDGE_CURVE('',#1995,#2077,#270,.T.);
#1787=EDGE_CURVE('',#2078,#1994,#271,.F.);
#1788=EDGE_CURVE('',#1997,#2075,#272,.T.);
#1789=EDGE_CURVE('',#2072,#2000,#273,.F.);
#1790=EDGE_CURVE('',#1999,#2073,#274,.T.);
#1791=EDGE_CURVE('',#2074,#1998,#275,.F.);
#1792=EDGE_CURVE('',#2001,#2071,#276,.T.);
#1793=EDGE_CURVE('',#2068,#2004,#277,.F.);
#1794=EDGE_CURVE('',#2003,#2069,#278,.T.);
#1795=EDGE_CURVE('',#2070,#2002,#279,.F.);
#1796=EDGE_CURVE('',#2005,#2067,#280,.T.);
#1797=EDGE_CURVE('',#2064,#2008,#281,.F.);
#1798=EDGE_CURVE('',#2007,#2065,#282,.T.);
#1799=EDGE_CURVE('',#2066,#2006,#283,.F.);
#1800=EDGE_CURVE('',#2013,#2059,#284,.T.);
#1801=EDGE_CURVE('',#2056,#2016,#285,.F.);
#1802=EDGE_CURVE('',#2015,#2057,#286,.T.);
#1803=EDGE_CURVE('',#2058,#2014,#287,.F.);
#1804=EDGE_CURVE('',#2009,#2063,#288,.T.);
#1805=EDGE_CURVE('',#2060,#2012,#289,.F.);
#1806=EDGE_CURVE('',#2011,#2061,#290,.T.);
#1807=EDGE_CURVE('',#2062,#2010,#291,.F.);
#1808=EDGE_CURVE('',#2017,#2055,#292,.T.);
#1809=EDGE_CURVE('',#2052,#2020,#293,.F.);
#1810=EDGE_CURVE('',#2019,#2053,#294,.T.);
#1811=EDGE_CURVE('',#2054,#2018,#295,.F.);
#1812=EDGE_CURVE('',#2021,#2051,#296,.T.);
#1813=EDGE_CURVE('',#2048,#2024,#297,.F.);
#1814=EDGE_CURVE('',#2023,#2049,#298,.T.);
#1815=EDGE_CURVE('',#2050,#2022,#299,.F.);
#1816=EDGE_CURVE('',#2025,#2047,#300,.T.);
#1817=EDGE_CURVE('',#2044,#2028,#301,.F.);
#1818=EDGE_CURVE('',#2027,#2045,#302,.T.);
#1819=EDGE_CURVE('',#2046,#2026,#303,.F.);
#1820=EDGE_CURVE('',#2029,#2043,#304,.T.);
#1821=EDGE_CURVE('',#2040,#2032,#305,.F.);
#1822=EDGE_CURVE('',#2031,#2041,#306,.T.);
#1823=EDGE_CURVE('',#2042,#2030,#307,.F.);
#1824=EDGE_CURVE('',#1935,#2135,#308,.T.);
#1825=EDGE_CURVE('',#2132,#1938,#309,.F.);
#1826=EDGE_CURVE('',#1937,#2133,#310,.T.);
#1827=EDGE_CURVE('',#2134,#1936,#311,.F.);
#1828=EDGE_CURVE('',#2033,#2038,#312,.T.);
#1829=EDGE_CURVE('',#2136,#1933,#313,.F.);
#1830=EDGE_CURVE('',#1934,#2137,#314,.T.);
#1831=EDGE_CURVE('',#2039,#2034,#315,.F.);
#1832=EDGE_CURVE('',#2138,#2138,#2344,.T.);
#1833=EDGE_CURVE('',#2139,#2139,#2345,.T.);
#1834=VERTEX_POINT('',#4041);
#1835=VERTEX_POINT('',#4043);
#1836=VERTEX_POINT('',#4046);
#1837=VERTEX_POINT('',#4047);
#1838=VERTEX_POINT('',#4049);
#1839=VERTEX_POINT('',#4051);
#1840=VERTEX_POINT('',#4055);
#1841=VERTEX_POINT('',#4056);
#1842=VERTEX_POINT('',#4058);
#1843=VERTEX_POINT('',#4060);
#1844=VERTEX_POINT('',#4064);
#1845=VERTEX_POINT('',#4065);
#1846=VERTEX_POINT('',#4067);
#1847=VERTEX_POINT('',#4069);
#1848=VERTEX_POINT('',#4073);
#1849=VERTEX_POINT('',#4074);
#1850=VERTEX_POINT('',#4076);
#1851=VERTEX_POINT('',#4078);
#1852=VERTEX_POINT('',#4082);
#1853=VERTEX_POINT('',#4083);
#1854=VERTEX_POINT('',#4085);
#1855=VERTEX_POINT('',#4087);
#1856=VERTEX_POINT('',#4091);
#1857=VERTEX_POINT('',#4092);
#1858=VERTEX_POINT('',#4094);
#1859=VERTEX_POINT('',#4096);
#1860=VERTEX_POINT('',#4100);
#1861=VERTEX_POINT('',#4101);
#1862=VERTEX_POINT('',#4103);
#1863=VERTEX_POINT('',#4105);
#1864=VERTEX_POINT('',#4109);
#1865=VERTEX_POINT('',#4110);
#1866=VERTEX_POINT('',#4112);
#1867=VERTEX_POINT('',#4114);
#1868=VERTEX_POINT('',#4118);
#1869=VERTEX_POINT('',#4119);
#1870=VERTEX_POINT('',#4121);
#1871=VERTEX_POINT('',#4123);
#1872=VERTEX_POINT('',#4127);
#1873=VERTEX_POINT('',#4128);
#1874=VERTEX_POINT('',#4130);
#1875=VERTEX_POINT('',#4132);
#1876=VERTEX_POINT('',#4136);
#1877=VERTEX_POINT('',#4137);
#1878=VERTEX_POINT('',#4139);
#1879=VERTEX_POINT('',#4141);
#1880=VERTEX_POINT('',#4145);
#1881=VERTEX_POINT('',#4146);
#1882=VERTEX_POINT('',#4148);
#1883=VERTEX_POINT('',#4150);
#1884=VERTEX_POINT('',#4154);
#1885=VERTEX_POINT('',#4155);
#1886=VERTEX_POINT('',#4157);
#1887=VERTEX_POINT('',#4159);
#1888=VERTEX_POINT('',#4163);
#1889=VERTEX_POINT('',#4164);
#1890=VERTEX_POINT('',#4166);
#1891=VERTEX_POINT('',#4168);
#1892=VERTEX_POINT('',#4172);
#1893=VERTEX_POINT('',#4173);
#1894=VERTEX_POINT('',#4175);
#1895=VERTEX_POINT('',#4177);
#1896=VERTEX_POINT('',#4181);
#1897=VERTEX_POINT('',#4182);
#1898=VERTEX_POINT('',#4184);
#1899=VERTEX_POINT('',#4186);
#1900=VERTEX_POINT('',#4190);
#1901=VERTEX_POINT('',#4191);
#1902=VERTEX_POINT('',#4193);
#1903=VERTEX_POINT('',#4195);
#1904=VERTEX_POINT('',#4199);
#1905=VERTEX_POINT('',#4200);
#1906=VERTEX_POINT('',#4202);
#1907=VERTEX_POINT('',#4204);
#1908=VERTEX_POINT('',#4208);
#1909=VERTEX_POINT('',#4209);
#1910=VERTEX_POINT('',#4211);
#1911=VERTEX_POINT('',#4213);
#1912=VERTEX_POINT('',#4217);
#1913=VERTEX_POINT('',#4218);
#1914=VERTEX_POINT('',#4220);
#1915=VERTEX_POINT('',#4222);
#1916=VERTEX_POINT('',#4226);
#1917=VERTEX_POINT('',#4227);
#1918=VERTEX_POINT('',#4229);
#1919=VERTEX_POINT('',#4231);
#1920=VERTEX_POINT('',#4235);
#1921=VERTEX_POINT('',#4236);
#1922=VERTEX_POINT('',#4238);
#1923=VERTEX_POINT('',#4240);
#1924=VERTEX_POINT('',#4244);
#1925=VERTEX_POINT('',#4245);
#1926=VERTEX_POINT('',#4247);
#1927=VERTEX_POINT('',#4249);
#1928=VERTEX_POINT('',#4253);
#1929=VERTEX_POINT('',#4254);
#1930=VERTEX_POINT('',#4256);
#1931=VERTEX_POINT('',#4258);
#1932=VERTEX_POINT('',#4262);
#1933=VERTEX_POINT('',#4264);
#1934=VERTEX_POINT('',#4265);
#1935=VERTEX_POINT('',#4330);
#1936=VERTEX_POINT('',#4332);
#1937=VERTEX_POINT('',#4334);
#1938=VERTEX_POINT('',#4336);
#1939=VERTEX_POINT('',#4401);
#1940=VERTEX_POINT('',#4403);
#1941=VERTEX_POINT('',#4405);
#1942=VERTEX_POINT('',#4407);
#1943=VERTEX_POINT('',#4472);
#1944=VERTEX_POINT('',#4474);
#1945=VERTEX_POINT('',#4476);
#1946=VERTEX_POINT('',#4478);
#1947=VERTEX_POINT('',#4543);
#1948=VERTEX_POINT('',#4545);
#1949=VERTEX_POINT('',#4547);
#1950=VERTEX_POINT('',#4549);
#1951=VERTEX_POINT('',#4614);
#1952=VERTEX_POINT('',#4616);
#1953=VERTEX_POINT('',#4618);
#1954=VERTEX_POINT('',#4620);
#1955=VERTEX_POINT('',#4685);
#1956=VERTEX_POINT('',#4687);
#1957=VERTEX_POINT('',#4689);
#1958=VERTEX_POINT('',#4691);
#1959=VERTEX_POINT('',#4756);
#1960=VERTEX_POINT('',#4758);
#1961=VERTEX_POINT('',#4760);
#1962=VERTEX_POINT('',#4762);
#1963=VERTEX_POINT('',#4827);
#1964=VERTEX_POINT('',#4829);
#1965=VERTEX_POINT('',#4831);
#1966=VERTEX_POINT('',#4833);
#1967=VERTEX_POINT('',#4898);
#1968=VERTEX_POINT('',#4900);
#1969=VERTEX_POINT('',#4902);
#1970=VERTEX_POINT('',#4904);
#1971=VERTEX_POINT('',#4937);
#1972=VERTEX_POINT('',#4939);
#1973=VERTEX_POINT('',#4972);
#1974=VERTEX_POINT('',#4974);
#1975=VERTEX_POINT('',#4976);
#1976=VERTEX_POINT('',#4978);
#1977=VERTEX_POINT('',#5043);
#1978=VERTEX_POINT('',#5045);
#1979=VERTEX_POINT('',#5047);
#1980=VERTEX_POINT('',#5049);
#1981=VERTEX_POINT('',#5114);
#1982=VERTEX_POINT('',#5116);
#1983=VERTEX_POINT('',#5118);
#1984=VERTEX_POINT('',#5120);
#1985=VERTEX_POINT('',#5185);
#1986=VERTEX_POINT('',#5187);
#1987=VERTEX_POINT('',#5189);
#1988=VERTEX_POINT('',#5191);
#1989=VERTEX_POINT('',#5256);
#1990=VERTEX_POINT('',#5258);
#1991=VERTEX_POINT('',#5260);
#1992=VERTEX_POINT('',#5262);
#1993=VERTEX_POINT('',#5327);
#1994=VERTEX_POINT('',#5329);
#1995=VERTEX_POINT('',#5331);
#1996=VERTEX_POINT('',#5333);
#1997=VERTEX_POINT('',#5398);
#1998=VERTEX_POINT('',#5400);
#1999=VERTEX_POINT('',#5402);
#2000=VERTEX_POINT('',#5404);
#2001=VERTEX_POINT('',#5469);
#2002=VERTEX_POINT('',#5471);
#2003=VERTEX_POINT('',#5473);
#2004=VERTEX_POINT('',#5475);
#2005=VERTEX_POINT('',#5540);
#2006=VERTEX_POINT('',#5542);
#2007=VERTEX_POINT('',#5544);
#2008=VERTEX_POINT('',#5546);
#2009=VERTEX_POINT('',#5611);
#2010=VERTEX_POINT('',#5613);
#2011=VERTEX_POINT('',#5615);
#2012=VERTEX_POINT('',#5617);
#2013=VERTEX_POINT('',#5682);
#2014=VERTEX_POINT('',#5684);
#2015=VERTEX_POINT('',#5686);
#2016=VERTEX_POINT('',#5688);
#2017=VERTEX_POINT('',#5753);
#2018=VERTEX_POINT('',#5755);
#2019=VERTEX_POINT('',#5757);
#2020=VERTEX_POINT('',#5759);
#2021=VERTEX_POINT('',#5824);
#2022=VERTEX_POINT('',#5826);
#2023=VERTEX_POINT('',#5828);
#2024=VERTEX_POINT('',#5830);
#2025=VERTEX_POINT('',#5895);
#2026=VERTEX_POINT('',#5897);
#2027=VERTEX_POINT('',#5899);
#2028=VERTEX_POINT('',#5901);
#2029=VERTEX_POINT('',#5966);
#2030=VERTEX_POINT('',#5968);
#2031=VERTEX_POINT('',#5970);
#2032=VERTEX_POINT('',#5972);
#2033=VERTEX_POINT('',#6037);
#2034=VERTEX_POINT('',#6039);
#2035=VERTEX_POINT('',#6043);
#2036=VERTEX_POINT('',#6045);
#2037=VERTEX_POINT('',#6049);
#2038=VERTEX_POINT('',#6051);
#2039=VERTEX_POINT('',#6052);
#2040=VERTEX_POINT('',#6117);
#2041=VERTEX_POINT('',#6119);
#2042=VERTEX_POINT('',#6121);
#2043=VERTEX_POINT('',#6123);
#2044=VERTEX_POINT('',#6188);
#2045=VERTEX_POINT('',#6190);
#2046=VERTEX_POINT('',#6192);
#2047=VERTEX_POINT('',#6194);
#2048=VERTEX_POINT('',#6259);
#2049=VERTEX_POINT('',#6261);
#2050=VERTEX_POINT('',#6263);
#2051=VERTEX_POINT('',#6265);
#2052=VERTEX_POINT('',#6330);
#2053=VERTEX_POINT('',#6332);
#2054=VERTEX_POINT('',#6334);
#2055=VERTEX_POINT('',#6336);
#2056=VERTEX_POINT('',#6401);
#2057=VERTEX_POINT('',#6403);
#2058=VERTEX_POINT('',#6405);
#2059=VERTEX_POINT('',#6407);
#2060=VERTEX_POINT('',#6472);
#2061=VERTEX_POINT('',#6474);
#2062=VERTEX_POINT('',#6476);
#2063=VERTEX_POINT('',#6478);
#2064=VERTEX_POINT('',#6543);
#2065=VERTEX_POINT('',#6545);
#2066=VERTEX_POINT('',#6547);
#2067=VERTEX_POINT('',#6549);
#2068=VERTEX_POINT('',#6614);
#2069=VERTEX_POINT('',#6616);
#2070=VERTEX_POINT('',#6618);
#2071=VERTEX_POINT('',#6620);
#2072=VERTEX_POINT('',#6685);
#2073=VERTEX_POINT('',#6687);
#2074=VERTEX_POINT('',#6689);
#2075=VERTEX_POINT('',#6691);
#2076=VERTEX_POINT('',#6756);
#2077=VERTEX_POINT('',#6758);
#2078=VERTEX_POINT('',#6760);
#2079=VERTEX_POINT('',#6762);
#2080=VERTEX_POINT('',#6827);
#2081=VERTEX_POINT('',#6829);
#2082=VERTEX_POINT('',#6831);
#2083=VERTEX_POINT('',#6833);
#2084=VERTEX_POINT('',#6898);
#2085=VERTEX_POINT('',#6900);
#2086=VERTEX_POINT('',#6902);
#2087=VERTEX_POINT('',#6904);
#2088=VERTEX_POINT('',#6969);
#2089=VERTEX_POINT('',#6971);
#2090=VERTEX_POINT('',#6973);
#2091=VERTEX_POINT('',#6975);
#2092=VERTEX_POINT('',#7040);
#2093=VERTEX_POINT('',#7042);
#2094=VERTEX_POINT('',#7044);
#2095=VERTEX_POINT('',#7046);
#2096=VERTEX_POINT('',#7111);
#2097=VERTEX_POINT('',#7113);
#2098=VERTEX_POINT('',#7115);
#2099=VERTEX_POINT('',#7117);
#2100=VERTEX_POINT('',#7182);
#2101=VERTEX_POINT('',#7184);
#2102=VERTEX_POINT('',#7186);
#2103=VERTEX_POINT('',#7188);
#2104=VERTEX_POINT('',#7253);
#2105=VERTEX_POINT('',#7255);
#2106=VERTEX_POINT('',#7257);
#2107=VERTEX_POINT('',#7259);
#2108=VERTEX_POINT('',#7324);
#2109=VERTEX_POINT('',#7326);
#2110=VERTEX_POINT('',#7328);
#2111=VERTEX_POINT('',#7330);
#2112=VERTEX_POINT('',#7395);
#2113=VERTEX_POINT('',#7397);
#2114=VERTEX_POINT('',#7399);
#2115=VERTEX_POINT('',#7401);
#2116=VERTEX_POINT('',#7466);
#2117=VERTEX_POINT('',#7468);
#2118=VERTEX_POINT('',#7470);
#2119=VERTEX_POINT('',#7472);
#2120=VERTEX_POINT('',#7537);
#2121=VERTEX_POINT('',#7539);
#2122=VERTEX_POINT('',#7541);
#2123=VERTEX_POINT('',#7543);
#2124=VERTEX_POINT('',#7608);
#2125=VERTEX_POINT('',#7610);
#2126=VERTEX_POINT('',#7612);
#2127=VERTEX_POINT('',#7614);
#2128=VERTEX_POINT('',#7679);
#2129=VERTEX_POINT('',#7681);
#2130=VERTEX_POINT('',#7683);
#2131=VERTEX_POINT('',#7685);
#2132=VERTEX_POINT('',#7750);
#2133=VERTEX_POINT('',#7752);
#2134=VERTEX_POINT('',#7754);
#2135=VERTEX_POINT('',#7756);
#2136=VERTEX_POINT('',#7821);
#2137=VERTEX_POINT('',#7823);
#2138=VERTEX_POINT('',#9002);
#2139=VERTEX_POINT('',#9006);
#2140=CIRCLE('',#2948,0.001);
#2141=CIRCLE('',#2949,0.001);
#2142=CIRCLE('',#2951,0.00918);
#2143=CIRCLE('',#2952,0.00918);
#2144=CIRCLE('',#2954,0.00918);
#2145=CIRCLE('',#2955,0.00918);
#2146=CIRCLE('',#2957,0.00918);
#2147=CIRCLE('',#2958,0.00918);
#2148=CIRCLE('',#2960,0.00918);
#2149=CIRCLE('',#2961,0.00918);
#2150=CIRCLE('',#2963,0.00918);
#2151=CIRCLE('',#2964,0.00918);
#2152=CIRCLE('',#2966,0.00918);
#2153=CIRCLE('',#2967,0.00918);
#2154=CIRCLE('',#2969,0.00918);
#2155=CIRCLE('',#2970,0.00918);
#2156=CIRCLE('',#2972,0.00918);
#2157=CIRCLE('',#2973,0.00918);
#2158=CIRCLE('',#2975,0.00918);
#2159=CIRCLE('',#2976,0.00918);
#2160=CIRCLE('',#2978,0.00918);
#2161=CIRCLE('',#2979,0.00918);
#2162=CIRCLE('',#2981,0.00918);
#2163=CIRCLE('',#2982,0.00918);
#2164=CIRCLE('',#2984,0.00918);
#2165=CIRCLE('',#2985,0.00918);
#2166=CIRCLE('',#2987,0.00918);
#2167=CIRCLE('',#2988,0.00918);
#2168=CIRCLE('',#2990,0.00918);
#2169=CIRCLE('',#2991,0.00918);
#2170=CIRCLE('',#2993,0.00918);
#2171=CIRCLE('',#2994,0.00918);
#2172=CIRCLE('',#2996,0.00918);
#2173=CIRCLE('',#2997,0.00918);
#2174=CIRCLE('',#2999,0.00918);
#2175=CIRCLE('',#3000,0.00918);
#2176=CIRCLE('',#3002,0.00918);
#2177=CIRCLE('',#3003,0.00918);
#2178=CIRCLE('',#3005,0.00918);
#2179=CIRCLE('',#3006,0.00918);
#2180=CIRCLE('',#3008,0.00918);
#2181=CIRCLE('',#3009,0.00918);
#2182=CIRCLE('',#3011,0.00918);
#2183=CIRCLE('',#3012,0.00918);
#2184=CIRCLE('',#3014,0.00918);
#2185=CIRCLE('',#3015,0.00918);
#2186=CIRCLE('',#3017,0.00918);
#2187=CIRCLE('',#3018,0.00918);
#2188=CIRCLE('',#3020,0.00918);
#2189=CIRCLE('',#3021,0.00918);
#2190=CIRCLE('',#3023,0.002);
#2191=CIRCLE('',#3024,0.000257616503007206);
#2192=CIRCLE('',#3025,0.000257616503007206);
#2193=CIRCLE('',#3026,0.00764999999999956);
#2194=CIRCLE('',#3027,0.000257616503007206);
#2195=CIRCLE('',#3028,0.000257616503007206);
#2196=CIRCLE('',#3029,0.00764999999999956);
#2197=CIRCLE('',#3030,0.000257616503007206);
#2198=CIRCLE('',#3031,0.000257616503007206);
#2199=CIRCLE('',#3032,0.00764999999999956);
#2200=CIRCLE('',#3033,0.000257616503007206);
#2201=CIRCLE('',#3034,0.000257616503007206);
#2202=CIRCLE('',#3035,0.00764999999999956);
#2203=CIRCLE('',#3036,0.000257616503007206);
#2204=CIRCLE('',#3037,0.000257616503007206);
#2205=CIRCLE('',#3038,0.00764999999999956);
#2206=CIRCLE('',#3039,0.000257616503007206);
#2207=CIRCLE('',#3040,0.000257616503007206);
#2208=CIRCLE('',#3041,0.00764999999999956);
#2209=CIRCLE('',#3042,0.000257616503007206);
#2210=CIRCLE('',#3043,0.000257616503007206);
#2211=CIRCLE('',#3044,0.00764999999999956);
#2212=CIRCLE('',#3045,0.000257616503007206);
#2213=CIRCLE('',#3046,0.000257616503007206);
#2214=CIRCLE('',#3047,0.00764999999999956);
#2215=CIRCLE('',#3048,0.000257616503007206);
#2216=CIRCLE('',#3049,0.000257616503007206);
#2217=CIRCLE('',#3050,0.00764999999999956);
#2218=CIRCLE('',#3051,0.000257616503007206);
#2219=CIRCLE('',#3052,0.00918);
#2220=CIRCLE('',#3053,0.000257616503007206);
#2221=CIRCLE('',#3054,0.00764999999999956);
#2222=CIRCLE('',#3055,0.000257616503007206);
#2223=CIRCLE('',#3056,0.000257616503007206);
#2224=CIRCLE('',#3057,0.00764999999999956);
#2225=CIRCLE('',#3058,0.000257616503007206);
#2226=CIRCLE('',#3059,0.000257616503007206);
#2227=CIRCLE('',#3060,0.00764999999999956);
#2228=CIRCLE('',#3061,0.000257616503007206);
#2229=CIRCLE('',#3062,0.000257616503007206);
#2230=CIRCLE('',#3063,0.00764999999999956);
#2231=CIRCLE('',#3064,0.000257616503007206);
#2232=CIRCLE('',#3065,0.000257616503007206);
#2233=CIRCLE('',#3066,0.00764999999999956);
#2234=CIRCLE('',#3067,0.000257616503007206);
#2235=CIRCLE('',#3068,0.000257616503007206);
#2236=CIRCLE('',#3069,0.00764999999999956);
#2237=CIRCLE('',#3070,0.000257616503007206);
#2238=CIRCLE('',#3071,0.000257616503007206);
#2239=CIRCLE('',#3072,0.00764999999999956);
#2240=CIRCLE('',#3073,0.000257616503007206);
#2241=CIRCLE('',#3074,0.000257616503007206);
#2242=CIRCLE('',#3075,0.00764999999999956);
#2243=CIRCLE('',#3076,0.000257616503007206);
#2244=CIRCLE('',#3077,0.000257616503007206);
#2245=CIRCLE('',#3078,0.00764999999999956);
#2246=CIRCLE('',#3079,0.000257616503007206);
#2247=CIRCLE('',#3080,0.000257616503007206);
#2248=CIRCLE('',#3081,0.00764999999999956);
#2249=CIRCLE('',#3082,0.000257616503007206);
#2250=CIRCLE('',#3083,0.000257616503007206);
#2251=CIRCLE('',#3084,0.00764999999999956);
#2252=CIRCLE('',#3085,0.000257616503007206);
#2253=CIRCLE('',#3086,0.000257616503007206);
#2254=CIRCLE('',#3087,0.00764999999999956);
#2255=CIRCLE('',#3088,0.000257616503007206);
#2256=CIRCLE('',#3089,0.000257616503007206);
#2257=CIRCLE('',#3090,0.00764999999999956);
#2258=CIRCLE('',#3091,0.000257616503007206);
#2259=CIRCLE('',#3092,0.000257616503007206);
#2260=CIRCLE('',#3093,0.00764999999999956);
#2261=CIRCLE('',#3094,0.000257616503007206);
#2262=CIRCLE('',#3095,0.000257616503007206);
#2263=CIRCLE('',#3096,0.00764999999999956);
#2264=CIRCLE('',#3097,0.000257616503007206);
#2265=CIRCLE('',#3098,0.000257616503007206);
#2266=CIRCLE('',#3099,0.00764999999999956);
#2267=CIRCLE('',#3101,0.00918);
#2268=CIRCLE('',#3103,0.00245);
#2269=CIRCLE('',#3104,0.000257616503007206);
#2270=CIRCLE('',#3105,0.000257616503007206);
#2271=CIRCLE('',#3106,0.00764999999999956);
#2272=CIRCLE('',#3107,0.000257616503007206);
#2273=CIRCLE('',#3108,0.000257616503007206);
#2274=CIRCLE('',#3109,0.00764999999999956);
#2275=CIRCLE('',#3110,0.000257616503007206);
#2276=CIRCLE('',#3111,0.000257616503007206);
#2277=CIRCLE('',#3112,0.00764999999999956);
#2278=CIRCLE('',#3113,0.000257616503007206);
#2279=CIRCLE('',#3114,0.000257616503007206);
#2280=CIRCLE('',#3115,0.00764999999999956);
#2281=CIRCLE('',#3116,0.000257616503007206);
#2282=CIRCLE('',#3117,0.000257616503007206);
#2283=CIRCLE('',#3118,0.00764999999999956);
#2284=CIRCLE('',#3119,0.000257616503007206);
#2285=CIRCLE('',#3120,0.000257616503007206);
#2286=CIRCLE('',#3121,0.00764999999999956);
#2287=CIRCLE('',#3122,0.000257616503007206);
#2288=CIRCLE('',#3123,0.000257616503007206);
#2289=CIRCLE('',#3124,0.00764999999999956);
#2290=CIRCLE('',#3125,0.000257616503007206);
#2291=CIRCLE('',#3126,0.000257616503007206);
#2292=CIRCLE('',#3127,0.00764999999999956);
#2293=CIRCLE('',#3128,0.000257616503007206);
#2294=CIRCLE('',#3129,0.000257616503007206);
#2295=CIRCLE('',#3130,0.00764999999999956);
#2296=CIRCLE('',#3131,0.000257616503007206);
#2297=CIRCLE('',#3132,0.000257616503007206);
#2298=CIRCLE('',#3133,0.00764999999999956);
#2299=CIRCLE('',#3134,0.000257616503007206);
#2300=CIRCLE('',#3135,0.000257616503007206);
#2301=CIRCLE('',#3136,0.00764999999999956);
#2302=CIRCLE('',#3137,0.000257616503007206);
#2303=CIRCLE('',#3138,0.000257616503007206);
#2304=CIRCLE('',#3139,0.00764999999999956);
#2305=CIRCLE('',#3140,0.000257616503007206);
#2306=CIRCLE('',#3141,0.000257616503007206);
#2307=CIRCLE('',#3142,0.00764999999999956);
#2308=CIRCLE('',#3143,0.000257616503007206);
#2309=CIRCLE('',#3144,0.000257616503007206);
#2310=CIRCLE('',#3145,0.00764999999999956);
#2311=CIRCLE('',#3146,0.000257616503007206);
#2312=CIRCLE('',#3147,0.000257616503007206);
#2313=CIRCLE('',#3148,0.00764999999999956);
#2314=CIRCLE('',#3149,0.000257616503007206);
#2315=CIRCLE('',#3150,0.000257616503007206);
#2316=CIRCLE('',#3151,0.00764999999999956);
#2317=CIRCLE('',#3152,0.000257616503007206);
#2318=CIRCLE('',#3153,0.000257616503007206);
#2319=CIRCLE('',#3154,0.00764999999999956);
#2320=CIRCLE('',#3155,0.000257616503007206);
#2321=CIRCLE('',#3156,0.000257616503007206);
#2322=CIRCLE('',#3157,0.00764999999999956);
#2323=CIRCLE('',#3158,0.000257616503007206);
#2324=CIRCLE('',#3159,0.000257616503007206);
#2325=CIRCLE('',#3160,0.00764999999999956);
#2326=CIRCLE('',#3161,0.000257616503007206);
#2327=CIRCLE('',#3162,0.000257616503007206);
#2328=CIRCLE('',#3163,0.00764999999999956);
#2329=CIRCLE('',#3164,0.000257616503007206);
#2330=CIRCLE('',#3165,0.000257616503007206);
#2331=CIRCLE('',#3166,0.00764999999999956);
#2332=CIRCLE('',#3167,0.000257616503007206);
#2333=CIRCLE('',#3168,0.000257616503007206);
#2334=CIRCLE('',#3169,0.00764999999999956);
#2335=CIRCLE('',#3170,0.000257616503007206);
#2336=CIRCLE('',#3171,0.000257616503007206);
#2337=CIRCLE('',#3172,0.00764999999999956);
#2338=CIRCLE('',#3173,0.000257616503007206);
#2339=CIRCLE('',#3174,0.000257616503007206);
#2340=CIRCLE('',#3175,0.00764999999999956);
#2341=CIRCLE('',#3176,0.000257616503007206);
#2342=CIRCLE('',#3177,0.000257616503007206);
#2343=CIRCLE('',#3178,0.00764999999999956);
#2344=CIRCLE('',#3255,0.00245);
#2345=CIRCLE('',#3258,0.002);
#2346=EDGE_LOOP('',(#466));
#2347=EDGE_LOOP('',(#467));
#2348=EDGE_LOOP('',(#468,#469,#470,#471));
#2349=EDGE_LOOP('',(#472,#473,#474,#475));
#2350=EDGE_LOOP('',(#476,#477,#478,#479));
#2351=EDGE_LOOP('',(#480,#481,#482,#483));
#2352=EDGE_LOOP('',(#484,#485,#486,#487));
#2353=EDGE_LOOP('',(#488,#489,#490,#491));
#2354=EDGE_LOOP('',(#492,#493,#494,#495));
#2355=EDGE_LOOP('',(#496,#497,#498,#499));
#2356=EDGE_LOOP('',(#500,#501,#502,#503));
#2357=EDGE_LOOP('',(#504,#505,#506,#507));
#2358=EDGE_LOOP('',(#508,#509,#510,#511));
#2359=EDGE_LOOP('',(#512,#513,#514,#515));
#2360=EDGE_LOOP('',(#516,#517,#518,#519));
#2361=EDGE_LOOP('',(#520,#521,#522,#523));
#2362=EDGE_LOOP('',(#524,#525,#526,#527));
#2363=EDGE_LOOP('',(#528,#529,#530,#531));
#2364=EDGE_LOOP('',(#532,#533,#534,#535));
#2365=EDGE_LOOP('',(#536,#537,#538,#539));
#2366=EDGE_LOOP('',(#540,#541,#542,#543));
#2367=EDGE_LOOP('',(#544,#545,#546,#547));
#2368=EDGE_LOOP('',(#548,#549,#550,#551));
#2369=EDGE_LOOP('',(#552,#553,#554,#555));
#2370=EDGE_LOOP('',(#556,#557,#558,#559));
#2371=EDGE_LOOP('',(#560,#561,#562,#563));
#2372=EDGE_LOOP('',(#564));
#2373=EDGE_LOOP('',(#565,#566,#567,#568,#569,#570,#571,#572,#573,#574,#575,
#576,#577,#578,#579,#580,#581,#582,#583,#584,#585,#586,#587,#588,#589,#590,
#591,#592,#593,#594,#595,#596,#597,#598,#599,#600,#601,#602,#603,#604,#605,
#606,#607,#608,#609,#610,#611,#612,#613,#614,#615,#616,#617,#618,#619,#620,
#621,#622,#623,#624,#625,#626,#627,#628,#629,#630,#631,#632,#633,#634,#635,
#636,#637,#638,#639,#640,#641,#642,#643,#644,#645,#646,#647,#648,#649,#650,
#651,#652,#653,#654,#655,#656,#657,#658,#659,#660,#661,#662,#663,#664,#665,
#666,#667,#668,#669,#670,#671,#672,#673,#674,#675,#676,#677,#678,#679,#680,
#681,#682,#683,#684,#685,#686,#687,#688,#689,#690,#691,#692,#693,#694,#695,
#696,#697,#698,#699,#700,#701,#702,#703,#704,#705,#706,#707,#708,#709,#710,
#711,#712,#713,#714));
#2374=EDGE_LOOP('',(#715,#716,#717,#718));
#2375=EDGE_LOOP('',(#719));
#2376=EDGE_LOOP('',(#720,#721,#722,#723,#724,#725,#726,#727,#728,#729,#730,
#731,#732,#733,#734,#735,#736,#737,#738,#739,#740,#741,#742,#743,#744,#745,
#746,#747,#748,#749,#750,#751,#752,#753,#754,#755,#756,#757,#758,#759,#760,
#761,#762,#763,#764,#765,#766,#767,#768,#769,#770,#771,#772,#773,#774,#775,
#776,#777,#778,#779,#780,#781,#782,#783,#784,#785,#786,#787,#788,#789,#790,
#791,#792,#793,#794,#795,#796,#797,#798,#799,#800,#801,#802,#803,#804,#805,
#806,#807,#808,#809,#810,#811,#812,#813,#814,#815,#816,#817,#818,#819,#820,
#821,#822,#823,#824,#825,#826,#827,#828,#829,#830,#831,#832,#833,#834,#835,
#836,#837,#838,#839,#840,#841,#842,#843,#844,#845,#846,#847,#848,#849,#850,
#851,#852,#853,#854,#855,#856,#857,#858,#859,#860,#861,#862,#863,#864,#865,
#866,#867,#868,#869));
#2377=EDGE_LOOP('',(#870,#871,#872,#873));
#2378=EDGE_LOOP('',(#874,#875,#876,#877));
#2379=EDGE_LOOP('',(#878,#879,#880,#881));
#2380=EDGE_LOOP('',(#882,#883,#884,#885));
#2381=EDGE_LOOP('',(#886,#887,#888,#889));
#2382=EDGE_LOOP('',(#890,#891,#892,#893));
#2383=EDGE_LOOP('',(#894,#895,#896,#897));
#2384=EDGE_LOOP('',(#898,#899,#900,#901));
#2385=EDGE_LOOP('',(#902,#903,#904,#905));
#2386=EDGE_LOOP('',(#906,#907,#908,#909));
#2387=EDGE_LOOP('',(#910,#911,#912,#913));
#2388=EDGE_LOOP('',(#914,#915,#916,#917));
#2389=EDGE_LOOP('',(#918,#919,#920,#921));
#2390=EDGE_LOOP('',(#922,#923,#924,#925));
#2391=EDGE_LOOP('',(#926,#927,#928,#929));
#2392=EDGE_LOOP('',(#930,#931,#932,#933));
#2393=EDGE_LOOP('',(#934,#935,#936,#937));
#2394=EDGE_LOOP('',(#938,#939,#940,#941));
#2395=EDGE_LOOP('',(#942,#943,#944,#945));
#2396=EDGE_LOOP('',(#946,#947,#948,#949));
#2397=EDGE_LOOP('',(#950,#951,#952,#953));
#2398=EDGE_LOOP('',(#954,#955,#956,#957));
#2399=EDGE_LOOP('',(#958,#959,#960,#961));
#2400=EDGE_LOOP('',(#962,#963,#964,#965));
#2401=EDGE_LOOP('',(#966,#967,#968,#969));
#2402=EDGE_LOOP('',(#970,#971,#972,#973));
#2403=EDGE_LOOP('',(#974,#975,#976,#977));
#2404=EDGE_LOOP('',(#978,#979,#980,#981));
#2405=EDGE_LOOP('',(#982,#983,#984,#985));
#2406=EDGE_LOOP('',(#986,#987,#988,#989));
#2407=EDGE_LOOP('',(#990,#991,#992,#993));
#2408=EDGE_LOOP('',(#994,#995,#996,#997));
#2409=EDGE_LOOP('',(#998,#999,#1000,#1001));
#2410=EDGE_LOOP('',(#1002,#1003,#1004,#1005));
#2411=EDGE_LOOP('',(#1006,#1007,#1008,#1009));
#2412=EDGE_LOOP('',(#1010,#1011,#1012,#1013));
#2413=EDGE_LOOP('',(#1014,#1015,#1016,#1017));
#2414=EDGE_LOOP('',(#1018,#1019,#1020,#1021));
#2415=EDGE_LOOP('',(#1022,#1023,#1024,#1025));
#2416=EDGE_LOOP('',(#1026,#1027,#1028,#1029));
#2417=EDGE_LOOP('',(#1030,#1031,#1032,#1033));
#2418=EDGE_LOOP('',(#1034,#1035,#1036,#1037));
#2419=EDGE_LOOP('',(#1038,#1039,#1040,#1041));
#2420=EDGE_LOOP('',(#1042,#1043,#1044,#1045));
#2421=EDGE_LOOP('',(#1046,#1047,#1048,#1049));
#2422=EDGE_LOOP('',(#1050,#1051,#1052,#1053));
#2423=EDGE_LOOP('',(#1054,#1055,#1056,#1057));
#2424=EDGE_LOOP('',(#1058,#1059,#1060,#1061));
#2425=EDGE_LOOP('',(#1062,#1063,#1064,#1065));
#2426=EDGE_LOOP('',(#1066,#1067,#1068,#1069));
#2427=EDGE_LOOP('',(#1070,#1071,#1072,#1073));
#2428=EDGE_LOOP('',(#1074,#1075,#1076,#1077));
#2429=EDGE_LOOP('',(#1078,#1079,#1080,#1081));
#2430=EDGE_LOOP('',(#1082,#1083,#1084,#1085));
#2431=EDGE_LOOP('',(#1086,#1087,#1088,#1089));
#2432=EDGE_LOOP('',(#1090,#1091,#1092,#1093));
#2433=EDGE_LOOP('',(#1094,#1095,#1096,#1097));
#2434=EDGE_LOOP('',(#1098,#1099,#1100,#1101));
#2435=EDGE_LOOP('',(#1102,#1103,#1104,#1105));
#2436=EDGE_LOOP('',(#1106,#1107,#1108,#1109));
#2437=EDGE_LOOP('',(#1110,#1111,#1112,#1113));
#2438=EDGE_LOOP('',(#1114,#1115,#1116,#1117));
#2439=EDGE_LOOP('',(#1118,#1119,#1120,#1121));
#2440=EDGE_LOOP('',(#1122,#1123,#1124,#1125));
#2441=EDGE_LOOP('',(#1126,#1127,#1128,#1129));
#2442=EDGE_LOOP('',(#1130,#1131,#1132,#1133));
#2443=EDGE_LOOP('',(#1134,#1135,#1136,#1137));
#2444=EDGE_LOOP('',(#1138,#1139,#1140,#1141));
#2445=EDGE_LOOP('',(#1142,#1143,#1144,#1145));
#2446=EDGE_LOOP('',(#1146,#1147,#1148,#1149));
#2447=EDGE_LOOP('',(#1150,#1151,#1152,#1153));
#2448=EDGE_LOOP('',(#1154,#1155,#1156,#1157));
#2449=EDGE_LOOP('',(#1158,#1159,#1160,#1161));
#2450=EDGE_LOOP('',(#1162,#1163,#1164,#1165));
#2451=EDGE_LOOP('',(#1166,#1167,#1168,#1169));
#2452=EDGE_LOOP('',(#1170,#1171,#1172,#1173));
#2453=EDGE_LOOP('',(#1174,#1175,#1176,#1177));
#2454=EDGE_LOOP('',(#1178,#1179,#1180,#1181));
#2455=EDGE_LOOP('',(#1182,#1183,#1184,#1185));
#2456=EDGE_LOOP('',(#1186,#1187,#1188,#1189));
#2457=EDGE_LOOP('',(#1190,#1191,#1192,#1193));
#2458=EDGE_LOOP('',(#1194,#1195,#1196,#1197));
#2459=EDGE_LOOP('',(#1198,#1199,#1200,#1201));
#2460=EDGE_LOOP('',(#1202,#1203,#1204,#1205));
#2461=EDGE_LOOP('',(#1206,#1207,#1208,#1209));
#2462=EDGE_LOOP('',(#1210,#1211,#1212,#1213));
#2463=EDGE_LOOP('',(#1214,#1215,#1216,#1217));
#2464=EDGE_LOOP('',(#1218,#1219,#1220,#1221));
#2465=EDGE_LOOP('',(#1222,#1223,#1224,#1225));
#2466=EDGE_LOOP('',(#1226,#1227,#1228,#1229));
#2467=EDGE_LOOP('',(#1230,#1231,#1232,#1233));
#2468=EDGE_LOOP('',(#1234,#1235,#1236,#1237));
#2469=EDGE_LOOP('',(#1238,#1239,#1240,#1241));
#2470=EDGE_LOOP('',(#1242,#1243,#1244,#1245));
#2471=EDGE_LOOP('',(#1246,#1247,#1248,#1249));
#2472=EDGE_LOOP('',(#1250,#1251,#1252,#1253));
#2473=EDGE_LOOP('',(#1254,#1255,#1256,#1257));
#2474=EDGE_LOOP('',(#1258,#1259,#1260,#1261));
#2475=EDGE_LOOP('',(#1262,#1263,#1264,#1265));
#2476=EDGE_LOOP('',(#1266,#1267,#1268,#1269));
#2477=EDGE_LOOP('',(#1270,#1271,#1272,#1273));
#2478=EDGE_LOOP('',(#1274,#1275,#1276,#1277));
#2479=EDGE_LOOP('',(#1278,#1279,#1280,#1281));
#2480=EDGE_LOOP('',(#1282,#1283,#1284,#1285));
#2481=EDGE_LOOP('',(#1286,#1287,#1288,#1289));
#2482=EDGE_LOOP('',(#1290,#1291,#1292,#1293));
#2483=EDGE_LOOP('',(#1294,#1295,#1296,#1297));
#2484=EDGE_LOOP('',(#1298,#1299,#1300,#1301));
#2485=EDGE_LOOP('',(#1302,#1303,#1304,#1305));
#2486=EDGE_LOOP('',(#1306,#1307,#1308,#1309));
#2487=EDGE_LOOP('',(#1310,#1311,#1312,#1313));
#2488=EDGE_LOOP('',(#1314,#1315,#1316,#1317));
#2489=EDGE_LOOP('',(#1318,#1319,#1320,#1321));
#2490=EDGE_LOOP('',(#1322,#1323,#1324,#1325));
#2491=EDGE_LOOP('',(#1326,#1327,#1328,#1329));
#2492=EDGE_LOOP('',(#1330,#1331,#1332,#1333));
#2493=EDGE_LOOP('',(#1334,#1335,#1336,#1337));
#2494=EDGE_LOOP('',(#1338,#1339,#1340,#1341));
#2495=EDGE_LOOP('',(#1342,#1343,#1344,#1345));
#2496=EDGE_LOOP('',(#1346,#1347,#1348,#1349));
#2497=EDGE_LOOP('',(#1350,#1351,#1352,#1353));
#2498=EDGE_LOOP('',(#1354,#1355,#1356,#1357));
#2499=EDGE_LOOP('',(#1358,#1359,#1360,#1361));
#2500=EDGE_LOOP('',(#1362,#1363,#1364,#1365));
#2501=EDGE_LOOP('',(#1366,#1367,#1368,#1369));
#2502=EDGE_LOOP('',(#1370));
#2503=EDGE_LOOP('',(#1371));
#2504=EDGE_LOOP('',(#1372));
#2505=EDGE_LOOP('',(#1373));
#2506=EDGE_LOOP('',(#1374));
#2507=EDGE_LOOP('',(#1375));
#2508=EDGE_LOOP('',(#1376));
#2509=EDGE_LOOP('',(#1377));
#2510=FACE_BOUND('',#2346,.T.);
#2511=FACE_BOUND('',#2347,.T.);
#2512=FACE_BOUND('',#2348,.T.);
#2513=FACE_BOUND('',#2349,.T.);
#2514=FACE_BOUND('',#2350,.T.);
#2515=FACE_BOUND('',#2351,.T.);
#2516=FACE_BOUND('',#2352,.T.);
#2517=FACE_BOUND('',#2353,.T.);
#2518=FACE_BOUND('',#2354,.T.);
#2519=FACE_BOUND('',#2355,.T.);
#2520=FACE_BOUND('',#2356,.T.);
#2521=FACE_BOUND('',#2357,.T.);
#2522=FACE_BOUND('',#2358,.T.);
#2523=FACE_BOUND('',#2359,.T.);
#2524=FACE_BOUND('',#2360,.T.);
#2525=FACE_BOUND('',#2361,.T.);
#2526=FACE_BOUND('',#2362,.T.);
#2527=FACE_BOUND('',#2363,.T.);
#2528=FACE_BOUND('',#2364,.T.);
#2529=FACE_BOUND('',#2365,.T.);
#2530=FACE_BOUND('',#2366,.T.);
#2531=FACE_BOUND('',#2367,.T.);
#2532=FACE_BOUND('',#2368,.T.);
#2533=FACE_BOUND('',#2369,.T.);
#2534=FACE_BOUND('',#2370,.T.);
#2535=FACE_BOUND('',#2371,.T.);
#2536=FACE_BOUND('',#2372,.T.);
#2537=FACE_BOUND('',#2373,.T.);
#2538=FACE_BOUND('',#2374,.T.);
#2539=FACE_BOUND('',#2375,.T.);
#2540=FACE_BOUND('',#2376,.T.);
#2541=FACE_BOUND('',#2377,.T.);
#2542=FACE_BOUND('',#2378,.T.);
#2543=FACE_BOUND('',#2379,.T.);
#2544=FACE_BOUND('',#2380,.T.);
#2545=FACE_BOUND('',#2381,.T.);
#2546=FACE_BOUND('',#2382,.T.);
#2547=FACE_BOUND('',#2383,.T.);
#2548=FACE_BOUND('',#2384,.T.);
#2549=FACE_BOUND('',#2385,.T.);
#2550=FACE_BOUND('',#2386,.T.);
#2551=FACE_BOUND('',#2387,.T.);
#2552=FACE_BOUND('',#2388,.T.);
#2553=FACE_BOUND('',#2389,.T.);
#2554=FACE_BOUND('',#2390,.T.);
#2555=FACE_BOUND('',#2391,.T.);
#2556=FACE_BOUND('',#2392,.T.);
#2557=FACE_BOUND('',#2393,.T.);
#2558=FACE_BOUND('',#2394,.T.);
#2559=FACE_BOUND('',#2395,.T.);
#2560=FACE_BOUND('',#2396,.T.);
#2561=FACE_BOUND('',#2397,.T.);
#2562=FACE_BOUND('',#2398,.T.);
#2563=FACE_BOUND('',#2399,.T.);
#2564=FACE_BOUND('',#2400,.T.);
#2565=FACE_BOUND('',#2401,.T.);
#2566=FACE_BOUND('',#2402,.T.);
#2567=FACE_BOUND('',#2403,.T.);
#2568=FACE_BOUND('',#2404,.T.);
#2569=FACE_BOUND('',#2405,.T.);
#2570=FACE_BOUND('',#2406,.T.);
#2571=FACE_BOUND('',#2407,.T.);
#2572=FACE_BOUND('',#2408,.T.);
#2573=FACE_BOUND('',#2409,.T.);
#2574=FACE_BOUND('',#2410,.T.);
#2575=FACE_BOUND('',#2411,.T.);
#2576=FACE_BOUND('',#2412,.T.);
#2577=FACE_BOUND('',#2413,.T.);
#2578=FACE_BOUND('',#2414,.T.);
#2579=FACE_BOUND('',#2415,.T.);
#2580=FACE_BOUND('',#2416,.T.);
#2581=FACE_BOUND('',#2417,.T.);
#2582=FACE_BOUND('',#2418,.T.);
#2583=FACE_BOUND('',#2419,.T.);
#2584=FACE_BOUND('',#2420,.T.);
#2585=FACE_BOUND('',#2421,.T.);
#2586=FACE_BOUND('',#2422,.T.);
#2587=FACE_BOUND('',#2423,.T.);
#2588=FACE_BOUND('',#2424,.T.);
#2589=FACE_BOUND('',#2425,.T.);
#2590=FACE_BOUND('',#2426,.T.);
#2591=FACE_BOUND('',#2427,.T.);
#2592=FACE_BOUND('',#2428,.T.);
#2593=FACE_BOUND('',#2429,.T.);
#2594=FACE_BOUND('',#2430,.T.);
#2595=FACE_BOUND('',#2431,.T.);
#2596=FACE_BOUND('',#2432,.T.);
#2597=FACE_BOUND('',#2433,.T.);
#2598=FACE_BOUND('',#2434,.T.);
#2599=FACE_BOUND('',#2435,.T.);
#2600=FACE_BOUND('',#2436,.T.);
#2601=FACE_BOUND('',#2437,.T.);
#2602=FACE_BOUND('',#2438,.T.);
#2603=FACE_BOUND('',#2439,.T.);
#2604=FACE_BOUND('',#2440,.T.);
#2605=FACE_BOUND('',#2441,.T.);
#2606=FACE_BOUND('',#2442,.T.);
#2607=FACE_BOUND('',#2443,.T.);
#2608=FACE_BOUND('',#2444,.T.);
#2609=FACE_BOUND('',#2445,.T.);
#2610=FACE_BOUND('',#2446,.T.);
#2611=FACE_BOUND('',#2447,.T.);
#2612=FACE_BOUND('',#2448,.T.);
#2613=FACE_BOUND('',#2449,.T.);
#2614=FACE_BOUND('',#2450,.T.);
#2615=FACE_BOUND('',#2451,.T.);
#2616=FACE_BOUND('',#2452,.T.);
#2617=FACE_BOUND('',#2453,.T.);
#2618=FACE_BOUND('',#2454,.T.);
#2619=FACE_BOUND('',#2455,.T.);
#2620=FACE_BOUND('',#2456,.T.);
#2621=FACE_BOUND('',#2457,.T.);
#2622=FACE_BOUND('',#2458,.T.);
#2623=FACE_BOUND('',#2459,.T.);
#2624=FACE_BOUND('',#2460,.T.);
#2625=FACE_BOUND('',#2461,.T.);
#2626=FACE_BOUND('',#2462,.T.);
#2627=FACE_BOUND('',#2463,.T.);
#2628=FACE_BOUND('',#2464,.T.);
#2629=FACE_BOUND('',#2465,.T.);
#2630=FACE_BOUND('',#2466,.T.);
#2631=FACE_BOUND('',#2467,.T.);
#2632=FACE_BOUND('',#2468,.T.);
#2633=FACE_BOUND('',#2469,.T.);
#2634=FACE_BOUND('',#2470,.T.);
#2635=FACE_BOUND('',#2471,.T.);
#2636=FACE_BOUND('',#2472,.T.);
#2637=FACE_BOUND('',#2473,.T.);
#2638=FACE_BOUND('',#2474,.T.);
#2639=FACE_BOUND('',#2475,.T.);
#2640=FACE_BOUND('',#2476,.T.);
#2641=FACE_BOUND('',#2477,.T.);
#2642=FACE_BOUND('',#2478,.T.);
#2643=FACE_BOUND('',#2479,.T.);
#2644=FACE_BOUND('',#2480,.T.);
#2645=FACE_BOUND('',#2481,.T.);
#2646=FACE_BOUND('',#2482,.T.);
#2647=FACE_BOUND('',#2483,.T.);
#2648=FACE_BOUND('',#2484,.T.);
#2649=FACE_BOUND('',#2485,.T.);
#2650=FACE_BOUND('',#2486,.T.);
#2651=FACE_BOUND('',#2487,.T.);
#2652=FACE_BOUND('',#2488,.T.);
#2653=FACE_BOUND('',#2489,.T.);
#2654=FACE_BOUND('',#2490,.T.);
#2655=FACE_BOUND('',#2491,.T.);
#2656=FACE_BOUND('',#2492,.T.);
#2657=FACE_BOUND('',#2493,.T.);
#2658=FACE_BOUND('',#2494,.T.);
#2659=FACE_BOUND('',#2495,.T.);
#2660=FACE_BOUND('',#2496,.T.);
#2661=FACE_BOUND('',#2497,.T.);
#2662=FACE_BOUND('',#2498,.T.);
#2663=FACE_BOUND('',#2499,.T.);
#2664=FACE_BOUND('',#2500,.T.);
#2665=FACE_BOUND('',#2501,.T.);
#2666=FACE_BOUND('',#2502,.T.);
#2667=FACE_BOUND('',#2503,.T.);
#2668=FACE_BOUND('',#2504,.T.);
#2669=FACE_BOUND('',#2505,.T.);
#2670=FACE_BOUND('',#2506,.T.);
#2671=FACE_BOUND('',#2507,.T.);
#2672=FACE_BOUND('',#2508,.T.);
#2673=FACE_BOUND('',#2509,.T.);
#2674=CYLINDRICAL_SURFACE('',#2947,0.001);
#2675=CYLINDRICAL_SURFACE('',#2950,0.00918);
#2676=CYLINDRICAL_SURFACE('',#2953,0.00918);
#2677=CYLINDRICAL_SURFACE('',#2956,0.00918);
#2678=CYLINDRICAL_SURFACE('',#2959,0.00918);
#2679=CYLINDRICAL_SURFACE('',#2962,0.00918);
#2680=CYLINDRICAL_SURFACE('',#2965,0.00918);
#2681=CYLINDRICAL_SURFACE('',#2968,0.00918);
#2682=CYLINDRICAL_SURFACE('',#2971,0.00918);
#2683=CYLINDRICAL_SURFACE('',#2974,0.00918);
#2684=CYLINDRICAL_SURFACE('',#2977,0.00918);
#2685=CYLINDRICAL_SURFACE('',#2980,0.00918);
#2686=CYLINDRICAL_SURFACE('',#2983,0.00918);
#2687=CYLINDRICAL_SURFACE('',#2986,0.00918);
#2688=CYLINDRICAL_SURFACE('',#2989,0.00918);
#2689=CYLINDRICAL_SURFACE('',#2992,0.00918);
#2690=CYLINDRICAL_SURFACE('',#2995,0.00918);
#2691=CYLINDRICAL_SURFACE('',#2998,0.00918);
#2692=CYLINDRICAL_SURFACE('',#3001,0.00918);
#2693=CYLINDRICAL_SURFACE('',#3004,0.00918);
#2694=CYLINDRICAL_SURFACE('',#3007,0.00918);
#2695=CYLINDRICAL_SURFACE('',#3010,0.00918);
#2696=CYLINDRICAL_SURFACE('',#3013,0.00918);
#2697=CYLINDRICAL_SURFACE('',#3016,0.00918);
#2698=CYLINDRICAL_SURFACE('',#3019,0.00918);
#2699=CYLINDRICAL_SURFACE('',#3100,0.00918);
#2700=CYLINDRICAL_SURFACE('',#3179,0.00764999999999956);
#2701=CYLINDRICAL_SURFACE('',#3180,0.000257616503007206);
#2702=CYLINDRICAL_SURFACE('',#3181,0.000257616503007206);
#2703=CYLINDRICAL_SURFACE('',#3182,0.00764999999999956);
#2704=CYLINDRICAL_SURFACE('',#3183,0.000257616503007206);
#2705=CYLINDRICAL_SURFACE('',#3184,0.000257616503007206);
#2706=CYLINDRICAL_SURFACE('',#3185,0.00764999999999956);
#2707=CYLINDRICAL_SURFACE('',#3186,0.000257616503007206);
#2708=CYLINDRICAL_SURFACE('',#3187,0.000257616503007206);
#2709=CYLINDRICAL_SURFACE('',#3188,0.00764999999999956);
#2710=CYLINDRICAL_SURFACE('',#3189,0.000257616503007206);
#2711=CYLINDRICAL_SURFACE('',#3190,0.000257616503007206);
#2712=CYLINDRICAL_SURFACE('',#3191,0.00764999999999956);
#2713=CYLINDRICAL_SURFACE('',#3192,0.000257616503007206);
#2714=CYLINDRICAL_SURFACE('',#3193,0.000257616503007206);
#2715=CYLINDRICAL_SURFACE('',#3194,0.00764999999999956);
#2716=CYLINDRICAL_SURFACE('',#3195,0.000257616503007206);
#2717=CYLINDRICAL_SURFACE('',#3196,0.000257616503007206);
#2718=CYLINDRICAL_SURFACE('',#3197,0.00764999999999956);
#2719=CYLINDRICAL_SURFACE('',#3198,0.000257616503007206);
#2720=CYLINDRICAL_SURFACE('',#3199,0.000257616503007206);
#2721=CYLINDRICAL_SURFACE('',#3200,0.00764999999999956);
#2722=CYLINDRICAL_SURFACE('',#3201,0.000257616503007206);
#2723=CYLINDRICAL_SURFACE('',#3202,0.000257616503007206);
#2724=CYLINDRICAL_SURFACE('',#3203,0.00764999999999956);
#2725=CYLINDRICAL_SURFACE('',#3204,0.000257616503007206);
#2726=CYLINDRICAL_SURFACE('',#3205,0.000257616503007206);
#2727=CYLINDRICAL_SURFACE('',#3206,0.00764999999999956);
#2728=CYLINDRICAL_SURFACE('',#3207,0.000257616503007206);
#2729=CYLINDRICAL_SURFACE('',#3208,0.000257616503007206);
#2730=CYLINDRICAL_SURFACE('',#3209,0.00764999999999956);
#2731=CYLINDRICAL_SURFACE('',#3210,0.000257616503007206);
#2732=CYLINDRICAL_SURFACE('',#3211,0.000257616503007206);
#2733=CYLINDRICAL_SURFACE('',#3212,0.00764999999999956);
#2734=CYLINDRICAL_SURFACE('',#3213,0.000257616503007206);
#2735=CYLINDRICAL_SURFACE('',#3214,0.000257616503007206);
#2736=CYLINDRICAL_SURFACE('',#3215,0.00764999999999956);
#2737=CYLINDRICAL_SURFACE('',#3216,0.000257616503007206);
#2738=CYLINDRICAL_SURFACE('',#3217,0.000257616503007206);
#2739=CYLINDRICAL_SURFACE('',#3218,0.00764999999999956);
#2740=CYLINDRICAL_SURFACE('',#3219,0.000257616503007206);
#2741=CYLINDRICAL_SURFACE('',#3220,0.000257616503007206);
#2742=CYLINDRICAL_SURFACE('',#3221,0.00764999999999956);
#2743=CYLINDRICAL_SURFACE('',#3222,0.000257616503007206);
#2744=CYLINDRICAL_SURFACE('',#3223,0.000257616503007206);
#2745=CYLINDRICAL_SURFACE('',#3224,0.00764999999999956);
#2746=CYLINDRICAL_SURFACE('',#3225,0.000257616503007206);
#2747=CYLINDRICAL_SURFACE('',#3226,0.000257616503007206);
#2748=CYLINDRICAL_SURFACE('',#3227,0.00764999999999956);
#2749=CYLINDRICAL_SURFACE('',#3228,0.000257616503007206);
#2750=CYLINDRICAL_SURFACE('',#3229,0.000257616503007206);
#2751=CYLINDRICAL_SURFACE('',#3230,0.00764999999999956);
#2752=CYLINDRICAL_SURFACE('',#3231,0.000257616503007206);
#2753=CYLINDRICAL_SURFACE('',#3232,0.000257616503007206);
#2754=CYLINDRICAL_SURFACE('',#3233,0.00764999999999956);
#2755=CYLINDRICAL_SURFACE('',#3234,0.000257616503007206);
#2756=CYLINDRICAL_SURFACE('',#3235,0.000257616503007206);
#2757=CYLINDRICAL_SURFACE('',#3236,0.00764999999999956);
#2758=CYLINDRICAL_SURFACE('',#3237,0.000257616503007206);
#2759=CYLINDRICAL_SURFACE('',#3238,0.000257616503007206);
#2760=CYLINDRICAL_SURFACE('',#3239,0.00764999999999956);
#2761=CYLINDRICAL_SURFACE('',#3240,0.000257616503007206);
#2762=CYLINDRICAL_SURFACE('',#3241,0.000257616503007206);
#2763=CYLINDRICAL_SURFACE('',#3242,0.00764999999999956);
#2764=CYLINDRICAL_SURFACE('',#3243,0.000257616503007206);
#2765=CYLINDRICAL_SURFACE('',#3244,0.000257616503007206);
#2766=CYLINDRICAL_SURFACE('',#3245,0.00764999999999956);
#2767=CYLINDRICAL_SURFACE('',#3246,0.000257616503007206);
#2768=CYLINDRICAL_SURFACE('',#3247,0.000257616503007206);
#2769=CYLINDRICAL_SURFACE('',#3248,0.00764999999999956);
#2770=CYLINDRICAL_SURFACE('',#3249,0.000257616503007206);
#2771=CYLINDRICAL_SURFACE('',#3250,0.000257616503007206);
#2772=CYLINDRICAL_SURFACE('',#3251,0.00764999999999956);
#2773=CYLINDRICAL_SURFACE('',#3252,0.000257616503007206);
#2774=CYLINDRICAL_SURFACE('',#3253,0.000257616503007206);
#2775=CYLINDRICAL_SURFACE('',#3254,0.00245);
#2776=CYLINDRICAL_SURFACE('',#3257,0.002);
#2777=ADVANCED_FACE('',(#2510,#2511),#2674,.F.);
#2778=ADVANCED_FACE('',(#2512),#2675,.T.);
#2779=ADVANCED_FACE('',(#2513),#2676,.T.);
#2780=ADVANCED_FACE('',(#2514),#2677,.T.);
#2781=ADVANCED_FACE('',(#2515),#2678,.T.);
#2782=ADVANCED_FACE('',(#2516),#2679,.T.);
#2783=ADVANCED_FACE('',(#2517),#2680,.T.);
#2784=ADVANCED_FACE('',(#2518),#2681,.T.);
#2785=ADVANCED_FACE('',(#2519),#2682,.T.);
#2786=ADVANCED_FACE('',(#2520),#2683,.T.);
#2787=ADVANCED_FACE('',(#2521),#2684,.T.);
#2788=ADVANCED_FACE('',(#2522),#2685,.T.);
#2789=ADVANCED_FACE('',(#2523),#2686,.T.);
#2790=ADVANCED_FACE('',(#2524),#2687,.T.);
#2791=ADVANCED_FACE('',(#2525),#2688,.T.);
#2792=ADVANCED_FACE('',(#2526),#2689,.T.);
#2793=ADVANCED_FACE('',(#2527),#2690,.T.);
#2794=ADVANCED_FACE('',(#2528),#2691,.T.);
#2795=ADVANCED_FACE('',(#2529),#2692,.T.);
#2796=ADVANCED_FACE('',(#2530),#2693,.T.);
#2797=ADVANCED_FACE('',(#2531),#2694,.T.);
#2798=ADVANCED_FACE('',(#2532),#2695,.T.);
#2799=ADVANCED_FACE('',(#2533),#2696,.T.);
#2800=ADVANCED_FACE('',(#2534),#2697,.T.);
#2801=ADVANCED_FACE('',(#2535),#2698,.T.);
#2802=ADVANCED_FACE('',(#2536,#2537),#162,.T.);
#2803=ADVANCED_FACE('',(#2538),#2699,.T.);
#2804=ADVANCED_FACE('',(#2539,#2540),#163,.F.);
#2805=ADVANCED_FACE('',(#2541),#12,.T.);
#2806=ADVANCED_FACE('',(#2542),#13,.F.);
#2807=ADVANCED_FACE('',(#2543),#2700,.T.);
#2808=ADVANCED_FACE('',(#2544),#2701,.F.);
#2809=ADVANCED_FACE('',(#2545),#2702,.F.);
#2810=ADVANCED_FACE('',(#2546),#14,.T.);
#2811=ADVANCED_FACE('',(#2547),#15,.F.);
#2812=ADVANCED_FACE('',(#2548),#2703,.T.);
#2813=ADVANCED_FACE('',(#2549),#2704,.F.);
#2814=ADVANCED_FACE('',(#2550),#2705,.F.);
#2815=ADVANCED_FACE('',(#2551),#16,.T.);
#2816=ADVANCED_FACE('',(#2552),#17,.F.);
#2817=ADVANCED_FACE('',(#2553),#2706,.T.);
#2818=ADVANCED_FACE('',(#2554),#2707,.F.);
#2819=ADVANCED_FACE('',(#2555),#2708,.F.);
#2820=ADVANCED_FACE('',(#2556),#18,.T.);
#2821=ADVANCED_FACE('',(#2557),#19,.F.);
#2822=ADVANCED_FACE('',(#2558),#2709,.T.);
#2823=ADVANCED_FACE('',(#2559),#2710,.F.);
#2824=ADVANCED_FACE('',(#2560),#2711,.F.);
#2825=ADVANCED_FACE('',(#2561),#20,.T.);
#2826=ADVANCED_FACE('',(#2562),#21,.F.);
#2827=ADVANCED_FACE('',(#2563),#2712,.T.);
#2828=ADVANCED_FACE('',(#2564),#2713,.F.);
#2829=ADVANCED_FACE('',(#2565),#2714,.F.);
#2830=ADVANCED_FACE('',(#2566),#22,.T.);
#2831=ADVANCED_FACE('',(#2567),#23,.F.);
#2832=ADVANCED_FACE('',(#2568),#2715,.T.);
#2833=ADVANCED_FACE('',(#2569),#2716,.F.);
#2834=ADVANCED_FACE('',(#2570),#2717,.F.);
#2835=ADVANCED_FACE('',(#2571),#24,.T.);
#2836=ADVANCED_FACE('',(#2572),#25,.F.);
#2837=ADVANCED_FACE('',(#2573),#2718,.T.);
#2838=ADVANCED_FACE('',(#2574),#2719,.F.);
#2839=ADVANCED_FACE('',(#2575),#2720,.F.);
#2840=ADVANCED_FACE('',(#2576),#26,.T.);
#2841=ADVANCED_FACE('',(#2577),#27,.F.);
#2842=ADVANCED_FACE('',(#2578),#2721,.T.);
#2843=ADVANCED_FACE('',(#2579),#2722,.F.);
#2844=ADVANCED_FACE('',(#2580),#2723,.F.);
#2845=ADVANCED_FACE('',(#2581),#28,.T.);
#2846=ADVANCED_FACE('',(#2582),#29,.F.);
#2847=ADVANCED_FACE('',(#2583),#2724,.T.);
#2848=ADVANCED_FACE('',(#2584),#2725,.F.);
#2849=ADVANCED_FACE('',(#2585),#2726,.F.);
#2850=ADVANCED_FACE('',(#2586),#30,.T.);
#2851=ADVANCED_FACE('',(#2587),#31,.F.);
#2852=ADVANCED_FACE('',(#2588),#2727,.T.);
#2853=ADVANCED_FACE('',(#2589),#2728,.F.);
#2854=ADVANCED_FACE('',(#2590),#2729,.F.);
#2855=ADVANCED_FACE('',(#2591),#32,.T.);
#2856=ADVANCED_FACE('',(#2592),#33,.F.);
#2857=ADVANCED_FACE('',(#2593),#2730,.T.);
#2858=ADVANCED_FACE('',(#2594),#2731,.F.);
#2859=ADVANCED_FACE('',(#2595),#2732,.F.);
#2860=ADVANCED_FACE('',(#2596),#34,.T.);
#2861=ADVANCED_FACE('',(#2597),#35,.F.);
#2862=ADVANCED_FACE('',(#2598),#2733,.T.);
#2863=ADVANCED_FACE('',(#2599),#2734,.F.);
#2864=ADVANCED_FACE('',(#2600),#2735,.F.);
#2865=ADVANCED_FACE('',(#2601),#36,.T.);
#2866=ADVANCED_FACE('',(#2602),#37,.F.);
#2867=ADVANCED_FACE('',(#2603),#2736,.T.);
#2868=ADVANCED_FACE('',(#2604),#2737,.F.);
#2869=ADVANCED_FACE('',(#2605),#2738,.F.);
#2870=ADVANCED_FACE('',(#2606),#38,.T.);
#2871=ADVANCED_FACE('',(#2607),#39,.F.);
#2872=ADVANCED_FACE('',(#2608),#2739,.T.);
#2873=ADVANCED_FACE('',(#2609),#2740,.F.);
#2874=ADVANCED_FACE('',(#2610),#2741,.F.);
#2875=ADVANCED_FACE('',(#2611),#40,.T.);
#2876=ADVANCED_FACE('',(#2612),#41,.F.);
#2877=ADVANCED_FACE('',(#2613),#2742,.T.);
#2878=ADVANCED_FACE('',(#2614),#2743,.F.);
#2879=ADVANCED_FACE('',(#2615),#2744,.F.);
#2880=ADVANCED_FACE('',(#2616),#42,.T.);
#2881=ADVANCED_FACE('',(#2617),#43,.F.);
#2882=ADVANCED_FACE('',(#2618),#2745,.T.);
#2883=ADVANCED_FACE('',(#2619),#2746,.F.);
#2884=ADVANCED_FACE('',(#2620),#2747,.F.);
#2885=ADVANCED_FACE('',(#2621),#44,.T.);
#2886=ADVANCED_FACE('',(#2622),#45,.F.);
#2887=ADVANCED_FACE('',(#2623),#2748,.T.);
#2888=ADVANCED_FACE('',(#2624),#2749,.F.);
#2889=ADVANCED_FACE('',(#2625),#2750,.F.);
#2890=ADVANCED_FACE('',(#2626),#46,.T.);
#2891=ADVANCED_FACE('',(#2627),#47,.F.);
#2892=ADVANCED_FACE('',(#2628),#2751,.T.);
#2893=ADVANCED_FACE('',(#2629),#2752,.F.);
#2894=ADVANCED_FACE('',(#2630),#2753,.F.);
#2895=ADVANCED_FACE('',(#2631),#48,.T.);
#2896=ADVANCED_FACE('',(#2632),#49,.F.);
#2897=ADVANCED_FACE('',(#2633),#2754,.T.);
#2898=ADVANCED_FACE('',(#2634),#2755,.F.);
#2899=ADVANCED_FACE('',(#2635),#2756,.F.);
#2900=ADVANCED_FACE('',(#2636),#50,.T.);
#2901=ADVANCED_FACE('',(#2637),#51,.F.);
#2902=ADVANCED_FACE('',(#2638),#2757,.T.);
#2903=ADVANCED_FACE('',(#2639),#2758,.F.);
#2904=ADVANCED_FACE('',(#2640),#2759,.F.);
#2905=ADVANCED_FACE('',(#2641),#52,.T.);
#2906=ADVANCED_FACE('',(#2642),#53,.F.);
#2907=ADVANCED_FACE('',(#2643),#2760,.T.);
#2908=ADVANCED_FACE('',(#2644),#2761,.F.);
#2909=ADVANCED_FACE('',(#2645),#2762,.F.);
#2910=ADVANCED_FACE('',(#2646),#54,.T.);
#2911=ADVANCED_FACE('',(#2647),#55,.F.);
#2912=ADVANCED_FACE('',(#2648),#2763,.T.);
#2913=ADVANCED_FACE('',(#2649),#2764,.F.);
#2914=ADVANCED_FACE('',(#2650),#2765,.F.);
#2915=ADVANCED_FACE('',(#2651),#56,.T.);
#2916=ADVANCED_FACE('',(#2652),#57,.F.);
#2917=ADVANCED_FACE('',(#2653),#2766,.T.);
#2918=ADVANCED_FACE('',(#2654),#2767,.F.);
#2919=ADVANCED_FACE('',(#2655),#2768,.F.);
#2920=ADVANCED_FACE('',(#2656),#58,.T.);
#2921=ADVANCED_FACE('',(#2657),#59,.F.);
#2922=ADVANCED_FACE('',(#2658),#2769,.T.);
#2923=ADVANCED_FACE('',(#2659),#2770,.F.);
#2924=ADVANCED_FACE('',(#2660),#2771,.F.);
#2925=ADVANCED_FACE('',(#2661),#60,.T.);
#2926=ADVANCED_FACE('',(#2662),#61,.F.);
#2927=ADVANCED_FACE('',(#2663),#2772,.T.);
#2928=ADVANCED_FACE('',(#2664),#2773,.F.);
#2929=ADVANCED_FACE('',(#2665),#2774,.F.);
#2930=ADVANCED_FACE('',(#2666,#2667),#2775,.F.);
#2931=ADVANCED_FACE('',(#2668,#2669),#164,.T.);
#2932=ADVANCED_FACE('',(#2670,#2671),#2776,.F.);
#2933=ADVANCED_FACE('',(#2672,#2673),#165,.T.);
#2934=CLOSED_SHELL('',(#2777,#2778,#2779,#2780,#2781,#2782,#2783,#2784,
#2785,#2786,#2787,#2788,#2789,#2790,#2791,#2792,#2793,#2794,#2795,#2796,
#2797,#2798,#2799,#2800,#2801,#2802,#2803,#2804,#2805,#2806,#2807,#2808,
#2809,#2810,#2811,#2812,#2813,#2814,#2815,#2816,#2817,#2818,#2819,#2820,
#2821,#2822,#2823,#2824,#2825,#2826,#2827,#2828,#2829,#2830,#2831,#2832,
#2833,#2834,#2835,#2836,#2837,#2838,#2839,#2840,#2841,#2842,#2843,#2844,
#2845,#2846,#2847,#2848,#2849,#2850,#2851,#2852,#2853,#2854,#2855,#2856,
#2857,#2858,#2859,#2860,#2861,#2862,#2863,#2864,#2865,#2866,#2867,#2868,
#2869,#2870,#2871,#2872,#2873,#2874,#2875,#2876,#2877,#2878,#2879,#2880,
#2881,#2882,#2883,#2884,#2885,#2886,#2887,#2888,#2889,#2890,#2891,#2892,
#2893,#2894,#2895,#2896,#2897,#2898,#2899,#2900,#2901,#2902,#2903,#2904,
#2905,#2906,#2907,#2908,#2909,#2910,#2911,#2912,#2913,#2914,#2915,#2916,
#2917,#2918,#2919,#2920,#2921,#2922,#2923,#2924,#2925,#2926,#2927,#2928,
#2929,#2930,#2931,#2932,#2933));
#2935=STYLED_ITEM('',(#2936),#2943);
#2936=PRESENTATION_STYLE_ASSIGNMENT((#2937));
#2937=SURFACE_STYLE_USAGE(.BOTH.,#2938);
#2938=SURFACE_SIDE_STYLE('',(#2939));
#2939=SURFACE_STYLE_FILL_AREA(#2940);
#2940=FILL_AREA_STYLE('',(#2941));
#2941=FILL_AREA_STYLE_COLOUR('',#2942);
#2942=COLOUR_RGB('',0.615686274509804,0.811764705882353,0.929411764705882);
#2943=MANIFOLD_SOLID_BREP('Spur gear (25 teeth)',#2934);
#2944=SHAPE_DEFINITION_REPRESENTATION(#9014,#2945);
#2945=SHAPE_REPRESENTATION('Spur gear (25 teeth)',(#2946),#9009);
#2946=AXIS2_PLACEMENT_3D('',#4038,#3260,#3261);
#2947=AXIS2_PLACEMENT_3D('',#4039,#3262,#3263);
#2948=AXIS2_PLACEMENT_3D('',#4040,#3264,#3265);
#2949=AXIS2_PLACEMENT_3D('',#4042,#3266,#3267);
#2950=AXIS2_PLACEMENT_3D('',#4044,#3268,#3269);
#2951=AXIS2_PLACEMENT_3D('',#4048,#3271,#3272);
#2952=AXIS2_PLACEMENT_3D('',#4052,#3274,#3275);
#2953=AXIS2_PLACEMENT_3D('',#4053,#3276,#3277);
#2954=AXIS2_PLACEMENT_3D('',#4054,#3278,#3279);
#2955=AXIS2_PLACEMENT_3D('',#4059,#3281,#3282);
#2956=AXIS2_PLACEMENT_3D('',#4062,#3284,#3285);
#2957=AXIS2_PLACEMENT_3D('',#4066,#3287,#3288);
#2958=AXIS2_PLACEMENT_3D('',#4070,#3290,#3291);
#2959=AXIS2_PLACEMENT_3D('',#4071,#3292,#3293);
#2960=AXIS2_PLACEMENT_3D('',#4075,#3295,#3296);
#2961=AXIS2_PLACEMENT_3D('',#4079,#3298,#3299);
#2962=AXIS2_PLACEMENT_3D('',#4080,#3300,#3301);
#2963=AXIS2_PLACEMENT_3D('',#4084,#3303,#3304);
#2964=AXIS2_PLACEMENT_3D('',#4088,#3306,#3307);
#2965=AXIS2_PLACEMENT_3D('',#4089,#3308,#3309);
#2966=AXIS2_PLACEMENT_3D('',#4093,#3311,#3312);
#2967=AXIS2_PLACEMENT_3D('',#4097,#3314,#3315);
#2968=AXIS2_PLACEMENT_3D('',#4098,#3316,#3317);
#2969=AXIS2_PLACEMENT_3D('',#4102,#3319,#3320);
#2970=AXIS2_PLACEMENT_3D('',#4106,#3322,#3323);
#2971=AXIS2_PLACEMENT_3D('',#4107,#3324,#3325);
#2972=AXIS2_PLACEMENT_3D('',#4108,#3326,#3327);
#2973=AXIS2_PLACEMENT_3D('',#4113,#3329,#3330);
#2974=AXIS2_PLACEMENT_3D('',#4116,#3332,#3333);
#2975=AXIS2_PLACEMENT_3D('',#4120,#3335,#3336);
#2976=AXIS2_PLACEMENT_3D('',#4124,#3338,#3339);
#2977=AXIS2_PLACEMENT_3D('',#4125,#3340,#3341);
#2978=AXIS2_PLACEMENT_3D('',#4129,#3343,#3344);
#2979=AXIS2_PLACEMENT_3D('',#4133,#3346,#3347);
#2980=AXIS2_PLACEMENT_3D('',#4134,#3348,#3349);
#2981=AXIS2_PLACEMENT_3D('',#4138,#3351,#3352);
#2982=AXIS2_PLACEMENT_3D('',#4142,#3354,#3355);
#2983=AXIS2_PLACEMENT_3D('',#4143,#3356,#3357);
#2984=AXIS2_PLACEMENT_3D('',#4147,#3359,#3360);
#2985=AXIS2_PLACEMENT_3D('',#4151,#3362,#3363);
#2986=AXIS2_PLACEMENT_3D('',#4152,#3364,#3365);
#2987=AXIS2_PLACEMENT_3D('',#4156,#3367,#3368);
#2988=AXIS2_PLACEMENT_3D('',#4160,#3370,#3371);
#2989=AXIS2_PLACEMENT_3D('',#4161,#3372,#3373);
#2990=AXIS2_PLACEMENT_3D('',#4162,#3374,#3375);
#2991=AXIS2_PLACEMENT_3D('',#4167,#3377,#3378);
#2992=AXIS2_PLACEMENT_3D('',#4170,#3380,#3381);
#2993=AXIS2_PLACEMENT_3D('',#4174,#3383,#3384);
#2994=AXIS2_PLACEMENT_3D('',#4178,#3386,#3387);
#2995=AXIS2_PLACEMENT_3D('',#4179,#3388,#3389);
#2996=AXIS2_PLACEMENT_3D('',#4180,#3390,#3391);
#2997=AXIS2_PLACEMENT_3D('',#4185,#3393,#3394);
#2998=AXIS2_PLACEMENT_3D('',#4188,#3396,#3397);
#2999=AXIS2_PLACEMENT_3D('',#4189,#3398,#3399);
#3000=AXIS2_PLACEMENT_3D('',#4194,#3401,#3402);
#3001=AXIS2_PLACEMENT_3D('',#4197,#3404,#3405);
#3002=AXIS2_PLACEMENT_3D('',#4198,#3406,#3407);
#3003=AXIS2_PLACEMENT_3D('',#4203,#3409,#3410);
#3004=AXIS2_PLACEMENT_3D('',#4206,#3412,#3413);
#3005=AXIS2_PLACEMENT_3D('',#4207,#3414,#3415);
#3006=AXIS2_PLACEMENT_3D('',#4212,#3417,#3418);
#3007=AXIS2_PLACEMENT_3D('',#4215,#3420,#3421);
#3008=AXIS2_PLACEMENT_3D('',#4216,#3422,#3423);
#3009=AXIS2_PLACEMENT_3D('',#4221,#3425,#3426);
#3010=AXIS2_PLACEMENT_3D('',#4224,#3428,#3429);
#3011=AXIS2_PLACEMENT_3D('',#4228,#3431,#3432);
#3012=AXIS2_PLACEMENT_3D('',#4232,#3434,#3435);
#3013=AXIS2_PLACEMENT_3D('',#4233,#3436,#3437);
#3014=AXIS2_PLACEMENT_3D('',#4237,#3439,#3440);
#3015=AXIS2_PLACEMENT_3D('',#4241,#3442,#3443);
#3016=AXIS2_PLACEMENT_3D('',#4242,#3444,#3445);
#3017=AXIS2_PLACEMENT_3D('',#4243,#3446,#3447);
#3018=AXIS2_PLACEMENT_3D('',#4248,#3449,#3450);
#3019=AXIS2_PLACEMENT_3D('',#4251,#3452,#3453);
#3020=AXIS2_PLACEMENT_3D('',#4252,#3454,#3455);
#3021=AXIS2_PLACEMENT_3D('',#4257,#3457,#3458);
#3022=AXIS2_PLACEMENT_3D('',#4260,#3460,#3461);
#3023=AXIS2_PLACEMENT_3D('',#4261,#3462,#3463);
#3024=AXIS2_PLACEMENT_3D('',#4263,#3464,#3465);
#3025=AXIS2_PLACEMENT_3D('',#4331,#3466,#3467);
#3026=AXIS2_PLACEMENT_3D('',#4333,#3468,#3469);
#3027=AXIS2_PLACEMENT_3D('',#4335,#3470,#3471);
#3028=AXIS2_PLACEMENT_3D('',#4402,#3472,#3473);
#3029=AXIS2_PLACEMENT_3D('',#4404,#3474,#3475);
#3030=AXIS2_PLACEMENT_3D('',#4406,#3476,#3477);
#3031=AXIS2_PLACEMENT_3D('',#4473,#3478,#3479);
#3032=AXIS2_PLACEMENT_3D('',#4475,#3480,#3481);
#3033=AXIS2_PLACEMENT_3D('',#4477,#3482,#3483);
#3034=AXIS2_PLACEMENT_3D('',#4544,#3484,#3485);
#3035=AXIS2_PLACEMENT_3D('',#4546,#3486,#3487);
#3036=AXIS2_PLACEMENT_3D('',#4548,#3488,#3489);
#3037=AXIS2_PLACEMENT_3D('',#4615,#3490,#3491);
#3038=AXIS2_PLACEMENT_3D('',#4617,#3492,#3493);
#3039=AXIS2_PLACEMENT_3D('',#4619,#3494,#3495);
#3040=AXIS2_PLACEMENT_3D('',#4686,#3496,#3497);
#3041=AXIS2_PLACEMENT_3D('',#4688,#3498,#3499);
#3042=AXIS2_PLACEMENT_3D('',#4690,#3500,#3501);
#3043=AXIS2_PLACEMENT_3D('',#4757,#3502,#3503);
#3044=AXIS2_PLACEMENT_3D('',#4759,#3504,#3505);
#3045=AXIS2_PLACEMENT_3D('',#4761,#3506,#3507);
#3046=AXIS2_PLACEMENT_3D('',#4828,#3508,#3509);
#3047=AXIS2_PLACEMENT_3D('',#4830,#3510,#3511);
#3048=AXIS2_PLACEMENT_3D('',#4832,#3512,#3513);
#3049=AXIS2_PLACEMENT_3D('',#4899,#3514,#3515);
#3050=AXIS2_PLACEMENT_3D('',#4901,#3516,#3517);
#3051=AXIS2_PLACEMENT_3D('',#4903,#3518,#3519);
#3052=AXIS2_PLACEMENT_3D('',#4938,#3520,#3521);
#3053=AXIS2_PLACEMENT_3D('',#4973,#3522,#3523);
#3054=AXIS2_PLACEMENT_3D('',#4975,#3524,#3525);
#3055=AXIS2_PLACEMENT_3D('',#4977,#3526,#3527);
#3056=AXIS2_PLACEMENT_3D('',#5044,#3528,#3529);
#3057=AXIS2_PLACEMENT_3D('',#5046,#3530,#3531);
#3058=AXIS2_PLACEMENT_3D('',#5048,#3532,#3533);
#3059=AXIS2_PLACEMENT_3D('',#5115,#3534,#3535);
#3060=AXIS2_PLACEMENT_3D('',#5117,#3536,#3537);
#3061=AXIS2_PLACEMENT_3D('',#5119,#3538,#3539);
#3062=AXIS2_PLACEMENT_3D('',#5186,#3540,#3541);
#3063=AXIS2_PLACEMENT_3D('',#5188,#3542,#3543);
#3064=AXIS2_PLACEMENT_3D('',#5190,#3544,#3545);
#3065=AXIS2_PLACEMENT_3D('',#5257,#3546,#3547);
#3066=AXIS2_PLACEMENT_3D('',#5259,#3548,#3549);
#3067=AXIS2_PLACEMENT_3D('',#5261,#3550,#3551);
#3068=AXIS2_PLACEMENT_3D('',#5328,#3552,#3553);
#3069=AXIS2_PLACEMENT_3D('',#5330,#3554,#3555);
#3070=AXIS2_PLACEMENT_3D('',#5332,#3556,#3557);
#3071=AXIS2_PLACEMENT_3D('',#5399,#3558,#3559);
#3072=AXIS2_PLACEMENT_3D('',#5401,#3560,#3561);
#3073=AXIS2_PLACEMENT_3D('',#5403,#3562,#3563);
#3074=AXIS2_PLACEMENT_3D('',#5470,#3564,#3565);
#3075=AXIS2_PLACEMENT_3D('',#5472,#3566,#3567);
#3076=AXIS2_PLACEMENT_3D('',#5474,#3568,#3569);
#3077=AXIS2_PLACEMENT_3D('',#5541,#3570,#3571);
#3078=AXIS2_PLACEMENT_3D('',#5543,#3572,#3573);
#3079=AXIS2_PLACEMENT_3D('',#5545,#3574,#3575);
#3080=AXIS2_PLACEMENT_3D('',#5612,#3576,#3577);
#3081=AXIS2_PLACEMENT_3D('',#5614,#3578,#3579);
#3082=AXIS2_PLACEMENT_3D('',#5616,#3580,#3581);
#3083=AXIS2_PLACEMENT_3D('',#5683,#3582,#3583);
#3084=AXIS2_PLACEMENT_3D('',#5685,#3584,#3585);
#3085=AXIS2_PLACEMENT_3D('',#5687,#3586,#3587);
#3086=AXIS2_PLACEMENT_3D('',#5754,#3588,#3589);
#3087=AXIS2_PLACEMENT_3D('',#5756,#3590,#3591);
#3088=AXIS2_PLACEMENT_3D('',#5758,#3592,#3593);
#3089=AXIS2_PLACEMENT_3D('',#5825,#3594,#3595);
#3090=AXIS2_PLACEMENT_3D('',#5827,#3596,#3597);
#3091=AXIS2_PLACEMENT_3D('',#5829,#3598,#3599);
#3092=AXIS2_PLACEMENT_3D('',#5896,#3600,#3601);
#3093=AXIS2_PLACEMENT_3D('',#5898,#3602,#3603);
#3094=AXIS2_PLACEMENT_3D('',#5900,#3604,#3605);
#3095=AXIS2_PLACEMENT_3D('',#5967,#3606,#3607);
#3096=AXIS2_PLACEMENT_3D('',#5969,#3608,#3609);
#3097=AXIS2_PLACEMENT_3D('',#5971,#3610,#3611);
#3098=AXIS2_PLACEMENT_3D('',#6038,#3612,#3613);
#3099=AXIS2_PLACEMENT_3D('',#6040,#3614,#3615);
#3100=AXIS2_PLACEMENT_3D('',#6041,#3616,#3617);
#3101=AXIS2_PLACEMENT_3D('',#6044,#3619,#3620);
#3102=AXIS2_PLACEMENT_3D('',#6047,#3622,#3623);
#3103=AXIS2_PLACEMENT_3D('',#6048,#3624,#3625);
#3104=AXIS2_PLACEMENT_3D('',#6050,#3626,#3627);
#3105=AXIS2_PLACEMENT_3D('',#6118,#3628,#3629);
#3106=AXIS2_PLACEMENT_3D('',#6120,#3630,#3631);
#3107=AXIS2_PLACEMENT_3D('',#6122,#3632,#3633);
#3108=AXIS2_PLACEMENT_3D('',#6189,#3634,#3635);
#3109=AXIS2_PLACEMENT_3D('',#6191,#3636,#3637);
#3110=AXIS2_PLACEMENT_3D('',#6193,#3638,#3639);
#3111=AXIS2_PLACEMENT_3D('',#6260,#3640,#3641);
#3112=AXIS2_PLACEMENT_3D('',#6262,#3642,#3643);
#3113=AXIS2_PLACEMENT_3D('',#6264,#3644,#3645);
#3114=AXIS2_PLACEMENT_3D('',#6331,#3646,#3647);
#3115=AXIS2_PLACEMENT_3D('',#6333,#3648,#3649);
#3116=AXIS2_PLACEMENT_3D('',#6335,#3650,#3651);
#3117=AXIS2_PLACEMENT_3D('',#6402,#3652,#3653);
#3118=AXIS2_PLACEMENT_3D('',#6404,#3654,#3655);
#3119=AXIS2_PLACEMENT_3D('',#6406,#3656,#3657);
#3120=AXIS2_PLACEMENT_3D('',#6473,#3658,#3659);
#3121=AXIS2_PLACEMENT_3D('',#6475,#3660,#3661);
#3122=AXIS2_PLACEMENT_3D('',#6477,#3662,#3663);
#3123=AXIS2_PLACEMENT_3D('',#6544,#3664,#3665);
#3124=AXIS2_PLACEMENT_3D('',#6546,#3666,#3667);
#3125=AXIS2_PLACEMENT_3D('',#6548,#3668,#3669);
#3126=AXIS2_PLACEMENT_3D('',#6615,#3670,#3671);
#3127=AXIS2_PLACEMENT_3D('',#6617,#3672,#3673);
#3128=AXIS2_PLACEMENT_3D('',#6619,#3674,#3675);
#3129=AXIS2_PLACEMENT_3D('',#6686,#3676,#3677);
#3130=AXIS2_PLACEMENT_3D('',#6688,#3678,#3679);
#3131=AXIS2_PLACEMENT_3D('',#6690,#3680,#3681);
#3132=AXIS2_PLACEMENT_3D('',#6757,#3682,#3683);
#3133=AXIS2_PLACEMENT_3D('',#6759,#3684,#3685);
#3134=AXIS2_PLACEMENT_3D('',#6761,#3686,#3687);
#3135=AXIS2_PLACEMENT_3D('',#6828,#3688,#3689);
#3136=AXIS2_PLACEMENT_3D('',#6830,#3690,#3691);
#3137=AXIS2_PLACEMENT_3D('',#6832,#3692,#3693);
#3138=AXIS2_PLACEMENT_3D('',#6899,#3694,#3695);
#3139=AXIS2_PLACEMENT_3D('',#6901,#3696,#3697);
#3140=AXIS2_PLACEMENT_3D('',#6903,#3698,#3699);
#3141=AXIS2_PLACEMENT_3D('',#6970,#3700,#3701);
#3142=AXIS2_PLACEMENT_3D('',#6972,#3702,#3703);
#3143=AXIS2_PLACEMENT_3D('',#6974,#3704,#3705);
#3144=AXIS2_PLACEMENT_3D('',#7041,#3706,#3707);
#3145=AXIS2_PLACEMENT_3D('',#7043,#3708,#3709);
#3146=AXIS2_PLACEMENT_3D('',#7045,#3710,#3711);
#3147=AXIS2_PLACEMENT_3D('',#7112,#3712,#3713);
#3148=AXIS2_PLACEMENT_3D('',#7114,#3714,#3715);
#3149=AXIS2_PLACEMENT_3D('',#7116,#3716,#3717);
#3150=AXIS2_PLACEMENT_3D('',#7183,#3718,#3719);
#3151=AXIS2_PLACEMENT_3D('',#7185,#3720,#3721);
#3152=AXIS2_PLACEMENT_3D('',#7187,#3722,#3723);
#3153=AXIS2_PLACEMENT_3D('',#7254,#3724,#3725);
#3154=AXIS2_PLACEMENT_3D('',#7256,#3726,#3727);
#3155=AXIS2_PLACEMENT_3D('',#7258,#3728,#3729);
#3156=AXIS2_PLACEMENT_3D('',#7325,#3730,#3731);
#3157=AXIS2_PLACEMENT_3D('',#7327,#3732,#3733);
#3158=AXIS2_PLACEMENT_3D('',#7329,#3734,#3735);
#3159=AXIS2_PLACEMENT_3D('',#7396,#3736,#3737);
#3160=AXIS2_PLACEMENT_3D('',#7398,#3738,#3739);
#3161=AXIS2_PLACEMENT_3D('',#7400,#3740,#3741);
#3162=AXIS2_PLACEMENT_3D('',#7467,#3742,#3743);
#3163=AXIS2_PLACEMENT_3D('',#7469,#3744,#3745);
#3164=AXIS2_PLACEMENT_3D('',#7471,#3746,#3747);
#3165=AXIS2_PLACEMENT_3D('',#7538,#3748,#3749);
#3166=AXIS2_PLACEMENT_3D('',#7540,#3750,#3751);
#3167=AXIS2_PLACEMENT_3D('',#7542,#3752,#3753);
#3168=AXIS2_PLACEMENT_3D('',#7609,#3754,#3755);
#3169=AXIS2_PLACEMENT_3D('',#7611,#3756,#3757);
#3170=AXIS2_PLACEMENT_3D('',#7613,#3758,#3759);
#3171=AXIS2_PLACEMENT_3D('',#7680,#3760,#3761);
#3172=AXIS2_PLACEMENT_3D('',#7682,#3762,#3763);
#3173=AXIS2_PLACEMENT_3D('',#7684,#3764,#3765);
#3174=AXIS2_PLACEMENT_3D('',#7751,#3766,#3767);
#3175=AXIS2_PLACEMENT_3D('',#7753,#3768,#3769);
#3176=AXIS2_PLACEMENT_3D('',#7755,#3770,#3771);
#3177=AXIS2_PLACEMENT_3D('',#7822,#3772,#3773);
#3178=AXIS2_PLACEMENT_3D('',#7824,#3774,#3775);
#3179=AXIS2_PLACEMENT_3D('',#7867,#3778,#3779);
#3180=AXIS2_PLACEMENT_3D('',#7870,#3782,#3783);
#3181=AXIS2_PLACEMENT_3D('',#7871,#3784,#3785);
#3182=AXIS2_PLACEMENT_3D('',#7914,#3788,#3789);
#3183=AXIS2_PLACEMENT_3D('',#7917,#3792,#3793);
#3184=AXIS2_PLACEMENT_3D('',#7918,#3794,#3795);
#3185=AXIS2_PLACEMENT_3D('',#7961,#3798,#3799);
#3186=AXIS2_PLACEMENT_3D('',#7964,#3802,#3803);
#3187=AXIS2_PLACEMENT_3D('',#7965,#3804,#3805);
#3188=AXIS2_PLACEMENT_3D('',#8008,#3808,#3809);
#3189=AXIS2_PLACEMENT_3D('',#8011,#3812,#3813);
#3190=AXIS2_PLACEMENT_3D('',#8012,#3814,#3815);
#3191=AXIS2_PLACEMENT_3D('',#8055,#3818,#3819);
#3192=AXIS2_PLACEMENT_3D('',#8058,#3822,#3823);
#3193=AXIS2_PLACEMENT_3D('',#8059,#3824,#3825);
#3194=AXIS2_PLACEMENT_3D('',#8102,#3828,#3829);
#3195=AXIS2_PLACEMENT_3D('',#8105,#3832,#3833);
#3196=AXIS2_PLACEMENT_3D('',#8106,#3834,#3835);
#3197=AXIS2_PLACEMENT_3D('',#8149,#3838,#3839);
#3198=AXIS2_PLACEMENT_3D('',#8152,#3842,#3843);
#3199=AXIS2_PLACEMENT_3D('',#8153,#3844,#3845);
#3200=AXIS2_PLACEMENT_3D('',#8196,#3848,#3849);
#3201=AXIS2_PLACEMENT_3D('',#8199,#3852,#3853);
#3202=AXIS2_PLACEMENT_3D('',#8200,#3854,#3855);
#3203=AXIS2_PLACEMENT_3D('',#8243,#3858,#3859);
#3204=AXIS2_PLACEMENT_3D('',#8246,#3862,#3863);
#3205=AXIS2_PLACEMENT_3D('',#8247,#3864,#3865);
#3206=AXIS2_PLACEMENT_3D('',#8290,#3868,#3869);
#3207=AXIS2_PLACEMENT_3D('',#8293,#3872,#3873);
#3208=AXIS2_PLACEMENT_3D('',#8294,#3874,#3875);
#3209=AXIS2_PLACEMENT_3D('',#8337,#3878,#3879);
#3210=AXIS2_PLACEMENT_3D('',#8340,#3882,#3883);
#3211=AXIS2_PLACEMENT_3D('',#8341,#3884,#3885);
#3212=AXIS2_PLACEMENT_3D('',#8384,#3888,#3889);
#3213=AXIS2_PLACEMENT_3D('',#8387,#3892,#3893);
#3214=AXIS2_PLACEMENT_3D('',#8388,#3894,#3895);
#3215=AXIS2_PLACEMENT_3D('',#8431,#3898,#3899);
#3216=AXIS2_PLACEMENT_3D('',#8434,#3902,#3903);
#3217=AXIS2_PLACEMENT_3D('',#8435,#3904,#3905);
#3218=AXIS2_PLACEMENT_3D('',#8478,#3908,#3909);
#3219=AXIS2_PLACEMENT_3D('',#8481,#3912,#3913);
#3220=AXIS2_PLACEMENT_3D('',#8482,#3914,#3915);
#3221=AXIS2_PLACEMENT_3D('',#8525,#3918,#3919);
#3222=AXIS2_PLACEMENT_3D('',#8528,#3922,#3923);
#3223=AXIS2_PLACEMENT_3D('',#8529,#3924,#3925);
#3224=AXIS2_PLACEMENT_3D('',#8572,#3928,#3929);
#3225=AXIS2_PLACEMENT_3D('',#8575,#3932,#3933);
#3226=AXIS2_PLACEMENT_3D('',#8576,#3934,#3935);
#3227=AXIS2_PLACEMENT_3D('',#8619,#3938,#3939);
#3228=AXIS2_PLACEMENT_3D('',#8622,#3942,#3943);
#3229=AXIS2_PLACEMENT_3D('',#8623,#3944,#3945);
#3230=AXIS2_PLACEMENT_3D('',#8666,#3948,#3949);
#3231=AXIS2_PLACEMENT_3D('',#8669,#3952,#3953);
#3232=AXIS2_PLACEMENT_3D('',#8670,#3954,#3955);
#3233=AXIS2_PLACEMENT_3D('',#8713,#3958,#3959);
#3234=AXIS2_PLACEMENT_3D('',#8716,#3962,#3963);
#3235=AXIS2_PLACEMENT_3D('',#8717,#3964,#3965);
#3236=AXIS2_PLACEMENT_3D('',#8760,#3968,#3969);
#3237=AXIS2_PLACEMENT_3D('',#8763,#3972,#3973);
#3238=AXIS2_PLACEMENT_3D('',#8764,#3974,#3975);
#3239=AXIS2_PLACEMENT_3D('',#8807,#3978,#3979);
#3240=AXIS2_PLACEMENT_3D('',#8810,#3982,#3983);
#3241=AXIS2_PLACEMENT_3D('',#8811,#3984,#3985);
#3242=AXIS2_PLACEMENT_3D('',#8854,#3988,#3989);
#3243=AXIS2_PLACEMENT_3D('',#8857,#3992,#3993);
#3244=AXIS2_PLACEMENT_3D('',#8858,#3994,#3995);
#3245=AXIS2_PLACEMENT_3D('',#8901,#3998,#3999);
#3246=AXIS2_PLACEMENT_3D('',#8904,#4002,#4003);
#3247=AXIS2_PLACEMENT_3D('',#8905,#4004,#4005);
#3248=AXIS2_PLACEMENT_3D('',#8948,#4008,#4009);
#3249=AXIS2_PLACEMENT_3D('',#8951,#4012,#4013);
#3250=AXIS2_PLACEMENT_3D('',#8952,#4014,#4015);
#3251=AXIS2_PLACEMENT_3D('',#8995,#4018,#4019);
#3252=AXIS2_PLACEMENT_3D('',#8998,#4022,#4023);
#3253=AXIS2_PLACEMENT_3D('',#8999,#4024,#4025);
#3254=AXIS2_PLACEMENT_3D('',#9000,#4026,#4027);
#3255=AXIS2_PLACEMENT_3D('',#9001,#4028,#4029);
#3256=AXIS2_PLACEMENT_3D('',#9003,#4030,#4031);
#3257=AXIS2_PLACEMENT_3D('',#9004,#4032,#4033);
#3258=AXIS2_PLACEMENT_3D('',#9005,#4034,#4035);
#3259=AXIS2_PLACEMENT_3D('',#9007,#4036,#4037);
#3260=DIRECTION('',(0.,0.,1.));
#3261=DIRECTION('',(1.,0.,0.));
#3262=DIRECTION('',(0.,-1.,0.));
#3263=DIRECTION('',(0.,0.,-1.));
#3264=DIRECTION('',(0.,1.,0.));
#3265=DIRECTION('',(0.,0.,1.));
#3266=DIRECTION('',(0.,-1.,0.));
#3267=DIRECTION('',(0.,0.,-1.));
#3268=DIRECTION('',(0.,1.,0.));
#3269=DIRECTION('',(0.,0.,1.));
#3270=DIRECTION('',(0.,1.,0.));
#3271=DIRECTION('',(0.,-1.,0.));
#3272=DIRECTION('',(0.,0.,-1.));
#3273=DIRECTION('',(0.,1.,0.));
#3274=DIRECTION('',(0.,-1.,0.));
#3275=DIRECTION('',(0.,0.,-1.));
#3276=DIRECTION('',(0.,1.,0.));
#3277=DIRECTION('',(0.,0.,1.));
#3278=DIRECTION('',(0.,-1.,0.));
#3279=DIRECTION('',(0.,0.,-1.));
#3280=DIRECTION('',(0.,1.,0.));
#3281=DIRECTION('',(0.,-1.,0.));
#3282=DIRECTION('',(0.,0.,-1.));
#3283=DIRECTION('',(0.,1.,0.));
#3284=DIRECTION('',(0.,1.,0.));
#3285=DIRECTION('',(0.,0.,1.));
#3286=DIRECTION('',(0.,1.,0.));
#3287=DIRECTION('',(0.,-1.,0.));
#3288=DIRECTION('',(0.,0.,-1.));
#3289=DIRECTION('',(0.,1.,0.));
#3290=DIRECTION('',(0.,-1.,0.));
#3291=DIRECTION('',(0.,0.,-1.));
#3292=DIRECTION('',(0.,1.,0.));
#3293=DIRECTION('',(0.,0.,1.));
#3294=DIRECTION('',(0.,1.,0.));
#3295=DIRECTION('',(0.,-1.,0.));
#3296=DIRECTION('',(0.,0.,-1.));
#3297=DIRECTION('',(0.,1.,0.));
#3298=DIRECTION('',(0.,-1.,0.));
#3299=DIRECTION('',(0.,0.,-1.));
#3300=DIRECTION('',(0.,1.,0.));
#3301=DIRECTION('',(0.,0.,1.));
#3302=DIRECTION('',(0.,1.,0.));
#3303=DIRECTION('',(0.,-1.,0.));
#3304=DIRECTION('',(0.,0.,-1.));
#3305=DIRECTION('',(0.,1.,0.));
#3306=DIRECTION('',(0.,-1.,0.));
#3307=DIRECTION('',(0.,0.,-1.));
#3308=DIRECTION('',(0.,1.,0.));
#3309=DIRECTION('',(0.,0.,1.));
#3310=DIRECTION('',(0.,1.,0.));
#3311=DIRECTION('',(0.,-1.,0.));
#3312=DIRECTION('',(0.,0.,-1.));
#3313=DIRECTION('',(0.,1.,0.));
#3314=DIRECTION('',(0.,-1.,0.));
#3315=DIRECTION('',(0.,0.,-1.));
#3316=DIRECTION('',(0.,1.,0.));
#3317=DIRECTION('',(0.,0.,1.));
#3318=DIRECTION('',(0.,1.,0.));
#3319=DIRECTION('',(0.,-1.,0.));
#3320=DIRECTION('',(0.,0.,-1.));
#3321=DIRECTION('',(0.,1.,0.));
#3322=DIRECTION('',(0.,-1.,0.));
#3323=DIRECTION('',(0.,0.,-1.));
#3324=DIRECTION('',(0.,1.,0.));
#3325=DIRECTION('',(0.,0.,1.));
#3326=DIRECTION('',(0.,-1.,0.));
#3327=DIRECTION('',(0.,0.,-1.));
#3328=DIRECTION('',(0.,1.,0.));
#3329=DIRECTION('',(0.,-1.,0.));
#3330=DIRECTION('',(0.,0.,-1.));
#3331=DIRECTION('',(0.,1.,0.));
#3332=DIRECTION('',(0.,1.,0.));
#3333=DIRECTION('',(0.,0.,1.));
#3334=DIRECTION('',(0.,1.,0.));
#3335=DIRECTION('',(0.,-1.,0.));
#3336=DIRECTION('',(0.,0.,-1.));
#3337=DIRECTION('',(0.,1.,0.));
#3338=DIRECTION('',(0.,-1.,0.));
#3339=DIRECTION('',(0.,0.,-1.));
#3340=DIRECTION('',(0.,1.,0.));
#3341=DIRECTION('',(0.,0.,1.));
#3342=DIRECTION('',(0.,1.,0.));
#3343=DIRECTION('',(0.,-1.,0.));
#3344=DIRECTION('',(0.,0.,-1.));
#3345=DIRECTION('',(0.,1.,0.));
#3346=DIRECTION('',(0.,-1.,0.));
#3347=DIRECTION('',(0.,0.,-1.));
#3348=DIRECTION('',(0.,1.,0.));
#3349=DIRECTION('',(0.,0.,1.));
#3350=DIRECTION('',(0.,1.,0.));
#3351=DIRECTION('',(0.,-1.,0.));
#3352=DIRECTION('',(0.,0.,-1.));
#3353=DIRECTION('',(0.,1.,0.));
#3354=DIRECTION('',(0.,-1.,0.));
#3355=DIRECTION('',(0.,0.,-1.));
#3356=DIRECTION('',(0.,1.,0.));
#3357=DIRECTION('',(0.,0.,1.));
#3358=DIRECTION('',(0.,1.,0.));
#3359=DIRECTION('',(0.,-1.,0.));
#3360=DIRECTION('',(0.,0.,-1.));
#3361=DIRECTION('',(0.,1.,0.));
#3362=DIRECTION('',(0.,-1.,0.));
#3363=DIRECTION('',(0.,0.,-1.));
#3364=DIRECTION('',(0.,1.,0.));
#3365=DIRECTION('',(0.,0.,1.));
#3366=DIRECTION('',(0.,1.,0.));
#3367=DIRECTION('',(0.,-1.,0.));
#3368=DIRECTION('',(0.,0.,-1.));
#3369=DIRECTION('',(0.,1.,0.));
#3370=DIRECTION('',(0.,-1.,0.));
#3371=DIRECTION('',(0.,0.,-1.));
#3372=DIRECTION('',(0.,1.,0.));
#3373=DIRECTION('',(0.,0.,1.));
#3374=DIRECTION('',(0.,-1.,0.));
#3375=DIRECTION('',(0.,0.,-1.));
#3376=DIRECTION('',(0.,1.,0.));
#3377=DIRECTION('',(0.,-1.,0.));
#3378=DIRECTION('',(0.,0.,-1.));
#3379=DIRECTION('',(0.,1.,0.));
#3380=DIRECTION('',(0.,1.,0.));
#3381=DIRECTION('',(0.,0.,1.));
#3382=DIRECTION('',(0.,1.,0.));
#3383=DIRECTION('',(0.,-1.,0.));
#3384=DIRECTION('',(0.,0.,-1.));
#3385=DIRECTION('',(0.,1.,0.));
#3386=DIRECTION('',(0.,-1.,0.));
#3387=DIRECTION('',(0.,0.,-1.));
#3388=DIRECTION('',(0.,1.,0.));
#3389=DIRECTION('',(0.,0.,1.));
#3390=DIRECTION('',(0.,-1.,0.));
#3391=DIRECTION('',(0.,0.,-1.));
#3392=DIRECTION('',(0.,1.,0.));
#3393=DIRECTION('',(0.,-1.,0.));
#3394=DIRECTION('',(0.,0.,-1.));
#3395=DIRECTION('',(0.,1.,0.));
#3396=DIRECTION('',(0.,1.,0.));
#3397=DIRECTION('',(0.,0.,1.));
#3398=DIRECTION('',(0.,-1.,0.));
#3399=DIRECTION('',(0.,0.,-1.));
#3400=DIRECTION('',(0.,1.,0.));
#3401=DIRECTION('',(0.,-1.,0.));
#3402=DIRECTION('',(0.,0.,-1.));
#3403=DIRECTION('',(0.,1.,0.));
#3404=DIRECTION('',(0.,1.,0.));
#3405=DIRECTION('',(0.,0.,1.));
#3406=DIRECTION('',(0.,-1.,0.));
#3407=DIRECTION('',(0.,0.,-1.));
#3408=DIRECTION('',(0.,1.,0.));
#3409=DIRECTION('',(0.,-1.,0.));
#3410=DIRECTION('',(0.,0.,-1.));
#3411=DIRECTION('',(0.,1.,0.));
#3412=DIRECTION('',(0.,1.,0.));
#3413=DIRECTION('',(0.,0.,1.));
#3414=DIRECTION('',(0.,-1.,0.));
#3415=DIRECTION('',(0.,0.,-1.));
#3416=DIRECTION('',(0.,1.,0.));
#3417=DIRECTION('',(0.,-1.,0.));
#3418=DIRECTION('',(0.,0.,-1.));
#3419=DIRECTION('',(0.,1.,0.));
#3420=DIRECTION('',(0.,1.,0.));
#3421=DIRECTION('',(0.,0.,1.));
#3422=DIRECTION('',(0.,-1.,0.));
#3423=DIRECTION('',(0.,0.,-1.));
#3424=DIRECTION('',(0.,1.,0.));
#3425=DIRECTION('',(0.,-1.,0.));
#3426=DIRECTION('',(0.,0.,-1.));
#3427=DIRECTION('',(0.,1.,0.));
#3428=DIRECTION('',(0.,1.,0.));
#3429=DIRECTION('',(0.,0.,1.));
#3430=DIRECTION('',(0.,1.,0.));
#3431=DIRECTION('',(0.,-1.,0.));
#3432=DIRECTION('',(0.,0.,-1.));
#3433=DIRECTION('',(0.,1.,0.));
#3434=DIRECTION('',(0.,-1.,0.));
#3435=DIRECTION('',(0.,0.,-1.));
#3436=DIRECTION('',(0.,1.,0.));
#3437=DIRECTION('',(0.,0.,1.));
#3438=DIRECTION('',(0.,1.,0.));
#3439=DIRECTION('',(0.,-1.,0.));
#3440=DIRECTION('',(0.,0.,-1.));
#3441=DIRECTION('',(0.,1.,0.));
#3442=DIRECTION('',(0.,-1.,0.));
#3443=DIRECTION('',(0.,0.,-1.));
#3444=DIRECTION('',(0.,1.,0.));
#3445=DIRECTION('',(0.,0.,1.));
#3446=DIRECTION('',(0.,-1.,0.));
#3447=DIRECTION('',(0.,0.,-1.));
#3448=DIRECTION('',(0.,1.,0.));
#3449=DIRECTION('',(0.,-1.,0.));
#3450=DIRECTION('',(0.,0.,-1.));
#3451=DIRECTION('',(0.,1.,0.));
#3452=DIRECTION('',(0.,1.,0.));
#3453=DIRECTION('',(0.,0.,1.));
#3454=DIRECTION('',(0.,-1.,0.));
#3455=DIRECTION('',(0.,0.,-1.));
#3456=DIRECTION('',(0.,1.,0.));
#3457=DIRECTION('',(0.,-1.,0.));
#3458=DIRECTION('',(0.,0.,-1.));
#3459=DIRECTION('',(0.,1.,0.));
#3460=DIRECTION('',(0.,-1.,0.));
#3461=DIRECTION('',(1.,0.,0.));
#3462=DIRECTION('',(0.,-1.,0.));
#3463=DIRECTION('',(0.,0.,-1.));
#3464=DIRECTION('',(0.,-1.,0.));
#3465=DIRECTION('',(-0.587785252292473,0.,0.809016994374948));
#3466=DIRECTION('',(0.,-1.,0.));
#3467=DIRECTION('',(-0.770513242775789,0.,0.63742398974869));
#3468=DIRECTION('',(0.,-1.,0.));
#3469=DIRECTION('',(-0.770513242775789,0.,0.63742398974869));
#3470=DIRECTION('',(0.,-1.,0.));
#3471=DIRECTION('',(-0.770513242775789,0.,0.63742398974869));
#3472=DIRECTION('',(0.,-1.,0.));
#3473=DIRECTION('',(-0.90482705246602,0.,0.425779291565072));
#3474=DIRECTION('',(0.,-1.,0.));
#3475=DIRECTION('',(-0.90482705246602,0.,0.425779291565072));
#3476=DIRECTION('',(0.,-1.,0.));
#3477=DIRECTION('',(-0.90482705246602,0.,0.425779291565072));
#3478=DIRECTION('',(0.,-1.,0.));
#3479=DIRECTION('',(-0.982287250728689,0.,0.187381314585725));
#3480=DIRECTION('',(0.,-1.,0.));
#3481=DIRECTION('',(-0.982287250728689,0.,0.187381314585725));
#3482=DIRECTION('',(0.,-1.,0.));
#3483=DIRECTION('',(-0.982287250728689,0.,0.187381314585725));
#3484=DIRECTION('',(0.,-1.,0.));
#3485=DIRECTION('',(-0.998026728428272,0.,-0.0627905195293137));
#3486=DIRECTION('',(0.,-1.,0.));
#3487=DIRECTION('',(-0.998026728428272,0.,-0.0627905195293137));
#3488=DIRECTION('',(0.,-1.,0.));
#3489=DIRECTION('',(-0.998026728428272,0.,-0.0627905195293137));
#3490=DIRECTION('',(0.,-1.,0.));
#3491=DIRECTION('',(-0.951056516295154,0.,-0.309016994374948));
#3492=DIRECTION('',(0.,-1.,0.));
#3493=DIRECTION('',(-0.951056516295154,0.,-0.309016994374948));
#3494=DIRECTION('',(0.,-1.,0.));
#3495=DIRECTION('',(-0.951056516295154,0.,-0.309016994374948));
#3496=DIRECTION('',(0.,-1.,0.));
#3497=DIRECTION('',(-0.844327925502015,0.,-0.535826794978997));
#3498=DIRECTION('',(0.,-1.,0.));
#3499=DIRECTION('',(-0.844327925502015,0.,-0.535826794978997));
#3500=DIRECTION('',(0.,-1.,0.));
#3501=DIRECTION('',(-0.844327925502015,0.,-0.535826794978997));
#3502=DIRECTION('',(0.,-1.,0.));
#3503=DIRECTION('',(-0.684547105928688,0.,-0.728968627421412));
#3504=DIRECTION('',(0.,-1.,0.));
#3505=DIRECTION('',(-0.684547105928688,0.,-0.728968627421412));
#3506=DIRECTION('',(0.,-1.,0.));
#3507=DIRECTION('',(-0.684547105928688,0.,-0.728968627421412));
#3508=DIRECTION('',(0.,-1.,0.));
#3509=DIRECTION('',(-0.481753674101715,0.,-0.876306680043864));
#3510=DIRECTION('',(0.,-1.,0.));
#3511=DIRECTION('',(-0.481753674101715,0.,-0.876306680043864));
#3512=DIRECTION('',(0.,-1.,0.));
#3513=DIRECTION('',(-0.481753674101715,0.,-0.876306680043864));
#3514=DIRECTION('',(0.,-1.,0.));
#3515=DIRECTION('',(-0.248689887164854,0.,-0.968583161128631));
#3516=DIRECTION('',(0.,-1.,0.));
#3517=DIRECTION('',(-0.248689887164854,0.,-0.968583161128631));
#3518=DIRECTION('',(0.,-1.,0.));
#3519=DIRECTION('',(-0.248689887164854,0.,-0.968583161128631));
#3520=DIRECTION('',(0.,-1.,0.));
#3521=DIRECTION('',(0.,0.,-1.));
#3522=DIRECTION('',(0.,-1.,0.));
#3523=DIRECTION('',(0.,0.,-1.));
#3524=DIRECTION('',(0.,-1.,0.));
#3525=DIRECTION('',(0.,0.,-1.));
#3526=DIRECTION('',(0.,-1.,0.));
#3527=DIRECTION('',(0.,0.,-1.));
#3528=DIRECTION('',(0.,-1.,0.));
#3529=DIRECTION('',(0.248689887164855,0.,-0.968583161128631));
#3530=DIRECTION('',(0.,-1.,0.));
#3531=DIRECTION('',(0.248689887164855,0.,-0.968583161128631));
#3532=DIRECTION('',(0.,-1.,0.));
#3533=DIRECTION('',(0.248689887164855,0.,-0.968583161128631));
#3534=DIRECTION('',(0.,-1.,0.));
#3535=DIRECTION('',(0.481753674101715,0.,-0.876306680043864));
#3536=DIRECTION('',(0.,-1.,0.));
#3537=DIRECTION('',(0.481753674101715,0.,-0.876306680043864));
#3538=DIRECTION('',(0.,-1.,0.));
#3539=DIRECTION('',(0.481753674101715,0.,-0.876306680043864));
#3540=DIRECTION('',(0.,-1.,0.));
#3541=DIRECTION('',(0.684547105928689,0.,-0.728968627421412));
#3542=DIRECTION('',(0.,-1.,0.));
#3543=DIRECTION('',(0.684547105928689,0.,-0.728968627421412));
#3544=DIRECTION('',(0.,-1.,0.));
#3545=DIRECTION('',(0.684547105928689,0.,-0.728968627421412));
#3546=DIRECTION('',(0.,-1.,0.));
#3547=DIRECTION('',(0.844327925502015,0.,-0.535826794978997));
#3548=DIRECTION('',(0.,-1.,0.));
#3549=DIRECTION('',(0.844327925502015,0.,-0.535826794978997));
#3550=DIRECTION('',(0.,-1.,0.));
#3551=DIRECTION('',(0.844327925502015,0.,-0.535826794978997));
#3552=DIRECTION('',(0.,-1.,0.));
#3553=DIRECTION('',(0.951056516295154,0.,-0.309016994374948));
#3554=DIRECTION('',(0.,-1.,0.));
#3555=DIRECTION('',(0.951056516295154,0.,-0.309016994374948));
#3556=DIRECTION('',(0.,-1.,0.));
#3557=DIRECTION('',(0.951056516295154,0.,-0.309016994374948));
#3558=DIRECTION('',(0.,-1.,0.));
#3559=DIRECTION('',(0.998026728428272,0.,-0.0627905195293133));
#3560=DIRECTION('',(0.,-1.,0.));
#3561=DIRECTION('',(0.998026728428272,0.,-0.0627905195293133));
#3562=DIRECTION('',(0.,-1.,0.));
#3563=DIRECTION('',(0.998026728428272,0.,-0.0627905195293133));
#3564=DIRECTION('',(0.,-1.,0.));
#3565=DIRECTION('',(0.982287250728689,0.,0.187381314585725));
#3566=DIRECTION('',(0.,-1.,0.));
#3567=DIRECTION('',(0.982287250728689,0.,0.187381314585725));
#3568=DIRECTION('',(0.,-1.,0.));
#3569=DIRECTION('',(0.982287250728689,0.,0.187381314585725));
#3570=DIRECTION('',(0.,-1.,0.));
#3571=DIRECTION('',(0.904827052466019,0.,0.425779291565072));
#3572=DIRECTION('',(0.,-1.,0.));
#3573=DIRECTION('',(0.904827052466019,0.,0.425779291565072));
#3574=DIRECTION('',(0.,-1.,0.));
#3575=DIRECTION('',(0.904827052466019,0.,0.425779291565072));
#3576=DIRECTION('',(0.,-1.,0.));
#3577=DIRECTION('',(0.770513242775789,0.,0.63742398974869));
#3578=DIRECTION('',(0.,-1.,0.));
#3579=DIRECTION('',(0.770513242775789,0.,0.63742398974869));
#3580=DIRECTION('',(0.,-1.,0.));
#3581=DIRECTION('',(0.770513242775789,0.,0.63742398974869));
#3582=DIRECTION('',(0.,-1.,0.));
#3583=DIRECTION('',(0.587785252292473,0.,0.809016994374947));
#3584=DIRECTION('',(0.,-1.,0.));
#3585=DIRECTION('',(0.587785252292473,0.,0.809016994374947));
#3586=DIRECTION('',(0.,-1.,0.));
#3587=DIRECTION('',(0.587785252292473,0.,0.809016994374947));
#3588=DIRECTION('',(0.,-1.,0.));
#3589=DIRECTION('',(0.368124552684678,0.,0.929776485888252));
#3590=DIRECTION('',(0.,-1.,0.));
#3591=DIRECTION('',(0.368124552684678,0.,0.929776485888252));
#3592=DIRECTION('',(0.,-1.,0.));
#3593=DIRECTION('',(0.368124552684678,0.,0.929776485888252));
#3594=DIRECTION('',(0.,-1.,0.));
#3595=DIRECTION('',(0.125333233564304,0.,0.992114701314478));
#3596=DIRECTION('',(0.,-1.,0.));
#3597=DIRECTION('',(0.125333233564304,0.,0.992114701314478));
#3598=DIRECTION('',(0.,-1.,0.));
#3599=DIRECTION('',(0.125333233564304,0.,0.992114701314478));
#3600=DIRECTION('',(0.,-1.,0.));
#3601=DIRECTION('',(-0.125333233564304,0.,0.992114701314478));
#3602=DIRECTION('',(0.,-1.,0.));
#3603=DIRECTION('',(-0.125333233564304,0.,0.992114701314478));
#3604=DIRECTION('',(0.,-1.,0.));
#3605=DIRECTION('',(-0.125333233564304,0.,0.992114701314478));
#3606=DIRECTION('',(0.,-1.,0.));
#3607=DIRECTION('',(-0.368124552684678,0.,0.929776485888251));
#3608=DIRECTION('',(0.,-1.,0.));
#3609=DIRECTION('',(-0.368124552684678,0.,0.929776485888251));
#3610=DIRECTION('',(0.,-1.,0.));
#3611=DIRECTION('',(-0.368124552684678,0.,0.929776485888251));
#3612=DIRECTION('',(0.,-1.,0.));
#3613=DIRECTION('',(-0.587785252292473,0.,0.809016994374948));
#3614=DIRECTION('',(0.,-1.,0.));
#3615=DIRECTION('',(-0.587785252292473,0.,0.809016994374948));
#3616=DIRECTION('',(0.,1.,0.));
#3617=DIRECTION('',(0.,0.,1.));
#3618=DIRECTION('',(0.,1.,0.));
#3619=DIRECTION('',(0.,-1.,0.));
#3620=DIRECTION('',(0.,0.,-1.));
#3621=DIRECTION('',(0.,1.,0.));
#3622=DIRECTION('',(0.,-1.,0.));
#3623=DIRECTION('',(1.,0.,0.));
#3624=DIRECTION('',(0.,1.,0.));
#3625=DIRECTION('',(0.,0.,1.));
#3626=DIRECTION('',(0.,-1.,0.));
#3627=DIRECTION('',(-0.587785252292473,0.,0.809016994374948));
#3628=DIRECTION('',(0.,-1.,0.));
#3629=DIRECTION('',(-0.368124552684678,0.,0.929776485888251));
#3630=DIRECTION('',(0.,-1.,0.));
#3631=DIRECTION('',(-0.368124552684678,0.,0.929776485888251));
#3632=DIRECTION('',(0.,-1.,0.));
#3633=DIRECTION('',(-0.368124552684678,0.,0.929776485888251));
#3634=DIRECTION('',(0.,-1.,0.));
#3635=DIRECTION('',(-0.125333233564304,0.,0.992114701314478));
#3636=DIRECTION('',(0.,-1.,0.));
#3637=DIRECTION('',(-0.125333233564304,0.,0.992114701314478));
#3638=DIRECTION('',(0.,-1.,0.));
#3639=DIRECTION('',(-0.125333233564304,0.,0.992114701314478));
#3640=DIRECTION('',(0.,-1.,0.));
#3641=DIRECTION('',(0.125333233564304,0.,0.992114701314478));
#3642=DIRECTION('',(0.,-1.,0.));
#3643=DIRECTION('',(0.125333233564304,0.,0.992114701314478));
#3644=DIRECTION('',(0.,-1.,0.));
#3645=DIRECTION('',(0.125333233564304,0.,0.992114701314478));
#3646=DIRECTION('',(0.,-1.,0.));
#3647=DIRECTION('',(0.368124552684678,0.,0.929776485888252));
#3648=DIRECTION('',(0.,-1.,0.));
#3649=DIRECTION('',(0.368124552684678,0.,0.929776485888252));
#3650=DIRECTION('',(0.,-1.,0.));
#3651=DIRECTION('',(0.368124552684678,0.,0.929776485888252));
#3652=DIRECTION('',(0.,-1.,0.));
#3653=DIRECTION('',(0.587785252292473,0.,0.809016994374947));
#3654=DIRECTION('',(0.,-1.,0.));
#3655=DIRECTION('',(0.587785252292473,0.,0.809016994374947));
#3656=DIRECTION('',(0.,-1.,0.));
#3657=DIRECTION('',(0.587785252292473,0.,0.809016994374947));
#3658=DIRECTION('',(0.,-1.,0.));
#3659=DIRECTION('',(0.770513242775789,0.,0.63742398974869));
#3660=DIRECTION('',(0.,-1.,0.));
#3661=DIRECTION('',(0.770513242775789,0.,0.63742398974869));
#3662=DIRECTION('',(0.,-1.,0.));
#3663=DIRECTION('',(0.770513242775789,0.,0.63742398974869));
#3664=DIRECTION('',(0.,-1.,0.));
#3665=DIRECTION('',(0.904827052466019,0.,0.425779291565072));
#3666=DIRECTION('',(0.,-1.,0.));
#3667=DIRECTION('',(0.904827052466019,0.,0.425779291565072));
#3668=DIRECTION('',(0.,-1.,0.));
#3669=DIRECTION('',(0.904827052466019,0.,0.425779291565072));
#3670=DIRECTION('',(0.,-1.,0.));
#3671=DIRECTION('',(0.982287250728689,0.,0.187381314585725));
#3672=DIRECTION('',(0.,-1.,0.));
#3673=DIRECTION('',(0.982287250728689,0.,0.187381314585725));
#3674=DIRECTION('',(0.,-1.,0.));
#3675=DIRECTION('',(0.982287250728689,0.,0.187381314585725));
#3676=DIRECTION('',(0.,-1.,0.));
#3677=DIRECTION('',(0.998026728428272,0.,-0.0627905195293133));
#3678=DIRECTION('',(0.,-1.,0.));
#3679=DIRECTION('',(0.998026728428272,0.,-0.0627905195293133));
#3680=DIRECTION('',(0.,-1.,0.));
#3681=DIRECTION('',(0.998026728428272,0.,-0.0627905195293133));
#3682=DIRECTION('',(0.,-1.,0.));
#3683=DIRECTION('',(0.951056516295154,0.,-0.309016994374948));
#3684=DIRECTION('',(0.,-1.,0.));
#3685=DIRECTION('',(0.951056516295154,0.,-0.309016994374948));
#3686=DIRECTION('',(0.,-1.,0.));
#3687=DIRECTION('',(0.951056516295154,0.,-0.309016994374948));
#3688=DIRECTION('',(0.,-1.,0.));
#3689=DIRECTION('',(0.844327925502015,0.,-0.535826794978997));
#3690=DIRECTION('',(0.,-1.,0.));
#3691=DIRECTION('',(0.844327925502015,0.,-0.535826794978997));
#3692=DIRECTION('',(0.,-1.,0.));
#3693=DIRECTION('',(0.844327925502015,0.,-0.535826794978997));
#3694=DIRECTION('',(0.,-1.,0.));
#3695=DIRECTION('',(0.684547105928689,0.,-0.728968627421412));
#3696=DIRECTION('',(0.,-1.,0.));
#3697=DIRECTION('',(0.684547105928689,0.,-0.728968627421412));
#3698=DIRECTION('',(0.,-1.,0.));
#3699=DIRECTION('',(0.684547105928689,0.,-0.728968627421412));
#3700=DIRECTION('',(0.,-1.,0.));
#3701=DIRECTION('',(0.481753674101715,0.,-0.876306680043864));
#3702=DIRECTION('',(0.,-1.,0.));
#3703=DIRECTION('',(0.481753674101715,0.,-0.876306680043864));
#3704=DIRECTION('',(0.,-1.,0.));
#3705=DIRECTION('',(0.481753674101715,0.,-0.876306680043864));
#3706=DIRECTION('',(0.,-1.,0.));
#3707=DIRECTION('',(0.248689887164855,0.,-0.968583161128631));
#3708=DIRECTION('',(0.,-1.,0.));
#3709=DIRECTION('',(0.248689887164855,0.,-0.968583161128631));
#3710=DIRECTION('',(0.,-1.,0.));
#3711=DIRECTION('',(0.248689887164855,0.,-0.968583161128631));
#3712=DIRECTION('',(0.,-1.,0.));
#3713=DIRECTION('',(0.,0.,-1.));
#3714=DIRECTION('',(0.,-1.,0.));
#3715=DIRECTION('',(0.,0.,-1.));
#3716=DIRECTION('',(0.,-1.,0.));
#3717=DIRECTION('',(0.,0.,-1.));
#3718=DIRECTION('',(0.,-1.,0.));
#3719=DIRECTION('',(-0.248689887164854,0.,-0.968583161128631));
#3720=DIRECTION('',(0.,-1.,0.));
#3721=DIRECTION('',(-0.248689887164854,0.,-0.968583161128631));
#3722=DIRECTION('',(0.,-1.,0.));
#3723=DIRECTION('',(-0.248689887164854,0.,-0.968583161128631));
#3724=DIRECTION('',(0.,-1.,0.));
#3725=DIRECTION('',(-0.481753674101715,0.,-0.876306680043864));
#3726=DIRECTION('',(0.,-1.,0.));
#3727=DIRECTION('',(-0.481753674101715,0.,-0.876306680043864));
#3728=DIRECTION('',(0.,-1.,0.));
#3729=DIRECTION('',(-0.481753674101715,0.,-0.876306680043864));
#3730=DIRECTION('',(0.,-1.,0.));
#3731=DIRECTION('',(-0.684547105928688,0.,-0.728968627421412));
#3732=DIRECTION('',(0.,-1.,0.));
#3733=DIRECTION('',(-0.684547105928688,0.,-0.728968627421412));
#3734=DIRECTION('',(0.,-1.,0.));
#3735=DIRECTION('',(-0.684547105928688,0.,-0.728968627421412));
#3736=DIRECTION('',(0.,-1.,0.));
#3737=DIRECTION('',(-0.844327925502015,0.,-0.535826794978997));
#3738=DIRECTION('',(0.,-1.,0.));
#3739=DIRECTION('',(-0.844327925502015,0.,-0.535826794978997));
#3740=DIRECTION('',(0.,-1.,0.));
#3741=DIRECTION('',(-0.844327925502015,0.,-0.535826794978997));
#3742=DIRECTION('',(0.,-1.,0.));
#3743=DIRECTION('',(-0.951056516295154,0.,-0.309016994374948));
#3744=DIRECTION('',(0.,-1.,0.));
#3745=DIRECTION('',(-0.951056516295154,0.,-0.309016994374948));
#3746=DIRECTION('',(0.,-1.,0.));
#3747=DIRECTION('',(-0.951056516295154,0.,-0.309016994374948));
#3748=DIRECTION('',(0.,-1.,0.));
#3749=DIRECTION('',(-0.998026728428272,0.,-0.0627905195293137));
#3750=DIRECTION('',(0.,-1.,0.));
#3751=DIRECTION('',(-0.998026728428272,0.,-0.0627905195293137));
#3752=DIRECTION('',(0.,-1.,0.));
#3753=DIRECTION('',(-0.998026728428272,0.,-0.0627905195293137));
#3754=DIRECTION('',(0.,-1.,0.));
#3755=DIRECTION('',(-0.982287250728689,0.,0.187381314585725));
#3756=DIRECTION('',(0.,-1.,0.));
#3757=DIRECTION('',(-0.982287250728689,0.,0.187381314585725));
#3758=DIRECTION('',(0.,-1.,0.));
#3759=DIRECTION('',(-0.982287250728689,0.,0.187381314585725));
#3760=DIRECTION('',(0.,-1.,0.));
#3761=DIRECTION('',(-0.90482705246602,0.,0.425779291565072));
#3762=DIRECTION('',(0.,-1.,0.));
#3763=DIRECTION('',(-0.90482705246602,0.,0.425779291565072));
#3764=DIRECTION('',(0.,-1.,0.));
#3765=DIRECTION('',(-0.90482705246602,0.,0.425779291565072));
#3766=DIRECTION('',(0.,-1.,0.));
#3767=DIRECTION('',(-0.770513242775789,0.,0.63742398974869));
#3768=DIRECTION('',(0.,-1.,0.));
#3769=DIRECTION('',(-0.770513242775789,0.,0.63742398974869));
#3770=DIRECTION('',(0.,-1.,0.));
#3771=DIRECTION('',(-0.770513242775789,0.,0.63742398974869));
#3772=DIRECTION('',(0.,-1.,0.));
#3773=DIRECTION('',(-0.587785252292473,0.,0.809016994374948));
#3774=DIRECTION('',(0.,-1.,0.));
#3775=DIRECTION('',(-0.587785252292473,0.,0.809016994374948));
#3776=DIRECTION('',(0.,1.,0.));
#3777=DIRECTION('',(0.,1.,0.));
#3778=DIRECTION('',(0.,1.,0.));
#3779=DIRECTION('',(0.,0.,1.));
#3780=DIRECTION('',(0.,1.,0.));
#3781=DIRECTION('',(0.,1.,0.));
#3782=DIRECTION('',(0.,1.,0.));
#3783=DIRECTION('',(0.,0.,1.));
#3784=DIRECTION('',(0.,1.,0.));
#3785=DIRECTION('',(0.,0.,1.));
#3786=DIRECTION('',(0.,1.,0.));
#3787=DIRECTION('',(0.,1.,0.));
#3788=DIRECTION('',(0.,1.,0.));
#3789=DIRECTION('',(0.684547105928688,0.,0.728968627421412));
#3790=DIRECTION('',(0.,1.,0.));
#3791=DIRECTION('',(0.,1.,0.));
#3792=DIRECTION('',(0.,1.,0.));
#3793=DIRECTION('',(0.684547105928688,0.,0.728968627421412));
#3794=DIRECTION('',(0.,1.,0.));
#3795=DIRECTION('',(0.684547105928688,0.,0.728968627421412));
#3796=DIRECTION('',(0.,1.,0.));
#3797=DIRECTION('',(0.,1.,0.));
#3798=DIRECTION('',(0.,1.,0.));
#3799=DIRECTION('',(0.844327925502015,0.,0.535826794978997));
#3800=DIRECTION('',(0.,1.,0.));
#3801=DIRECTION('',(0.,1.,0.));
#3802=DIRECTION('',(0.,1.,0.));
#3803=DIRECTION('',(0.844327925502015,0.,0.535826794978997));
#3804=DIRECTION('',(0.,1.,0.));
#3805=DIRECTION('',(0.844327925502015,0.,0.535826794978997));
#3806=DIRECTION('',(0.,1.,0.));
#3807=DIRECTION('',(0.,1.,0.));
#3808=DIRECTION('',(0.,1.,0.));
#3809=DIRECTION('',(0.481753674101715,0.,0.876306680043864));
#3810=DIRECTION('',(0.,1.,0.));
#3811=DIRECTION('',(0.,1.,0.));
#3812=DIRECTION('',(0.,1.,0.));
#3813=DIRECTION('',(0.481753674101715,0.,0.876306680043864));
#3814=DIRECTION('',(0.,1.,0.));
#3815=DIRECTION('',(0.481753674101715,0.,0.876306680043864));
#3816=DIRECTION('',(0.,1.,0.));
#3817=DIRECTION('',(0.,1.,0.));
#3818=DIRECTION('',(0.,1.,0.));
#3819=DIRECTION('',(0.248689887164854,0.,0.968583161128631));
#3820=DIRECTION('',(0.,1.,0.));
#3821=DIRECTION('',(0.,1.,0.));
#3822=DIRECTION('',(0.,1.,0.));
#3823=DIRECTION('',(0.248689887164854,0.,0.968583161128631));
#3824=DIRECTION('',(0.,1.,0.));
#3825=DIRECTION('',(0.248689887164854,0.,0.968583161128631));
#3826=DIRECTION('',(0.,1.,0.));
#3827=DIRECTION('',(0.,1.,0.));
#3828=DIRECTION('',(0.,1.,0.));
#3829=DIRECTION('',(0.951056516295154,0.,0.309016994374948));
#3830=DIRECTION('',(0.,1.,0.));
#3831=DIRECTION('',(0.,1.,0.));
#3832=DIRECTION('',(0.,1.,0.));
#3833=DIRECTION('',(0.951056516295154,0.,0.309016994374948));
#3834=DIRECTION('',(0.,1.,0.));
#3835=DIRECTION('',(0.951056516295154,0.,0.309016994374948));
#3836=DIRECTION('',(0.,1.,0.));
#3837=DIRECTION('',(0.,1.,0.));
#3838=DIRECTION('',(0.,1.,0.));
#3839=DIRECTION('',(0.998026728428272,0.,0.0627905195293137));
#3840=DIRECTION('',(0.,1.,0.));
#3841=DIRECTION('',(0.,1.,0.));
#3842=DIRECTION('',(0.,1.,0.));
#3843=DIRECTION('',(0.998026728428272,0.,0.0627905195293137));
#3844=DIRECTION('',(0.,1.,0.));
#3845=DIRECTION('',(0.998026728428272,0.,0.0627905195293137));
#3846=DIRECTION('',(0.,1.,0.));
#3847=DIRECTION('',(0.,1.,0.));
#3848=DIRECTION('',(0.,1.,0.));
#3849=DIRECTION('',(0.982287250728689,0.,-0.187381314585725));
#3850=DIRECTION('',(0.,1.,0.));
#3851=DIRECTION('',(0.,1.,0.));
#3852=DIRECTION('',(0.,1.,0.));
#3853=DIRECTION('',(0.982287250728689,0.,-0.187381314585725));
#3854=DIRECTION('',(0.,1.,0.));
#3855=DIRECTION('',(0.982287250728689,0.,-0.187381314585725));
#3856=DIRECTION('',(0.,1.,0.));
#3857=DIRECTION('',(0.,1.,0.));
#3858=DIRECTION('',(0.,1.,0.));
#3859=DIRECTION('',(0.90482705246602,0.,-0.425779291565072));
#3860=DIRECTION('',(0.,1.,0.));
#3861=DIRECTION('',(0.,1.,0.));
#3862=DIRECTION('',(0.,1.,0.));
#3863=DIRECTION('',(0.90482705246602,0.,-0.425779291565072));
#3864=DIRECTION('',(0.,1.,0.));
#3865=DIRECTION('',(0.90482705246602,0.,-0.425779291565072));
#3866=DIRECTION('',(0.,1.,0.));
#3867=DIRECTION('',(0.,1.,0.));
#3868=DIRECTION('',(0.,1.,0.));
#3869=DIRECTION('',(-0.684547105928689,0.,0.728968627421412));
#3870=DIRECTION('',(0.,1.,0.));
#3871=DIRECTION('',(0.,1.,0.));
#3872=DIRECTION('',(0.,1.,0.));
#3873=DIRECTION('',(-0.684547105928689,0.,0.728968627421412));
#3874=DIRECTION('',(0.,1.,0.));
#3875=DIRECTION('',(-0.684547105928689,0.,0.728968627421412));
#3876=DIRECTION('',(0.,1.,0.));
#3877=DIRECTION('',(0.,1.,0.));
#3878=DIRECTION('',(0.,1.,0.));
#3879=DIRECTION('',(-0.844327925502015,0.,0.535826794978997));
#3880=DIRECTION('',(0.,1.,0.));
#3881=DIRECTION('',(0.,1.,0.));
#3882=DIRECTION('',(0.,1.,0.));
#3883=DIRECTION('',(-0.844327925502015,0.,0.535826794978997));
#3884=DIRECTION('',(0.,1.,0.));
#3885=DIRECTION('',(-0.844327925502015,0.,0.535826794978997));
#3886=DIRECTION('',(0.,1.,0.));
#3887=DIRECTION('',(0.,1.,0.));
#3888=DIRECTION('',(0.,1.,0.));
#3889=DIRECTION('',(-0.481753674101715,0.,0.876306680043864));
#3890=DIRECTION('',(0.,1.,0.));
#3891=DIRECTION('',(0.,1.,0.));
#3892=DIRECTION('',(0.,1.,0.));
#3893=DIRECTION('',(-0.481753674101715,0.,0.876306680043864));
#3894=DIRECTION('',(0.,1.,0.));
#3895=DIRECTION('',(-0.481753674101715,0.,0.876306680043864));
#3896=DIRECTION('',(0.,1.,0.));
#3897=DIRECTION('',(0.,1.,0.));
#3898=DIRECTION('',(0.,1.,0.));
#3899=DIRECTION('',(-0.248689887164855,0.,0.968583161128631));
#3900=DIRECTION('',(0.,1.,0.));
#3901=DIRECTION('',(0.,1.,0.));
#3902=DIRECTION('',(0.,1.,0.));
#3903=DIRECTION('',(-0.248689887164855,0.,0.968583161128631));
#3904=DIRECTION('',(0.,1.,0.));
#3905=DIRECTION('',(-0.248689887164855,0.,0.968583161128631));
#3906=DIRECTION('',(0.,1.,0.));
#3907=DIRECTION('',(0.,1.,0.));
#3908=DIRECTION('',(0.,1.,0.));
#3909=DIRECTION('',(-0.951056516295154,0.,0.309016994374948));
#3910=DIRECTION('',(0.,1.,0.));
#3911=DIRECTION('',(0.,1.,0.));
#3912=DIRECTION('',(0.,1.,0.));
#3913=DIRECTION('',(-0.951056516295154,0.,0.309016994374948));
#3914=DIRECTION('',(0.,1.,0.));
#3915=DIRECTION('',(-0.951056516295154,0.,0.309016994374948));
#3916=DIRECTION('',(0.,1.,0.));
#3917=DIRECTION('',(0.,1.,0.));
#3918=DIRECTION('',(0.,1.,0.));
#3919=DIRECTION('',(-0.998026728428272,0.,0.0627905195293133));
#3920=DIRECTION('',(0.,1.,0.));
#3921=DIRECTION('',(0.,1.,0.));
#3922=DIRECTION('',(0.,1.,0.));
#3923=DIRECTION('',(-0.998026728428272,0.,0.0627905195293133));
#3924=DIRECTION('',(0.,1.,0.));
#3925=DIRECTION('',(-0.998026728428272,0.,0.0627905195293133));
#3926=DIRECTION('',(0.,1.,0.));
#3927=DIRECTION('',(0.,1.,0.));
#3928=DIRECTION('',(0.,1.,0.));
#3929=DIRECTION('',(-0.982287250728689,0.,-0.187381314585725));
#3930=DIRECTION('',(0.,1.,0.));
#3931=DIRECTION('',(0.,1.,0.));
#3932=DIRECTION('',(0.,1.,0.));
#3933=DIRECTION('',(-0.982287250728689,0.,-0.187381314585725));
#3934=DIRECTION('',(0.,1.,0.));
#3935=DIRECTION('',(-0.982287250728689,0.,-0.187381314585725));
#3936=DIRECTION('',(0.,1.,0.));
#3937=DIRECTION('',(0.,1.,0.));
#3938=DIRECTION('',(0.,1.,0.));
#3939=DIRECTION('',(-0.904827052466019,0.,-0.425779291565072));
#3940=DIRECTION('',(0.,1.,0.));
#3941=DIRECTION('',(0.,1.,0.));
#3942=DIRECTION('',(0.,1.,0.));
#3943=DIRECTION('',(-0.904827052466019,0.,-0.425779291565072));
#3944=DIRECTION('',(0.,1.,0.));
#3945=DIRECTION('',(-0.904827052466019,0.,-0.425779291565072));
#3946=DIRECTION('',(0.,1.,0.));
#3947=DIRECTION('',(0.,1.,0.));
#3948=DIRECTION('',(0.,1.,0.));
#3949=DIRECTION('',(-0.587785252292473,0.,-0.809016994374947));
#3950=DIRECTION('',(0.,1.,0.));
#3951=DIRECTION('',(0.,1.,0.));
#3952=DIRECTION('',(0.,1.,0.));
#3953=DIRECTION('',(-0.587785252292473,0.,-0.809016994374947));
#3954=DIRECTION('',(0.,1.,0.));
#3955=DIRECTION('',(-0.587785252292473,0.,-0.809016994374947));
#3956=DIRECTION('',(0.,1.,0.));
#3957=DIRECTION('',(0.,1.,0.));
#3958=DIRECTION('',(0.,1.,0.));
#3959=DIRECTION('',(-0.770513242775789,0.,-0.63742398974869));
#3960=DIRECTION('',(0.,1.,0.));
#3961=DIRECTION('',(0.,1.,0.));
#3962=DIRECTION('',(0.,1.,0.));
#3963=DIRECTION('',(-0.770513242775789,0.,-0.63742398974869));
#3964=DIRECTION('',(0.,1.,0.));
#3965=DIRECTION('',(-0.770513242775789,0.,-0.63742398974869));
#3966=DIRECTION('',(0.,1.,0.));
#3967=DIRECTION('',(0.,1.,0.));
#3968=DIRECTION('',(0.,1.,0.));
#3969=DIRECTION('',(-0.368124552684678,0.,-0.929776485888252));
#3970=DIRECTION('',(0.,1.,0.));
#3971=DIRECTION('',(0.,1.,0.));
#3972=DIRECTION('',(0.,1.,0.));
#3973=DIRECTION('',(-0.368124552684678,0.,-0.929776485888252));
#3974=DIRECTION('',(0.,1.,0.));
#3975=DIRECTION('',(-0.368124552684678,0.,-0.929776485888252));
#3976=DIRECTION('',(0.,1.,0.));
#3977=DIRECTION('',(0.,1.,0.));
#3978=DIRECTION('',(0.,1.,0.));
#3979=DIRECTION('',(-0.125333233564304,0.,-0.992114701314478));
#3980=DIRECTION('',(0.,1.,0.));
#3981=DIRECTION('',(0.,1.,0.));
#3982=DIRECTION('',(0.,1.,0.));
#3983=DIRECTION('',(-0.125333233564304,0.,-0.992114701314478));
#3984=DIRECTION('',(0.,1.,0.));
#3985=DIRECTION('',(-0.125333233564304,0.,-0.992114701314478));
#3986=DIRECTION('',(0.,1.,0.));
#3987=DIRECTION('',(0.,1.,0.));
#3988=DIRECTION('',(0.,1.,0.));
#3989=DIRECTION('',(0.125333233564304,0.,-0.992114701314478));
#3990=DIRECTION('',(0.,1.,0.));
#3991=DIRECTION('',(0.,1.,0.));
#3992=DIRECTION('',(0.,1.,0.));
#3993=DIRECTION('',(0.125333233564304,0.,-0.992114701314478));
#3994=DIRECTION('',(0.,1.,0.));
#3995=DIRECTION('',(0.125333233564304,0.,-0.992114701314478));
#3996=DIRECTION('',(0.,1.,0.));
#3997=DIRECTION('',(0.,1.,0.));
#3998=DIRECTION('',(0.,1.,0.));
#3999=DIRECTION('',(0.368124552684678,0.,-0.929776485888251));
#4000=DIRECTION('',(0.,1.,0.));
#4001=DIRECTION('',(0.,1.,0.));
#4002=DIRECTION('',(0.,1.,0.));
#4003=DIRECTION('',(0.368124552684678,0.,-0.929776485888251));
#4004=DIRECTION('',(0.,1.,0.));
#4005=DIRECTION('',(0.368124552684678,0.,-0.929776485888251));
#4006=DIRECTION('',(0.,1.,0.));
#4007=DIRECTION('',(0.,1.,0.));
#4008=DIRECTION('',(0.,1.,0.));
#4009=DIRECTION('',(0.770513242775789,0.,-0.63742398974869));
#4010=DIRECTION('',(0.,1.,0.));
#4011=DIRECTION('',(0.,1.,0.));
#4012=DIRECTION('',(0.,1.,0.));
#4013=DIRECTION('',(0.770513242775789,0.,-0.63742398974869));
#4014=DIRECTION('',(0.,1.,0.));
#4015=DIRECTION('',(0.770513242775789,0.,-0.63742398974869));
#4016=DIRECTION('',(0.,1.,0.));
#4017=DIRECTION('',(0.,1.,0.));
#4018=DIRECTION('',(0.,1.,0.));
#4019=DIRECTION('',(0.587785252292473,0.,-0.809016994374948));
#4020=DIRECTION('',(0.,1.,0.));
#4021=DIRECTION('',(0.,1.,0.));
#4022=DIRECTION('',(0.,1.,0.));
#4023=DIRECTION('',(0.587785252292473,0.,-0.809016994374948));
#4024=DIRECTION('',(0.,1.,0.));
#4025=DIRECTION('',(0.587785252292473,0.,-0.809016994374948));
#4026=DIRECTION('',(0.,1.,0.));
#4027=DIRECTION('',(0.,0.,1.));
#4028=DIRECTION('',(0.,1.,0.));
#4029=DIRECTION('',(0.,0.,1.));
#4030=DIRECTION('',(0.,1.,0.));
#4031=DIRECTION('',(-1.,0.,0.));
#4032=DIRECTION('',(0.,-1.,0.));
#4033=DIRECTION('',(0.,0.,-1.));
#4034=DIRECTION('',(0.,-1.,0.));
#4035=DIRECTION('',(0.,0.,-1.));
#4036=DIRECTION('',(0.,-1.,0.));
#4037=DIRECTION('',(1.,0.,0.));
#4038=CARTESIAN_POINT('',(0.,0.,0.));
#4039=CARTESIAN_POINT('',(0.,0.014,6.12323399573677E-20));
#4040=CARTESIAN_POINT('',(0.,-0.003,6.12323399573677E-20));
#4041=CARTESIAN_POINT('',(0.,-0.003,0.001));
#4042=CARTESIAN_POINT('',(0.,-0.0047,6.12323399573677E-20));
#4043=CARTESIAN_POINT('',(0.,-0.0047,-0.001));
#4044=CARTESIAN_POINT('',(0.,-0.006,5.62112880808635E-19));
#4045=CARTESIAN_POINT('',(-0.00792378077326676,-0.006,-0.00463530994187098));
#4046=CARTESIAN_POINT('',(-0.00792378077326676,-0.006,-0.00463530994187098));
#4047=CARTESIAN_POINT('',(-0.00792378077326676,0.,-0.00463530994187098));
#4048=CARTESIAN_POINT('',(0.,-0.006,5.62112880808635E-19));
#4049=CARTESIAN_POINT('',(-0.00815949568313452,-0.006,-0.00420654611253807));
#4050=CARTESIAN_POINT('',(-0.00815949568313452,-0.006,-0.00420654611253807));
#4051=CARTESIAN_POINT('',(-0.00815949568313452,0.,-0.00420654611253807));
#4052=CARTESIAN_POINT('',(0.,0.,5.62112880808635E-19));
#4053=CARTESIAN_POINT('',(0.,-0.006,5.62112880808635E-19));
#4054=CARTESIAN_POINT('',(0.,-0.006,5.62112880808635E-19));
#4055=CARTESIAN_POINT('',(-0.006857024643905,-0.006,-0.00610357379187632));
#4056=CARTESIAN_POINT('',(-0.00652208592304296,-0.006,-0.00646024730273113));
#4057=CARTESIAN_POINT('',(-0.006857024643905,-0.006,-0.00610357379187632));
#4058=CARTESIAN_POINT('',(-0.006857024643905,0.,-0.00610357379187632));
#4059=CARTESIAN_POINT('',(0.,0.,5.62112880808635E-19));
#4060=CARTESIAN_POINT('',(-0.00652208592304296,0.,-0.00646024730273113));
#4061=CARTESIAN_POINT('',(-0.00652208592304296,-0.006,-0.00646024730273113));
#4062=CARTESIAN_POINT('',(0.,-0.006,5.62112880808635E-19));
#4063=CARTESIAN_POINT('',(-0.00882759533587901,-0.006,-0.00251911900988561));
#4064=CARTESIAN_POINT('',(-0.00882759533587901,-0.006,-0.00251911900988561));
#4065=CARTESIAN_POINT('',(-0.00882759533587901,0.,-0.00251911900988561));
#4066=CARTESIAN_POINT('',(0.,-0.006,5.62112880808635E-19));
#4067=CARTESIAN_POINT('',(-0.0089492756000667,-0.006,-0.00204520567035464));
#4068=CARTESIAN_POINT('',(-0.0089492756000667,-0.006,-0.00204520567035464));
#4069=CARTESIAN_POINT('',(-0.0089492756000667,0.,-0.00204520567035464));
#4070=CARTESIAN_POINT('',(0.,0.,5.62112880808635E-19));
#4071=CARTESIAN_POINT('',(0.,-0.006,5.62112880808635E-19));
#4072=CARTESIAN_POINT('',(-0.00917673961791335,-0.006,-0.000244642565837482));
#4073=CARTESIAN_POINT('',(-0.00917673961791335,-0.006,-0.000244642565837482));
#4074=CARTESIAN_POINT('',(-0.00917673961791335,0.,-0.000244642565837482));
#4075=CARTESIAN_POINT('',(0.,-0.006,5.62112880808635E-19));
#4076=CARTESIAN_POINT('',(-0.00917673961791335,-0.006,0.00024464256583748));
#4077=CARTESIAN_POINT('',(-0.00917673961791335,-0.006,0.00024464256583748));
#4078=CARTESIAN_POINT('',(-0.00917673961791335,0.,0.00024464256583748));
#4079=CARTESIAN_POINT('',(0.,0.,5.62112880808635E-19));
#4080=CARTESIAN_POINT('',(0.,-0.006,5.62112880808635E-19));
#4081=CARTESIAN_POINT('',(-0.0089492756000667,-0.006,0.00204520567035464));
#4082=CARTESIAN_POINT('',(-0.0089492756000667,-0.006,0.00204520567035464));
#4083=CARTESIAN_POINT('',(-0.0089492756000667,0.,0.00204520567035464));
#4084=CARTESIAN_POINT('',(0.,-0.006,5.62112880808635E-19));
#4085=CARTESIAN_POINT('',(-0.00882759533587901,-0.006,0.00251911900988561));
#4086=CARTESIAN_POINT('',(-0.00882759533587901,-0.006,0.00251911900988561));
#4087=CARTESIAN_POINT('',(-0.00882759533587901,0.,0.00251911900988561));
#4088=CARTESIAN_POINT('',(0.,0.,5.62112880808635E-19));
#4089=CARTESIAN_POINT('',(0.,-0.006,5.62112880808635E-19));
#4090=CARTESIAN_POINT('',(-0.00815949568313452,-0.006,0.00420654611253807));
#4091=CARTESIAN_POINT('',(-0.00815949568313452,-0.006,0.00420654611253807));
#4092=CARTESIAN_POINT('',(-0.00815949568313452,0.,0.00420654611253807));
#4093=CARTESIAN_POINT('',(0.,-0.006,5.62112880808635E-19));
#4094=CARTESIAN_POINT('',(-0.00792378077326676,-0.006,0.00463530994187098));
#4095=CARTESIAN_POINT('',(-0.00792378077326676,-0.006,0.00463530994187098));
#4096=CARTESIAN_POINT('',(-0.00792378077326676,0.,0.00463530994187098));
#4097=CARTESIAN_POINT('',(0.,0.,5.62112880808635E-19));
#4098=CARTESIAN_POINT('',(0.,-0.006,5.62112880808635E-19));
#4099=CARTESIAN_POINT('',(-0.00512370152792634,-0.006,0.0076170914824968));
#4100=CARTESIAN_POINT('',(-0.00512370152792634,-0.006,0.0076170914824968));
#4101=CARTESIAN_POINT('',(-0.00512370152792634,0.,0.0076170914824968));
#4102=CARTESIAN_POINT('',(0.,-0.006,5.62112880808635E-19));
#4103=CARTESIAN_POINT('',(-0.00471058442772024,-0.006,0.00787926356643307));
#4104=CARTESIAN_POINT('',(-0.00471058442772024,-0.006,0.00787926356643307));
#4105=CARTESIAN_POINT('',(-0.00471058442772024,0.,0.00787926356643307));
#4106=CARTESIAN_POINT('',(0.,0.,5.62112880808635E-19));
#4107=CARTESIAN_POINT('',(0.,-0.006,5.62112880808635E-19));
#4108=CARTESIAN_POINT('',(0.,-0.006,5.62112880808635E-19));
#4109=CARTESIAN_POINT('',(-0.00652208592304297,-0.006,0.00646024730273112));
#4110=CARTESIAN_POINT('',(-0.006857024643905,-0.006,0.00610357379187632));
#4111=CARTESIAN_POINT('',(-0.00652208592304297,-0.006,0.00646024730273112));
#4112=CARTESIAN_POINT('',(-0.00652208592304297,0.,0.00646024730273112));
#4113=CARTESIAN_POINT('',(0.,0.,5.62112880808635E-19));
#4114=CARTESIAN_POINT('',(-0.006857024643905,0.,0.00610357379187632));
#4115=CARTESIAN_POINT('',(-0.006857024643905,-0.006,0.00610357379187632));
#4116=CARTESIAN_POINT('',(0.,-0.006,5.62112880808635E-19));
#4117=CARTESIAN_POINT('',(-0.00306843740129199,-0.006,0.00865199930156911));
#4118=CARTESIAN_POINT('',(-0.00306843740129199,-0.006,0.00865199930156911));
#4119=CARTESIAN_POINT('',(-0.00306843740129199,0.,0.00865199930156911));
#4120=CARTESIAN_POINT('',(0.,-0.006,5.62112880808635E-19));
#4121=CARTESIAN_POINT('',(-0.00260309958848618,-0.006,0.00880319672235166));
#4122=CARTESIAN_POINT('',(-0.00260309958848618,-0.006,0.00880319672235166));
#4123=CARTESIAN_POINT('',(-0.00260309958848618,0.,0.00880319672235166));
#4124=CARTESIAN_POINT('',(0.,0.,5.62112880808635E-19));
#4125=CARTESIAN_POINT('',(0.,-0.006,5.62112880808635E-19));
#4126=CARTESIAN_POINT('',(-0.000820372067811091,-0.006,0.00914327018469625));
#4127=CARTESIAN_POINT('',(-0.000820372067811091,-0.006,0.00914327018469625));
#4128=CARTESIAN_POINT('',(-0.000820372067811091,0.,0.00914327018469625));
#4129=CARTESIAN_POINT('',(0.,-0.006,5.62112880808635E-19));
#4130=CARTESIAN_POINT('',(-0.000332052428576933,-0.006,0.00917399265231208));
#4131=CARTESIAN_POINT('',(-0.000332052428576933,-0.006,0.00917399265231208));
#4132=CARTESIAN_POINT('',(-0.000332052428576933,0.,0.00917399265231208));
#4133=CARTESIAN_POINT('',(0.,0.,5.62112880808635E-19));
#4134=CARTESIAN_POINT('',(0.,-0.006,5.62112880808635E-19));
#4135=CARTESIAN_POINT('',(0.00147924025980779,-0.006,0.00906003577552339));
#4136=CARTESIAN_POINT('',(0.00147924025980779,-0.006,0.00906003577552339));
#4137=CARTESIAN_POINT('',(0.00147924025980779,0.,0.00906003577552339));
#4138=CARTESIAN_POINT('',(0.,-0.006,5.62112880808635E-19));
#4139=CARTESIAN_POINT('',(0.00195985880662321,-0.006,0.00896835288434289));
#4140=CARTESIAN_POINT('',(0.00195985880662321,-0.006,0.00896835288434289));
#4141=CARTESIAN_POINT('',(0.00195985880662321,0.,0.00896835288434289));
#4142=CARTESIAN_POINT('',(0.,0.,5.62112880808635E-19));
#4143=CARTESIAN_POINT('',(0.,-0.006,5.62112880808635E-19));
#4144=CARTESIAN_POINT('',(0.00368590648163783,-0.006,0.00840752599809362));
#4145=CARTESIAN_POINT('',(0.00368590648163783,-0.006,0.00840752599809362));
#4146=CARTESIAN_POINT('',(0.00368590648163783,0.,0.00840752599809362));
#4147=CARTESIAN_POINT('',(0.,-0.006,5.62112880808635E-19));
#4148=CARTESIAN_POINT('',(0.00412862490514673,-0.006,0.00819919852135574));
#4149=CARTESIAN_POINT('',(0.00412862490514673,-0.006,0.00819919852135574));
#4150=CARTESIAN_POINT('',(0.00412862490514673,0.,0.00819919852135574));
#4151=CARTESIAN_POINT('',(0.,0.,5.62112880808635E-19));
#4152=CARTESIAN_POINT('',(0.,-0.006,5.62112880808635E-19));
#4153=CARTESIAN_POINT('',(0.00907371644122296,-0.006,0.0013928639360254));
#4154=CARTESIAN_POINT('',(0.00907371644122296,-0.006,0.0013928639360254));
#4155=CARTESIAN_POINT('',(0.00907371644122296,0.,0.0013928639360254));
#4156=CARTESIAN_POINT('',(0.,-0.006,5.62112880808635E-19));
#4157=CARTESIAN_POINT('',(0.00913504012891072,-0.006,0.000907436963756078));
#4158=CARTESIAN_POINT('',(0.00913504012891072,-0.006,0.000907436963756078));
#4159=CARTESIAN_POINT('',(0.00913504012891072,0.,0.000907436963756078));
#4160=CARTESIAN_POINT('',(0.,0.,5.62112880808635E-19));
#4161=CARTESIAN_POINT('',(0.,-0.006,5.62112880808635E-19));
#4162=CARTESIAN_POINT('',(0.,-0.006,5.62112880808635E-19));
#4163=CARTESIAN_POINT('',(0.00862237564897152,-0.006,0.00315072026178506));
#4164=CARTESIAN_POINT('',(0.00844225777873841,-0.006,0.00360564607211117));
#4165=CARTESIAN_POINT('',(0.00862237564897152,-0.006,0.00315072026178506));
#4166=CARTESIAN_POINT('',(0.00862237564897152,0.,0.00315072026178506));
#4167=CARTESIAN_POINT('',(0.,0.,5.62112880808635E-19));
#4168=CARTESIAN_POINT('',(0.00844225777873841,0.,0.00360564607211117));
#4169=CARTESIAN_POINT('',(0.00844225777873841,-0.006,0.00360564607211117));
#4170=CARTESIAN_POINT('',(0.,-0.006,5.62112880808635E-19));
#4171=CARTESIAN_POINT('',(0.00566097364341076,-0.006,0.00722674044148595));
#4172=CARTESIAN_POINT('',(0.00566097364341076,-0.006,0.00722674044148595));
#4173=CARTESIAN_POINT('',(0.00566097364341076,0.,0.00722674044148595));
#4174=CARTESIAN_POINT('',(0.,-0.006,5.62112880808635E-19));
#4175=CARTESIAN_POINT('',(0.00603797431685962,-0.006,0.00691485836072899));
#4176=CARTESIAN_POINT('',(0.00603797431685962,-0.006,0.00691485836072899));
#4177=CARTESIAN_POINT('',(0.00603797431685962,0.,0.00691485836072899));
#4178=CARTESIAN_POINT('',(0.,0.,5.62112880808635E-19));
#4179=CARTESIAN_POINT('',(0.,-0.006,5.62112880808635E-19));
#4180=CARTESIAN_POINT('',(0.,-0.006,5.62112880808635E-19));
#4181=CARTESIAN_POINT('',(0.00756793559612802,-0.006,0.00519603221822752));
#4182=CARTESIAN_POINT('',(0.0072803410115635,-0.006,0.00559187220484755));
#4183=CARTESIAN_POINT('',(0.00756793559612802,-0.006,0.00519603221822752));
#4184=CARTESIAN_POINT('',(0.00756793559612802,0.,0.00519603221822752));
#4185=CARTESIAN_POINT('',(0.,0.,5.62112880808635E-19));
#4186=CARTESIAN_POINT('',(0.0072803410115635,0.,0.00559187220484755));
#4187=CARTESIAN_POINT('',(0.0072803410115635,-0.006,0.00559187220484755));
#4188=CARTESIAN_POINT('',(0.,-0.006,5.62112880808635E-19));
#4189=CARTESIAN_POINT('',(0.,-0.006,5.62112880808635E-19));
#4190=CARTESIAN_POINT('',(-0.00512370152792634,-0.006,-0.0076170914824968));
#4191=CARTESIAN_POINT('',(-0.00471058442772024,-0.006,-0.00787926356643307));
#4192=CARTESIAN_POINT('',(-0.00512370152792634,-0.006,-0.0076170914824968));
#4193=CARTESIAN_POINT('',(-0.00512370152792634,0.,-0.0076170914824968));
#4194=CARTESIAN_POINT('',(0.,0.,5.62112880808635E-19));
#4195=CARTESIAN_POINT('',(-0.00471058442772024,0.,-0.00787926356643307));
#4196=CARTESIAN_POINT('',(-0.00471058442772024,-0.006,-0.00787926356643307));
#4197=CARTESIAN_POINT('',(0.,-0.006,5.62112880808635E-19));
#4198=CARTESIAN_POINT('',(0.,-0.006,5.62112880808635E-19));
#4199=CARTESIAN_POINT('',(-0.00306843740129199,-0.006,-0.00865199930156912));
#4200=CARTESIAN_POINT('',(-0.00260309958848618,-0.006,-0.00880319672235166));
#4201=CARTESIAN_POINT('',(-0.00306843740129199,-0.006,-0.00865199930156912));
#4202=CARTESIAN_POINT('',(-0.00306843740129199,0.,-0.00865199930156912));
#4203=CARTESIAN_POINT('',(0.,0.,5.62112880808635E-19));
#4204=CARTESIAN_POINT('',(-0.00260309958848618,0.,-0.00880319672235166));
#4205=CARTESIAN_POINT('',(-0.00260309958848618,-0.006,-0.00880319672235166));
#4206=CARTESIAN_POINT('',(0.,-0.006,5.62112880808635E-19));
#4207=CARTESIAN_POINT('',(0.,-0.006,5.62112880808635E-19));
#4208=CARTESIAN_POINT('',(-0.000820372067811091,-0.006,-0.00914327018469625));
#4209=CARTESIAN_POINT('',(-0.00033205242857693,-0.006,-0.00917399265231209));
#4210=CARTESIAN_POINT('',(-0.000820372067811091,-0.006,-0.00914327018469625));
#4211=CARTESIAN_POINT('',(-0.000820372067811091,0.,-0.00914327018469625));
#4212=CARTESIAN_POINT('',(0.,0.,5.62112880808635E-19));
#4213=CARTESIAN_POINT('',(-0.00033205242857693,0.,-0.00917399265231209));
#4214=CARTESIAN_POINT('',(-0.00033205242857693,-0.006,-0.00917399265231209));
#4215=CARTESIAN_POINT('',(0.,-0.006,5.62112880808635E-19));
#4216=CARTESIAN_POINT('',(0.,-0.006,5.62112880808635E-19));
#4217=CARTESIAN_POINT('',(0.00147924025980779,-0.006,-0.00906003577552339));
#4218=CARTESIAN_POINT('',(0.00195985880662321,-0.006,-0.00896835288434289));
#4219=CARTESIAN_POINT('',(0.00147924025980779,-0.006,-0.00906003577552339));
#4220=CARTESIAN_POINT('',(0.00147924025980779,0.,-0.00906003577552339));
#4221=CARTESIAN_POINT('',(0.,0.,5.62112880808635E-19));
#4222=CARTESIAN_POINT('',(0.00195985880662321,0.,-0.00896835288434289));
#4223=CARTESIAN_POINT('',(0.00195985880662321,-0.006,-0.00896835288434289));
#4224=CARTESIAN_POINT('',(0.,-0.006,5.62112880808635E-19));
#4225=CARTESIAN_POINT('',(0.00862237564897152,-0.006,-0.00315072026178506));
#4226=CARTESIAN_POINT('',(0.00862237564897152,-0.006,-0.00315072026178506));
#4227=CARTESIAN_POINT('',(0.00862237564897152,0.,-0.00315072026178506));
#4228=CARTESIAN_POINT('',(0.,-0.006,5.62112880808635E-19));
#4229=CARTESIAN_POINT('',(0.00844225777873841,-0.006,-0.00360564607211117));
#4230=CARTESIAN_POINT('',(0.00844225777873841,-0.006,-0.00360564607211117));
#4231=CARTESIAN_POINT('',(0.00844225777873841,0.,-0.00360564607211117));
#4232=CARTESIAN_POINT('',(0.,0.,5.62112880808635E-19));
#4233=CARTESIAN_POINT('',(0.,-0.006,5.62112880808635E-19));
#4234=CARTESIAN_POINT('',(0.00756793559612802,-0.006,-0.00519603221822752));
#4235=CARTESIAN_POINT('',(0.00756793559612802,-0.006,-0.00519603221822752));
#4236=CARTESIAN_POINT('',(0.00756793559612802,0.,-0.00519603221822752));
#4237=CARTESIAN_POINT('',(0.,-0.006,5.62112880808635E-19));
#4238=CARTESIAN_POINT('',(0.0072803410115635,-0.006,-0.00559187220484754));
#4239=CARTESIAN_POINT('',(0.0072803410115635,-0.006,-0.00559187220484754));
#4240=CARTESIAN_POINT('',(0.0072803410115635,0.,-0.00559187220484754));
#4241=CARTESIAN_POINT('',(0.,0.,5.62112880808635E-19));
#4242=CARTESIAN_POINT('',(0.,-0.006,5.62112880808635E-19));
#4243=CARTESIAN_POINT('',(0.,-0.006,5.62112880808635E-19));
#4244=CARTESIAN_POINT('',(0.00368590648163782,-0.006,-0.00840752599809363));
#4245=CARTESIAN_POINT('',(0.00412862490514673,-0.006,-0.00819919852135574));
#4246=CARTESIAN_POINT('',(0.00368590648163782,-0.006,-0.00840752599809363));
#4247=CARTESIAN_POINT('',(0.00368590648163782,0.,-0.00840752599809363));
#4248=CARTESIAN_POINT('',(0.,0.,5.62112880808635E-19));
#4249=CARTESIAN_POINT('',(0.00412862490514673,0.,-0.00819919852135574));
#4250=CARTESIAN_POINT('',(0.00412862490514673,-0.006,-0.00819919852135574));
#4251=CARTESIAN_POINT('',(0.,-0.006,5.62112880808635E-19));
#4252=CARTESIAN_POINT('',(0.,-0.006,5.62112880808635E-19));
#4253=CARTESIAN_POINT('',(0.00566097364341077,-0.006,-0.00722674044148595));
#4254=CARTESIAN_POINT('',(0.00603797431685962,-0.006,-0.00691485836072898));
#4255=CARTESIAN_POINT('',(0.00566097364341077,-0.006,-0.00722674044148595));
#4256=CARTESIAN_POINT('',(0.00566097364341077,0.,-0.00722674044148595));
#4257=CARTESIAN_POINT('',(0.,0.,5.62112880808635E-19));
#4258=CARTESIAN_POINT('',(0.00603797431685962,0.,-0.00691485836072898));
#4259=CARTESIAN_POINT('',(0.00603797431685962,-0.006,-0.00691485836072898));
#4260=CARTESIAN_POINT('',(0.,-0.006,0.));
#4261=CARTESIAN_POINT('',(0.,-0.006,1.22464679914735E-19));
#4262=CARTESIAN_POINT('',(0.,-0.006,-0.002));
#4263=CARTESIAN_POINT('',(-0.00632542519396874,-0.006,-0.00474546044911741));
#4264=CARTESIAN_POINT('',(-0.00616416312962791,-0.006,-0.00494636044719157));
#4265=CARTESIAN_POINT('',(-0.00611935375412536,-0.006,-0.00459086153481804));
#4266=CARTESIAN_POINT('',(-0.00596644708321358,-0.006,-0.00478790238029267));
#4267=CARTESIAN_POINT('',(-0.00609007186482031,-0.006,-0.00488692645085905));
#4268=CARTESIAN_POINT('',(-0.00622839572350952,-0.006,-0.00499772455594632));
#4269=CARTESIAN_POINT('',(-0.00623406702161817,-0.006,-0.00500285804340767));
#4270=CARTESIAN_POINT('',(-0.00624087605988598,-0.006,-0.00500884425707201));
#4271=CARTESIAN_POINT('',(-0.0062487891946218,-0.006,-0.00501619317764027));
#4272=CARTESIAN_POINT('',(-0.00625924295779578,-0.006,-0.00502624000912961));
#4273=CARTESIAN_POINT('',(-0.00627162778699191,-0.006,-0.00503865149374441));
#4274=CARTESIAN_POINT('',(-0.00628601241116613,-0.006,-0.00505364673854461));
#4275=CARTESIAN_POINT('',(-0.00630224793431893,-0.006,-0.0050712666932146));
#4276=CARTESIAN_POINT('',(-0.00632024911828775,-0.006,-0.00509160332581302));
#4277=CARTESIAN_POINT('',(-0.00633990848523335,-0.006,-0.00511472946474345));
#4278=CARTESIAN_POINT('',(-0.00636112211328797,-0.006,-0.00514071969805246));
#4279=CARTESIAN_POINT('',(-0.00638378211290143,-0.006,-0.0051696441108917));
#4280=CARTESIAN_POINT('',(-0.00640777892301008,-0.006,-0.00520157002936489));
#4281=CARTESIAN_POINT('',(-0.0064330007514122,-0.006,-0.00523656143717767));
#4282=CARTESIAN_POINT('',(-0.0064593338435322,-0.006,-0.00527467906859591));
#4283=CARTESIAN_POINT('',(-0.00648666251610556,-0.006,-0.00531598031073378));
#4284=CARTESIAN_POINT('',(-0.00651486926001299,-0.006,-0.00536051916348224));
#4285=CARTESIAN_POINT('',(-0.00654383482566781,-0.006,-0.00540834618564394));
#4286=CARTESIAN_POINT('',(-0.00657343831402689,-0.006,-0.00545950844968898));
#4287=CARTESIAN_POINT('',(-0.00660355727176846,-0.006,-0.00551404949024635));
#4288=CARTESIAN_POINT('',(-0.00663406777082225,-0.006,-0.00557200928373164));
#4289=CARTESIAN_POINT('',(-0.00666484455574725,-0.006,-0.00563342411992711));
#4290=CARTESIAN_POINT('',(-0.00669576093359041,-0.006,-0.00569832690254367));
#4291=CARTESIAN_POINT('',(-0.00672668966334138,-0.006,-0.00576674580480084));
#4292=CARTESIAN_POINT('',(-0.0067574999957422,-0.006,-0.00583870927944423));
#4293=CARTESIAN_POINT('',(-0.00678806954117046,-0.006,-0.00591422661173504));
#4294=CARTESIAN_POINT('',(-0.0068182391154948,-0.006,-0.00599336254162955));
#4295=CARTESIAN_POINT('',(-0.00684114901118133,-0.006,-0.00605696726046857));
#4296=CARTESIAN_POINT('',(-0.00685389148963132,-0.006,-0.00609430819913001));
#4297=CARTESIAN_POINT('',(-0.006857024643905,-0.006,-0.00610357379187632));
#4298=CARTESIAN_POINT('',(-0.00515309086073656,-0.006,-0.00565403878488584));
#4299=CARTESIAN_POINT('',(-0.00525968199418336,-0.006,-0.00577120184838869));
#4300=CARTESIAN_POINT('',(-0.00537894689147006,-0.006,-0.00590229568595856));
#4301=CARTESIAN_POINT('',(-0.00538442635292118,-0.006,-0.00590763345871119));
#4302=CARTESIAN_POINT('',(-0.00539082829721061,-0.006,-0.00591405318343136));
#4303=CARTESIAN_POINT('',(-0.00539865958620399,-0.006,-0.0059214892608629));
#4304=CARTESIAN_POINT('',(-0.00540934298978711,-0.006,-0.00593129155015435));
#4305=CARTESIAN_POINT('',(-0.00542250763303166,-0.006,-0.00594287261715201));
#4306=CARTESIAN_POINT('',(-0.00543837650616672,-0.006,-0.00595628729734481));
#4307=CARTESIAN_POINT('',(-0.00545698112881465,-0.006,-0.00597138441729351));
#4308=CARTESIAN_POINT('',(-0.00547840793540764,-0.006,-0.00598807313231141));
#4309=CARTESIAN_POINT('',(-0.0055027228620497,-0.006,-0.00600624160370896));
#4310=CARTESIAN_POINT('',(-0.00552999382429682,-0.006,-0.00602578143126223));
#4311=CARTESIAN_POINT('',(-0.00556028399456274,-0.006,-0.00604658053763339));
#4312=CARTESIAN_POINT('',(-0.00559365368670238,-0.006,-0.00606852535051146));
#4313=CARTESIAN_POINT('',(-0.00563015973867371,-0.006,-0.00609150028072098));
#4314=CARTESIAN_POINT('',(-0.00566985562218852,-0.006,-0.00611538798461892));
#4315=CARTESIAN_POINT('',(-0.00571279134730834,-0.006,-0.00614006940384856));
#4316=CARTESIAN_POINT('',(-0.00575901342890901,-0.006,-0.00616542387048678));
#4317=CARTESIAN_POINT('',(-0.00580856483828343,-0.006,-0.00619132919564527));
#4318=CARTESIAN_POINT('',(-0.00586148496370124,-0.006,-0.00621766176314267));
#4319=CARTESIAN_POINT('',(-0.00591780956497806,-0.006,-0.00624429662772888));
#4320=CARTESIAN_POINT('',(-0.00597757075813725,-0.006,-0.0062711075957375));
#4321=CARTESIAN_POINT('',(-0.00604079689649725,-0.006,-0.00629796738023622));
#4322=CARTESIAN_POINT('',(-0.00610751286372469,-0.006,-0.00632474747223049));
#4323=CARTESIAN_POINT('',(-0.00617773878791651,-0.006,-0.00635131911277993));
#4324=CARTESIAN_POINT('',(-0.0062514948558595,-0.006,-0.00637755002406772));
#4325=CARTESIAN_POINT('',(-0.00632878264958455,-0.006,-0.00640331747495302));
#4326=CARTESIAN_POINT('',(-0.00640965678604409,-0.006,-0.0064284585303625));
#4327=CARTESIAN_POINT('',(-0.00647457451975212,-0.006,-0.00644732944526274));
#4328=CARTESIAN_POINT('',(-0.0065126418814428,-0.006,-0.00645770212240399));
#4329=CARTESIAN_POINT('',(-0.00652208592304296,-0.006,-0.00646024730273113));
#4330=CARTESIAN_POINT('',(-0.00532365094011037,-0.006,-0.00584141501950232));
#4331=CARTESIAN_POINT('',(-0.00513327310109151,-0.006,-0.00601497348524849));
#4332=CARTESIAN_POINT('',(-0.00496603991966683,-0.006,-0.00581901602646663));
#4333=CARTESIAN_POINT('',(-2.83188552472783E-16,-0.006,-3.40955426278329E-16));
#4334=CARTESIAN_POINT('',(-0.00478540216615173,-0.006,-0.00596845257233317));
#4335=CARTESIAN_POINT('',(-0.00494655230622063,-0.006,-0.00616944236057485));
#4336=CARTESIAN_POINT('',(-0.00474039478831879,-0.006,-0.00632392647119536));
#4337=CARTESIAN_POINT('',(-0.00458829727385438,-0.006,-0.00612127667457863));
#4338=CARTESIAN_POINT('',(-0.00468341187068111,-0.006,-0.0062479339548642));
#4339=CARTESIAN_POINT('',(-0.00478983566273758,-0.006,-0.00638965087854632));
#4340=CARTESIAN_POINT('',(-0.00479405214016983,-0.006,-0.00639603348254597));
#4341=CARTESIAN_POINT('',(-0.00479915854917879,-0.006,-0.00640352496725869));
#4342=CARTESIAN_POINT('',(-0.00480499547600874,-0.006,-0.00641261092455815));
#4343=CARTESIAN_POINT('',(-0.00481262226960004,-0.006,-0.00642494186154561));
#4344=CARTESIAN_POINT('',(-0.00482153139590446,-0.006,-0.00644004339832345));
#4345=CARTESIAN_POINT('',(-0.0048317349349214,-0.006,-0.00645814485049672));
#4346=CARTESIAN_POINT('',(-0.00484307848472059,-0.006,-0.00647924885231085));
#4347=CARTESIAN_POINT('',(-0.00485545661352695,-0.006,-0.00650342328460978));
#4348=CARTESIAN_POINT('',(-0.00486874710842774,-0.006,-0.00653071195910716));
#4349=CARTESIAN_POINT('',(-0.00488283076315888,-0.006,-0.00656116127621132));
#4350=CARTESIAN_POINT('',(-0.00489758564825037,-0.006,-0.00659481228817997));
#4351=CARTESIAN_POINT('',(-0.00491288890137967,-0.006,-0.00663170295921491));
#4352=CARTESIAN_POINT('',(-0.00492861633040214,-0.006,-0.00667186746126596));
#4353=CARTESIAN_POINT('',(-0.00494464265055362,-0.006,-0.0067153363309078));
#4354=CARTESIAN_POINT('',(-0.00496084154137715,-0.006,-0.00676213638307488));
#4355=CARTESIAN_POINT('',(-0.00497708575629168,-0.006,-0.00681229069782265));
#4356=CARTESIAN_POINT('',(-0.00499324721869268,-0.006,-0.00686581858938975));
#4357=CARTESIAN_POINT('',(-0.0050091971213555,-0.006,-0.00692273558500871));
#4358=CARTESIAN_POINT('',(-0.00502480603143266,-0.006,-0.00698305339868528));
#4359=CARTESIAN_POINT('',(-0.00503994397255184,-0.006,-0.00704677993124466));
#4360=CARTESIAN_POINT('',(-0.00505448059950017,-0.006,-0.00711391918259736));
#4361=CARTESIAN_POINT('',(-0.00506828501679655,-0.006,-0.00718447151546751));
#4362=CARTESIAN_POINT('',(-0.00508122697454615,-0.006,-0.00725843257440863));
#4363=CARTESIAN_POINT('',(-0.00509317275530931,-0.006,-0.0073357974022528));
#4364=CARTESIAN_POINT('',(-0.00510400150540809,-0.006,-0.00741654455548627));
#4365=CARTESIAN_POINT('',(-0.00511354294160091,-0.006,-0.00750069715265688));
#4366=CARTESIAN_POINT('',(-0.00511991523043487,-0.006,-0.00756800107166592));
#4367=CARTESIAN_POINT('',(-0.00512297106667023,-0.006,-0.00760733780160205));
#4368=CARTESIAN_POINT('',(-0.00512370152792634,-0.006,-0.0076170914824968));
#4369=CARTESIAN_POINT('',(-0.00358509476803631,-0.006,-0.00675792834411543));
#4370=CARTESIAN_POINT('',(-0.00365919987597608,-0.006,-0.0068979186514802));
#4371=CARTESIAN_POINT('',(-0.00374211613552844,-0.006,-0.00705455390892706));
#4372=CARTESIAN_POINT('',(-0.0037460959995185,-0.006,-0.00706108667238319));
#4373=CARTESIAN_POINT('',(-0.00375070029433944,-0.006,-0.00706889680844921));
#4374=CARTESIAN_POINT('',(-0.00375643627173095,-0.006,-0.00707804683021036));
#4375=CARTESIAN_POINT('',(-0.00376434630632725,-0.006,-0.0070901980169902));
#4376=CARTESIAN_POINT('',(-0.00377421726385129,-0.006,-0.00710468915711508));
#4377=CARTESIAN_POINT('',(-0.0037862514918525,-0.006,-0.00712162881873115));
#4378=CARTESIAN_POINT('',(-0.00380051711501189,-0.006,-0.00714087841640205));
#4379=CARTESIAN_POINT('',(-0.00381712044441989,-0.006,-0.00716237145486318));
#4380=CARTESIAN_POINT('',(-0.00383615315782765,-0.006,-0.00718601600668533));
#4381=CARTESIAN_POINT('',(-0.00385770799513854,-0.006,-0.0072117239671489));
#4382=CARTESIAN_POINT('',(-0.00388187401658926,-0.006,-0.00723940249037216));
#4383=CARTESIAN_POINT('',(-0.00390873788544925,-0.006,-0.00726895657157292));
#4384=CARTESIAN_POINT('',(-0.00393838339986655,-0.006,-0.00730028838804754));
#4385=CARTESIAN_POINT('',(-0.00397089153381811,-0.006,-0.00733329758059332));
#4386=CARTESIAN_POINT('',(-0.00400634033481672,-0.006,-0.0073678812682873));
#4387=CARTESIAN_POINT('',(-0.00404480486528006,-0.006,-0.00740393414199027));
#4388=CARTESIAN_POINT('',(-0.00408635713361969,-0.006,-0.00744134853812853));
#4389=CARTESIAN_POINT('',(-0.00413106603274451,-0.006,-0.0074800145196147));
#4390=CARTESIAN_POINT('',(-0.00417899727162992,-0.006,-0.00751981995968799));
#4391=CARTESIAN_POINT('',(-0.00423021334040402,-0.006,-0.00756065061621829));
#4392=CARTESIAN_POINT('',(-0.00428477335658645,-0.006,-0.00760239025240991));
#4393=CARTESIAN_POINT('',(-0.00434273338096504,-0.006,-0.00764492058493092));
#4394=CARTESIAN_POINT('',(-0.0044041449303219,-0.006,-0.00768812190569398));
#4395=CARTESIAN_POINT('',(-0.00446906045339415,-0.006,-0.00773187111288286));
#4396=CARTESIAN_POINT('',(-0.00453751200450382,-0.006,-0.00777604972461627));
#4397=CARTESIAN_POINT('',(-0.00460959300501637,-0.006,-0.00782051350740958));
#4398=CARTESIAN_POINT('',(-0.00466777822304736,-0.006,-0.00785493594168789));
#4399=CARTESIAN_POINT('',(-0.00470207004866169,-0.006,-0.00787444970998624));
#4400=CARTESIAN_POINT('',(-0.00471058442772024,-0.006,-0.00787926356643307));
#4401=CARTESIAN_POINT('',(-0.00370369781423439,-0.006,-0.00698183437665494));
#4402=CARTESIAN_POINT('',(-0.00347613880984573,-0.006,-0.00710259514074372));
#4403=CARTESIAN_POINT('',(-0.0033628922046494,-0.006,-0.00687120484485133));
#4404=CARTESIAN_POINT('',(-1.89499496860127E-16,-0.006,-4.00669813749458E-16));
#4405=CARTESIAN_POINT('',(-0.00315076616060071,-0.006,-0.00697102378429549));
#4406=CARTESIAN_POINT('',(-0.00325686934492586,-0.006,-0.00720577551889553));
#4407=CARTESIAN_POINT('',(-0.00301877000850708,-0.006,-0.0073041369372393));
#4408=CARTESIAN_POINT('',(-0.00292184787220194,-0.006,-0.00707002864291999));
#4409=CARTESIAN_POINT('',(-0.00298247588432302,-0.006,-0.0072163607901915));
#4410=CARTESIAN_POINT('',(-0.00305031261149251,-0.006,-0.00738009193695513));
#4411=CARTESIAN_POINT('',(-0.00305280933146419,-0.006,-0.00738732261501021));
#4412=CARTESIAN_POINT('',(-0.00305589225675619,-0.006,-0.00739584865323506));
#4413=CARTESIAN_POINT('',(-0.00305928622010084,-0.006,-0.00740610074315277));
#4414=CARTESIAN_POINT('',(-0.00306360682461872,-0.006,-0.00741994098751742));
#4415=CARTESIAN_POINT('',(-0.00306848045486025,-0.006,-0.00743678369136298));
#4416=CARTESIAN_POINT('',(-0.00307386178283749,-0.006,-0.0074568539700968));
#4417=CARTESIAN_POINT('',(-0.00307960060233052,-0.006,-0.007480115977006));
#4418=CARTESIAN_POINT('',(-0.00308557791261796,-0.006,-0.00750660924051675));
#4419=CARTESIAN_POINT('',(-0.0030916644448003,-0.006,-0.00753634580280167));
#4420=CARTESIAN_POINT('',(-0.00309773319838515,-0.006,-0.00756934096112259));
#4421=CARTESIAN_POINT('',(-0.00310365586525968,-0.006,-0.00760560415537889));
#4422=CARTESIAN_POINT('',(-0.0031093040017341,-0.006,-0.00764514160244006));
#4423=CARTESIAN_POINT('',(-0.00311454881917,-0.006,-0.00768795551535081));
#4424=CARTESIAN_POINT('',(-0.00311926137471717,-0.006,-0.00773404431426933));
#4425=CARTESIAN_POINT('',(-0.00312331264790506,-0.006,-0.0077834025570694));
#4426=CARTESIAN_POINT('',(-0.00312657365006157,-0.006,-0.00783602095376621));
#4427=CARTESIAN_POINT('',(-0.0031289155250884,-0.006,-0.00789188636044976));
#4428=CARTESIAN_POINT('',(-0.00313020965101101,-0.006,-0.00795098178348182));
#4429=CARTESIAN_POINT('',(-0.00313032774819806,-0.006,-0.00801328638021089));
#4430=CARTESIAN_POINT('',(-0.00312914195886865,-0.006,-0.00807877547943386));
#4431=CARTESIAN_POINT('',(-0.00312652503810718,-0.006,-0.00814742053986041));
#4432=CARTESIAN_POINT('',(-0.00312235011254895,-0.006,-0.00821918936043659));
#4433=CARTESIAN_POINT('',(-0.00311649210749459,-0.006,-0.00829404533071864));
#4434=CARTESIAN_POINT('',(-0.00310882273928123,-0.006,-0.0083719503951022));
#4435=CARTESIAN_POINT('',(-0.00309923028385645,-0.006,-0.00845285372867342));
#4436=CARTESIAN_POINT('',(-0.00308754405839082,-0.006,-0.00853673537594829));
#4437=CARTESIAN_POINT('',(-0.00307697834602913,-0.006,-0.00860350954236951));
#4438=CARTESIAN_POINT('',(-0.00307015553062061,-0.006,-0.00864237039216808));
#4439=CARTESIAN_POINT('',(-0.00306843740129199,-0.006,-0.00865199930156912));
#4440=CARTESIAN_POINT('',(-0.00179183398600408,-0.006,-0.00743719241156236));
#4441=CARTESIAN_POINT('',(-0.00182879677196544,-0.006,-0.00759121385692898));
#4442=CARTESIAN_POINT('',(-0.00187015446025115,-0.006,-0.00776354856496327));
#4443=CARTESIAN_POINT('',(-0.00187238465728871,-0.006,-0.00777086584156912));
#4444=CARTESIAN_POINT('',(-0.00187490199786414,-0.006,-0.00777957564940828));
#4445=CARTESIAN_POINT('',(-0.00187818225109885,-0.006,-0.00778986468598038));
#4446=CARTESIAN_POINT('',(-0.00188282190014357,-0.006,-0.00780360126649428));
#4447=CARTESIAN_POINT('',(-0.00188877894338302,-0.006,-0.00782009194811766));
#4448=CARTESIAN_POINT('',(-0.00189622237144626,-0.006,-0.00783949220991793));
#4449=CARTESIAN_POINT('',(-0.00190525263354871,-0.006,-0.00786168476229432));
#4450=CARTESIAN_POINT('',(-0.00191598923752224,-0.006,-0.00788663163754629));
#4451=CARTESIAN_POINT('',(-0.00192854384231487,-0.006,-0.00791426659564347));
#4452=CARTESIAN_POINT('',(-0.00194302818498814,-0.006,-0.00794452736331416));
#4453=CARTESIAN_POINT('',(-0.0019595516176195,-0.006,-0.00797734615998092));
#4454=CARTESIAN_POINT('',(-0.00197822170752099,-0.006,-0.0080126525178902));
#4455=CARTESIAN_POINT('',(-0.00199914394768482,-0.006,-0.00805037252737048));
#4456=CARTESIAN_POINT('',(-0.00202242172646041,-0.006,-0.00809042911959712));
#4457=CARTESIAN_POINT('',(-0.00204815622479951,-0.006,-0.00813274205546772));
#4458=CARTESIAN_POINT('',(-0.00207644633621385,-0.006,-0.00817722800158749));
#4459=CARTESIAN_POINT('',(-0.00210738858168035,-0.006,-0.00822380058459563));
#4460=CARTESIAN_POINT('',(-0.00214107702995233,-0.006,-0.00827237045425026));
#4461=CARTESIAN_POINT('',(-0.0021776032104284,-0.006,-0.00832284534761664));
#4462=CARTESIAN_POINT('',(-0.00221705606085682,-0.006,-0.00837513015235418));
#4463=CARTESIAN_POINT('',(-0.00225952174838723,-0.006,-0.00842912698538914));
#4464=CARTESIAN_POINT('',(-0.0023050839884232,-0.006,-0.00848473522122898));
#4465=CARTESIAN_POINT('',(-0.00235382244944314,-0.006,-0.00854185172433877));
#4466=CARTESIAN_POINT('',(-0.00240581854658743,-0.006,-0.00860037030384274));
#4467=CARTESIAN_POINT('',(-0.00246113279237831,-0.006,-0.00866018417177148));
#4468=CARTESIAN_POINT('',(-0.00251989154258627,-0.006,-0.00872117685894935));
#4469=CARTESIAN_POINT('',(-0.00256768825370108,-0.006,-0.00876898792446317));
#4470=CARTESIAN_POINT('',(-0.0025960498617192,-0.006,-0.00879641666208983));
#4471=CARTESIAN_POINT('',(-0.00260309958848618,-0.006,-0.00880319672235166));
#4472=CARTESIAN_POINT('',(-0.00185102773344233,-0.006,-0.00768355940253166));
#4473=CARTESIAN_POINT('',(-0.00160058593283311,-0.006,-0.00774393462202831));
#4474=CARTESIAN_POINT('',(-0.00154844160456147,-0.006,-0.00749165059231029));
#4475=CARTESIAN_POINT('',(-8.39034909293507E-17,-0.006,-4.35208643262212E-16));
#4476=CARTESIAN_POINT('',(-0.0013181559294718,-0.006,-0.00753557993425844));
#4477=CARTESIAN_POINT('',(-0.00136254530476183,-0.006,-0.00778934330037542));
#4478=CARTESIAN_POINT('',(-0.00110746480680141,-0.006,-0.00782540161677991));
#4479=CARTESIAN_POINT('',(-0.00107180802293426,-0.006,-0.00757454470988018));
#4480=CARTESIAN_POINT('',(-0.0010941399693739,-0.006,-0.00773135713715259));
#4481=CARTESIAN_POINT('',(-0.00111912720060233,-0.006,-0.00790681467688553));
#4482=CARTESIAN_POINT('',(-0.0011197472850153,-0.006,-0.00791443909890125));
#4483=CARTESIAN_POINT('',(-0.00112061301505605,-0.006,-0.00792346396829999));
#4484=CARTESIAN_POINT('',(-0.00112135075971632,-0.006,-0.00793423801432189));
#4485=CARTESIAN_POINT('',(-0.00112209369568886,-0.006,-0.00794871793260943));
#4486=CARTESIAN_POINT('',(-0.00112262560175547,-0.006,-0.00796624351449696));
#4487=CARTESIAN_POINT('',(-0.00112284659006506,-0.006,-0.00798702153036515));
#4488=CARTESIAN_POINT('',(-0.00112262008811729,-0.006,-0.00801097990492365));
#4489=CARTESIAN_POINT('',(-0.00112182100349742,-0.006,-0.00803812733046443));
#4490=CARTESIAN_POINT('',(-0.0011203211337596,-0.006,-0.00806844332296512));
#4491=CARTESIAN_POINT('',(-0.0011179936640911,-0.006,-0.00810191111535778));
#4492=CARTESIAN_POINT('',(-0.00111471196980691,-0.006,-0.00813850794203991));
#4493=CARTESIAN_POINT('',(-0.00111035009643937,-0.006,-0.00817820788191988));
#4494=CARTESIAN_POINT('',(-0.00110478275112011,-0.006,-0.0082209810500836));
#4495=CARTESIAN_POINT('',(-0.00109788543486637,-0.006,-0.00826679384954));
#4496=CARTESIAN_POINT('',(-0.00108953453402469,-0.006,-0.00831560892305102));
#4497=CARTESIAN_POINT('',(-0.00107960742266457,-0.006,-0.00836738519431549));
#4498=CARTESIAN_POINT('',(-0.00106798256169647,-0.006,-0.00842207788715495));
#4499=CARTESIAN_POINT('',(-0.00105453959618768,-0.006,-0.00847963855483325));
#4500=CARTESIAN_POINT('',(-0.00103915946000404,-0.006,-0.00854001510766206));
#4501=CARTESIAN_POINT('',(-0.00102172444773064,-0.006,-0.00860315185259238));
#4502=CARTESIAN_POINT('',(-0.00100211841001517,-0.006,-0.0086689895004873));
#4503=CARTESIAN_POINT('',(-0.000980226467529452,-0.006,-0.00873746530982546));
#4504=CARTESIAN_POINT('',(-0.000955936579672936,-0.006,-0.00880851271553462));
#4505=CARTESIAN_POINT('',(-0.000929133957093859,-0.006,-0.00888206295474757));
#4506=CARTESIAN_POINT('',(-0.000899723025398461,-0.006,-0.0089580390146666));
#4507=CARTESIAN_POINT('',(-0.000867543426799304,-0.006,-0.00903637911965234));
#4508=CARTESIAN_POINT('',(-0.000840703595807617,-0.006,-0.00909842786703129));
#4509=CARTESIAN_POINT('',(-0.000824430831339907,-0.006,-0.00913437106657924));
#4510=CARTESIAN_POINT('',(-0.000820372067811091,-0.006,-0.00914327018469625));
#4511=CARTESIAN_POINT('',(0.000114014315273211,-0.006,-0.00764915032771044));
#4512=CARTESIAN_POINT('',(0.000116516359071824,-0.006,-0.00780752517721527));
#4513=CARTESIAN_POINT('',(0.000119315897710724,-0.006,-0.00798473091232848));
#4514=CARTESIAN_POINT('',(0.0001189754991076,-0.006,-0.00799237293068386));
#4515=CARTESIAN_POINT('',(0.000118703286544162,-0.006,-0.0080014351410372));
#4516=CARTESIAN_POINT('',(0.000118084867840936,-0.006,-0.00801221669441197));
#4517=CARTESIAN_POINT('',(0.000117007130560707,-0.006,-0.00802667554878664));
#4518=CARTESIAN_POINT('',(0.000115338304541049,-0.006,-0.00804412960173364));
#4519=CARTESIAN_POINT('',(0.000112953374375997,-0.006,-0.00806477147392003));
#4520=CARTESIAN_POINT('',(0.000109725877909378,-0.006,-0.00808851254131759));
#4521=CARTESIAN_POINT('',(0.000105530619684435,-0.006,-0.00811534574944014));
#4522=CARTESIAN_POINT('',(0.000100242975498663,-0.006,-0.00814523470776084));
#4523=CARTESIAN_POINT('',(9.37392319828597E-5,-0.006,-0.00817814688731457));
#4524=CARTESIAN_POINT('',(8.58966162120286E-5,-0.006,-0.00821404383173117));
#4525=CARTESIAN_POINT('',(7.65934156813497E-5,-0.006,-0.00825288403803383));
#4526=CARTESIAN_POINT('',(6.57090710670744E-5,-0.006,-0.00829462215359963));
#4527=CARTESIAN_POINT('',(5.31242759176208E-5,-0.006,-0.0083392092424997));
#4528=CARTESIAN_POINT('',(3.87210734135474E-5,-0.006,-0.00838659274917007));
#4529=CARTESIAN_POINT('',(2.23829527921087E-5,-0.006,-0.00843671655210407));
#4530=CARTESIAN_POINT('',(3.99494527901555E-6,-0.006,-0.00848952099530971));
#4531=CARTESIAN_POINT('',(-1.65562830377565E-5,-0.006,-0.00854494292959492));
#4532=CARTESIAN_POINT('',(-3.93823308512745E-5,-0.006,-0.00860291575307051));
#4533=CARTESIAN_POINT('',(-6.45929952441536E-5,-0.006,-0.00866336945944356));
#4534=CARTESIAN_POINT('',(-9.22960787971358E-5,-0.006,-0.00872623066971582));
#4535=CARTESIAN_POINT('',(-0.000122597691382828,-0.006,-0.00879142273890388));
#4536=CARTESIAN_POINT('',(-0.000155600647312443,-0.006,-0.00885886558441022));
#4537=CARTESIAN_POINT('',(-0.000191410212516915,-0.006,-0.00892847659866274));
#4538=CARTESIAN_POINT('',(-0.000230111555494403,-0.006,-0.00900016739748484));
#4539=CARTESIAN_POINT('',(-0.000271856027022656,-0.006,-0.00907385659419648));
#4540=CARTESIAN_POINT('',(-0.000306260988077922,-0.006,-0.00913205214586277));
#4541=CARTESIAN_POINT('',(-0.000326910314361358,-0.006,-0.00916567240435681));
#4542=CARTESIAN_POINT('',(-0.00033205242857693,-0.006,-0.00917399265231209));
#4543=CARTESIAN_POINT('',(0.00011794922744572,-0.006,-0.00790249813299252));
#4544=CARTESIAN_POINT('',(0.000375537644882728,-0.006,-0.00789869421081155));
#4545=CARTESIAN_POINT('',(0.000363303276310927,-0.006,-0.00764136838069084));
#4546=CARTESIAN_POINT('',(2.69644799119713E-17,-0.006,-4.42401713133374E-16));
#4547=CARTESIAN_POINT('',(0.000597278886544233,-0.006,-0.00762664788302754));
#4548=CARTESIAN_POINT('',(0.000617392467991497,-0.006,-0.00788347799509197));
#4549=CARTESIAN_POINT('',(0.000873426481686252,-0.006,-0.00785496753292428));
#4550=CARTESIAN_POINT('',(0.000845577466248556,-0.006,-0.0076031242754918));
#4551=CARTESIAN_POINT('',(0.000862944783816319,-0.006,-0.00776056388124381));
#4552=CARTESIAN_POINT('',(0.000882377088163647,-0.006,-0.00793672317143696));
#4553=CARTESIAN_POINT('',(0.000883672601493551,-0.006,-0.00794426226693742));
#4554=CARTESIAN_POINT('',(0.000885078463706444,-0.006,-0.00795321890177457));
#4555=CARTESIAN_POINT('',(0.000887043292940789,-0.006,-0.00796383793096493));
#4556=CARTESIAN_POINT('',(0.000889924706913072,-0.006,-0.00797804769665593));
#4557=CARTESIAN_POINT('',(0.00089376794663576,-0.006,-0.00799515495982087));
#4558=CARTESIAN_POINT('',(0.000898721183502059,-0.006,-0.00801533515367024));
#4559=CARTESIAN_POINT('',(0.000904898774940236,-0.006,-0.00803848450309178));
#4560=CARTESIAN_POINT('',(0.000912424045041916,-0.006,-0.00806458031807462));
#4561=CARTESIAN_POINT('',(0.000921416074368142,-0.006,-0.00809357087548782));
#4562=CARTESIAN_POINT('',(0.000931993523810867,-0.006,-0.00812540839747027));
#4563=CARTESIAN_POINT('',(0.000944273378332679,-0.006,-0.00816003934336408));
#4564=CARTESIAN_POINT('',(0.000958371188996661,-0.006,-0.00819740728283404));
#4565=CARTESIAN_POINT('',(0.000974400880289398,-0.006,-0.00823745211078629));
#4566=CARTESIAN_POINT('',(0.000992474684597267,-0.006,-0.00828011032410304));
#4567=CARTESIAN_POINT('',(0.00101270304165618,-0.006,-0.00832531499772703));
#4568=CARTESIAN_POINT('',(0.00103519450961682,-0.006,-0.00837299585001579));
#4569=CARTESIAN_POINT('',(0.00106005567381196,-0.006,-0.00842307928597441));
#4570=CARTESIAN_POINT('',(0.00108739105978946,-0.006,-0.00847548844985539));
#4571=CARTESIAN_POINT('',(0.0011173030388232,-0.006,-0.00853014327792028));
#4572=CARTESIAN_POINT('',(0.00114989176809797,-0.006,-0.00858696055467327));
#4573=CARTESIAN_POINT('',(0.00118525500331181,-0.006,-0.0086458539684854));
#4574=CARTESIAN_POINT('',(0.0012234884114657,-0.006,-0.0087067341796484));
#4575=CARTESIAN_POINT('',(0.00126468395913839,-0.006,-0.00876950885098988));
#4576=CARTESIAN_POINT('',(0.00130893572873339,-0.006,-0.00883408283300362));
#4577=CARTESIAN_POINT('',(0.00135631713969515,-0.006,-0.00890035776400535));
#4578=CARTESIAN_POINT('',(0.00140696814889956,-0.006,-0.00896823392979095));
#4579=CARTESIAN_POINT('',(0.00144839565323004,-0.006,-0.00902165850713048));
#4580=CARTESIAN_POINT('',(0.0014730958891184,-0.006,-0.00905242561301038));
#4581=CARTESIAN_POINT('',(0.00147924025980779,-0.006,-0.00906003577552339));
#4582=CARTESIAN_POINT('',(0.00201269867780656,-0.006,-0.00738048399716141));
#4583=CARTESIAN_POINT('',(0.00205450833875141,-0.006,-0.00753326097654811));
#4584=CARTESIAN_POINT('',(0.00210128919900625,-0.006,-0.00770420325068596));
#4585=CARTESIAN_POINT('',(0.0021028599873337,-0.006,-0.00771168983467222));
#4586=CARTESIAN_POINT('',(0.00210485000689874,-0.006,-0.00772053503553476));
#4587=CARTESIAN_POINT('',(0.00210693228024851,-0.006,-0.0077311316610619));
#4588=CARTESIAN_POINT('',(0.00210948417292973,-0.006,-0.00774540428630103));
#4589=CARTESIAN_POINT('',(0.00211220842260619,-0.006,-0.00776272500823347));
#4590=CARTESIAN_POINT('',(0.00211503184427276,-0.006,-0.00778331148606102));
#4591=CARTESIAN_POINT('',(0.00211780990891486,-0.006,-0.00780710932990163));
#4592=CARTESIAN_POINT('',(0.00212041959994186,-0.006,-0.00783414284174278));
#4593=CARTESIAN_POINT('',(0.00212273115849373,-0.006,-0.00786440776711181));
#4594=CARTESIAN_POINT('',(0.00212461666825959,-0.006,-0.00789790336526468));
#4595=CARTESIAN_POINT('',(0.00212594764974129,-0.006,-0.00793462292039369));
#4596=CARTESIAN_POINT('',(0.00212659589288554,-0.006,-0.00797455650208347));
#4597=CARTESIAN_POINT('',(0.00212643334722276,-0.006,-0.00801769016443172));
#4598=CARTESIAN_POINT('',(0.00212533228466232,-0.006,-0.00806400617922979));
#4599=CARTESIAN_POINT('',(0.00212316538417788,-0.006,-0.00811348297671148));
#4600=CARTESIAN_POINT('',(0.0021198058385554,-0.006,-0.00816609517357892));
#4601=CARTESIAN_POINT('',(0.00211512745513412,-0.006,-0.00822181357961429));
#4602=CARTESIAN_POINT('',(0.00210900475602983,-0.006,-0.00828060521457132));
#4603=CARTESIAN_POINT('',(0.00210131308541131,-0.006,-0.00834243332244803));
#4604=CARTESIAN_POINT('',(0.00209192868581612,-0.006,-0.008407257401752));
#4605=CARTESIAN_POINT('',(0.00208072889286501,-0.006,-0.00847503318823278));
#4606=CARTESIAN_POINT('',(0.00206759186948989,-0.006,-0.00854571283330231));
#4607=CARTESIAN_POINT('',(0.00205239811574804,-0.006,-0.0086192443391846));
#4608=CARTESIAN_POINT('',(0.00203502512916355,-0.006,-0.0086955738721488));
#4609=CARTESIAN_POINT('',(0.00201536843671231,-0.006,-0.00877463700531395));
#4610=CARTESIAN_POINT('',(0.00199326120253531,-0.006,-0.00885639254832005));
#4611=CARTESIAN_POINT('',(0.00197440978177528,-0.006,-0.00892131594559936));
#4612=CARTESIAN_POINT('',(0.00196277021033983,-0.006,-0.00895901524047293));
#4613=CARTESIAN_POINT('',(0.00195985880662321,-0.006,-0.00896835288434289));
#4614=CARTESIAN_POINT('',(0.00207951500458644,-0.006,-0.00762489384240234));
#4615=CARTESIAN_POINT('',(0.00232806481123973,-0.006,-0.00755714979296423));
#4616=CARTESIAN_POINT('',(0.00225222047619671,-0.006,-0.00731095089072552));
#4617=CARTESIAN_POINT('',(1.36138173312004E-16,-0.006,-4.21797056328678E-16));
#4618=CARTESIAN_POINT('',(0.0024751844734806,-0.006,-0.00723850549645717));
#4619=CARTESIAN_POINT('',(0.00255853720137025,-0.006,-0.00748226477397295));
#4620=CARTESIAN_POINT('',(0.00279943717209166,-0.006,-0.00739097695042521));
#4621=CARTESIAN_POINT('',(0.00270983221341059,-0.006,-0.00715397158053918));
#4622=CARTESIAN_POINT('',(0.00276580754255044,-0.006,-0.00730214585531903));
#4623=CARTESIAN_POINT('',(0.00282843837932436,-0.006,-0.00746793815990099));
#4624=CARTESIAN_POINT('',(0.00283156808853006,-0.006,-0.00747491821978904));
#4625=CARTESIAN_POINT('',(0.00283515720750337,-0.006,-0.0074832438417576));
#4626=CARTESIAN_POINT('',(0.00283970115318539,-0.006,-0.00749304062145832));
#4627=CARTESIAN_POINT('',(0.00284602586726552,-0.006,-0.00750608738271457));
#4628=CARTESIAN_POINT('',(0.00285400276789129,-0.006,-0.00752170141489614));
#4629=CARTESIAN_POINT('',(0.00286381899984443,-0.006,-0.00754001579092957));
#4630=CARTESIAN_POINT('',(0.00287555951998336,-0.006,-0.00756090155645265));
#4631=CARTESIAN_POINT('',(0.00288933813517035,-0.006,-0.00758430606484848));
#4632=CARTESIAN_POINT('',(0.00290525732181204,-0.006,-0.00761014960383212));
#4633=CARTESIAN_POINT('',(0.00292342013097938,-0.006,-0.00763835638680798));
#4634=CARTESIAN_POINT('',(0.00294392655731706,-0.006,-0.00766884546221925));
#4635=CARTESIAN_POINT('',(0.00296687448798534,-0.006,-0.00770153343621263));
#4636=CARTESIAN_POINT('',(0.00299235932079456,-0.006,-0.00773633376013859));
#4637=CARTESIAN_POINT('',(0.00302047396956109,-0.006,-0.00777315701488707));
#4638=CARTESIAN_POINT('',(0.00305130876076852,-0.006,-0.00781191091272907));
#4639=CARTESIAN_POINT('',(0.00308495136367988,-0.006,-0.00785250038273492));
#4640=CARTESIAN_POINT('',(0.00312148671272273,-0.006,-0.00789482763533743));
#4641=CARTESIAN_POINT('',(0.00316099693633545,-0.006,-0.00793879223490702));
#4642=CARTESIAN_POINT('',(0.00320356127856804,-0.006,-0.00798429117435428));
#4643=CARTESIAN_POINT('',(0.00324925605513087,-0.006,-0.00803121894447222));
#4644=CARTESIAN_POINT('',(0.00329815448571772,-0.006,-0.00807946763441691));
#4645=CARTESIAN_POINT('',(0.00335032701389283,-0.006,-0.00812892691983563));
#4646=CARTESIAN_POINT('',(0.0034058397536148,-0.006,-0.00817948449333996));
#4647=CARTESIAN_POINT('',(0.00346476016879544,-0.006,-0.00823102479737807));
#4648=CARTESIAN_POINT('',(0.0035271349107162,-0.006,-0.00828343430180551));
#4649=CARTESIAN_POINT('',(0.00359307474133617,-0.006,-0.00833658161926359));
#4650=CARTESIAN_POINT('',(0.00364648687654864,-0.006,-0.0083780251638876));
#4651=CARTESIAN_POINT('',(0.00367806257719568,-0.006,-0.00840168296568351));
#4652=CARTESIAN_POINT('',(0.00368590648163782,-0.006,-0.00840752599809363));
#4653=CARTESIAN_POINT('',(0.00378491778022538,-0.006,-0.00664807471354931));
#4654=CARTESIAN_POINT('',(0.00386340800355413,-0.006,-0.00678565428332859));
#4655=CARTESIAN_POINT('',(0.00395123077192712,-0.006,-0.00693959216472529));
#4656=CARTESIAN_POINT('',(0.00395461404877759,-0.006,-0.00694645290473685));
#4657=CARTESIAN_POINT('',(0.00395874126022305,-0.006,-0.00695452531960801));
#4658=CARTESIAN_POINT('',(0.00396339338873317,-0.006,-0.00696427119233399));
#4659=CARTESIAN_POINT('',(0.00396941456657347,-0.006,-0.00697746078690276));
#4660=CARTESIAN_POINT('',(0.0039763607173198,-0.006,-0.00699355985316046));
#4661=CARTESIAN_POINT('',(0.00398421508485087,-0.006,-0.0070127974125155));
#4662=CARTESIAN_POINT('',(0.00399282415458322,-0.006,-0.0070351567267483));
#4663=CARTESIAN_POINT('',(0.00400207481837717,-0.006,-0.00706069192733677));
#4664=CARTESIAN_POINT('',(0.00401184033594155,-0.006,-0.00708943116318659));
#4665=CARTESIAN_POINT('',(0.00402199662547606,-0.006,-0.00712140552831847));
#4666=CARTESIAN_POINT('',(0.00403241757374879,-0.006,-0.00715664046946606));
#4667=CARTESIAN_POINT('',(0.00404297652906714,-0.006,-0.00719515825273993));
#4668=CARTESIAN_POINT('',(0.00405354599569765,-0.006,-0.0072369772152308));
#4669=CARTESIAN_POINT('',(0.00406399784953632,-0.006,-0.00728211195037871));
#4670=CARTESIAN_POINT('',(0.00407420340539825,-0.006,-0.00733057322952302));
#4671=CARTESIAN_POINT('',(0.00408403352738172,-0.006,-0.00738236800250059));
#4672=CARTESIAN_POINT('',(0.00409335872808851,-0.006,-0.00743749937899653));
#4673=CARTESIAN_POINT('',(0.00410204926989914,-0.006,-0.00749596661998051));
#4674=CARTESIAN_POINT('',(0.00410997527242857,-0.006,-0.00755776512485257));
#4675=CARTESIAN_POINT('',(0.00411700679397104,-0.006,-0.0076228864417785));
#4676=CARTESIAN_POINT('',(0.00412301401580288,-0.006,-0.00769131820254131));
#4677=CARTESIAN_POINT('',(0.00412786702913158,-0.006,-0.00776304436145105));
#4678=CARTESIAN_POINT('',(0.00413143715700382,-0.006,-0.00783804427276473));
#4679=CARTESIAN_POINT('',(0.00413359235767977,-0.006,-0.00791629625916409));
#4680=CARTESIAN_POINT('',(0.00413421541803376,-0.006,-0.00799776389924165));
#4681=CARTESIAN_POINT('',(0.00413313450003609,-0.006,-0.0080824487870993));
#4682=CARTESIAN_POINT('',(0.00413102112366833,-0.006,-0.00815002065416901));
#4683=CARTESIAN_POINT('',(0.0041291226641615,-0.006,-0.0081894302000769));
#4684=CARTESIAN_POINT('',(0.00412862490514673,-0.006,-0.00819919852135574));
#4685=CARTESIAN_POINT('',(0.00391041720606779,-0.006,-0.00686818942929607));
#4686=CARTESIAN_POINT('',(0.00413431110348309,-0.006,-0.0067407618603722));
#4687=CARTESIAN_POINT('',(0.00399962238047558,-0.006,-0.00652115946849937));
#4688=CARTESIAN_POINT('',(2.36757804601665E-16,-0.006,-3.74689339213791E-16));
#4689=CARTESIAN_POINT('',(0.00419756511685646,-0.006,-0.00639554118818336));
#4690=CARTESIAN_POINT('',(0.0043389196327453,-0.006,-0.00661091333926027));
#4691=CARTESIAN_POINT('',(0.00454954892936483,-0.006,-0.00646258410401913));
#4692=CARTESIAN_POINT('',(0.00440381823653829,-0.006,-0.00625530854071426));
#4693=CARTESIAN_POINT('',(0.00449488444145752,-0.006,-0.00638490714989066));
#4694=CARTESIAN_POINT('',(0.00459677848484343,-0.006,-0.00652991512862311));
#4695=CARTESIAN_POINT('',(0.00460154573878526,-0.006,-0.00653589757006513));
#4696=CARTESIAN_POINT('',(0.00460709259697403,-0.006,-0.0065430690497173));
#4697=CARTESIAN_POINT('',(0.00461393014628507,-0.006,-0.00655142801222976));
#4698=CARTESIAN_POINT('',(0.00462330075542672,-0.006,-0.00656249199305889));
#4699=CARTESIAN_POINT('',(0.00463491009895226,-0.006,-0.00657563170719073));
#4700=CARTESIAN_POINT('',(0.00464897253603705,-0.006,-0.00659092950580648));
#4701=CARTESIAN_POINT('',(0.0046655382848178,-0.006,-0.0066082393579708));
#4702=CARTESIAN_POINT('',(0.0046847044840237,-0.006,-0.00662748196844136));
#4703=CARTESIAN_POINT('',(0.00470655056693749,-0.006,-0.00664855464439521));
#4704=CARTESIAN_POINT('',(0.00473115749973131,-0.006,-0.00667135835245281));
#4705=CARTESIAN_POINT('',(0.0047586020037007,-0.006,-0.00669578981664248));
#4706=CARTESIAN_POINT('',(0.00478895815149281,-0.006,-0.00672174391953531));
#4707=CARTESIAN_POINT('',(0.00482229682004644,-0.006,-0.00674911310709608));
#4708=CARTESIAN_POINT('',(0.00485868576649119,-0.006,-0.00677778766275398));
#4709=CARTESIAN_POINT('',(0.00489818952851316,-0.006,-0.00680765573488571));
#4710=CARTESIAN_POINT('',(0.00494086937790547,-0.006,-0.00683860343693056));
#4711=CARTESIAN_POINT('',(0.00498678326144805,-0.006,-0.00687051492922719));
#4712=CARTESIAN_POINT('',(0.00503598575003796,-0.006,-0.00690327250700396));
#4713=CARTESIAN_POINT('',(0.00508852798130622,-0.006,-0.00693675669213471));
#4714=CARTESIAN_POINT('',(0.00514445763429205,-0.006,-0.00697084631123283));
#4715=CARTESIAN_POINT('',(0.00520381879202229,-0.006,-0.00700541863467459));
#4716=CARTESIAN_POINT('',(0.00526665224839625,-0.006,-0.00704034928554765));
#4717=CARTESIAN_POINT('',(0.00533299411056918,-0.006,-0.0070755130429338));
#4718=CARTESIAN_POINT('',(0.00540288098495553,-0.006,-0.00711078120214157));
#4719=CARTESIAN_POINT('',(0.00547632982340215,-0.006,-0.00714603219808288));
#4720=CARTESIAN_POINT('',(0.00555341523337009,-0.006,-0.00718111122579539));
#4721=CARTESIAN_POINT('',(0.00561545591857308,-0.006,-0.00720796968737646));
#4722=CARTESIAN_POINT('',(0.00565192306657983,-0.006,-0.00722303167839424));
#4723=CARTESIAN_POINT('',(0.00566097364341077,-0.006,-0.00722674044148595));
#4724=CARTESIAN_POINT('',(0.00531931657855877,-0.006,-0.0054979424457764));
#4725=CARTESIAN_POINT('',(0.00542955553487282,-0.006,-0.00561167997559676));
#4726=CARTESIAN_POINT('',(0.00555290198383754,-0.006,-0.00573894098102024));
#4727=CARTESIAN_POINT('',(0.00555788516548367,-0.006,-0.00574474479153013));
#4728=CARTESIAN_POINT('',(0.00556389024093563,-0.006,-0.0057515372008953));
#4729=CARTESIAN_POINT('',(0.00557081991426249,-0.006,-0.00575981995179393));
#4730=CARTESIAN_POINT('',(0.00557993204451382,-0.006,-0.00577109776495765));
#4731=CARTESIAN_POINT('',(0.00559066364413246,-0.006,-0.00578496361199942));
#4732=CARTESIAN_POINT('',(0.00560305543872969,-0.006,-0.00580164348627687));
#4733=CARTESIAN_POINT('',(0.00561695457403907,-0.006,-0.00582115935295681));
#4734=CARTESIAN_POINT('',(0.00563226495737223,-0.006,-0.00584359177172773));
#4735=CARTESIAN_POINT('',(0.00564887083056549,-0.006,-0.00586899952617437));
#4736=CARTESIAN_POINT('',(0.00566665974284499,-0.006,-0.00589744359133055));
#4737=CARTESIAN_POINT('',(0.00568551587140319,-0.006,-0.00592897997755937));
#4738=CARTESIAN_POINT('',(0.00570532208089988,-0.006,-0.00596366174843574));
#4739=CARTESIAN_POINT('',(0.00572595944136351,-0.006,-0.00600153837185652));
#4740=CARTESIAN_POINT('',(0.00574730748318537,-0.006,-0.00604265584595099));
#4741=CARTESIAN_POINT('',(0.00576924424278545,-0.006,-0.00608705660636117));
#4742=CARTESIAN_POINT('',(0.00579164636965801,-0.006,-0.00613477949937483));
#4743=CARTESIAN_POINT('',(0.00581438921783677,-0.006,-0.00618585973918708));
#4744=CARTESIAN_POINT('',(0.00583734694185878,-0.006,-0.00624032887441953));
#4745=CARTESIAN_POINT('',(0.00586039259764744,-0.006,-0.00629821474894682));
#4746=CARTESIAN_POINT('',(0.00588339822396891,-0.006,-0.0063595414916528));
#4747=CARTESIAN_POINT('',(0.005906235004743,-0.006,-0.00642432940749451));
#4748=CARTESIAN_POINT('',(0.00592877312209994,-0.006,-0.0064925952618898));
#4749=CARTESIAN_POINT('',(0.00595088280732204,-0.006,-0.00656435105837666));
#4750=CARTESIAN_POINT('',(0.00597243077607371,-0.006,-0.00663960863811502));
#4751=CARTESIAN_POINT('',(0.00599329444005943,-0.006,-0.0067183618736619));
#4752=CARTESIAN_POINT('',(0.00601330775629421,-0.006,-0.00680065504341776));
#4753=CARTESIAN_POINT('',(0.00602806521552835,-0.006,-0.00686662959135794));
#4754=CARTESIAN_POINT('',(0.006036027155143,-0.006,-0.0069052731415926));
#4755=CARTESIAN_POINT('',(0.00603797431685962,-0.006,-0.00691485836072898));
#4756=CARTESIAN_POINT('',(0.00549561351298342,-0.006,-0.00567993141491333));
#4757=CARTESIAN_POINT('',(0.00568078342416197,-0.006,-0.005500827069305));
#4758=CARTESIAN_POINT('',(0.00549571330100699,-0.006,-0.00532161961372052));
#4759=CARTESIAN_POINT('',(3.22501072293907E-16,-0.006,-3.04038512905105E-16));
#4760=CARTESIAN_POINT('',(0.00565619730637561,-0.006,-0.00515072150590084));
#4761=CARTESIAN_POINT('',(0.00584667178616479,-0.006,-0.00532417390620335));
#4762=CARTESIAN_POINT('',(0.00601379579533547,-0.006,-0.00512812333063576));
#4763=CARTESIAN_POINT('',(0.00582109616375375,-0.006,-0.00496360145986071));
#4764=CARTESIAN_POINT('',(0.00594153121987921,-0.006,-0.00506648124618876));
#4765=CARTESIAN_POINT('',(0.00607628609239109,-0.006,-0.0051815935144659));
#4766=CARTESIAN_POINT('',(0.00608239134697116,-0.006,-0.00518620243866419));
#4767=CARTESIAN_POINT('',(0.00608954741487547,-0.006,-0.00519176916555858));
#4768=CARTESIAN_POINT('',(0.00609824893944557,-0.006,-0.005198165086526));
#4769=CARTESIAN_POINT('',(0.00611007665381368,-0.006,-0.00520655109632205));
#4770=CARTESIAN_POINT('',(0.0061245889824891,-0.006,-0.00521639087584077));
#4771=CARTESIAN_POINT('',(0.00614201403006549,-0.006,-0.00522771088009044));
#4772=CARTESIAN_POINT('',(0.00616236412056759,-0.006,-0.00524035717722334));
#4773=CARTESIAN_POINT('',(0.00618571362100794,-0.006,-0.00525422880578339));
#4774=CARTESIAN_POINT('',(0.00621211393046008,-0.006,-0.00526920654497738));
#4775=CARTESIAN_POINT('',(0.00624161884279499,-0.006,-0.0052851743372733));
#4776=CARTESIAN_POINT('',(0.00627427698527787,-0.006,-0.00530201307149369));
#4777=CARTESIAN_POINT('',(0.00631013396178592,-0.006,-0.00531960251154871));
#4778=CARTESIAN_POINT('',(0.0063492316749277,-0.006,-0.00533782085603301));
#4779=CARTESIAN_POINT('',(0.00639160846771636,-0.006,-0.0053565449848107));
#4780=CARTESIAN_POINT('',(0.00643729903390034,-0.006,-0.00537565051041304));
#4781=CARTESIAN_POINT('',(0.00648633439787079,-0.006,-0.00539501188655973));
#4782=CARTESIAN_POINT('',(0.00653874187775066,-0.006,-0.00541450250212722));
#4783=CARTESIAN_POINT('',(0.00659454505800557,-0.006,-0.00543399477902551));
#4784=CARTESIAN_POINT('',(0.00665376375668211,-0.006,-0.00545336027534177));
#4785=CARTESIAN_POINT('',(0.00671641402029895,-0.006,-0.00547246976727929));
#4786=CARTESIAN_POINT('',(0.00678250802531732,-0.006,-0.00549119341798816));
#4787=CARTESIAN_POINT('',(0.00685205435274086,-0.006,-0.00550940061305525));
#4788=CARTESIAN_POINT('',(0.00692505683417613,-0.006,-0.00552696108612339));
#4789=CARTESIAN_POINT('',(0.00700151891842456,-0.006,-0.0055437410723506));
#4790=CARTESIAN_POINT('',(0.0070814267927515,-0.006,-0.00555961861008669));
#4791=CARTESIAN_POINT('',(0.00716481422225882,-0.006,-0.0055744252037308));
#4792=CARTESIAN_POINT('',(0.00723158521303134,-0.006,-0.00558501096634929));
#4793=CARTESIAN_POINT('',(0.00727065244337175,-0.006,-0.00559053074629916));
#4794=CARTESIAN_POINT('',(0.0072803410115635,-0.006,-0.00559187220484754));
#4795=CARTESIAN_POINT('',(0.00651948315318339,-0.006,-0.00400235423411747));
#4796=CARTESIAN_POINT('',(0.006654544123427,-0.006,-0.00408510317668292));
#4797=CARTESIAN_POINT('',(0.00680566394195849,-0.006,-0.00417769102912919));
#4798=CARTESIAN_POINT('',(0.00681193391677061,-0.006,-0.00418207323537814));
#4799=CARTESIAN_POINT('',(0.00681943953525329,-0.006,-0.00418715884717617));
#4800=CARTESIAN_POINT('',(0.0068282113365362,-0.006,-0.00419345804054666));
#4801=CARTESIAN_POINT('',(0.0068398418705428,-0.006,-0.00420211544582736));
#4802=CARTESIAN_POINT('',(0.00685368461316165,-0.006,-0.00421287683148855));
#4803=CARTESIAN_POINT('',(0.00686983521279668,-0.006,-0.00422595096284327));
#4804=CARTESIAN_POINT('',(0.00688815107989415,-0.006,-0.00424139712829251));
#4805=CARTESIAN_POINT('',(0.00690855917507405,-0.006,-0.00425931725387384));
#4806=CARTESIAN_POINT('',(0.00693096199581133,-0.006,-0.00427979706426224));
#4807=CARTESIAN_POINT('',(0.00695526578805424,-0.006,-0.00430292358421898));
#4808=CARTESIAN_POINT('',(0.00698137229699263,-0.006,-0.00432877986839956));
#4809=CARTESIAN_POINT('',(0.00700918126368283,-0.006,-0.00435744644366364));
#4810=CARTESIAN_POINT('',(0.00703858979672275,-0.006,-0.00438900080046434));
#4811=CARTESIAN_POINT('',(0.00706949265054752,-0.006,-0.00442351745138852));
#4812=CARTESIAN_POINT('',(0.00710178224660233,-0.006,-0.00446106782999342));
#4813=CARTESIAN_POINT('',(0.0071353487703433,-0.006,-0.00450172023816261));
#4814=CARTESIAN_POINT('',(0.00717008024920062,-0.006,-0.00454553978196378));
#4815=CARTESIAN_POINT('',(0.0072058626372011,-0.006,-0.00459258831535458));
#4816=CARTESIAN_POINT('',(0.00724257990293979,-0.006,-0.00464292437715119));
#4817=CARTESIAN_POINT('',(0.00728011410592973,-0.006,-0.00469660316084903));
#4818=CARTESIAN_POINT('',(0.00731834552672222,-0.006,-0.00475367636874401));
#4819=CARTESIAN_POINT('',(0.00735715259530447,-0.006,-0.00481419252392894));
#4820=CARTESIAN_POINT('',(0.00739641260504019,-0.006,-0.00487819552499635));
#4821=CARTESIAN_POINT('',(0.00743599940374301,-0.006,-0.00494572998756074));
#4822=CARTESIAN_POINT('',(0.00747579273062105,-0.006,-0.00501682046315339));
#4823=CARTESIAN_POINT('',(0.00751564277082542,-0.006,-0.0050915511322986));
#4824=CARTESIAN_POINT('',(0.00754634380022365,-0.006,-0.00515178293762475));
#4825=CARTESIAN_POINT('',(0.00756366586101183,-0.006,-0.00518723237580388));
#4826=CARTESIAN_POINT('',(0.00756793559612802,-0.006,-0.00519603221822752));
#4827=CARTESIAN_POINT('',(0.00673550021142561,-0.006,-0.00413478242040508));
#4828=CARTESIAN_POINT('',(0.00687031122984077,-0.006,-0.00391525508284656));
#4829=CARTESIAN_POINT('',(0.00664648834301644,-0.006,-0.00378770282706373));
#4830=CARTESIAN_POINT('',(3.87980411537946E-16,-0.006,-2.14283828655158E-16));
#4831=CARTESIAN_POINT('',(0.0067594298170966,-0.006,-0.00358226304837396));
#4832=CARTESIAN_POINT('',(0.00698705604870485,-0.006,-0.00370289704567775));
#4833=CARTESIAN_POINT('',(0.00710017375429136,-0.006,-0.00347144370847022));
#4834=CARTESIAN_POINT('',(0.00687261321050642,-0.006,-0.00336001304443489));
#4835=CARTESIAN_POINT('',(0.00701484974033259,-0.006,-0.00342970969257421));
#4836=CARTESIAN_POINT('',(0.00717399829773676,-0.006,-0.00350769332322689));
#4837=CARTESIAN_POINT('',(0.00718105793735624,-0.006,-0.00351063913452364));
#4838=CARTESIAN_POINT('',(0.0071893735729115,-0.006,-0.00351425133073648));
#4839=CARTESIAN_POINT('',(0.00719939232394995,-0.006,-0.00351828233092193));
#4840=CARTESIAN_POINT('',(0.00721293396475149,-0.006,-0.00352346344584781));
#4841=CARTESIAN_POINT('',(0.0072294374155935,-0.006,-0.00352938502121808));
#4842=CARTESIAN_POINT('',(0.00724913019383741,-0.006,-0.0035360159536026));
#4843=CARTESIAN_POINT('',(0.00727198595503222,-0.006,-0.0035432040823454));
#4844=CARTESIAN_POINT('',(0.0072980516217209,-0.006,-0.00355083312355623));
#4845=CARTESIAN_POINT('',(0.00732734732917497,-0.006,-0.00355877481955253));
#4846=CARTESIAN_POINT('',(0.00735989631889748,-0.006,-0.00356690338097138));
#4847=CARTESIAN_POINT('',(0.00739571606869341,-0.006,-0.00357509134562288));
#4848=CARTESIAN_POINT('',(0.00743482084821066,-0.006,-0.003583210913632));
#4849=CARTESIAN_POINT('',(0.00747722095283256,-0.006,-0.0035911336894535));
#4850=CARTESIAN_POINT('',(0.00752292290222328,-0.006,-0.00359873088547736));
#4851=CARTESIAN_POINT('',(0.00757192936625778,-0.006,-0.00360587339411151));
#4852=CARTESIAN_POINT('',(0.00762423917254865,-0.006,-0.00361243189789056));
#4853=CARTESIAN_POINT('',(0.00767984729406373,-0.006,-0.00361827696967135));
#4854=CARTESIAN_POINT('',(0.00773874484693849,-0.006,-0.00362327917424605));
#4855=CARTESIAN_POINT('',(0.00780091908439432,-0.006,-0.00362730917639297));
#4856=CARTESIAN_POINT('',(0.00786635341216758,-0.006,-0.00363023782151164));
#4857=CARTESIAN_POINT('',(0.00793502733506202,-0.006,-0.00363193632365283));
#4858=CARTESIAN_POINT('',(0.00800691668200963,-0.006,-0.00363227603788649));
#4859=CARTESIAN_POINT('',(0.00808199276831432,-0.006,-0.00363112983753086));
#4860=CARTESIAN_POINT('',(0.00816022566846361,-0.006,-0.00362836730253038));
#4861=CARTESIAN_POINT('',(0.00824157167304632,-0.006,-0.00362387373797178));
#4862=CARTESIAN_POINT('',(0.00832602158321956,-0.006,-0.00361747754481401));
#4863=CARTESIAN_POINT('',(0.00839332741264484,-0.006,-0.00361112546607287));
#4864=CARTESIAN_POINT('',(0.0084325399875574,-0.006,-0.00360675620688025));
#4865=CARTESIAN_POINT('',(0.00844225777873841,-0.006,-0.00360564607211117));
#4866=CARTESIAN_POINT('',(0.00731000662431167,-0.006,-0.00225528338629971));
#4867=CARTESIAN_POINT('',(0.00746140323100495,-0.006,-0.00230184432121955));
#4868=CARTESIAN_POINT('',(0.00763080100512506,-0.006,-0.00235394138540508));
#4869=CARTESIAN_POINT('',(0.00763796380752637,-0.006,-0.00235662663725787));
#4870=CARTESIAN_POINT('',(0.00764649836342676,-0.006,-0.00235968590379592));
#4871=CARTESIAN_POINT('',(0.00765656112813069,-0.006,-0.00236360573815199));
#4872=CARTESIAN_POINT('',(0.00766997927666682,-0.006,-0.00236909875893617));
#4873=CARTESIAN_POINT('',(0.00768606337185709,-0.006,-0.00237607950577807));
#4874=CARTESIAN_POINT('',(0.0077049579749571,-0.006,-0.00238472639845376));
#4875=CARTESIAN_POINT('',(0.00772653972055188,-0.006,-0.00239513232329011));
#4876=CARTESIAN_POINT('',(0.00775076321190263,-0.006,-0.00240741416828595));
#4877=CARTESIAN_POINT('',(0.0077775553285652,-0.006,-0.00242167921280994));
#4878=CARTESIAN_POINT('',(0.00780684690412181,-0.006,-0.00243803506326498));
#4879=CARTESIAN_POINT('',(0.00783856342547076,-0.006,-0.00245658659996949));
#4880=CARTESIAN_POINT('',(0.0078726278097031,-0.006,-0.00247743675326914));
#4881=CARTESIAN_POINT('',(0.00790895966903138,-0.006,-0.00250068616716317));
#4882=CARTESIAN_POINT('',(0.00794747559490052,-0.006,-0.00252643318679612));
#4883=CARTESIAN_POINT('',(0.0079880891533371,-0.006,-0.00255477375520736));
#4884=CARTESIAN_POINT('',(0.00803071096581081,-0.006,-0.00258580133821771));
#4885=CARTESIAN_POINT('',(0.00807524876879663,-0.006,-0.00261960684291377));
#4886=CARTESIAN_POINT('',(0.00812160748173909,-0.006,-0.00265627854207757));
#4887=CARTESIAN_POINT('',(0.0081696892765848,-0.006,-0.00269590199125773));
#4888=CARTESIAN_POINT('',(0.0082193936442282,-0.006,-0.00273855998055094));
#4889=CARTESIAN_POINT('',(0.00827061748426537,-0.006,-0.00278433236094657));
#4890=CARTESIAN_POINT('',(0.00832325511323149,-0.006,-0.00283329636432803));
#4891=CARTESIAN_POINT('',(0.00837719859668092,-0.006,-0.00288552502603235));
#4892=CARTESIAN_POINT('',(0.00843233684118234,-0.006,-0.00294109293276546));
#4893=CARTESIAN_POINT('',(0.00848855946987533,-0.006,-0.00300005377236992));
#4894=CARTESIAN_POINT('',(0.00854574230946506,-0.006,-0.0030625263381219));
#4895=CARTESIAN_POINT('',(0.00859045785043979,-0.006,-0.0031132308149883));
#4896=CARTESIAN_POINT('',(0.0086160516236161,-0.006,-0.0031432587225372));
#4897=CARTESIAN_POINT('',(0.00862237564897152,-0.006,-0.00315072026178506));
#4898=CARTESIAN_POINT('',(0.00755217066014694,-0.006,-0.00232982983975675));
#4899=CARTESIAN_POINT('',(0.00762815211371144,-0.006,-0.00208367322023193));
#4900=CARTESIAN_POINT('',(0.00737964007835994,-0.006,-0.00201579074158596));
#4901=CARTESIAN_POINT('',(4.29081514632915E-16,-0.006,-1.11064903370013E-16));
#4902=CARTESIAN_POINT('',(0.0074379424929655,-0.006,-0.00178871782887582));
#4903=CARTESIAN_POINT('',(0.00768841788311014,-0.006,-0.0018489535454695));
#4904=CARTESIAN_POINT('',(0.00774042168365267,-0.006,-0.00159664051102459));
#4905=CARTESIAN_POINT('',(0.00749229869353966,-0.006,-0.00154530265216364));
#4906=CARTESIAN_POINT('',(0.00764739945278819,-0.006,-0.00157743686538532));
#4907=CARTESIAN_POINT('',(0.0078209418059155,-0.006,-0.00161339186009587));
#4908=CARTESIAN_POINT('',(0.00782851224745357,-0.006,-0.00161448946233338));
#4909=CARTESIAN_POINT('',(0.00783746494869505,-0.006,-0.00161592016029188));
#4910=CARTESIAN_POINT('',(0.00784817141122772,-0.006,-0.00161733295712873));
#4911=CARTESIAN_POINT('',(0.00786257610736845,-0.006,-0.00161898362867885));
#4912=CARTESIAN_POINT('',(0.00788003370786521,-0.006,-0.00162061492554212));
#4913=CARTESIAN_POINT('',(0.0079007568470946,-0.006,-0.00162214014019291));
#4914=CARTESIAN_POINT('',(0.00792468216744865,-0.006,-0.0016234184439806));
#4915=CARTESIAN_POINT('',(0.00795182619868479,-0.006,-0.00162432553712528));
#4916=CARTESIAN_POINT('',(0.00798217654709937,-0.006,-0.00162473218395694));
#4917=CARTESIAN_POINT('',(0.00801572444147841,-0.006,-0.00162451076709002));
#4918=CARTESIAN_POINT('',(0.00805245511197188,-0.006,-0.00162353348224035));
#4919=CARTESIAN_POINT('',(0.00809235059738395,-0.006,-0.00162167299588387));
#4920=CARTESIAN_POINT('',(0.0081353889389759,-0.006,-0.00161880238589978));
#4921=CARTESIAN_POINT('',(0.00818154442340844,-0.006,-0.00161479528940308));
#4922=CARTESIAN_POINT('',(0.00823078752892502,-0.006,-0.00160952599098325));
#4923=CARTESIAN_POINT('',(0.00828308496002503,-0.006,-0.00160286952748175));
#4924=CARTESIAN_POINT('',(0.00833839966038818,-0.006,-0.00159470178811917));
#4925=CARTESIAN_POINT('',(0.0083966908360256,-0.006,-0.00158489961346004));
#4926=CARTESIAN_POINT('',(0.00845791397626052,-0.006,-0.0015733409015814));
#4927=CARTESIAN_POINT('',(0.00852202088872558,-0.006,-0.00155990468233764));
#4928=CARTESIAN_POINT('',(0.00858895969435563,-0.006,-0.00154447131277494));
#4929=CARTESIAN_POINT('',(0.00865867498876806,-0.006,-0.00152692220068051));
#4930=CARTESIAN_POINT('',(0.00873110737332911,-0.006,-0.00150714134688487));
#4931=CARTESIAN_POINT('',(0.00880619542854241,-0.006,-0.00148500987089066));
#4932=CARTESIAN_POINT('',(0.00888386829474327,-0.006,-0.00146042755122478));
#4933=CARTESIAN_POINT('',(0.0089640743871412,-0.006,-0.00143323046760477));
#4934=CARTESIAN_POINT('',(0.00902768598242293,-0.006,-0.00141033967197263));
#4935=CARTESIAN_POINT('',(0.00906458003161213,-0.006,-0.0013963559102616));
#4936=CARTESIAN_POINT('',(0.00907371644122296,-0.006,-0.00139286393602539));
#4937=CARTESIAN_POINT('',(0.00907371644122296,-0.006,-0.00139286393602539));
#4938=CARTESIAN_POINT('',(0.,-0.006,5.62112880808635E-19));
#4939=CARTESIAN_POINT('',(0.00913504012891072,-0.006,-0.000907436963756078));
#4940=CARTESIAN_POINT('',(0.00764121549491068,-0.006,-0.000366504788968647));
#4941=CARTESIAN_POINT('',(0.0077994349324573,-0.006,-0.000373952121462717));
#4942=CARTESIAN_POINT('',(0.00797646677701664,-0.006,-0.00038228494724516));
#4943=CARTESIAN_POINT('',(0.00798407234178931,-0.006,-0.000383104520452185));
#4944=CARTESIAN_POINT('',(0.0079930995775723,-0.006,-0.00038394521676248));
#4945=CARTESIAN_POINT('',(0.00800382102518264,-0.006,-0.000385239394495394));
#4946=CARTESIAN_POINT('',(0.00801818367662727,-0.006,-0.00038722288408527));
#4947=CARTESIAN_POINT('',(0.008035498501535,-0.006,-0.00038998436611042));
#4948=CARTESIAN_POINT('',(0.00805594989069772,-0.006,-0.000393660704039219));
#4949=CARTESIAN_POINT('',(0.00807944145434198,-0.006,-0.000398372545734885));
#4950=CARTESIAN_POINT('',(0.00810595829081426,-0.006,-0.00040424439665469));
#4951=CARTESIAN_POINT('',(0.00813545625617769,-0.006,-0.000411398350103655));
#4952=CARTESIAN_POINT('',(0.00816789511762889,-0.006,-0.000419955832820289));
#4953=CARTESIAN_POINT('',(0.00820322878570684,-0.006,-0.000430036960769805));
#4954=CARTESIAN_POINT('',(0.00824140819693997,-0.006,-0.000441760600291721));
#4955=CARTESIAN_POINT('',(0.00828238051821579,-0.006,-0.000455244225098743));
#4956=CARTESIAN_POINT('',(0.00832608941885527,-0.006,-0.000470603833506027));
#4957=CARTESIAN_POINT('',(0.00837247504043083,-0.006,-0.00048795384958101));
#4958=CARTESIAN_POINT('',(0.00842147405640749,-0.006,-0.000507407030280502));
#4959=CARTESIAN_POINT('',(0.00847301970956163,-0.006,-0.000529074371683447));
#4960=CARTESIAN_POINT('',(0.00852704185901649,-0.006,-0.000553065018892705));
#4961=CARTESIAN_POINT('',(0.00858346702696658,-0.006,-0.000579486168419592));
#4962=CARTESIAN_POINT('',(0.00864221845104453,-0.006,-0.000608443004955757));
#4963=CARTESIAN_POINT('',(0.00870321612806873,-0.006,-0.000640038510852751));
#4964=CARTESIAN_POINT('',(0.00876637690160313,-0.006,-0.00067437377402126));
#4965=CARTESIAN_POINT('',(0.00883161439131089,-0.006,-0.000711546377464033));
#4966=CARTESIAN_POINT('',(0.00889883954292461,-0.006,-0.000751656192421371));
#4967=CARTESIAN_POINT('',(0.00896795879889939,-0.006,-0.000794782669642484));
#4968=CARTESIAN_POINT('',(0.00903888142975928,-0.006,-0.000841071750937015));
#4969=CARTESIAN_POINT('',(0.00909480184041883,-0.006,-0.000879062950584126));
#4970=CARTESIAN_POINT('',(0.00912705917508728,-0.006,-0.000901782563636581));
#4971=CARTESIAN_POINT('',(0.00913504012891072,-0.006,-0.000907436963756078));
#4972=CARTESIAN_POINT('',(0.00789431045135045,-0.006,-0.000378485481761738));
#4973=CARTESIAN_POINT('',(0.00790668814589658,-0.006,-0.000121166505976072));
#4974=CARTESIAN_POINT('',(0.00764910188716239,-0.006,-0.000117219110254582));
#4975=CARTESIAN_POINT('',(4.43221848112074E-16,-0.006,-8.67361737988404E-19));
#4976=CARTESIAN_POINT('',(0.00764910188716239,-0.006,0.000117219110254582));
#4977=CARTESIAN_POINT('',(0.00790668814589658,-0.006,0.000121166505976072));
#4978=CARTESIAN_POINT('',(0.00789431045135045,-0.006,0.000378485481761738));
#4979=CARTESIAN_POINT('',(0.00764121549491068,-0.006,0.000366504788968647));
#4980=CARTESIAN_POINT('',(0.0077994349324573,-0.006,0.000373952121462717));
#4981=CARTESIAN_POINT('',(0.00797646677701664,-0.006,0.00038228494724516));
#4982=CARTESIAN_POINT('',(0.00798407234178931,-0.006,0.000383104520452185));
#4983=CARTESIAN_POINT('',(0.0079930995775723,-0.006,0.00038394521676248));
#4984=CARTESIAN_POINT('',(0.00800382102518264,-0.006,0.000385239394495394));
#4985=CARTESIAN_POINT('',(0.00801818367662727,-0.006,0.00038722288408527));
#4986=CARTESIAN_POINT('',(0.008035498501535,-0.006,0.00038998436611042));
#4987=CARTESIAN_POINT('',(0.00805594989069772,-0.006,0.000393660704039219));
#4988=CARTESIAN_POINT('',(0.00807944145434198,-0.006,0.000398372545734885));
#4989=CARTESIAN_POINT('',(0.00810595829081426,-0.006,0.00040424439665469));
#4990=CARTESIAN_POINT('',(0.00813545625617769,-0.006,0.000411398350103655));
#4991=CARTESIAN_POINT('',(0.00816789511762889,-0.006,0.000419955832820289));
#4992=CARTESIAN_POINT('',(0.00820322878570684,-0.006,0.000430036960769805));
#4993=CARTESIAN_POINT('',(0.00824140819693997,-0.006,0.000441760600291721));
#4994=CARTESIAN_POINT('',(0.00828238051821579,-0.006,0.000455244225098743));
#4995=CARTESIAN_POINT('',(0.00832608941885527,-0.006,0.000470603833506027));
#4996=CARTESIAN_POINT('',(0.00837247504043083,-0.006,0.00048795384958101));
#4997=CARTESIAN_POINT('',(0.00842147405640749,-0.006,0.000507407030280502));
#4998=CARTESIAN_POINT('',(0.00847301970956163,-0.006,0.000529074371683447));
#4999=CARTESIAN_POINT('',(0.00852704185901649,-0.006,0.000553065018892705));
#5000=CARTESIAN_POINT('',(0.00858346702696658,-0.006,0.000579486168419592));
#5001=CARTESIAN_POINT('',(0.00864221845104453,-0.006,0.000608443004955757));
#5002=CARTESIAN_POINT('',(0.00870321612806873,-0.006,0.000640038510852751));
#5003=CARTESIAN_POINT('',(0.00876637690160313,-0.006,0.00067437377402126));
#5004=CARTESIAN_POINT('',(0.00883161439131089,-0.006,0.000711546377464033));
#5005=CARTESIAN_POINT('',(0.00889883954292461,-0.006,0.000751656192421371));
#5006=CARTESIAN_POINT('',(0.00896795879889939,-0.006,0.000794782669642484));
#5007=CARTESIAN_POINT('',(0.00903888142975928,-0.006,0.000841071750937015));
#5008=CARTESIAN_POINT('',(0.00909480184041883,-0.006,0.000879062950584126));
#5009=CARTESIAN_POINT('',(0.00912705917508728,-0.006,0.000901782563636581));
#5010=CARTESIAN_POINT('',(0.00913504012891072,-0.006,0.000907436963756078));
#5011=CARTESIAN_POINT('',(0.00749229869353965,-0.006,0.00154530265216364));
#5012=CARTESIAN_POINT('',(0.00764739945278819,-0.006,0.00157743686538532));
#5013=CARTESIAN_POINT('',(0.0078209418059155,-0.006,0.00161339186009587));
#5014=CARTESIAN_POINT('',(0.00782851224745357,-0.006,0.00161448946233338));
#5015=CARTESIAN_POINT('',(0.00783746494869505,-0.006,0.00161592016029189));
#5016=CARTESIAN_POINT('',(0.00784817141122772,-0.006,0.00161733295712873));
#5017=CARTESIAN_POINT('',(0.00786257610736845,-0.006,0.00161898362867886));
#5018=CARTESIAN_POINT('',(0.00788003370786521,-0.006,0.00162061492554212));
#5019=CARTESIAN_POINT('',(0.0079007568470946,-0.006,0.00162214014019291));
#5020=CARTESIAN_POINT('',(0.00792468216744865,-0.006,0.0016234184439806));
#5021=CARTESIAN_POINT('',(0.00795182619868479,-0.006,0.00162432553712529));
#5022=CARTESIAN_POINT('',(0.00798217654709937,-0.006,0.00162473218395694));
#5023=CARTESIAN_POINT('',(0.00801572444147841,-0.006,0.00162451076709002));
#5024=CARTESIAN_POINT('',(0.00805245511197188,-0.006,0.00162353348224035));
#5025=CARTESIAN_POINT('',(0.00809235059738395,-0.006,0.00162167299588387));
#5026=CARTESIAN_POINT('',(0.0081353889389759,-0.006,0.00161880238589978));
#5027=CARTESIAN_POINT('',(0.00818154442340844,-0.006,0.00161479528940309));
#5028=CARTESIAN_POINT('',(0.00823078752892502,-0.006,0.00160952599098325));
#5029=CARTESIAN_POINT('',(0.00828308496002503,-0.006,0.00160286952748175));
#5030=CARTESIAN_POINT('',(0.00833839966038818,-0.006,0.00159470178811917));
#5031=CARTESIAN_POINT('',(0.0083966908360256,-0.006,0.00158489961346004));
#5032=CARTESIAN_POINT('',(0.00845791397626052,-0.006,0.0015733409015814));
#5033=CARTESIAN_POINT('',(0.00852202088872558,-0.006,0.00155990468233764));
#5034=CARTESIAN_POINT('',(0.00858895969435563,-0.006,0.00154447131277494));
#5035=CARTESIAN_POINT('',(0.00865867498876806,-0.006,0.00152692220068052));
#5036=CARTESIAN_POINT('',(0.0087311073733291,-0.006,0.00150714134688488));
#5037=CARTESIAN_POINT('',(0.00880619542854241,-0.006,0.00148500987089067));
#5038=CARTESIAN_POINT('',(0.00888386829474327,-0.006,0.00146042755122479));
#5039=CARTESIAN_POINT('',(0.0089640743871412,-0.006,0.00143323046760477));
#5040=CARTESIAN_POINT('',(0.00902768598242293,-0.006,0.00141033967197264));
#5041=CARTESIAN_POINT('',(0.00906458003161213,-0.006,0.00139635591026161));
#5042=CARTESIAN_POINT('',(0.00907371644122296,-0.006,0.0013928639360254));
#5043=CARTESIAN_POINT('',(0.00774042168365267,-0.006,0.0015966405110246));
#5044=CARTESIAN_POINT('',(0.00768841788311014,-0.006,0.0018489535454695));
#5045=CARTESIAN_POINT('',(0.0074379424929655,-0.006,0.00178871782887582));
#5046=CARTESIAN_POINT('',(4.29512922818418E-16,-0.006,1.09384679421967E-16));
#5047=CARTESIAN_POINT('',(0.00737964007835994,-0.006,0.00201579074158596));
#5048=CARTESIAN_POINT('',(0.00762815211371144,-0.006,0.00208367322023193));
#5049=CARTESIAN_POINT('',(0.00755217066014694,-0.006,0.00232982983975675));
#5050=CARTESIAN_POINT('',(0.00731000662431167,-0.006,0.00225528338629971));
#5051=CARTESIAN_POINT('',(0.00746140323100495,-0.006,0.00230184432121955));
#5052=CARTESIAN_POINT('',(0.00763080100512506,-0.006,0.00235394138540509));
#5053=CARTESIAN_POINT('',(0.00763796380752637,-0.006,0.00235662663725787));
#5054=CARTESIAN_POINT('',(0.00764649836342676,-0.006,0.00235968590379593));
#5055=CARTESIAN_POINT('',(0.00765656112813069,-0.006,0.00236360573815199));
#5056=CARTESIAN_POINT('',(0.00766997927666682,-0.006,0.00236909875893618));
#5057=CARTESIAN_POINT('',(0.00768606337185709,-0.006,0.00237607950577807));
#5058=CARTESIAN_POINT('',(0.0077049579749571,-0.006,0.00238472639845377));
#5059=CARTESIAN_POINT('',(0.00772653972055188,-0.006,0.00239513232329012));
#5060=CARTESIAN_POINT('',(0.00775076321190263,-0.006,0.00240741416828595));
#5061=CARTESIAN_POINT('',(0.0077775553285652,-0.006,0.00242167921280994));
#5062=CARTESIAN_POINT('',(0.00780684690412181,-0.006,0.00243803506326498));
#5063=CARTESIAN_POINT('',(0.00783856342547075,-0.006,0.00245658659996949));
#5064=CARTESIAN_POINT('',(0.0078726278097031,-0.006,0.00247743675326914));
#5065=CARTESIAN_POINT('',(0.00790895966903138,-0.006,0.00250068616716317));
#5066=CARTESIAN_POINT('',(0.00794747559490052,-0.006,0.00252643318679612));
#5067=CARTESIAN_POINT('',(0.0079880891533371,-0.006,0.00255477375520736));
#5068=CARTESIAN_POINT('',(0.00803071096581081,-0.006,0.00258580133821771));
#5069=CARTESIAN_POINT('',(0.00807524876879663,-0.006,0.00261960684291377));
#5070=CARTESIAN_POINT('',(0.00812160748173909,-0.006,0.00265627854207757));
#5071=CARTESIAN_POINT('',(0.0081696892765848,-0.006,0.00269590199125773));
#5072=CARTESIAN_POINT('',(0.0082193936442282,-0.006,0.00273855998055094));
#5073=CARTESIAN_POINT('',(0.00827061748426537,-0.006,0.00278433236094657));
#5074=CARTESIAN_POINT('',(0.00832325511323149,-0.006,0.00283329636432803));
#5075=CARTESIAN_POINT('',(0.00837719859668092,-0.006,0.00288552502603235));
#5076=CARTESIAN_POINT('',(0.00843233684118234,-0.006,0.00294109293276547));
#5077=CARTESIAN_POINT('',(0.00848855946987533,-0.006,0.00300005377236992));
#5078=CARTESIAN_POINT('',(0.00854574230946506,-0.006,0.0030625263381219));
#5079=CARTESIAN_POINT('',(0.00859045785043979,-0.006,0.0031132308149883));
#5080=CARTESIAN_POINT('',(0.0086160516236161,-0.006,0.00314325872253721));
#5081=CARTESIAN_POINT('',(0.00862237564897152,-0.006,0.00315072026178506));
#5082=CARTESIAN_POINT('',(0.00687261321050642,-0.006,0.00336001304443489));
#5083=CARTESIAN_POINT('',(0.00701484974033259,-0.006,0.00342970969257421));
#5084=CARTESIAN_POINT('',(0.00717399829773676,-0.006,0.00350769332322689));
#5085=CARTESIAN_POINT('',(0.00718105793735624,-0.006,0.00351063913452364));
#5086=CARTESIAN_POINT('',(0.0071893735729115,-0.006,0.00351425133073648));
#5087=CARTESIAN_POINT('',(0.00719939232394995,-0.006,0.00351828233092193));
#5088=CARTESIAN_POINT('',(0.00721293396475149,-0.006,0.00352346344584781));
#5089=CARTESIAN_POINT('',(0.0072294374155935,-0.006,0.00352938502121808));
#5090=CARTESIAN_POINT('',(0.00724913019383741,-0.006,0.0035360159536026));
#5091=CARTESIAN_POINT('',(0.00727198595503222,-0.006,0.0035432040823454));
#5092=CARTESIAN_POINT('',(0.0072980516217209,-0.006,0.00355083312355623));
#5093=CARTESIAN_POINT('',(0.00732734732917497,-0.006,0.00355877481955253));
#5094=CARTESIAN_POINT('',(0.00735989631889748,-0.006,0.00356690338097138));
#5095=CARTESIAN_POINT('',(0.00739571606869341,-0.006,0.00357509134562288));
#5096=CARTESIAN_POINT('',(0.00743482084821066,-0.006,0.003583210913632));
#5097=CARTESIAN_POINT('',(0.00747722095283256,-0.006,0.0035911336894535));
#5098=CARTESIAN_POINT('',(0.00752292290222328,-0.006,0.00359873088547736));
#5099=CARTESIAN_POINT('',(0.00757192936625778,-0.006,0.00360587339411151));
#5100=CARTESIAN_POINT('',(0.00762423917254865,-0.006,0.00361243189789056));
#5101=CARTESIAN_POINT('',(0.00767984729406373,-0.006,0.00361827696967135));
#5102=CARTESIAN_POINT('',(0.00773874484693849,-0.006,0.00362327917424605));
#5103=CARTESIAN_POINT('',(0.00780091908439432,-0.006,0.00362730917639297));
#5104=CARTESIAN_POINT('',(0.00786635341216758,-0.006,0.00363023782151164));
#5105=CARTESIAN_POINT('',(0.00793502733506202,-0.006,0.00363193632365283));
#5106=CARTESIAN_POINT('',(0.00800691668200963,-0.006,0.00363227603788649));
#5107=CARTESIAN_POINT('',(0.00808199276831432,-0.006,0.00363112983753086));
#5108=CARTESIAN_POINT('',(0.00816022566846361,-0.006,0.00362836730253038));
#5109=CARTESIAN_POINT('',(0.00824157167304632,-0.006,0.00362387373797178));
#5110=CARTESIAN_POINT('',(0.00832602158321956,-0.006,0.00361747754481401));
#5111=CARTESIAN_POINT('',(0.00839332741264484,-0.006,0.00361112546607287));
#5112=CARTESIAN_POINT('',(0.0084325399875574,-0.006,0.00360675620688025));
#5113=CARTESIAN_POINT('',(0.00844225777873841,-0.006,0.00360564607211117));
#5114=CARTESIAN_POINT('',(0.00710017375429136,-0.006,0.00347144370847022));
#5115=CARTESIAN_POINT('',(0.00698705604870485,-0.006,0.00370289704567775));
#5116=CARTESIAN_POINT('',(0.0067594298170966,-0.006,0.00358226304837396));
#5117=CARTESIAN_POINT('',(3.88816120946048E-16,-0.006,2.1276367888513E-16));
#5118=CARTESIAN_POINT('',(0.00664648834301644,-0.006,0.00378770282706373));
#5119=CARTESIAN_POINT('',(0.00687031122984077,-0.006,0.00391525508284656));
#5120=CARTESIAN_POINT('',(0.00673550021142561,-0.006,0.00413478242040508));
#5121=CARTESIAN_POINT('',(0.00651948315318339,-0.006,0.00400235423411747));
#5122=CARTESIAN_POINT('',(0.006654544123427,-0.006,0.00408510317668292));
#5123=CARTESIAN_POINT('',(0.00680566394195849,-0.006,0.00417769102912919));
#5124=CARTESIAN_POINT('',(0.00681193391677061,-0.006,0.00418207323537814));
#5125=CARTESIAN_POINT('',(0.00681943953525329,-0.006,0.00418715884717617));
#5126=CARTESIAN_POINT('',(0.0068282113365362,-0.006,0.00419345804054666));
#5127=CARTESIAN_POINT('',(0.0068398418705428,-0.006,0.00420211544582736));
#5128=CARTESIAN_POINT('',(0.00685368461316165,-0.006,0.00421287683148855));
#5129=CARTESIAN_POINT('',(0.00686983521279668,-0.006,0.00422595096284327));
#5130=CARTESIAN_POINT('',(0.00688815107989415,-0.006,0.00424139712829251));
#5131=CARTESIAN_POINT('',(0.00690855917507405,-0.006,0.00425931725387384));
#5132=CARTESIAN_POINT('',(0.00693096199581133,-0.006,0.00427979706426224));
#5133=CARTESIAN_POINT('',(0.00695526578805424,-0.006,0.00430292358421898));
#5134=CARTESIAN_POINT('',(0.00698137229699263,-0.006,0.00432877986839956));
#5135=CARTESIAN_POINT('',(0.00700918126368283,-0.006,0.00435744644366364));
#5136=CARTESIAN_POINT('',(0.00703858979672275,-0.006,0.00438900080046434));
#5137=CARTESIAN_POINT('',(0.00706949265054752,-0.006,0.00442351745138852));
#5138=CARTESIAN_POINT('',(0.00710178224660233,-0.006,0.00446106782999342));
#5139=CARTESIAN_POINT('',(0.0071353487703433,-0.006,0.00450172023816261));
#5140=CARTESIAN_POINT('',(0.00717008024920062,-0.006,0.00454553978196378));
#5141=CARTESIAN_POINT('',(0.0072058626372011,-0.006,0.00459258831535458));
#5142=CARTESIAN_POINT('',(0.00724257990293979,-0.006,0.00464292437715119));
#5143=CARTESIAN_POINT('',(0.00728011410592973,-0.006,0.00469660316084903));
#5144=CARTESIAN_POINT('',(0.00731834552672222,-0.006,0.00475367636874401));
#5145=CARTESIAN_POINT('',(0.00735715259530447,-0.006,0.00481419252392894));
#5146=CARTESIAN_POINT('',(0.00739641260504019,-0.006,0.00487819552499635));
#5147=CARTESIAN_POINT('',(0.00743599940374301,-0.006,0.00494572998756074));
#5148=CARTESIAN_POINT('',(0.00747579273062105,-0.006,0.00501682046315339));
#5149=CARTESIAN_POINT('',(0.00751564277082542,-0.006,0.0050915511322986));
#5150=CARTESIAN_POINT('',(0.00754634380022365,-0.006,0.00515178293762475));
#5151=CARTESIAN_POINT('',(0.00756366586101183,-0.006,0.00518723237580388));
#5152=CARTESIAN_POINT('',(0.00756793559612802,-0.006,0.00519603221822752));
#5153=CARTESIAN_POINT('',(0.00582109616375375,-0.006,0.00496360145986071));
#5154=CARTESIAN_POINT('',(0.00594153121987921,-0.006,0.00506648124618876));
#5155=CARTESIAN_POINT('',(0.00607628609239109,-0.006,0.0051815935144659));
#5156=CARTESIAN_POINT('',(0.00608239134697115,-0.006,0.0051862024386642));
#5157=CARTESIAN_POINT('',(0.00608954741487546,-0.006,0.00519176916555858));
#5158=CARTESIAN_POINT('',(0.00609824893944557,-0.006,0.00519816508652601));
#5159=CARTESIAN_POINT('',(0.00611007665381368,-0.006,0.00520655109632205));
#5160=CARTESIAN_POINT('',(0.0061245889824891,-0.006,0.00521639087584078));
#5161=CARTESIAN_POINT('',(0.00614201403006548,-0.006,0.00522771088009044));
#5162=CARTESIAN_POINT('',(0.00616236412056759,-0.006,0.00524035717722335));
#5163=CARTESIAN_POINT('',(0.00618571362100794,-0.006,0.0052542288057834));
#5164=CARTESIAN_POINT('',(0.00621211393046008,-0.006,0.00526920654497739));
#5165=CARTESIAN_POINT('',(0.00624161884279499,-0.006,0.0052851743372733));
#5166=CARTESIAN_POINT('',(0.00627427698527787,-0.006,0.00530201307149369));
#5167=CARTESIAN_POINT('',(0.00631013396178592,-0.006,0.00531960251154871));
#5168=CARTESIAN_POINT('',(0.0063492316749277,-0.006,0.00533782085603302));
#5169=CARTESIAN_POINT('',(0.00639160846771636,-0.006,0.00535654498481071));
#5170=CARTESIAN_POINT('',(0.00643729903390034,-0.006,0.00537565051041305));
#5171=CARTESIAN_POINT('',(0.00648633439787078,-0.006,0.00539501188655973));
#5172=CARTESIAN_POINT('',(0.00653874187775065,-0.006,0.00541450250212723));
#5173=CARTESIAN_POINT('',(0.00659454505800557,-0.006,0.00543399477902551));
#5174=CARTESIAN_POINT('',(0.00665376375668211,-0.006,0.00545336027534177));
#5175=CARTESIAN_POINT('',(0.00671641402029895,-0.006,0.00547246976727929));
#5176=CARTESIAN_POINT('',(0.00678250802531732,-0.006,0.00549119341798817));
#5177=CARTESIAN_POINT('',(0.00685205435274086,-0.006,0.00550940061305525));
#5178=CARTESIAN_POINT('',(0.00692505683417613,-0.006,0.00552696108612339));
#5179=CARTESIAN_POINT('',(0.00700151891842456,-0.006,0.0055437410723506));
#5180=CARTESIAN_POINT('',(0.0070814267927515,-0.006,0.00555961861008669));
#5181=CARTESIAN_POINT('',(0.00716481422225882,-0.006,0.00557442520373081));
#5182=CARTESIAN_POINT('',(0.00723158521303134,-0.006,0.00558501096634929));
#5183=CARTESIAN_POINT('',(0.00727065244337175,-0.006,0.00559053074629916));
#5184=CARTESIAN_POINT('',(0.0072803410115635,-0.006,0.00559187220484755));
#5185=CARTESIAN_POINT('',(0.00601379579533546,-0.006,0.00512812333063576));
#5186=CARTESIAN_POINT('',(0.00584667178616479,-0.006,0.00532417390620335));
#5187=CARTESIAN_POINT('',(0.0056561973063756,-0.006,0.00515072150590084));
#5188=CARTESIAN_POINT('',(3.23688572228973E-16,-0.006,3.02773953913866E-16));
#5189=CARTESIAN_POINT('',(0.00549571330100698,-0.006,0.00532161961372052));
#5190=CARTESIAN_POINT('',(0.00568078342416197,-0.006,0.005500827069305));
#5191=CARTESIAN_POINT('',(0.00549561351298342,-0.006,0.00567993141491334));
#5192=CARTESIAN_POINT('',(0.00531931657855877,-0.006,0.00549794244577641));
#5193=CARTESIAN_POINT('',(0.00542955553487281,-0.006,0.00561167997559677));
#5194=CARTESIAN_POINT('',(0.00555290198383753,-0.006,0.00573894098102025));
#5195=CARTESIAN_POINT('',(0.00555788516548367,-0.006,0.00574474479153013));
#5196=CARTESIAN_POINT('',(0.00556389024093563,-0.006,0.0057515372008953));
#5197=CARTESIAN_POINT('',(0.00557081991426249,-0.006,0.00575981995179393));
#5198=CARTESIAN_POINT('',(0.00557993204451382,-0.006,0.00577109776495765));
#5199=CARTESIAN_POINT('',(0.00559066364413246,-0.006,0.00578496361199942));
#5200=CARTESIAN_POINT('',(0.00560305543872969,-0.006,0.00580164348627687));
#5201=CARTESIAN_POINT('',(0.00561695457403907,-0.006,0.00582115935295681));
#5202=CARTESIAN_POINT('',(0.00563226495737223,-0.006,0.00584359177172773));
#5203=CARTESIAN_POINT('',(0.00564887083056549,-0.006,0.00586899952617438));
#5204=CARTESIAN_POINT('',(0.00566665974284498,-0.006,0.00589744359133055));
#5205=CARTESIAN_POINT('',(0.00568551587140319,-0.006,0.00592897997755937));
#5206=CARTESIAN_POINT('',(0.00570532208089988,-0.006,0.00596366174843574));
#5207=CARTESIAN_POINT('',(0.00572595944136351,-0.006,0.00600153837185653));
#5208=CARTESIAN_POINT('',(0.00574730748318536,-0.006,0.00604265584595099));
#5209=CARTESIAN_POINT('',(0.00576924424278545,-0.006,0.00608705660636117));
#5210=CARTESIAN_POINT('',(0.00579164636965801,-0.006,0.00613477949937483));
#5211=CARTESIAN_POINT('',(0.00581438921783677,-0.006,0.00618585973918708));
#5212=CARTESIAN_POINT('',(0.00583734694185877,-0.006,0.00624032887441954));
#5213=CARTESIAN_POINT('',(0.00586039259764743,-0.006,0.00629821474894682));
#5214=CARTESIAN_POINT('',(0.00588339822396891,-0.006,0.0063595414916528));
#5215=CARTESIAN_POINT('',(0.005906235004743,-0.006,0.00642432940749451));
#5216=CARTESIAN_POINT('',(0.00592877312209994,-0.006,0.0064925952618898));
#5217=CARTESIAN_POINT('',(0.00595088280732204,-0.006,0.00656435105837666));
#5218=CARTESIAN_POINT('',(0.0059724307760737,-0.006,0.00663960863811502));
#5219=CARTESIAN_POINT('',(0.00599329444005942,-0.006,0.00671836187366191));
#5220=CARTESIAN_POINT('',(0.0060133077562942,-0.006,0.00680065504341777));
#5221=CARTESIAN_POINT('',(0.00602806521552834,-0.006,0.00686662959135795));
#5222=CARTESIAN_POINT('',(0.006036027155143,-0.006,0.0069052731415926));
#5223=CARTESIAN_POINT('',(0.00603797431685962,-0.006,0.00691485836072899));
#5224=CARTESIAN_POINT('',(0.00440381823653829,-0.006,0.00625530854071426));
#5225=CARTESIAN_POINT('',(0.00449488444145752,-0.006,0.00638490714989066));
#5226=CARTESIAN_POINT('',(0.00459677848484342,-0.006,0.00652991512862311));
#5227=CARTESIAN_POINT('',(0.00460154573878526,-0.006,0.00653589757006513));
#5228=CARTESIAN_POINT('',(0.00460709259697402,-0.006,0.0065430690497173));
#5229=CARTESIAN_POINT('',(0.00461393014628507,-0.006,0.00655142801222976));
#5230=CARTESIAN_POINT('',(0.00462330075542672,-0.006,0.00656249199305889));
#5231=CARTESIAN_POINT('',(0.00463491009895226,-0.006,0.00657563170719074));
#5232=CARTESIAN_POINT('',(0.00464897253603705,-0.006,0.00659092950580648));
#5233=CARTESIAN_POINT('',(0.0046655382848178,-0.006,0.0066082393579708));
#5234=CARTESIAN_POINT('',(0.0046847044840237,-0.006,0.00662748196844137));
#5235=CARTESIAN_POINT('',(0.00470655056693749,-0.006,0.00664855464439521));
#5236=CARTESIAN_POINT('',(0.00473115749973131,-0.006,0.00667135835245281));
#5237=CARTESIAN_POINT('',(0.0047586020037007,-0.006,0.00669578981664248));
#5238=CARTESIAN_POINT('',(0.00478895815149281,-0.006,0.00672174391953531));
#5239=CARTESIAN_POINT('',(0.00482229682004644,-0.006,0.00674911310709609));
#5240=CARTESIAN_POINT('',(0.00485868576649119,-0.006,0.00677778766275398));
#5241=CARTESIAN_POINT('',(0.00489818952851315,-0.006,0.00680765573488571));
#5242=CARTESIAN_POINT('',(0.00494086937790547,-0.006,0.00683860343693056));
#5243=CARTESIAN_POINT('',(0.00498678326144804,-0.006,0.00687051492922719));
#5244=CARTESIAN_POINT('',(0.00503598575003796,-0.006,0.00690327250700396));
#5245=CARTESIAN_POINT('',(0.00508852798130622,-0.006,0.00693675669213471));
#5246=CARTESIAN_POINT('',(0.00514445763429204,-0.006,0.00697084631123283));
#5247=CARTESIAN_POINT('',(0.00520381879202228,-0.006,0.00700541863467459));
#5248=CARTESIAN_POINT('',(0.00526665224839625,-0.006,0.00704034928554765));
#5249=CARTESIAN_POINT('',(0.00533299411056918,-0.006,0.0070755130429338));
#5250=CARTESIAN_POINT('',(0.00540288098495553,-0.006,0.00711078120214157));
#5251=CARTESIAN_POINT('',(0.00547632982340215,-0.006,0.00714603219808289));
#5252=CARTESIAN_POINT('',(0.00555341523337008,-0.006,0.00718111122579539));
#5253=CARTESIAN_POINT('',(0.00561545591857308,-0.006,0.00720796968737647));
#5254=CARTESIAN_POINT('',(0.00565192306657982,-0.006,0.00722303167839424));
#5255=CARTESIAN_POINT('',(0.00566097364341076,-0.006,0.00722674044148595));
#5256=CARTESIAN_POINT('',(0.00454954892936482,-0.006,0.00646258410401912));
#5257=CARTESIAN_POINT('',(0.0043389196327453,-0.006,0.00661091333926027));
#5258=CARTESIAN_POINT('',(0.00419756511685646,-0.006,0.00639554118818336));
#5259=CARTESIAN_POINT('',(2.38222480075456E-16,-0.006,3.73759827893483E-16));
#5260=CARTESIAN_POINT('',(0.00399962238047557,-0.006,0.00652115946849937));
#5261=CARTESIAN_POINT('',(0.00413431110348309,-0.006,0.0067407618603722));
#5262=CARTESIAN_POINT('',(0.00391041720606779,-0.006,0.00686818942929607));
#5263=CARTESIAN_POINT('',(0.00378491778022538,-0.006,0.00664807471354931));
#5264=CARTESIAN_POINT('',(0.00386340800355413,-0.006,0.00678565428332859));
#5265=CARTESIAN_POINT('',(0.00395123077192712,-0.006,0.00693959216472529));
#5266=CARTESIAN_POINT('',(0.00395461404877758,-0.006,0.00694645290473685));
#5267=CARTESIAN_POINT('',(0.00395874126022305,-0.006,0.00695452531960801));
#5268=CARTESIAN_POINT('',(0.00396339338873317,-0.006,0.00696427119233399));
#5269=CARTESIAN_POINT('',(0.00396941456657347,-0.006,0.00697746078690276));
#5270=CARTESIAN_POINT('',(0.0039763607173198,-0.006,0.00699355985316046));
#5271=CARTESIAN_POINT('',(0.00398421508485086,-0.006,0.0070127974125155));
#5272=CARTESIAN_POINT('',(0.00399282415458322,-0.006,0.0070351567267483));
#5273=CARTESIAN_POINT('',(0.00400207481837717,-0.006,0.00706069192733677));
#5274=CARTESIAN_POINT('',(0.00401184033594154,-0.006,0.00708943116318659));
#5275=CARTESIAN_POINT('',(0.00402199662547606,-0.006,0.00712140552831847));
#5276=CARTESIAN_POINT('',(0.00403241757374878,-0.006,0.00715664046946607));
#5277=CARTESIAN_POINT('',(0.00404297652906714,-0.006,0.00719515825273993));
#5278=CARTESIAN_POINT('',(0.00405354599569765,-0.006,0.0072369772152308));
#5279=CARTESIAN_POINT('',(0.00406399784953632,-0.006,0.00728211195037871));
#5280=CARTESIAN_POINT('',(0.00407420340539824,-0.006,0.00733057322952302));
#5281=CARTESIAN_POINT('',(0.00408403352738172,-0.006,0.00738236800250059));
#5282=CARTESIAN_POINT('',(0.00409335872808851,-0.006,0.00743749937899653));
#5283=CARTESIAN_POINT('',(0.00410204926989914,-0.006,0.00749596661998051));
#5284=CARTESIAN_POINT('',(0.00410997527242857,-0.006,0.00755776512485257));
#5285=CARTESIAN_POINT('',(0.00411700679397103,-0.006,0.0076228864417785));
#5286=CARTESIAN_POINT('',(0.00412301401580288,-0.006,0.00769131820254131));
#5287=CARTESIAN_POINT('',(0.00412786702913158,-0.006,0.00776304436145105));
#5288=CARTESIAN_POINT('',(0.00413143715700382,-0.006,0.00783804427276473));
#5289=CARTESIAN_POINT('',(0.00413359235767977,-0.006,0.00791629625916409));
#5290=CARTESIAN_POINT('',(0.00413421541803376,-0.006,0.00799776389924165));
#5291=CARTESIAN_POINT('',(0.00413313450003609,-0.006,0.0080824487870993));
#5292=CARTESIAN_POINT('',(0.00413102112366833,-0.006,0.00815002065416901));
#5293=CARTESIAN_POINT('',(0.00412912266416149,-0.006,0.00818943020007691));
#5294=CARTESIAN_POINT('',(0.00412862490514673,-0.006,0.00819919852135574));
#5295=CARTESIAN_POINT('',(0.00270983221341059,-0.006,0.00715397158053918));
#5296=CARTESIAN_POINT('',(0.00276580754255044,-0.006,0.00730214585531903));
#5297=CARTESIAN_POINT('',(0.00282843837932437,-0.006,0.00746793815990099));
#5298=CARTESIAN_POINT('',(0.00283156808853006,-0.006,0.00747491821978904));
#5299=CARTESIAN_POINT('',(0.00283515720750337,-0.006,0.0074832438417576));
#5300=CARTESIAN_POINT('',(0.00283970115318539,-0.006,0.00749304062145832));
#5301=CARTESIAN_POINT('',(0.00284602586726552,-0.006,0.00750608738271457));
#5302=CARTESIAN_POINT('',(0.00285400276789129,-0.006,0.00752170141489614));
#5303=CARTESIAN_POINT('',(0.00286381899984443,-0.006,0.00754001579092957));
#5304=CARTESIAN_POINT('',(0.00287555951998336,-0.006,0.00756090155645264));
#5305=CARTESIAN_POINT('',(0.00288933813517035,-0.006,0.00758430606484848));
#5306=CARTESIAN_POINT('',(0.00290525732181205,-0.006,0.00761014960383212));
#5307=CARTESIAN_POINT('',(0.00292342013097938,-0.006,0.00763835638680798));
#5308=CARTESIAN_POINT('',(0.00294392655731706,-0.006,0.00766884546221925));
#5309=CARTESIAN_POINT('',(0.00296687448798534,-0.006,0.00770153343621263));
#5310=CARTESIAN_POINT('',(0.00299235932079456,-0.006,0.00773633376013859));
#5311=CARTESIAN_POINT('',(0.0030204739695611,-0.006,0.00777315701488707));
#5312=CARTESIAN_POINT('',(0.00305130876076853,-0.006,0.00781191091272906));
#5313=CARTESIAN_POINT('',(0.00308495136367989,-0.006,0.00785250038273492));
#5314=CARTESIAN_POINT('',(0.00312148671272273,-0.006,0.00789482763533743));
#5315=CARTESIAN_POINT('',(0.00316099693633545,-0.006,0.00793879223490702));
#5316=CARTESIAN_POINT('',(0.00320356127856804,-0.006,0.00798429117435428));
#5317=CARTESIAN_POINT('',(0.00324925605513087,-0.006,0.00803121894447222));
#5318=CARTESIAN_POINT('',(0.00329815448571772,-0.006,0.00807946763441691));
#5319=CARTESIAN_POINT('',(0.00335032701389283,-0.006,0.00812892691983563));
#5320=CARTESIAN_POINT('',(0.0034058397536148,-0.006,0.00817948449333996));
#5321=CARTESIAN_POINT('',(0.00346476016879544,-0.006,0.00823102479737806));
#5322=CARTESIAN_POINT('',(0.0035271349107162,-0.006,0.00828343430180551));
#5323=CARTESIAN_POINT('',(0.00359307474133617,-0.006,0.00833658161926359));
#5324=CARTESIAN_POINT('',(0.00364648687654864,-0.006,0.0083780251638876));
#5325=CARTESIAN_POINT('',(0.00367806257719568,-0.006,0.00840168296568351));
#5326=CARTESIAN_POINT('',(0.00368590648163783,-0.006,0.00840752599809362));
#5327=CARTESIAN_POINT('',(0.00279943717209166,-0.006,0.00739097695042521));
#5328=CARTESIAN_POINT('',(0.00255853720137025,-0.006,0.00748226477397295));
#5329=CARTESIAN_POINT('',(0.0024751844734806,-0.006,0.00723850549645717));
#5330=CARTESIAN_POINT('',(1.37787993377802E-16,-0.006,4.2126099729406E-16));
#5331=CARTESIAN_POINT('',(0.00225222047619672,-0.006,0.00731095089072552));
#5332=CARTESIAN_POINT('',(0.00232806481123973,-0.006,0.00755714979296423));
#5333=CARTESIAN_POINT('',(0.00207951500458644,-0.006,0.00762489384240235));
#5334=CARTESIAN_POINT('',(0.00201269867780657,-0.006,0.00738048399716141));
#5335=CARTESIAN_POINT('',(0.00205450833875141,-0.006,0.00753326097654811));
#5336=CARTESIAN_POINT('',(0.00210128919900625,-0.006,0.00770420325068596));
#5337=CARTESIAN_POINT('',(0.0021028599873337,-0.006,0.00771168983467222));
#5338=CARTESIAN_POINT('',(0.00210485000689875,-0.006,0.00772053503553476));
#5339=CARTESIAN_POINT('',(0.00210693228024851,-0.006,0.0077311316610619));
#5340=CARTESIAN_POINT('',(0.00210948417292973,-0.006,0.00774540428630103));
#5341=CARTESIAN_POINT('',(0.00211220842260619,-0.006,0.00776272500823346));
#5342=CARTESIAN_POINT('',(0.00211503184427276,-0.006,0.00778331148606102));
#5343=CARTESIAN_POINT('',(0.00211780990891486,-0.006,0.00780710932990163));
#5344=CARTESIAN_POINT('',(0.00212041959994186,-0.006,0.00783414284174278));
#5345=CARTESIAN_POINT('',(0.00212273115849373,-0.006,0.00786440776711181));
#5346=CARTESIAN_POINT('',(0.00212461666825959,-0.006,0.00789790336526468));
#5347=CARTESIAN_POINT('',(0.00212594764974129,-0.006,0.00793462292039369));
#5348=CARTESIAN_POINT('',(0.00212659589288555,-0.006,0.00797455650208347));
#5349=CARTESIAN_POINT('',(0.00212643334722276,-0.006,0.00801769016443172));
#5350=CARTESIAN_POINT('',(0.00212533228466232,-0.006,0.00806400617922979));
#5351=CARTESIAN_POINT('',(0.00212316538417788,-0.006,0.00811348297671148));
#5352=CARTESIAN_POINT('',(0.0021198058385554,-0.006,0.00816609517357892));
#5353=CARTESIAN_POINT('',(0.00211512745513412,-0.006,0.00822181357961429));
#5354=CARTESIAN_POINT('',(0.00210900475602983,-0.006,0.00828060521457132));
#5355=CARTESIAN_POINT('',(0.00210131308541132,-0.006,0.00834243332244803));
#5356=CARTESIAN_POINT('',(0.00209192868581612,-0.006,0.008407257401752));
#5357=CARTESIAN_POINT('',(0.00208072889286502,-0.006,0.00847503318823278));
#5358=CARTESIAN_POINT('',(0.00206759186948989,-0.006,0.00854571283330231));
#5359=CARTESIAN_POINT('',(0.00205239811574804,-0.006,0.0086192443391846));
#5360=CARTESIAN_POINT('',(0.00203502512916355,-0.006,0.0086955738721488));
#5361=CARTESIAN_POINT('',(0.00201536843671231,-0.006,0.00877463700531395));
#5362=CARTESIAN_POINT('',(0.00199326120253532,-0.006,0.00885639254832005));
#5363=CARTESIAN_POINT('',(0.00197440978177529,-0.006,0.00892131594559936));
#5364=CARTESIAN_POINT('',(0.00196277021033984,-0.006,0.00895901524047293));
#5365=CARTESIAN_POINT('',(0.00195985880662321,-0.006,0.00896835288434289));
#5366=CARTESIAN_POINT('',(0.000845577466248553,-0.006,0.0076031242754918));
#5367=CARTESIAN_POINT('',(0.000862944783816316,-0.006,0.00776056388124381));
#5368=CARTESIAN_POINT('',(0.000882377088163643,-0.006,0.00793672317143696));
#5369=CARTESIAN_POINT('',(0.000883672601493548,-0.006,0.00794426226693742));
#5370=CARTESIAN_POINT('',(0.000885078463706441,-0.006,0.00795321890177457));
#5371=CARTESIAN_POINT('',(0.000887043292940786,-0.006,0.00796383793096493));
#5372=CARTESIAN_POINT('',(0.000889924706913068,-0.006,0.00797804769665593));
#5373=CARTESIAN_POINT('',(0.000893767946635757,-0.006,0.00799515495982087));
#5374=CARTESIAN_POINT('',(0.000898721183502056,-0.006,0.00801533515367024));
#5375=CARTESIAN_POINT('',(0.000904898774940233,-0.006,0.00803848450309178));
#5376=CARTESIAN_POINT('',(0.000912424045041912,-0.006,0.00806458031807462));
#5377=CARTESIAN_POINT('',(0.000921416074368139,-0.006,0.00809357087548782));
#5378=CARTESIAN_POINT('',(0.000931993523810863,-0.006,0.00812540839747027));
#5379=CARTESIAN_POINT('',(0.000944273378332676,-0.006,0.00816003934336408));
#5380=CARTESIAN_POINT('',(0.000958371188996657,-0.006,0.00819740728283404));
#5381=CARTESIAN_POINT('',(0.000974400880289394,-0.006,0.00823745211078629));
#5382=CARTESIAN_POINT('',(0.000992474684597263,-0.006,0.00828011032410304));
#5383=CARTESIAN_POINT('',(0.00101270304165618,-0.006,0.00832531499772703));
#5384=CARTESIAN_POINT('',(0.00103519450961681,-0.006,0.00837299585001579));
#5385=CARTESIAN_POINT('',(0.00106005567381196,-0.006,0.00842307928597441));
#5386=CARTESIAN_POINT('',(0.00108739105978945,-0.006,0.00847548844985539));
#5387=CARTESIAN_POINT('',(0.0011173030388232,-0.006,0.00853014327792028));
#5388=CARTESIAN_POINT('',(0.00114989176809796,-0.006,0.00858696055467327));
#5389=CARTESIAN_POINT('',(0.00118525500331181,-0.006,0.0086458539684854));
#5390=CARTESIAN_POINT('',(0.0012234884114657,-0.006,0.0087067341796484));
#5391=CARTESIAN_POINT('',(0.00126468395913839,-0.006,0.00876950885098988));
#5392=CARTESIAN_POINT('',(0.00130893572873338,-0.006,0.00883408283300362));
#5393=CARTESIAN_POINT('',(0.00135631713969515,-0.006,0.00890035776400535));
#5394=CARTESIAN_POINT('',(0.00140696814889955,-0.006,0.00896823392979095));
#5395=CARTESIAN_POINT('',(0.00144839565323003,-0.006,0.00902165850713048));
#5396=CARTESIAN_POINT('',(0.00147309588911839,-0.006,0.00905242561301038));
#5397=CARTESIAN_POINT('',(0.00147924025980779,-0.006,0.00906003577552339));
#5398=CARTESIAN_POINT('',(0.000873426481686248,-0.006,0.00785496753292427));
#5399=CARTESIAN_POINT('',(0.000617392467991494,-0.006,0.00788347799509197));
#5400=CARTESIAN_POINT('',(0.00059727888654423,-0.006,0.00762664788302754));
#5401=CARTESIAN_POINT('',(2.86957803074279E-17,-0.006,4.42292788945077E-16));
#5402=CARTESIAN_POINT('',(0.000363303276310924,-0.006,0.00764136838069084));
#5403=CARTESIAN_POINT('',(0.000375537644882725,-0.006,0.00789869421081155));
#5404=CARTESIAN_POINT('',(0.000117949227445716,-0.006,0.00790249813299252));
#5405=CARTESIAN_POINT('',(0.000114014315273208,-0.006,0.00764915032771044));
#5406=CARTESIAN_POINT('',(0.000116516359071821,-0.006,0.00780752517721527));
#5407=CARTESIAN_POINT('',(0.000119315897710721,-0.006,0.00798473091232848));
#5408=CARTESIAN_POINT('',(0.000118975499107596,-0.006,0.00799237293068386));
#5409=CARTESIAN_POINT('',(0.000118703286544158,-0.006,0.00800143514103719));
#5410=CARTESIAN_POINT('',(0.000118084867840933,-0.006,0.00801221669441197));
#5411=CARTESIAN_POINT('',(0.000117007130560703,-0.006,0.00802667554878664));
#5412=CARTESIAN_POINT('',(0.000115338304541045,-0.006,0.00804412960173364));
#5413=CARTESIAN_POINT('',(0.000112953374375993,-0.006,0.00806477147392003));
#5414=CARTESIAN_POINT('',(0.000109725877909375,-0.006,0.00808851254131759));
#5415=CARTESIAN_POINT('',(0.000105530619684432,-0.006,0.00811534574944014));
#5416=CARTESIAN_POINT('',(0.00010024297549866,-0.006,0.00814523470776084));
#5417=CARTESIAN_POINT('',(9.37392319828563E-5,-0.006,0.00817814688731457));
#5418=CARTESIAN_POINT('',(8.58966162120252E-5,-0.006,0.00821404383173117));
#5419=CARTESIAN_POINT('',(7.65934156813462E-5,-0.006,0.00825288403803383));
#5420=CARTESIAN_POINT('',(6.57090710670709E-5,-0.006,0.00829462215359963));
#5421=CARTESIAN_POINT('',(5.31242759176174E-5,-0.006,0.0083392092424997));
#5422=CARTESIAN_POINT('',(3.8721073413544E-5,-0.006,0.00838659274917007));
#5423=CARTESIAN_POINT('',(2.23829527921053E-5,-0.006,0.00843671655210407));
#5424=CARTESIAN_POINT('',(3.99494527901197E-6,-0.006,0.00848952099530971));
#5425=CARTESIAN_POINT('',(-1.65562830377601E-5,-0.006,0.00854494292959492));
#5426=CARTESIAN_POINT('',(-3.93823308512781E-5,-0.006,0.00860291575307051));
#5427=CARTESIAN_POINT('',(-6.45929952441572E-5,-0.006,0.00866336945944356));
#5428=CARTESIAN_POINT('',(-9.22960787971393E-5,-0.006,0.00872623066971582));
#5429=CARTESIAN_POINT('',(-0.000122597691382832,-0.006,0.00879142273890388));
#5430=CARTESIAN_POINT('',(-0.000155600647312446,-0.006,0.00885886558441022));
#5431=CARTESIAN_POINT('',(-0.000191410212516919,-0.006,0.00892847659866274));
#5432=CARTESIAN_POINT('',(-0.000230111555494406,-0.006,0.00900016739748484));
#5433=CARTESIAN_POINT('',(-0.00027185602702266,-0.006,0.00907385659419648));
#5434=CARTESIAN_POINT('',(-0.000306260988077926,-0.006,0.00913205214586277));
#5435=CARTESIAN_POINT('',(-0.000326910314361362,-0.006,0.00916567240435681));
#5436=CARTESIAN_POINT('',(-0.000332052428576933,-0.006,0.00917399265231208));
#5437=CARTESIAN_POINT('',(-0.00107180802293426,-0.006,0.00757454470988018));
#5438=CARTESIAN_POINT('',(-0.0010941399693739,-0.006,0.00773135713715259));
#5439=CARTESIAN_POINT('',(-0.00111912720060233,-0.006,0.00790681467688553));
#5440=CARTESIAN_POINT('',(-0.0011197472850153,-0.006,0.00791443909890125));
#5441=CARTESIAN_POINT('',(-0.00112061301505605,-0.006,0.00792346396829999));
#5442=CARTESIAN_POINT('',(-0.00112135075971632,-0.006,0.00793423801432189));
#5443=CARTESIAN_POINT('',(-0.00112209369568886,-0.006,0.00794871793260943));
#5444=CARTESIAN_POINT('',(-0.00112262560175547,-0.006,0.00796624351449696));
#5445=CARTESIAN_POINT('',(-0.00112284659006506,-0.006,0.00798702153036515));
#5446=CARTESIAN_POINT('',(-0.00112262008811729,-0.006,0.00801097990492365));
#5447=CARTESIAN_POINT('',(-0.00112182100349742,-0.006,0.00803812733046443));
#5448=CARTESIAN_POINT('',(-0.00112032113375959,-0.006,0.00806844332296512));
#5449=CARTESIAN_POINT('',(-0.0011179936640911,-0.006,0.00810191111535778));
#5450=CARTESIAN_POINT('',(-0.00111471196980691,-0.006,0.00813850794203991));
#5451=CARTESIAN_POINT('',(-0.00111035009643937,-0.006,0.00817820788191988));
#5452=CARTESIAN_POINT('',(-0.00110478275112011,-0.006,0.0082209810500836));
#5453=CARTESIAN_POINT('',(-0.00109788543486637,-0.006,0.00826679384954));
#5454=CARTESIAN_POINT('',(-0.00108953453402469,-0.006,0.00831560892305102));
#5455=CARTESIAN_POINT('',(-0.00107960742266457,-0.006,0.00836738519431549));
#5456=CARTESIAN_POINT('',(-0.00106798256169647,-0.006,0.00842207788715495));
#5457=CARTESIAN_POINT('',(-0.00105453959618768,-0.006,0.00847963855483325));
#5458=CARTESIAN_POINT('',(-0.00103915946000404,-0.006,0.00854001510766206));
#5459=CARTESIAN_POINT('',(-0.00102172444773064,-0.006,0.00860315185259238));
#5460=CARTESIAN_POINT('',(-0.00100211841001517,-0.006,0.0086689895004873));
#5461=CARTESIAN_POINT('',(-0.000980226467529452,-0.006,0.00873746530982546));
#5462=CARTESIAN_POINT('',(-0.000955936579672935,-0.006,0.00880851271553462));
#5463=CARTESIAN_POINT('',(-0.000929133957093859,-0.006,0.00888206295474757));
#5464=CARTESIAN_POINT('',(-0.000899723025398461,-0.006,0.0089580390146666));
#5465=CARTESIAN_POINT('',(-0.000867543426799304,-0.006,0.00903637911965234));
#5466=CARTESIAN_POINT('',(-0.000840703595807617,-0.006,0.00909842786703129));
#5467=CARTESIAN_POINT('',(-0.000824430831339907,-0.006,0.00913437106657924));
#5468=CARTESIAN_POINT('',(-0.000820372067811091,-0.006,0.00914327018469625));
#5469=CARTESIAN_POINT('',(-0.00110746480680141,-0.006,0.00782540161677991));
#5470=CARTESIAN_POINT('',(-0.00136254530476183,-0.006,0.00778934330037542));
#5471=CARTESIAN_POINT('',(-0.0013181559294718,-0.006,0.00753557993425844));
#5472=CARTESIAN_POINT('',(-8.2199494175359E-17,-0.006,4.35533698027583E-16));
#5473=CARTESIAN_POINT('',(-0.00154844160456147,-0.006,0.00749165059231029));
#5474=CARTESIAN_POINT('',(-0.00160058593283311,-0.006,0.00774393462202831));
#5475=CARTESIAN_POINT('',(-0.00185102773344233,-0.006,0.00768355940253166));
#5476=CARTESIAN_POINT('',(-0.00179183398600408,-0.006,0.00743719241156236));
#5477=CARTESIAN_POINT('',(-0.00182879677196544,-0.006,0.00759121385692898));
#5478=CARTESIAN_POINT('',(-0.00187015446025115,-0.006,0.00776354856496327));
#5479=CARTESIAN_POINT('',(-0.00187238465728871,-0.006,0.00777086584156912));
#5480=CARTESIAN_POINT('',(-0.00187490199786414,-0.006,0.00777957564940828));
#5481=CARTESIAN_POINT('',(-0.00187818225109885,-0.006,0.00778986468598038));
#5482=CARTESIAN_POINT('',(-0.00188282190014357,-0.006,0.00780360126649428));
#5483=CARTESIAN_POINT('',(-0.00188877894338302,-0.006,0.00782009194811766));
#5484=CARTESIAN_POINT('',(-0.00189622237144626,-0.006,0.00783949220991793));
#5485=CARTESIAN_POINT('',(-0.00190525263354871,-0.006,0.00786168476229432));
#5486=CARTESIAN_POINT('',(-0.00191598923752224,-0.006,0.00788663163754629));
#5487=CARTESIAN_POINT('',(-0.00192854384231487,-0.006,0.00791426659564347));
#5488=CARTESIAN_POINT('',(-0.00194302818498814,-0.006,0.00794452736331416));
#5489=CARTESIAN_POINT('',(-0.0019595516176195,-0.006,0.00797734615998092));
#5490=CARTESIAN_POINT('',(-0.00197822170752099,-0.006,0.0080126525178902));
#5491=CARTESIAN_POINT('',(-0.00199914394768482,-0.006,0.00805037252737048));
#5492=CARTESIAN_POINT('',(-0.00202242172646041,-0.006,0.00809042911959712));
#5493=CARTESIAN_POINT('',(-0.00204815622479951,-0.006,0.00813274205546772));
#5494=CARTESIAN_POINT('',(-0.00207644633621385,-0.006,0.00817722800158749));
#5495=CARTESIAN_POINT('',(-0.00210738858168035,-0.006,0.00822380058459563));
#5496=CARTESIAN_POINT('',(-0.00214107702995233,-0.006,0.00827237045425026));
#5497=CARTESIAN_POINT('',(-0.0021776032104284,-0.006,0.00832284534761664));
#5498=CARTESIAN_POINT('',(-0.00221705606085682,-0.006,0.00837513015235418));
#5499=CARTESIAN_POINT('',(-0.00225952174838723,-0.006,0.00842912698538914));
#5500=CARTESIAN_POINT('',(-0.0023050839884232,-0.006,0.00848473522122898));
#5501=CARTESIAN_POINT('',(-0.00235382244944314,-0.006,0.00854185172433877));
#5502=CARTESIAN_POINT('',(-0.00240581854658743,-0.006,0.00860037030384274));
#5503=CARTESIAN_POINT('',(-0.00246113279237831,-0.006,0.00866018417177148));
#5504=CARTESIAN_POINT('',(-0.00251989154258627,-0.006,0.00872117685894935));
#5505=CARTESIAN_POINT('',(-0.00256768825370108,-0.006,0.00876898792446317));
#5506=CARTESIAN_POINT('',(-0.0025960498617192,-0.006,0.00879641666208983));
#5507=CARTESIAN_POINT('',(-0.00260309958848618,-0.006,0.00880319672235166));
#5508=CARTESIAN_POINT('',(-0.00292184787220194,-0.006,0.00707002864291998));
#5509=CARTESIAN_POINT('',(-0.00298247588432303,-0.006,0.0072163607901915));
#5510=CARTESIAN_POINT('',(-0.00305031261149252,-0.006,0.00738009193695513));
#5511=CARTESIAN_POINT('',(-0.00305280933146419,-0.006,0.0073873226150102));
#5512=CARTESIAN_POINT('',(-0.0030558922567562,-0.006,0.00739584865323506));
#5513=CARTESIAN_POINT('',(-0.00305928622010084,-0.006,0.00740610074315277));
#5514=CARTESIAN_POINT('',(-0.00306360682461873,-0.006,0.00741994098751742));
#5515=CARTESIAN_POINT('',(-0.00306848045486026,-0.006,0.00743678369136298));
#5516=CARTESIAN_POINT('',(-0.0030738617828375,-0.006,0.0074568539700968));
#5517=CARTESIAN_POINT('',(-0.00307960060233053,-0.006,0.007480115977006));
#5518=CARTESIAN_POINT('',(-0.00308557791261796,-0.006,0.00750660924051675));
#5519=CARTESIAN_POINT('',(-0.0030916644448003,-0.006,0.00753634580280167));
#5520=CARTESIAN_POINT('',(-0.00309773319838515,-0.006,0.00756934096112259));
#5521=CARTESIAN_POINT('',(-0.00310365586525968,-0.006,0.00760560415537889));
#5522=CARTESIAN_POINT('',(-0.0031093040017341,-0.006,0.00764514160244005));
#5523=CARTESIAN_POINT('',(-0.00311454881917001,-0.006,0.00768795551535081));
#5524=CARTESIAN_POINT('',(-0.00311926137471718,-0.006,0.00773404431426933));
#5525=CARTESIAN_POINT('',(-0.00312331264790506,-0.006,0.0077834025570694));
#5526=CARTESIAN_POINT('',(-0.00312657365006157,-0.006,0.00783602095376621));
#5527=CARTESIAN_POINT('',(-0.0031289155250884,-0.006,0.00789188636044975));
#5528=CARTESIAN_POINT('',(-0.00313020965101101,-0.006,0.00795098178348182));
#5529=CARTESIAN_POINT('',(-0.00313032774819807,-0.006,0.00801328638021089));
#5530=CARTESIAN_POINT('',(-0.00312914195886865,-0.006,0.00807877547943386));
#5531=CARTESIAN_POINT('',(-0.00312652503810719,-0.006,0.0081474205398604));
#5532=CARTESIAN_POINT('',(-0.00312235011254895,-0.006,0.00821918936043659));
#5533=CARTESIAN_POINT('',(-0.00311649210749459,-0.006,0.00829404533071864));
#5534=CARTESIAN_POINT('',(-0.00310882273928123,-0.006,0.0083719503951022));
#5535=CARTESIAN_POINT('',(-0.00309923028385646,-0.006,0.00845285372867342));
#5536=CARTESIAN_POINT('',(-0.00308754405839082,-0.006,0.00853673537594829));
#5537=CARTESIAN_POINT('',(-0.00307697834602913,-0.006,0.00860350954236951));
#5538=CARTESIAN_POINT('',(-0.00307015553062062,-0.006,0.00864237039216808));
#5539=CARTESIAN_POINT('',(-0.00306843740129199,-0.006,0.00865199930156911));
#5540=CARTESIAN_POINT('',(-0.00301877000850708,-0.006,0.00730413693723929));
#5541=CARTESIAN_POINT('',(-0.00325686934492587,-0.006,0.00720577551889553));
#5542=CARTESIAN_POINT('',(-0.00315076616060072,-0.006,0.00697102378429549));
#5543=CARTESIAN_POINT('',(-1.87929872130516E-16,-0.006,4.01408423082121E-16));
#5544=CARTESIAN_POINT('',(-0.00336289220464941,-0.006,0.00687120484485132));
#5545=CARTESIAN_POINT('',(-0.00347613880984574,-0.006,0.00710259514074371));
#5546=CARTESIAN_POINT('',(-0.0037036978142344,-0.006,0.00698183437665494));
#5547=CARTESIAN_POINT('',(-0.00358509476803631,-0.006,0.00675792834411543));
#5548=CARTESIAN_POINT('',(-0.00365919987597608,-0.006,0.0068979186514802));
#5549=CARTESIAN_POINT('',(-0.00374211613552845,-0.006,0.00705455390892706));
#5550=CARTESIAN_POINT('',(-0.0037460959995185,-0.006,0.00706108667238319));
#5551=CARTESIAN_POINT('',(-0.00375070029433944,-0.006,0.0070688968084492));
#5552=CARTESIAN_POINT('',(-0.00375643627173096,-0.006,0.00707804683021036));
#5553=CARTESIAN_POINT('',(-0.00376434630632726,-0.006,0.00709019801699019));
#5554=CARTESIAN_POINT('',(-0.0037742172638513,-0.006,0.00710468915711508));
#5555=CARTESIAN_POINT('',(-0.0037862514918525,-0.006,0.00712162881873114));
#5556=CARTESIAN_POINT('',(-0.00380051711501189,-0.006,0.00714087841640205));
#5557=CARTESIAN_POINT('',(-0.00381712044441989,-0.006,0.00716237145486318));
#5558=CARTESIAN_POINT('',(-0.00383615315782765,-0.006,0.00718601600668532));
#5559=CARTESIAN_POINT('',(-0.00385770799513854,-0.006,0.0072117239671489));
#5560=CARTESIAN_POINT('',(-0.00388187401658926,-0.006,0.00723940249037216));
#5561=CARTESIAN_POINT('',(-0.00390873788544926,-0.006,0.00726895657157291));
#5562=CARTESIAN_POINT('',(-0.00393838339986655,-0.006,0.00730028838804754));
#5563=CARTESIAN_POINT('',(-0.00397089153381811,-0.006,0.00733329758059332));
#5564=CARTESIAN_POINT('',(-0.00400634033481673,-0.006,0.0073678812682873));
#5565=CARTESIAN_POINT('',(-0.00404480486528006,-0.006,0.00740393414199027));
#5566=CARTESIAN_POINT('',(-0.00408635713361969,-0.006,0.00744134853812853));
#5567=CARTESIAN_POINT('',(-0.00413106603274451,-0.006,0.0074800145196147));
#5568=CARTESIAN_POINT('',(-0.00417899727162992,-0.006,0.00751981995968798));
#5569=CARTESIAN_POINT('',(-0.00423021334040403,-0.006,0.00756065061621828));
#5570=CARTESIAN_POINT('',(-0.00428477335658646,-0.006,0.00760239025240991));
#5571=CARTESIAN_POINT('',(-0.00434273338096504,-0.006,0.00764492058493092));
#5572=CARTESIAN_POINT('',(-0.00440414493032191,-0.006,0.00768812190569398));
#5573=CARTESIAN_POINT('',(-0.00446906045339416,-0.006,0.00773187111288286));
#5574=CARTESIAN_POINT('',(-0.00453751200450383,-0.006,0.00777604972461627));
#5575=CARTESIAN_POINT('',(-0.00460959300501637,-0.006,0.00782051350740957));
#5576=CARTESIAN_POINT('',(-0.00466777822304737,-0.006,0.00785493594168788));
#5577=CARTESIAN_POINT('',(-0.0047020700486617,-0.006,0.00787444970998624));
#5578=CARTESIAN_POINT('',(-0.00471058442772024,-0.006,0.00787926356643307));
#5579=CARTESIAN_POINT('',(-0.00458829727385439,-0.006,0.00612127667457863));
#5580=CARTESIAN_POINT('',(-0.00468341187068111,-0.006,0.0062479339548642));
#5581=CARTESIAN_POINT('',(-0.00478983566273758,-0.006,0.00638965087854632));
#5582=CARTESIAN_POINT('',(-0.00479405214016983,-0.006,0.00639603348254596));
#5583=CARTESIAN_POINT('',(-0.00479915854917879,-0.006,0.00640352496725869));
#5584=CARTESIAN_POINT('',(-0.00480499547600874,-0.006,0.00641261092455814));
#5585=CARTESIAN_POINT('',(-0.00481262226960004,-0.006,0.00642494186154561));
#5586=CARTESIAN_POINT('',(-0.00482153139590446,-0.006,0.00644004339832345));
#5587=CARTESIAN_POINT('',(-0.0048317349349214,-0.006,0.00645814485049672));
#5588=CARTESIAN_POINT('',(-0.00484307848472059,-0.006,0.00647924885231085));
#5589=CARTESIAN_POINT('',(-0.00485545661352695,-0.006,0.00650342328460977));
#5590=CARTESIAN_POINT('',(-0.00486874710842775,-0.006,0.00653071195910715));
#5591=CARTESIAN_POINT('',(-0.00488283076315889,-0.006,0.00656116127621132));
#5592=CARTESIAN_POINT('',(-0.00489758564825037,-0.006,0.00659481228817997));
#5593=CARTESIAN_POINT('',(-0.00491288890137968,-0.006,0.00663170295921491));
#5594=CARTESIAN_POINT('',(-0.00492861633040215,-0.006,0.00667186746126596));
#5595=CARTESIAN_POINT('',(-0.00494464265055363,-0.006,0.0067153363309078));
#5596=CARTESIAN_POINT('',(-0.00496084154137715,-0.006,0.00676213638307488));
#5597=CARTESIAN_POINT('',(-0.00497708575629168,-0.006,0.00681229069782265));
#5598=CARTESIAN_POINT('',(-0.00499324721869268,-0.006,0.00686581858938975));
#5599=CARTESIAN_POINT('',(-0.0050091971213555,-0.006,0.00692273558500871));
#5600=CARTESIAN_POINT('',(-0.00502480603143266,-0.006,0.00698305339868528));
#5601=CARTESIAN_POINT('',(-0.00503994397255184,-0.006,0.00704677993124466));
#5602=CARTESIAN_POINT('',(-0.00505448059950017,-0.006,0.00711391918259736));
#5603=CARTESIAN_POINT('',(-0.00506828501679655,-0.006,0.00718447151546751));
#5604=CARTESIAN_POINT('',(-0.00508122697454616,-0.006,0.00725843257440863));
#5605=CARTESIAN_POINT('',(-0.00509317275530932,-0.006,0.0073357974022528));
#5606=CARTESIAN_POINT('',(-0.00510400150540809,-0.006,0.00741654455548627));
#5607=CARTESIAN_POINT('',(-0.00511354294160091,-0.006,0.00750069715265688));
#5608=CARTESIAN_POINT('',(-0.00511991523043487,-0.006,0.00756800107166592));
#5609=CARTESIAN_POINT('',(-0.00512297106667023,-0.006,0.00760733780160205));
#5610=CARTESIAN_POINT('',(-0.00512370152792634,-0.006,0.0076170914824968));
#5611=CARTESIAN_POINT('',(-0.00474039478831879,-0.006,0.00632392647119536));
#5612=CARTESIAN_POINT('',(-0.00494655230622064,-0.006,0.00616944236057485));
#5613=CARTESIAN_POINT('',(-0.00478540216615173,-0.006,0.00596845257233317));
#5614=CARTESIAN_POINT('',(-2.81851925061989E-16,-0.006,3.42061180637497E-16));
#5615=CARTESIAN_POINT('',(-0.00496603991966683,-0.006,0.00581901602646663));
#5616=CARTESIAN_POINT('',(-0.00513327310109151,-0.006,0.00601497348524849));
#5617=CARTESIAN_POINT('',(-0.00532365094011038,-0.006,0.00584141501950232));
#5618=CARTESIAN_POINT('',(-0.00515309086073656,-0.006,0.00565403878488584));
#5619=CARTESIAN_POINT('',(-0.00525968199418336,-0.006,0.00577120184838869));
#5620=CARTESIAN_POINT('',(-0.00537894689147006,-0.006,0.00590229568595856));
#5621=CARTESIAN_POINT('',(-0.00538442635292119,-0.006,0.00590763345871118));
#5622=CARTESIAN_POINT('',(-0.00539082829721061,-0.006,0.00591405318343136));
#5623=CARTESIAN_POINT('',(-0.005398659586204,-0.006,0.0059214892608629));
#5624=CARTESIAN_POINT('',(-0.00540934298978711,-0.006,0.00593129155015435));
#5625=CARTESIAN_POINT('',(-0.00542250763303166,-0.006,0.00594287261715201));
#5626=CARTESIAN_POINT('',(-0.00543837650616672,-0.006,0.00595628729734481));
#5627=CARTESIAN_POINT('',(-0.00545698112881466,-0.006,0.00597138441729351));
#5628=CARTESIAN_POINT('',(-0.00547840793540764,-0.006,0.00598807313231141));
#5629=CARTESIAN_POINT('',(-0.0055027228620497,-0.006,0.00600624160370895));
#5630=CARTESIAN_POINT('',(-0.00552999382429682,-0.006,0.00602578143126223));
#5631=CARTESIAN_POINT('',(-0.00556028399456274,-0.006,0.00604658053763339));
#5632=CARTESIAN_POINT('',(-0.00559365368670238,-0.006,0.00606852535051146));
#5633=CARTESIAN_POINT('',(-0.00563015973867371,-0.006,0.00609150028072098));
#5634=CARTESIAN_POINT('',(-0.00566985562218852,-0.006,0.00611538798461892));
#5635=CARTESIAN_POINT('',(-0.00571279134730834,-0.006,0.00614006940384856));
#5636=CARTESIAN_POINT('',(-0.00575901342890901,-0.006,0.00616542387048678));
#5637=CARTESIAN_POINT('',(-0.00580856483828344,-0.006,0.00619132919564527));
#5638=CARTESIAN_POINT('',(-0.00586148496370125,-0.006,0.00621766176314267));
#5639=CARTESIAN_POINT('',(-0.00591780956497806,-0.006,0.00624429662772888));
#5640=CARTESIAN_POINT('',(-0.00597757075813725,-0.006,0.0062711075957375));
#5641=CARTESIAN_POINT('',(-0.00604079689649726,-0.006,0.00629796738023622));
#5642=CARTESIAN_POINT('',(-0.00610751286372469,-0.006,0.00632474747223049));
#5643=CARTESIAN_POINT('',(-0.00617773878791651,-0.006,0.00635131911277993));
#5644=CARTESIAN_POINT('',(-0.0062514948558595,-0.006,0.00637755002406772));
#5645=CARTESIAN_POINT('',(-0.00632878264958455,-0.006,0.00640331747495302));
#5646=CARTESIAN_POINT('',(-0.00640965678604409,-0.006,0.0064284585303625));
#5647=CARTESIAN_POINT('',(-0.00647457451975212,-0.006,0.00644732944526274));
#5648=CARTESIAN_POINT('',(-0.0065126418814428,-0.006,0.00645770212240399));
#5649=CARTESIAN_POINT('',(-0.00652208592304297,-0.006,0.00646024730273112));
#5650=CARTESIAN_POINT('',(-0.00596644708321358,-0.006,0.00478790238029267));
#5651=CARTESIAN_POINT('',(-0.00609007186482031,-0.006,0.00488692645085905));
#5652=CARTESIAN_POINT('',(-0.00622839572350951,-0.006,0.00499772455594632));
#5653=CARTESIAN_POINT('',(-0.00623406702161816,-0.006,0.00500285804340767));
#5654=CARTESIAN_POINT('',(-0.00624087605988598,-0.006,0.00500884425707202));
#5655=CARTESIAN_POINT('',(-0.0062487891946218,-0.006,0.00501619317764027));
#5656=CARTESIAN_POINT('',(-0.00625924295779578,-0.006,0.00502624000912962));
#5657=CARTESIAN_POINT('',(-0.00627162778699191,-0.006,0.00503865149374441));
#5658=CARTESIAN_POINT('',(-0.00628601241116613,-0.006,0.00505364673854462));
#5659=CARTESIAN_POINT('',(-0.00630224793431893,-0.006,0.0050712666932146));
#5660=CARTESIAN_POINT('',(-0.00632024911828774,-0.006,0.00509160332581302));
#5661=CARTESIAN_POINT('',(-0.00633990848523335,-0.006,0.00511472946474345));
#5662=CARTESIAN_POINT('',(-0.00636112211328797,-0.006,0.00514071969805246));
#5663=CARTESIAN_POINT('',(-0.00638378211290143,-0.006,0.0051696441108917));
#5664=CARTESIAN_POINT('',(-0.00640777892301008,-0.006,0.0052015700293649));
#5665=CARTESIAN_POINT('',(-0.0064330007514122,-0.006,0.00523656143717767));
#5666=CARTESIAN_POINT('',(-0.00645933384353219,-0.006,0.00527467906859591));
#5667=CARTESIAN_POINT('',(-0.00648666251610556,-0.006,0.00531598031073379));
#5668=CARTESIAN_POINT('',(-0.00651486926001298,-0.006,0.00536051916348224));
#5669=CARTESIAN_POINT('',(-0.0065438348256678,-0.006,0.00540834618564394));
#5670=CARTESIAN_POINT('',(-0.00657343831402689,-0.006,0.00545950844968899));
#5671=CARTESIAN_POINT('',(-0.00660355727176846,-0.006,0.00551404949024635));
#5672=CARTESIAN_POINT('',(-0.00663406777082225,-0.006,0.00557200928373164));
#5673=CARTESIAN_POINT('',(-0.00666484455574725,-0.006,0.00563342411992711));
#5674=CARTESIAN_POINT('',(-0.00669576093359041,-0.006,0.00569832690254367));
#5675=CARTESIAN_POINT('',(-0.00672668966334137,-0.006,0.00576674580480084));
#5676=CARTESIAN_POINT('',(-0.0067574999957422,-0.006,0.00583870927944423));
#5677=CARTESIAN_POINT('',(-0.00678806954117046,-0.006,0.00591422661173505));
#5678=CARTESIAN_POINT('',(-0.0068182391154948,-0.006,0.00599336254162955));
#5679=CARTESIAN_POINT('',(-0.00684114901118132,-0.006,0.00605696726046857));
#5680=CARTESIAN_POINT('',(-0.00685389148963131,-0.006,0.00609430819913001));
#5681=CARTESIAN_POINT('',(-0.006857024643905,-0.006,0.00610357379187632));
#5682=CARTESIAN_POINT('',(-0.00616416312962791,-0.006,0.00494636044719157));
#5683=CARTESIAN_POINT('',(-0.00632542519396874,-0.006,0.00474546044911741));
#5684=CARTESIAN_POINT('',(-0.00611935375412536,-0.006,0.00459086153481804));
#5685=CARTESIAN_POINT('',(-3.58064184962948E-16,-0.006,2.61220976200395E-16));
#5686=CARTESIAN_POINT('',(-0.00625715308271434,-0.006,0.00440119703029511));
#5687=CARTESIAN_POINT('',(-0.00646786496453782,-0.006,0.00454940892415006));
#5688=CARTESIAN_POINT('',(-0.00660909949840064,-0.006,0.0043339580734527));
#5689=CARTESIAN_POINT('',(-0.00639729930291425,-0.006,0.00419488517470179));
#5690=CARTESIAN_POINT('',(-0.00652967894893885,-0.006,0.00428185920816724));
#5691=CARTESIAN_POINT('',(-0.00667779863183773,-0.006,0.00437917451791619));
#5692=CARTESIAN_POINT('',(-0.00668443339603491,-0.006,0.00438298190807231));
#5693=CARTESIAN_POINT('',(-0.00669223073208843,-0.006,0.00438760784653238));
#5694=CARTESIAN_POINT('',(-0.00670166526399475,-0.006,0.00439286274354129));
#5695=CARTESIAN_POINT('',(-0.00671445075902674,-0.006,0.00439970022145789));
#5696=CARTESIAN_POINT('',(-0.00673008190504057,-0.006,0.00440764353429667));
#5697=CARTESIAN_POINT('',(-0.00674878832364878,-0.006,0.00441669033937394));
#5698=CARTESIAN_POINT('',(-0.00677056294892128,-0.006,0.00442668637403074));
#5699=CARTESIAN_POINT('',(-0.00679546690763873,-0.006,0.00443752215226403));
#5700=CARTESIAN_POINT('',(-0.00682353625125012,-0.006,0.00444907295136011));
#5701=CARTESIAN_POINT('',(-0.00685480980357991,-0.006,0.00446121688677546));
#5702=CARTESIAN_POINT('',(-0.00688932087986377,-0.006,0.00447382969194745));
#5703=CARTESIAN_POINT('',(-0.00692709965480077,-0.006,0.00448678636320233));
#5704=CARTESIAN_POINT('',(-0.00696817243482091,-0.006,0.00449996080778579));
#5705=CARTESIAN_POINT('',(-0.00701256182954648,-0.006,0.00451322607074716));
#5706=CARTESIAN_POINT('',(-0.00706028666927168,-0.006,0.00452645439717036));
#5707=CARTESIAN_POINT('',(-0.00711136199862978,-0.006,0.00453951734235774));
#5708=CARTESIAN_POINT('',(-0.00716579905175068,-0.006,0.00455228586968363));
#5709=CARTESIAN_POINT('',(-0.00722360523735487,-0.006,0.00456463045113199));
#5710=CARTESIAN_POINT('',(-0.00728478411917747,-0.006,0.004576421173733));
#5711=CARTESIAN_POINT('',(-0.00734933542116927,-0.006,0.00458752782149611));
#5712=CARTESIAN_POINT('',(-0.00741725495090422,-0.006,0.00459782005525849));
#5713=CARTESIAN_POINT('',(-0.00748853485139544,-0.006,0.00460716721505573));
#5714=CARTESIAN_POINT('',(-0.00756316259733236,-0.006,0.00461543958149218));
#5715=CARTESIAN_POINT('',(-0.00764112484514139,-0.006,0.00462250401225212));
#5716=CARTESIAN_POINT('',(-0.00772239260515744,-0.006,0.00462824123858413));
#5717=CARTESIAN_POINT('',(-0.00780697825813597,-0.006,0.00463247986163607));
#5718=CARTESIAN_POINT('',(-0.00787454948756144,-0.006,0.00463461352817269));
#5719=CARTESIAN_POINT('',(-0.00791400047299148,-0.006,0.00463519336070401));
#5720=CARTESIAN_POINT('',(-0.00792378077326676,-0.006,0.00463530994187098));
#5721=CARTESIAN_POINT('',(-0.00696970307927703,-0.006,0.0031536865707797));
#5722=CARTESIAN_POINT('',(-0.00711407024597528,-0.006,0.00321885538508816));
#5723=CARTESIAN_POINT('',(-0.00727560277453621,-0.006,0.00329177281915102));
#5724=CARTESIAN_POINT('',(-0.00728237254480351,-0.006,0.00329533463417724));
#5725=CARTESIAN_POINT('',(-0.00729045637541393,-0.006,0.00329943944097291));
#5726=CARTESIAN_POINT('',(-0.00729994850669769,-0.006,0.00330458956510323));
#5727=CARTESIAN_POINT('',(-0.00731257239106788,-0.006,0.00331172101172232));
#5728=CARTESIAN_POINT('',(-0.00732765473878911,-0.006,0.00332066258494947));
#5729=CARTESIAN_POINT('',(-0.0073453166092808,-0.006,0.00333160941599715));
#5730=CARTESIAN_POINT('',(-0.00736542396815744,-0.006,0.00334463819696943));
#5731=CARTESIAN_POINT('',(-0.00738791712669623,-0.006,0.00335985920444827));
#5732=CARTESIAN_POINT('',(-0.00741271009535936,-0.006,0.00337736970745077));
#5733=CARTESIAN_POINT('',(-0.00743972076646851,-0.006,0.00339726779502043));
#5734=CARTESIAN_POINT('',(-0.00746886206949059,-0.006,0.00341964818149502));
#5735=CARTESIAN_POINT('',(-0.00750004462874537,-0.006,0.00344460332453349));
#5736=CARTESIAN_POINT('',(-0.00753317607628923,-0.006,0.0034722229992657));
#5737=CARTESIAN_POINT('',(-0.0075681613353535,-0.006,0.00350259432149149));
#5738=CARTESIAN_POINT('',(-0.0076049026286711,-0.006,0.00353580164466131));
#5739=CARTESIAN_POINT('',(-0.00764329956811456,-0.006,0.00357192649548982));
#5740=CARTESIAN_POINT('',(-0.00768324922400521,-0.006,0.00361104750054821));
#5741=CARTESIAN_POINT('',(-0.00772464620201295,-0.006,0.00365324031980774));
#5742=CARTESIAN_POINT('',(-0.00776738272253424,-0.006,0.00369857757307977));
#5743=CARTESIAN_POINT('',(-0.00781134869265733,-0.006,0.00374712880050509));
#5744=CARTESIAN_POINT('',(-0.00785643181697306,-0.006,0.00379896030151719));
#5745=CARTESIAN_POINT('',(-0.00790251756564064,-0.006,0.00385413545335263));
#5746=CARTESIAN_POINT('',(-0.0079494897015548,-0.006,0.00391271318766991));
#5747=CARTESIAN_POINT('',(-0.00799722865909607,-0.006,0.00397475357933753));
#5748=CARTESIAN_POINT('',(-0.00804561820288763,-0.006,0.00404029605896453));
#5749=CARTESIAN_POINT('',(-0.00809452025003276,-0.006,0.00410944292006608));
#5750=CARTESIAN_POINT('',(-0.00813252823956917,-0.006,0.00416535192032863));
#5751=CARTESIAN_POINT('',(-0.00815415670344921,-0.006,0.00419835079920891));
#5752=CARTESIAN_POINT('',(-0.00815949568313452,-0.006,0.00420654611253807));
#5753=CARTESIAN_POINT('',(-0.00720061443129633,-0.006,0.00325799640484951));
#5754=CARTESIAN_POINT('',(-0.00730684835349321,-0.006,0.00302330380505922));
#5755=CARTESIAN_POINT('',(-0.00706880384031847,-0.006,0.00292480978306263));
#5756=CARTESIAN_POINT('',(-4.11777955254728E-16,-0.006,1.63967297125075E-16));
#5757=CARTESIAN_POINT('',(-0.0071551063053756,-0.006,0.00270683463823972));
#5758=CARTESIAN_POINT('',(-0.00739605708511883,-0.006,0.00279798826879164));
#5759=CARTESIAN_POINT('',(-0.0074792740286387,-0.006,0.00255418260246521));
#5760=CARTESIAN_POINT('',(-0.00723954190226878,-0.006,0.00247215150128274));
#5761=CARTESIAN_POINT('',(-0.00738939216085317,-0.006,0.00252347160632004));
#5762=CARTESIAN_POINT('',(-0.00755705972494163,-0.006,0.00258089370943586));
#5763=CARTESIAN_POINT('',(-0.00756443290524939,-0.006,0.00258293148466937));
#5764=CARTESIAN_POINT('',(-0.00757313569776615,-0.006,0.00258547297214287));
#5765=CARTESIAN_POINT('',(-0.00758358066624796,-0.006,0.00258821650422394));
#5766=CARTESIAN_POINT('',(-0.00759766489305421,-0.006,0.00259165954688168));
#5767=CARTESIAN_POINT('',(-0.00761478037944594,-0.006,0.00259546599800246));
#5768=CARTESIAN_POINT('',(-0.00763514895044874,-0.006,0.0025995764839294));
#5769=CARTESIAN_POINT('',(-0.00765872539855846,-0.006,0.00260384334567394));
#5770=CARTESIAN_POINT('',(-0.00768554170208382,-0.006,0.00260814533532504));
#5771=CARTESIAN_POINT('',(-0.00771560176257361,-0.006,0.00261235268293158));
#5772=CARTESIAN_POINT('',(-0.00774891287267709,-0.006,0.00261633767808458));
#5773=CARTESIAN_POINT('',(-0.00778547639713312,-0.006,0.00261997167312179));
#5774=CARTESIAN_POINT('',(-0.00782529047549758,-0.006,0.00262312608744724));
#5775=CARTESIAN_POINT('',(-0.00786834922974275,-0.006,0.00262567224759925));
#5776=CARTESIAN_POINT('',(-0.0079146429867557,-0.006,0.00262748156436595));
#5777=CARTESIAN_POINT('',(-0.00796415821388665,-0.006,0.00262842561358315));
#5778=CARTESIAN_POINT('',(-0.00801687754021671,-0.006,0.00262837624443142));
#5779=CARTESIAN_POINT('',(-0.00807277975683101,-0.006,0.00262720568039347));
#5780=CARTESIAN_POINT('',(-0.00813183982738379,-0.006,0.00262478662034019));
#5781=CARTESIAN_POINT('',(-0.00819402889560708,-0.006,0.00262099234649173));
#5782=CARTESIAN_POINT('',(-0.00825931431072425,-0.006,0.00261569680248299));
#5783=CARTESIAN_POINT('',(-0.00832765959799034,-0.006,0.00260877478660955));
#5784=CARTESIAN_POINT('',(-0.00839902465344835,-0.006,0.00260010169778326));
#5785=CARTESIAN_POINT('',(-0.0084733650853915,-0.006,0.00258955500689986));
#5786=CARTESIAN_POINT('',(-0.00855063485831164,-0.006,0.00257700907296616));
#5787=CARTESIAN_POINT('',(-0.00863077623237498,-0.006,0.00256235558371439));
#5788=CARTESIAN_POINT('',(-0.00871375857421157,-0.006,0.00254542544613388));
#5789=CARTESIAN_POINT('',(-0.00877973755050008,-0.006,0.0025306877981913));
#5790=CARTESIAN_POINT('',(-0.00881809330916433,-0.006,0.00252143835310227));
#5791=CARTESIAN_POINT('',(-0.00882759533587901,-0.006,0.00251911900988561));
#5792=CARTESIAN_POINT('',(-0.00753502699809463,-0.006,0.00132131303557677));
#5793=CARTESIAN_POINT('',(-0.00769106542985543,-0.006,0.00134853179735016));
#5794=CARTESIAN_POINT('',(-0.00786565694544352,-0.006,0.00137898688983489));
#5795=CARTESIAN_POINT('',(-0.00787309981830612,-0.006,0.00138075323048843));
#5796=CARTESIAN_POINT('',(-0.00788195050445163,-0.006,0.00138271871030804));
#5797=CARTESIAN_POINT('',(-0.00789242520676516,-0.006,0.00138534643676047));
#5798=CARTESIAN_POINT('',(-0.00790642600724918,-0.006,0.00138911440349061));
#5799=CARTESIAN_POINT('',(-0.00792325819411919,-0.006,0.00139402423339946));
#5800=CARTESIAN_POINT('',(-0.00794308755064953,-0.006,0.00140023482104026));
#5801=CARTESIAN_POINT('',(-0.00796580332594211,-0.006,0.00140785378208982));
#5802=CARTESIAN_POINT('',(-0.00799137513117582,-0.006,0.00141700277257025));
#5803=CARTESIAN_POINT('',(-0.00801974386815322,-0.006,0.00142779739034205));
#5804=CARTESIAN_POINT('',(-0.00805085440251281,-0.006,0.0014403530621503));
#5805=CARTESIAN_POINT('',(-0.00808464595370043,-0.006,0.00145478318026874));
#5806=CARTESIAN_POINT('',(-0.00812105494722192,-0.006,0.00147119952445677));
#5807=CARTESIAN_POINT('',(-0.00816001424320941,-0.006,0.00148971202036696));
#5808=CARTESIAN_POINT('',(-0.00820145341672416,-0.006,0.00151042869152695));
#5809=CARTESIAN_POINT('',(-0.00824529874020182,-0.006,0.00153345555748594));
#5810=CARTESIAN_POINT('',(-0.00829147325426202,-0.006,0.00155889654915905));
#5811=CARTESIAN_POINT('',(-0.00833989681658433,-0.006,0.00158685342048931));
#5812=CARTESIAN_POINT('',(-0.00839048615986507,-0.006,0.00161742566495493));
#5813=CARTESIAN_POINT('',(-0.0084431549504078,-0.006,0.00165071042457978));
#5814=CARTESIAN_POINT('',(-0.00849781384800183,-0.006,0.00168680243376707));
#5815=CARTESIAN_POINT('',(-0.0085543705732034,-0.006,0.00172579383576429));
#5816=CARTESIAN_POINT('',(-0.00861272995561508,-0.006,0.00176777449910876));
#5817=CARTESIAN_POINT('',(-0.00867279406564151,-0.006,0.00181283041100516));
#5818=CARTESIAN_POINT('',(-0.00873446203404931,-0.006,0.00186104949371994));
#5819=CARTESIAN_POINT('',(-0.00879763108320346,-0.006,0.00191249884563979));
#5820=CARTESIAN_POINT('',(-0.00886219290769809,-0.006,0.001967311886361));
#5821=CARTESIAN_POINT('',(-0.0089129108093182,-0.006,0.00201201219994167));
#5822=CARTESIAN_POINT('',(-0.0089420662626988,-0.006,0.00203859557811935));
#5823=CARTESIAN_POINT('',(-0.0089492756000667,-0.006,0.00204520567035464));
#5824=CARTESIAN_POINT('',(-0.00778462464623897,-0.006,0.00136492046631814));
#5825=CARTESIAN_POINT('',(-0.00782915535825924,-0.006,0.00111118186399554));
#5826=CARTESIAN_POINT('',(-0.00757409498398238,-0.006,0.00107498147593946));
#5827=CARTESIAN_POINT('',(-4.39618202204469E-16,-0.006,5.64109497418491E-17));
#5828=CARTESIAN_POINT('',(-0.00760347788422986,-0.006,0.000842391870822309));
#5829=CARTESIAN_POINT('',(-0.00785952773824658,-0.006,0.000870759720224001));
#5830=CARTESIAN_POINT('',(-0.00787949826481165,-0.006,0.000613918444938319));
#5831=CARTESIAN_POINT('',(-0.00762689745873111,-0.006,0.000594083457100865));
#5832=CARTESIAN_POINT('',(-0.00778480268701774,-0.006,0.000606525002768364));
#5833=CARTESIAN_POINT('',(-0.00796148296260591,-0.006,0.000620445857328586));
#5834=CARTESIAN_POINT('',(-0.00796913127498886,-0.006,0.000620585976727135));
#5835=CARTESIAN_POINT('',(-0.00797819269550841,-0.006,0.00062088332220918));
#5836=CARTESIAN_POINT('',(-0.00798899180478208,-0.006,0.000620943103151736));
#5837=CARTESIAN_POINT('',(-0.00800348979959419,-0.006,0.000620775371517827));
#5838=CARTESIAN_POINT('',(-0.00802101419740747,-0.006,0.000620205787597546));
#5839=CARTESIAN_POINT('',(-0.0080417650885784,-0.006,0.000619121677426031));
#5840=CARTESIAN_POINT('',(-0.0080656619645825,-0.006,0.000617391263642511));
#5841=CARTESIAN_POINT('',(-0.00809270564594179,-0.006,0.000614889154880012));
#5842=CARTESIAN_POINT('',(-0.00812286763915624,-0.006,0.000611488687873341));
#5843=CARTESIAN_POINT('',(-0.00815612324747593,-0.006,0.000607064350862747));
#5844=CARTESIAN_POINT('',(-0.00819244179939132,-0.006,0.000601491198492097));
#5845=CARTESIAN_POINT('',(-0.00823178951621366,-0.006,0.000594645152434922));
#5846=CARTESIAN_POINT('',(-0.00827412870479561,-0.006,0.000586403043549002));
#5847=CARTESIAN_POINT('',(-0.00831941801708629,-0.006,0.000576642728094388));
#5848=CARTESIAN_POINT('',(-0.0083676124077981,-0.006,0.00056524318202131));
#5849=CARTESIAN_POINT('',(-0.00841866318193866,-0.006,0.000552084600575841));
#5850=CARTESIAN_POINT('',(-0.00847251802018251,-0.006,0.000537048496017572));
#5851=CARTESIAN_POINT('',(-0.00852912101424332,-0.006,0.000520017792902489));
#5852=CARTESIAN_POINT('',(-0.00858841270099543,-0.006,0.00050087693078483));
#5853=CARTESIAN_POINT('',(-0.0086503301065032,-0.006,0.000479511933509938));
#5854=CARTESIAN_POINT('',(-0.00871480676554512,-0.006,0.000455810603715417));
#5855=CARTESIAN_POINT('',(-0.00878177284707317,-0.006,0.000429662228333926));
#5856=CARTESIAN_POINT('',(-0.00885115488227858,-0.006,0.000400959167506909));
#5857=CARTESIAN_POINT('',(-0.00892287703629891,-0.006,0.000369591176049329));
#5858=CARTESIAN_POINT('',(-0.00899685644713778,-0.006,0.000335467703835237));
#5859=CARTESIAN_POINT('',(-0.00907302139210714,-0.006,0.000298432588431149));
#5860=CARTESIAN_POINT('',(-0.00913326241352478,-0.006,0.000267749646630882));
#5861=CARTESIAN_POINT('',(-0.00916811291204376,-0.006,0.000249252100573527));
#5862=CARTESIAN_POINT('',(-0.00917673961791335,-0.006,0.00024464256583748));
#5863=CARTESIAN_POINT('',(-0.00762689745873111,-0.006,-0.000594083457100866));
#5864=CARTESIAN_POINT('',(-0.00778480268701774,-0.006,-0.000606525002768366));
#5865=CARTESIAN_POINT('',(-0.00796148296260591,-0.006,-0.000620445857328587));
#5866=CARTESIAN_POINT('',(-0.00796913127498886,-0.006,-0.000620585976727137));
#5867=CARTESIAN_POINT('',(-0.00797819269550841,-0.006,-0.000620883322209181));
#5868=CARTESIAN_POINT('',(-0.00798899180478208,-0.006,-0.000620943103151738));
#5869=CARTESIAN_POINT('',(-0.00800348979959419,-0.006,-0.000620775371517829));
#5870=CARTESIAN_POINT('',(-0.00802101419740747,-0.006,-0.000620205787597548));
#5871=CARTESIAN_POINT('',(-0.0080417650885784,-0.006,-0.000619121677426033));
#5872=CARTESIAN_POINT('',(-0.0080656619645825,-0.006,-0.000617391263642513));
#5873=CARTESIAN_POINT('',(-0.00809270564594179,-0.006,-0.000614889154880014));
#5874=CARTESIAN_POINT('',(-0.00812286763915624,-0.006,-0.000611488687873342));
#5875=CARTESIAN_POINT('',(-0.00815612324747593,-0.006,-0.000607064350862749));
#5876=CARTESIAN_POINT('',(-0.00819244179939132,-0.006,-0.000601491198492099));
#5877=CARTESIAN_POINT('',(-0.00823178951621366,-0.006,-0.000594645152434924));
#5878=CARTESIAN_POINT('',(-0.00827412870479561,-0.006,-0.000586403043549003));
#5879=CARTESIAN_POINT('',(-0.00831941801708629,-0.006,-0.000576642728094389));
#5880=CARTESIAN_POINT('',(-0.0083676124077981,-0.006,-0.000565243182021312));
#5881=CARTESIAN_POINT('',(-0.00841866318193866,-0.006,-0.000552084600575842));
#5882=CARTESIAN_POINT('',(-0.00847251802018251,-0.006,-0.000537048496017574));
#5883=CARTESIAN_POINT('',(-0.00852912101424332,-0.006,-0.000520017792902491));
#5884=CARTESIAN_POINT('',(-0.00858841270099543,-0.006,-0.000500876930784832));
#5885=CARTESIAN_POINT('',(-0.0086503301065032,-0.006,-0.00047951193350994));
#5886=CARTESIAN_POINT('',(-0.00871480676554512,-0.006,-0.000455810603715418));
#5887=CARTESIAN_POINT('',(-0.00878177284707317,-0.006,-0.000429662228333927));
#5888=CARTESIAN_POINT('',(-0.00885115488227858,-0.006,-0.00040095916750691));
#5889=CARTESIAN_POINT('',(-0.00892287703629891,-0.006,-0.000369591176049331));
#5890=CARTESIAN_POINT('',(-0.00899685644713778,-0.006,-0.000335467703835239));
#5891=CARTESIAN_POINT('',(-0.00907302139210714,-0.006,-0.000298432588431151));
#5892=CARTESIAN_POINT('',(-0.00913326241352478,-0.006,-0.000267749646630883));
#5893=CARTESIAN_POINT('',(-0.00916811291204376,-0.006,-0.000249252100573529));
#5894=CARTESIAN_POINT('',(-0.00917673961791335,-0.006,-0.000244642565837482));
#5895=CARTESIAN_POINT('',(-0.00787949826481165,-0.006,-0.000613918444938321));
#5896=CARTESIAN_POINT('',(-0.00785952773824658,-0.006,-0.000870759720224002));
#5897=CARTESIAN_POINT('',(-0.00760347788422986,-0.006,-0.000842391870822311));
#5898=CARTESIAN_POINT('',(-4.39835620707054E-16,-0.006,-5.46899050786172E-17));
#5899=CARTESIAN_POINT('',(-0.00757409498398238,-0.006,-0.00107498147593946));
#5900=CARTESIAN_POINT('',(-0.00782915535825924,-0.006,-0.00111118186399554));
#5901=CARTESIAN_POINT('',(-0.00778462464623897,-0.006,-0.00136492046631815));
#5902=CARTESIAN_POINT('',(-0.00753502699809463,-0.006,-0.00132131303557678));
#5903=CARTESIAN_POINT('',(-0.00769106542985543,-0.006,-0.00134853179735016));
#5904=CARTESIAN_POINT('',(-0.00786565694544352,-0.006,-0.00137898688983489));
#5905=CARTESIAN_POINT('',(-0.00787309981830611,-0.006,-0.00138075323048843));
#5906=CARTESIAN_POINT('',(-0.00788195050445163,-0.006,-0.00138271871030804));
#5907=CARTESIAN_POINT('',(-0.00789242520676516,-0.006,-0.00138534643676047));
#5908=CARTESIAN_POINT('',(-0.00790642600724918,-0.006,-0.00138911440349061));
#5909=CARTESIAN_POINT('',(-0.00792325819411919,-0.006,-0.00139402423339946));
#5910=CARTESIAN_POINT('',(-0.00794308755064953,-0.006,-0.00140023482104026));
#5911=CARTESIAN_POINT('',(-0.00796580332594211,-0.006,-0.00140785378208982));
#5912=CARTESIAN_POINT('',(-0.00799137513117582,-0.006,-0.00141700277257025));
#5913=CARTESIAN_POINT('',(-0.00801974386815322,-0.006,-0.00142779739034205));
#5914=CARTESIAN_POINT('',(-0.00805085440251281,-0.006,-0.0014403530621503));
#5915=CARTESIAN_POINT('',(-0.00808464595370043,-0.006,-0.00145478318026874));
#5916=CARTESIAN_POINT('',(-0.00812105494722192,-0.006,-0.00147119952445677));
#5917=CARTESIAN_POINT('',(-0.00816001424320941,-0.006,-0.00148971202036696));
#5918=CARTESIAN_POINT('',(-0.00820145341672416,-0.006,-0.00151042869152695));
#5919=CARTESIAN_POINT('',(-0.00824529874020182,-0.006,-0.00153345555748594));
#5920=CARTESIAN_POINT('',(-0.00829147325426202,-0.006,-0.00155889654915905));
#5921=CARTESIAN_POINT('',(-0.00833989681658433,-0.006,-0.00158685342048931));
#5922=CARTESIAN_POINT('',(-0.00839048615986507,-0.006,-0.00161742566495493));
#5923=CARTESIAN_POINT('',(-0.0084431549504078,-0.006,-0.00165071042457978));
#5924=CARTESIAN_POINT('',(-0.00849781384800183,-0.006,-0.00168680243376707));
#5925=CARTESIAN_POINT('',(-0.0085543705732034,-0.006,-0.0017257938357643));
#5926=CARTESIAN_POINT('',(-0.00861272995561508,-0.006,-0.00176777449910876));
#5927=CARTESIAN_POINT('',(-0.00867279406564151,-0.006,-0.00181283041100516));
#5928=CARTESIAN_POINT('',(-0.00873446203404931,-0.006,-0.00186104949371994));
#5929=CARTESIAN_POINT('',(-0.00879763108320346,-0.006,-0.00191249884563979));
#5930=CARTESIAN_POINT('',(-0.00886219290769809,-0.006,-0.001967311886361));
#5931=CARTESIAN_POINT('',(-0.0089129108093182,-0.006,-0.00201201219994167));
#5932=CARTESIAN_POINT('',(-0.0089420662626988,-0.006,-0.00203859557811935));
#5933=CARTESIAN_POINT('',(-0.0089492756000667,-0.006,-0.00204520567035464));
#5934=CARTESIAN_POINT('',(-0.00723954190226878,-0.006,-0.00247215150128274));
#5935=CARTESIAN_POINT('',(-0.00738939216085317,-0.006,-0.00252347160632004));
#5936=CARTESIAN_POINT('',(-0.00755705972494163,-0.006,-0.00258089370943586));
#5937=CARTESIAN_POINT('',(-0.00756443290524939,-0.006,-0.00258293148466937));
#5938=CARTESIAN_POINT('',(-0.00757313569776615,-0.006,-0.00258547297214287));
#5939=CARTESIAN_POINT('',(-0.00758358066624795,-0.006,-0.00258821650422394));
#5940=CARTESIAN_POINT('',(-0.00759766489305421,-0.006,-0.00259165954688168));
#5941=CARTESIAN_POINT('',(-0.00761478037944594,-0.006,-0.00259546599800247));
#5942=CARTESIAN_POINT('',(-0.00763514895044874,-0.006,-0.0025995764839294));
#5943=CARTESIAN_POINT('',(-0.00765872539855846,-0.006,-0.00260384334567395));
#5944=CARTESIAN_POINT('',(-0.00768554170208382,-0.006,-0.00260814533532505));
#5945=CARTESIAN_POINT('',(-0.00771560176257361,-0.006,-0.00261235268293158));
#5946=CARTESIAN_POINT('',(-0.00774891287267709,-0.006,-0.00261633767808458));
#5947=CARTESIAN_POINT('',(-0.00778547639713312,-0.006,-0.00261997167312179));
#5948=CARTESIAN_POINT('',(-0.00782529047549758,-0.006,-0.00262312608744725));
#5949=CARTESIAN_POINT('',(-0.00786834922974275,-0.006,-0.00262567224759925));
#5950=CARTESIAN_POINT('',(-0.0079146429867557,-0.006,-0.00262748156436595));
#5951=CARTESIAN_POINT('',(-0.00796415821388665,-0.006,-0.00262842561358315));
#5952=CARTESIAN_POINT('',(-0.0080168775402167,-0.006,-0.00262837624443143));
#5953=CARTESIAN_POINT('',(-0.008072779756831,-0.006,-0.00262720568039347));
#5954=CARTESIAN_POINT('',(-0.00813183982738379,-0.006,-0.00262478662034019));
#5955=CARTESIAN_POINT('',(-0.00819402889560708,-0.006,-0.00262099234649174));
#5956=CARTESIAN_POINT('',(-0.00825931431072425,-0.006,-0.00261569680248299));
#5957=CARTESIAN_POINT('',(-0.00832765959799034,-0.006,-0.00260877478660955));
#5958=CARTESIAN_POINT('',(-0.00839902465344835,-0.006,-0.00260010169778326));
#5959=CARTESIAN_POINT('',(-0.0084733650853915,-0.006,-0.00258955500689986));
#5960=CARTESIAN_POINT('',(-0.00855063485831164,-0.006,-0.00257700907296616));
#5961=CARTESIAN_POINT('',(-0.00863077623237498,-0.006,-0.00256235558371439));
#5962=CARTESIAN_POINT('',(-0.00871375857421157,-0.006,-0.00254542544613388));
#5963=CARTESIAN_POINT('',(-0.00877973755050007,-0.006,-0.0025306877981913));
#5964=CARTESIAN_POINT('',(-0.00881809330916433,-0.006,-0.00252143835310227));
#5965=CARTESIAN_POINT('',(-0.00882759533587901,-0.006,-0.00251911900988561));
#5966=CARTESIAN_POINT('',(-0.0074792740286387,-0.006,-0.00255418260246521));
#5967=CARTESIAN_POINT('',(-0.00739605708511883,-0.006,-0.00279798826879164));
#5968=CARTESIAN_POINT('',(-0.0071551063053756,-0.006,-0.00270683463823972));
#5969=CARTESIAN_POINT('',(-4.12416549558353E-16,-0.006,-1.62354392027593E-16));
#5970=CARTESIAN_POINT('',(-0.00706880384031847,-0.006,-0.00292480978306263));
#5971=CARTESIAN_POINT('',(-0.00730684835349321,-0.006,-0.00302330380505922));
#5972=CARTESIAN_POINT('',(-0.00720061443129633,-0.006,-0.00325799640484952));
#5973=CARTESIAN_POINT('',(-0.00696970307927703,-0.006,-0.00315368657077971));
#5974=CARTESIAN_POINT('',(-0.00711407024597527,-0.006,-0.00321885538508816));
#5975=CARTESIAN_POINT('',(-0.00727560277453621,-0.006,-0.00329177281915102));
#5976=CARTESIAN_POINT('',(-0.00728237254480351,-0.006,-0.00329533463417724));
#5977=CARTESIAN_POINT('',(-0.00729045637541393,-0.006,-0.00329943944097291));
#5978=CARTESIAN_POINT('',(-0.00729994850669769,-0.006,-0.00330458956510323));
#5979=CARTESIAN_POINT('',(-0.00731257239106788,-0.006,-0.00331172101172232));
#5980=CARTESIAN_POINT('',(-0.00732765473878911,-0.006,-0.00332066258494947));
#5981=CARTESIAN_POINT('',(-0.0073453166092808,-0.006,-0.00333160941599715));
#5982=CARTESIAN_POINT('',(-0.00736542396815744,-0.006,-0.00334463819696943));
#5983=CARTESIAN_POINT('',(-0.00738791712669623,-0.006,-0.00335985920444827));
#5984=CARTESIAN_POINT('',(-0.00741271009535936,-0.006,-0.00337736970745077));
#5985=CARTESIAN_POINT('',(-0.00743972076646851,-0.006,-0.00339726779502043));
#5986=CARTESIAN_POINT('',(-0.00746886206949059,-0.006,-0.00341964818149502));
#5987=CARTESIAN_POINT('',(-0.00750004462874537,-0.006,-0.00344460332453349));
#5988=CARTESIAN_POINT('',(-0.00753317607628923,-0.006,-0.0034722229992657));
#5989=CARTESIAN_POINT('',(-0.0075681613353535,-0.006,-0.0035025943214915));
#5990=CARTESIAN_POINT('',(-0.0076049026286711,-0.006,-0.00353580164466131));
#5991=CARTESIAN_POINT('',(-0.00764329956811456,-0.006,-0.00357192649548982));
#5992=CARTESIAN_POINT('',(-0.00768324922400521,-0.006,-0.00361104750054821));
#5993=CARTESIAN_POINT('',(-0.00772464620201295,-0.006,-0.00365324031980775));
#5994=CARTESIAN_POINT('',(-0.00776738272253424,-0.006,-0.00369857757307977));
#5995=CARTESIAN_POINT('',(-0.00781134869265733,-0.006,-0.00374712880050509));
#5996=CARTESIAN_POINT('',(-0.00785643181697306,-0.006,-0.00379896030151719));
#5997=CARTESIAN_POINT('',(-0.00790251756564064,-0.006,-0.00385413545335263));
#5998=CARTESIAN_POINT('',(-0.0079494897015548,-0.006,-0.00391271318766991));
#5999=CARTESIAN_POINT('',(-0.00799722865909607,-0.006,-0.00397475357933753));
#6000=CARTESIAN_POINT('',(-0.00804561820288763,-0.006,-0.00404029605896454));
#6001=CARTESIAN_POINT('',(-0.00809452025003275,-0.006,-0.00410944292006608));
#6002=CARTESIAN_POINT('',(-0.00813252823956917,-0.006,-0.00416535192032863));
#6003=CARTESIAN_POINT('',(-0.00815415670344921,-0.006,-0.00419835079920891));
#6004=CARTESIAN_POINT('',(-0.00815949568313452,-0.006,-0.00420654611253807));
#6005=CARTESIAN_POINT('',(-0.00639729930291425,-0.006,-0.00419488517470179));
#6006=CARTESIAN_POINT('',(-0.00652967894893885,-0.006,-0.00428185920816724));
#6007=CARTESIAN_POINT('',(-0.00667779863183774,-0.006,-0.00437917451791619));
#6008=CARTESIAN_POINT('',(-0.00668443339603491,-0.006,-0.00438298190807231));
#6009=CARTESIAN_POINT('',(-0.00669223073208843,-0.006,-0.00438760784653238));
#6010=CARTESIAN_POINT('',(-0.00670166526399475,-0.006,-0.00439286274354129));
#6011=CARTESIAN_POINT('',(-0.00671445075902674,-0.006,-0.00439970022145789));
#6012=CARTESIAN_POINT('',(-0.00673008190504057,-0.006,-0.00440764353429666));
#6013=CARTESIAN_POINT('',(-0.00674878832364878,-0.006,-0.00441669033937394));
#6014=CARTESIAN_POINT('',(-0.00677056294892128,-0.006,-0.00442668637403074));
#6015=CARTESIAN_POINT('',(-0.00679546690763874,-0.006,-0.00443752215226403));
#6016=CARTESIAN_POINT('',(-0.00682353625125012,-0.006,-0.00444907295136011));
#6017=CARTESIAN_POINT('',(-0.00685480980357991,-0.006,-0.00446121688677546));
#6018=CARTESIAN_POINT('',(-0.00688932087986377,-0.006,-0.00447382969194745));
#6019=CARTESIAN_POINT('',(-0.00692709965480077,-0.006,-0.00448678636320233));
#6020=CARTESIAN_POINT('',(-0.00696817243482091,-0.006,-0.00449996080778579));
#6021=CARTESIAN_POINT('',(-0.00701256182954649,-0.006,-0.00451322607074716));
#6022=CARTESIAN_POINT('',(-0.00706028666927168,-0.006,-0.00452645439717036));
#6023=CARTESIAN_POINT('',(-0.00711136199862978,-0.006,-0.00453951734235774));
#6024=CARTESIAN_POINT('',(-0.00716579905175068,-0.006,-0.00455228586968362));
#6025=CARTESIAN_POINT('',(-0.00722360523735488,-0.006,-0.00456463045113198));
#6026=CARTESIAN_POINT('',(-0.00728478411917748,-0.006,-0.004576421173733));
#6027=CARTESIAN_POINT('',(-0.00734933542116927,-0.006,-0.00458752782149611));
#6028=CARTESIAN_POINT('',(-0.00741725495090422,-0.006,-0.00459782005525849));
#6029=CARTESIAN_POINT('',(-0.00748853485139544,-0.006,-0.00460716721505573));
#6030=CARTESIAN_POINT('',(-0.00756316259733236,-0.006,-0.00461543958149217));
#6031=CARTESIAN_POINT('',(-0.00764112484514139,-0.006,-0.00462250401225212));
#6032=CARTESIAN_POINT('',(-0.00772239260515745,-0.006,-0.00462824123858413));
#6033=CARTESIAN_POINT('',(-0.00780697825813597,-0.006,-0.00463247986163607));
#6034=CARTESIAN_POINT('',(-0.00787454948756144,-0.006,-0.00463461352817269));
#6035=CARTESIAN_POINT('',(-0.00791400047299148,-0.006,-0.004635193360704));
#6036=CARTESIAN_POINT('',(-0.00792378077326676,-0.006,-0.00463530994187098));
#6037=CARTESIAN_POINT('',(-0.00660909949840063,-0.006,-0.0043339580734527));
#6038=CARTESIAN_POINT('',(-0.00646786496453782,-0.006,-0.00454940892415005));
#6039=CARTESIAN_POINT('',(-0.00625715308271434,-0.006,-0.0044011970302951));
#6040=CARTESIAN_POINT('',(-3.59083829838932E-16,-0.006,-2.59817555427789E-16));
#6041=CARTESIAN_POINT('',(0.,-0.006,5.62112880808635E-19));
#6042=CARTESIAN_POINT('',(0.00907371644122296,-0.006,-0.00139286393602539));
#6043=CARTESIAN_POINT('',(0.00907371644122296,0.,-0.00139286393602539));
#6044=CARTESIAN_POINT('',(0.,0.,5.62112880808635E-19));
#6045=CARTESIAN_POINT('',(0.00913504012891072,0.,-0.000907436963756078));
#6046=CARTESIAN_POINT('',(0.00913504012891072,-0.006,-0.000907436963756078));
#6047=CARTESIAN_POINT('',(0.,0.,0.));
#6048=CARTESIAN_POINT('',(0.,0.,1.50019232895551E-19));
#6049=CARTESIAN_POINT('',(0.,0.,0.00245));
#6050=CARTESIAN_POINT('',(-0.00646786496453782,0.,-0.00454940892415005));
#6051=CARTESIAN_POINT('',(-0.00660909949840063,0.,-0.0043339580734527));
#6052=CARTESIAN_POINT('',(-0.00625715308271434,0.,-0.0044011970302951));
#6053=CARTESIAN_POINT('',(-0.00639729930291425,0.,-0.00419488517470179));
#6054=CARTESIAN_POINT('',(-0.00652967894893885,0.,-0.00428185920816724));
#6055=CARTESIAN_POINT('',(-0.00667779863183774,0.,-0.00437917451791619));
#6056=CARTESIAN_POINT('',(-0.00668443339603491,0.,-0.00438298190807231));
#6057=CARTESIAN_POINT('',(-0.00669223073208843,0.,-0.00438760784653238));
#6058=CARTESIAN_POINT('',(-0.00670166526399475,0.,-0.00439286274354129));
#6059=CARTESIAN_POINT('',(-0.00671445075902674,0.,-0.00439970022145789));
#6060=CARTESIAN_POINT('',(-0.00673008190504057,0.,-0.00440764353429666));
#6061=CARTESIAN_POINT('',(-0.00674878832364878,0.,-0.00441669033937394));
#6062=CARTESIAN_POINT('',(-0.00677056294892128,0.,-0.00442668637403074));
#6063=CARTESIAN_POINT('',(-0.00679546690763874,0.,-0.00443752215226403));
#6064=CARTESIAN_POINT('',(-0.00682353625125012,0.,-0.00444907295136011));
#6065=CARTESIAN_POINT('',(-0.00685480980357991,0.,-0.00446121688677546));
#6066=CARTESIAN_POINT('',(-0.00688932087986377,0.,-0.00447382969194745));
#6067=CARTESIAN_POINT('',(-0.00692709965480077,0.,-0.00448678636320233));
#6068=CARTESIAN_POINT('',(-0.00696817243482091,0.,-0.00449996080778579));
#6069=CARTESIAN_POINT('',(-0.00701256182954649,0.,-0.00451322607074716));
#6070=CARTESIAN_POINT('',(-0.00706028666927168,0.,-0.00452645439717036));
#6071=CARTESIAN_POINT('',(-0.00711136199862978,0.,-0.00453951734235774));
#6072=CARTESIAN_POINT('',(-0.00716579905175068,0.,-0.00455228586968362));
#6073=CARTESIAN_POINT('',(-0.00722360523735488,0.,-0.00456463045113198));
#6074=CARTESIAN_POINT('',(-0.00728478411917748,0.,-0.004576421173733));
#6075=CARTESIAN_POINT('',(-0.00734933542116927,0.,-0.00458752782149611));
#6076=CARTESIAN_POINT('',(-0.00741725495090422,0.,-0.00459782005525849));
#6077=CARTESIAN_POINT('',(-0.00748853485139544,0.,-0.00460716721505573));
#6078=CARTESIAN_POINT('',(-0.00756316259733236,0.,-0.00461543958149217));
#6079=CARTESIAN_POINT('',(-0.00764112484514139,0.,-0.00462250401225212));
#6080=CARTESIAN_POINT('',(-0.00772239260515745,0.,-0.00462824123858413));
#6081=CARTESIAN_POINT('',(-0.00780697825813597,0.,-0.00463247986163607));
#6082=CARTESIAN_POINT('',(-0.00787454948756144,0.,-0.00463461352817269));
#6083=CARTESIAN_POINT('',(-0.00791400047299148,0.,-0.004635193360704));
#6084=CARTESIAN_POINT('',(-0.00792378077326676,0.,-0.00463530994187098));
#6085=CARTESIAN_POINT('',(-0.00696970307927703,0.,-0.00315368657077971));
#6086=CARTESIAN_POINT('',(-0.00711407024597527,0.,-0.00321885538508816));
#6087=CARTESIAN_POINT('',(-0.00727560277453621,0.,-0.00329177281915102));
#6088=CARTESIAN_POINT('',(-0.00728237254480351,0.,-0.00329533463417724));
#6089=CARTESIAN_POINT('',(-0.00729045637541393,0.,-0.00329943944097291));
#6090=CARTESIAN_POINT('',(-0.00729994850669769,0.,-0.00330458956510323));
#6091=CARTESIAN_POINT('',(-0.00731257239106788,0.,-0.00331172101172232));
#6092=CARTESIAN_POINT('',(-0.00732765473878911,0.,-0.00332066258494947));
#6093=CARTESIAN_POINT('',(-0.0073453166092808,0.,-0.00333160941599715));
#6094=CARTESIAN_POINT('',(-0.00736542396815744,0.,-0.00334463819696943));
#6095=CARTESIAN_POINT('',(-0.00738791712669623,0.,-0.00335985920444827));
#6096=CARTESIAN_POINT('',(-0.00741271009535936,0.,-0.00337736970745077));
#6097=CARTESIAN_POINT('',(-0.00743972076646851,0.,-0.00339726779502043));
#6098=CARTESIAN_POINT('',(-0.00746886206949059,0.,-0.00341964818149502));
#6099=CARTESIAN_POINT('',(-0.00750004462874537,0.,-0.00344460332453349));
#6100=CARTESIAN_POINT('',(-0.00753317607628923,0.,-0.0034722229992657));
#6101=CARTESIAN_POINT('',(-0.0075681613353535,0.,-0.0035025943214915));
#6102=CARTESIAN_POINT('',(-0.0076049026286711,0.,-0.00353580164466131));
#6103=CARTESIAN_POINT('',(-0.00764329956811456,0.,-0.00357192649548982));
#6104=CARTESIAN_POINT('',(-0.00768324922400521,0.,-0.00361104750054821));
#6105=CARTESIAN_POINT('',(-0.00772464620201295,0.,-0.00365324031980775));
#6106=CARTESIAN_POINT('',(-0.00776738272253424,0.,-0.00369857757307977));
#6107=CARTESIAN_POINT('',(-0.00781134869265733,0.,-0.00374712880050509));
#6108=CARTESIAN_POINT('',(-0.00785643181697306,0.,-0.00379896030151719));
#6109=CARTESIAN_POINT('',(-0.00790251756564064,0.,-0.00385413545335263));
#6110=CARTESIAN_POINT('',(-0.0079494897015548,0.,-0.00391271318766991));
#6111=CARTESIAN_POINT('',(-0.00799722865909607,0.,-0.00397475357933753));
#6112=CARTESIAN_POINT('',(-0.00804561820288763,0.,-0.00404029605896454));
#6113=CARTESIAN_POINT('',(-0.00809452025003275,0.,-0.00410944292006608));
#6114=CARTESIAN_POINT('',(-0.00813252823956917,0.,-0.00416535192032863));
#6115=CARTESIAN_POINT('',(-0.00815415670344921,0.,-0.00419835079920891));
#6116=CARTESIAN_POINT('',(-0.00815949568313452,0.,-0.00420654611253807));
#6117=CARTESIAN_POINT('',(-0.00720061443129633,0.,-0.00325799640484952));
#6118=CARTESIAN_POINT('',(-0.00730684835349321,0.,-0.00302330380505922));
#6119=CARTESIAN_POINT('',(-0.00706880384031847,0.,-0.00292480978306264));
#6120=CARTESIAN_POINT('',(-4.12416549558353E-16,0.,-1.62354392027593E-16));
#6121=CARTESIAN_POINT('',(-0.0071551063053756,0.,-0.00270683463823972));
#6122=CARTESIAN_POINT('',(-0.00739605708511883,0.,-0.00279798826879164));
#6123=CARTESIAN_POINT('',(-0.0074792740286387,0.,-0.00255418260246521));
#6124=CARTESIAN_POINT('',(-0.00723954190226878,0.,-0.00247215150128274));
#6125=CARTESIAN_POINT('',(-0.00738939216085317,0.,-0.00252347160632004));
#6126=CARTESIAN_POINT('',(-0.00755705972494163,0.,-0.00258089370943586));
#6127=CARTESIAN_POINT('',(-0.00756443290524939,0.,-0.00258293148466937));
#6128=CARTESIAN_POINT('',(-0.00757313569776615,0.,-0.00258547297214287));
#6129=CARTESIAN_POINT('',(-0.00758358066624795,0.,-0.00258821650422394));
#6130=CARTESIAN_POINT('',(-0.00759766489305421,0.,-0.00259165954688168));
#6131=CARTESIAN_POINT('',(-0.00761478037944594,0.,-0.00259546599800247));
#6132=CARTESIAN_POINT('',(-0.00763514895044874,0.,-0.0025995764839294));
#6133=CARTESIAN_POINT('',(-0.00765872539855846,0.,-0.00260384334567395));
#6134=CARTESIAN_POINT('',(-0.00768554170208382,0.,-0.00260814533532505));
#6135=CARTESIAN_POINT('',(-0.00771560176257361,0.,-0.00261235268293158));
#6136=CARTESIAN_POINT('',(-0.00774891287267709,0.,-0.00261633767808458));
#6137=CARTESIAN_POINT('',(-0.00778547639713312,0.,-0.00261997167312179));
#6138=CARTESIAN_POINT('',(-0.00782529047549758,0.,-0.00262312608744725));
#6139=CARTESIAN_POINT('',(-0.00786834922974275,0.,-0.00262567224759925));
#6140=CARTESIAN_POINT('',(-0.0079146429867557,0.,-0.00262748156436595));
#6141=CARTESIAN_POINT('',(-0.00796415821388665,0.,-0.00262842561358315));
#6142=CARTESIAN_POINT('',(-0.0080168775402167,0.,-0.00262837624443143));
#6143=CARTESIAN_POINT('',(-0.008072779756831,0.,-0.00262720568039347));
#6144=CARTESIAN_POINT('',(-0.00813183982738379,0.,-0.00262478662034019));
#6145=CARTESIAN_POINT('',(-0.00819402889560708,0.,-0.00262099234649174));
#6146=CARTESIAN_POINT('',(-0.00825931431072425,0.,-0.00261569680248299));
#6147=CARTESIAN_POINT('',(-0.00832765959799034,0.,-0.00260877478660955));
#6148=CARTESIAN_POINT('',(-0.00839902465344835,0.,-0.00260010169778326));
#6149=CARTESIAN_POINT('',(-0.0084733650853915,0.,-0.00258955500689986));
#6150=CARTESIAN_POINT('',(-0.00855063485831164,0.,-0.00257700907296616));
#6151=CARTESIAN_POINT('',(-0.00863077623237498,0.,-0.00256235558371439));
#6152=CARTESIAN_POINT('',(-0.00871375857421157,0.,-0.00254542544613388));
#6153=CARTESIAN_POINT('',(-0.00877973755050007,0.,-0.0025306877981913));
#6154=CARTESIAN_POINT('',(-0.00881809330916433,0.,-0.00252143835310227));
#6155=CARTESIAN_POINT('',(-0.00882759533587901,0.,-0.00251911900988561));
#6156=CARTESIAN_POINT('',(-0.00753502699809463,0.,-0.00132131303557678));
#6157=CARTESIAN_POINT('',(-0.00769106542985543,0.,-0.00134853179735016));
#6158=CARTESIAN_POINT('',(-0.00786565694544352,0.,-0.00137898688983489));
#6159=CARTESIAN_POINT('',(-0.00787309981830611,0.,-0.00138075323048843));
#6160=CARTESIAN_POINT('',(-0.00788195050445163,0.,-0.00138271871030804));
#6161=CARTESIAN_POINT('',(-0.00789242520676516,0.,-0.00138534643676047));
#6162=CARTESIAN_POINT('',(-0.00790642600724918,0.,-0.00138911440349061));
#6163=CARTESIAN_POINT('',(-0.00792325819411919,0.,-0.00139402423339946));
#6164=CARTESIAN_POINT('',(-0.00794308755064953,0.,-0.00140023482104026));
#6165=CARTESIAN_POINT('',(-0.00796580332594211,0.,-0.00140785378208982));
#6166=CARTESIAN_POINT('',(-0.00799137513117582,0.,-0.00141700277257025));
#6167=CARTESIAN_POINT('',(-0.00801974386815322,0.,-0.00142779739034205));
#6168=CARTESIAN_POINT('',(-0.00805085440251281,0.,-0.0014403530621503));
#6169=CARTESIAN_POINT('',(-0.00808464595370043,0.,-0.00145478318026874));
#6170=CARTESIAN_POINT('',(-0.00812105494722192,0.,-0.00147119952445677));
#6171=CARTESIAN_POINT('',(-0.00816001424320941,0.,-0.00148971202036696));
#6172=CARTESIAN_POINT('',(-0.00820145341672416,0.,-0.00151042869152695));
#6173=CARTESIAN_POINT('',(-0.00824529874020182,0.,-0.00153345555748594));
#6174=CARTESIAN_POINT('',(-0.00829147325426202,0.,-0.00155889654915905));
#6175=CARTESIAN_POINT('',(-0.00833989681658433,0.,-0.00158685342048931));
#6176=CARTESIAN_POINT('',(-0.00839048615986507,0.,-0.00161742566495493));
#6177=CARTESIAN_POINT('',(-0.0084431549504078,0.,-0.00165071042457978));
#6178=CARTESIAN_POINT('',(-0.00849781384800183,0.,-0.00168680243376707));
#6179=CARTESIAN_POINT('',(-0.0085543705732034,0.,-0.0017257938357643));
#6180=CARTESIAN_POINT('',(-0.00861272995561508,0.,-0.00176777449910876));
#6181=CARTESIAN_POINT('',(-0.00867279406564151,0.,-0.00181283041100516));
#6182=CARTESIAN_POINT('',(-0.00873446203404931,0.,-0.00186104949371994));
#6183=CARTESIAN_POINT('',(-0.00879763108320346,0.,-0.00191249884563979));
#6184=CARTESIAN_POINT('',(-0.00886219290769809,0.,-0.001967311886361));
#6185=CARTESIAN_POINT('',(-0.0089129108093182,0.,-0.00201201219994167));
#6186=CARTESIAN_POINT('',(-0.0089420662626988,0.,-0.00203859557811935));
#6187=CARTESIAN_POINT('',(-0.0089492756000667,0.,-0.00204520567035464));
#6188=CARTESIAN_POINT('',(-0.00778462464623897,0.,-0.00136492046631815));
#6189=CARTESIAN_POINT('',(-0.00782915535825924,0.,-0.00111118186399554));
#6190=CARTESIAN_POINT('',(-0.00757409498398238,0.,-0.00107498147593946));
#6191=CARTESIAN_POINT('',(-4.39835620707054E-16,0.,-5.46899050786172E-17));
#6192=CARTESIAN_POINT('',(-0.00760347788422986,0.,-0.000842391870822311));
#6193=CARTESIAN_POINT('',(-0.00785952773824658,0.,-0.000870759720224002));
#6194=CARTESIAN_POINT('',(-0.00787949826481165,0.,-0.000613918444938321));
#6195=CARTESIAN_POINT('',(-0.00762689745873111,0.,-0.000594083457100866));
#6196=CARTESIAN_POINT('',(-0.00778480268701774,0.,-0.000606525002768366));
#6197=CARTESIAN_POINT('',(-0.00796148296260591,0.,-0.000620445857328587));
#6198=CARTESIAN_POINT('',(-0.00796913127498886,0.,-0.000620585976727137));
#6199=CARTESIAN_POINT('',(-0.00797819269550841,0.,-0.000620883322209181));
#6200=CARTESIAN_POINT('',(-0.00798899180478208,0.,-0.000620943103151738));
#6201=CARTESIAN_POINT('',(-0.00800348979959419,0.,-0.000620775371517829));
#6202=CARTESIAN_POINT('',(-0.00802101419740747,0.,-0.000620205787597548));
#6203=CARTESIAN_POINT('',(-0.0080417650885784,0.,-0.000619121677426033));
#6204=CARTESIAN_POINT('',(-0.0080656619645825,0.,-0.000617391263642513));
#6205=CARTESIAN_POINT('',(-0.00809270564594179,0.,-0.000614889154880014));
#6206=CARTESIAN_POINT('',(-0.00812286763915624,0.,-0.000611488687873342));
#6207=CARTESIAN_POINT('',(-0.00815612324747593,0.,-0.000607064350862749));
#6208=CARTESIAN_POINT('',(-0.00819244179939132,0.,-0.000601491198492099));
#6209=CARTESIAN_POINT('',(-0.00823178951621366,0.,-0.000594645152434924));
#6210=CARTESIAN_POINT('',(-0.00827412870479561,0.,-0.000586403043549003));
#6211=CARTESIAN_POINT('',(-0.00831941801708629,0.,-0.000576642728094389));
#6212=CARTESIAN_POINT('',(-0.0083676124077981,0.,-0.000565243182021312));
#6213=CARTESIAN_POINT('',(-0.00841866318193866,0.,-0.000552084600575842));
#6214=CARTESIAN_POINT('',(-0.00847251802018251,0.,-0.000537048496017574));
#6215=CARTESIAN_POINT('',(-0.00852912101424332,0.,-0.000520017792902491));
#6216=CARTESIAN_POINT('',(-0.00858841270099543,0.,-0.000500876930784832));
#6217=CARTESIAN_POINT('',(-0.0086503301065032,0.,-0.00047951193350994));
#6218=CARTESIAN_POINT('',(-0.00871480676554512,0.,-0.000455810603715418));
#6219=CARTESIAN_POINT('',(-0.00878177284707317,0.,-0.000429662228333927));
#6220=CARTESIAN_POINT('',(-0.00885115488227858,0.,-0.00040095916750691));
#6221=CARTESIAN_POINT('',(-0.00892287703629891,0.,-0.000369591176049331));
#6222=CARTESIAN_POINT('',(-0.00899685644713778,0.,-0.000335467703835239));
#6223=CARTESIAN_POINT('',(-0.00907302139210714,0.,-0.000298432588431151));
#6224=CARTESIAN_POINT('',(-0.00913326241352478,0.,-0.000267749646630883));
#6225=CARTESIAN_POINT('',(-0.00916811291204376,0.,-0.000249252100573529));
#6226=CARTESIAN_POINT('',(-0.00917673961791335,0.,-0.000244642565837482));
#6227=CARTESIAN_POINT('',(-0.00762689745873111,0.,0.000594083457100865));
#6228=CARTESIAN_POINT('',(-0.00778480268701774,0.,0.000606525002768364));
#6229=CARTESIAN_POINT('',(-0.00796148296260591,0.,0.000620445857328586));
#6230=CARTESIAN_POINT('',(-0.00796913127498886,0.,0.000620585976727135));
#6231=CARTESIAN_POINT('',(-0.00797819269550841,0.,0.00062088332220918));
#6232=CARTESIAN_POINT('',(-0.00798899180478208,0.,0.000620943103151736));
#6233=CARTESIAN_POINT('',(-0.00800348979959419,0.,0.000620775371517827));
#6234=CARTESIAN_POINT('',(-0.00802101419740747,0.,0.000620205787597546));
#6235=CARTESIAN_POINT('',(-0.0080417650885784,0.,0.000619121677426031));
#6236=CARTESIAN_POINT('',(-0.0080656619645825,0.,0.000617391263642511));
#6237=CARTESIAN_POINT('',(-0.00809270564594179,0.,0.000614889154880012));
#6238=CARTESIAN_POINT('',(-0.00812286763915624,0.,0.000611488687873341));
#6239=CARTESIAN_POINT('',(-0.00815612324747593,0.,0.000607064350862747));
#6240=CARTESIAN_POINT('',(-0.00819244179939132,0.,0.000601491198492097));
#6241=CARTESIAN_POINT('',(-0.00823178951621366,0.,0.000594645152434922));
#6242=CARTESIAN_POINT('',(-0.00827412870479561,0.,0.000586403043549002));
#6243=CARTESIAN_POINT('',(-0.00831941801708629,0.,0.000576642728094388));
#6244=CARTESIAN_POINT('',(-0.0083676124077981,0.,0.00056524318202131));
#6245=CARTESIAN_POINT('',(-0.00841866318193866,0.,0.000552084600575841));
#6246=CARTESIAN_POINT('',(-0.00847251802018251,0.,0.000537048496017572));
#6247=CARTESIAN_POINT('',(-0.00852912101424332,0.,0.000520017792902489));
#6248=CARTESIAN_POINT('',(-0.00858841270099543,0.,0.00050087693078483));
#6249=CARTESIAN_POINT('',(-0.0086503301065032,0.,0.000479511933509938));
#6250=CARTESIAN_POINT('',(-0.00871480676554512,0.,0.000455810603715417));
#6251=CARTESIAN_POINT('',(-0.00878177284707317,0.,0.000429662228333926));
#6252=CARTESIAN_POINT('',(-0.00885115488227858,0.,0.000400959167506909));
#6253=CARTESIAN_POINT('',(-0.00892287703629891,0.,0.000369591176049329));
#6254=CARTESIAN_POINT('',(-0.00899685644713778,0.,0.000335467703835237));
#6255=CARTESIAN_POINT('',(-0.00907302139210714,0.,0.000298432588431149));
#6256=CARTESIAN_POINT('',(-0.00913326241352478,0.,0.000267749646630882));
#6257=CARTESIAN_POINT('',(-0.00916811291204376,0.,0.000249252100573527));
#6258=CARTESIAN_POINT('',(-0.00917673961791335,0.,0.00024464256583748));
#6259=CARTESIAN_POINT('',(-0.00787949826481165,0.,0.000613918444938319));
#6260=CARTESIAN_POINT('',(-0.00785952773824658,0.,0.000870759720224001));
#6261=CARTESIAN_POINT('',(-0.00760347788422986,0.,0.00084239187082231));
#6262=CARTESIAN_POINT('',(-4.39618202204469E-16,0.,5.64109497418491E-17));
#6263=CARTESIAN_POINT('',(-0.00757409498398238,0.,0.00107498147593946));
#6264=CARTESIAN_POINT('',(-0.00782915535825924,0.,0.00111118186399554));
#6265=CARTESIAN_POINT('',(-0.00778462464623897,0.,0.00136492046631814));
#6266=CARTESIAN_POINT('',(-0.00753502699809463,0.,0.00132131303557677));
#6267=CARTESIAN_POINT('',(-0.00769106542985543,0.,0.00134853179735016));
#6268=CARTESIAN_POINT('',(-0.00786565694544352,0.,0.00137898688983489));
#6269=CARTESIAN_POINT('',(-0.00787309981830612,0.,0.00138075323048843));
#6270=CARTESIAN_POINT('',(-0.00788195050445163,0.,0.00138271871030804));
#6271=CARTESIAN_POINT('',(-0.00789242520676516,0.,0.00138534643676047));
#6272=CARTESIAN_POINT('',(-0.00790642600724918,0.,0.00138911440349061));
#6273=CARTESIAN_POINT('',(-0.00792325819411919,0.,0.00139402423339946));
#6274=CARTESIAN_POINT('',(-0.00794308755064953,0.,0.00140023482104026));
#6275=CARTESIAN_POINT('',(-0.00796580332594211,0.,0.00140785378208982));
#6276=CARTESIAN_POINT('',(-0.00799137513117582,0.,0.00141700277257025));
#6277=CARTESIAN_POINT('',(-0.00801974386815322,0.,0.00142779739034205));
#6278=CARTESIAN_POINT('',(-0.00805085440251281,0.,0.0014403530621503));
#6279=CARTESIAN_POINT('',(-0.00808464595370043,0.,0.00145478318026874));
#6280=CARTESIAN_POINT('',(-0.00812105494722192,0.,0.00147119952445677));
#6281=CARTESIAN_POINT('',(-0.00816001424320941,0.,0.00148971202036696));
#6282=CARTESIAN_POINT('',(-0.00820145341672416,0.,0.00151042869152695));
#6283=CARTESIAN_POINT('',(-0.00824529874020182,0.,0.00153345555748594));
#6284=CARTESIAN_POINT('',(-0.00829147325426202,0.,0.00155889654915905));
#6285=CARTESIAN_POINT('',(-0.00833989681658433,0.,0.00158685342048931));
#6286=CARTESIAN_POINT('',(-0.00839048615986507,0.,0.00161742566495493));
#6287=CARTESIAN_POINT('',(-0.0084431549504078,0.,0.00165071042457978));
#6288=CARTESIAN_POINT('',(-0.00849781384800183,0.,0.00168680243376707));
#6289=CARTESIAN_POINT('',(-0.0085543705732034,0.,0.00172579383576429));
#6290=CARTESIAN_POINT('',(-0.00861272995561508,0.,0.00176777449910876));
#6291=CARTESIAN_POINT('',(-0.00867279406564151,0.,0.00181283041100516));
#6292=CARTESIAN_POINT('',(-0.00873446203404931,0.,0.00186104949371994));
#6293=CARTESIAN_POINT('',(-0.00879763108320346,0.,0.00191249884563979));
#6294=CARTESIAN_POINT('',(-0.00886219290769809,0.,0.001967311886361));
#6295=CARTESIAN_POINT('',(-0.0089129108093182,0.,0.00201201219994167));
#6296=CARTESIAN_POINT('',(-0.0089420662626988,0.,0.00203859557811935));
#6297=CARTESIAN_POINT('',(-0.0089492756000667,0.,0.00204520567035464));
#6298=CARTESIAN_POINT('',(-0.00723954190226878,0.,0.00247215150128274));
#6299=CARTESIAN_POINT('',(-0.00738939216085317,0.,0.00252347160632004));
#6300=CARTESIAN_POINT('',(-0.00755705972494163,0.,0.00258089370943586));
#6301=CARTESIAN_POINT('',(-0.00756443290524939,0.,0.00258293148466937));
#6302=CARTESIAN_POINT('',(-0.00757313569776615,0.,0.00258547297214287));
#6303=CARTESIAN_POINT('',(-0.00758358066624796,0.,0.00258821650422394));
#6304=CARTESIAN_POINT('',(-0.00759766489305421,0.,0.00259165954688168));
#6305=CARTESIAN_POINT('',(-0.00761478037944594,0.,0.00259546599800246));
#6306=CARTESIAN_POINT('',(-0.00763514895044874,0.,0.0025995764839294));
#6307=CARTESIAN_POINT('',(-0.00765872539855846,0.,0.00260384334567394));
#6308=CARTESIAN_POINT('',(-0.00768554170208382,0.,0.00260814533532504));
#6309=CARTESIAN_POINT('',(-0.00771560176257361,0.,0.00261235268293158));
#6310=CARTESIAN_POINT('',(-0.00774891287267709,0.,0.00261633767808458));
#6311=CARTESIAN_POINT('',(-0.00778547639713312,0.,0.00261997167312179));
#6312=CARTESIAN_POINT('',(-0.00782529047549758,0.,0.00262312608744724));
#6313=CARTESIAN_POINT('',(-0.00786834922974275,0.,0.00262567224759925));
#6314=CARTESIAN_POINT('',(-0.0079146429867557,0.,0.00262748156436595));
#6315=CARTESIAN_POINT('',(-0.00796415821388665,0.,0.00262842561358315));
#6316=CARTESIAN_POINT('',(-0.00801687754021671,0.,0.00262837624443142));
#6317=CARTESIAN_POINT('',(-0.00807277975683101,0.,0.00262720568039347));
#6318=CARTESIAN_POINT('',(-0.00813183982738379,0.,0.00262478662034019));
#6319=CARTESIAN_POINT('',(-0.00819402889560708,0.,0.00262099234649173));
#6320=CARTESIAN_POINT('',(-0.00825931431072425,0.,0.00261569680248299));
#6321=CARTESIAN_POINT('',(-0.00832765959799034,0.,0.00260877478660955));
#6322=CARTESIAN_POINT('',(-0.00839902465344835,0.,0.00260010169778326));
#6323=CARTESIAN_POINT('',(-0.0084733650853915,0.,0.00258955500689986));
#6324=CARTESIAN_POINT('',(-0.00855063485831164,0.,0.00257700907296616));
#6325=CARTESIAN_POINT('',(-0.00863077623237498,0.,0.00256235558371439));
#6326=CARTESIAN_POINT('',(-0.00871375857421157,0.,0.00254542544613388));
#6327=CARTESIAN_POINT('',(-0.00877973755050008,0.,0.0025306877981913));
#6328=CARTESIAN_POINT('',(-0.00881809330916433,0.,0.00252143835310227));
#6329=CARTESIAN_POINT('',(-0.00882759533587901,0.,0.00251911900988561));
#6330=CARTESIAN_POINT('',(-0.0074792740286387,0.,0.00255418260246521));
#6331=CARTESIAN_POINT('',(-0.00739605708511883,0.,0.00279798826879164));
#6332=CARTESIAN_POINT('',(-0.0071551063053756,0.,0.00270683463823972));
#6333=CARTESIAN_POINT('',(-4.11777955254728E-16,0.,1.63967297125075E-16));
#6334=CARTESIAN_POINT('',(-0.00706880384031847,0.,0.00292480978306263));
#6335=CARTESIAN_POINT('',(-0.00730684835349321,0.,0.00302330380505922));
#6336=CARTESIAN_POINT('',(-0.00720061443129633,0.,0.00325799640484951));
#6337=CARTESIAN_POINT('',(-0.00696970307927703,0.,0.0031536865707797));
#6338=CARTESIAN_POINT('',(-0.00711407024597528,0.,0.00321885538508816));
#6339=CARTESIAN_POINT('',(-0.00727560277453621,0.,0.00329177281915102));
#6340=CARTESIAN_POINT('',(-0.00728237254480351,0.,0.00329533463417724));
#6341=CARTESIAN_POINT('',(-0.00729045637541393,0.,0.00329943944097291));
#6342=CARTESIAN_POINT('',(-0.00729994850669769,0.,0.00330458956510323));
#6343=CARTESIAN_POINT('',(-0.00731257239106788,0.,0.00331172101172232));
#6344=CARTESIAN_POINT('',(-0.00732765473878911,0.,0.00332066258494947));
#6345=CARTESIAN_POINT('',(-0.0073453166092808,0.,0.00333160941599715));
#6346=CARTESIAN_POINT('',(-0.00736542396815744,0.,0.00334463819696943));
#6347=CARTESIAN_POINT('',(-0.00738791712669623,0.,0.00335985920444827));
#6348=CARTESIAN_POINT('',(-0.00741271009535936,0.,0.00337736970745077));
#6349=CARTESIAN_POINT('',(-0.00743972076646851,0.,0.00339726779502043));
#6350=CARTESIAN_POINT('',(-0.00746886206949059,0.,0.00341964818149502));
#6351=CARTESIAN_POINT('',(-0.00750004462874537,0.,0.00344460332453349));
#6352=CARTESIAN_POINT('',(-0.00753317607628923,0.,0.0034722229992657));
#6353=CARTESIAN_POINT('',(-0.0075681613353535,0.,0.00350259432149149));
#6354=CARTESIAN_POINT('',(-0.0076049026286711,0.,0.00353580164466131));
#6355=CARTESIAN_POINT('',(-0.00764329956811456,0.,0.00357192649548982));
#6356=CARTESIAN_POINT('',(-0.00768324922400521,0.,0.00361104750054821));
#6357=CARTESIAN_POINT('',(-0.00772464620201295,0.,0.00365324031980774));
#6358=CARTESIAN_POINT('',(-0.00776738272253424,0.,0.00369857757307977));
#6359=CARTESIAN_POINT('',(-0.00781134869265733,0.,0.00374712880050509));
#6360=CARTESIAN_POINT('',(-0.00785643181697306,0.,0.00379896030151719));
#6361=CARTESIAN_POINT('',(-0.00790251756564064,0.,0.00385413545335263));
#6362=CARTESIAN_POINT('',(-0.0079494897015548,0.,0.00391271318766991));
#6363=CARTESIAN_POINT('',(-0.00799722865909607,0.,0.00397475357933753));
#6364=CARTESIAN_POINT('',(-0.00804561820288763,0.,0.00404029605896453));
#6365=CARTESIAN_POINT('',(-0.00809452025003276,0.,0.00410944292006608));
#6366=CARTESIAN_POINT('',(-0.00813252823956917,0.,0.00416535192032863));
#6367=CARTESIAN_POINT('',(-0.00815415670344921,0.,0.00419835079920891));
#6368=CARTESIAN_POINT('',(-0.00815949568313452,0.,0.00420654611253807));
#6369=CARTESIAN_POINT('',(-0.00639729930291425,0.,0.00419488517470179));
#6370=CARTESIAN_POINT('',(-0.00652967894893885,0.,0.00428185920816724));
#6371=CARTESIAN_POINT('',(-0.00667779863183773,0.,0.00437917451791619));
#6372=CARTESIAN_POINT('',(-0.00668443339603491,0.,0.00438298190807231));
#6373=CARTESIAN_POINT('',(-0.00669223073208843,0.,0.00438760784653238));
#6374=CARTESIAN_POINT('',(-0.00670166526399475,0.,0.00439286274354129));
#6375=CARTESIAN_POINT('',(-0.00671445075902674,0.,0.00439970022145789));
#6376=CARTESIAN_POINT('',(-0.00673008190504057,0.,0.00440764353429667));
#6377=CARTESIAN_POINT('',(-0.00674878832364878,0.,0.00441669033937394));
#6378=CARTESIAN_POINT('',(-0.00677056294892128,0.,0.00442668637403074));
#6379=CARTESIAN_POINT('',(-0.00679546690763873,0.,0.00443752215226403));
#6380=CARTESIAN_POINT('',(-0.00682353625125012,0.,0.00444907295136011));
#6381=CARTESIAN_POINT('',(-0.00685480980357991,0.,0.00446121688677546));
#6382=CARTESIAN_POINT('',(-0.00688932087986377,0.,0.00447382969194745));
#6383=CARTESIAN_POINT('',(-0.00692709965480077,0.,0.00448678636320233));
#6384=CARTESIAN_POINT('',(-0.00696817243482091,0.,0.00449996080778579));
#6385=CARTESIAN_POINT('',(-0.00701256182954648,0.,0.00451322607074716));
#6386=CARTESIAN_POINT('',(-0.00706028666927168,0.,0.00452645439717036));
#6387=CARTESIAN_POINT('',(-0.00711136199862978,0.,0.00453951734235774));
#6388=CARTESIAN_POINT('',(-0.00716579905175068,0.,0.00455228586968363));
#6389=CARTESIAN_POINT('',(-0.00722360523735487,0.,0.00456463045113199));
#6390=CARTESIAN_POINT('',(-0.00728478411917747,0.,0.004576421173733));
#6391=CARTESIAN_POINT('',(-0.00734933542116927,0.,0.00458752782149611));
#6392=CARTESIAN_POINT('',(-0.00741725495090422,0.,0.00459782005525849));
#6393=CARTESIAN_POINT('',(-0.00748853485139544,0.,0.00460716721505573));
#6394=CARTESIAN_POINT('',(-0.00756316259733236,0.,0.00461543958149218));
#6395=CARTESIAN_POINT('',(-0.00764112484514139,0.,0.00462250401225212));
#6396=CARTESIAN_POINT('',(-0.00772239260515744,0.,0.00462824123858413));
#6397=CARTESIAN_POINT('',(-0.00780697825813597,0.,0.00463247986163607));
#6398=CARTESIAN_POINT('',(-0.00787454948756144,0.,0.00463461352817269));
#6399=CARTESIAN_POINT('',(-0.00791400047299148,0.,0.00463519336070401));
#6400=CARTESIAN_POINT('',(-0.00792378077326676,0.,0.00463530994187098));
#6401=CARTESIAN_POINT('',(-0.00660909949840064,0.,0.0043339580734527));
#6402=CARTESIAN_POINT('',(-0.00646786496453782,0.,0.00454940892415006));
#6403=CARTESIAN_POINT('',(-0.00625715308271434,0.,0.00440119703029511));
#6404=CARTESIAN_POINT('',(-3.58064184962948E-16,0.,2.61220976200395E-16));
#6405=CARTESIAN_POINT('',(-0.00611935375412536,0.,0.00459086153481804));
#6406=CARTESIAN_POINT('',(-0.00632542519396874,0.,0.00474546044911741));
#6407=CARTESIAN_POINT('',(-0.00616416312962791,0.,0.00494636044719157));
#6408=CARTESIAN_POINT('',(-0.00596644708321358,0.,0.00478790238029267));
#6409=CARTESIAN_POINT('',(-0.00609007186482031,0.,0.00488692645085905));
#6410=CARTESIAN_POINT('',(-0.00622839572350951,0.,0.00499772455594632));
#6411=CARTESIAN_POINT('',(-0.00623406702161816,0.,0.00500285804340767));
#6412=CARTESIAN_POINT('',(-0.00624087605988598,0.,0.00500884425707202));
#6413=CARTESIAN_POINT('',(-0.0062487891946218,0.,0.00501619317764027));
#6414=CARTESIAN_POINT('',(-0.00625924295779578,0.,0.00502624000912962));
#6415=CARTESIAN_POINT('',(-0.00627162778699191,0.,0.00503865149374441));
#6416=CARTESIAN_POINT('',(-0.00628601241116613,0.,0.00505364673854462));
#6417=CARTESIAN_POINT('',(-0.00630224793431893,0.,0.0050712666932146));
#6418=CARTESIAN_POINT('',(-0.00632024911828774,0.,0.00509160332581302));
#6419=CARTESIAN_POINT('',(-0.00633990848523335,0.,0.00511472946474345));
#6420=CARTESIAN_POINT('',(-0.00636112211328797,0.,0.00514071969805246));
#6421=CARTESIAN_POINT('',(-0.00638378211290143,0.,0.0051696441108917));
#6422=CARTESIAN_POINT('',(-0.00640777892301008,0.,0.0052015700293649));
#6423=CARTESIAN_POINT('',(-0.0064330007514122,0.,0.00523656143717767));
#6424=CARTESIAN_POINT('',(-0.00645933384353219,0.,0.00527467906859591));
#6425=CARTESIAN_POINT('',(-0.00648666251610556,0.,0.00531598031073379));
#6426=CARTESIAN_POINT('',(-0.00651486926001298,0.,0.00536051916348224));
#6427=CARTESIAN_POINT('',(-0.0065438348256678,0.,0.00540834618564394));
#6428=CARTESIAN_POINT('',(-0.00657343831402689,0.,0.00545950844968899));
#6429=CARTESIAN_POINT('',(-0.00660355727176846,0.,0.00551404949024635));
#6430=CARTESIAN_POINT('',(-0.00663406777082225,0.,0.00557200928373164));
#6431=CARTESIAN_POINT('',(-0.00666484455574725,0.,0.00563342411992711));
#6432=CARTESIAN_POINT('',(-0.00669576093359041,0.,0.00569832690254367));
#6433=CARTESIAN_POINT('',(-0.00672668966334137,0.,0.00576674580480084));
#6434=CARTESIAN_POINT('',(-0.0067574999957422,0.,0.00583870927944423));
#6435=CARTESIAN_POINT('',(-0.00678806954117046,0.,0.00591422661173505));
#6436=CARTESIAN_POINT('',(-0.0068182391154948,0.,0.00599336254162955));
#6437=CARTESIAN_POINT('',(-0.00684114901118132,0.,0.00605696726046857));
#6438=CARTESIAN_POINT('',(-0.00685389148963131,0.,0.00609430819913001));
#6439=CARTESIAN_POINT('',(-0.006857024643905,0.,0.00610357379187632));
#6440=CARTESIAN_POINT('',(-0.00515309086073656,0.,0.00565403878488584));
#6441=CARTESIAN_POINT('',(-0.00525968199418336,0.,0.00577120184838869));
#6442=CARTESIAN_POINT('',(-0.00537894689147006,0.,0.00590229568595856));
#6443=CARTESIAN_POINT('',(-0.00538442635292119,0.,0.00590763345871118));
#6444=CARTESIAN_POINT('',(-0.00539082829721061,0.,0.00591405318343136));
#6445=CARTESIAN_POINT('',(-0.005398659586204,0.,0.0059214892608629));
#6446=CARTESIAN_POINT('',(-0.00540934298978711,0.,0.00593129155015435));
#6447=CARTESIAN_POINT('',(-0.00542250763303166,0.,0.00594287261715201));
#6448=CARTESIAN_POINT('',(-0.00543837650616672,0.,0.00595628729734481));
#6449=CARTESIAN_POINT('',(-0.00545698112881466,0.,0.00597138441729351));
#6450=CARTESIAN_POINT('',(-0.00547840793540764,0.,0.00598807313231141));
#6451=CARTESIAN_POINT('',(-0.0055027228620497,0.,0.00600624160370895));
#6452=CARTESIAN_POINT('',(-0.00552999382429682,0.,0.00602578143126223));
#6453=CARTESIAN_POINT('',(-0.00556028399456274,0.,0.00604658053763339));
#6454=CARTESIAN_POINT('',(-0.00559365368670238,0.,0.00606852535051146));
#6455=CARTESIAN_POINT('',(-0.00563015973867371,0.,0.00609150028072098));
#6456=CARTESIAN_POINT('',(-0.00566985562218852,0.,0.00611538798461892));
#6457=CARTESIAN_POINT('',(-0.00571279134730834,0.,0.00614006940384856));
#6458=CARTESIAN_POINT('',(-0.00575901342890901,0.,0.00616542387048678));
#6459=CARTESIAN_POINT('',(-0.00580856483828344,0.,0.00619132919564527));
#6460=CARTESIAN_POINT('',(-0.00586148496370125,0.,0.00621766176314267));
#6461=CARTESIAN_POINT('',(-0.00591780956497806,0.,0.00624429662772888));
#6462=CARTESIAN_POINT('',(-0.00597757075813725,0.,0.0062711075957375));
#6463=CARTESIAN_POINT('',(-0.00604079689649726,0.,0.00629796738023622));
#6464=CARTESIAN_POINT('',(-0.00610751286372469,0.,0.00632474747223049));
#6465=CARTESIAN_POINT('',(-0.00617773878791651,0.,0.00635131911277993));
#6466=CARTESIAN_POINT('',(-0.0062514948558595,0.,0.00637755002406772));
#6467=CARTESIAN_POINT('',(-0.00632878264958455,0.,0.00640331747495302));
#6468=CARTESIAN_POINT('',(-0.00640965678604409,0.,0.0064284585303625));
#6469=CARTESIAN_POINT('',(-0.00647457451975212,0.,0.00644732944526274));
#6470=CARTESIAN_POINT('',(-0.0065126418814428,0.,0.00645770212240399));
#6471=CARTESIAN_POINT('',(-0.00652208592304297,0.,0.00646024730273112));
#6472=CARTESIAN_POINT('',(-0.00532365094011038,0.,0.00584141501950232));
#6473=CARTESIAN_POINT('',(-0.00513327310109151,0.,0.00601497348524849));
#6474=CARTESIAN_POINT('',(-0.00496603991966683,0.,0.00581901602646664));
#6475=CARTESIAN_POINT('',(-2.81851925061989E-16,0.,3.42061180637497E-16));
#6476=CARTESIAN_POINT('',(-0.00478540216615173,0.,0.00596845257233317));
#6477=CARTESIAN_POINT('',(-0.00494655230622064,0.,0.00616944236057485));
#6478=CARTESIAN_POINT('',(-0.00474039478831879,0.,0.00632392647119536));
#6479=CARTESIAN_POINT('',(-0.00458829727385439,0.,0.00612127667457863));
#6480=CARTESIAN_POINT('',(-0.00468341187068111,0.,0.0062479339548642));
#6481=CARTESIAN_POINT('',(-0.00478983566273758,0.,0.00638965087854632));
#6482=CARTESIAN_POINT('',(-0.00479405214016983,0.,0.00639603348254596));
#6483=CARTESIAN_POINT('',(-0.00479915854917879,0.,0.00640352496725869));
#6484=CARTESIAN_POINT('',(-0.00480499547600874,0.,0.00641261092455814));
#6485=CARTESIAN_POINT('',(-0.00481262226960004,0.,0.00642494186154561));
#6486=CARTESIAN_POINT('',(-0.00482153139590446,0.,0.00644004339832345));
#6487=CARTESIAN_POINT('',(-0.0048317349349214,0.,0.00645814485049672));
#6488=CARTESIAN_POINT('',(-0.00484307848472059,0.,0.00647924885231085));
#6489=CARTESIAN_POINT('',(-0.00485545661352695,0.,0.00650342328460977));
#6490=CARTESIAN_POINT('',(-0.00486874710842775,0.,0.00653071195910715));
#6491=CARTESIAN_POINT('',(-0.00488283076315889,0.,0.00656116127621132));
#6492=CARTESIAN_POINT('',(-0.00489758564825037,0.,0.00659481228817997));
#6493=CARTESIAN_POINT('',(-0.00491288890137968,0.,0.00663170295921491));
#6494=CARTESIAN_POINT('',(-0.00492861633040215,0.,0.00667186746126596));
#6495=CARTESIAN_POINT('',(-0.00494464265055363,0.,0.0067153363309078));
#6496=CARTESIAN_POINT('',(-0.00496084154137715,0.,0.00676213638307488));
#6497=CARTESIAN_POINT('',(-0.00497708575629168,0.,0.00681229069782265));
#6498=CARTESIAN_POINT('',(-0.00499324721869268,0.,0.00686581858938975));
#6499=CARTESIAN_POINT('',(-0.0050091971213555,0.,0.00692273558500871));
#6500=CARTESIAN_POINT('',(-0.00502480603143266,0.,0.00698305339868528));
#6501=CARTESIAN_POINT('',(-0.00503994397255184,0.,0.00704677993124466));
#6502=CARTESIAN_POINT('',(-0.00505448059950017,0.,0.00711391918259736));
#6503=CARTESIAN_POINT('',(-0.00506828501679655,0.,0.00718447151546751));
#6504=CARTESIAN_POINT('',(-0.00508122697454616,0.,0.00725843257440863));
#6505=CARTESIAN_POINT('',(-0.00509317275530932,0.,0.0073357974022528));
#6506=CARTESIAN_POINT('',(-0.00510400150540809,0.,0.00741654455548627));
#6507=CARTESIAN_POINT('',(-0.00511354294160091,0.,0.00750069715265688));
#6508=CARTESIAN_POINT('',(-0.00511991523043487,0.,0.00756800107166592));
#6509=CARTESIAN_POINT('',(-0.00512297106667023,0.,0.00760733780160205));
#6510=CARTESIAN_POINT('',(-0.00512370152792634,0.,0.0076170914824968));
#6511=CARTESIAN_POINT('',(-0.00358509476803631,0.,0.00675792834411543));
#6512=CARTESIAN_POINT('',(-0.00365919987597608,0.,0.0068979186514802));
#6513=CARTESIAN_POINT('',(-0.00374211613552845,0.,0.00705455390892706));
#6514=CARTESIAN_POINT('',(-0.0037460959995185,0.,0.00706108667238319));
#6515=CARTESIAN_POINT('',(-0.00375070029433944,0.,0.0070688968084492));
#6516=CARTESIAN_POINT('',(-0.00375643627173096,0.,0.00707804683021036));
#6517=CARTESIAN_POINT('',(-0.00376434630632726,0.,0.00709019801699019));
#6518=CARTESIAN_POINT('',(-0.0037742172638513,0.,0.00710468915711508));
#6519=CARTESIAN_POINT('',(-0.0037862514918525,0.,0.00712162881873114));
#6520=CARTESIAN_POINT('',(-0.00380051711501189,0.,0.00714087841640205));
#6521=CARTESIAN_POINT('',(-0.00381712044441989,0.,0.00716237145486318));
#6522=CARTESIAN_POINT('',(-0.00383615315782765,0.,0.00718601600668532));
#6523=CARTESIAN_POINT('',(-0.00385770799513854,0.,0.0072117239671489));
#6524=CARTESIAN_POINT('',(-0.00388187401658926,0.,0.00723940249037216));
#6525=CARTESIAN_POINT('',(-0.00390873788544926,0.,0.00726895657157291));
#6526=CARTESIAN_POINT('',(-0.00393838339986655,0.,0.00730028838804754));
#6527=CARTESIAN_POINT('',(-0.00397089153381811,0.,0.00733329758059332));
#6528=CARTESIAN_POINT('',(-0.00400634033481673,0.,0.0073678812682873));
#6529=CARTESIAN_POINT('',(-0.00404480486528006,0.,0.00740393414199027));
#6530=CARTESIAN_POINT('',(-0.00408635713361969,0.,0.00744134853812853));
#6531=CARTESIAN_POINT('',(-0.00413106603274451,0.,0.0074800145196147));
#6532=CARTESIAN_POINT('',(-0.00417899727162992,0.,0.00751981995968798));
#6533=CARTESIAN_POINT('',(-0.00423021334040403,0.,0.00756065061621828));
#6534=CARTESIAN_POINT('',(-0.00428477335658646,0.,0.00760239025240991));
#6535=CARTESIAN_POINT('',(-0.00434273338096504,0.,0.00764492058493092));
#6536=CARTESIAN_POINT('',(-0.00440414493032191,0.,0.00768812190569398));
#6537=CARTESIAN_POINT('',(-0.00446906045339416,0.,0.00773187111288286));
#6538=CARTESIAN_POINT('',(-0.00453751200450383,0.,0.00777604972461627));
#6539=CARTESIAN_POINT('',(-0.00460959300501637,0.,0.00782051350740957));
#6540=CARTESIAN_POINT('',(-0.00466777822304737,0.,0.00785493594168788));
#6541=CARTESIAN_POINT('',(-0.0047020700486617,0.,0.00787444970998624));
#6542=CARTESIAN_POINT('',(-0.00471058442772024,0.,0.00787926356643307));
#6543=CARTESIAN_POINT('',(-0.0037036978142344,0.,0.00698183437665494));
#6544=CARTESIAN_POINT('',(-0.00347613880984574,0.,0.00710259514074371));
#6545=CARTESIAN_POINT('',(-0.00336289220464941,0.,0.00687120484485133));
#6546=CARTESIAN_POINT('',(-1.87929872130516E-16,0.,4.01408423082121E-16));
#6547=CARTESIAN_POINT('',(-0.00315076616060072,0.,0.00697102378429549));
#6548=CARTESIAN_POINT('',(-0.00325686934492587,0.,0.00720577551889553));
#6549=CARTESIAN_POINT('',(-0.00301877000850708,0.,0.00730413693723929));
#6550=CARTESIAN_POINT('',(-0.00292184787220194,0.,0.00707002864291998));
#6551=CARTESIAN_POINT('',(-0.00298247588432303,0.,0.0072163607901915));
#6552=CARTESIAN_POINT('',(-0.00305031261149252,0.,0.00738009193695513));
#6553=CARTESIAN_POINT('',(-0.00305280933146419,0.,0.0073873226150102));
#6554=CARTESIAN_POINT('',(-0.0030558922567562,0.,0.00739584865323506));
#6555=CARTESIAN_POINT('',(-0.00305928622010084,0.,0.00740610074315277));
#6556=CARTESIAN_POINT('',(-0.00306360682461873,0.,0.00741994098751742));
#6557=CARTESIAN_POINT('',(-0.00306848045486026,0.,0.00743678369136298));
#6558=CARTESIAN_POINT('',(-0.0030738617828375,0.,0.0074568539700968));
#6559=CARTESIAN_POINT('',(-0.00307960060233053,0.,0.007480115977006));
#6560=CARTESIAN_POINT('',(-0.00308557791261796,0.,0.00750660924051675));
#6561=CARTESIAN_POINT('',(-0.0030916644448003,0.,0.00753634580280167));
#6562=CARTESIAN_POINT('',(-0.00309773319838515,0.,0.00756934096112259));
#6563=CARTESIAN_POINT('',(-0.00310365586525968,0.,0.00760560415537889));
#6564=CARTESIAN_POINT('',(-0.0031093040017341,0.,0.00764514160244005));
#6565=CARTESIAN_POINT('',(-0.00311454881917001,0.,0.00768795551535081));
#6566=CARTESIAN_POINT('',(-0.00311926137471718,0.,0.00773404431426933));
#6567=CARTESIAN_POINT('',(-0.00312331264790506,0.,0.0077834025570694));
#6568=CARTESIAN_POINT('',(-0.00312657365006157,0.,0.00783602095376621));
#6569=CARTESIAN_POINT('',(-0.0031289155250884,0.,0.00789188636044975));
#6570=CARTESIAN_POINT('',(-0.00313020965101101,0.,0.00795098178348182));
#6571=CARTESIAN_POINT('',(-0.00313032774819807,0.,0.00801328638021089));
#6572=CARTESIAN_POINT('',(-0.00312914195886865,0.,0.00807877547943386));
#6573=CARTESIAN_POINT('',(-0.00312652503810719,0.,0.0081474205398604));
#6574=CARTESIAN_POINT('',(-0.00312235011254895,0.,0.00821918936043659));
#6575=CARTESIAN_POINT('',(-0.00311649210749459,0.,0.00829404533071864));
#6576=CARTESIAN_POINT('',(-0.00310882273928123,0.,0.0083719503951022));
#6577=CARTESIAN_POINT('',(-0.00309923028385646,0.,0.00845285372867342));
#6578=CARTESIAN_POINT('',(-0.00308754405839082,0.,0.00853673537594829));
#6579=CARTESIAN_POINT('',(-0.00307697834602913,0.,0.00860350954236951));
#6580=CARTESIAN_POINT('',(-0.00307015553062062,0.,0.00864237039216808));
#6581=CARTESIAN_POINT('',(-0.00306843740129199,0.,0.00865199930156911));
#6582=CARTESIAN_POINT('',(-0.00179183398600408,0.,0.00743719241156236));
#6583=CARTESIAN_POINT('',(-0.00182879677196544,0.,0.00759121385692898));
#6584=CARTESIAN_POINT('',(-0.00187015446025115,0.,0.00776354856496327));
#6585=CARTESIAN_POINT('',(-0.00187238465728871,0.,0.00777086584156912));
#6586=CARTESIAN_POINT('',(-0.00187490199786414,0.,0.00777957564940828));
#6587=CARTESIAN_POINT('',(-0.00187818225109885,0.,0.00778986468598038));
#6588=CARTESIAN_POINT('',(-0.00188282190014357,0.,0.00780360126649428));
#6589=CARTESIAN_POINT('',(-0.00188877894338302,0.,0.00782009194811766));
#6590=CARTESIAN_POINT('',(-0.00189622237144626,0.,0.00783949220991793));
#6591=CARTESIAN_POINT('',(-0.00190525263354871,0.,0.00786168476229432));
#6592=CARTESIAN_POINT('',(-0.00191598923752224,0.,0.00788663163754629));
#6593=CARTESIAN_POINT('',(-0.00192854384231487,0.,0.00791426659564347));
#6594=CARTESIAN_POINT('',(-0.00194302818498814,0.,0.00794452736331416));
#6595=CARTESIAN_POINT('',(-0.0019595516176195,0.,0.00797734615998092));
#6596=CARTESIAN_POINT('',(-0.00197822170752099,0.,0.0080126525178902));
#6597=CARTESIAN_POINT('',(-0.00199914394768482,0.,0.00805037252737048));
#6598=CARTESIAN_POINT('',(-0.00202242172646041,0.,0.00809042911959712));
#6599=CARTESIAN_POINT('',(-0.00204815622479951,0.,0.00813274205546772));
#6600=CARTESIAN_POINT('',(-0.00207644633621385,0.,0.00817722800158749));
#6601=CARTESIAN_POINT('',(-0.00210738858168035,0.,0.00822380058459563));
#6602=CARTESIAN_POINT('',(-0.00214107702995233,0.,0.00827237045425026));
#6603=CARTESIAN_POINT('',(-0.0021776032104284,0.,0.00832284534761664));
#6604=CARTESIAN_POINT('',(-0.00221705606085682,0.,0.00837513015235418));
#6605=CARTESIAN_POINT('',(-0.00225952174838723,0.,0.00842912698538914));
#6606=CARTESIAN_POINT('',(-0.0023050839884232,0.,0.00848473522122898));
#6607=CARTESIAN_POINT('',(-0.00235382244944314,0.,0.00854185172433877));
#6608=CARTESIAN_POINT('',(-0.00240581854658743,0.,0.00860037030384274));
#6609=CARTESIAN_POINT('',(-0.00246113279237831,0.,0.00866018417177148));
#6610=CARTESIAN_POINT('',(-0.00251989154258627,0.,0.00872117685894935));
#6611=CARTESIAN_POINT('',(-0.00256768825370108,0.,0.00876898792446317));
#6612=CARTESIAN_POINT('',(-0.0025960498617192,0.,0.00879641666208983));
#6613=CARTESIAN_POINT('',(-0.00260309958848618,0.,0.00880319672235166));
#6614=CARTESIAN_POINT('',(-0.00185102773344233,0.,0.00768355940253166));
#6615=CARTESIAN_POINT('',(-0.00160058593283311,0.,0.00774393462202831));
#6616=CARTESIAN_POINT('',(-0.00154844160456147,0.,0.00749165059231029));
#6617=CARTESIAN_POINT('',(-8.2199494175359E-17,0.,4.35533698027583E-16));
#6618=CARTESIAN_POINT('',(-0.0013181559294718,0.,0.00753557993425844));
#6619=CARTESIAN_POINT('',(-0.00136254530476183,0.,0.00778934330037542));
#6620=CARTESIAN_POINT('',(-0.00110746480680141,0.,0.00782540161677991));
#6621=CARTESIAN_POINT('',(-0.00107180802293426,0.,0.00757454470988018));
#6622=CARTESIAN_POINT('',(-0.0010941399693739,0.,0.00773135713715259));
#6623=CARTESIAN_POINT('',(-0.00111912720060233,0.,0.00790681467688553));
#6624=CARTESIAN_POINT('',(-0.0011197472850153,0.,0.00791443909890125));
#6625=CARTESIAN_POINT('',(-0.00112061301505605,0.,0.00792346396829999));
#6626=CARTESIAN_POINT('',(-0.00112135075971632,0.,0.00793423801432189));
#6627=CARTESIAN_POINT('',(-0.00112209369568886,0.,0.00794871793260943));
#6628=CARTESIAN_POINT('',(-0.00112262560175547,0.,0.00796624351449696));
#6629=CARTESIAN_POINT('',(-0.00112284659006506,0.,0.00798702153036515));
#6630=CARTESIAN_POINT('',(-0.00112262008811729,0.,0.00801097990492365));
#6631=CARTESIAN_POINT('',(-0.00112182100349742,0.,0.00803812733046443));
#6632=CARTESIAN_POINT('',(-0.00112032113375959,0.,0.00806844332296512));
#6633=CARTESIAN_POINT('',(-0.0011179936640911,0.,0.00810191111535778));
#6634=CARTESIAN_POINT('',(-0.00111471196980691,0.,0.00813850794203991));
#6635=CARTESIAN_POINT('',(-0.00111035009643937,0.,0.00817820788191988));
#6636=CARTESIAN_POINT('',(-0.00110478275112011,0.,0.0082209810500836));
#6637=CARTESIAN_POINT('',(-0.00109788543486637,0.,0.00826679384954));
#6638=CARTESIAN_POINT('',(-0.00108953453402469,0.,0.00831560892305102));
#6639=CARTESIAN_POINT('',(-0.00107960742266457,0.,0.00836738519431549));
#6640=CARTESIAN_POINT('',(-0.00106798256169647,0.,0.00842207788715495));
#6641=CARTESIAN_POINT('',(-0.00105453959618768,0.,0.00847963855483325));
#6642=CARTESIAN_POINT('',(-0.00103915946000404,0.,0.00854001510766206));
#6643=CARTESIAN_POINT('',(-0.00102172444773064,0.,0.00860315185259238));
#6644=CARTESIAN_POINT('',(-0.00100211841001517,0.,0.0086689895004873));
#6645=CARTESIAN_POINT('',(-0.000980226467529452,0.,0.00873746530982546));
#6646=CARTESIAN_POINT('',(-0.000955936579672935,0.,0.00880851271553462));
#6647=CARTESIAN_POINT('',(-0.000929133957093859,0.,0.00888206295474757));
#6648=CARTESIAN_POINT('',(-0.000899723025398461,0.,0.0089580390146666));
#6649=CARTESIAN_POINT('',(-0.000867543426799304,0.,0.00903637911965234));
#6650=CARTESIAN_POINT('',(-0.000840703595807617,0.,0.00909842786703129));
#6651=CARTESIAN_POINT('',(-0.000824430831339907,0.,0.00913437106657924));
#6652=CARTESIAN_POINT('',(-0.000820372067811091,0.,0.00914327018469625));
#6653=CARTESIAN_POINT('',(0.000114014315273208,0.,0.00764915032771044));
#6654=CARTESIAN_POINT('',(0.000116516359071821,0.,0.00780752517721527));
#6655=CARTESIAN_POINT('',(0.000119315897710721,0.,0.00798473091232848));
#6656=CARTESIAN_POINT('',(0.000118975499107596,0.,0.00799237293068386));
#6657=CARTESIAN_POINT('',(0.000118703286544158,0.,0.00800143514103719));
#6658=CARTESIAN_POINT('',(0.000118084867840933,0.,0.00801221669441197));
#6659=CARTESIAN_POINT('',(0.000117007130560703,0.,0.00802667554878664));
#6660=CARTESIAN_POINT('',(0.000115338304541045,0.,0.00804412960173364));
#6661=CARTESIAN_POINT('',(0.000112953374375993,0.,0.00806477147392003));
#6662=CARTESIAN_POINT('',(0.000109725877909375,0.,0.00808851254131759));
#6663=CARTESIAN_POINT('',(0.000105530619684432,0.,0.00811534574944014));
#6664=CARTESIAN_POINT('',(0.00010024297549866,0.,0.00814523470776084));
#6665=CARTESIAN_POINT('',(9.37392319828563E-5,0.,0.00817814688731457));
#6666=CARTESIAN_POINT('',(8.58966162120252E-5,0.,0.00821404383173117));
#6667=CARTESIAN_POINT('',(7.65934156813462E-5,0.,0.00825288403803383));
#6668=CARTESIAN_POINT('',(6.57090710670709E-5,0.,0.00829462215359963));
#6669=CARTESIAN_POINT('',(5.31242759176174E-5,0.,0.0083392092424997));
#6670=CARTESIAN_POINT('',(3.8721073413544E-5,0.,0.00838659274917007));
#6671=CARTESIAN_POINT('',(2.23829527921053E-5,0.,0.00843671655210407));
#6672=CARTESIAN_POINT('',(3.99494527901197E-6,0.,0.00848952099530971));
#6673=CARTESIAN_POINT('',(-1.65562830377601E-5,0.,0.00854494292959492));
#6674=CARTESIAN_POINT('',(-3.93823308512781E-5,0.,0.00860291575307051));
#6675=CARTESIAN_POINT('',(-6.45929952441572E-5,0.,0.00866336945944356));
#6676=CARTESIAN_POINT('',(-9.22960787971393E-5,0.,0.00872623066971582));
#6677=CARTESIAN_POINT('',(-0.000122597691382832,0.,0.00879142273890388));
#6678=CARTESIAN_POINT('',(-0.000155600647312446,0.,0.00885886558441022));
#6679=CARTESIAN_POINT('',(-0.000191410212516919,0.,0.00892847659866274));
#6680=CARTESIAN_POINT('',(-0.000230111555494406,0.,0.00900016739748484));
#6681=CARTESIAN_POINT('',(-0.00027185602702266,0.,0.00907385659419648));
#6682=CARTESIAN_POINT('',(-0.000306260988077926,0.,0.00913205214586277));
#6683=CARTESIAN_POINT('',(-0.000326910314361362,0.,0.00916567240435681));
#6684=CARTESIAN_POINT('',(-0.000332052428576933,0.,0.00917399265231208));
#6685=CARTESIAN_POINT('',(0.000117949227445716,0.,0.00790249813299252));
#6686=CARTESIAN_POINT('',(0.000375537644882725,0.,0.00789869421081155));
#6687=CARTESIAN_POINT('',(0.000363303276310924,0.,0.00764136838069085));
#6688=CARTESIAN_POINT('',(2.86957803074279E-17,0.,4.42292788945077E-16));
#6689=CARTESIAN_POINT('',(0.00059727888654423,0.,0.00762664788302754));
#6690=CARTESIAN_POINT('',(0.000617392467991494,0.,0.00788347799509197));
#6691=CARTESIAN_POINT('',(0.000873426481686248,0.,0.00785496753292427));
#6692=CARTESIAN_POINT('',(0.000845577466248553,0.,0.0076031242754918));
#6693=CARTESIAN_POINT('',(0.000862944783816316,0.,0.00776056388124381));
#6694=CARTESIAN_POINT('',(0.000882377088163643,0.,0.00793672317143696));
#6695=CARTESIAN_POINT('',(0.000883672601493548,0.,0.00794426226693742));
#6696=CARTESIAN_POINT('',(0.000885078463706441,0.,0.00795321890177457));
#6697=CARTESIAN_POINT('',(0.000887043292940786,0.,0.00796383793096493));
#6698=CARTESIAN_POINT('',(0.000889924706913068,0.,0.00797804769665593));
#6699=CARTESIAN_POINT('',(0.000893767946635757,0.,0.00799515495982087));
#6700=CARTESIAN_POINT('',(0.000898721183502056,0.,0.00801533515367024));
#6701=CARTESIAN_POINT('',(0.000904898774940233,0.,0.00803848450309178));
#6702=CARTESIAN_POINT('',(0.000912424045041912,0.,0.00806458031807462));
#6703=CARTESIAN_POINT('',(0.000921416074368139,0.,0.00809357087548782));
#6704=CARTESIAN_POINT('',(0.000931993523810863,0.,0.00812540839747027));
#6705=CARTESIAN_POINT('',(0.000944273378332676,0.,0.00816003934336408));
#6706=CARTESIAN_POINT('',(0.000958371188996657,0.,0.00819740728283404));
#6707=CARTESIAN_POINT('',(0.000974400880289394,0.,0.00823745211078629));
#6708=CARTESIAN_POINT('',(0.000992474684597263,0.,0.00828011032410304));
#6709=CARTESIAN_POINT('',(0.00101270304165618,0.,0.00832531499772703));
#6710=CARTESIAN_POINT('',(0.00103519450961681,0.,0.00837299585001579));
#6711=CARTESIAN_POINT('',(0.00106005567381196,0.,0.00842307928597441));
#6712=CARTESIAN_POINT('',(0.00108739105978945,0.,0.00847548844985539));
#6713=CARTESIAN_POINT('',(0.0011173030388232,0.,0.00853014327792028));
#6714=CARTESIAN_POINT('',(0.00114989176809796,0.,0.00858696055467327));
#6715=CARTESIAN_POINT('',(0.00118525500331181,0.,0.0086458539684854));
#6716=CARTESIAN_POINT('',(0.0012234884114657,0.,0.0087067341796484));
#6717=CARTESIAN_POINT('',(0.00126468395913839,0.,0.00876950885098988));
#6718=CARTESIAN_POINT('',(0.00130893572873338,0.,0.00883408283300362));
#6719=CARTESIAN_POINT('',(0.00135631713969515,0.,0.00890035776400535));
#6720=CARTESIAN_POINT('',(0.00140696814889955,0.,0.00896823392979095));
#6721=CARTESIAN_POINT('',(0.00144839565323003,0.,0.00902165850713048));
#6722=CARTESIAN_POINT('',(0.00147309588911839,0.,0.00905242561301038));
#6723=CARTESIAN_POINT('',(0.00147924025980779,0.,0.00906003577552339));
#6724=CARTESIAN_POINT('',(0.00201269867780657,0.,0.00738048399716141));
#6725=CARTESIAN_POINT('',(0.00205450833875141,0.,0.00753326097654811));
#6726=CARTESIAN_POINT('',(0.00210128919900625,0.,0.00770420325068596));
#6727=CARTESIAN_POINT('',(0.0021028599873337,0.,0.00771168983467222));
#6728=CARTESIAN_POINT('',(0.00210485000689875,0.,0.00772053503553476));
#6729=CARTESIAN_POINT('',(0.00210693228024851,0.,0.0077311316610619));
#6730=CARTESIAN_POINT('',(0.00210948417292973,0.,0.00774540428630103));
#6731=CARTESIAN_POINT('',(0.00211220842260619,0.,0.00776272500823346));
#6732=CARTESIAN_POINT('',(0.00211503184427276,0.,0.00778331148606102));
#6733=CARTESIAN_POINT('',(0.00211780990891486,0.,0.00780710932990163));
#6734=CARTESIAN_POINT('',(0.00212041959994186,0.,0.00783414284174278));
#6735=CARTESIAN_POINT('',(0.00212273115849373,0.,0.00786440776711181));
#6736=CARTESIAN_POINT('',(0.00212461666825959,0.,0.00789790336526468));
#6737=CARTESIAN_POINT('',(0.00212594764974129,0.,0.00793462292039369));
#6738=CARTESIAN_POINT('',(0.00212659589288555,0.,0.00797455650208347));
#6739=CARTESIAN_POINT('',(0.00212643334722276,0.,0.00801769016443172));
#6740=CARTESIAN_POINT('',(0.00212533228466232,0.,0.00806400617922979));
#6741=CARTESIAN_POINT('',(0.00212316538417788,0.,0.00811348297671148));
#6742=CARTESIAN_POINT('',(0.0021198058385554,0.,0.00816609517357892));
#6743=CARTESIAN_POINT('',(0.00211512745513412,0.,0.00822181357961429));
#6744=CARTESIAN_POINT('',(0.00210900475602983,0.,0.00828060521457132));
#6745=CARTESIAN_POINT('',(0.00210131308541132,0.,0.00834243332244803));
#6746=CARTESIAN_POINT('',(0.00209192868581612,0.,0.008407257401752));
#6747=CARTESIAN_POINT('',(0.00208072889286502,0.,0.00847503318823278));
#6748=CARTESIAN_POINT('',(0.00206759186948989,0.,0.00854571283330231));
#6749=CARTESIAN_POINT('',(0.00205239811574804,0.,0.0086192443391846));
#6750=CARTESIAN_POINT('',(0.00203502512916355,0.,0.0086955738721488));
#6751=CARTESIAN_POINT('',(0.00201536843671231,0.,0.00877463700531395));
#6752=CARTESIAN_POINT('',(0.00199326120253532,0.,0.00885639254832005));
#6753=CARTESIAN_POINT('',(0.00197440978177529,0.,0.00892131594559936));
#6754=CARTESIAN_POINT('',(0.00196277021033984,0.,0.00895901524047293));
#6755=CARTESIAN_POINT('',(0.00195985880662321,0.,0.00896835288434289));
#6756=CARTESIAN_POINT('',(0.00207951500458644,0.,0.00762489384240235));
#6757=CARTESIAN_POINT('',(0.00232806481123973,0.,0.00755714979296423));
#6758=CARTESIAN_POINT('',(0.00225222047619672,0.,0.00731095089072552));
#6759=CARTESIAN_POINT('',(1.37787993377802E-16,0.,4.2126099729406E-16));
#6760=CARTESIAN_POINT('',(0.0024751844734806,0.,0.00723850549645717));
#6761=CARTESIAN_POINT('',(0.00255853720137025,0.,0.00748226477397295));
#6762=CARTESIAN_POINT('',(0.00279943717209166,0.,0.00739097695042521));
#6763=CARTESIAN_POINT('',(0.00270983221341059,0.,0.00715397158053918));
#6764=CARTESIAN_POINT('',(0.00276580754255044,0.,0.00730214585531903));
#6765=CARTESIAN_POINT('',(0.00282843837932437,0.,0.00746793815990099));
#6766=CARTESIAN_POINT('',(0.00283156808853006,0.,0.00747491821978904));
#6767=CARTESIAN_POINT('',(0.00283515720750337,0.,0.0074832438417576));
#6768=CARTESIAN_POINT('',(0.00283970115318539,0.,0.00749304062145832));
#6769=CARTESIAN_POINT('',(0.00284602586726552,0.,0.00750608738271457));
#6770=CARTESIAN_POINT('',(0.00285400276789129,0.,0.00752170141489614));
#6771=CARTESIAN_POINT('',(0.00286381899984443,0.,0.00754001579092957));
#6772=CARTESIAN_POINT('',(0.00287555951998336,0.,0.00756090155645264));
#6773=CARTESIAN_POINT('',(0.00288933813517035,0.,0.00758430606484848));
#6774=CARTESIAN_POINT('',(0.00290525732181205,0.,0.00761014960383212));
#6775=CARTESIAN_POINT('',(0.00292342013097938,0.,0.00763835638680798));
#6776=CARTESIAN_POINT('',(0.00294392655731706,0.,0.00766884546221925));
#6777=CARTESIAN_POINT('',(0.00296687448798534,0.,0.00770153343621263));
#6778=CARTESIAN_POINT('',(0.00299235932079456,0.,0.00773633376013859));
#6779=CARTESIAN_POINT('',(0.0030204739695611,0.,0.00777315701488707));
#6780=CARTESIAN_POINT('',(0.00305130876076853,0.,0.00781191091272906));
#6781=CARTESIAN_POINT('',(0.00308495136367989,0.,0.00785250038273492));
#6782=CARTESIAN_POINT('',(0.00312148671272273,0.,0.00789482763533743));
#6783=CARTESIAN_POINT('',(0.00316099693633545,0.,0.00793879223490702));
#6784=CARTESIAN_POINT('',(0.00320356127856804,0.,0.00798429117435428));
#6785=CARTESIAN_POINT('',(0.00324925605513087,0.,0.00803121894447222));
#6786=CARTESIAN_POINT('',(0.00329815448571772,0.,0.00807946763441691));
#6787=CARTESIAN_POINT('',(0.00335032701389283,0.,0.00812892691983563));
#6788=CARTESIAN_POINT('',(0.0034058397536148,0.,0.00817948449333996));
#6789=CARTESIAN_POINT('',(0.00346476016879544,0.,0.00823102479737806));
#6790=CARTESIAN_POINT('',(0.0035271349107162,0.,0.00828343430180551));
#6791=CARTESIAN_POINT('',(0.00359307474133617,0.,0.00833658161926359));
#6792=CARTESIAN_POINT('',(0.00364648687654864,0.,0.0083780251638876));
#6793=CARTESIAN_POINT('',(0.00367806257719568,0.,0.00840168296568351));
#6794=CARTESIAN_POINT('',(0.00368590648163783,0.,0.00840752599809362));
#6795=CARTESIAN_POINT('',(0.00378491778022538,0.,0.00664807471354931));
#6796=CARTESIAN_POINT('',(0.00386340800355413,0.,0.00678565428332859));
#6797=CARTESIAN_POINT('',(0.00395123077192712,0.,0.00693959216472529));
#6798=CARTESIAN_POINT('',(0.00395461404877758,0.,0.00694645290473685));
#6799=CARTESIAN_POINT('',(0.00395874126022305,0.,0.00695452531960801));
#6800=CARTESIAN_POINT('',(0.00396339338873317,0.,0.00696427119233399));
#6801=CARTESIAN_POINT('',(0.00396941456657347,0.,0.00697746078690276));
#6802=CARTESIAN_POINT('',(0.0039763607173198,0.,0.00699355985316046));
#6803=CARTESIAN_POINT('',(0.00398421508485086,0.,0.0070127974125155));
#6804=CARTESIAN_POINT('',(0.00399282415458322,0.,0.0070351567267483));
#6805=CARTESIAN_POINT('',(0.00400207481837717,0.,0.00706069192733677));
#6806=CARTESIAN_POINT('',(0.00401184033594154,0.,0.00708943116318659));
#6807=CARTESIAN_POINT('',(0.00402199662547606,0.,0.00712140552831847));
#6808=CARTESIAN_POINT('',(0.00403241757374878,0.,0.00715664046946607));
#6809=CARTESIAN_POINT('',(0.00404297652906714,0.,0.00719515825273993));
#6810=CARTESIAN_POINT('',(0.00405354599569765,0.,0.0072369772152308));
#6811=CARTESIAN_POINT('',(0.00406399784953632,0.,0.00728211195037871));
#6812=CARTESIAN_POINT('',(0.00407420340539824,0.,0.00733057322952302));
#6813=CARTESIAN_POINT('',(0.00408403352738172,0.,0.00738236800250059));
#6814=CARTESIAN_POINT('',(0.00409335872808851,0.,0.00743749937899653));
#6815=CARTESIAN_POINT('',(0.00410204926989914,0.,0.00749596661998051));
#6816=CARTESIAN_POINT('',(0.00410997527242857,0.,0.00755776512485257));
#6817=CARTESIAN_POINT('',(0.00411700679397103,0.,0.0076228864417785));
#6818=CARTESIAN_POINT('',(0.00412301401580288,0.,0.00769131820254131));
#6819=CARTESIAN_POINT('',(0.00412786702913158,0.,0.00776304436145105));
#6820=CARTESIAN_POINT('',(0.00413143715700382,0.,0.00783804427276473));
#6821=CARTESIAN_POINT('',(0.00413359235767977,0.,0.00791629625916409));
#6822=CARTESIAN_POINT('',(0.00413421541803376,0.,0.00799776389924165));
#6823=CARTESIAN_POINT('',(0.00413313450003609,0.,0.0080824487870993));
#6824=CARTESIAN_POINT('',(0.00413102112366833,0.,0.00815002065416901));
#6825=CARTESIAN_POINT('',(0.00412912266416149,0.,0.00818943020007691));
#6826=CARTESIAN_POINT('',(0.00412862490514673,0.,0.00819919852135574));
#6827=CARTESIAN_POINT('',(0.00391041720606779,0.,0.00686818942929607));
#6828=CARTESIAN_POINT('',(0.00413431110348309,0.,0.0067407618603722));
#6829=CARTESIAN_POINT('',(0.00399962238047558,0.,0.00652115946849937));
#6830=CARTESIAN_POINT('',(2.38222480075456E-16,0.,3.73759827893483E-16));
#6831=CARTESIAN_POINT('',(0.00419756511685646,0.,0.00639554118818336));
#6832=CARTESIAN_POINT('',(0.0043389196327453,0.,0.00661091333926027));
#6833=CARTESIAN_POINT('',(0.00454954892936482,0.,0.00646258410401912));
#6834=CARTESIAN_POINT('',(0.00440381823653829,0.,0.00625530854071426));
#6835=CARTESIAN_POINT('',(0.00449488444145752,0.,0.00638490714989066));
#6836=CARTESIAN_POINT('',(0.00459677848484342,0.,0.00652991512862311));
#6837=CARTESIAN_POINT('',(0.00460154573878526,0.,0.00653589757006513));
#6838=CARTESIAN_POINT('',(0.00460709259697402,0.,0.0065430690497173));
#6839=CARTESIAN_POINT('',(0.00461393014628507,0.,0.00655142801222976));
#6840=CARTESIAN_POINT('',(0.00462330075542672,0.,0.00656249199305889));
#6841=CARTESIAN_POINT('',(0.00463491009895226,0.,0.00657563170719074));
#6842=CARTESIAN_POINT('',(0.00464897253603705,0.,0.00659092950580648));
#6843=CARTESIAN_POINT('',(0.0046655382848178,0.,0.0066082393579708));
#6844=CARTESIAN_POINT('',(0.0046847044840237,0.,0.00662748196844137));
#6845=CARTESIAN_POINT('',(0.00470655056693749,0.,0.00664855464439521));
#6846=CARTESIAN_POINT('',(0.00473115749973131,0.,0.00667135835245281));
#6847=CARTESIAN_POINT('',(0.0047586020037007,0.,0.00669578981664248));
#6848=CARTESIAN_POINT('',(0.00478895815149281,0.,0.00672174391953531));
#6849=CARTESIAN_POINT('',(0.00482229682004644,0.,0.00674911310709609));
#6850=CARTESIAN_POINT('',(0.00485868576649119,0.,0.00677778766275398));
#6851=CARTESIAN_POINT('',(0.00489818952851315,0.,0.00680765573488571));
#6852=CARTESIAN_POINT('',(0.00494086937790547,0.,0.00683860343693056));
#6853=CARTESIAN_POINT('',(0.00498678326144804,0.,0.00687051492922719));
#6854=CARTESIAN_POINT('',(0.00503598575003796,0.,0.00690327250700396));
#6855=CARTESIAN_POINT('',(0.00508852798130622,0.,0.00693675669213471));
#6856=CARTESIAN_POINT('',(0.00514445763429204,0.,0.00697084631123283));
#6857=CARTESIAN_POINT('',(0.00520381879202228,0.,0.00700541863467459));
#6858=CARTESIAN_POINT('',(0.00526665224839625,0.,0.00704034928554765));
#6859=CARTESIAN_POINT('',(0.00533299411056918,0.,0.0070755130429338));
#6860=CARTESIAN_POINT('',(0.00540288098495553,0.,0.00711078120214157));
#6861=CARTESIAN_POINT('',(0.00547632982340215,0.,0.00714603219808289));
#6862=CARTESIAN_POINT('',(0.00555341523337008,0.,0.00718111122579539));
#6863=CARTESIAN_POINT('',(0.00561545591857308,0.,0.00720796968737647));
#6864=CARTESIAN_POINT('',(0.00565192306657982,0.,0.00722303167839424));
#6865=CARTESIAN_POINT('',(0.00566097364341076,0.,0.00722674044148595));
#6866=CARTESIAN_POINT('',(0.00531931657855877,0.,0.00549794244577641));
#6867=CARTESIAN_POINT('',(0.00542955553487281,0.,0.00561167997559677));
#6868=CARTESIAN_POINT('',(0.00555290198383753,0.,0.00573894098102025));
#6869=CARTESIAN_POINT('',(0.00555788516548367,0.,0.00574474479153013));
#6870=CARTESIAN_POINT('',(0.00556389024093563,0.,0.0057515372008953));
#6871=CARTESIAN_POINT('',(0.00557081991426249,0.,0.00575981995179393));
#6872=CARTESIAN_POINT('',(0.00557993204451382,0.,0.00577109776495765));
#6873=CARTESIAN_POINT('',(0.00559066364413246,0.,0.00578496361199942));
#6874=CARTESIAN_POINT('',(0.00560305543872969,0.,0.00580164348627687));
#6875=CARTESIAN_POINT('',(0.00561695457403907,0.,0.00582115935295681));
#6876=CARTESIAN_POINT('',(0.00563226495737223,0.,0.00584359177172773));
#6877=CARTESIAN_POINT('',(0.00564887083056549,0.,0.00586899952617438));
#6878=CARTESIAN_POINT('',(0.00566665974284498,0.,0.00589744359133055));
#6879=CARTESIAN_POINT('',(0.00568551587140319,0.,0.00592897997755937));
#6880=CARTESIAN_POINT('',(0.00570532208089988,0.,0.00596366174843574));
#6881=CARTESIAN_POINT('',(0.00572595944136351,0.,0.00600153837185653));
#6882=CARTESIAN_POINT('',(0.00574730748318536,0.,0.00604265584595099));
#6883=CARTESIAN_POINT('',(0.00576924424278545,0.,0.00608705660636117));
#6884=CARTESIAN_POINT('',(0.00579164636965801,0.,0.00613477949937483));
#6885=CARTESIAN_POINT('',(0.00581438921783677,0.,0.00618585973918708));
#6886=CARTESIAN_POINT('',(0.00583734694185877,0.,0.00624032887441954));
#6887=CARTESIAN_POINT('',(0.00586039259764743,0.,0.00629821474894682));
#6888=CARTESIAN_POINT('',(0.00588339822396891,0.,0.0063595414916528));
#6889=CARTESIAN_POINT('',(0.005906235004743,0.,0.00642432940749451));
#6890=CARTESIAN_POINT('',(0.00592877312209994,0.,0.0064925952618898));
#6891=CARTESIAN_POINT('',(0.00595088280732204,0.,0.00656435105837666));
#6892=CARTESIAN_POINT('',(0.0059724307760737,0.,0.00663960863811502));
#6893=CARTESIAN_POINT('',(0.00599329444005942,0.,0.00671836187366191));
#6894=CARTESIAN_POINT('',(0.0060133077562942,0.,0.00680065504341777));
#6895=CARTESIAN_POINT('',(0.00602806521552834,0.,0.00686662959135795));
#6896=CARTESIAN_POINT('',(0.006036027155143,0.,0.0069052731415926));
#6897=CARTESIAN_POINT('',(0.00603797431685962,0.,0.00691485836072899));
#6898=CARTESIAN_POINT('',(0.00549561351298342,0.,0.00567993141491334));
#6899=CARTESIAN_POINT('',(0.00568078342416197,0.,0.005500827069305));
#6900=CARTESIAN_POINT('',(0.00549571330100699,0.,0.00532161961372053));
#6901=CARTESIAN_POINT('',(3.23688572228973E-16,0.,3.02773953913866E-16));
#6902=CARTESIAN_POINT('',(0.0056561973063756,0.,0.00515072150590084));
#6903=CARTESIAN_POINT('',(0.00584667178616479,0.,0.00532417390620335));
#6904=CARTESIAN_POINT('',(0.00601379579533546,0.,0.00512812333063576));
#6905=CARTESIAN_POINT('',(0.00582109616375375,0.,0.00496360145986071));
#6906=CARTESIAN_POINT('',(0.00594153121987921,0.,0.00506648124618876));
#6907=CARTESIAN_POINT('',(0.00607628609239109,0.,0.0051815935144659));
#6908=CARTESIAN_POINT('',(0.00608239134697115,0.,0.0051862024386642));
#6909=CARTESIAN_POINT('',(0.00608954741487546,0.,0.00519176916555858));
#6910=CARTESIAN_POINT('',(0.00609824893944557,0.,0.00519816508652601));
#6911=CARTESIAN_POINT('',(0.00611007665381368,0.,0.00520655109632205));
#6912=CARTESIAN_POINT('',(0.0061245889824891,0.,0.00521639087584078));
#6913=CARTESIAN_POINT('',(0.00614201403006548,0.,0.00522771088009044));
#6914=CARTESIAN_POINT('',(0.00616236412056759,0.,0.00524035717722335));
#6915=CARTESIAN_POINT('',(0.00618571362100794,0.,0.0052542288057834));
#6916=CARTESIAN_POINT('',(0.00621211393046008,0.,0.00526920654497739));
#6917=CARTESIAN_POINT('',(0.00624161884279499,0.,0.0052851743372733));
#6918=CARTESIAN_POINT('',(0.00627427698527787,0.,0.00530201307149369));
#6919=CARTESIAN_POINT('',(0.00631013396178592,0.,0.00531960251154871));
#6920=CARTESIAN_POINT('',(0.0063492316749277,0.,0.00533782085603302));
#6921=CARTESIAN_POINT('',(0.00639160846771636,0.,0.00535654498481071));
#6922=CARTESIAN_POINT('',(0.00643729903390034,0.,0.00537565051041305));
#6923=CARTESIAN_POINT('',(0.00648633439787078,0.,0.00539501188655973));
#6924=CARTESIAN_POINT('',(0.00653874187775065,0.,0.00541450250212723));
#6925=CARTESIAN_POINT('',(0.00659454505800557,0.,0.00543399477902551));
#6926=CARTESIAN_POINT('',(0.00665376375668211,0.,0.00545336027534177));
#6927=CARTESIAN_POINT('',(0.00671641402029895,0.,0.00547246976727929));
#6928=CARTESIAN_POINT('',(0.00678250802531732,0.,0.00549119341798817));
#6929=CARTESIAN_POINT('',(0.00685205435274086,0.,0.00550940061305525));
#6930=CARTESIAN_POINT('',(0.00692505683417613,0.,0.00552696108612339));
#6931=CARTESIAN_POINT('',(0.00700151891842456,0.,0.0055437410723506));
#6932=CARTESIAN_POINT('',(0.0070814267927515,0.,0.00555961861008669));
#6933=CARTESIAN_POINT('',(0.00716481422225882,0.,0.00557442520373081));
#6934=CARTESIAN_POINT('',(0.00723158521303134,0.,0.00558501096634929));
#6935=CARTESIAN_POINT('',(0.00727065244337175,0.,0.00559053074629916));
#6936=CARTESIAN_POINT('',(0.0072803410115635,0.,0.00559187220484755));
#6937=CARTESIAN_POINT('',(0.00651948315318339,0.,0.00400235423411747));
#6938=CARTESIAN_POINT('',(0.006654544123427,0.,0.00408510317668292));
#6939=CARTESIAN_POINT('',(0.00680566394195849,0.,0.00417769102912919));
#6940=CARTESIAN_POINT('',(0.00681193391677061,0.,0.00418207323537814));
#6941=CARTESIAN_POINT('',(0.00681943953525329,0.,0.00418715884717617));
#6942=CARTESIAN_POINT('',(0.0068282113365362,0.,0.00419345804054666));
#6943=CARTESIAN_POINT('',(0.0068398418705428,0.,0.00420211544582736));
#6944=CARTESIAN_POINT('',(0.00685368461316165,0.,0.00421287683148855));
#6945=CARTESIAN_POINT('',(0.00686983521279668,0.,0.00422595096284327));
#6946=CARTESIAN_POINT('',(0.00688815107989415,0.,0.00424139712829251));
#6947=CARTESIAN_POINT('',(0.00690855917507405,0.,0.00425931725387384));
#6948=CARTESIAN_POINT('',(0.00693096199581133,0.,0.00427979706426224));
#6949=CARTESIAN_POINT('',(0.00695526578805424,0.,0.00430292358421898));
#6950=CARTESIAN_POINT('',(0.00698137229699263,0.,0.00432877986839956));
#6951=CARTESIAN_POINT('',(0.00700918126368283,0.,0.00435744644366364));
#6952=CARTESIAN_POINT('',(0.00703858979672275,0.,0.00438900080046434));
#6953=CARTESIAN_POINT('',(0.00706949265054752,0.,0.00442351745138852));
#6954=CARTESIAN_POINT('',(0.00710178224660233,0.,0.00446106782999342));
#6955=CARTESIAN_POINT('',(0.0071353487703433,0.,0.00450172023816261));
#6956=CARTESIAN_POINT('',(0.00717008024920062,0.,0.00454553978196378));
#6957=CARTESIAN_POINT('',(0.0072058626372011,0.,0.00459258831535458));
#6958=CARTESIAN_POINT('',(0.00724257990293979,0.,0.00464292437715119));
#6959=CARTESIAN_POINT('',(0.00728011410592973,0.,0.00469660316084903));
#6960=CARTESIAN_POINT('',(0.00731834552672222,0.,0.00475367636874401));
#6961=CARTESIAN_POINT('',(0.00735715259530447,0.,0.00481419252392894));
#6962=CARTESIAN_POINT('',(0.00739641260504019,0.,0.00487819552499635));
#6963=CARTESIAN_POINT('',(0.00743599940374301,0.,0.00494572998756074));
#6964=CARTESIAN_POINT('',(0.00747579273062105,0.,0.00501682046315339));
#6965=CARTESIAN_POINT('',(0.00751564277082542,0.,0.0050915511322986));
#6966=CARTESIAN_POINT('',(0.00754634380022365,0.,0.00515178293762475));
#6967=CARTESIAN_POINT('',(0.00756366586101183,0.,0.00518723237580388));
#6968=CARTESIAN_POINT('',(0.00756793559612802,0.,0.00519603221822752));
#6969=CARTESIAN_POINT('',(0.00673550021142561,0.,0.00413478242040508));
#6970=CARTESIAN_POINT('',(0.00687031122984077,0.,0.00391525508284656));
#6971=CARTESIAN_POINT('',(0.00664648834301645,0.,0.00378770282706374));
#6972=CARTESIAN_POINT('',(3.88816120946048E-16,0.,2.1276367888513E-16));
#6973=CARTESIAN_POINT('',(0.0067594298170966,0.,0.00358226304837396));
#6974=CARTESIAN_POINT('',(0.00698705604870485,0.,0.00370289704567775));
#6975=CARTESIAN_POINT('',(0.00710017375429136,0.,0.00347144370847022));
#6976=CARTESIAN_POINT('',(0.00687261321050642,0.,0.00336001304443489));
#6977=CARTESIAN_POINT('',(0.00701484974033259,0.,0.00342970969257421));
#6978=CARTESIAN_POINT('',(0.00717399829773676,0.,0.00350769332322689));
#6979=CARTESIAN_POINT('',(0.00718105793735624,0.,0.00351063913452364));
#6980=CARTESIAN_POINT('',(0.0071893735729115,0.,0.00351425133073648));
#6981=CARTESIAN_POINT('',(0.00719939232394995,0.,0.00351828233092193));
#6982=CARTESIAN_POINT('',(0.00721293396475149,0.,0.00352346344584781));
#6983=CARTESIAN_POINT('',(0.0072294374155935,0.,0.00352938502121808));
#6984=CARTESIAN_POINT('',(0.00724913019383741,0.,0.0035360159536026));
#6985=CARTESIAN_POINT('',(0.00727198595503222,0.,0.0035432040823454));
#6986=CARTESIAN_POINT('',(0.0072980516217209,0.,0.00355083312355623));
#6987=CARTESIAN_POINT('',(0.00732734732917497,0.,0.00355877481955253));
#6988=CARTESIAN_POINT('',(0.00735989631889748,0.,0.00356690338097138));
#6989=CARTESIAN_POINT('',(0.00739571606869341,0.,0.00357509134562288));
#6990=CARTESIAN_POINT('',(0.00743482084821066,0.,0.003583210913632));
#6991=CARTESIAN_POINT('',(0.00747722095283256,0.,0.0035911336894535));
#6992=CARTESIAN_POINT('',(0.00752292290222328,0.,0.00359873088547736));
#6993=CARTESIAN_POINT('',(0.00757192936625778,0.,0.00360587339411151));
#6994=CARTESIAN_POINT('',(0.00762423917254865,0.,0.00361243189789056));
#6995=CARTESIAN_POINT('',(0.00767984729406373,0.,0.00361827696967135));
#6996=CARTESIAN_POINT('',(0.00773874484693849,0.,0.00362327917424605));
#6997=CARTESIAN_POINT('',(0.00780091908439432,0.,0.00362730917639297));
#6998=CARTESIAN_POINT('',(0.00786635341216758,0.,0.00363023782151164));
#6999=CARTESIAN_POINT('',(0.00793502733506202,0.,0.00363193632365283));
#7000=CARTESIAN_POINT('',(0.00800691668200963,0.,0.00363227603788649));
#7001=CARTESIAN_POINT('',(0.00808199276831432,0.,0.00363112983753086));
#7002=CARTESIAN_POINT('',(0.00816022566846361,0.,0.00362836730253038));
#7003=CARTESIAN_POINT('',(0.00824157167304632,0.,0.00362387373797178));
#7004=CARTESIAN_POINT('',(0.00832602158321956,0.,0.00361747754481401));
#7005=CARTESIAN_POINT('',(0.00839332741264484,0.,0.00361112546607287));
#7006=CARTESIAN_POINT('',(0.0084325399875574,0.,0.00360675620688025));
#7007=CARTESIAN_POINT('',(0.00844225777873841,0.,0.00360564607211117));
#7008=CARTESIAN_POINT('',(0.00731000662431167,0.,0.00225528338629971));
#7009=CARTESIAN_POINT('',(0.00746140323100495,0.,0.00230184432121955));
#7010=CARTESIAN_POINT('',(0.00763080100512506,0.,0.00235394138540509));
#7011=CARTESIAN_POINT('',(0.00763796380752637,0.,0.00235662663725787));
#7012=CARTESIAN_POINT('',(0.00764649836342676,0.,0.00235968590379593));
#7013=CARTESIAN_POINT('',(0.00765656112813069,0.,0.00236360573815199));
#7014=CARTESIAN_POINT('',(0.00766997927666682,0.,0.00236909875893618));
#7015=CARTESIAN_POINT('',(0.00768606337185709,0.,0.00237607950577807));
#7016=CARTESIAN_POINT('',(0.0077049579749571,0.,0.00238472639845377));
#7017=CARTESIAN_POINT('',(0.00772653972055188,0.,0.00239513232329012));
#7018=CARTESIAN_POINT('',(0.00775076321190263,0.,0.00240741416828595));
#7019=CARTESIAN_POINT('',(0.0077775553285652,0.,0.00242167921280994));
#7020=CARTESIAN_POINT('',(0.00780684690412181,0.,0.00243803506326498));
#7021=CARTESIAN_POINT('',(0.00783856342547075,0.,0.00245658659996949));
#7022=CARTESIAN_POINT('',(0.0078726278097031,0.,0.00247743675326914));
#7023=CARTESIAN_POINT('',(0.00790895966903138,0.,0.00250068616716317));
#7024=CARTESIAN_POINT('',(0.00794747559490052,0.,0.00252643318679612));
#7025=CARTESIAN_POINT('',(0.0079880891533371,0.,0.00255477375520736));
#7026=CARTESIAN_POINT('',(0.00803071096581081,0.,0.00258580133821771));
#7027=CARTESIAN_POINT('',(0.00807524876879663,0.,0.00261960684291377));
#7028=CARTESIAN_POINT('',(0.00812160748173909,0.,0.00265627854207757));
#7029=CARTESIAN_POINT('',(0.0081696892765848,0.,0.00269590199125773));
#7030=CARTESIAN_POINT('',(0.0082193936442282,0.,0.00273855998055094));
#7031=CARTESIAN_POINT('',(0.00827061748426537,0.,0.00278433236094657));
#7032=CARTESIAN_POINT('',(0.00832325511323149,0.,0.00283329636432803));
#7033=CARTESIAN_POINT('',(0.00837719859668092,0.,0.00288552502603235));
#7034=CARTESIAN_POINT('',(0.00843233684118234,0.,0.00294109293276547));
#7035=CARTESIAN_POINT('',(0.00848855946987533,0.,0.00300005377236992));
#7036=CARTESIAN_POINT('',(0.00854574230946506,0.,0.0030625263381219));
#7037=CARTESIAN_POINT('',(0.00859045785043979,0.,0.0031132308149883));
#7038=CARTESIAN_POINT('',(0.0086160516236161,0.,0.00314325872253721));
#7039=CARTESIAN_POINT('',(0.00862237564897152,0.,0.00315072026178506));
#7040=CARTESIAN_POINT('',(0.00755217066014694,0.,0.00232982983975675));
#7041=CARTESIAN_POINT('',(0.00762815211371144,0.,0.00208367322023193));
#7042=CARTESIAN_POINT('',(0.00737964007835995,0.,0.00201579074158596));
#7043=CARTESIAN_POINT('',(4.29512922818418E-16,0.,1.09384679421967E-16));
#7044=CARTESIAN_POINT('',(0.0074379424929655,0.,0.00178871782887582));
#7045=CARTESIAN_POINT('',(0.00768841788311014,0.,0.0018489535454695));
#7046=CARTESIAN_POINT('',(0.00774042168365267,0.,0.0015966405110246));
#7047=CARTESIAN_POINT('',(0.00749229869353965,0.,0.00154530265216364));
#7048=CARTESIAN_POINT('',(0.00764739945278819,0.,0.00157743686538532));
#7049=CARTESIAN_POINT('',(0.0078209418059155,0.,0.00161339186009587));
#7050=CARTESIAN_POINT('',(0.00782851224745357,0.,0.00161448946233338));
#7051=CARTESIAN_POINT('',(0.00783746494869505,0.,0.00161592016029189));
#7052=CARTESIAN_POINT('',(0.00784817141122772,0.,0.00161733295712873));
#7053=CARTESIAN_POINT('',(0.00786257610736845,0.,0.00161898362867886));
#7054=CARTESIAN_POINT('',(0.00788003370786521,0.,0.00162061492554212));
#7055=CARTESIAN_POINT('',(0.0079007568470946,0.,0.00162214014019291));
#7056=CARTESIAN_POINT('',(0.00792468216744865,0.,0.0016234184439806));
#7057=CARTESIAN_POINT('',(0.00795182619868479,0.,0.00162432553712529));
#7058=CARTESIAN_POINT('',(0.00798217654709937,0.,0.00162473218395694));
#7059=CARTESIAN_POINT('',(0.00801572444147841,0.,0.00162451076709002));
#7060=CARTESIAN_POINT('',(0.00805245511197188,0.,0.00162353348224035));
#7061=CARTESIAN_POINT('',(0.00809235059738395,0.,0.00162167299588387));
#7062=CARTESIAN_POINT('',(0.0081353889389759,0.,0.00161880238589978));
#7063=CARTESIAN_POINT('',(0.00818154442340844,0.,0.00161479528940309));
#7064=CARTESIAN_POINT('',(0.00823078752892502,0.,0.00160952599098325));
#7065=CARTESIAN_POINT('',(0.00828308496002503,0.,0.00160286952748175));
#7066=CARTESIAN_POINT('',(0.00833839966038818,0.,0.00159470178811917));
#7067=CARTESIAN_POINT('',(0.0083966908360256,0.,0.00158489961346004));
#7068=CARTESIAN_POINT('',(0.00845791397626052,0.,0.0015733409015814));
#7069=CARTESIAN_POINT('',(0.00852202088872558,0.,0.00155990468233764));
#7070=CARTESIAN_POINT('',(0.00858895969435563,0.,0.00154447131277494));
#7071=CARTESIAN_POINT('',(0.00865867498876806,0.,0.00152692220068052));
#7072=CARTESIAN_POINT('',(0.0087311073733291,0.,0.00150714134688488));
#7073=CARTESIAN_POINT('',(0.00880619542854241,0.,0.00148500987089067));
#7074=CARTESIAN_POINT('',(0.00888386829474327,0.,0.00146042755122479));
#7075=CARTESIAN_POINT('',(0.0089640743871412,0.,0.00143323046760477));
#7076=CARTESIAN_POINT('',(0.00902768598242293,0.,0.00141033967197264));
#7077=CARTESIAN_POINT('',(0.00906458003161213,0.,0.00139635591026161));
#7078=CARTESIAN_POINT('',(0.00907371644122296,0.,0.0013928639360254));
#7079=CARTESIAN_POINT('',(0.00764121549491068,0.,0.000366504788968647));
#7080=CARTESIAN_POINT('',(0.0077994349324573,0.,0.000373952121462717));
#7081=CARTESIAN_POINT('',(0.00797646677701664,0.,0.00038228494724516));
#7082=CARTESIAN_POINT('',(0.00798407234178931,0.,0.000383104520452185));
#7083=CARTESIAN_POINT('',(0.0079930995775723,0.,0.00038394521676248));
#7084=CARTESIAN_POINT('',(0.00800382102518264,0.,0.000385239394495394));
#7085=CARTESIAN_POINT('',(0.00801818367662727,0.,0.00038722288408527));
#7086=CARTESIAN_POINT('',(0.008035498501535,0.,0.00038998436611042));
#7087=CARTESIAN_POINT('',(0.00805594989069772,0.,0.000393660704039219));
#7088=CARTESIAN_POINT('',(0.00807944145434198,0.,0.000398372545734885));
#7089=CARTESIAN_POINT('',(0.00810595829081426,0.,0.00040424439665469));
#7090=CARTESIAN_POINT('',(0.00813545625617769,0.,0.000411398350103655));
#7091=CARTESIAN_POINT('',(0.00816789511762889,0.,0.000419955832820289));
#7092=CARTESIAN_POINT('',(0.00820322878570684,0.,0.000430036960769805));
#7093=CARTESIAN_POINT('',(0.00824140819693997,0.,0.000441760600291721));
#7094=CARTESIAN_POINT('',(0.00828238051821579,0.,0.000455244225098743));
#7095=CARTESIAN_POINT('',(0.00832608941885527,0.,0.000470603833506027));
#7096=CARTESIAN_POINT('',(0.00837247504043083,0.,0.00048795384958101));
#7097=CARTESIAN_POINT('',(0.00842147405640749,0.,0.000507407030280502));
#7098=CARTESIAN_POINT('',(0.00847301970956163,0.,0.000529074371683447));
#7099=CARTESIAN_POINT('',(0.00852704185901649,0.,0.000553065018892705));
#7100=CARTESIAN_POINT('',(0.00858346702696658,0.,0.000579486168419592));
#7101=CARTESIAN_POINT('',(0.00864221845104453,0.,0.000608443004955757));
#7102=CARTESIAN_POINT('',(0.00870321612806873,0.,0.000640038510852751));
#7103=CARTESIAN_POINT('',(0.00876637690160313,0.,0.00067437377402126));
#7104=CARTESIAN_POINT('',(0.00883161439131089,0.,0.000711546377464033));
#7105=CARTESIAN_POINT('',(0.00889883954292461,0.,0.000751656192421371));
#7106=CARTESIAN_POINT('',(0.00896795879889939,0.,0.000794782669642484));
#7107=CARTESIAN_POINT('',(0.00903888142975928,0.,0.000841071750937015));
#7108=CARTESIAN_POINT('',(0.00909480184041883,0.,0.000879062950584126));
#7109=CARTESIAN_POINT('',(0.00912705917508728,0.,0.000901782563636581));
#7110=CARTESIAN_POINT('',(0.00913504012891072,0.,0.000907436963756078));
#7111=CARTESIAN_POINT('',(0.00789431045135045,0.,0.000378485481761738));
#7112=CARTESIAN_POINT('',(0.00790668814589658,0.,0.000121166505976072));
#7113=CARTESIAN_POINT('',(0.00764910188716239,0.,0.000117219110254582));
#7114=CARTESIAN_POINT('',(4.43221848112074E-16,0.,-8.67361737988404E-19));
#7115=CARTESIAN_POINT('',(0.00764910188716239,0.,-0.000117219110254582));
#7116=CARTESIAN_POINT('',(0.00790668814589658,0.,-0.000121166505976072));
#7117=CARTESIAN_POINT('',(0.00789431045135045,0.,-0.000378485481761738));
#7118=CARTESIAN_POINT('',(0.00764121549491068,0.,-0.000366504788968647));
#7119=CARTESIAN_POINT('',(0.0077994349324573,0.,-0.000373952121462717));
#7120=CARTESIAN_POINT('',(0.00797646677701664,0.,-0.00038228494724516));
#7121=CARTESIAN_POINT('',(0.00798407234178931,0.,-0.000383104520452185));
#7122=CARTESIAN_POINT('',(0.0079930995775723,0.,-0.00038394521676248));
#7123=CARTESIAN_POINT('',(0.00800382102518264,0.,-0.000385239394495394));
#7124=CARTESIAN_POINT('',(0.00801818367662727,0.,-0.00038722288408527));
#7125=CARTESIAN_POINT('',(0.008035498501535,0.,-0.00038998436611042));
#7126=CARTESIAN_POINT('',(0.00805594989069772,0.,-0.000393660704039219));
#7127=CARTESIAN_POINT('',(0.00807944145434198,0.,-0.000398372545734885));
#7128=CARTESIAN_POINT('',(0.00810595829081426,0.,-0.00040424439665469));
#7129=CARTESIAN_POINT('',(0.00813545625617769,0.,-0.000411398350103655));
#7130=CARTESIAN_POINT('',(0.00816789511762889,0.,-0.000419955832820289));
#7131=CARTESIAN_POINT('',(0.00820322878570684,0.,-0.000430036960769805));
#7132=CARTESIAN_POINT('',(0.00824140819693997,0.,-0.000441760600291721));
#7133=CARTESIAN_POINT('',(0.00828238051821579,0.,-0.000455244225098743));
#7134=CARTESIAN_POINT('',(0.00832608941885527,0.,-0.000470603833506027));
#7135=CARTESIAN_POINT('',(0.00837247504043083,0.,-0.00048795384958101));
#7136=CARTESIAN_POINT('',(0.00842147405640749,0.,-0.000507407030280502));
#7137=CARTESIAN_POINT('',(0.00847301970956163,0.,-0.000529074371683447));
#7138=CARTESIAN_POINT('',(0.00852704185901649,0.,-0.000553065018892705));
#7139=CARTESIAN_POINT('',(0.00858346702696658,0.,-0.000579486168419592));
#7140=CARTESIAN_POINT('',(0.00864221845104453,0.,-0.000608443004955757));
#7141=CARTESIAN_POINT('',(0.00870321612806873,0.,-0.000640038510852751));
#7142=CARTESIAN_POINT('',(0.00876637690160313,0.,-0.00067437377402126));
#7143=CARTESIAN_POINT('',(0.00883161439131089,0.,-0.000711546377464033));
#7144=CARTESIAN_POINT('',(0.00889883954292461,0.,-0.000751656192421371));
#7145=CARTESIAN_POINT('',(0.00896795879889939,0.,-0.000794782669642484));
#7146=CARTESIAN_POINT('',(0.00903888142975928,0.,-0.000841071750937015));
#7147=CARTESIAN_POINT('',(0.00909480184041883,0.,-0.000879062950584126));
#7148=CARTESIAN_POINT('',(0.00912705917508728,0.,-0.000901782563636581));
#7149=CARTESIAN_POINT('',(0.00913504012891072,0.,-0.000907436963756078));
#7150=CARTESIAN_POINT('',(0.00749229869353966,0.,-0.00154530265216364));
#7151=CARTESIAN_POINT('',(0.00764739945278819,0.,-0.00157743686538532));
#7152=CARTESIAN_POINT('',(0.0078209418059155,0.,-0.00161339186009587));
#7153=CARTESIAN_POINT('',(0.00782851224745357,0.,-0.00161448946233338));
#7154=CARTESIAN_POINT('',(0.00783746494869505,0.,-0.00161592016029188));
#7155=CARTESIAN_POINT('',(0.00784817141122772,0.,-0.00161733295712873));
#7156=CARTESIAN_POINT('',(0.00786257610736845,0.,-0.00161898362867885));
#7157=CARTESIAN_POINT('',(0.00788003370786521,0.,-0.00162061492554212));
#7158=CARTESIAN_POINT('',(0.0079007568470946,0.,-0.00162214014019291));
#7159=CARTESIAN_POINT('',(0.00792468216744865,0.,-0.0016234184439806));
#7160=CARTESIAN_POINT('',(0.00795182619868479,0.,-0.00162432553712528));
#7161=CARTESIAN_POINT('',(0.00798217654709937,0.,-0.00162473218395694));
#7162=CARTESIAN_POINT('',(0.00801572444147841,0.,-0.00162451076709002));
#7163=CARTESIAN_POINT('',(0.00805245511197188,0.,-0.00162353348224035));
#7164=CARTESIAN_POINT('',(0.00809235059738395,0.,-0.00162167299588387));
#7165=CARTESIAN_POINT('',(0.0081353889389759,0.,-0.00161880238589978));
#7166=CARTESIAN_POINT('',(0.00818154442340844,0.,-0.00161479528940308));
#7167=CARTESIAN_POINT('',(0.00823078752892502,0.,-0.00160952599098325));
#7168=CARTESIAN_POINT('',(0.00828308496002503,0.,-0.00160286952748175));
#7169=CARTESIAN_POINT('',(0.00833839966038818,0.,-0.00159470178811917));
#7170=CARTESIAN_POINT('',(0.0083966908360256,0.,-0.00158489961346004));
#7171=CARTESIAN_POINT('',(0.00845791397626052,0.,-0.0015733409015814));
#7172=CARTESIAN_POINT('',(0.00852202088872558,0.,-0.00155990468233764));
#7173=CARTESIAN_POINT('',(0.00858895969435563,0.,-0.00154447131277494));
#7174=CARTESIAN_POINT('',(0.00865867498876806,0.,-0.00152692220068051));
#7175=CARTESIAN_POINT('',(0.00873110737332911,0.,-0.00150714134688487));
#7176=CARTESIAN_POINT('',(0.00880619542854241,0.,-0.00148500987089066));
#7177=CARTESIAN_POINT('',(0.00888386829474327,0.,-0.00146042755122478));
#7178=CARTESIAN_POINT('',(0.0089640743871412,0.,-0.00143323046760477));
#7179=CARTESIAN_POINT('',(0.00902768598242293,0.,-0.00141033967197263));
#7180=CARTESIAN_POINT('',(0.00906458003161213,0.,-0.0013963559102616));
#7181=CARTESIAN_POINT('',(0.00907371644122296,0.,-0.00139286393602539));
#7182=CARTESIAN_POINT('',(0.00774042168365267,0.,-0.00159664051102459));
#7183=CARTESIAN_POINT('',(0.00768841788311014,0.,-0.0018489535454695));
#7184=CARTESIAN_POINT('',(0.0074379424929655,0.,-0.00178871782887582));
#7185=CARTESIAN_POINT('',(4.29081514632915E-16,0.,-1.11064903370013E-16));
#7186=CARTESIAN_POINT('',(0.00737964007835994,0.,-0.00201579074158596));
#7187=CARTESIAN_POINT('',(0.00762815211371144,0.,-0.00208367322023193));
#7188=CARTESIAN_POINT('',(0.00755217066014694,0.,-0.00232982983975675));
#7189=CARTESIAN_POINT('',(0.00731000662431167,0.,-0.00225528338629971));
#7190=CARTESIAN_POINT('',(0.00746140323100495,0.,-0.00230184432121955));
#7191=CARTESIAN_POINT('',(0.00763080100512506,0.,-0.00235394138540508));
#7192=CARTESIAN_POINT('',(0.00763796380752637,0.,-0.00235662663725787));
#7193=CARTESIAN_POINT('',(0.00764649836342676,0.,-0.00235968590379592));
#7194=CARTESIAN_POINT('',(0.00765656112813069,0.,-0.00236360573815199));
#7195=CARTESIAN_POINT('',(0.00766997927666682,0.,-0.00236909875893617));
#7196=CARTESIAN_POINT('',(0.00768606337185709,0.,-0.00237607950577807));
#7197=CARTESIAN_POINT('',(0.0077049579749571,0.,-0.00238472639845376));
#7198=CARTESIAN_POINT('',(0.00772653972055188,0.,-0.00239513232329011));
#7199=CARTESIAN_POINT('',(0.00775076321190263,0.,-0.00240741416828595));
#7200=CARTESIAN_POINT('',(0.0077775553285652,0.,-0.00242167921280994));
#7201=CARTESIAN_POINT('',(0.00780684690412181,0.,-0.00243803506326498));
#7202=CARTESIAN_POINT('',(0.00783856342547076,0.,-0.00245658659996949));
#7203=CARTESIAN_POINT('',(0.0078726278097031,0.,-0.00247743675326914));
#7204=CARTESIAN_POINT('',(0.00790895966903138,0.,-0.00250068616716317));
#7205=CARTESIAN_POINT('',(0.00794747559490052,0.,-0.00252643318679612));
#7206=CARTESIAN_POINT('',(0.0079880891533371,0.,-0.00255477375520736));
#7207=CARTESIAN_POINT('',(0.00803071096581081,0.,-0.00258580133821771));
#7208=CARTESIAN_POINT('',(0.00807524876879663,0.,-0.00261960684291377));
#7209=CARTESIAN_POINT('',(0.00812160748173909,0.,-0.00265627854207757));
#7210=CARTESIAN_POINT('',(0.0081696892765848,0.,-0.00269590199125773));
#7211=CARTESIAN_POINT('',(0.0082193936442282,0.,-0.00273855998055094));
#7212=CARTESIAN_POINT('',(0.00827061748426537,0.,-0.00278433236094657));
#7213=CARTESIAN_POINT('',(0.00832325511323149,0.,-0.00283329636432803));
#7214=CARTESIAN_POINT('',(0.00837719859668092,0.,-0.00288552502603235));
#7215=CARTESIAN_POINT('',(0.00843233684118234,0.,-0.00294109293276546));
#7216=CARTESIAN_POINT('',(0.00848855946987533,0.,-0.00300005377236992));
#7217=CARTESIAN_POINT('',(0.00854574230946506,0.,-0.0030625263381219));
#7218=CARTESIAN_POINT('',(0.00859045785043979,0.,-0.0031132308149883));
#7219=CARTESIAN_POINT('',(0.0086160516236161,0.,-0.0031432587225372));
#7220=CARTESIAN_POINT('',(0.00862237564897152,0.,-0.00315072026178506));
#7221=CARTESIAN_POINT('',(0.00687261321050642,0.,-0.00336001304443489));
#7222=CARTESIAN_POINT('',(0.00701484974033259,0.,-0.00342970969257421));
#7223=CARTESIAN_POINT('',(0.00717399829773676,0.,-0.00350769332322689));
#7224=CARTESIAN_POINT('',(0.00718105793735624,0.,-0.00351063913452364));
#7225=CARTESIAN_POINT('',(0.0071893735729115,0.,-0.00351425133073648));
#7226=CARTESIAN_POINT('',(0.00719939232394995,0.,-0.00351828233092193));
#7227=CARTESIAN_POINT('',(0.00721293396475149,0.,-0.00352346344584781));
#7228=CARTESIAN_POINT('',(0.0072294374155935,0.,-0.00352938502121808));
#7229=CARTESIAN_POINT('',(0.00724913019383741,0.,-0.0035360159536026));
#7230=CARTESIAN_POINT('',(0.00727198595503222,0.,-0.0035432040823454));
#7231=CARTESIAN_POINT('',(0.0072980516217209,0.,-0.00355083312355623));
#7232=CARTESIAN_POINT('',(0.00732734732917497,0.,-0.00355877481955253));
#7233=CARTESIAN_POINT('',(0.00735989631889748,0.,-0.00356690338097138));
#7234=CARTESIAN_POINT('',(0.00739571606869341,0.,-0.00357509134562288));
#7235=CARTESIAN_POINT('',(0.00743482084821066,0.,-0.003583210913632));
#7236=CARTESIAN_POINT('',(0.00747722095283256,0.,-0.0035911336894535));
#7237=CARTESIAN_POINT('',(0.00752292290222328,0.,-0.00359873088547736));
#7238=CARTESIAN_POINT('',(0.00757192936625778,0.,-0.00360587339411151));
#7239=CARTESIAN_POINT('',(0.00762423917254865,0.,-0.00361243189789056));
#7240=CARTESIAN_POINT('',(0.00767984729406373,0.,-0.00361827696967135));
#7241=CARTESIAN_POINT('',(0.00773874484693849,0.,-0.00362327917424605));
#7242=CARTESIAN_POINT('',(0.00780091908439432,0.,-0.00362730917639297));
#7243=CARTESIAN_POINT('',(0.00786635341216758,0.,-0.00363023782151164));
#7244=CARTESIAN_POINT('',(0.00793502733506202,0.,-0.00363193632365283));
#7245=CARTESIAN_POINT('',(0.00800691668200963,0.,-0.00363227603788649));
#7246=CARTESIAN_POINT('',(0.00808199276831432,0.,-0.00363112983753086));
#7247=CARTESIAN_POINT('',(0.00816022566846361,0.,-0.00362836730253038));
#7248=CARTESIAN_POINT('',(0.00824157167304632,0.,-0.00362387373797178));
#7249=CARTESIAN_POINT('',(0.00832602158321956,0.,-0.00361747754481401));
#7250=CARTESIAN_POINT('',(0.00839332741264484,0.,-0.00361112546607287));
#7251=CARTESIAN_POINT('',(0.0084325399875574,0.,-0.00360675620688025));
#7252=CARTESIAN_POINT('',(0.00844225777873841,0.,-0.00360564607211117));
#7253=CARTESIAN_POINT('',(0.00710017375429136,0.,-0.00347144370847022));
#7254=CARTESIAN_POINT('',(0.00698705604870485,0.,-0.00370289704567775));
#7255=CARTESIAN_POINT('',(0.0067594298170966,0.,-0.00358226304837396));
#7256=CARTESIAN_POINT('',(3.87980411537946E-16,0.,-2.14283828655158E-16));
#7257=CARTESIAN_POINT('',(0.00664648834301644,0.,-0.00378770282706373));
#7258=CARTESIAN_POINT('',(0.00687031122984077,0.,-0.00391525508284656));
#7259=CARTESIAN_POINT('',(0.00673550021142561,0.,-0.00413478242040508));
#7260=CARTESIAN_POINT('',(0.00651948315318339,0.,-0.00400235423411747));
#7261=CARTESIAN_POINT('',(0.006654544123427,0.,-0.00408510317668292));
#7262=CARTESIAN_POINT('',(0.00680566394195849,0.,-0.00417769102912919));
#7263=CARTESIAN_POINT('',(0.00681193391677061,0.,-0.00418207323537814));
#7264=CARTESIAN_POINT('',(0.00681943953525329,0.,-0.00418715884717617));
#7265=CARTESIAN_POINT('',(0.0068282113365362,0.,-0.00419345804054666));
#7266=CARTESIAN_POINT('',(0.0068398418705428,0.,-0.00420211544582736));
#7267=CARTESIAN_POINT('',(0.00685368461316165,0.,-0.00421287683148855));
#7268=CARTESIAN_POINT('',(0.00686983521279668,0.,-0.00422595096284327));
#7269=CARTESIAN_POINT('',(0.00688815107989415,0.,-0.00424139712829251));
#7270=CARTESIAN_POINT('',(0.00690855917507405,0.,-0.00425931725387384));
#7271=CARTESIAN_POINT('',(0.00693096199581133,0.,-0.00427979706426224));
#7272=CARTESIAN_POINT('',(0.00695526578805424,0.,-0.00430292358421898));
#7273=CARTESIAN_POINT('',(0.00698137229699263,0.,-0.00432877986839956));
#7274=CARTESIAN_POINT('',(0.00700918126368283,0.,-0.00435744644366364));
#7275=CARTESIAN_POINT('',(0.00703858979672275,0.,-0.00438900080046434));
#7276=CARTESIAN_POINT('',(0.00706949265054752,0.,-0.00442351745138852));
#7277=CARTESIAN_POINT('',(0.00710178224660233,0.,-0.00446106782999342));
#7278=CARTESIAN_POINT('',(0.0071353487703433,0.,-0.00450172023816261));
#7279=CARTESIAN_POINT('',(0.00717008024920062,0.,-0.00454553978196378));
#7280=CARTESIAN_POINT('',(0.0072058626372011,0.,-0.00459258831535458));
#7281=CARTESIAN_POINT('',(0.00724257990293979,0.,-0.00464292437715119));
#7282=CARTESIAN_POINT('',(0.00728011410592973,0.,-0.00469660316084903));
#7283=CARTESIAN_POINT('',(0.00731834552672222,0.,-0.00475367636874401));
#7284=CARTESIAN_POINT('',(0.00735715259530447,0.,-0.00481419252392894));
#7285=CARTESIAN_POINT('',(0.00739641260504019,0.,-0.00487819552499635));
#7286=CARTESIAN_POINT('',(0.00743599940374301,0.,-0.00494572998756074));
#7287=CARTESIAN_POINT('',(0.00747579273062105,0.,-0.00501682046315339));
#7288=CARTESIAN_POINT('',(0.00751564277082542,0.,-0.0050915511322986));
#7289=CARTESIAN_POINT('',(0.00754634380022365,0.,-0.00515178293762475));
#7290=CARTESIAN_POINT('',(0.00756366586101183,0.,-0.00518723237580388));
#7291=CARTESIAN_POINT('',(0.00756793559612802,0.,-0.00519603221822752));
#7292=CARTESIAN_POINT('',(0.00582109616375375,0.,-0.00496360145986071));
#7293=CARTESIAN_POINT('',(0.00594153121987921,0.,-0.00506648124618876));
#7294=CARTESIAN_POINT('',(0.00607628609239109,0.,-0.0051815935144659));
#7295=CARTESIAN_POINT('',(0.00608239134697116,0.,-0.00518620243866419));
#7296=CARTESIAN_POINT('',(0.00608954741487547,0.,-0.00519176916555858));
#7297=CARTESIAN_POINT('',(0.00609824893944557,0.,-0.005198165086526));
#7298=CARTESIAN_POINT('',(0.00611007665381368,0.,-0.00520655109632205));
#7299=CARTESIAN_POINT('',(0.0061245889824891,0.,-0.00521639087584077));
#7300=CARTESIAN_POINT('',(0.00614201403006549,0.,-0.00522771088009044));
#7301=CARTESIAN_POINT('',(0.00616236412056759,0.,-0.00524035717722334));
#7302=CARTESIAN_POINT('',(0.00618571362100794,0.,-0.00525422880578339));
#7303=CARTESIAN_POINT('',(0.00621211393046008,0.,-0.00526920654497738));
#7304=CARTESIAN_POINT('',(0.00624161884279499,0.,-0.0052851743372733));
#7305=CARTESIAN_POINT('',(0.00627427698527787,0.,-0.00530201307149369));
#7306=CARTESIAN_POINT('',(0.00631013396178592,0.,-0.00531960251154871));
#7307=CARTESIAN_POINT('',(0.0063492316749277,0.,-0.00533782085603301));
#7308=CARTESIAN_POINT('',(0.00639160846771636,0.,-0.0053565449848107));
#7309=CARTESIAN_POINT('',(0.00643729903390034,0.,-0.00537565051041304));
#7310=CARTESIAN_POINT('',(0.00648633439787079,0.,-0.00539501188655973));
#7311=CARTESIAN_POINT('',(0.00653874187775066,0.,-0.00541450250212722));
#7312=CARTESIAN_POINT('',(0.00659454505800557,0.,-0.00543399477902551));
#7313=CARTESIAN_POINT('',(0.00665376375668211,0.,-0.00545336027534177));
#7314=CARTESIAN_POINT('',(0.00671641402029895,0.,-0.00547246976727929));
#7315=CARTESIAN_POINT('',(0.00678250802531732,0.,-0.00549119341798816));
#7316=CARTESIAN_POINT('',(0.00685205435274086,0.,-0.00550940061305525));
#7317=CARTESIAN_POINT('',(0.00692505683417613,0.,-0.00552696108612339));
#7318=CARTESIAN_POINT('',(0.00700151891842456,0.,-0.0055437410723506));
#7319=CARTESIAN_POINT('',(0.0070814267927515,0.,-0.00555961861008669));
#7320=CARTESIAN_POINT('',(0.00716481422225882,0.,-0.0055744252037308));
#7321=CARTESIAN_POINT('',(0.00723158521303134,0.,-0.00558501096634929));
#7322=CARTESIAN_POINT('',(0.00727065244337175,0.,-0.00559053074629916));
#7323=CARTESIAN_POINT('',(0.0072803410115635,0.,-0.00559187220484754));
#7324=CARTESIAN_POINT('',(0.00601379579533547,0.,-0.00512812333063576));
#7325=CARTESIAN_POINT('',(0.00584667178616479,0.,-0.00532417390620335));
#7326=CARTESIAN_POINT('',(0.00565619730637561,0.,-0.00515072150590084));
#7327=CARTESIAN_POINT('',(3.22501072293907E-16,0.,-3.04038512905105E-16));
#7328=CARTESIAN_POINT('',(0.00549571330100699,0.,-0.00532161961372052));
#7329=CARTESIAN_POINT('',(0.00568078342416197,0.,-0.005500827069305));
#7330=CARTESIAN_POINT('',(0.00549561351298342,0.,-0.00567993141491333));
#7331=CARTESIAN_POINT('',(0.00531931657855877,0.,-0.0054979424457764));
#7332=CARTESIAN_POINT('',(0.00542955553487282,0.,-0.00561167997559676));
#7333=CARTESIAN_POINT('',(0.00555290198383754,0.,-0.00573894098102024));
#7334=CARTESIAN_POINT('',(0.00555788516548367,0.,-0.00574474479153013));
#7335=CARTESIAN_POINT('',(0.00556389024093563,0.,-0.0057515372008953));
#7336=CARTESIAN_POINT('',(0.00557081991426249,0.,-0.00575981995179393));
#7337=CARTESIAN_POINT('',(0.00557993204451382,0.,-0.00577109776495765));
#7338=CARTESIAN_POINT('',(0.00559066364413246,0.,-0.00578496361199942));
#7339=CARTESIAN_POINT('',(0.00560305543872969,0.,-0.00580164348627687));
#7340=CARTESIAN_POINT('',(0.00561695457403907,0.,-0.00582115935295681));
#7341=CARTESIAN_POINT('',(0.00563226495737223,0.,-0.00584359177172773));
#7342=CARTESIAN_POINT('',(0.00564887083056549,0.,-0.00586899952617437));
#7343=CARTESIAN_POINT('',(0.00566665974284499,0.,-0.00589744359133055));
#7344=CARTESIAN_POINT('',(0.00568551587140319,0.,-0.00592897997755937));
#7345=CARTESIAN_POINT('',(0.00570532208089988,0.,-0.00596366174843574));
#7346=CARTESIAN_POINT('',(0.00572595944136351,0.,-0.00600153837185652));
#7347=CARTESIAN_POINT('',(0.00574730748318537,0.,-0.00604265584595099));
#7348=CARTESIAN_POINT('',(0.00576924424278545,0.,-0.00608705660636117));
#7349=CARTESIAN_POINT('',(0.00579164636965801,0.,-0.00613477949937483));
#7350=CARTESIAN_POINT('',(0.00581438921783677,0.,-0.00618585973918708));
#7351=CARTESIAN_POINT('',(0.00583734694185878,0.,-0.00624032887441953));
#7352=CARTESIAN_POINT('',(0.00586039259764744,0.,-0.00629821474894682));
#7353=CARTESIAN_POINT('',(0.00588339822396891,0.,-0.0063595414916528));
#7354=CARTESIAN_POINT('',(0.005906235004743,0.,-0.00642432940749451));
#7355=CARTESIAN_POINT('',(0.00592877312209994,0.,-0.0064925952618898));
#7356=CARTESIAN_POINT('',(0.00595088280732204,0.,-0.00656435105837666));
#7357=CARTESIAN_POINT('',(0.00597243077607371,0.,-0.00663960863811502));
#7358=CARTESIAN_POINT('',(0.00599329444005943,0.,-0.0067183618736619));
#7359=CARTESIAN_POINT('',(0.00601330775629421,0.,-0.00680065504341776));
#7360=CARTESIAN_POINT('',(0.00602806521552835,0.,-0.00686662959135794));
#7361=CARTESIAN_POINT('',(0.006036027155143,0.,-0.0069052731415926));
#7362=CARTESIAN_POINT('',(0.00603797431685962,0.,-0.00691485836072898));
#7363=CARTESIAN_POINT('',(0.00440381823653829,0.,-0.00625530854071426));
#7364=CARTESIAN_POINT('',(0.00449488444145752,0.,-0.00638490714989066));
#7365=CARTESIAN_POINT('',(0.00459677848484343,0.,-0.00652991512862311));
#7366=CARTESIAN_POINT('',(0.00460154573878526,0.,-0.00653589757006513));
#7367=CARTESIAN_POINT('',(0.00460709259697403,0.,-0.0065430690497173));
#7368=CARTESIAN_POINT('',(0.00461393014628507,0.,-0.00655142801222976));
#7369=CARTESIAN_POINT('',(0.00462330075542672,0.,-0.00656249199305889));
#7370=CARTESIAN_POINT('',(0.00463491009895226,0.,-0.00657563170719073));
#7371=CARTESIAN_POINT('',(0.00464897253603705,0.,-0.00659092950580648));
#7372=CARTESIAN_POINT('',(0.0046655382848178,0.,-0.0066082393579708));
#7373=CARTESIAN_POINT('',(0.0046847044840237,0.,-0.00662748196844136));
#7374=CARTESIAN_POINT('',(0.00470655056693749,0.,-0.00664855464439521));
#7375=CARTESIAN_POINT('',(0.00473115749973131,0.,-0.00667135835245281));
#7376=CARTESIAN_POINT('',(0.0047586020037007,0.,-0.00669578981664248));
#7377=CARTESIAN_POINT('',(0.00478895815149281,0.,-0.00672174391953531));
#7378=CARTESIAN_POINT('',(0.00482229682004644,0.,-0.00674911310709608));
#7379=CARTESIAN_POINT('',(0.00485868576649119,0.,-0.00677778766275398));
#7380=CARTESIAN_POINT('',(0.00489818952851316,0.,-0.00680765573488571));
#7381=CARTESIAN_POINT('',(0.00494086937790547,0.,-0.00683860343693056));
#7382=CARTESIAN_POINT('',(0.00498678326144805,0.,-0.00687051492922719));
#7383=CARTESIAN_POINT('',(0.00503598575003796,0.,-0.00690327250700396));
#7384=CARTESIAN_POINT('',(0.00508852798130622,0.,-0.00693675669213471));
#7385=CARTESIAN_POINT('',(0.00514445763429205,0.,-0.00697084631123283));
#7386=CARTESIAN_POINT('',(0.00520381879202229,0.,-0.00700541863467459));
#7387=CARTESIAN_POINT('',(0.00526665224839625,0.,-0.00704034928554765));
#7388=CARTESIAN_POINT('',(0.00533299411056918,0.,-0.0070755130429338));
#7389=CARTESIAN_POINT('',(0.00540288098495553,0.,-0.00711078120214157));
#7390=CARTESIAN_POINT('',(0.00547632982340215,0.,-0.00714603219808288));
#7391=CARTESIAN_POINT('',(0.00555341523337009,0.,-0.00718111122579539));
#7392=CARTESIAN_POINT('',(0.00561545591857308,0.,-0.00720796968737646));
#7393=CARTESIAN_POINT('',(0.00565192306657983,0.,-0.00722303167839424));
#7394=CARTESIAN_POINT('',(0.00566097364341077,0.,-0.00722674044148595));
#7395=CARTESIAN_POINT('',(0.00454954892936483,0.,-0.00646258410401913));
#7396=CARTESIAN_POINT('',(0.0043389196327453,0.,-0.00661091333926027));
#7397=CARTESIAN_POINT('',(0.00419756511685646,0.,-0.00639554118818337));
#7398=CARTESIAN_POINT('',(2.36757804601665E-16,0.,-3.74689339213791E-16));
#7399=CARTESIAN_POINT('',(0.00399962238047558,0.,-0.00652115946849937));
#7400=CARTESIAN_POINT('',(0.00413431110348309,0.,-0.0067407618603722));
#7401=CARTESIAN_POINT('',(0.00391041720606779,0.,-0.00686818942929607));
#7402=CARTESIAN_POINT('',(0.00378491778022538,0.,-0.00664807471354931));
#7403=CARTESIAN_POINT('',(0.00386340800355413,0.,-0.00678565428332859));
#7404=CARTESIAN_POINT('',(0.00395123077192712,0.,-0.00693959216472529));
#7405=CARTESIAN_POINT('',(0.00395461404877759,0.,-0.00694645290473685));
#7406=CARTESIAN_POINT('',(0.00395874126022305,0.,-0.00695452531960801));
#7407=CARTESIAN_POINT('',(0.00396339338873317,0.,-0.00696427119233399));
#7408=CARTESIAN_POINT('',(0.00396941456657347,0.,-0.00697746078690276));
#7409=CARTESIAN_POINT('',(0.0039763607173198,0.,-0.00699355985316046));
#7410=CARTESIAN_POINT('',(0.00398421508485087,0.,-0.0070127974125155));
#7411=CARTESIAN_POINT('',(0.00399282415458322,0.,-0.0070351567267483));
#7412=CARTESIAN_POINT('',(0.00400207481837717,0.,-0.00706069192733677));
#7413=CARTESIAN_POINT('',(0.00401184033594155,0.,-0.00708943116318659));
#7414=CARTESIAN_POINT('',(0.00402199662547606,0.,-0.00712140552831847));
#7415=CARTESIAN_POINT('',(0.00403241757374879,0.,-0.00715664046946606));
#7416=CARTESIAN_POINT('',(0.00404297652906714,0.,-0.00719515825273993));
#7417=CARTESIAN_POINT('',(0.00405354599569765,0.,-0.0072369772152308));
#7418=CARTESIAN_POINT('',(0.00406399784953632,0.,-0.00728211195037871));
#7419=CARTESIAN_POINT('',(0.00407420340539825,0.,-0.00733057322952302));
#7420=CARTESIAN_POINT('',(0.00408403352738172,0.,-0.00738236800250059));
#7421=CARTESIAN_POINT('',(0.00409335872808851,0.,-0.00743749937899653));
#7422=CARTESIAN_POINT('',(0.00410204926989914,0.,-0.00749596661998051));
#7423=CARTESIAN_POINT('',(0.00410997527242857,0.,-0.00755776512485257));
#7424=CARTESIAN_POINT('',(0.00411700679397104,0.,-0.0076228864417785));
#7425=CARTESIAN_POINT('',(0.00412301401580288,0.,-0.00769131820254131));
#7426=CARTESIAN_POINT('',(0.00412786702913158,0.,-0.00776304436145105));
#7427=CARTESIAN_POINT('',(0.00413143715700382,0.,-0.00783804427276473));
#7428=CARTESIAN_POINT('',(0.00413359235767977,0.,-0.00791629625916409));
#7429=CARTESIAN_POINT('',(0.00413421541803376,0.,-0.00799776389924165));
#7430=CARTESIAN_POINT('',(0.00413313450003609,0.,-0.0080824487870993));
#7431=CARTESIAN_POINT('',(0.00413102112366833,0.,-0.00815002065416901));
#7432=CARTESIAN_POINT('',(0.0041291226641615,0.,-0.0081894302000769));
#7433=CARTESIAN_POINT('',(0.00412862490514673,0.,-0.00819919852135574));
#7434=CARTESIAN_POINT('',(0.00270983221341059,0.,-0.00715397158053918));
#7435=CARTESIAN_POINT('',(0.00276580754255044,0.,-0.00730214585531903));
#7436=CARTESIAN_POINT('',(0.00282843837932436,0.,-0.00746793815990099));
#7437=CARTESIAN_POINT('',(0.00283156808853006,0.,-0.00747491821978904));
#7438=CARTESIAN_POINT('',(0.00283515720750337,0.,-0.0074832438417576));
#7439=CARTESIAN_POINT('',(0.00283970115318539,0.,-0.00749304062145832));
#7440=CARTESIAN_POINT('',(0.00284602586726552,0.,-0.00750608738271457));
#7441=CARTESIAN_POINT('',(0.00285400276789129,0.,-0.00752170141489614));
#7442=CARTESIAN_POINT('',(0.00286381899984443,0.,-0.00754001579092957));
#7443=CARTESIAN_POINT('',(0.00287555951998336,0.,-0.00756090155645265));
#7444=CARTESIAN_POINT('',(0.00288933813517035,0.,-0.00758430606484848));
#7445=CARTESIAN_POINT('',(0.00290525732181204,0.,-0.00761014960383212));
#7446=CARTESIAN_POINT('',(0.00292342013097938,0.,-0.00763835638680798));
#7447=CARTESIAN_POINT('',(0.00294392655731706,0.,-0.00766884546221925));
#7448=CARTESIAN_POINT('',(0.00296687448798534,0.,-0.00770153343621263));
#7449=CARTESIAN_POINT('',(0.00299235932079456,0.,-0.00773633376013859));
#7450=CARTESIAN_POINT('',(0.00302047396956109,0.,-0.00777315701488707));
#7451=CARTESIAN_POINT('',(0.00305130876076852,0.,-0.00781191091272907));
#7452=CARTESIAN_POINT('',(0.00308495136367988,0.,-0.00785250038273492));
#7453=CARTESIAN_POINT('',(0.00312148671272273,0.,-0.00789482763533743));
#7454=CARTESIAN_POINT('',(0.00316099693633545,0.,-0.00793879223490702));
#7455=CARTESIAN_POINT('',(0.00320356127856804,0.,-0.00798429117435428));
#7456=CARTESIAN_POINT('',(0.00324925605513087,0.,-0.00803121894447222));
#7457=CARTESIAN_POINT('',(0.00329815448571772,0.,-0.00807946763441691));
#7458=CARTESIAN_POINT('',(0.00335032701389283,0.,-0.00812892691983563));
#7459=CARTESIAN_POINT('',(0.0034058397536148,0.,-0.00817948449333996));
#7460=CARTESIAN_POINT('',(0.00346476016879544,0.,-0.00823102479737807));
#7461=CARTESIAN_POINT('',(0.0035271349107162,0.,-0.00828343430180551));
#7462=CARTESIAN_POINT('',(0.00359307474133617,0.,-0.00833658161926359));
#7463=CARTESIAN_POINT('',(0.00364648687654864,0.,-0.0083780251638876));
#7464=CARTESIAN_POINT('',(0.00367806257719568,0.,-0.00840168296568351));
#7465=CARTESIAN_POINT('',(0.00368590648163782,0.,-0.00840752599809363));
#7466=CARTESIAN_POINT('',(0.00279943717209166,0.,-0.00739097695042521));
#7467=CARTESIAN_POINT('',(0.00255853720137025,0.,-0.00748226477397295));
#7468=CARTESIAN_POINT('',(0.0024751844734806,0.,-0.00723850549645717));
#7469=CARTESIAN_POINT('',(1.36138173312004E-16,0.,-4.21797056328678E-16));
#7470=CARTESIAN_POINT('',(0.00225222047619671,0.,-0.00731095089072552));
#7471=CARTESIAN_POINT('',(0.00232806481123973,0.,-0.00755714979296423));
#7472=CARTESIAN_POINT('',(0.00207951500458644,0.,-0.00762489384240234));
#7473=CARTESIAN_POINT('',(0.00201269867780656,0.,-0.00738048399716141));
#7474=CARTESIAN_POINT('',(0.00205450833875141,0.,-0.00753326097654811));
#7475=CARTESIAN_POINT('',(0.00210128919900625,0.,-0.00770420325068596));
#7476=CARTESIAN_POINT('',(0.0021028599873337,0.,-0.00771168983467222));
#7477=CARTESIAN_POINT('',(0.00210485000689874,0.,-0.00772053503553476));
#7478=CARTESIAN_POINT('',(0.00210693228024851,0.,-0.0077311316610619));
#7479=CARTESIAN_POINT('',(0.00210948417292973,0.,-0.00774540428630103));
#7480=CARTESIAN_POINT('',(0.00211220842260619,0.,-0.00776272500823347));
#7481=CARTESIAN_POINT('',(0.00211503184427276,0.,-0.00778331148606102));
#7482=CARTESIAN_POINT('',(0.00211780990891486,0.,-0.00780710932990163));
#7483=CARTESIAN_POINT('',(0.00212041959994186,0.,-0.00783414284174278));
#7484=CARTESIAN_POINT('',(0.00212273115849373,0.,-0.00786440776711181));
#7485=CARTESIAN_POINT('',(0.00212461666825959,0.,-0.00789790336526468));
#7486=CARTESIAN_POINT('',(0.00212594764974129,0.,-0.00793462292039369));
#7487=CARTESIAN_POINT('',(0.00212659589288554,0.,-0.00797455650208347));
#7488=CARTESIAN_POINT('',(0.00212643334722276,0.,-0.00801769016443172));
#7489=CARTESIAN_POINT('',(0.00212533228466232,0.,-0.00806400617922979));
#7490=CARTESIAN_POINT('',(0.00212316538417788,0.,-0.00811348297671148));
#7491=CARTESIAN_POINT('',(0.0021198058385554,0.,-0.00816609517357892));
#7492=CARTESIAN_POINT('',(0.00211512745513412,0.,-0.00822181357961429));
#7493=CARTESIAN_POINT('',(0.00210900475602983,0.,-0.00828060521457132));
#7494=CARTESIAN_POINT('',(0.00210131308541131,0.,-0.00834243332244803));
#7495=CARTESIAN_POINT('',(0.00209192868581612,0.,-0.008407257401752));
#7496=CARTESIAN_POINT('',(0.00208072889286501,0.,-0.00847503318823278));
#7497=CARTESIAN_POINT('',(0.00206759186948989,0.,-0.00854571283330231));
#7498=CARTESIAN_POINT('',(0.00205239811574804,0.,-0.0086192443391846));
#7499=CARTESIAN_POINT('',(0.00203502512916355,0.,-0.0086955738721488));
#7500=CARTESIAN_POINT('',(0.00201536843671231,0.,-0.00877463700531395));
#7501=CARTESIAN_POINT('',(0.00199326120253531,0.,-0.00885639254832005));
#7502=CARTESIAN_POINT('',(0.00197440978177528,0.,-0.00892131594559936));
#7503=CARTESIAN_POINT('',(0.00196277021033983,0.,-0.00895901524047293));
#7504=CARTESIAN_POINT('',(0.00195985880662321,0.,-0.00896835288434289));
#7505=CARTESIAN_POINT('',(0.000845577466248556,0.,-0.0076031242754918));
#7506=CARTESIAN_POINT('',(0.000862944783816319,0.,-0.00776056388124381));
#7507=CARTESIAN_POINT('',(0.000882377088163647,0.,-0.00793672317143696));
#7508=CARTESIAN_POINT('',(0.000883672601493551,0.,-0.00794426226693742));
#7509=CARTESIAN_POINT('',(0.000885078463706444,0.,-0.00795321890177457));
#7510=CARTESIAN_POINT('',(0.000887043292940789,0.,-0.00796383793096493));
#7511=CARTESIAN_POINT('',(0.000889924706913072,0.,-0.00797804769665593));
#7512=CARTESIAN_POINT('',(0.00089376794663576,0.,-0.00799515495982087));
#7513=CARTESIAN_POINT('',(0.000898721183502059,0.,-0.00801533515367024));
#7514=CARTESIAN_POINT('',(0.000904898774940236,0.,-0.00803848450309178));
#7515=CARTESIAN_POINT('',(0.000912424045041916,0.,-0.00806458031807462));
#7516=CARTESIAN_POINT('',(0.000921416074368142,0.,-0.00809357087548782));
#7517=CARTESIAN_POINT('',(0.000931993523810867,0.,-0.00812540839747027));
#7518=CARTESIAN_POINT('',(0.000944273378332679,0.,-0.00816003934336408));
#7519=CARTESIAN_POINT('',(0.000958371188996661,0.,-0.00819740728283404));
#7520=CARTESIAN_POINT('',(0.000974400880289398,0.,-0.00823745211078629));
#7521=CARTESIAN_POINT('',(0.000992474684597267,0.,-0.00828011032410304));
#7522=CARTESIAN_POINT('',(0.00101270304165618,0.,-0.00832531499772703));
#7523=CARTESIAN_POINT('',(0.00103519450961682,0.,-0.00837299585001579));
#7524=CARTESIAN_POINT('',(0.00106005567381196,0.,-0.00842307928597441));
#7525=CARTESIAN_POINT('',(0.00108739105978946,0.,-0.00847548844985539));
#7526=CARTESIAN_POINT('',(0.0011173030388232,0.,-0.00853014327792028));
#7527=CARTESIAN_POINT('',(0.00114989176809797,0.,-0.00858696055467327));
#7528=CARTESIAN_POINT('',(0.00118525500331181,0.,-0.0086458539684854));
#7529=CARTESIAN_POINT('',(0.0012234884114657,0.,-0.0087067341796484));
#7530=CARTESIAN_POINT('',(0.00126468395913839,0.,-0.00876950885098988));
#7531=CARTESIAN_POINT('',(0.00130893572873339,0.,-0.00883408283300362));
#7532=CARTESIAN_POINT('',(0.00135631713969515,0.,-0.00890035776400535));
#7533=CARTESIAN_POINT('',(0.00140696814889956,0.,-0.00896823392979095));
#7534=CARTESIAN_POINT('',(0.00144839565323004,0.,-0.00902165850713048));
#7535=CARTESIAN_POINT('',(0.0014730958891184,0.,-0.00905242561301038));
#7536=CARTESIAN_POINT('',(0.00147924025980779,0.,-0.00906003577552339));
#7537=CARTESIAN_POINT('',(0.000873426481686252,0.,-0.00785496753292428));
#7538=CARTESIAN_POINT('',(0.000617392467991497,0.,-0.00788347799509197));
#7539=CARTESIAN_POINT('',(0.000597278886544234,0.,-0.00762664788302755));
#7540=CARTESIAN_POINT('',(2.69644799119713E-17,0.,-4.42401713133374E-16));
#7541=CARTESIAN_POINT('',(0.000363303276310927,0.,-0.00764136838069084));
#7542=CARTESIAN_POINT('',(0.000375537644882728,0.,-0.00789869421081155));
#7543=CARTESIAN_POINT('',(0.00011794922744572,0.,-0.00790249813299252));
#7544=CARTESIAN_POINT('',(0.000114014315273211,0.,-0.00764915032771044));
#7545=CARTESIAN_POINT('',(0.000116516359071824,0.,-0.00780752517721527));
#7546=CARTESIAN_POINT('',(0.000119315897710724,0.,-0.00798473091232848));
#7547=CARTESIAN_POINT('',(0.0001189754991076,0.,-0.00799237293068386));
#7548=CARTESIAN_POINT('',(0.000118703286544162,0.,-0.0080014351410372));
#7549=CARTESIAN_POINT('',(0.000118084867840936,0.,-0.00801221669441197));
#7550=CARTESIAN_POINT('',(0.000117007130560707,0.,-0.00802667554878664));
#7551=CARTESIAN_POINT('',(0.000115338304541049,0.,-0.00804412960173364));
#7552=CARTESIAN_POINT('',(0.000112953374375997,0.,-0.00806477147392003));
#7553=CARTESIAN_POINT('',(0.000109725877909378,0.,-0.00808851254131759));
#7554=CARTESIAN_POINT('',(0.000105530619684435,0.,-0.00811534574944014));
#7555=CARTESIAN_POINT('',(0.000100242975498663,0.,-0.00814523470776084));
#7556=CARTESIAN_POINT('',(9.37392319828597E-5,0.,-0.00817814688731457));
#7557=CARTESIAN_POINT('',(8.58966162120286E-5,0.,-0.00821404383173117));
#7558=CARTESIAN_POINT('',(7.65934156813497E-5,0.,-0.00825288403803383));
#7559=CARTESIAN_POINT('',(6.57090710670744E-5,0.,-0.00829462215359963));
#7560=CARTESIAN_POINT('',(5.31242759176208E-5,0.,-0.0083392092424997));
#7561=CARTESIAN_POINT('',(3.87210734135474E-5,0.,-0.00838659274917007));
#7562=CARTESIAN_POINT('',(2.23829527921087E-5,0.,-0.00843671655210407));
#7563=CARTESIAN_POINT('',(3.99494527901555E-6,0.,-0.00848952099530971));
#7564=CARTESIAN_POINT('',(-1.65562830377565E-5,0.,-0.00854494292959492));
#7565=CARTESIAN_POINT('',(-3.93823308512745E-5,0.,-0.00860291575307051));
#7566=CARTESIAN_POINT('',(-6.45929952441536E-5,0.,-0.00866336945944356));
#7567=CARTESIAN_POINT('',(-9.22960787971358E-5,0.,-0.00872623066971582));
#7568=CARTESIAN_POINT('',(-0.000122597691382828,0.,-0.00879142273890388));
#7569=CARTESIAN_POINT('',(-0.000155600647312443,0.,-0.00885886558441022));
#7570=CARTESIAN_POINT('',(-0.000191410212516915,0.,-0.00892847659866274));
#7571=CARTESIAN_POINT('',(-0.000230111555494403,0.,-0.00900016739748484));
#7572=CARTESIAN_POINT('',(-0.000271856027022656,0.,-0.00907385659419648));
#7573=CARTESIAN_POINT('',(-0.000306260988077922,0.,-0.00913205214586277));
#7574=CARTESIAN_POINT('',(-0.000326910314361358,0.,-0.00916567240435681));
#7575=CARTESIAN_POINT('',(-0.00033205242857693,0.,-0.00917399265231209));
#7576=CARTESIAN_POINT('',(-0.00107180802293426,0.,-0.00757454470988018));
#7577=CARTESIAN_POINT('',(-0.0010941399693739,0.,-0.00773135713715259));
#7578=CARTESIAN_POINT('',(-0.00111912720060233,0.,-0.00790681467688553));
#7579=CARTESIAN_POINT('',(-0.0011197472850153,0.,-0.00791443909890125));
#7580=CARTESIAN_POINT('',(-0.00112061301505605,0.,-0.00792346396829999));
#7581=CARTESIAN_POINT('',(-0.00112135075971632,0.,-0.00793423801432189));
#7582=CARTESIAN_POINT('',(-0.00112209369568886,0.,-0.00794871793260943));
#7583=CARTESIAN_POINT('',(-0.00112262560175547,0.,-0.00796624351449696));
#7584=CARTESIAN_POINT('',(-0.00112284659006506,0.,-0.00798702153036515));
#7585=CARTESIAN_POINT('',(-0.00112262008811729,0.,-0.00801097990492365));
#7586=CARTESIAN_POINT('',(-0.00112182100349742,0.,-0.00803812733046443));
#7587=CARTESIAN_POINT('',(-0.0011203211337596,0.,-0.00806844332296512));
#7588=CARTESIAN_POINT('',(-0.0011179936640911,0.,-0.00810191111535778));
#7589=CARTESIAN_POINT('',(-0.00111471196980691,0.,-0.00813850794203991));
#7590=CARTESIAN_POINT('',(-0.00111035009643937,0.,-0.00817820788191988));
#7591=CARTESIAN_POINT('',(-0.00110478275112011,0.,-0.0082209810500836));
#7592=CARTESIAN_POINT('',(-0.00109788543486637,0.,-0.00826679384954));
#7593=CARTESIAN_POINT('',(-0.00108953453402469,0.,-0.00831560892305102));
#7594=CARTESIAN_POINT('',(-0.00107960742266457,0.,-0.00836738519431549));
#7595=CARTESIAN_POINT('',(-0.00106798256169647,0.,-0.00842207788715495));
#7596=CARTESIAN_POINT('',(-0.00105453959618768,0.,-0.00847963855483325));
#7597=CARTESIAN_POINT('',(-0.00103915946000404,0.,-0.00854001510766206));
#7598=CARTESIAN_POINT('',(-0.00102172444773064,0.,-0.00860315185259238));
#7599=CARTESIAN_POINT('',(-0.00100211841001517,0.,-0.0086689895004873));
#7600=CARTESIAN_POINT('',(-0.000980226467529452,0.,-0.00873746530982546));
#7601=CARTESIAN_POINT('',(-0.000955936579672936,0.,-0.00880851271553462));
#7602=CARTESIAN_POINT('',(-0.000929133957093859,0.,-0.00888206295474757));
#7603=CARTESIAN_POINT('',(-0.000899723025398461,0.,-0.0089580390146666));
#7604=CARTESIAN_POINT('',(-0.000867543426799304,0.,-0.00903637911965234));
#7605=CARTESIAN_POINT('',(-0.000840703595807617,0.,-0.00909842786703129));
#7606=CARTESIAN_POINT('',(-0.000824430831339907,0.,-0.00913437106657924));
#7607=CARTESIAN_POINT('',(-0.000820372067811091,0.,-0.00914327018469625));
#7608=CARTESIAN_POINT('',(-0.00110746480680141,0.,-0.00782540161677991));
#7609=CARTESIAN_POINT('',(-0.00136254530476183,0.,-0.00778934330037542));
#7610=CARTESIAN_POINT('',(-0.0013181559294718,0.,-0.00753557993425844));
#7611=CARTESIAN_POINT('',(-8.39034909293507E-17,0.,-4.35208643262212E-16));
#7612=CARTESIAN_POINT('',(-0.00154844160456147,0.,-0.00749165059231029));
#7613=CARTESIAN_POINT('',(-0.00160058593283311,0.,-0.00774393462202831));
#7614=CARTESIAN_POINT('',(-0.00185102773344233,0.,-0.00768355940253166));
#7615=CARTESIAN_POINT('',(-0.00179183398600408,0.,-0.00743719241156236));
#7616=CARTESIAN_POINT('',(-0.00182879677196544,0.,-0.00759121385692898));
#7617=CARTESIAN_POINT('',(-0.00187015446025115,0.,-0.00776354856496327));
#7618=CARTESIAN_POINT('',(-0.00187238465728871,0.,-0.00777086584156912));
#7619=CARTESIAN_POINT('',(-0.00187490199786414,0.,-0.00777957564940828));
#7620=CARTESIAN_POINT('',(-0.00187818225109885,0.,-0.00778986468598038));
#7621=CARTESIAN_POINT('',(-0.00188282190014357,0.,-0.00780360126649428));
#7622=CARTESIAN_POINT('',(-0.00188877894338302,0.,-0.00782009194811766));
#7623=CARTESIAN_POINT('',(-0.00189622237144626,0.,-0.00783949220991793));
#7624=CARTESIAN_POINT('',(-0.00190525263354871,0.,-0.00786168476229432));
#7625=CARTESIAN_POINT('',(-0.00191598923752224,0.,-0.00788663163754629));
#7626=CARTESIAN_POINT('',(-0.00192854384231487,0.,-0.00791426659564347));
#7627=CARTESIAN_POINT('',(-0.00194302818498814,0.,-0.00794452736331416));
#7628=CARTESIAN_POINT('',(-0.0019595516176195,0.,-0.00797734615998092));
#7629=CARTESIAN_POINT('',(-0.00197822170752099,0.,-0.0080126525178902));
#7630=CARTESIAN_POINT('',(-0.00199914394768482,0.,-0.00805037252737048));
#7631=CARTESIAN_POINT('',(-0.00202242172646041,0.,-0.00809042911959712));
#7632=CARTESIAN_POINT('',(-0.00204815622479951,0.,-0.00813274205546772));
#7633=CARTESIAN_POINT('',(-0.00207644633621385,0.,-0.00817722800158749));
#7634=CARTESIAN_POINT('',(-0.00210738858168035,0.,-0.00822380058459563));
#7635=CARTESIAN_POINT('',(-0.00214107702995233,0.,-0.00827237045425026));
#7636=CARTESIAN_POINT('',(-0.0021776032104284,0.,-0.00832284534761664));
#7637=CARTESIAN_POINT('',(-0.00221705606085682,0.,-0.00837513015235418));
#7638=CARTESIAN_POINT('',(-0.00225952174838723,0.,-0.00842912698538914));
#7639=CARTESIAN_POINT('',(-0.0023050839884232,0.,-0.00848473522122898));
#7640=CARTESIAN_POINT('',(-0.00235382244944314,0.,-0.00854185172433877));
#7641=CARTESIAN_POINT('',(-0.00240581854658743,0.,-0.00860037030384274));
#7642=CARTESIAN_POINT('',(-0.00246113279237831,0.,-0.00866018417177148));
#7643=CARTESIAN_POINT('',(-0.00251989154258627,0.,-0.00872117685894935));
#7644=CARTESIAN_POINT('',(-0.00256768825370108,0.,-0.00876898792446317));
#7645=CARTESIAN_POINT('',(-0.0025960498617192,0.,-0.00879641666208983));
#7646=CARTESIAN_POINT('',(-0.00260309958848618,0.,-0.00880319672235166));
#7647=CARTESIAN_POINT('',(-0.00292184787220194,0.,-0.00707002864291999));
#7648=CARTESIAN_POINT('',(-0.00298247588432302,0.,-0.0072163607901915));
#7649=CARTESIAN_POINT('',(-0.00305031261149251,0.,-0.00738009193695513));
#7650=CARTESIAN_POINT('',(-0.00305280933146419,0.,-0.00738732261501021));
#7651=CARTESIAN_POINT('',(-0.00305589225675619,0.,-0.00739584865323506));
#7652=CARTESIAN_POINT('',(-0.00305928622010084,0.,-0.00740610074315277));
#7653=CARTESIAN_POINT('',(-0.00306360682461872,0.,-0.00741994098751742));
#7654=CARTESIAN_POINT('',(-0.00306848045486025,0.,-0.00743678369136298));
#7655=CARTESIAN_POINT('',(-0.00307386178283749,0.,-0.0074568539700968));
#7656=CARTESIAN_POINT('',(-0.00307960060233052,0.,-0.007480115977006));
#7657=CARTESIAN_POINT('',(-0.00308557791261796,0.,-0.00750660924051675));
#7658=CARTESIAN_POINT('',(-0.0030916644448003,0.,-0.00753634580280167));
#7659=CARTESIAN_POINT('',(-0.00309773319838515,0.,-0.00756934096112259));
#7660=CARTESIAN_POINT('',(-0.00310365586525968,0.,-0.00760560415537889));
#7661=CARTESIAN_POINT('',(-0.0031093040017341,0.,-0.00764514160244006));
#7662=CARTESIAN_POINT('',(-0.00311454881917,0.,-0.00768795551535081));
#7663=CARTESIAN_POINT('',(-0.00311926137471717,0.,-0.00773404431426933));
#7664=CARTESIAN_POINT('',(-0.00312331264790506,0.,-0.0077834025570694));
#7665=CARTESIAN_POINT('',(-0.00312657365006157,0.,-0.00783602095376621));
#7666=CARTESIAN_POINT('',(-0.0031289155250884,0.,-0.00789188636044976));
#7667=CARTESIAN_POINT('',(-0.00313020965101101,0.,-0.00795098178348182));
#7668=CARTESIAN_POINT('',(-0.00313032774819806,0.,-0.00801328638021089));
#7669=CARTESIAN_POINT('',(-0.00312914195886865,0.,-0.00807877547943386));
#7670=CARTESIAN_POINT('',(-0.00312652503810718,0.,-0.00814742053986041));
#7671=CARTESIAN_POINT('',(-0.00312235011254895,0.,-0.00821918936043659));
#7672=CARTESIAN_POINT('',(-0.00311649210749459,0.,-0.00829404533071864));
#7673=CARTESIAN_POINT('',(-0.00310882273928123,0.,-0.0083719503951022));
#7674=CARTESIAN_POINT('',(-0.00309923028385645,0.,-0.00845285372867342));
#7675=CARTESIAN_POINT('',(-0.00308754405839082,0.,-0.00853673537594829));
#7676=CARTESIAN_POINT('',(-0.00307697834602913,0.,-0.00860350954236951));
#7677=CARTESIAN_POINT('',(-0.00307015553062061,0.,-0.00864237039216808));
#7678=CARTESIAN_POINT('',(-0.00306843740129199,0.,-0.00865199930156912));
#7679=CARTESIAN_POINT('',(-0.00301877000850708,0.,-0.0073041369372393));
#7680=CARTESIAN_POINT('',(-0.00325686934492586,0.,-0.00720577551889553));
#7681=CARTESIAN_POINT('',(-0.00315076616060071,0.,-0.0069710237842955));
#7682=CARTESIAN_POINT('',(-1.89499496860127E-16,0.,-4.00669813749458E-16));
#7683=CARTESIAN_POINT('',(-0.0033628922046494,0.,-0.00687120484485133));
#7684=CARTESIAN_POINT('',(-0.00347613880984573,0.,-0.00710259514074372));
#7685=CARTESIAN_POINT('',(-0.00370369781423439,0.,-0.00698183437665494));
#7686=CARTESIAN_POINT('',(-0.00358509476803631,0.,-0.00675792834411543));
#7687=CARTESIAN_POINT('',(-0.00365919987597608,0.,-0.0068979186514802));
#7688=CARTESIAN_POINT('',(-0.00374211613552844,0.,-0.00705455390892706));
#7689=CARTESIAN_POINT('',(-0.0037460959995185,0.,-0.00706108667238319));
#7690=CARTESIAN_POINT('',(-0.00375070029433944,0.,-0.00706889680844921));
#7691=CARTESIAN_POINT('',(-0.00375643627173095,0.,-0.00707804683021036));
#7692=CARTESIAN_POINT('',(-0.00376434630632725,0.,-0.0070901980169902));
#7693=CARTESIAN_POINT('',(-0.00377421726385129,0.,-0.00710468915711508));
#7694=CARTESIAN_POINT('',(-0.0037862514918525,0.,-0.00712162881873115));
#7695=CARTESIAN_POINT('',(-0.00380051711501189,0.,-0.00714087841640205));
#7696=CARTESIAN_POINT('',(-0.00381712044441989,0.,-0.00716237145486318));
#7697=CARTESIAN_POINT('',(-0.00383615315782765,0.,-0.00718601600668533));
#7698=CARTESIAN_POINT('',(-0.00385770799513854,0.,-0.0072117239671489));
#7699=CARTESIAN_POINT('',(-0.00388187401658926,0.,-0.00723940249037216));
#7700=CARTESIAN_POINT('',(-0.00390873788544925,0.,-0.00726895657157292));
#7701=CARTESIAN_POINT('',(-0.00393838339986655,0.,-0.00730028838804754));
#7702=CARTESIAN_POINT('',(-0.00397089153381811,0.,-0.00733329758059332));
#7703=CARTESIAN_POINT('',(-0.00400634033481672,0.,-0.0073678812682873));
#7704=CARTESIAN_POINT('',(-0.00404480486528006,0.,-0.00740393414199027));
#7705=CARTESIAN_POINT('',(-0.00408635713361969,0.,-0.00744134853812853));
#7706=CARTESIAN_POINT('',(-0.00413106603274451,0.,-0.0074800145196147));
#7707=CARTESIAN_POINT('',(-0.00417899727162992,0.,-0.00751981995968799));
#7708=CARTESIAN_POINT('',(-0.00423021334040402,0.,-0.00756065061621829));
#7709=CARTESIAN_POINT('',(-0.00428477335658645,0.,-0.00760239025240991));
#7710=CARTESIAN_POINT('',(-0.00434273338096504,0.,-0.00764492058493092));
#7711=CARTESIAN_POINT('',(-0.0044041449303219,0.,-0.00768812190569398));
#7712=CARTESIAN_POINT('',(-0.00446906045339415,0.,-0.00773187111288286));
#7713=CARTESIAN_POINT('',(-0.00453751200450382,0.,-0.00777604972461627));
#7714=CARTESIAN_POINT('',(-0.00460959300501637,0.,-0.00782051350740958));
#7715=CARTESIAN_POINT('',(-0.00466777822304736,0.,-0.00785493594168789));
#7716=CARTESIAN_POINT('',(-0.00470207004866169,0.,-0.00787444970998624));
#7717=CARTESIAN_POINT('',(-0.00471058442772024,0.,-0.00787926356643307));
#7718=CARTESIAN_POINT('',(-0.00458829727385438,0.,-0.00612127667457863));
#7719=CARTESIAN_POINT('',(-0.00468341187068111,0.,-0.0062479339548642));
#7720=CARTESIAN_POINT('',(-0.00478983566273758,0.,-0.00638965087854632));
#7721=CARTESIAN_POINT('',(-0.00479405214016983,0.,-0.00639603348254597));
#7722=CARTESIAN_POINT('',(-0.00479915854917879,0.,-0.00640352496725869));
#7723=CARTESIAN_POINT('',(-0.00480499547600874,0.,-0.00641261092455815));
#7724=CARTESIAN_POINT('',(-0.00481262226960004,0.,-0.00642494186154561));
#7725=CARTESIAN_POINT('',(-0.00482153139590446,0.,-0.00644004339832345));
#7726=CARTESIAN_POINT('',(-0.0048317349349214,0.,-0.00645814485049672));
#7727=CARTESIAN_POINT('',(-0.00484307848472059,0.,-0.00647924885231085));
#7728=CARTESIAN_POINT('',(-0.00485545661352695,0.,-0.00650342328460978));
#7729=CARTESIAN_POINT('',(-0.00486874710842774,0.,-0.00653071195910716));
#7730=CARTESIAN_POINT('',(-0.00488283076315888,0.,-0.00656116127621132));
#7731=CARTESIAN_POINT('',(-0.00489758564825037,0.,-0.00659481228817997));
#7732=CARTESIAN_POINT('',(-0.00491288890137967,0.,-0.00663170295921491));
#7733=CARTESIAN_POINT('',(-0.00492861633040214,0.,-0.00667186746126596));
#7734=CARTESIAN_POINT('',(-0.00494464265055362,0.,-0.0067153363309078));
#7735=CARTESIAN_POINT('',(-0.00496084154137715,0.,-0.00676213638307488));
#7736=CARTESIAN_POINT('',(-0.00497708575629168,0.,-0.00681229069782265));
#7737=CARTESIAN_POINT('',(-0.00499324721869268,0.,-0.00686581858938975));
#7738=CARTESIAN_POINT('',(-0.0050091971213555,0.,-0.00692273558500871));
#7739=CARTESIAN_POINT('',(-0.00502480603143266,0.,-0.00698305339868528));
#7740=CARTESIAN_POINT('',(-0.00503994397255184,0.,-0.00704677993124466));
#7741=CARTESIAN_POINT('',(-0.00505448059950017,0.,-0.00711391918259736));
#7742=CARTESIAN_POINT('',(-0.00506828501679655,0.,-0.00718447151546751));
#7743=CARTESIAN_POINT('',(-0.00508122697454615,0.,-0.00725843257440863));
#7744=CARTESIAN_POINT('',(-0.00509317275530931,0.,-0.0073357974022528));
#7745=CARTESIAN_POINT('',(-0.00510400150540809,0.,-0.00741654455548627));
#7746=CARTESIAN_POINT('',(-0.00511354294160091,0.,-0.00750069715265688));
#7747=CARTESIAN_POINT('',(-0.00511991523043487,0.,-0.00756800107166592));
#7748=CARTESIAN_POINT('',(-0.00512297106667023,0.,-0.00760733780160205));
#7749=CARTESIAN_POINT('',(-0.00512370152792634,0.,-0.0076170914824968));
#7750=CARTESIAN_POINT('',(-0.00474039478831879,0.,-0.00632392647119536));
#7751=CARTESIAN_POINT('',(-0.00494655230622063,0.,-0.00616944236057485));
#7752=CARTESIAN_POINT('',(-0.00478540216615173,0.,-0.00596845257233317));
#7753=CARTESIAN_POINT('',(-2.83188552472783E-16,0.,-3.40955426278329E-16));
#7754=CARTESIAN_POINT('',(-0.00496603991966683,0.,-0.00581901602646663));
#7755=CARTESIAN_POINT('',(-0.00513327310109151,0.,-0.00601497348524849));
#7756=CARTESIAN_POINT('',(-0.00532365094011037,0.,-0.00584141501950232));
#7757=CARTESIAN_POINT('',(-0.00515309086073656,0.,-0.00565403878488584));
#7758=CARTESIAN_POINT('',(-0.00525968199418336,0.,-0.00577120184838869));
#7759=CARTESIAN_POINT('',(-0.00537894689147006,0.,-0.00590229568595856));
#7760=CARTESIAN_POINT('',(-0.00538442635292118,0.,-0.00590763345871119));
#7761=CARTESIAN_POINT('',(-0.00539082829721061,0.,-0.00591405318343136));
#7762=CARTESIAN_POINT('',(-0.00539865958620399,0.,-0.0059214892608629));
#7763=CARTESIAN_POINT('',(-0.00540934298978711,0.,-0.00593129155015435));
#7764=CARTESIAN_POINT('',(-0.00542250763303166,0.,-0.00594287261715201));
#7765=CARTESIAN_POINT('',(-0.00543837650616672,0.,-0.00595628729734481));
#7766=CARTESIAN_POINT('',(-0.00545698112881465,0.,-0.00597138441729351));
#7767=CARTESIAN_POINT('',(-0.00547840793540764,0.,-0.00598807313231141));
#7768=CARTESIAN_POINT('',(-0.0055027228620497,0.,-0.00600624160370896));
#7769=CARTESIAN_POINT('',(-0.00552999382429682,0.,-0.00602578143126223));
#7770=CARTESIAN_POINT('',(-0.00556028399456274,0.,-0.00604658053763339));
#7771=CARTESIAN_POINT('',(-0.00559365368670238,0.,-0.00606852535051146));
#7772=CARTESIAN_POINT('',(-0.00563015973867371,0.,-0.00609150028072098));
#7773=CARTESIAN_POINT('',(-0.00566985562218852,0.,-0.00611538798461892));
#7774=CARTESIAN_POINT('',(-0.00571279134730834,0.,-0.00614006940384856));
#7775=CARTESIAN_POINT('',(-0.00575901342890901,0.,-0.00616542387048678));
#7776=CARTESIAN_POINT('',(-0.00580856483828343,0.,-0.00619132919564527));
#7777=CARTESIAN_POINT('',(-0.00586148496370124,0.,-0.00621766176314267));
#7778=CARTESIAN_POINT('',(-0.00591780956497806,0.,-0.00624429662772888));
#7779=CARTESIAN_POINT('',(-0.00597757075813725,0.,-0.0062711075957375));
#7780=CARTESIAN_POINT('',(-0.00604079689649725,0.,-0.00629796738023622));
#7781=CARTESIAN_POINT('',(-0.00610751286372469,0.,-0.00632474747223049));
#7782=CARTESIAN_POINT('',(-0.00617773878791651,0.,-0.00635131911277993));
#7783=CARTESIAN_POINT('',(-0.0062514948558595,0.,-0.00637755002406772));
#7784=CARTESIAN_POINT('',(-0.00632878264958455,0.,-0.00640331747495302));
#7785=CARTESIAN_POINT('',(-0.00640965678604409,0.,-0.0064284585303625));
#7786=CARTESIAN_POINT('',(-0.00647457451975212,0.,-0.00644732944526274));
#7787=CARTESIAN_POINT('',(-0.0065126418814428,0.,-0.00645770212240399));
#7788=CARTESIAN_POINT('',(-0.00652208592304296,0.,-0.00646024730273113));
#7789=CARTESIAN_POINT('',(-0.00596644708321358,0.,-0.00478790238029267));
#7790=CARTESIAN_POINT('',(-0.00609007186482031,0.,-0.00488692645085905));
#7791=CARTESIAN_POINT('',(-0.00622839572350952,0.,-0.00499772455594632));
#7792=CARTESIAN_POINT('',(-0.00623406702161817,0.,-0.00500285804340767));
#7793=CARTESIAN_POINT('',(-0.00624087605988598,0.,-0.00500884425707201));
#7794=CARTESIAN_POINT('',(-0.0062487891946218,0.,-0.00501619317764027));
#7795=CARTESIAN_POINT('',(-0.00625924295779578,0.,-0.00502624000912961));
#7796=CARTESIAN_POINT('',(-0.00627162778699191,0.,-0.00503865149374441));
#7797=CARTESIAN_POINT('',(-0.00628601241116613,0.,-0.00505364673854461));
#7798=CARTESIAN_POINT('',(-0.00630224793431893,0.,-0.0050712666932146));
#7799=CARTESIAN_POINT('',(-0.00632024911828775,0.,-0.00509160332581302));
#7800=CARTESIAN_POINT('',(-0.00633990848523335,0.,-0.00511472946474345));
#7801=CARTESIAN_POINT('',(-0.00636112211328797,0.,-0.00514071969805246));
#7802=CARTESIAN_POINT('',(-0.00638378211290143,0.,-0.0051696441108917));
#7803=CARTESIAN_POINT('',(-0.00640777892301008,0.,-0.00520157002936489));
#7804=CARTESIAN_POINT('',(-0.0064330007514122,0.,-0.00523656143717767));
#7805=CARTESIAN_POINT('',(-0.0064593338435322,0.,-0.00527467906859591));
#7806=CARTESIAN_POINT('',(-0.00648666251610556,0.,-0.00531598031073378));
#7807=CARTESIAN_POINT('',(-0.00651486926001299,0.,-0.00536051916348224));
#7808=CARTESIAN_POINT('',(-0.00654383482566781,0.,-0.00540834618564394));
#7809=CARTESIAN_POINT('',(-0.00657343831402689,0.,-0.00545950844968898));
#7810=CARTESIAN_POINT('',(-0.00660355727176846,0.,-0.00551404949024635));
#7811=CARTESIAN_POINT('',(-0.00663406777082225,0.,-0.00557200928373164));
#7812=CARTESIAN_POINT('',(-0.00666484455574725,0.,-0.00563342411992711));
#7813=CARTESIAN_POINT('',(-0.00669576093359041,0.,-0.00569832690254367));
#7814=CARTESIAN_POINT('',(-0.00672668966334138,0.,-0.00576674580480084));
#7815=CARTESIAN_POINT('',(-0.0067574999957422,0.,-0.00583870927944423));
#7816=CARTESIAN_POINT('',(-0.00678806954117046,0.,-0.00591422661173504));
#7817=CARTESIAN_POINT('',(-0.0068182391154948,0.,-0.00599336254162955));
#7818=CARTESIAN_POINT('',(-0.00684114901118133,0.,-0.00605696726046857));
#7819=CARTESIAN_POINT('',(-0.00685389148963132,0.,-0.00609430819913001));
#7820=CARTESIAN_POINT('',(-0.006857024643905,0.,-0.00610357379187632));
#7821=CARTESIAN_POINT('',(-0.00616416312962791,0.,-0.00494636044719157));
#7822=CARTESIAN_POINT('',(-0.00632542519396874,0.,-0.00474546044911741));
#7823=CARTESIAN_POINT('',(-0.00611935375412537,0.,-0.00459086153481804));
#7824=CARTESIAN_POINT('',(-3.59083829838932E-16,0.,-2.59817555427789E-16));
#7825=CARTESIAN_POINT('',(0.00789431045175039,-0.006,-0.000378485481780977));
#7826=CARTESIAN_POINT('',(0.00789431045175039,0.,-0.000378485481780977));
#7827=CARTESIAN_POINT('',(0.00796398726519897,-0.006,-0.000381837113005558));
#7828=CARTESIAN_POINT('',(0.00796398726519897,8.67361737988404E-19,-0.000381837113005558));
#7829=CARTESIAN_POINT('',(0.00798905979048451,-0.006,-0.000382940647327347));
#7830=CARTESIAN_POINT('',(0.00798905979048451,0.,-0.000382940647327347));
#7831=CARTESIAN_POINT('',(0.00804436311456228,-0.006,-0.000390752430387164));
#7832=CARTESIAN_POINT('',(0.00804436311456228,0.,-0.000390752430387164));
#7833=CARTESIAN_POINT('',(0.0081458868640504,-0.006,-0.000412170916811797));
#7834=CARTESIAN_POINT('',(0.0081458868640504,0.,-0.000412170916811797));
#7835=CARTESIAN_POINT('',(0.00828579711142757,-0.006,-0.00045469976180543));
#7836=CARTESIAN_POINT('',(0.00828579711142757,1.73472347597681E-18,-0.00045469976180543));
#7837=CARTESIAN_POINT('',(0.00849269971905856,-0.006,-0.000533326848487663));
#7838=CARTESIAN_POINT('',(0.00849269971905856,-2.60208521396521E-18,-0.000533326848487663));
#7839=CARTESIAN_POINT('',(0.00877564509457684,-0.006,-0.000671653197396315));
#7840=CARTESIAN_POINT('',(0.00877564509457684,8.67361737988404E-19,-0.000671653197396315));
#7841=CARTESIAN_POINT('',(0.00901454948377131,-0.006,-0.000822070936919335));
#7842=CARTESIAN_POINT('',(0.00901454948377131,0.,-0.000822070936919335));
#7843=CARTESIAN_POINT('',(0.00913504012891072,-0.006,-0.000907436963756078));
#7844=CARTESIAN_POINT('',(0.00913504012891072,0.,-0.000907436963756078));
#7845=CARTESIAN_POINT('',(0.00789431045135048,-0.006,-0.00037848548176174));
#7846=CARTESIAN_POINT('',(0.00789431045175039,-0.006,0.000378485481780977));
#7847=CARTESIAN_POINT('',(0.00789431045175039,0.,0.000378485481780977));
#7848=CARTESIAN_POINT('',(0.00796398726519897,-0.006,0.000381837113005558));
#7849=CARTESIAN_POINT('',(0.00796398726519897,8.67361737988404E-19,0.000381837113005558));
#7850=CARTESIAN_POINT('',(0.00798905979048451,-0.006,0.000382940647327347));
#7851=CARTESIAN_POINT('',(0.00798905979048451,0.,0.000382940647327347));
#7852=CARTESIAN_POINT('',(0.00804436311456228,-0.006,0.000390752430387164));
#7853=CARTESIAN_POINT('',(0.00804436311456228,0.,0.000390752430387164));
#7854=CARTESIAN_POINT('',(0.0081458868640504,-0.006,0.000412170916811797));
#7855=CARTESIAN_POINT('',(0.0081458868640504,0.,0.000412170916811797));
#7856=CARTESIAN_POINT('',(0.00828579711142757,-0.006,0.00045469976180543));
#7857=CARTESIAN_POINT('',(0.00828579711142757,1.73472347597681E-18,0.00045469976180543));
#7858=CARTESIAN_POINT('',(0.00849269971905856,-0.006,0.000533326848487663));
#7859=CARTESIAN_POINT('',(0.00849269971905856,-2.60208521396521E-18,0.000533326848487663));
#7860=CARTESIAN_POINT('',(0.00877564509457684,-0.006,0.000671653197396315));
#7861=CARTESIAN_POINT('',(0.00877564509457684,8.67361737988404E-19,0.000671653197396315));
#7862=CARTESIAN_POINT('',(0.00901454948377131,-0.006,0.000822070936919335));
#7863=CARTESIAN_POINT('',(0.00901454948377131,0.,0.000822070936919335));
#7864=CARTESIAN_POINT('',(0.00913504012891072,-0.006,0.000907436963756078));
#7865=CARTESIAN_POINT('',(0.00913504012891072,0.,0.000907436963756078));
#7866=CARTESIAN_POINT('',(0.00789431045135048,0.,0.00037848548176174));
#7867=CARTESIAN_POINT('',(4.43221848112074E-16,-0.006,-8.67361737988404E-19));
#7868=CARTESIAN_POINT('',(0.00764910188716239,-0.006,0.000117219110254582));
#7869=CARTESIAN_POINT('',(0.00764910188716239,-0.006,-0.000117219110254582));
#7870=CARTESIAN_POINT('',(0.00790668814589658,-0.003,-0.000121166505976072));
#7871=CARTESIAN_POINT('',(0.00790668814589658,-0.003,0.000121166505976072));
#7872=CARTESIAN_POINT('',(0.00549561351326179,-0.006,-0.00567993141520113));
#7873=CARTESIAN_POINT('',(0.00549561351326179,0.,-0.00567993141520113));
#7874=CARTESIAN_POINT('',(0.00554411137486958,-0.006,-0.0057300717102111));
#7875=CARTESIAN_POINT('',(0.00554411137486958,-8.67361737988404E-19,-0.0057300717102111));
#7876=CARTESIAN_POINT('',(0.00556163303798669,-0.006,-0.00574803947673351));
#7877=CARTESIAN_POINT('',(0.00556163303798669,0.,-0.00574803947673351));
#7878=CARTESIAN_POINT('',(0.00559659989274577,-0.006,-0.00579159175195401));
#7879=CARTESIAN_POINT('',(0.00559659989274577,-1.73472347597681E-18,-0.00579159175195401));
#7880=CARTESIAN_POINT('',(0.00565594555816544,-0.006,-0.00587670294549954));
#7881=CARTESIAN_POINT('',(0.00565594555816544,3.46944695195361E-18,-0.00587670294549954));
#7882=CARTESIAN_POINT('',(0.00572882274139928,-0.006,-0.00600348029419217));
#7883=CARTESIAN_POINT('',(0.00572882274139928,-8.67361737988404E-19,-0.00600348029419217));
#7884=CARTESIAN_POINT('',(0.00582582430665803,-0.006,-0.00620243155491197));
#7885=CARTESIAN_POINT('',(0.00582582430665803,-8.67361737988404E-19,-0.00620243155491197));
#7886=CARTESIAN_POINT('',(0.00593739170686572,-0.006,-0.00649695656155901));
#7887=CARTESIAN_POINT('',(0.00593739170686572,8.67361737988404E-19,-0.00649695656155901));
#7888=CARTESIAN_POINT('',(0.00600857748327097,-0.006,-0.00677014768289584));
#7889=CARTESIAN_POINT('',(0.00600857748327097,-8.67361737988404E-19,-0.00677014768289584));
#7890=CARTESIAN_POINT('',(0.00603797431685962,-0.006,-0.00691485836072898));
#7891=CARTESIAN_POINT('',(0.00603797431685962,0.,-0.00691485836072898));
#7892=CARTESIAN_POINT('',(0.00549561351298344,-0.006,-0.00567993141491336));
#7893=CARTESIAN_POINT('',(0.00601379579564018,-0.006,-0.00512812333089551));
#7894=CARTESIAN_POINT('',(0.00601379579564018,8.67361737988404E-19,-0.00512812333089551));
#7895=CARTESIAN_POINT('',(0.00606688235615782,-0.006,-0.00517337715787867));
#7896=CARTESIAN_POINT('',(0.00606688235615782,8.67361737988404E-19,-0.00517337715787867));
#7897=CARTESIAN_POINT('',(0.00608591486172749,-0.006,-0.00518973604060135));
#7898=CARTESIAN_POINT('',(0.00608591486172749,-1.73472347597681E-18,-0.00518973604060135));
#7899=CARTESIAN_POINT('',(0.00613157678345802,-0.006,-0.00522189922627218));
#7900=CARTESIAN_POINT('',(0.00613157678345802,5.20417042793042E-18,-0.00522189922627218));
#7901=CARTESIAN_POINT('',(0.00622024637466843,-0.006,-0.0052757836105169));
#7902=CARTESIAN_POINT('',(0.00622024637466843,-8.67361737988404E-19,-0.0052757836105169));
#7903=CARTESIAN_POINT('',(0.00635134955342002,-0.006,-0.00534055657168788));
#7904=CARTESIAN_POINT('',(0.00635134955342002,1.73472347597681E-18,-0.00534055657168788));
#7905=CARTESIAN_POINT('',(0.00655599900795063,-0.006,-0.00542487447349389));
#7906=CARTESIAN_POINT('',(0.00655599900795063,3.46944695195361E-18,-0.00542487447349389));
#7907=CARTESIAN_POINT('',(0.00685694821179651,-0.006,-0.00551772834274064));
#7908=CARTESIAN_POINT('',(0.00685694821179651,8.67361737988404E-19,-0.00551772834274064));
#7909=CARTESIAN_POINT('',(0.00713407004474339,-0.006,-0.00557161983783755));
#7910=CARTESIAN_POINT('',(0.00713407004474339,1.73472347597681E-18,-0.00557161983783755));
#7911=CARTESIAN_POINT('',(0.0072803410115635,-0.006,-0.00559187220484754));
#7912=CARTESIAN_POINT('',(0.0072803410115635,1.73472347597681E-18,-0.00559187220484754));
#7913=CARTESIAN_POINT('',(0.00601379579533549,0.,-0.00512812333063578));
#7914=CARTESIAN_POINT('',(3.22501072293907E-16,-0.006,-3.04038512905105E-16));
#7915=CARTESIAN_POINT('',(0.00565619730637561,-0.006,-0.00515072150590084));
#7916=CARTESIAN_POINT('',(0.00549571330100699,-0.006,-0.00532161961372052));
#7917=CARTESIAN_POINT('',(0.00568078342416197,-0.003,-0.005500827069305));
#7918=CARTESIAN_POINT('',(0.00584667178616479,-0.003,-0.00532417390620335));
#7919=CARTESIAN_POINT('',(0.00391041720626584,-0.006,-0.00686818942964406));
#7920=CARTESIAN_POINT('',(0.00391041720626584,-8.67361737988404E-19,-0.00686818942964406));
#7921=CARTESIAN_POINT('',(0.00394492203406145,-0.006,-0.00692881540281572));
#7922=CARTESIAN_POINT('',(0.00394492203406145,-8.67361737988404E-19,-0.00692881540281572));
#7923=CARTESIAN_POINT('',(0.0039574248200826,-0.006,-0.00695057613933595));
#7924=CARTESIAN_POINT('',(0.0039574248200826,8.67361737988404E-19,-0.00695057613933595));
#7925=CARTESIAN_POINT('',(0.0039804621163895,-0.006,-0.00700145604290791));
#7926=CARTESIAN_POINT('',(0.0039804621163895,-3.46944695195361E-18,-0.00700145604290791));
#7927=CARTESIAN_POINT('',(0.00401677703548167,-0.006,-0.00709865197863661));
#7928=CARTESIAN_POINT('',(0.00401677703548167,-8.67361737988404E-19,-0.00709865197863661));
#7929=CARTESIAN_POINT('',(0.00405583640345103,-0.006,-0.00723957020226815));
#7930=CARTESIAN_POINT('',(0.00405583640345103,-8.67361737988404E-19,-0.00723957020226815));
#7931=CARTESIAN_POINT('',(0.00410031331958406,-0.006,-0.00745639435160565));
#7932=CARTESIAN_POINT('',(0.00410031331958406,-2.60208521396521E-18,-0.00745639435160565));
#7933=CARTESIAN_POINT('',(0.00413513023408583,-0.006,-0.00776941199774431));
#7934=CARTESIAN_POINT('',(0.00413513023408583,8.67361737988404E-19,-0.00776941199774431));
#7935=CARTESIAN_POINT('',(0.00413613970928417,-0.006,-0.00805172350034265));
#7936=CARTESIAN_POINT('',(0.00413613970928417,-8.67361737988404E-19,-0.00805172350034265));
#7937=CARTESIAN_POINT('',(0.00412862490514674,-0.006,-0.00819919852135574));
#7938=CARTESIAN_POINT('',(0.00412862490514674,-8.67361737988404E-19,-0.00819919852135574));
#7939=CARTESIAN_POINT('',(0.00391041720606781,-0.006,-0.0068681894292961));
#7940=CARTESIAN_POINT('',(0.00454954892959537,-0.006,-0.0064625841043465));
#7941=CARTESIAN_POINT('',(0.00454954892959537,0.,-0.0064625841043465));
#7942=CARTESIAN_POINT('',(0.00458971350906877,-0.006,-0.00651961828988412));
#7943=CARTESIAN_POINT('',(0.00458971350906877,8.67361737988404E-19,-0.00651961828988412));
#7944=CARTESIAN_POINT('',(0.00460407978477919,-0.006,-0.00654019641988676));
#7945=CARTESIAN_POINT('',(0.00460407978477919,8.67361737988404E-19,-0.00654019641988676));
#7946=CARTESIAN_POINT('',(0.00464030849425683,-0.006,-0.00658270479809869));
#7947=CARTESIAN_POINT('',(0.00464030849425683,-2.60208521396521E-18,-0.00658270479809869));
#7948=CARTESIAN_POINT('',(0.00471279186576961,-0.006,-0.00665694753595898));
#7949=CARTESIAN_POINT('',(0.00471279186576961,0.,-0.00665694753595898));
#7950=CARTESIAN_POINT('',(0.0048236678166739,-0.006,-0.0067522895701763));
#7951=CARTESIAN_POINT('',(0.0048236678166739,2.60208521396521E-18,-0.0067522895701763));
#7952=CARTESIAN_POINT('',(0.0050009188227803,-0.006,-0.00688485271980287));
#7953=CARTESIAN_POINT('',(0.0050009188227803,-4.33680868994202E-18,-0.00688485271980287));
#7954=CARTESIAN_POINT('',(0.00526932133571467,-0.006,-0.00704963243754772));
#7955=CARTESIAN_POINT('',(0.00526932133571467,8.67361737988404E-19,-0.00704963243754772));
#7956=CARTESIAN_POINT('',(0.00552433460685341,-0.006,-0.00717074822959307));
#7957=CARTESIAN_POINT('',(0.00552433460685341,-8.67361737988404E-19,-0.00717074822959307));
#7958=CARTESIAN_POINT('',(0.00566097364341077,-0.006,-0.00722674044148595));
#7959=CARTESIAN_POINT('',(0.00566097364341077,-8.67361737988404E-19,-0.00722674044148595));
#7960=CARTESIAN_POINT('',(0.00454954892936485,0.,-0.00646258410401915));
#7961=CARTESIAN_POINT('',(2.36757804601665E-16,-0.006,-3.74689339213791E-16));
#7962=CARTESIAN_POINT('',(0.00419756511685646,-0.006,-0.00639554118818336));
#7963=CARTESIAN_POINT('',(0.00399962238047558,-0.006,-0.00652115946849937));
#7964=CARTESIAN_POINT('',(0.00413431110348309,-0.003,-0.0067407618603722));
#7965=CARTESIAN_POINT('',(0.0043389196327453,-0.003,-0.00661091333926027));
#7966=CARTESIAN_POINT('',(0.00673550021176681,-0.006,-0.00413478242061461));
#7967=CARTESIAN_POINT('',(0.00673550021176681,1.73472347597681E-18,-0.00413478242061461));
#7968=CARTESIAN_POINT('',(0.0067949438081793,-0.006,-0.00417128653832431));
#7969=CARTESIAN_POINT('',(0.0067949438081793,1.73472347597681E-18,-0.00417128653832431));
#7970=CARTESIAN_POINT('',(0.00681638339785858,-0.006,-0.00418433235399747));
#7971=CARTESIAN_POINT('',(0.00681638339785858,8.67361737988404E-19,-0.00418433235399747));
#7972=CARTESIAN_POINT('',(0.00686108271498619,-0.006,-0.00421782045124034));
#7973=CARTESIAN_POINT('',(0.00686108271498619,2.60208521396521E-18,-0.00421782045124034));
#7974=CARTESIAN_POINT('',(0.00693973022031697,-0.006,-0.00428549905329516));
#7975=CARTESIAN_POINT('',(0.00693973022031697,1.73472347597681E-18,-0.00428549905329516));
#7976=CARTESIAN_POINT('',(0.00704184607736919,-0.006,-0.00439016963997606));
#7977=CARTESIAN_POINT('',(0.00704184607736919,2.60208521396521E-18,-0.00439016963997606));
#7978=CARTESIAN_POINT('',(0.00718527732666163,-0.006,-0.00455874717267554));
#7979=CARTESIAN_POINT('',(0.00718527732666163,1.73472347597681E-18,-0.00455874717267554));
#7980=CARTESIAN_POINT('',(0.007366585022504,-0.006,-0.00481627345047633));
#7981=CARTESIAN_POINT('',(0.007366585022504,2.60208521396521E-18,-0.00481627345047633));
#7982=CARTESIAN_POINT('',(0.00750347423598168,-0.006,-0.0050631785876708));
#7983=CARTESIAN_POINT('',(0.00750347423598168,8.67361737988404E-19,-0.0050631785876708));
#7984=CARTESIAN_POINT('',(0.00756793559612802,-0.006,-0.00519603221822752));
#7985=CARTESIAN_POINT('',(0.00756793559612802,1.73472347597681E-18,-0.00519603221822752));
#7986=CARTESIAN_POINT('',(0.00673550021142564,-0.006,-0.0041347824204051));
#7987=CARTESIAN_POINT('',(0.00710017375465109,-0.006,-0.00347144370864603));
#7988=CARTESIAN_POINT('',(0.00710017375465109,0.,-0.00347144370864603));
#7989=CARTESIAN_POINT('',(0.00716284667237694,-0.006,-0.00350207371269345));
#7990=CARTESIAN_POINT('',(0.00716284667237694,8.67361737988404E-19,-0.00350207371269345));
#7991=CARTESIAN_POINT('',(0.00718534952548425,-0.006,-0.00351318545937092));
#7992=CARTESIAN_POINT('',(0.00718534952548425,0.,-0.00351318545937092));
#7993=CARTESIAN_POINT('',(0.00723757555299258,-0.006,-0.00353298252125705));
#7994=CARTESIAN_POINT('',(0.00723757555299258,0.,-0.00353298252125705));
#7995=CARTESIAN_POINT('',(0.00733685992738088,-0.006,-0.0035631227978512));
#7996=CARTESIAN_POINT('',(0.00733685992738088,1.73472347597681E-18,-0.0035631227978512));
#7997=CARTESIAN_POINT('',(0.00747995263909507,-0.006,-0.00359325676260716));
#7998=CARTESIAN_POINT('',(0.00747995263909507,-8.67361737988404E-19,-0.00359325676260716));
#7999=CARTESIAN_POINT('',(0.00769914166417367,-0.006,-0.00362403141272258));
#8000=CARTESIAN_POINT('',(0.00769914166417367,8.67361737988404E-19,-0.00362403141272258));
#8001=CARTESIAN_POINT('',(0.00801372781363968,-0.006,-0.00363912508337389));
#8002=CARTESIAN_POINT('',(0.00801372781363968,8.67361737988404E-19,-0.00363912508337389));
#8003=CARTESIAN_POINT('',(0.00829554562444791,-0.006,-0.00362240608068618));
#8004=CARTESIAN_POINT('',(0.00829554562444791,0.,-0.00362240608068618));
#8005=CARTESIAN_POINT('',(0.00844225777873841,-0.006,-0.00360564607211117));
#8006=CARTESIAN_POINT('',(0.00844225777873841,0.,-0.00360564607211117));
#8007=CARTESIAN_POINT('',(0.00710017375429139,0.,-0.00347144370847024));
#8008=CARTESIAN_POINT('',(3.87980411537946E-16,-0.006,-2.14283828655158E-16));
#8009=CARTESIAN_POINT('',(0.0067594298170966,-0.006,-0.00358226304837396));
#8010=CARTESIAN_POINT('',(0.00664648834301644,-0.006,-0.00378770282706373));
#8011=CARTESIAN_POINT('',(0.00687031122984077,-0.003,-0.00391525508284656));
#8012=CARTESIAN_POINT('',(0.00698705604870485,-0.003,-0.00370289704567775));
#8013=CARTESIAN_POINT('',(0.00755217066052953,-0.006,-0.00232982983987484));
#8014=CARTESIAN_POINT('',(0.00755217066052953,6.07153216591882E-18,-0.00232982983987484));
#8015=CARTESIAN_POINT('',(0.00761882493196587,-0.006,-0.00235040409231582));
#8016=CARTESIAN_POINT('',(0.00761882493196587,6.07153216591882E-18,-0.00235040409231582));
#8017=CARTESIAN_POINT('',(0.00764283531993847,-0.006,-0.00235770824056184));
#8018=CARTESIAN_POINT('',(0.00764283531993847,2.60208521396521E-18,-0.00235770824056184));
#8019=CARTESIAN_POINT('',(0.00769445847694691,-0.006,-0.00237902797951671));
#8020=CARTESIAN_POINT('',(0.00769445847694691,8.67361737988404E-18,-0.00237902797951671));
#8021=CARTESIAN_POINT('',(0.00778746611018357,-0.006,-0.00242502149460922));
#8022=CARTESIAN_POINT('',(0.00778746611018357,2.60208521396521E-18,-0.00242502149460922));
#8023=CARTESIAN_POINT('',(0.00791240432619971,-0.006,-0.00250100848136574));
#8024=CARTESIAN_POINT('',(0.00791240432619971,7.80625564189563E-18,-0.00250100848136574));
#8025=CARTESIAN_POINT('',(0.00809325294662959,-0.006,-0.00262861993968061));
#8026=CARTESIAN_POINT('',(0.00809325294662959,6.93889390390723E-18,-0.00262861993968061));
#8027=CARTESIAN_POINT('',(0.00833290870877375,-0.006,-0.00283296616548541));
#8028=CARTESIAN_POINT('',(0.00833290870877375,5.20417042793042E-18,-0.00283296616548541));
#8029=CARTESIAN_POINT('',(0.00852690010659781,-0.006,-0.00303807136071436));
#8030=CARTESIAN_POINT('',(0.00852690010659781,5.20417042793042E-18,-0.00303807136071436));
#8031=CARTESIAN_POINT('',(0.00862237564897152,-0.006,-0.00315072026178506));
#8032=CARTESIAN_POINT('',(0.00862237564897152,6.07153216591882E-18,-0.00315072026178506));
#8033=CARTESIAN_POINT('',(0.00755217066014698,-0.006,-0.00232982983975676));
#8034=CARTESIAN_POINT('',(0.00774042168404482,-0.006,-0.00159664051110542));
#8035=CARTESIAN_POINT('',(0.00774042168404482,0.,-0.00159664051110542));
#8036=CARTESIAN_POINT('',(0.00780874298906329,-0.006,-0.00161072209641352));
#8037=CARTESIAN_POINT('',(0.00780874298906329,0.,-0.00161072209641352));
#8038=CARTESIAN_POINT('',(0.00783330225268781,-0.006,-0.0016158885151359));
#8039=CARTESIAN_POINT('',(0.00783330225268781,-8.67361737988404E-19,-0.0016158885151359));
#8040=CARTESIAN_POINT('',(0.00788881083259168,-0.006,-0.00162207553103052));
#8041=CARTESIAN_POINT('',(0.00788881083259168,-8.67361737988404E-19,-0.00162207553103052));
#8042=CARTESIAN_POINT('',(0.00799247158777269,-0.006,-0.00162657787554751));
#8043=CARTESIAN_POINT('',(0.00799247158777269,0.,-0.00162657787554751));
#8044=CARTESIAN_POINT('',(0.00813856279111428,-0.006,-0.00162017941605786));
#8045=CARTESIAN_POINT('',(0.00813856279111428,8.67361737988404E-19,-0.00162017941605786));
#8046=CARTESIAN_POINT('',(0.00835851893417436,-0.006,-0.00159547713003472));
#8047=CARTESIAN_POINT('',(0.00835851893417436,-2.60208521396521E-18,-0.00159547713003472));
#8048=CARTESIAN_POINT('',(0.00866697542452259,-0.006,-0.00153186221125286));
#8049=CARTESIAN_POINT('',(0.00866697542452259,1.73472347597681E-18,-0.00153186221125286));
#8050=CARTESIAN_POINT('',(0.00893578156368569,-0.006,-0.00144558322720775));
#8051=CARTESIAN_POINT('',(0.00893578156368569,-8.67361737988404E-19,-0.00144558322720775));
#8052=CARTESIAN_POINT('',(0.00907371644122296,-0.006,-0.00139286393602539));
#8053=CARTESIAN_POINT('',(0.00907371644122296,0.,-0.00139286393602539));
#8054=CARTESIAN_POINT('',(0.00774042168365271,0.,-0.00159664051102461));
#8055=CARTESIAN_POINT('',(4.29081514632915E-16,-0.006,-1.11064903370013E-16));
#8056=CARTESIAN_POINT('',(0.0074379424929655,-0.006,-0.00178871782887582));
#8057=CARTESIAN_POINT('',(0.00737964007835995,-0.006,-0.00201579074158596));
#8058=CARTESIAN_POINT('',(0.00762815211371144,-0.003,-0.00208367322023193));
#8059=CARTESIAN_POINT('',(0.00768841788311014,-0.003,-0.0018489535454695));
#8060=CARTESIAN_POINT('',(0.00207951500469173,-0.006,-0.00762489384278865));
#8061=CARTESIAN_POINT('',(0.00207951500469173,-4.33680868994202E-18,-0.00762489384278865));
#8062=CARTESIAN_POINT('',(0.00209785873344488,-0.006,-0.00769219614126088));
#8063=CARTESIAN_POINT('',(0.00209785873344488,-4.33680868994202E-18,-0.00769219614126088));
#8064=CARTESIAN_POINT('',(0.00210455704634231,-0.006,-0.00771638254067298));
#8065=CARTESIAN_POINT('',(0.00210455704634231,-1.73472347597681E-18,-0.00771638254067298));
#8066=CARTESIAN_POINT('',(0.00211421726614485,-0.006,-0.00777139310113179));
#8067=CARTESIAN_POINT('',(0.00211421726614485,-6.93889390390723E-18,-0.00777139310113179));
#8068=CARTESIAN_POINT('',(0.00212521963898601,-0.006,-0.00787456660094017));
#8069=CARTESIAN_POINT('',(0.00212521963898601,-2.60208521396521E-18,-0.00787456660094017));
#8070=CARTESIAN_POINT('',(0.00212800694795106,-0.006,-0.00802077128925887));
#8071=CARTESIAN_POINT('',(0.00212800694795106,-6.07153216591882E-18,-0.00802077128925887));
#8072=CARTESIAN_POINT('',(0.00211716456674308,-0.006,-0.00824184446848777));
#8073=CARTESIAN_POINT('',(0.00211716456674308,-3.46944695195361E-18,-0.00824184446848777));
#8074=CARTESIAN_POINT('',(0.00207304332075317,-0.006,-0.00855368670421269));
#8075=CARTESIAN_POINT('',(0.00207304332075317,-3.46944695195361E-18,-0.00855368670421269));
#8076=CARTESIAN_POINT('',(0.0020038130657052,-0.006,-0.00882737991809552));
#8077=CARTESIAN_POINT('',(0.0020038130657052,-5.20417042793042E-18,-0.00882737991809552));
#8078=CARTESIAN_POINT('',(0.00195985880662322,-0.006,-0.00896835288434289));
#8079=CARTESIAN_POINT('',(0.00195985880662322,-5.20417042793042E-18,-0.00896835288434289));
#8080=CARTESIAN_POINT('',(0.00207951500458645,-0.006,-0.00762489384240238));
#8081=CARTESIAN_POINT('',(0.00279943717223354,-0.006,-0.00739097695079963));
#8082=CARTESIAN_POINT('',(0.00279943717223354,0.,-0.00739097695079963));
#8083=CARTESIAN_POINT('',(0.00282415608241941,-0.006,-0.00745620782725732));
#8084=CARTESIAN_POINT('',(0.00282415608241941,0.,-0.00745620782725732));
#8085=CARTESIAN_POINT('',(0.00283295344233223,-0.006,-0.0074797122049508));
#8086=CARTESIAN_POINT('',(0.00283295344233223,8.67361737988404E-19,-0.0074797122049508));
#8087=CARTESIAN_POINT('',(0.00285747255650061,-0.006,-0.00752989481796588));
#8088=CARTESIAN_POINT('',(0.00285747255650061,1.73472347597681E-18,-0.00752989481796588));
#8089=CARTESIAN_POINT('',(0.00290921531150842,-0.006,-0.00761983096517628));
#8090=CARTESIAN_POINT('',(0.00290921531150842,-8.67361737988404E-19,-0.00761983096517628));
#8091=CARTESIAN_POINT('',(0.00299289729079688,-0.006,-0.00773975138178663));
#8092=CARTESIAN_POINT('',(0.00299289729079688,8.67361737988404E-19,-0.00773975138178663));
#8093=CARTESIAN_POINT('',(0.00313161251588178,-0.006,-0.00791223034900954));
#8094=CARTESIAN_POINT('',(0.00313161251588178,-1.73472347597681E-18,-0.00791223034900954));
#8095=CARTESIAN_POINT('',(0.00335060362090161,-0.006,-0.00813858219956922));
#8096=CARTESIAN_POINT('',(0.00335060362090161,1.73472347597681E-18,-0.00813858219956922));
#8097=CARTESIAN_POINT('',(0.00356748490853328,-0.006,-0.0083193121379159));
#8098=CARTESIAN_POINT('',(0.00356748490853328,-8.67361737988404E-19,-0.0083193121379159));
#8099=CARTESIAN_POINT('',(0.00368590648163782,-0.006,-0.00840752599809363));
#8100=CARTESIAN_POINT('',(0.00368590648163782,0.,-0.00840752599809363));
#8101=CARTESIAN_POINT('',(0.00279943717209167,0.,-0.00739097695042525));
#8102=CARTESIAN_POINT('',(1.36138173312004E-16,-0.006,-4.21797056328678E-16));
#8103=CARTESIAN_POINT('',(0.0024751844734806,-0.006,-0.00723850549645717));
#8104=CARTESIAN_POINT('',(0.00225222047619671,-0.006,-0.00731095089072552));
#8105=CARTESIAN_POINT('',(0.00232806481123973,-0.003,-0.00755714979296423));
#8106=CARTESIAN_POINT('',(0.00255853720137025,-0.003,-0.00748226477397295));
#8107=CARTESIAN_POINT('',(0.000117949227451632,-0.006,-0.00790249813339287));
#8108=CARTESIAN_POINT('',(0.000117949227451632,0.,-0.00790249813339287));
#8109=CARTESIAN_POINT('',(0.000118979253221249,-0.006,-0.00797224790623214));
#8110=CARTESIAN_POINT('',(0.000118979253221249,0.,-0.00797224790623214));
#8111=CARTESIAN_POINT('',(0.000119452213360956,-0.006,-0.00799734024810969));
#8112=CARTESIAN_POINT('',(0.000119452213360956,0.,-0.00799734024810969));
#8113=CARTESIAN_POINT('',(0.000115128369521117,-0.006,-0.008053024949627));
#8114=CARTESIAN_POINT('',(0.000115128369521117,0.,-0.008053024949627));
#8115=CARTESIAN_POINT('',(0.000100126876561778,-0.006,-0.00815569324307654));
#8116=CARTESIAN_POINT('',(0.000100126876561778,0.,-0.00815569324307654));
#8117=CARTESIAN_POINT('',(6.64669896492376E-5,-0.006,-0.00829799781781211));
#8118=CARTESIAN_POINT('',(6.64669896492376E-5,-1.73472347597681E-18,-0.00829799781781211));
#8119=CARTESIAN_POINT('',(9.86577787040279E-7,-0.006,-0.00850942918603118));
#8120=CARTESIAN_POINT('',(9.86577787040279E-7,8.67361737988404E-19,-0.00850942918603118));
#8121=CARTESIAN_POINT('',(-0.000119300528542473,-0.006,-0.00880050181679622));
#8122=CARTESIAN_POINT('',(-0.000119300528542473,8.67361737988404E-19,-0.00880050181679622));
#8123=CARTESIAN_POINT('',(-0.000254420522300874,-0.006,-0.00904837959076207));
#8124=CARTESIAN_POINT('',(-0.000254420522300874,-8.67361737988404E-19,-0.00904837959076207));
#8125=CARTESIAN_POINT('',(-0.00033205242857693,-0.006,-0.00917399265231209));
#8126=CARTESIAN_POINT('',(-0.00033205242857693,-8.67361737988404E-19,-0.00917399265231209));
#8127=CARTESIAN_POINT('',(0.00011794922744572,-0.006,-0.00790249813299255));
#8128=CARTESIAN_POINT('',(0.000873426481730564,-0.006,-0.00785496753332222));
#8129=CARTESIAN_POINT('',(0.000873426481730564,0.,-0.00785496753332222));
#8130=CARTESIAN_POINT('',(0.000881146542592115,-0.006,-0.00792429640482976));
#8131=CARTESIAN_POINT('',(0.000881146542592115,0.,-0.00792429640482976));
#8132=CARTESIAN_POINT('',(0.00088382221622959,-0.006,-0.00794925016372054));
#8133=CARTESIAN_POINT('',(0.00088382221622959,-8.67361737988404E-19,-0.00794925016372054));
#8134=CARTESIAN_POINT('',(0.00089509110897051,-0.006,-0.00800395385340429));
#8135=CARTESIAN_POINT('',(0.00089509110897051,8.67361737988404E-19,-0.00800395385340429));
#8136=CARTESIAN_POINT('',(0.000922842059879696,-0.006,-0.00810393239107357));
#8137=CARTESIAN_POINT('',(0.000922842059879696,-8.67361737988404E-19,-0.00810393239107357));
#8138=CARTESIAN_POINT('',(0.000974072021032811,-0.006,-0.00824089614926487));
#8139=CARTESIAN_POINT('',(0.000974072021032811,8.67361737988404E-19,-0.00824089614926487));
#8140=CARTESIAN_POINT('',(0.00106553547734525,-0.006,-0.00844245344624024));
#8141=CARTESIAN_POINT('',(0.00106553547734525,0.,-0.00844245344624024));
#8142=CARTESIAN_POINT('',(0.00122135515792918,-0.006,-0.00871615491038008));
#8143=CARTESIAN_POINT('',(0.00122135515792918,8.67361737988404E-19,-0.00871615491038008));
#8144=CARTESIAN_POINT('',(0.00138647701311829,-0.006,-0.00894514306832398));
#8145=CARTESIAN_POINT('',(0.00138647701311829,-8.67361737988404E-19,-0.00894514306832398));
#8146=CARTESIAN_POINT('',(0.00147924025980779,-0.006,-0.00906003577552339));
#8147=CARTESIAN_POINT('',(0.00147924025980779,0.,-0.00906003577552339));
#8148=CARTESIAN_POINT('',(0.000873426481686256,0.,-0.00785496753292431));
#8149=CARTESIAN_POINT('',(2.69644799119713E-17,-0.006,-4.42401713133374E-16));
#8150=CARTESIAN_POINT('',(0.000597278886544233,-0.006,-0.00762664788302754));
#8151=CARTESIAN_POINT('',(0.000363303276310927,-0.006,-0.00764136838069084));
#8152=CARTESIAN_POINT('',(0.000375537644882728,-0.003,-0.00789869421081155));
#8153=CARTESIAN_POINT('',(0.000617392467991497,-0.003,-0.00788347799509197));
#8154=CARTESIAN_POINT('',(-0.00185102773353617,-0.006,-0.00768355940292091));
#8155=CARTESIAN_POINT('',(-0.00185102773353617,0.,-0.00768355940292091));
#8156=CARTESIAN_POINT('',(-0.00186737613105736,-0.006,-0.00775137401537799));
#8157=CARTESIAN_POINT('',(-0.00186737613105736,0.,-0.00775137401537799));
#8158=CARTESIAN_POINT('',(-0.00187315824150039,-0.006,-0.00777579565559764));
#8159=CARTESIAN_POINT('',(-0.00187315824150039,-8.67361737988404E-19,-0.00777579565559764));
#8160=CARTESIAN_POINT('',(-0.00189119446597216,-0.006,-0.00782865562358314));
#8161=CARTESIAN_POINT('',(-0.00189119446597216,8.67361737988404E-19,-0.00782865562358314));
#8162=CARTESIAN_POINT('',(-0.00193125722575773,-0.006,-0.00792436768420881));
#8163=CARTESIAN_POINT('',(-0.00193125722575773,-8.67361737988404E-19,-0.00792436768420881));
#8164=CARTESIAN_POINT('',(-0.00199924933406074,-0.006,-0.00805383062557098));
#8165=CARTESIAN_POINT('',(-0.00199924933406074,8.67361737988404E-19,-0.00805383062557098));
#8166=CARTESIAN_POINT('',(-0.00211525340147975,-0.006,-0.00824233517232486));
#8167=CARTESIAN_POINT('',(-0.00211525340147975,-2.60208521396521E-18,-0.00824233517232486));
#8168=CARTESIAN_POINT('',(-0.00230414828687313,-0.006,-0.00849434903424873));
#8169=CARTESIAN_POINT('',(-0.00230414828687313,1.73472347597681E-18,-0.00849434903424873));
#8170=CARTESIAN_POINT('',(-0.00249666793319759,-0.006,-0.00870083629612884));
#8171=CARTESIAN_POINT('',(-0.00249666793319759,-8.67361737988404E-19,-0.00870083629612884));
#8172=CARTESIAN_POINT('',(-0.00260309958848618,-0.006,-0.00880319672235166));
#8173=CARTESIAN_POINT('',(-0.00260309958848618,0.,-0.00880319672235166));
#8174=CARTESIAN_POINT('',(-0.00185102773344234,-0.006,-0.00768355940253169));
#8175=CARTESIAN_POINT('',(-0.00110746480685745,-0.006,-0.00782540161717637));
#8176=CARTESIAN_POINT('',(-0.00110746480685745,-1.73472347597681E-18,-0.00782540161717637));
#8177=CARTESIAN_POINT('',(-0.00111722867513654,-0.006,-0.00789447229576318));
#8178=CARTESIAN_POINT('',(-0.00111722867513654,-1.73472347597681E-18,-0.00789447229576318));
#8179=CARTESIAN_POINT('',(-0.0011208428101895,-0.006,-0.00791930749940665));
#8180=CARTESIAN_POINT('',(-0.0011208428101895,-1.73472347597681E-18,-0.00791930749940665));
#8181=CARTESIAN_POINT('',(-0.00112353220485104,-0.006,-0.00797509503175016));
#8182=CARTESIAN_POINT('',(-0.00112353220485104,-1.73472347597681E-18,-0.00797509503175016));
#8183=CARTESIAN_POINT('',(-0.00112151675234697,-0.006,-0.00807883394066122));
#8184=CARTESIAN_POINT('',(-0.00112151675234697,-1.73472347597681E-18,-0.00807883394066122));
#8185=CARTESIAN_POINT('',(-0.00110595777619905,-0.006,-0.00822423510378881));
#8186=CARTESIAN_POINT('',(-0.00110595777619905,-2.60208521396521E-18,-0.00822423510378881));
#8187=CARTESIAN_POINT('',(-0.00106749307399826,-0.006,-0.00844220614427182));
#8188=CARTESIAN_POINT('',(-0.00106749307399826,-2.60208521396521E-18,-0.00844220614427182));
#8189=CARTESIAN_POINT('',(-0.00098463554144602,-0.006,-0.00874605955239645));
#8190=CARTESIAN_POINT('',(-0.00098463554144602,-1.73472347597681E-18,-0.00874605955239645));
#8191=CARTESIAN_POINT('',(-0.00088164833213667,-0.006,-0.00900891776181404));
#8192=CARTESIAN_POINT('',(-0.00088164833213667,-1.73472347597681E-18,-0.00900891776181404));
#8193=CARTESIAN_POINT('',(-0.000820372067811091,-0.006,-0.00914327018469625));
#8194=CARTESIAN_POINT('',(-0.000820372067811091,-1.73472347597681E-18,-0.00914327018469625));
#8195=CARTESIAN_POINT('',(-0.00110746480680142,0.,-0.00782540161677995));
#8196=CARTESIAN_POINT('',(-8.39034909293507E-17,-0.006,-4.35208643262212E-16));
#8197=CARTESIAN_POINT('',(-0.0013181559294718,-0.006,-0.00753557993425844));
#8198=CARTESIAN_POINT('',(-0.00154844160456147,-0.006,-0.00749165059231029));
#8199=CARTESIAN_POINT('',(-0.00160058593283311,-0.003,-0.00774393462202831));
#8200=CARTESIAN_POINT('',(-0.00136254530476183,-0.003,-0.00778934330037542));
#8201=CARTESIAN_POINT('',(-0.00370369781442209,-0.006,-0.00698183437700862));
#8202=CARTESIAN_POINT('',(-0.00370369781442209,5.20417042793042E-18,-0.00698183437700862));
#8203=CARTESIAN_POINT('',(-0.00373639740529263,-0.006,-0.00704345278757814));
#8204=CARTESIAN_POINT('',(-0.00373639740529263,5.20417042793042E-18,-0.00704345278757814));
#8205=CARTESIAN_POINT('',(-0.00374807127505414,-0.006,-0.0070656692246684));
#8206=CARTESIAN_POINT('',(-0.00374807127505414,6.07153216591882E-18,-0.0070656692246684));
#8207=CARTESIAN_POINT('',(-0.00377868659784167,-0.006,-0.00711238307292818));
#8208=CARTESIAN_POINT('',(-0.00377868659784167,3.46944695195361E-18,-0.00711238307292818));
#8209=CARTESIAN_POINT('',(-0.00384129333391565,-0.006,-0.00719512495995654));
#8210=CARTESIAN_POINT('',(-0.00384129333391565,5.20417042793042E-18,-0.00719512495995654));
#8211=CARTESIAN_POINT('',(-0.00393934546938696,-0.006,-0.00730361163520814));
#8212=CARTESIAN_POINT('',(-0.00393934546938696,6.07153216591882E-18,-0.00730361163520814));
#8213=CARTESIAN_POINT('',(-0.00409858423017372,-0.006,-0.00745734492655303));
#8214=CARTESIAN_POINT('',(-0.00409858423017372,6.93889390390723E-18,-0.00745734492655303));
#8215=CARTESIAN_POINT('',(-0.00434421793427495,-0.006,-0.00765446506184907));
#8216=CARTESIAN_POINT('',(-0.00434421793427495,6.93889390390723E-18,-0.00765446506184907));
#8217=CARTESIAN_POINT('',(-0.00458204051574907,-0.006,-0.00780658745757204));
#8218=CARTESIAN_POINT('',(-0.00458204051574907,5.20417042793042E-18,-0.00780658745757204));
#8219=CARTESIAN_POINT('',(-0.00471058442772024,-0.006,-0.00787926356643307));
#8220=CARTESIAN_POINT('',(-0.00471058442772024,6.07153216591882E-18,-0.00787926356643307));
#8221=CARTESIAN_POINT('',(-0.00370369781423441,-0.006,-0.00698183437665497));
#8222=CARTESIAN_POINT('',(-0.00301877000865996,-0.006,-0.00730413693760936));
#8223=CARTESIAN_POINT('',(-0.00301877000865996,0.,-0.00730413693760936));
#8224=CARTESIAN_POINT('',(-0.00304540430632672,-0.006,-0.00736860945851566));
#8225=CARTESIAN_POINT('',(-0.00304540430632672,8.67361737988404E-19,-0.00736860945851566));
#8226=CARTESIAN_POINT('',(-0.00305508116067287,-0.006,-0.00739176561972941));
#8227=CARTESIAN_POINT('',(-0.00305508116067287,0.,-0.00739176561972941));
#8228=CARTESIAN_POINT('',(-0.00307155985817937,-0.006,-0.00744513165890334));
#8229=CARTESIAN_POINT('',(-0.00307155985817937,-8.67361737988404E-19,-0.00744513165890334));
#8230=CARTESIAN_POINT('',(-0.00309540654237358,-0.006,-0.00754611264188425));
#8231=CARTESIAN_POINT('',(-0.00309540654237358,1.73472347597681E-18,-0.00754611264188425));
#8232=CARTESIAN_POINT('',(-0.00311649617892414,-0.006,-0.00769081512012079));
#8233=CARTESIAN_POINT('',(-0.00311649617892414,1.73472347597681E-18,-0.00769081512012079));
#8234=CARTESIAN_POINT('',(-0.00313344710953756,-0.006,-0.00791150398199646));
#8235=CARTESIAN_POINT('',(-0.00313344710953756,-4.33680868994202E-18,-0.00791150398199646));
#8236=CARTESIAN_POINT('',(-0.00312875796851595,-0.006,-0.0082264171069787));
#8237=CARTESIAN_POINT('',(-0.00312875796851595,8.67361737988404E-19,-0.0082264171069787));
#8238=CARTESIAN_POINT('',(-0.00309437647020773,-0.006,-0.00850662901984756));
#8239=CARTESIAN_POINT('',(-0.00309437647020773,-8.67361737988404E-19,-0.00850662901984756));
#8240=CARTESIAN_POINT('',(-0.00306843740129199,-0.006,-0.00865199930156912));
#8241=CARTESIAN_POINT('',(-0.00306843740129199,-8.67361737988404E-19,-0.00865199930156912));
#8242=CARTESIAN_POINT('',(-0.0030187700085071,0.,-0.00730413693723933));
#8243=CARTESIAN_POINT('',(-1.89499496860127E-16,-0.006,-4.00669813749458E-16));
#8244=CARTESIAN_POINT('',(-0.00315076616060071,-0.006,-0.0069710237842955));
#8245=CARTESIAN_POINT('',(-0.0033628922046494,-0.006,-0.00687120484485133));
#8246=CARTESIAN_POINT('',(-0.00347613880984573,-0.003,-0.00710259514074372));
#8247=CARTESIAN_POINT('',(-0.00325686934492586,-0.003,-0.00720577551889553));
#8248=CARTESIAN_POINT('',(0.00601379579564017,-0.006,0.00512812333089551));
#8249=CARTESIAN_POINT('',(0.00601379579564017,-1.73472347597681E-18,0.00512812333089551));
#8250=CARTESIAN_POINT('',(0.00606688235615782,-0.006,0.00517337715787867));
#8251=CARTESIAN_POINT('',(0.00606688235615782,-1.73472347597681E-18,0.00517337715787867));
#8252=CARTESIAN_POINT('',(0.00608591486172748,-0.006,0.00518973604060135));
#8253=CARTESIAN_POINT('',(0.00608591486172748,-2.60208521396521E-18,0.00518973604060135));
#8254=CARTESIAN_POINT('',(0.00613157678345803,-0.006,0.00522189922627219));
#8255=CARTESIAN_POINT('',(0.00613157678345803,-8.67361737988404E-19,0.00522189922627219));
#8256=CARTESIAN_POINT('',(0.00622024637466842,-0.006,0.0052757836105169));
#8257=CARTESIAN_POINT('',(0.00622024637466842,-1.73472347597681E-18,0.0052757836105169));
#8258=CARTESIAN_POINT('',(0.00635134955342003,-0.006,0.00534055657168789));
#8259=CARTESIAN_POINT('',(0.00635134955342003,-8.67361737988404E-19,0.00534055657168789));
#8260=CARTESIAN_POINT('',(0.00655599900795061,-0.006,0.00542487447349388));
#8261=CARTESIAN_POINT('',(0.00655599900795061,-4.33680868994202E-18,0.00542487447349388));
#8262=CARTESIAN_POINT('',(0.00685694821179652,-0.006,0.00551772834274071));
#8263=CARTESIAN_POINT('',(0.00685694821179652,-8.67361737988404E-19,0.00551772834274071));
#8264=CARTESIAN_POINT('',(0.00713407004474339,-0.006,0.0055716198378374));
#8265=CARTESIAN_POINT('',(0.00713407004474339,-2.60208521396521E-18,0.0055716198378374));
#8266=CARTESIAN_POINT('',(0.0072803410115635,-0.006,0.00559187220484755));
#8267=CARTESIAN_POINT('',(0.0072803410115635,-2.60208521396521E-18,0.00559187220484755));
#8268=CARTESIAN_POINT('',(0.00601379579533549,-0.006,0.00512812333063578));
#8269=CARTESIAN_POINT('',(0.00549561351326179,-0.006,0.00567993141520114));
#8270=CARTESIAN_POINT('',(0.00549561351326179,0.,0.00567993141520114));
#8271=CARTESIAN_POINT('',(0.00554411137486958,-0.006,0.00573007171021111));
#8272=CARTESIAN_POINT('',(0.00554411137486958,8.67361737988404E-19,0.00573007171021111));
#8273=CARTESIAN_POINT('',(0.0055616330379867,-0.006,0.00574803947673351));
#8274=CARTESIAN_POINT('',(0.0055616330379867,0.,0.00574803947673351));
#8275=CARTESIAN_POINT('',(0.00559659989274577,-0.006,0.00579159175195402));
#8276=CARTESIAN_POINT('',(0.00559659989274577,-8.67361737988404E-19,0.00579159175195402));
#8277=CARTESIAN_POINT('',(0.00565594555816543,-0.006,0.00587670294549955));
#8278=CARTESIAN_POINT('',(0.00565594555816543,0.,0.00587670294549955));
#8279=CARTESIAN_POINT('',(0.00572882274139928,-0.006,0.00600348029419218));
#8280=CARTESIAN_POINT('',(0.00572882274139928,0.,0.00600348029419218));
#8281=CARTESIAN_POINT('',(0.00582582430665803,-0.006,0.00620243155491195));
#8282=CARTESIAN_POINT('',(0.00582582430665803,-8.67361737988404E-19,0.00620243155491195));
#8283=CARTESIAN_POINT('',(0.00593739170686572,-0.006,0.00649695656155908));
#8284=CARTESIAN_POINT('',(0.00593739170686572,-1.73472347597681E-18,0.00649695656155908));
#8285=CARTESIAN_POINT('',(0.00600857748327097,-0.006,0.00677014768289571));
#8286=CARTESIAN_POINT('',(0.00600857748327097,0.,0.00677014768289571));
#8287=CARTESIAN_POINT('',(0.00603797431685962,-0.006,0.00691485836072899));
#8288=CARTESIAN_POINT('',(0.00603797431685962,0.,0.00691485836072899));
#8289=CARTESIAN_POINT('',(0.00549561351298344,0.,0.00567993141491336));
#8290=CARTESIAN_POINT('',(3.23688572228973E-16,-0.006,3.02773953913866E-16));
#8291=CARTESIAN_POINT('',(0.00549571330100698,-0.006,0.00532161961372052));
#8292=CARTESIAN_POINT('',(0.0056561973063756,-0.006,0.00515072150590084));
#8293=CARTESIAN_POINT('',(0.00584667178616479,-0.003,0.00532417390620335));
#8294=CARTESIAN_POINT('',(0.00568078342416197,-0.003,0.005500827069305));
#8295=CARTESIAN_POINT('',(0.00454954892959536,-0.006,0.00646258410434649));
#8296=CARTESIAN_POINT('',(0.00454954892959536,0.,0.00646258410434649));
#8297=CARTESIAN_POINT('',(0.00458971350906877,-0.006,0.00651961828988411));
#8298=CARTESIAN_POINT('',(0.00458971350906877,0.,0.00651961828988411));
#8299=CARTESIAN_POINT('',(0.00460407978477919,-0.006,0.00654019641988676));
#8300=CARTESIAN_POINT('',(0.00460407978477919,-8.67361737988404E-19,0.00654019641988676));
#8301=CARTESIAN_POINT('',(0.00464030849425683,-0.006,0.00658270479809869));
#8302=CARTESIAN_POINT('',(0.00464030849425683,8.67361737988404E-19,0.00658270479809869));
#8303=CARTESIAN_POINT('',(0.00471279186576961,-0.006,0.00665694753595897));
#8304=CARTESIAN_POINT('',(0.00471279186576961,-8.67361737988404E-19,0.00665694753595897));
#8305=CARTESIAN_POINT('',(0.0048236678166739,-0.006,0.00675228957017632));
#8306=CARTESIAN_POINT('',(0.0048236678166739,-8.67361737988404E-19,0.00675228957017632));
#8307=CARTESIAN_POINT('',(0.00500091882278028,-0.006,0.00688485271980286));
#8308=CARTESIAN_POINT('',(0.00500091882278028,8.67361737988404E-19,0.00688485271980286));
#8309=CARTESIAN_POINT('',(0.00526932133571468,-0.006,0.00704963243754772));
#8310=CARTESIAN_POINT('',(0.00526932133571468,-8.67361737988404E-19,0.00704963243754772));
#8311=CARTESIAN_POINT('',(0.00552433460685338,-0.006,0.00717074822959307));
#8312=CARTESIAN_POINT('',(0.00552433460685338,-8.67361737988404E-19,0.00717074822959307));
#8313=CARTESIAN_POINT('',(0.00566097364341076,-0.006,0.00722674044148595));
#8314=CARTESIAN_POINT('',(0.00566097364341076,0.,0.00722674044148595));
#8315=CARTESIAN_POINT('',(0.00454954892936484,-0.006,0.00646258410401915));
#8316=CARTESIAN_POINT('',(0.00391041720626584,-0.006,0.00686818942964406));
#8317=CARTESIAN_POINT('',(0.00391041720626584,-1.73472347597681E-18,0.00686818942964406));
#8318=CARTESIAN_POINT('',(0.00394492203406145,-0.006,0.00692881540281571));
#8319=CARTESIAN_POINT('',(0.00394492203406145,-1.73472347597681E-18,0.00692881540281571));
#8320=CARTESIAN_POINT('',(0.00395742482008259,-0.006,0.00695057613933595));
#8321=CARTESIAN_POINT('',(0.00395742482008259,-1.73472347597681E-18,0.00695057613933595));
#8322=CARTESIAN_POINT('',(0.00398046211638951,-0.006,0.00700145604290791));
#8323=CARTESIAN_POINT('',(0.00398046211638951,-4.33680868994202E-18,0.00700145604290791));
#8324=CARTESIAN_POINT('',(0.00401677703548166,-0.006,0.00709865197863661));
#8325=CARTESIAN_POINT('',(0.00401677703548166,-2.60208521396521E-18,0.00709865197863661));
#8326=CARTESIAN_POINT('',(0.00405583640345103,-0.006,0.00723957020226815));
#8327=CARTESIAN_POINT('',(0.00405583640345103,-2.60208521396521E-18,0.00723957020226815));
#8328=CARTESIAN_POINT('',(0.00410031331958405,-0.006,0.00745639435160566));
#8329=CARTESIAN_POINT('',(0.00410031331958405,-3.46944695195361E-18,0.00745639435160566));
#8330=CARTESIAN_POINT('',(0.00413513023408584,-0.006,0.00776941199774423));
#8331=CARTESIAN_POINT('',(0.00413513023408584,-2.60208521396521E-18,0.00776941199774423));
#8332=CARTESIAN_POINT('',(0.00413613970928415,-0.006,0.00805172350034281));
#8333=CARTESIAN_POINT('',(0.00413613970928415,-2.60208521396521E-18,0.00805172350034281));
#8334=CARTESIAN_POINT('',(0.00412862490514673,-0.006,0.00819919852135574));
#8335=CARTESIAN_POINT('',(0.00412862490514673,-2.60208521396521E-18,0.00819919852135574));
#8336=CARTESIAN_POINT('',(0.00391041720606781,0.,0.0068681894292961));
#8337=CARTESIAN_POINT('',(2.38222480075456E-16,-0.006,3.73759827893483E-16));
#8338=CARTESIAN_POINT('',(0.00399962238047557,-0.006,0.00652115946849937));
#8339=CARTESIAN_POINT('',(0.00419756511685646,-0.006,0.00639554118818336));
#8340=CARTESIAN_POINT('',(0.0043389196327453,-0.003,0.00661091333926027));
#8341=CARTESIAN_POINT('',(0.00413431110348309,-0.003,0.0067407618603722));
#8342=CARTESIAN_POINT('',(0.00710017375465109,-0.006,0.00347144370864603));
#8343=CARTESIAN_POINT('',(0.00710017375465109,5.20417042793042E-18,0.00347144370864603));
#8344=CARTESIAN_POINT('',(0.00716284667237694,-0.006,0.00350207371269344));
#8345=CARTESIAN_POINT('',(0.00716284667237694,5.20417042793042E-18,0.00350207371269344));
#8346=CARTESIAN_POINT('',(0.00718534952548425,-0.006,0.00351318545937092));
#8347=CARTESIAN_POINT('',(0.00718534952548425,4.33680868994202E-18,0.00351318545937092));
#8348=CARTESIAN_POINT('',(0.00723757555299258,-0.006,0.00353298252125705));
#8349=CARTESIAN_POINT('',(0.00723757555299258,6.93889390390723E-18,0.00353298252125705));
#8350=CARTESIAN_POINT('',(0.00733685992738088,-0.006,0.0035631227978512));
#8351=CARTESIAN_POINT('',(0.00733685992738088,5.20417042793042E-18,0.0035631227978512));
#8352=CARTESIAN_POINT('',(0.00747995263909507,-0.006,0.00359325676260716));
#8353=CARTESIAN_POINT('',(0.00747995263909507,6.93889390390723E-18,0.00359325676260716));
#8354=CARTESIAN_POINT('',(0.00769914166417368,-0.006,0.00362403141272258));
#8355=CARTESIAN_POINT('',(0.00769914166417368,6.93889390390723E-18,0.00362403141272258));
#8356=CARTESIAN_POINT('',(0.00801372781363968,-0.006,0.0036391250833739));
#8357=CARTESIAN_POINT('',(0.00801372781363968,6.07153216591882E-18,0.0036391250833739));
#8358=CARTESIAN_POINT('',(0.00829554562444791,-0.006,0.00362240608068618));
#8359=CARTESIAN_POINT('',(0.00829554562444791,6.07153216591882E-18,0.00362240608068618));
#8360=CARTESIAN_POINT('',(0.00844225777873841,-0.006,0.00360564607211117));
#8361=CARTESIAN_POINT('',(0.00844225777873841,6.07153216591882E-18,0.00360564607211117));
#8362=CARTESIAN_POINT('',(0.00710017375429139,-0.006,0.00347144370847023));
#8363=CARTESIAN_POINT('',(0.00673550021176681,-0.006,0.00413478242061461));
#8364=CARTESIAN_POINT('',(0.00673550021176681,1.73472347597681E-18,0.00413478242061461));
#8365=CARTESIAN_POINT('',(0.0067949438081793,-0.006,0.00417128653832431));
#8366=CARTESIAN_POINT('',(0.0067949438081793,1.73472347597681E-18,0.00417128653832431));
#8367=CARTESIAN_POINT('',(0.00681638339785858,-0.006,0.00418433235399747));
#8368=CARTESIAN_POINT('',(0.00681638339785858,8.67361737988404E-19,0.00418433235399747));
#8369=CARTESIAN_POINT('',(0.00686108271498619,-0.006,0.00421782045124034));
#8370=CARTESIAN_POINT('',(0.00686108271498619,2.60208521396521E-18,0.00421782045124034));
#8371=CARTESIAN_POINT('',(0.00693973022031697,-0.006,0.00428549905329516));
#8372=CARTESIAN_POINT('',(0.00693973022031697,1.73472347597681E-18,0.00428549905329516));
#8373=CARTESIAN_POINT('',(0.00704184607736919,-0.006,0.00439016963997606));
#8374=CARTESIAN_POINT('',(0.00704184607736919,2.60208521396521E-18,0.00439016963997606));
#8375=CARTESIAN_POINT('',(0.00718527732666163,-0.006,0.00455874717267554));
#8376=CARTESIAN_POINT('',(0.00718527732666163,1.73472347597681E-18,0.00455874717267554));
#8377=CARTESIAN_POINT('',(0.007366585022504,-0.006,0.00481627345047633));
#8378=CARTESIAN_POINT('',(0.007366585022504,2.60208521396521E-18,0.00481627345047633));
#8379=CARTESIAN_POINT('',(0.00750347423598168,-0.006,0.0050631785876708));
#8380=CARTESIAN_POINT('',(0.00750347423598168,8.67361737988404E-19,0.0050631785876708));
#8381=CARTESIAN_POINT('',(0.00756793559612802,-0.006,0.00519603221822752));
#8382=CARTESIAN_POINT('',(0.00756793559612802,1.73472347597681E-18,0.00519603221822752));
#8383=CARTESIAN_POINT('',(0.00673550021142564,0.,0.0041347824204051));
#8384=CARTESIAN_POINT('',(3.88816120946048E-16,-0.006,2.1276367888513E-16));
#8385=CARTESIAN_POINT('',(0.00664648834301644,-0.006,0.00378770282706373));
#8386=CARTESIAN_POINT('',(0.0067594298170966,-0.006,0.00358226304837396));
#8387=CARTESIAN_POINT('',(0.00698705604870485,-0.003,0.00370289704567775));
#8388=CARTESIAN_POINT('',(0.00687031122984077,-0.003,0.00391525508284656));
#8389=CARTESIAN_POINT('',(0.00774042168404483,-0.006,0.00159664051110542));
#8390=CARTESIAN_POINT('',(0.00774042168404483,-8.67361737988404E-19,0.00159664051110542));
#8391=CARTESIAN_POINT('',(0.00780874298906329,-0.006,0.00161072209641352));
#8392=CARTESIAN_POINT('',(0.00780874298906329,-8.67361737988404E-19,0.00161072209641352));
#8393=CARTESIAN_POINT('',(0.00783330225268781,-0.006,0.00161588851513591));
#8394=CARTESIAN_POINT('',(0.00783330225268781,-1.73472347597681E-18,0.00161588851513591));
#8395=CARTESIAN_POINT('',(0.00788881083259167,-0.006,0.00162207553103052));
#8396=CARTESIAN_POINT('',(0.00788881083259167,1.73472347597681E-18,0.00162207553103052));
#8397=CARTESIAN_POINT('',(0.00799247158777269,-0.006,0.00162657787554751));
#8398=CARTESIAN_POINT('',(0.00799247158777269,1.73472347597681E-18,0.00162657787554751));
#8399=CARTESIAN_POINT('',(0.00813856279111428,-0.006,0.00162017941605786));
#8400=CARTESIAN_POINT('',(0.00813856279111428,8.67361737988404E-19,0.00162017941605786));
#8401=CARTESIAN_POINT('',(0.00835851893417436,-0.006,0.00159547713003471));
#8402=CARTESIAN_POINT('',(0.00835851893417436,0.,0.00159547713003471));
#8403=CARTESIAN_POINT('',(0.00866697542452258,-0.006,0.00153186221125286));
#8404=CARTESIAN_POINT('',(0.00866697542452258,8.67361737988404E-19,0.00153186221125286));
#8405=CARTESIAN_POINT('',(0.00893578156368569,-0.006,0.00144558322720776));
#8406=CARTESIAN_POINT('',(0.00893578156368569,-8.67361737988404E-19,0.00144558322720776));
#8407=CARTESIAN_POINT('',(0.00907371644122296,-0.006,0.0013928639360254));
#8408=CARTESIAN_POINT('',(0.00907371644122296,0.,0.0013928639360254));
#8409=CARTESIAN_POINT('',(0.0077404216836527,-0.006,0.00159664051102461));
#8410=CARTESIAN_POINT('',(0.00755217066052953,-0.006,0.00232982983987485));
#8411=CARTESIAN_POINT('',(0.00755217066052953,-4.33680868994202E-18,0.00232982983987485));
#8412=CARTESIAN_POINT('',(0.00761882493196587,-0.006,0.00235040409231583));
#8413=CARTESIAN_POINT('',(0.00761882493196587,-5.20417042793042E-18,0.00235040409231583));
#8414=CARTESIAN_POINT('',(0.00764283531993846,-0.006,0.00235770824056184));
#8415=CARTESIAN_POINT('',(0.00764283531993846,-4.33680868994202E-18,0.00235770824056184));
#8416=CARTESIAN_POINT('',(0.00769445847694691,-0.006,0.00237902797951671));
#8417=CARTESIAN_POINT('',(0.00769445847694691,-2.60208521396521E-18,0.00237902797951671));
#8418=CARTESIAN_POINT('',(0.00778746611018357,-0.006,0.00242502149460922));
#8419=CARTESIAN_POINT('',(0.00778746611018357,-4.33680868994202E-18,0.00242502149460922));
#8420=CARTESIAN_POINT('',(0.00791240432619971,-0.006,0.00250100848136574));
#8421=CARTESIAN_POINT('',(0.00791240432619971,-4.33680868994202E-18,0.00250100848136574));
#8422=CARTESIAN_POINT('',(0.00809325294662959,-0.006,0.00262861993968062));
#8423=CARTESIAN_POINT('',(0.00809325294662959,-2.60208521396521E-18,0.00262861993968062));
#8424=CARTESIAN_POINT('',(0.00833290870877375,-0.006,0.00283296616548539));
#8425=CARTESIAN_POINT('',(0.00833290870877375,-5.20417042793042E-18,0.00283296616548539));
#8426=CARTESIAN_POINT('',(0.00852690010659781,-0.006,0.00303807136071443));
#8427=CARTESIAN_POINT('',(0.00852690010659781,-5.20417042793042E-18,0.00303807136071443));
#8428=CARTESIAN_POINT('',(0.00862237564897152,-0.006,0.00315072026178506));
#8429=CARTESIAN_POINT('',(0.00862237564897152,-4.33680868994202E-18,0.00315072026178506));
#8430=CARTESIAN_POINT('',(0.00755217066014698,0.,0.00232982983975676));
#8431=CARTESIAN_POINT('',(4.29512922818418E-16,-0.006,1.09384679421967E-16));
#8432=CARTESIAN_POINT('',(0.00737964007835994,-0.006,0.00201579074158596));
#8433=CARTESIAN_POINT('',(0.0074379424929655,-0.006,0.00178871782887582));
#8434=CARTESIAN_POINT('',(0.00768841788311014,-0.003,0.0018489535454695));
#8435=CARTESIAN_POINT('',(0.00762815211371144,-0.003,0.00208367322023193));
#8436=CARTESIAN_POINT('',(0.00279943717223354,-0.006,0.00739097695079963));
#8437=CARTESIAN_POINT('',(0.00279943717223354,0.,0.00739097695079963));
#8438=CARTESIAN_POINT('',(0.00282415608241941,-0.006,0.00745620782725731));
#8439=CARTESIAN_POINT('',(0.00282415608241941,0.,0.00745620782725731));
#8440=CARTESIAN_POINT('',(0.00283295344233223,-0.006,0.0074797122049508));
#8441=CARTESIAN_POINT('',(0.00283295344233223,-8.67361737988404E-19,0.0074797122049508));
#8442=CARTESIAN_POINT('',(0.00285747255650061,-0.006,0.00752989481796588));
#8443=CARTESIAN_POINT('',(0.00285747255650061,8.67361737988404E-19,0.00752989481796588));
#8444=CARTESIAN_POINT('',(0.00290921531150843,-0.006,0.00761983096517629));
#8445=CARTESIAN_POINT('',(0.00290921531150843,-8.67361737988404E-19,0.00761983096517629));
#8446=CARTESIAN_POINT('',(0.00299289729079688,-0.006,0.00773975138178663));
#8447=CARTESIAN_POINT('',(0.00299289729079688,8.67361737988404E-19,0.00773975138178663));
#8448=CARTESIAN_POINT('',(0.00313161251588178,-0.006,0.00791223034900954));
#8449=CARTESIAN_POINT('',(0.00313161251588178,-2.60208521396521E-18,0.00791223034900954));
#8450=CARTESIAN_POINT('',(0.00335060362090164,-0.006,0.00813858219956915));
#8451=CARTESIAN_POINT('',(0.00335060362090164,1.73472347597681E-18,0.00813858219956915));
#8452=CARTESIAN_POINT('',(0.00356748490853321,-0.006,0.00831931213791605));
#8453=CARTESIAN_POINT('',(0.00356748490853321,0.,0.00831931213791605));
#8454=CARTESIAN_POINT('',(0.00368590648163783,-0.006,0.00840752599809362));
#8455=CARTESIAN_POINT('',(0.00368590648163783,0.,0.00840752599809362));
#8456=CARTESIAN_POINT('',(0.00279943717209167,-0.006,0.00739097695042524));
#8457=CARTESIAN_POINT('',(0.00207951500469173,-0.006,0.00762489384278866));
#8458=CARTESIAN_POINT('',(0.00207951500469173,1.73472347597681E-18,0.00762489384278866));
#8459=CARTESIAN_POINT('',(0.00209785873344488,-0.006,0.00769219614126089));
#8460=CARTESIAN_POINT('',(0.00209785873344488,8.67361737988404E-19,0.00769219614126089));
#8461=CARTESIAN_POINT('',(0.00210455704634231,-0.006,0.00771638254067299));
#8462=CARTESIAN_POINT('',(0.00210455704634231,2.60208521396521E-18,0.00771638254067299));
#8463=CARTESIAN_POINT('',(0.00211421726614485,-0.006,0.00777139310113178));
#8464=CARTESIAN_POINT('',(0.00211421726614485,8.67361737988404E-19,0.00777139310113178));
#8465=CARTESIAN_POINT('',(0.00212521963898601,-0.006,0.00787456660094018));
#8466=CARTESIAN_POINT('',(0.00212521963898601,3.46944695195361E-18,0.00787456660094018));
#8467=CARTESIAN_POINT('',(0.00212800694795106,-0.006,0.00802077128925887));
#8468=CARTESIAN_POINT('',(0.00212800694795106,1.73472347597681E-18,0.00802077128925887));
#8469=CARTESIAN_POINT('',(0.00211716456674309,-0.006,0.00824184446848778));
#8470=CARTESIAN_POINT('',(0.00211716456674309,1.73472347597681E-18,0.00824184446848778));
#8471=CARTESIAN_POINT('',(0.00207304332075313,-0.006,0.00855368670421269));
#8472=CARTESIAN_POINT('',(0.00207304332075313,1.73472347597681E-18,0.00855368670421269));
#8473=CARTESIAN_POINT('',(0.00200381306570528,-0.006,0.00882737991809552));
#8474=CARTESIAN_POINT('',(0.00200381306570528,1.73472347597681E-18,0.00882737991809552));
#8475=CARTESIAN_POINT('',(0.00195985880662321,-0.006,0.00896835288434289));
#8476=CARTESIAN_POINT('',(0.00195985880662321,1.73472347597681E-18,0.00896835288434289));
#8477=CARTESIAN_POINT('',(0.00207951500458645,0.,0.00762489384240238));
#8478=CARTESIAN_POINT('',(1.37787993377802E-16,-0.006,4.2126099729406E-16));
#8479=CARTESIAN_POINT('',(0.00225222047619672,-0.006,0.00731095089072552));
#8480=CARTESIAN_POINT('',(0.0024751844734806,-0.006,0.00723850549645717));
#8481=CARTESIAN_POINT('',(0.00255853720137025,-0.003,0.00748226477397295));
#8482=CARTESIAN_POINT('',(0.00232806481123973,-0.003,0.00755714979296423));
#8483=CARTESIAN_POINT('',(0.000873426481730559,-0.006,0.00785496753332221));
#8484=CARTESIAN_POINT('',(0.000873426481730559,-6.07153216591882E-18,0.00785496753332221));
#8485=CARTESIAN_POINT('',(0.000881146542592111,-0.006,0.00792429640482975));
#8486=CARTESIAN_POINT('',(0.000881146542592111,-6.07153216591882E-18,0.00792429640482975));
#8487=CARTESIAN_POINT('',(0.000883822216229587,-0.006,0.00794925016372054));
#8488=CARTESIAN_POINT('',(0.000883822216229587,-6.07153216591882E-18,0.00794925016372054));
#8489=CARTESIAN_POINT('',(0.000895091108970506,-0.006,0.0080039538534043));
#8490=CARTESIAN_POINT('',(0.000895091108970506,-6.93889390390723E-18,0.0080039538534043));
#8491=CARTESIAN_POINT('',(0.000922842059879693,-0.006,0.00810393239107357));
#8492=CARTESIAN_POINT('',(0.000922842059879693,-6.07153216591882E-18,0.00810393239107357));
#8493=CARTESIAN_POINT('',(0.000974072021032806,-0.006,0.00824089614926486));
#8494=CARTESIAN_POINT('',(0.000974072021032806,-5.20417042793042E-18,0.00824089614926486));
#8495=CARTESIAN_POINT('',(0.00106553547734524,-0.006,0.00844245344624024));
#8496=CARTESIAN_POINT('',(0.00106553547734524,-7.80625564189563E-18,0.00844245344624024));
#8497=CARTESIAN_POINT('',(0.00122135515792917,-0.006,0.00871615491038007));
#8498=CARTESIAN_POINT('',(0.00122135515792917,-7.80625564189563E-18,0.00871615491038007));
#8499=CARTESIAN_POINT('',(0.00138647701311829,-0.006,0.00894514306832398));
#8500=CARTESIAN_POINT('',(0.00138647701311829,-6.07153216591882E-18,0.00894514306832398));
#8501=CARTESIAN_POINT('',(0.00147924025980779,-0.006,0.00906003577552339));
#8502=CARTESIAN_POINT('',(0.00147924025980779,-6.07153216591882E-18,0.00906003577552339));
#8503=CARTESIAN_POINT('',(0.000873426481686252,-0.006,0.00785496753292431));
#8504=CARTESIAN_POINT('',(0.000117949227451629,-0.006,0.00790249813339287));
#8505=CARTESIAN_POINT('',(0.000117949227451629,0.,0.00790249813339287));
#8506=CARTESIAN_POINT('',(0.000118979253221245,-0.006,0.00797224790623214));
#8507=CARTESIAN_POINT('',(0.000118979253221245,0.,0.00797224790623214));
#8508=CARTESIAN_POINT('',(0.000119452213360953,-0.006,0.00799734024810968));
#8509=CARTESIAN_POINT('',(0.000119452213360953,0.,0.00799734024810968));
#8510=CARTESIAN_POINT('',(0.000115128369521114,-0.006,0.00805302494962701));
#8511=CARTESIAN_POINT('',(0.000115128369521114,-8.67361737988404E-19,0.00805302494962701));
#8512=CARTESIAN_POINT('',(0.000100126876561774,-0.006,0.00815569324307654));
#8513=CARTESIAN_POINT('',(0.000100126876561774,0.,0.00815569324307654));
#8514=CARTESIAN_POINT('',(6.64669896492342E-5,-0.006,0.00829799781781211));
#8515=CARTESIAN_POINT('',(6.64669896492342E-5,-1.73472347597681E-18,0.00829799781781211));
#8516=CARTESIAN_POINT('',(9.86577787036293E-7,-0.006,0.00850942918603118));
#8517=CARTESIAN_POINT('',(9.86577787036293E-7,8.67361737988404E-19,0.00850942918603118));
#8518=CARTESIAN_POINT('',(-0.000119300528542472,-0.006,0.00880050181679615));
#8519=CARTESIAN_POINT('',(-0.000119300528542472,8.67361737988404E-19,0.00880050181679615));
#8520=CARTESIAN_POINT('',(-0.000254420522300886,-0.006,0.00904837959076222));
#8521=CARTESIAN_POINT('',(-0.000254420522300886,-8.67361737988404E-19,0.00904837959076222));
#8522=CARTESIAN_POINT('',(-0.000332052428576933,-0.006,0.00917399265231208));
#8523=CARTESIAN_POINT('',(-0.000332052428576933,-8.67361737988404E-19,0.00917399265231208));
#8524=CARTESIAN_POINT('',(0.000117949227445717,0.,0.00790249813299256));
#8525=CARTESIAN_POINT('',(2.86957803074279E-17,-0.006,4.42292788945077E-16));
#8526=CARTESIAN_POINT('',(0.000363303276310924,-0.006,0.00764136838069084));
#8527=CARTESIAN_POINT('',(0.00059727888654423,-0.006,0.00762664788302754));
#8528=CARTESIAN_POINT('',(0.000617392467991494,-0.003,0.00788347799509197));
#8529=CARTESIAN_POINT('',(0.000375537644882725,-0.003,0.00789869421081155));
#8530=CARTESIAN_POINT('',(-0.00110746480685745,-0.006,0.00782540161717637));
#8531=CARTESIAN_POINT('',(-0.00110746480685745,-1.73472347597681E-18,0.00782540161717637));
#8532=CARTESIAN_POINT('',(-0.00111722867513654,-0.006,0.00789447229576318));
#8533=CARTESIAN_POINT('',(-0.00111722867513654,-1.73472347597681E-18,0.00789447229576318));
#8534=CARTESIAN_POINT('',(-0.0011208428101895,-0.006,0.00791930749940665));
#8535=CARTESIAN_POINT('',(-0.0011208428101895,-1.73472347597681E-18,0.00791930749940665));
#8536=CARTESIAN_POINT('',(-0.00112353220485104,-0.006,0.00797509503175016));
#8537=CARTESIAN_POINT('',(-0.00112353220485104,-1.73472347597681E-18,0.00797509503175016));
#8538=CARTESIAN_POINT('',(-0.00112151675234696,-0.006,0.00807883394066122));
#8539=CARTESIAN_POINT('',(-0.00112151675234696,-1.73472347597681E-18,0.00807883394066122));
#8540=CARTESIAN_POINT('',(-0.00110595777619905,-0.006,0.00822423510378881));
#8541=CARTESIAN_POINT('',(-0.00110595777619905,-2.60208521396521E-18,0.00822423510378881));
#8542=CARTESIAN_POINT('',(-0.00106749307399826,-0.006,0.00844220614427182));
#8543=CARTESIAN_POINT('',(-0.00106749307399826,-2.60208521396521E-18,0.00844220614427182));
#8544=CARTESIAN_POINT('',(-0.00098463554144602,-0.006,0.00874605955239645));
#8545=CARTESIAN_POINT('',(-0.00098463554144602,-1.73472347597681E-18,0.00874605955239645));
#8546=CARTESIAN_POINT('',(-0.00088164833213667,-0.006,0.00900891776181404));
#8547=CARTESIAN_POINT('',(-0.00088164833213667,-1.73472347597681E-18,0.00900891776181404));
#8548=CARTESIAN_POINT('',(-0.000820372067811091,-0.006,0.00914327018469625));
#8549=CARTESIAN_POINT('',(-0.000820372067811091,-1.73472347597681E-18,0.00914327018469625));
#8550=CARTESIAN_POINT('',(-0.00110746480680141,-0.006,0.00782540161677994));
#8551=CARTESIAN_POINT('',(-0.00185102773353617,-0.006,0.00768355940292091));
#8552=CARTESIAN_POINT('',(-0.00185102773353617,0.,0.00768355940292091));
#8553=CARTESIAN_POINT('',(-0.00186737613105736,-0.006,0.00775137401537799));
#8554=CARTESIAN_POINT('',(-0.00186737613105736,0.,0.00775137401537799));
#8555=CARTESIAN_POINT('',(-0.00187315824150039,-0.006,0.00777579565559764));
#8556=CARTESIAN_POINT('',(-0.00187315824150039,-8.67361737988404E-19,0.00777579565559764));
#8557=CARTESIAN_POINT('',(-0.00189119446597216,-0.006,0.00782865562358314));
#8558=CARTESIAN_POINT('',(-0.00189119446597216,8.67361737988404E-19,0.00782865562358314));
#8559=CARTESIAN_POINT('',(-0.00193125722575773,-0.006,0.00792436768420881));
#8560=CARTESIAN_POINT('',(-0.00193125722575773,-8.67361737988404E-19,0.00792436768420881));
#8561=CARTESIAN_POINT('',(-0.00199924933406074,-0.006,0.00805383062557098));
#8562=CARTESIAN_POINT('',(-0.00199924933406074,8.67361737988404E-19,0.00805383062557098));
#8563=CARTESIAN_POINT('',(-0.00211525340147975,-0.006,0.00824233517232486));
#8564=CARTESIAN_POINT('',(-0.00211525340147975,-2.60208521396521E-18,0.00824233517232486));
#8565=CARTESIAN_POINT('',(-0.00230414828687313,-0.006,0.00849434903424873));
#8566=CARTESIAN_POINT('',(-0.00230414828687313,1.73472347597681E-18,0.00849434903424873));
#8567=CARTESIAN_POINT('',(-0.00249666793319759,-0.006,0.00870083629612884));
#8568=CARTESIAN_POINT('',(-0.00249666793319759,-8.67361737988404E-19,0.00870083629612884));
#8569=CARTESIAN_POINT('',(-0.00260309958848618,-0.006,0.00880319672235166));
#8570=CARTESIAN_POINT('',(-0.00260309958848618,0.,0.00880319672235166));
#8571=CARTESIAN_POINT('',(-0.00185102773344234,0.,0.00768355940253169));
#8572=CARTESIAN_POINT('',(-8.2199494175359E-17,-0.006,4.35533698027583E-16));
#8573=CARTESIAN_POINT('',(-0.00154844160456147,-0.006,0.00749165059231029));
#8574=CARTESIAN_POINT('',(-0.0013181559294718,-0.006,0.00753557993425844));
#8575=CARTESIAN_POINT('',(-0.00136254530476183,-0.003,0.00778934330037542));
#8576=CARTESIAN_POINT('',(-0.00160058593283311,-0.003,0.00774393462202831));
#8577=CARTESIAN_POINT('',(-0.00301877000865996,-0.006,0.00730413693760935));
#8578=CARTESIAN_POINT('',(-0.00301877000865996,-6.07153216591882E-18,0.00730413693760935));
#8579=CARTESIAN_POINT('',(-0.00304540430632673,-0.006,0.00736860945851566));
#8580=CARTESIAN_POINT('',(-0.00304540430632673,-6.07153216591882E-18,0.00736860945851566));
#8581=CARTESIAN_POINT('',(-0.00305508116067287,-0.006,0.00739176561972941));
#8582=CARTESIAN_POINT('',(-0.00305508116067287,-5.20417042793042E-18,0.00739176561972941));
#8583=CARTESIAN_POINT('',(-0.00307155985817938,-0.006,0.00744513165890333));
#8584=CARTESIAN_POINT('',(-0.00307155985817938,-6.93889390390723E-18,0.00744513165890333));
#8585=CARTESIAN_POINT('',(-0.00309540654237357,-0.006,0.00754611264188424));
#8586=CARTESIAN_POINT('',(-0.00309540654237357,-6.07153216591882E-18,0.00754611264188424));
#8587=CARTESIAN_POINT('',(-0.00311649617892415,-0.006,0.00769081512012079));
#8588=CARTESIAN_POINT('',(-0.00311649617892415,-6.93889390390723E-18,0.00769081512012079));
#8589=CARTESIAN_POINT('',(-0.00313344710953756,-0.006,0.00791150398199645));
#8590=CARTESIAN_POINT('',(-0.00313344710953756,-5.20417042793042E-18,0.00791150398199645));
#8591=CARTESIAN_POINT('',(-0.00312875796851595,-0.006,0.00822641710697863));
#8592=CARTESIAN_POINT('',(-0.00312875796851595,-6.07153216591882E-18,0.00822641710697863));
#8593=CARTESIAN_POINT('',(-0.00309437647020773,-0.006,0.0085066290198477));
#8594=CARTESIAN_POINT('',(-0.00309437647020773,-6.07153216591882E-18,0.0085066290198477));
#8595=CARTESIAN_POINT('',(-0.00306843740129199,-0.006,0.00865199930156911));
#8596=CARTESIAN_POINT('',(-0.00306843740129199,-6.07153216591882E-18,0.00865199930156911));
#8597=CARTESIAN_POINT('',(-0.0030187700085071,-0.006,0.00730413693723933));
#8598=CARTESIAN_POINT('',(-0.00370369781442209,-0.006,0.00698183437700862));
#8599=CARTESIAN_POINT('',(-0.00370369781442209,8.67361737988404E-19,0.00698183437700862));
#8600=CARTESIAN_POINT('',(-0.00373639740529263,-0.006,0.00704345278757814));
#8601=CARTESIAN_POINT('',(-0.00373639740529263,8.67361737988404E-19,0.00704345278757814));
#8602=CARTESIAN_POINT('',(-0.00374807127505414,-0.006,0.00706566922466839));
#8603=CARTESIAN_POINT('',(-0.00374807127505414,0.,0.00706566922466839));
#8604=CARTESIAN_POINT('',(-0.00377868659784168,-0.006,0.00711238307292817));
#8605=CARTESIAN_POINT('',(-0.00377868659784168,4.33680868994202E-18,0.00711238307292817));
#8606=CARTESIAN_POINT('',(-0.00384129333391565,-0.006,0.00719512495995654));
#8607=CARTESIAN_POINT('',(-0.00384129333391565,0.,0.00719512495995654));
#8608=CARTESIAN_POINT('',(-0.00393934546938696,-0.006,0.00730361163520814));
#8609=CARTESIAN_POINT('',(-0.00393934546938696,8.67361737988404E-19,0.00730361163520814));
#8610=CARTESIAN_POINT('',(-0.00409858423017373,-0.006,0.00745734492655303));
#8611=CARTESIAN_POINT('',(-0.00409858423017373,3.46944695195361E-18,0.00745734492655303));
#8612=CARTESIAN_POINT('',(-0.00434421793427488,-0.006,0.00765446506184907));
#8613=CARTESIAN_POINT('',(-0.00434421793427488,1.73472347597681E-18,0.00765446506184907));
#8614=CARTESIAN_POINT('',(-0.00458204051574921,-0.006,0.00780658745757204));
#8615=CARTESIAN_POINT('',(-0.00458204051574921,1.73472347597681E-18,0.00780658745757204));
#8616=CARTESIAN_POINT('',(-0.00471058442772024,-0.006,0.00787926356643307));
#8617=CARTESIAN_POINT('',(-0.00471058442772024,1.73472347597681E-18,0.00787926356643307));
#8618=CARTESIAN_POINT('',(-0.00370369781423441,0.,0.00698183437665497));
#8619=CARTESIAN_POINT('',(-1.87929872130516E-16,-0.006,4.01408423082121E-16));
#8620=CARTESIAN_POINT('',(-0.00336289220464941,-0.006,0.00687120484485132));
#8621=CARTESIAN_POINT('',(-0.00315076616060072,-0.006,0.00697102378429549));
#8622=CARTESIAN_POINT('',(-0.00325686934492587,-0.003,0.00720577551889553));
#8623=CARTESIAN_POINT('',(-0.00347613880984574,-0.003,0.00710259514074371));
#8624=CARTESIAN_POINT('',(-0.00616416312994016,-0.006,0.00494636044744221));
#8625=CARTESIAN_POINT('',(-0.00616416312994016,1.73472347597681E-18,0.00494636044744221));
#8626=CARTESIAN_POINT('',(-0.00621856281672903,-0.006,0.00499002697743359));
#8627=CARTESIAN_POINT('',(-0.00621856281672903,1.73472347597681E-18,0.00499002697743359));
#8628=CARTESIAN_POINT('',(-0.00623819827457718,-0.006,0.00500565701605437));
#8629=CARTESIAN_POINT('',(-0.00623819827457718,8.67361737988404E-19,0.00500565701605437));
#8630=CARTESIAN_POINT('',(-0.00627834795272485,-0.006,0.00504448335960178));
#8631=CARTESIAN_POINT('',(-0.00627834795272485,3.46944695195361E-18,0.00504448335960178));
#8632=CARTESIAN_POINT('',(-0.00634789292094658,-0.006,0.00512148544181966));
#8633=CARTESIAN_POINT('',(-0.00634789292094658,1.73472347597681E-18,0.00512148544181966));
#8634=CARTESIAN_POINT('',(-0.00643608486087762,-0.006,0.00523812918022353));
#8635=CARTESIAN_POINT('',(-0.00643608486087762,0.,0.00523812918022353));
#8636=CARTESIAN_POINT('',(-0.00655725674464903,-0.006,0.005423354130994));
#8637=CARTESIAN_POINT('',(-0.00655725674464903,3.46944695195361E-18,0.005423354130994));
#8638=CARTESIAN_POINT('',(-0.00670485817403121,-0.006,0.00570157361696491));
#8639=CARTESIAN_POINT('',(-0.00670485817403121,8.67361737988404E-19,0.00570157361696491));
#8640=CARTESIAN_POINT('',(-0.00680972255594536,-0.006,0.00596368860117104));
#8641=CARTESIAN_POINT('',(-0.00680972255594536,1.73472347597681E-18,0.00596368860117104));
#8642=CARTESIAN_POINT('',(-0.006857024643905,-0.006,0.00610357379187632));
#8643=CARTESIAN_POINT('',(-0.006857024643905,1.73472347597681E-18,0.00610357379187632));
#8644=CARTESIAN_POINT('',(-0.00616416312962794,-0.006,0.00494636044719159));
#8645=CARTESIAN_POINT('',(-0.0066090994987355,-0.006,0.00433395807367221));
#8646=CARTESIAN_POINT('',(-0.0066090994987355,0.,0.00433395807367221));
#8647=CARTESIAN_POINT('',(-0.00666743926433423,-0.006,0.00437220155042446));
#8648=CARTESIAN_POINT('',(-0.00666743926433423,8.67361737988404E-19,0.00437220155042446));
#8649=CARTESIAN_POINT('',(-0.00668837200458188,-0.006,0.00438604603300483));
#8650=CARTESIAN_POINT('',(-0.00668837200458188,0.,0.00438604603300483));
#8651=CARTESIAN_POINT('',(-0.00673770498448288,-0.006,0.00441223264604873));
#8652=CARTESIAN_POINT('',(-0.00673770498448288,-8.67361737988404E-19,0.00441223264604873));
#8653=CARTESIAN_POINT('',(-0.00683242889359827,-0.006,0.00445457888924397));
#8654=CARTESIAN_POINT('',(-0.00683242889359827,-8.67361737988404E-19,0.00445457888924397));
#8655=CARTESIAN_POINT('',(-0.00697061648929788,-0.006,0.00450240951094586));
#8656=CARTESIAN_POINT('',(-0.00697061648929788,3.46944695195361E-18,0.00450240951094586));
#8657=CARTESIAN_POINT('',(-0.0071842200570344,-0.00600000000000001,0.00456041316302811));
#8658=CARTESIAN_POINT('',(-0.0071842200570344,-5.20417042793042E-18,0.00456041316302811));
#8659=CARTESIAN_POINT('',(-0.00749443386220041,-0.006,0.00461481591492512));
#8660=CARTESIAN_POINT('',(-0.00749443386220041,1.73472347597681E-18,0.00461481591492512));
#8661=CARTESIAN_POINT('',(-0.00777612490206443,-0.006,0.00463354988407211));
#8662=CARTESIAN_POINT('',(-0.00777612490206443,0.,0.00463354988407211));
#8663=CARTESIAN_POINT('',(-0.00792378077326676,-0.006,0.00463530994187098));
#8664=CARTESIAN_POINT('',(-0.00792378077326676,0.,0.00463530994187098));
#8665=CARTESIAN_POINT('',(-0.00660909949840067,0.,0.00433395807345271));
#8666=CARTESIAN_POINT('',(-3.58064184962948E-16,-0.006,2.61220976200395E-16));
#8667=CARTESIAN_POINT('',(-0.00625715308271434,-0.006,0.00440119703029511));
#8668=CARTESIAN_POINT('',(-0.00611935375412536,-0.006,0.00459086153481804));
#8669=CARTESIAN_POINT('',(-0.00632542519396874,-0.003,0.00474546044911741));
#8670=CARTESIAN_POINT('',(-0.00646786496453782,-0.003,0.00454940892415006));
#8671=CARTESIAN_POINT('',(-0.00474039478855889,-0.006,0.00632392647151578));
#8672=CARTESIAN_POINT('',(-0.00474039478855889,0.,0.00632392647151578));
#8673=CARTESIAN_POINT('',(-0.00478222598473683,-0.006,0.00637974978913968));
#8674=CARTESIAN_POINT('',(-0.00478222598473683,-8.67361737988404E-19,0.00637974978913968));
#8675=CARTESIAN_POINT('',(-0.00479735752602861,-0.006,0.00639977192115223));
#8676=CARTESIAN_POINT('',(-0.00479735752602861,-8.67361737988404E-19,0.00639977192115223));
#8677=CARTESIAN_POINT('',(-0.00482659010921135,-0.006,0.00644736328264872));
#8678=CARTESIAN_POINT('',(-0.00482659010921135,2.60208521396521E-18,0.00644736328264872));
#8679=CARTESIAN_POINT('',(-0.00487480055523393,-0.006,0.00653924133315672));
#8680=CARTESIAN_POINT('',(-0.00487480055523393,0.,0.00653924133315672));
#8681=CARTESIAN_POINT('',(-0.00493121366505625,-0.006,0.00667415293761612));
#8682=CARTESIAN_POINT('',(-0.00493121366505625,0.,0.00667415293761612));
#8683=CARTESIAN_POINT('',(-0.00500251513917226,-0.006,0.00688369292805594));
#8684=CARTESIAN_POINT('',(-0.00500251513917226,8.67361737988404E-19,0.00688369292805594));
#8685=CARTESIAN_POINT('',(-0.00507628902565711,-0.006,0.00718987862008368));
#8686=CARTESIAN_POINT('',(-0.00507628902565711,8.67361737988404E-19,0.00718987862008368));
#8687=CARTESIAN_POINT('',(-0.00511267355433508,-0.006,0.00746983749137098));
#8688=CARTESIAN_POINT('',(-0.00511267355433508,-8.67361737988404E-19,0.00746983749137098));
#8689=CARTESIAN_POINT('',(-0.00512370152792634,-0.006,0.0076170914824968));
#8690=CARTESIAN_POINT('',(-0.00512370152792634,0.,0.0076170914824968));
#8691=CARTESIAN_POINT('',(-0.00474039478831881,-0.006,0.00632392647119539));
#8692=CARTESIAN_POINT('',(-0.00532365094038013,-0.006,0.00584141501979821));
#8693=CARTESIAN_POINT('',(-0.00532365094038013,0.,0.00584141501979821));
#8694=CARTESIAN_POINT('',(-0.00537064708904495,-0.006,0.00589296551712743));
#8695=CARTESIAN_POINT('',(-0.00537064708904495,0.,0.00589296551712743));
#8696=CARTESIAN_POINT('',(-0.00538747920595432,-0.006,0.00591158081063955));
#8697=CARTESIAN_POINT('',(-0.00538747920595432,-8.67361737988404E-19,0.00591158081063955));
#8698=CARTESIAN_POINT('',(-0.00542874995373162,-0.006,0.00594921333628595));
#8699=CARTESIAN_POINT('',(-0.00542874995373162,1.73472347597681E-18,0.00594921333628595));
#8700=CARTESIAN_POINT('',(-0.00550996685461498,-0.006,0.00601378607265162));
#8701=CARTESIAN_POINT('',(-0.00550996685461498,-8.67361737988404E-19,0.00601378607265162));
#8702=CARTESIAN_POINT('',(-0.00563191804097241,-0.006,0.00609447986500053));
#8703=CARTESIAN_POINT('',(-0.00563191804097241,8.67361737988404E-19,0.00609447986500053));
#8704=CARTESIAN_POINT('',(-0.0058243859381475,-0.006,0.00620378227284975));
#8705=CARTESIAN_POINT('',(-0.0058243859381475,-1.73472347597681E-18,0.00620378227284975));
#8706=CARTESIAN_POINT('',(-0.0061113243919503,-0.006,0.00633362289845998));
#8707=CARTESIAN_POINT('',(-0.0061113243919503,8.67361737988404E-19,0.00633362289845998));
#8708=CARTESIAN_POINT('',(-0.00637950664112983,-0.006,0.00642182201843598));
#8709=CARTESIAN_POINT('',(-0.00637950664112983,0.,0.00642182201843598));
#8710=CARTESIAN_POINT('',(-0.00652208592304297,-0.006,0.00646024730273112));
#8711=CARTESIAN_POINT('',(-0.00652208592304297,0.,0.00646024730273112));
#8712=CARTESIAN_POINT('',(-0.0053236509401104,0.,0.00584141501950234));
#8713=CARTESIAN_POINT('',(-2.81851925061989E-16,-0.006,3.42061180637497E-16));
#8714=CARTESIAN_POINT('',(-0.00496603991966683,-0.006,0.00581901602646663));
#8715=CARTESIAN_POINT('',(-0.00478540216615173,-0.006,0.00596845257233317));
#8716=CARTESIAN_POINT('',(-0.00494655230622064,-0.003,0.00616944236057485));
#8717=CARTESIAN_POINT('',(-0.00513327310109151,-0.003,0.00601497348524849));
#8718=CARTESIAN_POINT('',(-0.0072006144316611,-0.006,0.00325799640501462));
#8719=CARTESIAN_POINT('',(-0.0072006144316611,-6.07153216591882E-18,0.00325799640501462));
#8720=CARTESIAN_POINT('',(-0.00726416447667191,-0.006,0.00328676241869986));
#8721=CARTESIAN_POINT('',(-0.00726416447667191,-6.07153216591882E-18,0.00328676241869986));
#8722=CARTESIAN_POINT('',(-0.00728707008304566,-0.006,0.00329701827111905));
#8723=CARTESIAN_POINT('',(-0.00728707008304566,-5.20417042793042E-18,0.00329701827111905));
#8724=CARTESIAN_POINT('',(-0.00733561410422007,-0.006,0.00332463999475904));
#8725=CARTESIAN_POINT('',(-0.00733561410422007,-8.67361737988404E-18,0.00332463999475904));
#8726=CARTESIAN_POINT('',(-0.00742212382851907,-0.006,0.00338192778466716));
#8727=CARTESIAN_POINT('',(-0.00742212382851907,-5.20417042793042E-18,0.00338192778466716));
#8728=CARTESIAN_POINT('',(-0.00753655317462569,-0.006,0.00347297450194594));
#8729=CARTESIAN_POINT('',(-0.00753655317462569,-5.20417042793042E-18,0.00347297450194594));
#8730=CARTESIAN_POINT('',(-0.00769998179295615,-0.006,0.00362224604818044));
#8731=CARTESIAN_POINT('',(-0.00769998179295615,-6.07153216591882E-18,0.00362224604818044));
#8732=CARTESIAN_POINT('',(-0.00791213642458743,-0.006,0.00385501777457132));
#8733=CARTESIAN_POINT('',(-0.00791213642458743,-5.20417042793042E-18,0.00385501777457132));
#8734=CARTESIAN_POINT('',(-0.00807889164495804,-0.006,0.00408281922324698));
#8735=CARTESIAN_POINT('',(-0.00807889164495804,-6.93889390390723E-18,0.00408281922324698));
#8736=CARTESIAN_POINT('',(-0.00815949568313452,-0.006,0.00420654611253807));
#8737=CARTESIAN_POINT('',(-0.00815949568313452,-6.93889390390723E-18,0.00420654611253807));
#8738=CARTESIAN_POINT('',(-0.00720061443129636,-0.006,0.00325799640484952));
#8739=CARTESIAN_POINT('',(-0.00747927402901763,-0.006,0.00255418260259455));
#8740=CARTESIAN_POINT('',(-0.00747927402901763,6.07153216591882E-18,0.00255418260259455));
#8741=CARTESIAN_POINT('',(-0.00754529170951907,-0.006,0.00257671608047582));
#8742=CARTESIAN_POINT('',(-0.00754529170951907,6.07153216591882E-18,0.00257671608047582));
#8743=CARTESIAN_POINT('',(-0.00756900979204998,-0.006,0.00258491985236747));
#8744=CARTESIAN_POINT('',(-0.00756900979204998,6.93889390390723E-18,0.00258491985236747));
#8745=CARTESIAN_POINT('',(-0.00762330523151352,-0.006,0.00259801515160369));
#8746=CARTESIAN_POINT('',(-0.00762330523151352,7.80625564189563E-18,0.00259801515160369));
#8747=CARTESIAN_POINT('',(-0.00772558429728103,-0.006,0.00261547413142994));
#8748=CARTESIAN_POINT('',(-0.00772558429728103,7.80625564189563E-18,0.00261547413142994));
#8749=CARTESIAN_POINT('',(-0.0078713254674666,-0.006,0.00262743620861459));
#8750=CARTESIAN_POINT('',(-0.0078713254674666,6.07153216591882E-18,0.00262743620861459));
#8751=CARTESIAN_POINT('',(-0.00809264320802467,-0.006,0.002630496522147));
#8752=CARTESIAN_POINT('',(-0.00809264320802467,6.93889390390723E-18,0.002630496522147));
#8753=CARTESIAN_POINT('',(-0.00840664049028885,-0.006,0.00260604307534984));
#8754=CARTESIAN_POINT('',(-0.00840664049028885,6.93889390390723E-18,0.00260604307534984));
#8755=CARTESIAN_POINT('',(-0.00868414063681519,-0.006,0.00255413476948747));
#8756=CARTESIAN_POINT('',(-0.00868414063681519,5.20417042793042E-18,0.00255413476948747));
#8757=CARTESIAN_POINT('',(-0.00882759533587901,-0.006,0.00251911900988561));
#8758=CARTESIAN_POINT('',(-0.00882759533587901,6.07153216591882E-18,0.00251911900988561));
#8759=CARTESIAN_POINT('',(-0.00747927402863874,0.,0.00255418260246522));
#8760=CARTESIAN_POINT('',(-4.11777955254728E-16,-0.006,1.63967297125075E-16));
#8761=CARTESIAN_POINT('',(-0.0071551063053756,-0.006,0.00270683463823972));
#8762=CARTESIAN_POINT('',(-0.00706880384031847,-0.006,0.00292480978306263));
#8763=CARTESIAN_POINT('',(-0.00730684835349321,-0.003,0.00302330380505922));
#8764=CARTESIAN_POINT('',(-0.00739605708511883,-0.003,0.00279798826879164));
#8765=CARTESIAN_POINT('',(-0.00778462464663334,-0.006,0.00136492046638736));
#8766=CARTESIAN_POINT('',(-0.00778462464663334,-6.93889390390723E-18,0.00136492046638736));
#8767=CARTESIAN_POINT('',(-0.00785333196681734,-0.006,0.00137697848933262));
#8768=CARTESIAN_POINT('',(-0.00785333196681734,-6.93889390390723E-18,0.00137697848933262));
#8769=CARTESIAN_POINT('',(-0.00787806847822731,-0.006,0.00138121574262433));
#8770=CARTESIAN_POINT('',(-0.00787806847822731,-7.80625564189563E-18,0.00138121574262433));
#8771=CARTESIAN_POINT('',(-0.00793195664304562,-0.006,0.00139589727187497));
#8772=CARTESIAN_POINT('',(-0.00793195664304562,-3.46944695195361E-18,0.00139589727187497));
#8773=CARTESIAN_POINT('',(-0.0080299953992837,-0.006,0.00142987116694368));
#8774=CARTESIAN_POINT('',(-0.0080299953992837,-6.93889390390723E-18,0.00142987116694368));
#8775=CARTESIAN_POINT('',(-0.00816347213490834,-0.006,0.00148960006300434));
#8776=CARTESIAN_POINT('',(-0.00816347213490834,-5.20417042793042E-18,0.00148960006300434));
#8777=CARTESIAN_POINT('',(-0.0083588886666597,-0.006,0.0015935389244706));
#8778=CARTESIAN_POINT('',(-0.0083588886666597,-5.20417042793042E-18,0.0015935389244706));
#8779=CARTESIAN_POINT('',(-0.00862226604478448,-0.006,0.00176623698763779));
#8780=CARTESIAN_POINT('',(-0.00862226604478448,-6.07153216591882E-18,0.00176623698763779));
#8781=CARTESIAN_POINT('',(-0.00884043425983304,-0.006,0.00194541129796755));
#8782=CARTESIAN_POINT('',(-0.00884043425983304,-6.07153216591882E-18,0.00194541129796755));
#8783=CARTESIAN_POINT('',(-0.0089492756000667,-0.006,0.00204520567035464));
#8784=CARTESIAN_POINT('',(-0.0089492756000667,-6.07153216591882E-18,0.00204520567035464));
#8785=CARTESIAN_POINT('',(-0.007784624646239,-0.006,0.00136492046631815));
#8786=CARTESIAN_POINT('',(-0.00787949826521085,-0.006,0.000613918444969358));
#8787=CARTESIAN_POINT('',(-0.00787949826521085,0.,0.000613918444969358));
#8788=CARTESIAN_POINT('',(-0.00794904572695303,-0.006,0.000619326062692035));
#8789=CARTESIAN_POINT('',(-0.00794904572695303,0.,0.000619326062692035));
#8790=CARTESIAN_POINT('',(-0.00797405885741279,-0.006,0.000621373650735643));
#8791=CARTESIAN_POINT('',(-0.00797405885741279,0.,0.000621373650735643));
#8792=CARTESIAN_POINT('',(-0.00802990517429269,-0.006,0.000620554810352039));
#8793=CARTESIAN_POINT('',(-0.00802990517429269,-8.67361737988404E-19,0.000620554810352039));
#8794=CARTESIAN_POINT('',(-0.00813331282685408,-0.006,0.000612029514897175));
#8795=CARTESIAN_POINT('',(-0.00813331282685408,0.,0.000612029514897175));
#8796=CARTESIAN_POINT('',(-0.00827745011780432,-0.006,0.000587371426261631));
#8797=CARTESIAN_POINT('',(-0.00827745011780432,-1.73472347597681E-18,0.000587371426261631));
#8798=CARTESIAN_POINT('',(-0.00849257582359495,-0.006,0.000535296110489936));
#8799=CARTESIAN_POINT('',(-0.00849257582359495,8.67361737988404E-19,0.000535296110489936));
#8800=CARTESIAN_POINT('',(-0.00879062697891146,-0.006,0.000433522964994289));
#8801=CARTESIAN_POINT('',(-0.00879062697891146,8.67361737988404E-19,0.000433522964994289));
#8802=CARTESIAN_POINT('',(-0.00904649987731966,-0.006,0.000314233973885428));
#8803=CARTESIAN_POINT('',(-0.00904649987731966,-8.67361737988404E-19,0.000314233973885428));
#8804=CARTESIAN_POINT('',(-0.00917673961791335,-0.006,0.00024464256583748));
#8805=CARTESIAN_POINT('',(-0.00917673961791335,-8.67361737988404E-19,0.00024464256583748));
#8806=CARTESIAN_POINT('',(-0.00787949826481169,0.,0.000613918444938322));
#8807=CARTESIAN_POINT('',(-4.39618202204469E-16,-0.006,5.64109497418491E-17));
#8808=CARTESIAN_POINT('',(-0.00760347788422986,-0.006,0.000842391870822309));
#8809=CARTESIAN_POINT('',(-0.00757409498398238,-0.006,0.00107498147593946));
#8810=CARTESIAN_POINT('',(-0.00782915535825924,-0.003,0.00111118186399554));
#8811=CARTESIAN_POINT('',(-0.00785952773824658,-0.003,0.000870759720224001));
#8812=CARTESIAN_POINT('',(-0.00787949826521085,-0.006,-0.00061391844496936));
#8813=CARTESIAN_POINT('',(-0.00787949826521085,-6.07153216591882E-18,-0.00061391844496936));
#8814=CARTESIAN_POINT('',(-0.00794904572695303,-0.006,-0.000619326062692036));
#8815=CARTESIAN_POINT('',(-0.00794904572695303,-6.07153216591882E-18,-0.000619326062692036));
#8816=CARTESIAN_POINT('',(-0.00797405885741279,-0.006,-0.000621373650735644));
#8817=CARTESIAN_POINT('',(-0.00797405885741279,-6.07153216591882E-18,-0.000621373650735644));
#8818=CARTESIAN_POINT('',(-0.00802990517429269,-0.006,-0.000620554810352042));
#8819=CARTESIAN_POINT('',(-0.00802990517429269,-6.93889390390723E-18,-0.000620554810352042));
#8820=CARTESIAN_POINT('',(-0.00813331282685408,-0.006,-0.000612029514897176));
#8821=CARTESIAN_POINT('',(-0.00813331282685408,-6.07153216591882E-18,-0.000612029514897176));
#8822=CARTESIAN_POINT('',(-0.00827745011780432,-0.006,-0.000587371426261632));
#8823=CARTESIAN_POINT('',(-0.00827745011780432,-7.80625564189563E-18,-0.000587371426261632));
#8824=CARTESIAN_POINT('',(-0.00849257582359495,-0.006,-0.000535296110489938));
#8825=CARTESIAN_POINT('',(-0.00849257582359495,-5.20417042793042E-18,-0.000535296110489938));
#8826=CARTESIAN_POINT('',(-0.00879062697891146,-0.006,-0.000433522964994287));
#8827=CARTESIAN_POINT('',(-0.00879062697891146,-5.20417042793042E-18,-0.000433522964994287));
#8828=CARTESIAN_POINT('',(-0.00904649987731966,-0.006,-0.000314233973885437));
#8829=CARTESIAN_POINT('',(-0.00904649987731966,-6.93889390390723E-18,-0.000314233973885437));
#8830=CARTESIAN_POINT('',(-0.00917673961791335,-0.006,-0.000244642565837482));
#8831=CARTESIAN_POINT('',(-0.00917673961791335,-6.93889390390723E-18,-0.000244642565837482));
#8832=CARTESIAN_POINT('',(-0.00787949826481169,-0.006,-0.000613918444938323));
#8833=CARTESIAN_POINT('',(-0.00778462464663334,-0.006,-0.00136492046638736));
#8834=CARTESIAN_POINT('',(-0.00778462464663334,-6.07153216591882E-18,-0.00136492046638736));
#8835=CARTESIAN_POINT('',(-0.00785333196681734,-0.006,-0.00137697848933262));
#8836=CARTESIAN_POINT('',(-0.00785333196681734,-5.20417042793042E-18,-0.00137697848933262));
#8837=CARTESIAN_POINT('',(-0.0078780684782273,-0.006,-0.00138121574262433));
#8838=CARTESIAN_POINT('',(-0.0078780684782273,-6.07153216591882E-18,-0.00138121574262433));
#8839=CARTESIAN_POINT('',(-0.00793195664304563,-0.006,-0.00139589727187498));
#8840=CARTESIAN_POINT('',(-0.00793195664304563,-4.33680868994202E-18,-0.00139589727187498));
#8841=CARTESIAN_POINT('',(-0.00802999539928371,-0.006,-0.00142987116694368));
#8842=CARTESIAN_POINT('',(-0.00802999539928371,-6.93889390390723E-18,-0.00142987116694368));
#8843=CARTESIAN_POINT('',(-0.00816347213490833,-0.006,-0.00148960006300435));
#8844=CARTESIAN_POINT('',(-0.00816347213490833,-3.46944695195361E-18,-0.00148960006300435));
#8845=CARTESIAN_POINT('',(-0.00835888866665971,-0.006,-0.0015935389244706));
#8846=CARTESIAN_POINT('',(-0.00835888866665971,-1.04083408558608E-17,-0.0015935389244706));
#8847=CARTESIAN_POINT('',(-0.00862226604478447,-0.006,-0.00176623698763779));
#8848=CARTESIAN_POINT('',(-0.00862226604478447,-4.33680868994202E-18,-0.00176623698763779));
#8849=CARTESIAN_POINT('',(-0.00884043425983304,-0.006,-0.00194541129796755));
#8850=CARTESIAN_POINT('',(-0.00884043425983304,-6.07153216591882E-18,-0.00194541129796755));
#8851=CARTESIAN_POINT('',(-0.0089492756000667,-0.006,-0.00204520567035464));
#8852=CARTESIAN_POINT('',(-0.0089492756000667,-6.07153216591882E-18,-0.00204520567035464));
#8853=CARTESIAN_POINT('',(-0.007784624646239,0.,-0.00136492046631815));
#8854=CARTESIAN_POINT('',(-4.39835620707054E-16,-0.006,-5.46899050786172E-17));
#8855=CARTESIAN_POINT('',(-0.00757409498398238,-0.006,-0.00107498147593946));
#8856=CARTESIAN_POINT('',(-0.00760347788422986,-0.006,-0.000842391870822311));
#8857=CARTESIAN_POINT('',(-0.00785952773824658,-0.003,-0.000870759720224002));
#8858=CARTESIAN_POINT('',(-0.00782915535825924,-0.003,-0.00111118186399554));
#8859=CARTESIAN_POINT('',(-0.00747927402901763,-0.006,-0.00255418260259455));
#8860=CARTESIAN_POINT('',(-0.00747927402901763,6.07153216591882E-18,-0.00255418260259455));
#8861=CARTESIAN_POINT('',(-0.00754529170951907,-0.006,-0.00257671608047582));
#8862=CARTESIAN_POINT('',(-0.00754529170951907,6.07153216591882E-18,-0.00257671608047582));
#8863=CARTESIAN_POINT('',(-0.00756900979204998,-0.006,-0.00258491985236747));
#8864=CARTESIAN_POINT('',(-0.00756900979204998,6.93889390390723E-18,-0.00258491985236747));
#8865=CARTESIAN_POINT('',(-0.00762330523151352,-0.006,-0.00259801515160369));
#8866=CARTESIAN_POINT('',(-0.00762330523151352,7.80625564189563E-18,-0.00259801515160369));
#8867=CARTESIAN_POINT('',(-0.00772558429728103,-0.006,-0.00261547413142994));
#8868=CARTESIAN_POINT('',(-0.00772558429728103,7.80625564189563E-18,-0.00261547413142994));
#8869=CARTESIAN_POINT('',(-0.0078713254674666,-0.006,-0.00262743620861459));
#8870=CARTESIAN_POINT('',(-0.0078713254674666,6.07153216591882E-18,-0.00262743620861459));
#8871=CARTESIAN_POINT('',(-0.00809264320802465,-0.006,-0.00263049652214701));
#8872=CARTESIAN_POINT('',(-0.00809264320802465,6.93889390390723E-18,-0.00263049652214701));
#8873=CARTESIAN_POINT('',(-0.00840664049028886,-0.006,-0.00260604307534984));
#8874=CARTESIAN_POINT('',(-0.00840664049028886,6.93889390390723E-18,-0.00260604307534984));
#8875=CARTESIAN_POINT('',(-0.00868414063681519,-0.006,-0.00255413476948747));
#8876=CARTESIAN_POINT('',(-0.00868414063681519,5.20417042793042E-18,-0.00255413476948747));
#8877=CARTESIAN_POINT('',(-0.00882759533587901,-0.006,-0.00251911900988561));
#8878=CARTESIAN_POINT('',(-0.00882759533587901,6.07153216591882E-18,-0.00251911900988561));
#8879=CARTESIAN_POINT('',(-0.00747927402863873,-0.006,-0.00255418260246522));
#8880=CARTESIAN_POINT('',(-0.0072006144316611,-0.006,-0.00325799640501463));
#8881=CARTESIAN_POINT('',(-0.0072006144316611,-6.07153216591882E-18,-0.00325799640501463));
#8882=CARTESIAN_POINT('',(-0.00726416447667191,-0.006,-0.00328676241869987));
#8883=CARTESIAN_POINT('',(-0.00726416447667191,-6.07153216591882E-18,-0.00328676241869987));
#8884=CARTESIAN_POINT('',(-0.00728707008304566,-0.006,-0.00329701827111905));
#8885=CARTESIAN_POINT('',(-0.00728707008304566,-4.33680868994202E-18,-0.00329701827111905));
#8886=CARTESIAN_POINT('',(-0.00733561410422007,-0.006,-0.00332463999475903));
#8887=CARTESIAN_POINT('',(-0.00733561410422007,-4.33680868994202E-18,-0.00332463999475903));
#8888=CARTESIAN_POINT('',(-0.00742212382851908,-0.006,-0.00338192778466716));
#8889=CARTESIAN_POINT('',(-0.00742212382851908,-7.80625564189563E-18,-0.00338192778466716));
#8890=CARTESIAN_POINT('',(-0.00753655317462569,-0.006,-0.00347297450194595));
#8891=CARTESIAN_POINT('',(-0.00753655317462569,-6.07153216591882E-18,-0.00347297450194595));
#8892=CARTESIAN_POINT('',(-0.00769998179295615,-0.006,-0.00362224604818044));
#8893=CARTESIAN_POINT('',(-0.00769998179295615,-5.20417042793042E-18,-0.00362224604818044));
#8894=CARTESIAN_POINT('',(-0.00791213642458742,-0.006,-0.00385501777457132));
#8895=CARTESIAN_POINT('',(-0.00791213642458742,-6.07153216591882E-18,-0.00385501777457132));
#8896=CARTESIAN_POINT('',(-0.00807889164495804,-0.006,-0.00408281922324698));
#8897=CARTESIAN_POINT('',(-0.00807889164495804,-6.07153216591882E-18,-0.00408281922324698));
#8898=CARTESIAN_POINT('',(-0.00815949568313452,-0.006,-0.00420654611253807));
#8899=CARTESIAN_POINT('',(-0.00815949568313452,-6.07153216591882E-18,-0.00420654611253807));
#8900=CARTESIAN_POINT('',(-0.00720061443129636,0.,-0.00325799640484952));
#8901=CARTESIAN_POINT('',(-4.12416549558353E-16,-0.006,-1.62354392027593E-16));
#8902=CARTESIAN_POINT('',(-0.00706880384031847,-0.006,-0.00292480978306263));
#8903=CARTESIAN_POINT('',(-0.0071551063053756,-0.006,-0.00270683463823972));
#8904=CARTESIAN_POINT('',(-0.00739605708511883,-0.003,-0.00279798826879164));
#8905=CARTESIAN_POINT('',(-0.00730684835349321,-0.003,-0.00302330380505922));
#8906=CARTESIAN_POINT('',(-0.00532365094038013,-0.006,-0.00584141501979821));
#8907=CARTESIAN_POINT('',(-0.00532365094038013,-8.67361737988404E-19,-0.00584141501979821));
#8908=CARTESIAN_POINT('',(-0.00537064708904494,-0.006,-0.00589296551712743));
#8909=CARTESIAN_POINT('',(-0.00537064708904494,-8.67361737988404E-19,-0.00589296551712743));
#8910=CARTESIAN_POINT('',(-0.00538747920595432,-0.006,-0.00591158081063955));
#8911=CARTESIAN_POINT('',(-0.00538747920595432,-1.73472347597681E-18,-0.00591158081063955));
#8912=CARTESIAN_POINT('',(-0.00542874995373162,-0.006,-0.00594921333628594));
#8913=CARTESIAN_POINT('',(-0.00542874995373162,1.73472347597681E-18,-0.00594921333628594));
#8914=CARTESIAN_POINT('',(-0.00550996685461498,-0.006,-0.00601378607265163));
#8915=CARTESIAN_POINT('',(-0.00550996685461498,1.73472347597681E-18,-0.00601378607265163));
#8916=CARTESIAN_POINT('',(-0.00563191804097241,-0.006,-0.00609447986500053));
#8917=CARTESIAN_POINT('',(-0.00563191804097241,8.67361737988404E-19,-0.00609447986500053));
#8918=CARTESIAN_POINT('',(-0.00582438593814751,-0.006,-0.00620378227284974));
#8919=CARTESIAN_POINT('',(-0.00582438593814751,0.,-0.00620378227284974));
#8920=CARTESIAN_POINT('',(-0.00611132439195023,-0.006,-0.00633362289846005));
#8921=CARTESIAN_POINT('',(-0.00611132439195023,8.67361737988404E-19,-0.00633362289846005));
#8922=CARTESIAN_POINT('',(-0.00637950664112998,-0.006,-0.00642182201843583));
#8923=CARTESIAN_POINT('',(-0.00637950664112998,-8.67361737988404E-19,-0.00642182201843583));
#8924=CARTESIAN_POINT('',(-0.00652208592304296,-0.006,-0.00646024730273113));
#8925=CARTESIAN_POINT('',(-0.00652208592304296,0.,-0.00646024730273113));
#8926=CARTESIAN_POINT('',(-0.0053236509401104,-0.006,-0.00584141501950234));
#8927=CARTESIAN_POINT('',(-0.00474039478855889,-0.006,-0.00632392647151578));
#8928=CARTESIAN_POINT('',(-0.00474039478855889,0.,-0.00632392647151578));
#8929=CARTESIAN_POINT('',(-0.00478222598473683,-0.006,-0.00637974978913968));
#8930=CARTESIAN_POINT('',(-0.00478222598473683,0.,-0.00637974978913968));
#8931=CARTESIAN_POINT('',(-0.00479735752602861,-0.006,-0.00639977192115224));
#8932=CARTESIAN_POINT('',(-0.00479735752602861,-8.67361737988404E-19,-0.00639977192115224));
#8933=CARTESIAN_POINT('',(-0.00482659010921136,-0.006,-0.00644736328264872));
#8934=CARTESIAN_POINT('',(-0.00482659010921136,0.,-0.00644736328264872));
#8935=CARTESIAN_POINT('',(-0.00487480055523391,-0.006,-0.00653924133315673));
#8936=CARTESIAN_POINT('',(-0.00487480055523391,3.46944695195361E-18,-0.00653924133315673));
#8937=CARTESIAN_POINT('',(-0.00493121366505624,-0.006,-0.00667415293761612));
#8938=CARTESIAN_POINT('',(-0.00493121366505624,-8.67361737988404E-19,-0.00667415293761612));
#8939=CARTESIAN_POINT('',(-0.00500251513917226,-0.006,-0.00688369292805595));
#8940=CARTESIAN_POINT('',(-0.00500251513917226,0.,-0.00688369292805595));
#8941=CARTESIAN_POINT('',(-0.00507628902565711,-0.006,-0.00718987862008368));
#8942=CARTESIAN_POINT('',(-0.00507628902565711,0.,-0.00718987862008368));
#8943=CARTESIAN_POINT('',(-0.00511267355433508,-0.006,-0.00746983749137099));
#8944=CARTESIAN_POINT('',(-0.00511267355433508,-8.67361737988404E-19,-0.00746983749137099));
#8945=CARTESIAN_POINT('',(-0.00512370152792634,-0.006,-0.0076170914824968));
#8946=CARTESIAN_POINT('',(-0.00512370152792634,0.,-0.0076170914824968));
#8947=CARTESIAN_POINT('',(-0.00474039478831881,0.,-0.00632392647119539));
#8948=CARTESIAN_POINT('',(-2.83188552472783E-16,-0.006,-3.40955426278329E-16));
#8949=CARTESIAN_POINT('',(-0.00478540216615173,-0.006,-0.00596845257233317));
#8950=CARTESIAN_POINT('',(-0.00496603991966683,-0.006,-0.00581901602646663));
#8951=CARTESIAN_POINT('',(-0.00513327310109151,-0.003,-0.00601497348524849));
#8952=CARTESIAN_POINT('',(-0.00494655230622063,-0.003,-0.00616944236057485));
#8953=CARTESIAN_POINT('',(-0.0066090994987355,-0.006,-0.0043339580736722));
#8954=CARTESIAN_POINT('',(-0.0066090994987355,-8.67361737988404E-19,-0.0043339580736722));
#8955=CARTESIAN_POINT('',(-0.00666743926433423,-0.006,-0.00437220155042445));
#8956=CARTESIAN_POINT('',(-0.00666743926433423,-8.67361737988404E-19,-0.00437220155042445));
#8957=CARTESIAN_POINT('',(-0.00668837200458188,-0.006,-0.00438604603300483));
#8958=CARTESIAN_POINT('',(-0.00668837200458188,-3.46944695195361E-18,-0.00438604603300483));
#8959=CARTESIAN_POINT('',(-0.00673770498448287,-0.006,-0.00441223264604872));
#8960=CARTESIAN_POINT('',(-0.00673770498448287,2.60208521396521E-18,-0.00441223264604872));
#8961=CARTESIAN_POINT('',(-0.00683242889359827,-0.006,-0.00445457888924396));
#8962=CARTESIAN_POINT('',(-0.00683242889359827,0.,-0.00445457888924396));
#8963=CARTESIAN_POINT('',(-0.00697061648929788,-0.006,-0.00450240951094587));
#8964=CARTESIAN_POINT('',(-0.00697061648929788,-1.73472347597681E-18,-0.00450240951094587));
#8965=CARTESIAN_POINT('',(-0.00718422005703439,-0.006,-0.00456041316302809));
#8966=CARTESIAN_POINT('',(-0.00718422005703439,8.67361737988404E-19,-0.00456041316302809));
#8967=CARTESIAN_POINT('',(-0.0074944338622004,-0.006,-0.00461481591492519));
#8968=CARTESIAN_POINT('',(-0.0074944338622004,0.,-0.00461481591492519));
#8969=CARTESIAN_POINT('',(-0.00777612490206443,-0.006,-0.00463354988407197));
#8970=CARTESIAN_POINT('',(-0.00777612490206443,0.,-0.00463354988407197));
#8971=CARTESIAN_POINT('',(-0.00792378077326676,-0.006,-0.00463530994187098));
#8972=CARTESIAN_POINT('',(-0.00792378077326676,0.,-0.00463530994187098));
#8973=CARTESIAN_POINT('',(-0.00660909949840066,-0.006,-0.00433395807345271));
#8974=CARTESIAN_POINT('',(-0.00616416312994016,-0.006,-0.00494636044744221));
#8975=CARTESIAN_POINT('',(-0.00616416312994016,-3.46944695195361E-18,-0.00494636044744221));
#8976=CARTESIAN_POINT('',(-0.00621856281672903,-0.006,-0.00499002697743359));
#8977=CARTESIAN_POINT('',(-0.00621856281672903,-3.46944695195361E-18,-0.00499002697743359));
#8978=CARTESIAN_POINT('',(-0.00623819827457718,-0.006,-0.00500565701605435));
#8979=CARTESIAN_POINT('',(-0.00623819827457718,-3.46944695195361E-18,-0.00500565701605435));
#8980=CARTESIAN_POINT('',(-0.00627834795272485,-0.006,-0.00504448335960178));
#8981=CARTESIAN_POINT('',(-0.00627834795272485,-5.20417042793042E-18,-0.00504448335960178));
#8982=CARTESIAN_POINT('',(-0.00634789292094658,-0.006,-0.00512148544181965));
#8983=CARTESIAN_POINT('',(-0.00634789292094658,-3.46944695195361E-18,-0.00512148544181965));
#8984=CARTESIAN_POINT('',(-0.00643608486087762,-0.006,-0.00523812918022353));
#8985=CARTESIAN_POINT('',(-0.00643608486087762,-2.60208521396521E-18,-0.00523812918022353));
#8986=CARTESIAN_POINT('',(-0.00655725674464906,-0.006,-0.005423354130994));
#8987=CARTESIAN_POINT('',(-0.00655725674464906,-4.33680868994202E-18,-0.005423354130994));
#8988=CARTESIAN_POINT('',(-0.00670485817403114,-0.006,-0.00570157361696491));
#8989=CARTESIAN_POINT('',(-0.00670485817403114,-2.60208521396521E-18,-0.00570157361696491));
#8990=CARTESIAN_POINT('',(-0.00680972255594551,-0.006,-0.00596368860117104));
#8991=CARTESIAN_POINT('',(-0.00680972255594551,-4.33680868994202E-18,-0.00596368860117104));
#8992=CARTESIAN_POINT('',(-0.006857024643905,-0.006,-0.00610357379187632));
#8993=CARTESIAN_POINT('',(-0.006857024643905,-4.33680868994202E-18,-0.00610357379187632));
#8994=CARTESIAN_POINT('',(-0.00616416312962794,0.,-0.00494636044719159));
#8995=CARTESIAN_POINT('',(-3.59083829838932E-16,-0.006,-2.59817555427789E-16));
#8996=CARTESIAN_POINT('',(-0.00611935375412536,-0.006,-0.00459086153481804));
#8997=CARTESIAN_POINT('',(-0.00625715308271434,-0.006,-0.0044011970302951));
#8998=CARTESIAN_POINT('',(-0.00646786496453782,-0.003,-0.00454940892415005));
#8999=CARTESIAN_POINT('',(-0.00632542519396874,-0.003,-0.00474546044911741));
#9000=CARTESIAN_POINT('',(0.,-0.003,1.50019232895551E-19));
#9001=CARTESIAN_POINT('',(0.,-0.003,1.50019232895551E-19));
#9002=CARTESIAN_POINT('',(0.,-0.003,0.00245));
#9003=CARTESIAN_POINT('',(-2.24799355446406E-5,-0.003,-3.46944695195361E-18));
#9004=CARTESIAN_POINT('',(0.,-0.0047,1.22464679914735E-19));
#9005=CARTESIAN_POINT('',(0.,-0.0047,1.22464679914735E-19));
#9006=CARTESIAN_POINT('',(0.,-0.0047,-0.002));
#9007=CARTESIAN_POINT('',(-2.24799355446406E-5,-0.0047,-3.46944695195361E-18));
#9008=MECHANICAL_DESIGN_GEOMETRIC_PRESENTATION_REPRESENTATION('',(#2935),
#9009);
#9009=(
GEOMETRIC_REPRESENTATION_CONTEXT(3)
GLOBAL_UNCERTAINTY_ASSIGNED_CONTEXT((#9010))
GLOBAL_UNIT_ASSIGNED_CONTEXT((#9013,#9012,#9011))
REPRESENTATION_CONTEXT('Spur gear (25 teeth)','TOP_LEVEL_ASSEMBLY_PART')
);
#9010=UNCERTAINTY_MEASURE_WITH_UNIT(LENGTH_MEASURE(2.E-5),#9013,
'DISTANCE_ACCURACY_VALUE','Maximum Tolerance applied to model');
#9011=(
NAMED_UNIT(*)
SI_UNIT($,.STERADIAN.)
SOLID_ANGLE_UNIT()
);
#9012=(
NAMED_UNIT(*)
PLANE_ANGLE_UNIT()
SI_UNIT($,.RADIAN.)
);
#9013=(
LENGTH_UNIT()
NAMED_UNIT(*)
SI_UNIT($,.METRE.)
);
#9014=PRODUCT_DEFINITION_SHAPE('','',#9015);
#9015=PRODUCT_DEFINITION('','',#9017,#9016);
#9016=PRODUCT_DEFINITION_CONTEXT('',#9023,'design');
#9017=PRODUCT_DEFINITION_FORMATION_WITH_SPECIFIED_SOURCE('','',#9019,
 .NOT_KNOWN.);
#9018=PRODUCT_RELATED_PRODUCT_CATEGORY('','',(#9019));
#9019=PRODUCT('Spur gear (25 teeth)','Spur gear (25 teeth)',
'Spur gear (25 teeth)',(#9021));
#9020=PRODUCT_CATEGORY('','');
#9021=PRODUCT_CONTEXT('',#9023,'mechanical');
#9022=APPLICATION_PROTOCOL_DEFINITION('international standard',
'ap242_managed_model_based_3d_engineering',2020,#9023);
#9023=APPLICATION_CONTEXT('managed model based 3d engineering');
ENDSEC;
END-ISO-10303-21;
