ISO-10303-21;
HEADER;
/* Generated by software containing ST-Developer
 * from STEP Tools, Inc. (www.steptools.com) 
 */

FILE_DESCRIPTION(
/* description */ (''),
/* implementation_level */ '2;1');

FILE_NAME(
/* name */ 'ElbowToWrist (Assembly).step',
/* time_stamp */ '2026-07-31T17:51:48-04:00',
/* author */ (''),
/* organization */ (''),
/* preprocessor_version */ 'ST-DEVELOPER v20.1',
/* originating_system */ 'Autodesk Translation Framework v15.8.0.0',
/* authorisation */ '');

FILE_SCHEMA (('AUTOMOTIVE_DESIGN { 1 0 10303 214 3 1 1 }'));
ENDSEC;

DATA;
#10=MECHANICAL_DESIGN_GEOMETRIC_PRESENTATION_REPRESENTATION('',(#17),#8289);
#11=ITEM_DEFINED_TRANSFORMATION($,$,#4901,#5388);
#12=(
REPRESENTATION_RELATIONSHIP($,$,#8300,#8299)
REPRESENTATION_RELATIONSHIP_WITH_TRANSFORMATION(#11)
SHAPE_REPRESENTATION_RELATIONSHIP()
);
#13=CONTEXT_DEPENDENT_SHAPE_REPRESENTATION(#12,#8298);
#14=NEXT_ASSEMBLY_USAGE_OCCURRENCE('ElbowToWrist:1','ElbowToWrist:1',
'ElbowToWrist:1',#8302,#8303,'ElbowToWrist:1');
#15=SHAPE_REPRESENTATION_RELATIONSHIP('SRR','None',#8300,#16);
#16=ADVANCED_BREP_SHAPE_REPRESENTATION('',(#18),#8288);
#17=STYLED_ITEM('',(#8313),#18);
#18=MANIFOLD_SOLID_BREP('Body2',#4887);
#19=B_SPLINE_CURVE_WITH_KNOTS('',3,(#7614,#7615,#7616,#7617,#7618,#7619,
#7620,#7621,#7622,#7623,#7624,#7625,#7626,#7627,#7628,#7629),
 .UNSPECIFIED.,.F.,.F.,(4,2,2,2,2,2,2,4),(0.0718707830965803,0.0753302404146539,
0.116444883205964,0.157559525997275,0.19691445254942,0.236269379101564,
0.274252920422239,0.312236461742913),.UNSPECIFIED.);
#20=B_SPLINE_CURVE_WITH_KNOTS('',3,(#7633,#7634,#7635,#7636,#7637,#7638,
#7639,#7640,#7641,#7642),.UNSPECIFIED.,.F.,.F.,(4,2,2,2,4),(0.31223564664857,
0.349745332057925,0.38725501746728,0.427083392383573,0.466911767299865),
 .UNSPECIFIED.);
#21=B_SPLINE_CURVE_WITH_KNOTS('',3,(#7793,#7794,#7795,#7796,#7797,#7798,
#7799,#7800,#7801,#7802),.UNSPECIFIED.,.F.,.F.,(4,2,2,2,4),(-0.154676120651295,
-0.114847745735003,-0.0750193708187104,-0.0375096854093552,0.),
 .UNSPECIFIED.);
#22=B_SPLINE_CURVE_WITH_KNOTS('',3,(#7805,#7806,#7807,#7808,#7809,#7810,
#7811,#7812,#7813,#7814,#7815,#7816,#7817,#7818,#7819,#7820),
 .UNSPECIFIED.,.F.,.F.,(4,2,2,2,2,2,2,4),(0.,0.0375096854093551,0.0750193708187102,
0.114847745735002,0.154676120651295,0.195790763442605,0.236905406233916,
0.24036486355199),.UNSPECIFIED.);
#23=ELLIPSE('',#5151,14.9109693322706,10.);
#24=ELLIPSE('',#5154,14.9109693322706,10.);
#25=ELLIPSE('',#5155,14.9109693322706,10.);
#26=ELLIPSE('',#5156,14.9109693322706,10.);
#27=ELLIPSE('',#5158,1.13727867199635,1.);
#28=ELLIPSE('',#5180,14.9109693322706,10.);
#29=ELLIPSE('',#5187,14.9109693322706,10.);
#30=ELLIPSE('',#5189,1.13727867199635,1.);
#31=FACE_BOUND('',#463,.T.);
#32=FACE_BOUND('',#464,.T.);
#33=FACE_BOUND('',#465,.T.);
#34=FACE_BOUND('',#466,.T.);
#35=FACE_BOUND('',#468,.T.);
#36=FACE_BOUND('',#469,.T.);
#37=FACE_BOUND('',#470,.T.);
#38=FACE_BOUND('',#471,.T.);
#39=FACE_BOUND('',#472,.T.);
#40=FACE_BOUND('',#473,.T.);
#41=FACE_BOUND('',#474,.T.);
#42=FACE_BOUND('',#475,.T.);
#43=FACE_BOUND('',#476,.T.);
#44=FACE_BOUND('',#477,.T.);
#45=FACE_BOUND('',#478,.T.);
#46=FACE_BOUND('',#479,.T.);
#47=FACE_BOUND('',#480,.T.);
#48=FACE_BOUND('',#483,.T.);
#49=FACE_BOUND('',#484,.T.);
#50=FACE_BOUND('',#485,.T.);
#51=FACE_BOUND('',#486,.T.);
#52=FACE_BOUND('',#488,.T.);
#53=FACE_BOUND('',#489,.T.);
#54=FACE_BOUND('',#490,.T.);
#55=FACE_BOUND('',#491,.T.);
#56=FACE_BOUND('',#492,.T.);
#57=FACE_BOUND('',#493,.T.);
#58=FACE_BOUND('',#494,.T.);
#59=FACE_BOUND('',#495,.T.);
#60=FACE_BOUND('',#496,.T.);
#61=FACE_BOUND('',#497,.T.);
#62=FACE_BOUND('',#498,.T.);
#63=FACE_BOUND('',#499,.T.);
#64=FACE_BOUND('',#500,.T.);
#65=FACE_BOUND('',#536,.T.);
#66=FACE_BOUND('',#537,.T.);
#67=FACE_BOUND('',#548,.T.);
#68=FACE_BOUND('',#551,.T.);
#69=FACE_BOUND('',#552,.T.);
#70=FACE_BOUND('',#554,.T.);
#71=FACE_BOUND('',#555,.T.);
#72=FACE_BOUND('',#594,.T.);
#73=FACE_BOUND('',#598,.T.);
#74=FACE_BOUND('',#599,.T.);
#75=FACE_BOUND('',#600,.T.);
#76=FACE_BOUND('',#601,.T.);
#77=FACE_BOUND('',#611,.T.);
#78=FACE_BOUND('',#612,.T.);
#79=FACE_BOUND('',#613,.T.);
#80=FACE_BOUND('',#614,.T.);
#81=FACE_BOUND('',#619,.T.);
#82=FACE_BOUND('',#620,.T.);
#83=FACE_BOUND('',#621,.T.);
#84=FACE_BOUND('',#622,.T.);
#85=FACE_BOUND('',#623,.T.);
#86=FACE_BOUND('',#624,.T.);
#87=FACE_BOUND('',#625,.T.);
#88=FACE_BOUND('',#626,.T.);
#89=FACE_BOUND('',#627,.T.);
#90=FACE_BOUND('',#631,.T.);
#91=FACE_BOUND('',#635,.T.);
#92=FACE_BOUND('',#640,.T.);
#93=FACE_BOUND('',#643,.T.);
#94=FACE_BOUND('',#645,.T.);
#95=FACE_BOUND('',#647,.T.);
#96=FACE_BOUND('',#650,.T.);
#97=FACE_BOUND('',#667,.T.);
#98=FACE_BOUND('',#698,.T.);
#99=FACE_BOUND('',#705,.T.);
#100=FACE_BOUND('',#709,.T.);
#101=FACE_BOUND('',#720,.T.);
#102=FACE_BOUND('',#728,.T.);
#103=FACE_BOUND('',#734,.T.);
#104=FACE_BOUND('',#737,.T.);
#105=FACE_BOUND('',#744,.T.);
#106=FACE_BOUND('',#747,.T.);
#107=FACE_BOUND('',#750,.T.);
#108=FACE_BOUND('',#753,.T.);
#109=FACE_BOUND('',#759,.T.);
#110=FACE_BOUND('',#765,.T.);
#111=FACE_BOUND('',#766,.T.);
#112=FACE_BOUND('',#767,.T.);
#113=FACE_BOUND('',#768,.T.);
#114=FACE_BOUND('',#769,.T.);
#115=FACE_BOUND('',#770,.T.);
#116=FACE_BOUND('',#771,.T.);
#117=FACE_BOUND('',#772,.T.);
#118=FACE_BOUND('',#773,.T.);
#119=PLANE('',#4905);
#120=PLANE('',#4918);
#121=PLANE('',#4948);
#122=PLANE('',#4961);
#123=PLANE('',#4990);
#124=PLANE('',#4993);
#125=PLANE('',#4996);
#126=PLANE('',#4999);
#127=PLANE('',#5002);
#128=PLANE('',#5005);
#129=PLANE('',#5008);
#130=PLANE('',#5011);
#131=PLANE('',#5014);
#132=PLANE('',#5017);
#133=PLANE('',#5020);
#134=PLANE('',#5023);
#135=PLANE('',#5026);
#136=PLANE('',#5031);
#137=PLANE('',#5034);
#138=PLANE('',#5037);
#139=PLANE('',#5040);
#140=PLANE('',#5047);
#141=PLANE('',#5052);
#142=PLANE('',#5055);
#143=PLANE('',#5060);
#144=PLANE('',#5063);
#145=PLANE('',#5064);
#146=PLANE('',#5065);
#147=PLANE('',#5069);
#148=PLANE('',#5073);
#149=PLANE('',#5083);
#150=PLANE('',#5087);
#151=PLANE('',#5097);
#152=PLANE('',#5101);
#153=PLANE('',#5111);
#154=PLANE('',#5115);
#155=PLANE('',#5119);
#156=PLANE('',#5123);
#157=PLANE('',#5133);
#158=PLANE('',#5137);
#159=PLANE('',#5153);
#160=PLANE('',#5157);
#161=PLANE('',#5161);
#162=PLANE('',#5185);
#163=PLANE('',#5188);
#164=PLANE('',#5194);
#165=PLANE('',#5216);
#166=PLANE('',#5217);
#167=PLANE('',#5229);
#168=PLANE('',#5230);
#169=PLANE('',#5232);
#170=PLANE('',#5233);
#171=PLANE('',#5235);
#172=PLANE('',#5236);
#173=PLANE('',#5238);
#174=PLANE('',#5239);
#175=PLANE('',#5240);
#176=PLANE('',#5242);
#177=PLANE('',#5245);
#178=PLANE('',#5246);
#179=PLANE('',#5247);
#180=PLANE('',#5248);
#181=PLANE('',#5249);
#182=PLANE('',#5250);
#183=PLANE('',#5251);
#184=PLANE('',#5252);
#185=PLANE('',#5253);
#186=PLANE('',#5254);
#187=PLANE('',#5255);
#188=PLANE('',#5256);
#189=PLANE('',#5258);
#190=PLANE('',#5270);
#191=PLANE('',#5275);
#192=PLANE('',#5281);
#193=PLANE('',#5284);
#194=PLANE('',#5285);
#195=PLANE('',#5286);
#196=PLANE('',#5287);
#197=PLANE('',#5288);
#198=PLANE('',#5291);
#199=PLANE('',#5293);
#200=PLANE('',#5294);
#201=PLANE('',#5296);
#202=PLANE('',#5299);
#203=PLANE('',#5302);
#204=PLANE('',#5306);
#205=PLANE('',#5309);
#206=PLANE('',#5314);
#207=PLANE('',#5315);
#208=PLANE('',#5321);
#209=PLANE('',#5326);
#210=PLANE('',#5327);
#211=PLANE('',#5334);
#212=PLANE('',#5335);
#213=PLANE('',#5338);
#214=PLANE('',#5340);
#215=PLANE('',#5341);
#216=PLANE('',#5342);
#217=PLANE('',#5345);
#218=PLANE('',#5349);
#219=PLANE('',#5353);
#220=PLANE('',#5357);
#221=PLANE('',#5364);
#222=PLANE('',#5365);
#223=PLANE('',#5366);
#224=PLANE('',#5367);
#225=PLANE('',#5368);
#226=PLANE('',#5369);
#227=FACE_OUTER_BOUND('',#461,.T.);
#228=FACE_OUTER_BOUND('',#462,.T.);
#229=FACE_OUTER_BOUND('',#467,.T.);
#230=FACE_OUTER_BOUND('',#481,.T.);
#231=FACE_OUTER_BOUND('',#482,.T.);
#232=FACE_OUTER_BOUND('',#487,.T.);
#233=FACE_OUTER_BOUND('',#501,.T.);
#234=FACE_OUTER_BOUND('',#502,.T.);
#235=FACE_OUTER_BOUND('',#503,.T.);
#236=FACE_OUTER_BOUND('',#504,.T.);
#237=FACE_OUTER_BOUND('',#505,.T.);
#238=FACE_OUTER_BOUND('',#506,.T.);
#239=FACE_OUTER_BOUND('',#507,.T.);
#240=FACE_OUTER_BOUND('',#508,.T.);
#241=FACE_OUTER_BOUND('',#509,.T.);
#242=FACE_OUTER_BOUND('',#510,.T.);
#243=FACE_OUTER_BOUND('',#511,.T.);
#244=FACE_OUTER_BOUND('',#512,.T.);
#245=FACE_OUTER_BOUND('',#513,.T.);
#246=FACE_OUTER_BOUND('',#514,.T.);
#247=FACE_OUTER_BOUND('',#515,.T.);
#248=FACE_OUTER_BOUND('',#516,.T.);
#249=FACE_OUTER_BOUND('',#517,.T.);
#250=FACE_OUTER_BOUND('',#518,.T.);
#251=FACE_OUTER_BOUND('',#519,.T.);
#252=FACE_OUTER_BOUND('',#520,.T.);
#253=FACE_OUTER_BOUND('',#521,.T.);
#254=FACE_OUTER_BOUND('',#522,.T.);
#255=FACE_OUTER_BOUND('',#523,.T.);
#256=FACE_OUTER_BOUND('',#524,.T.);
#257=FACE_OUTER_BOUND('',#525,.T.);
#258=FACE_OUTER_BOUND('',#526,.T.);
#259=FACE_OUTER_BOUND('',#527,.T.);
#260=FACE_OUTER_BOUND('',#528,.T.);
#261=FACE_OUTER_BOUND('',#529,.T.);
#262=FACE_OUTER_BOUND('',#530,.T.);
#263=FACE_OUTER_BOUND('',#531,.T.);
#264=FACE_OUTER_BOUND('',#532,.T.);
#265=FACE_OUTER_BOUND('',#533,.T.);
#266=FACE_OUTER_BOUND('',#534,.T.);
#267=FACE_OUTER_BOUND('',#535,.T.);
#268=FACE_OUTER_BOUND('',#538,.T.);
#269=FACE_OUTER_BOUND('',#539,.T.);
#270=FACE_OUTER_BOUND('',#540,.T.);
#271=FACE_OUTER_BOUND('',#541,.T.);
#272=FACE_OUTER_BOUND('',#542,.T.);
#273=FACE_OUTER_BOUND('',#543,.T.);
#274=FACE_OUTER_BOUND('',#544,.T.);
#275=FACE_OUTER_BOUND('',#545,.T.);
#276=FACE_OUTER_BOUND('',#546,.T.);
#277=FACE_OUTER_BOUND('',#547,.T.);
#278=FACE_OUTER_BOUND('',#549,.T.);
#279=FACE_OUTER_BOUND('',#550,.T.);
#280=FACE_OUTER_BOUND('',#553,.T.);
#281=FACE_OUTER_BOUND('',#556,.T.);
#282=FACE_OUTER_BOUND('',#557,.T.);
#283=FACE_OUTER_BOUND('',#558,.T.);
#284=FACE_OUTER_BOUND('',#559,.T.);
#285=FACE_OUTER_BOUND('',#560,.T.);
#286=FACE_OUTER_BOUND('',#561,.T.);
#287=FACE_OUTER_BOUND('',#562,.T.);
#288=FACE_OUTER_BOUND('',#563,.T.);
#289=FACE_OUTER_BOUND('',#564,.T.);
#290=FACE_OUTER_BOUND('',#565,.T.);
#291=FACE_OUTER_BOUND('',#566,.T.);
#292=FACE_OUTER_BOUND('',#567,.T.);
#293=FACE_OUTER_BOUND('',#568,.T.);
#294=FACE_OUTER_BOUND('',#569,.T.);
#295=FACE_OUTER_BOUND('',#570,.T.);
#296=FACE_OUTER_BOUND('',#571,.T.);
#297=FACE_OUTER_BOUND('',#572,.T.);
#298=FACE_OUTER_BOUND('',#573,.T.);
#299=FACE_OUTER_BOUND('',#574,.T.);
#300=FACE_OUTER_BOUND('',#575,.T.);
#301=FACE_OUTER_BOUND('',#576,.T.);
#302=FACE_OUTER_BOUND('',#577,.T.);
#303=FACE_OUTER_BOUND('',#578,.T.);
#304=FACE_OUTER_BOUND('',#579,.T.);
#305=FACE_OUTER_BOUND('',#580,.T.);
#306=FACE_OUTER_BOUND('',#581,.T.);
#307=FACE_OUTER_BOUND('',#582,.T.);
#308=FACE_OUTER_BOUND('',#583,.T.);
#309=FACE_OUTER_BOUND('',#584,.T.);
#310=FACE_OUTER_BOUND('',#585,.T.);
#311=FACE_OUTER_BOUND('',#586,.T.);
#312=FACE_OUTER_BOUND('',#587,.T.);
#313=FACE_OUTER_BOUND('',#588,.T.);
#314=FACE_OUTER_BOUND('',#589,.T.);
#315=FACE_OUTER_BOUND('',#590,.T.);
#316=FACE_OUTER_BOUND('',#591,.T.);
#317=FACE_OUTER_BOUND('',#592,.T.);
#318=FACE_OUTER_BOUND('',#593,.T.);
#319=FACE_OUTER_BOUND('',#595,.T.);
#320=FACE_OUTER_BOUND('',#596,.T.);
#321=FACE_OUTER_BOUND('',#597,.T.);
#322=FACE_OUTER_BOUND('',#602,.T.);
#323=FACE_OUTER_BOUND('',#603,.T.);
#324=FACE_OUTER_BOUND('',#604,.T.);
#325=FACE_OUTER_BOUND('',#605,.T.);
#326=FACE_OUTER_BOUND('',#606,.T.);
#327=FACE_OUTER_BOUND('',#607,.T.);
#328=FACE_OUTER_BOUND('',#608,.T.);
#329=FACE_OUTER_BOUND('',#609,.T.);
#330=FACE_OUTER_BOUND('',#610,.T.);
#331=FACE_OUTER_BOUND('',#615,.T.);
#332=FACE_OUTER_BOUND('',#616,.T.);
#333=FACE_OUTER_BOUND('',#617,.T.);
#334=FACE_OUTER_BOUND('',#618,.T.);
#335=FACE_OUTER_BOUND('',#628,.T.);
#336=FACE_OUTER_BOUND('',#629,.T.);
#337=FACE_OUTER_BOUND('',#630,.T.);
#338=FACE_OUTER_BOUND('',#632,.T.);
#339=FACE_OUTER_BOUND('',#633,.T.);
#340=FACE_OUTER_BOUND('',#634,.T.);
#341=FACE_OUTER_BOUND('',#636,.T.);
#342=FACE_OUTER_BOUND('',#637,.T.);
#343=FACE_OUTER_BOUND('',#638,.T.);
#344=FACE_OUTER_BOUND('',#639,.T.);
#345=FACE_OUTER_BOUND('',#641,.T.);
#346=FACE_OUTER_BOUND('',#642,.T.);
#347=FACE_OUTER_BOUND('',#644,.T.);
#348=FACE_OUTER_BOUND('',#646,.T.);
#349=FACE_OUTER_BOUND('',#648,.T.);
#350=FACE_OUTER_BOUND('',#649,.T.);
#351=FACE_OUTER_BOUND('',#651,.T.);
#352=FACE_OUTER_BOUND('',#652,.T.);
#353=FACE_OUTER_BOUND('',#653,.T.);
#354=FACE_OUTER_BOUND('',#654,.T.);
#355=FACE_OUTER_BOUND('',#655,.T.);
#356=FACE_OUTER_BOUND('',#656,.T.);
#357=FACE_OUTER_BOUND('',#657,.T.);
#358=FACE_OUTER_BOUND('',#658,.T.);
#359=FACE_OUTER_BOUND('',#659,.T.);
#360=FACE_OUTER_BOUND('',#660,.T.);
#361=FACE_OUTER_BOUND('',#661,.T.);
#362=FACE_OUTER_BOUND('',#662,.T.);
#363=FACE_OUTER_BOUND('',#663,.T.);
#364=FACE_OUTER_BOUND('',#664,.T.);
#365=FACE_OUTER_BOUND('',#665,.T.);
#366=FACE_OUTER_BOUND('',#666,.T.);
#367=FACE_OUTER_BOUND('',#668,.T.);
#368=FACE_OUTER_BOUND('',#669,.T.);
#369=FACE_OUTER_BOUND('',#670,.T.);
#370=FACE_OUTER_BOUND('',#671,.T.);
#371=FACE_OUTER_BOUND('',#672,.T.);
#372=FACE_OUTER_BOUND('',#673,.T.);
#373=FACE_OUTER_BOUND('',#674,.T.);
#374=FACE_OUTER_BOUND('',#675,.T.);
#375=FACE_OUTER_BOUND('',#676,.T.);
#376=FACE_OUTER_BOUND('',#677,.T.);
#377=FACE_OUTER_BOUND('',#678,.T.);
#378=FACE_OUTER_BOUND('',#679,.T.);
#379=FACE_OUTER_BOUND('',#680,.T.);
#380=FACE_OUTER_BOUND('',#681,.T.);
#381=FACE_OUTER_BOUND('',#682,.T.);
#382=FACE_OUTER_BOUND('',#683,.T.);
#383=FACE_OUTER_BOUND('',#684,.T.);
#384=FACE_OUTER_BOUND('',#685,.T.);
#385=FACE_OUTER_BOUND('',#686,.T.);
#386=FACE_OUTER_BOUND('',#687,.T.);
#387=FACE_OUTER_BOUND('',#688,.T.);
#388=FACE_OUTER_BOUND('',#689,.T.);
#389=FACE_OUTER_BOUND('',#690,.T.);
#390=FACE_OUTER_BOUND('',#691,.T.);
#391=FACE_OUTER_BOUND('',#692,.T.);
#392=FACE_OUTER_BOUND('',#693,.T.);
#393=FACE_OUTER_BOUND('',#694,.T.);
#394=FACE_OUTER_BOUND('',#695,.T.);
#395=FACE_OUTER_BOUND('',#696,.T.);
#396=FACE_OUTER_BOUND('',#697,.T.);
#397=FACE_OUTER_BOUND('',#699,.T.);
#398=FACE_OUTER_BOUND('',#700,.T.);
#399=FACE_OUTER_BOUND('',#701,.T.);
#400=FACE_OUTER_BOUND('',#702,.T.);
#401=FACE_OUTER_BOUND('',#703,.T.);
#402=FACE_OUTER_BOUND('',#704,.T.);
#403=FACE_OUTER_BOUND('',#706,.T.);
#404=FACE_OUTER_BOUND('',#707,.T.);
#405=FACE_OUTER_BOUND('',#708,.T.);
#406=FACE_OUTER_BOUND('',#710,.T.);
#407=FACE_OUTER_BOUND('',#711,.T.);
#408=FACE_OUTER_BOUND('',#712,.T.);
#409=FACE_OUTER_BOUND('',#713,.T.);
#410=FACE_OUTER_BOUND('',#714,.T.);
#411=FACE_OUTER_BOUND('',#715,.T.);
#412=FACE_OUTER_BOUND('',#716,.T.);
#413=FACE_OUTER_BOUND('',#717,.T.);
#414=FACE_OUTER_BOUND('',#718,.T.);
#415=FACE_OUTER_BOUND('',#719,.T.);
#416=FACE_OUTER_BOUND('',#721,.T.);
#417=FACE_OUTER_BOUND('',#722,.T.);
#418=FACE_OUTER_BOUND('',#723,.T.);
#419=FACE_OUTER_BOUND('',#724,.T.);
#420=FACE_OUTER_BOUND('',#725,.T.);
#421=FACE_OUTER_BOUND('',#726,.T.);
#422=FACE_OUTER_BOUND('',#727,.T.);
#423=FACE_OUTER_BOUND('',#729,.T.);
#424=FACE_OUTER_BOUND('',#730,.T.);
#425=FACE_OUTER_BOUND('',#731,.T.);
#426=FACE_OUTER_BOUND('',#732,.T.);
#427=FACE_OUTER_BOUND('',#733,.T.);
#428=FACE_OUTER_BOUND('',#735,.T.);
#429=FACE_OUTER_BOUND('',#736,.T.);
#430=FACE_OUTER_BOUND('',#738,.T.);
#431=FACE_OUTER_BOUND('',#739,.T.);
#432=FACE_OUTER_BOUND('',#740,.T.);
#433=FACE_OUTER_BOUND('',#741,.T.);
#434=FACE_OUTER_BOUND('',#742,.T.);
#435=FACE_OUTER_BOUND('',#743,.T.);
#436=FACE_OUTER_BOUND('',#745,.T.);
#437=FACE_OUTER_BOUND('',#746,.T.);
#438=FACE_OUTER_BOUND('',#748,.T.);
#439=FACE_OUTER_BOUND('',#749,.T.);
#440=FACE_OUTER_BOUND('',#751,.T.);
#441=FACE_OUTER_BOUND('',#752,.T.);
#442=FACE_OUTER_BOUND('',#754,.T.);
#443=FACE_OUTER_BOUND('',#755,.T.);
#444=FACE_OUTER_BOUND('',#756,.T.);
#445=FACE_OUTER_BOUND('',#757,.T.);
#446=FACE_OUTER_BOUND('',#758,.T.);
#447=FACE_OUTER_BOUND('',#760,.T.);
#448=FACE_OUTER_BOUND('',#761,.T.);
#449=FACE_OUTER_BOUND('',#762,.T.);
#450=FACE_OUTER_BOUND('',#763,.T.);
#451=FACE_OUTER_BOUND('',#764,.T.);
#452=FACE_OUTER_BOUND('',#774,.T.);
#453=FACE_OUTER_BOUND('',#775,.T.);
#454=FACE_OUTER_BOUND('',#776,.T.);
#455=FACE_OUTER_BOUND('',#777,.T.);
#456=FACE_OUTER_BOUND('',#778,.T.);
#457=FACE_OUTER_BOUND('',#779,.T.);
#458=FACE_OUTER_BOUND('',#780,.T.);
#459=FACE_OUTER_BOUND('',#781,.T.);
#460=FACE_OUTER_BOUND('',#782,.T.);
#461=EDGE_LOOP('',(#3111,#3112,#3113,#3114));
#462=EDGE_LOOP('',(#3115,#3116,#3117,#3118));
#463=EDGE_LOOP('',(#3119,#3120,#3121,#3122,#3123,#3124));
#464=EDGE_LOOP('',(#3125,#3126,#3127,#3128,#3129,#3130));
#465=EDGE_LOOP('',(#3131,#3132,#3133,#3134,#3135,#3136));
#466=EDGE_LOOP('',(#3137,#3138,#3139,#3140,#3141,#3142));
#467=EDGE_LOOP('',(#3143,#3144,#3145,#3146,#3147,#3148,#3149,#3150,#3151,
#3152,#3153,#3154,#3155,#3156,#3157,#3158,#3159,#3160,#3161,#3162,#3163,
#3164,#3165,#3166,#3167,#3168,#3169,#3170,#3171,#3172));
#468=EDGE_LOOP('',(#3173));
#469=EDGE_LOOP('',(#3174));
#470=EDGE_LOOP('',(#3175));
#471=EDGE_LOOP('',(#3176));
#472=EDGE_LOOP('',(#3177));
#473=EDGE_LOOP('',(#3178));
#474=EDGE_LOOP('',(#3179));
#475=EDGE_LOOP('',(#3180));
#476=EDGE_LOOP('',(#3181));
#477=EDGE_LOOP('',(#3182));
#478=EDGE_LOOP('',(#3183));
#479=EDGE_LOOP('',(#3184));
#480=EDGE_LOOP('',(#3185));
#481=EDGE_LOOP('',(#3186,#3187,#3188,#3189));
#482=EDGE_LOOP('',(#3190,#3191,#3192,#3193));
#483=EDGE_LOOP('',(#3194,#3195,#3196,#3197,#3198,#3199));
#484=EDGE_LOOP('',(#3200,#3201,#3202,#3203,#3204,#3205));
#485=EDGE_LOOP('',(#3206,#3207,#3208,#3209,#3210,#3211));
#486=EDGE_LOOP('',(#3212,#3213,#3214,#3215,#3216,#3217));
#487=EDGE_LOOP('',(#3218,#3219,#3220,#3221,#3222,#3223,#3224,#3225,#3226,
#3227,#3228,#3229,#3230,#3231,#3232,#3233,#3234,#3235,#3236,#3237,#3238,
#3239,#3240,#3241,#3242,#3243,#3244,#3245,#3246,#3247));
#488=EDGE_LOOP('',(#3248));
#489=EDGE_LOOP('',(#3249));
#490=EDGE_LOOP('',(#3250));
#491=EDGE_LOOP('',(#3251));
#492=EDGE_LOOP('',(#3252));
#493=EDGE_LOOP('',(#3253));
#494=EDGE_LOOP('',(#3254));
#495=EDGE_LOOP('',(#3255));
#496=EDGE_LOOP('',(#3256));
#497=EDGE_LOOP('',(#3257));
#498=EDGE_LOOP('',(#3258));
#499=EDGE_LOOP('',(#3259));
#500=EDGE_LOOP('',(#3260));
#501=EDGE_LOOP('',(#3261,#3262,#3263,#3264));
#502=EDGE_LOOP('',(#3265,#3266,#3267,#3268));
#503=EDGE_LOOP('',(#3269,#3270,#3271,#3272));
#504=EDGE_LOOP('',(#3273,#3274,#3275,#3276));
#505=EDGE_LOOP('',(#3277,#3278,#3279,#3280));
#506=EDGE_LOOP('',(#3281,#3282,#3283,#3284));
#507=EDGE_LOOP('',(#3285,#3286,#3287,#3288));
#508=EDGE_LOOP('',(#3289,#3290,#3291,#3292));
#509=EDGE_LOOP('',(#3293,#3294,#3295,#3296));
#510=EDGE_LOOP('',(#3297,#3298,#3299,#3300));
#511=EDGE_LOOP('',(#3301,#3302,#3303,#3304));
#512=EDGE_LOOP('',(#3305,#3306,#3307,#3308));
#513=EDGE_LOOP('',(#3309,#3310,#3311,#3312));
#514=EDGE_LOOP('',(#3313,#3314,#3315,#3316));
#515=EDGE_LOOP('',(#3317,#3318,#3319,#3320));
#516=EDGE_LOOP('',(#3321,#3322,#3323,#3324));
#517=EDGE_LOOP('',(#3325,#3326,#3327,#3328));
#518=EDGE_LOOP('',(#3329,#3330,#3331,#3332));
#519=EDGE_LOOP('',(#3333,#3334,#3335,#3336));
#520=EDGE_LOOP('',(#3337,#3338,#3339,#3340));
#521=EDGE_LOOP('',(#3341,#3342,#3343,#3344));
#522=EDGE_LOOP('',(#3345,#3346,#3347,#3348));
#523=EDGE_LOOP('',(#3349,#3350,#3351,#3352));
#524=EDGE_LOOP('',(#3353,#3354,#3355,#3356));
#525=EDGE_LOOP('',(#3357,#3358,#3359,#3360));
#526=EDGE_LOOP('',(#3361,#3362,#3363,#3364));
#527=EDGE_LOOP('',(#3365,#3366,#3367,#3368));
#528=EDGE_LOOP('',(#3369,#3370,#3371,#3372));
#529=EDGE_LOOP('',(#3373,#3374,#3375,#3376));
#530=EDGE_LOOP('',(#3377,#3378,#3379,#3380));
#531=EDGE_LOOP('',(#3381,#3382,#3383,#3384));
#532=EDGE_LOOP('',(#3385,#3386,#3387,#3388));
#533=EDGE_LOOP('',(#3389,#3390,#3391,#3392));
#534=EDGE_LOOP('',(#3393,#3394,#3395,#3396));
#535=EDGE_LOOP('',(#3397,#3398,#3399,#3400,#3401,#3402,#3403,#3404,#3405,
#3406,#3407,#3408,#3409,#3410,#3411,#3412,#3413,#3414));
#536=EDGE_LOOP('',(#3415));
#537=EDGE_LOOP('',(#3416));
#538=EDGE_LOOP('',(#3417,#3418,#3419,#3420));
#539=EDGE_LOOP('',(#3421,#3422,#3423,#3424));
#540=EDGE_LOOP('',(#3425,#3426,#3427,#3428));
#541=EDGE_LOOP('',(#3429,#3430,#3431,#3432));
#542=EDGE_LOOP('',(#3433,#3434,#3435,#3436));
#543=EDGE_LOOP('',(#3437,#3438,#3439,#3440));
#544=EDGE_LOOP('',(#3441,#3442,#3443,#3444));
#545=EDGE_LOOP('',(#3445,#3446,#3447,#3448));
#546=EDGE_LOOP('',(#3449,#3450,#3451,#3452));
#547=EDGE_LOOP('',(#3453,#3454,#3455,#3456,#3457,#3458,#3459,#3460,#3461));
#548=EDGE_LOOP('',(#3462));
#549=EDGE_LOOP('',(#3463,#3464,#3465,#3466));
#550=EDGE_LOOP('',(#3467,#3468,#3469,#3470,#3471,#3472,#3473,#3474,#3475,
#3476,#3477,#3478,#3479,#3480,#3481,#3482,#3483,#3484,#3485,#3486,#3487,
#3488,#3489,#3490));
#551=EDGE_LOOP('',(#3491,#3492,#3493,#3494,#3495,#3496));
#552=EDGE_LOOP('',(#3497,#3498,#3499,#3500,#3501,#3502));
#553=EDGE_LOOP('',(#3503,#3504,#3505,#3506,#3507,#3508,#3509,#3510,#3511,
#3512,#3513,#3514,#3515,#3516,#3517,#3518,#3519,#3520,#3521,#3522,#3523,
#3524,#3525,#3526));
#554=EDGE_LOOP('',(#3527,#3528,#3529,#3530,#3531,#3532));
#555=EDGE_LOOP('',(#3533,#3534,#3535,#3536,#3537,#3538));
#556=EDGE_LOOP('',(#3539,#3540,#3541,#3542));
#557=EDGE_LOOP('',(#3543,#3544,#3545,#3546));
#558=EDGE_LOOP('',(#3547,#3548,#3549,#3550));
#559=EDGE_LOOP('',(#3551,#3552,#3553,#3554));
#560=EDGE_LOOP('',(#3555,#3556,#3557,#3558));
#561=EDGE_LOOP('',(#3559,#3560,#3561,#3562));
#562=EDGE_LOOP('',(#3563,#3564,#3565,#3566));
#563=EDGE_LOOP('',(#3567,#3568,#3569,#3570));
#564=EDGE_LOOP('',(#3571,#3572,#3573,#3574));
#565=EDGE_LOOP('',(#3575,#3576,#3577,#3578));
#566=EDGE_LOOP('',(#3579,#3580,#3581,#3582));
#567=EDGE_LOOP('',(#3583,#3584,#3585,#3586));
#568=EDGE_LOOP('',(#3587,#3588,#3589,#3590));
#569=EDGE_LOOP('',(#3591,#3592,#3593,#3594));
#570=EDGE_LOOP('',(#3595,#3596,#3597,#3598));
#571=EDGE_LOOP('',(#3599,#3600,#3601,#3602));
#572=EDGE_LOOP('',(#3603,#3604,#3605,#3606));
#573=EDGE_LOOP('',(#3607,#3608,#3609,#3610));
#574=EDGE_LOOP('',(#3611,#3612,#3613,#3614));
#575=EDGE_LOOP('',(#3615,#3616,#3617,#3618));
#576=EDGE_LOOP('',(#3619,#3620,#3621,#3622));
#577=EDGE_LOOP('',(#3623,#3624,#3625,#3626));
#578=EDGE_LOOP('',(#3627,#3628,#3629,#3630));
#579=EDGE_LOOP('',(#3631,#3632,#3633,#3634));
#580=EDGE_LOOP('',(#3635,#3636,#3637,#3638));
#581=EDGE_LOOP('',(#3639,#3640,#3641,#3642));
#582=EDGE_LOOP('',(#3643,#3644,#3645,#3646));
#583=EDGE_LOOP('',(#3647,#3648,#3649,#3650));
#584=EDGE_LOOP('',(#3651,#3652,#3653,#3654));
#585=EDGE_LOOP('',(#3655,#3656,#3657,#3658));
#586=EDGE_LOOP('',(#3659,#3660,#3661,#3662));
#587=EDGE_LOOP('',(#3663,#3664,#3665,#3666));
#588=EDGE_LOOP('',(#3667,#3668,#3669,#3670));
#589=EDGE_LOOP('',(#3671,#3672,#3673,#3674));
#590=EDGE_LOOP('',(#3675,#3676,#3677,#3678));
#591=EDGE_LOOP('',(#3679,#3680,#3681,#3682));
#592=EDGE_LOOP('',(#3683,#3684,#3685,#3686,#3687,#3688,#3689,#3690,#3691,
#3692));
#593=EDGE_LOOP('',(#3693,#3694,#3695,#3696,#3697,#3698,#3699,#3700,#3701,
#3702));
#594=EDGE_LOOP('',(#3703,#3704,#3705,#3706));
#595=EDGE_LOOP('',(#3707,#3708,#3709,#3710,#3711,#3712,#3713,#3714));
#596=EDGE_LOOP('',(#3715,#3716,#3717,#3718));
#597=EDGE_LOOP('',(#3719,#3720,#3721,#3722,#3723,#3724,#3725,#3726,#3727,
#3728,#3729,#3730,#3731,#3732,#3733,#3734,#3735,#3736,#3737,#3738));
#598=EDGE_LOOP('',(#3739,#3740,#3741,#3742,#3743,#3744));
#599=EDGE_LOOP('',(#3745,#3746,#3747,#3748,#3749,#3750));
#600=EDGE_LOOP('',(#3751,#3752,#3753,#3754,#3755,#3756));
#601=EDGE_LOOP('',(#3757,#3758,#3759,#3760,#3761,#3762));
#602=EDGE_LOOP('',(#3763,#3764,#3765,#3766));
#603=EDGE_LOOP('',(#3767,#3768,#3769,#3770));
#604=EDGE_LOOP('',(#3771,#3772,#3773,#3774));
#605=EDGE_LOOP('',(#3775,#3776,#3777,#3778));
#606=EDGE_LOOP('',(#3779,#3780,#3781,#3782));
#607=EDGE_LOOP('',(#3783,#3784,#3785,#3786,#3787,#3788,#3789,#3790));
#608=EDGE_LOOP('',(#3791,#3792,#3793,#3794,#3795,#3796,#3797,#3798,#3799,
#3800));
#609=EDGE_LOOP('',(#3801,#3802,#3803,#3804));
#610=EDGE_LOOP('',(#3805,#3806,#3807,#3808,#3809,#3810,#3811,#3812,#3813,
#3814,#3815,#3816,#3817,#3818,#3819,#3820,#3821,#3822,#3823,#3824));
#611=EDGE_LOOP('',(#3825,#3826,#3827,#3828,#3829,#3830));
#612=EDGE_LOOP('',(#3831,#3832,#3833,#3834,#3835,#3836));
#613=EDGE_LOOP('',(#3837,#3838,#3839,#3840,#3841,#3842));
#614=EDGE_LOOP('',(#3843,#3844,#3845,#3846,#3847,#3848));
#615=EDGE_LOOP('',(#3849,#3850,#3851,#3852));
#616=EDGE_LOOP('',(#3853,#3854,#3855,#3856));
#617=EDGE_LOOP('',(#3857,#3858,#3859,#3860));
#618=EDGE_LOOP('',(#3861,#3862,#3863,#3864));
#619=EDGE_LOOP('',(#3865));
#620=EDGE_LOOP('',(#3866));
#621=EDGE_LOOP('',(#3867));
#622=EDGE_LOOP('',(#3868));
#623=EDGE_LOOP('',(#3869));
#624=EDGE_LOOP('',(#3870));
#625=EDGE_LOOP('',(#3871));
#626=EDGE_LOOP('',(#3872));
#627=EDGE_LOOP('',(#3873));
#628=EDGE_LOOP('',(#3874,#3875,#3876,#3877));
#629=EDGE_LOOP('',(#3878,#3879,#3880,#3881));
#630=EDGE_LOOP('',(#3882,#3883,#3884,#3885));
#631=EDGE_LOOP('',(#3886,#3887,#3888,#3889));
#632=EDGE_LOOP('',(#3890,#3891,#3892,#3893));
#633=EDGE_LOOP('',(#3894,#3895,#3896,#3897));
#634=EDGE_LOOP('',(#3898,#3899,#3900,#3901));
#635=EDGE_LOOP('',(#3902,#3903,#3904,#3905));
#636=EDGE_LOOP('',(#3906,#3907,#3908,#3909));
#637=EDGE_LOOP('',(#3910,#3911,#3912,#3913));
#638=EDGE_LOOP('',(#3914,#3915,#3916,#3917));
#639=EDGE_LOOP('',(#3918,#3919,#3920,#3921));
#640=EDGE_LOOP('',(#3922,#3923,#3924,#3925));
#641=EDGE_LOOP('',(#3926,#3927,#3928,#3929));
#642=EDGE_LOOP('',(#3930,#3931,#3932,#3933));
#643=EDGE_LOOP('',(#3934,#3935,#3936,#3937));
#644=EDGE_LOOP('',(#3938,#3939,#3940,#3941));
#645=EDGE_LOOP('',(#3942,#3943,#3944,#3945));
#646=EDGE_LOOP('',(#3946,#3947,#3948,#3949));
#647=EDGE_LOOP('',(#3950,#3951,#3952,#3953));
#648=EDGE_LOOP('',(#3954,#3955,#3956,#3957));
#649=EDGE_LOOP('',(#3958,#3959,#3960,#3961,#3962,#3963,#3964,#3965));
#650=EDGE_LOOP('',(#3966,#3967,#3968,#3969));
#651=EDGE_LOOP('',(#3970,#3971,#3972,#3973));
#652=EDGE_LOOP('',(#3974,#3975,#3976,#3977));
#653=EDGE_LOOP('',(#3978,#3979,#3980,#3981,#3982,#3983,#3984,#3985));
#654=EDGE_LOOP('',(#3986,#3987,#3988,#3989,#3990,#3991,#3992,#3993));
#655=EDGE_LOOP('',(#3994,#3995,#3996,#3997,#3998,#3999,#4000,#4001));
#656=EDGE_LOOP('',(#4002,#4003,#4004,#4005,#4006,#4007,#4008,#4009));
#657=EDGE_LOOP('',(#4010,#4011,#4012,#4013,#4014,#4015,#4016,#4017));
#658=EDGE_LOOP('',(#4018,#4019,#4020,#4021,#4022,#4023,#4024,#4025));
#659=EDGE_LOOP('',(#4026,#4027,#4028,#4029,#4030,#4031,#4032,#4033));
#660=EDGE_LOOP('',(#4034,#4035,#4036,#4037,#4038,#4039,#4040,#4041));
#661=EDGE_LOOP('',(#4042,#4043,#4044,#4045,#4046,#4047,#4048,#4049));
#662=EDGE_LOOP('',(#4050,#4051,#4052,#4053,#4054,#4055,#4056,#4057));
#663=EDGE_LOOP('',(#4058,#4059,#4060,#4061,#4062,#4063,#4064,#4065));
#664=EDGE_LOOP('',(#4066,#4067,#4068,#4069,#4070,#4071,#4072,#4073));
#665=EDGE_LOOP('',(#4074,#4075,#4076,#4077));
#666=EDGE_LOOP('',(#4078,#4079,#4080,#4081));
#667=EDGE_LOOP('',(#4082,#4083,#4084,#4085));
#668=EDGE_LOOP('',(#4086,#4087,#4088,#4089));
#669=EDGE_LOOP('',(#4090,#4091,#4092,#4093));
#670=EDGE_LOOP('',(#4094,#4095,#4096,#4097));
#671=EDGE_LOOP('',(#4098,#4099,#4100,#4101));
#672=EDGE_LOOP('',(#4102,#4103,#4104,#4105));
#673=EDGE_LOOP('',(#4106,#4107,#4108,#4109));
#674=EDGE_LOOP('',(#4110,#4111,#4112,#4113));
#675=EDGE_LOOP('',(#4114,#4115,#4116,#4117));
#676=EDGE_LOOP('',(#4118,#4119,#4120,#4121));
#677=EDGE_LOOP('',(#4122,#4123,#4124,#4125));
#678=EDGE_LOOP('',(#4126,#4127,#4128,#4129));
#679=EDGE_LOOP('',(#4130,#4131,#4132,#4133));
#680=EDGE_LOOP('',(#4134,#4135,#4136,#4137));
#681=EDGE_LOOP('',(#4138,#4139,#4140,#4141));
#682=EDGE_LOOP('',(#4142,#4143,#4144,#4145));
#683=EDGE_LOOP('',(#4146,#4147,#4148,#4149));
#684=EDGE_LOOP('',(#4150,#4151,#4152,#4153));
#685=EDGE_LOOP('',(#4154,#4155,#4156,#4157,#4158,#4159,#4160,#4161));
#686=EDGE_LOOP('',(#4162,#4163,#4164,#4165));
#687=EDGE_LOOP('',(#4166,#4167,#4168,#4169));
#688=EDGE_LOOP('',(#4170,#4171,#4172,#4173,#4174,#4175,#4176,#4177));
#689=EDGE_LOOP('',(#4178,#4179,#4180,#4181));
#690=EDGE_LOOP('',(#4182,#4183,#4184,#4185));
#691=EDGE_LOOP('',(#4186,#4187,#4188,#4189));
#692=EDGE_LOOP('',(#4190,#4191,#4192,#4193));
#693=EDGE_LOOP('',(#4194,#4195,#4196,#4197));
#694=EDGE_LOOP('',(#4198,#4199,#4200,#4201));
#695=EDGE_LOOP('',(#4202,#4203,#4204,#4205,#4206,#4207,#4208,#4209));
#696=EDGE_LOOP('',(#4210,#4211,#4212,#4213));
#697=EDGE_LOOP('',(#4214,#4215,#4216,#4217));
#698=EDGE_LOOP('',(#4218,#4219,#4220,#4221));
#699=EDGE_LOOP('',(#4222,#4223,#4224,#4225));
#700=EDGE_LOOP('',(#4226,#4227,#4228,#4229));
#701=EDGE_LOOP('',(#4230,#4231,#4232,#4233,#4234,#4235,#4236,#4237,#4238,
#4239));
#702=EDGE_LOOP('',(#4240,#4241,#4242,#4243));
#703=EDGE_LOOP('',(#4244,#4245,#4246,#4247));
#704=EDGE_LOOP('',(#4248,#4249,#4250,#4251));
#705=EDGE_LOOP('',(#4252,#4253,#4254,#4255));
#706=EDGE_LOOP('',(#4256,#4257,#4258,#4259));
#707=EDGE_LOOP('',(#4260,#4261,#4262,#4263));
#708=EDGE_LOOP('',(#4264,#4265,#4266,#4267));
#709=EDGE_LOOP('',(#4268,#4269,#4270,#4271));
#710=EDGE_LOOP('',(#4272,#4273,#4274,#4275));
#711=EDGE_LOOP('',(#4276,#4277,#4278,#4279));
#712=EDGE_LOOP('',(#4280,#4281,#4282,#4283));
#713=EDGE_LOOP('',(#4284,#4285,#4286,#4287));
#714=EDGE_LOOP('',(#4288,#4289,#4290,#4291));
#715=EDGE_LOOP('',(#4292,#4293,#4294,#4295));
#716=EDGE_LOOP('',(#4296,#4297,#4298,#4299));
#717=EDGE_LOOP('',(#4300,#4301,#4302,#4303));
#718=EDGE_LOOP('',(#4304,#4305,#4306,#4307));
#719=EDGE_LOOP('',(#4308,#4309,#4310,#4311,#4312,#4313,#4314));
#720=EDGE_LOOP('',(#4315));
#721=EDGE_LOOP('',(#4316,#4317,#4318,#4319));
#722=EDGE_LOOP('',(#4320,#4321,#4322,#4323));
#723=EDGE_LOOP('',(#4324,#4325,#4326,#4327));
#724=EDGE_LOOP('',(#4328,#4329,#4330,#4331));
#725=EDGE_LOOP('',(#4332,#4333,#4334,#4335));
#726=EDGE_LOOP('',(#4336,#4337,#4338,#4339));
#727=EDGE_LOOP('',(#4340,#4341,#4342,#4343,#4344,#4345,#4346));
#728=EDGE_LOOP('',(#4347));
#729=EDGE_LOOP('',(#4348,#4349,#4350,#4351));
#730=EDGE_LOOP('',(#4352,#4353,#4354,#4355));
#731=EDGE_LOOP('',(#4356,#4357,#4358,#4359));
#732=EDGE_LOOP('',(#4360,#4361,#4362,#4363));
#733=EDGE_LOOP('',(#4364,#4365,#4366,#4367,#4368,#4369,#4370));
#734=EDGE_LOOP('',(#4371));
#735=EDGE_LOOP('',(#4372,#4373,#4374,#4375));
#736=EDGE_LOOP('',(#4376,#4377,#4378,#4379,#4380,#4381,#4382));
#737=EDGE_LOOP('',(#4383));
#738=EDGE_LOOP('',(#4384,#4385,#4386,#4387));
#739=EDGE_LOOP('',(#4388,#4389,#4390,#4391));
#740=EDGE_LOOP('',(#4392,#4393,#4394,#4395,#4396,#4397,#4398,#4399));
#741=EDGE_LOOP('',(#4400,#4401,#4402,#4403,#4404,#4405,#4406,#4407));
#742=EDGE_LOOP('',(#4408,#4409,#4410,#4411));
#743=EDGE_LOOP('',(#4412));
#744=EDGE_LOOP('',(#4413));
#745=EDGE_LOOP('',(#4414,#4415,#4416,#4417));
#746=EDGE_LOOP('',(#4418));
#747=EDGE_LOOP('',(#4419));
#748=EDGE_LOOP('',(#4420,#4421,#4422,#4423));
#749=EDGE_LOOP('',(#4424));
#750=EDGE_LOOP('',(#4425));
#751=EDGE_LOOP('',(#4426,#4427,#4428,#4429));
#752=EDGE_LOOP('',(#4430));
#753=EDGE_LOOP('',(#4431));
#754=EDGE_LOOP('',(#4432,#4433,#4434,#4435));
#755=EDGE_LOOP('',(#4436,#4437,#4438,#4439));
#756=EDGE_LOOP('',(#4440,#4441,#4442,#4443));
#757=EDGE_LOOP('',(#4444,#4445,#4446,#4447));
#758=EDGE_LOOP('',(#4448,#4449,#4450,#4451,#4452,#4453,#4454,#4455,#4456));
#759=EDGE_LOOP('',(#4457));
#760=EDGE_LOOP('',(#4458,#4459,#4460,#4461));
#761=EDGE_LOOP('',(#4462,#4463,#4464,#4465));
#762=EDGE_LOOP('',(#4466,#4467,#4468,#4469));
#763=EDGE_LOOP('',(#4470,#4471,#4472,#4473,#4474,#4475,#4476,#4477));
#764=EDGE_LOOP('',(#4478,#4479,#4480,#4481));
#765=EDGE_LOOP('',(#4482));
#766=EDGE_LOOP('',(#4483));
#767=EDGE_LOOP('',(#4484));
#768=EDGE_LOOP('',(#4485));
#769=EDGE_LOOP('',(#4486));
#770=EDGE_LOOP('',(#4487));
#771=EDGE_LOOP('',(#4488));
#772=EDGE_LOOP('',(#4489));
#773=EDGE_LOOP('',(#4490));
#774=EDGE_LOOP('',(#4491,#4492,#4493,#4494));
#775=EDGE_LOOP('',(#4495,#4496,#4497,#4498));
#776=EDGE_LOOP('',(#4499,#4500,#4501,#4502));
#777=EDGE_LOOP('',(#4503,#4504,#4505,#4506));
#778=EDGE_LOOP('',(#4507,#4508,#4509,#4510));
#779=EDGE_LOOP('',(#4511,#4512,#4513,#4514));
#780=EDGE_LOOP('',(#4515,#4516,#4517,#4518));
#781=EDGE_LOOP('',(#4519,#4520,#4521,#4522));
#782=EDGE_LOOP('',(#4523,#4524,#4525,#4526));
#783=LINE('',#6826,#1235);
#784=LINE('',#6829,#1236);
#785=LINE('',#6832,#1237);
#786=LINE('',#6834,#1238);
#787=LINE('',#6835,#1239);
#788=LINE('',#6838,#1240);
#789=LINE('',#6842,#1241);
#790=LINE('',#6846,#1242);
#791=LINE('',#6850,#1243);
#792=LINE('',#6854,#1244);
#793=LINE('',#6858,#1245);
#794=LINE('',#6862,#1246);
#795=LINE('',#6866,#1247);
#796=LINE('',#6870,#1248);
#797=LINE('',#6874,#1249);
#798=LINE('',#6878,#1250);
#799=LINE('',#6882,#1251);
#800=LINE('',#6886,#1252);
#801=LINE('',#6890,#1253);
#802=LINE('',#6894,#1254);
#803=LINE('',#6898,#1255);
#804=LINE('',#6902,#1256);
#805=LINE('',#6906,#1257);
#806=LINE('',#6910,#1258);
#807=LINE('',#6914,#1259);
#808=LINE('',#6918,#1260);
#809=LINE('',#6922,#1261);
#810=LINE('',#6926,#1262);
#811=LINE('',#6930,#1263);
#812=LINE('',#6934,#1264);
#813=LINE('',#6938,#1265);
#814=LINE('',#6968,#1266);
#815=LINE('',#6971,#1267);
#816=LINE('',#6974,#1268);
#817=LINE('',#6975,#1269);
#818=LINE('',#6978,#1270);
#819=LINE('',#6982,#1271);
#820=LINE('',#6986,#1272);
#821=LINE('',#6990,#1273);
#822=LINE('',#6994,#1274);
#823=LINE('',#6998,#1275);
#824=LINE('',#7002,#1276);
#825=LINE('',#7006,#1277);
#826=LINE('',#7010,#1278);
#827=LINE('',#7014,#1279);
#828=LINE('',#7018,#1280);
#829=LINE('',#7022,#1281);
#830=LINE('',#7028,#1282);
#831=LINE('',#7032,#1283);
#832=LINE('',#7036,#1284);
#833=LINE('',#7040,#1285);
#834=LINE('',#7043,#1286);
#835=LINE('',#7047,#1287);
#836=LINE('',#7051,#1288);
#837=LINE('',#7055,#1289);
#838=LINE('',#7059,#1290);
#839=LINE('',#7063,#1291);
#840=LINE('',#7067,#1292);
#841=LINE('',#7071,#1293);
#842=LINE('',#7074,#1294);
#843=LINE('',#7105,#1295);
#844=LINE('',#7106,#1296);
#845=LINE('',#7109,#1297);
#846=LINE('',#7110,#1298);
#847=LINE('',#7115,#1299);
#848=LINE('',#7116,#1300);
#849=LINE('',#7118,#1301);
#850=LINE('',#7123,#1302);
#851=LINE('',#7124,#1303);
#852=LINE('',#7127,#1304);
#853=LINE('',#7128,#1305);
#854=LINE('',#7133,#1306);
#855=LINE('',#7134,#1307);
#856=LINE('',#7137,#1308);
#857=LINE('',#7138,#1309);
#858=LINE('',#7143,#1310);
#859=LINE('',#7144,#1311);
#860=LINE('',#7147,#1312);
#861=LINE('',#7148,#1313);
#862=LINE('',#7152,#1314);
#863=LINE('',#7154,#1315);
#864=LINE('',#7159,#1316);
#865=LINE('',#7160,#1317);
#866=LINE('',#7162,#1318);
#867=LINE('',#7166,#1319);
#868=LINE('',#7169,#1320);
#869=LINE('',#7170,#1321);
#870=LINE('',#7173,#1322);
#871=LINE('',#7176,#1323);
#872=LINE('',#7179,#1324);
#873=LINE('',#7180,#1325);
#874=LINE('',#7183,#1326);
#875=LINE('',#7186,#1327);
#876=LINE('',#7189,#1328);
#877=LINE('',#7190,#1329);
#878=LINE('',#7193,#1330);
#879=LINE('',#7196,#1331);
#880=LINE('',#7198,#1332);
#881=LINE('',#7201,#1333);
#882=LINE('',#7204,#1334);
#883=LINE('',#7209,#1335);
#884=LINE('',#7210,#1336);
#885=LINE('',#7213,#1337);
#886=LINE('',#7214,#1338);
#887=LINE('',#7218,#1339);
#888=LINE('',#7221,#1340);
#889=LINE('',#7224,#1341);
#890=LINE('',#7227,#1342);
#891=LINE('',#7228,#1343);
#892=LINE('',#7231,#1344);
#893=LINE('',#7235,#1345);
#894=LINE('',#7236,#1346);
#895=LINE('',#7240,#1347);
#896=LINE('',#7242,#1348);
#897=LINE('',#7246,#1349);
#898=LINE('',#7249,#1350);
#899=LINE('',#7251,#1351);
#900=LINE('',#7253,#1352);
#901=LINE('',#7255,#1353);
#902=LINE('',#7256,#1354);
#903=LINE('',#7258,#1355);
#904=LINE('',#7262,#1356);
#905=LINE('',#7264,#1357);
#906=LINE('',#7266,#1358);
#907=LINE('',#7268,#1359);
#908=LINE('',#7270,#1360);
#909=LINE('',#7273,#1361);
#910=LINE('',#7281,#1362);
#911=LINE('',#7283,#1363);
#912=LINE('',#7287,#1364);
#913=LINE('',#7290,#1365);
#914=LINE('',#7294,#1366);
#915=LINE('',#7295,#1367);
#916=LINE('',#7298,#1368);
#917=LINE('',#7301,#1369);
#918=LINE('',#7305,#1370);
#919=LINE('',#7309,#1371);
#920=LINE('',#7312,#1372);
#921=LINE('',#7314,#1373);
#922=LINE('',#7316,#1374);
#923=LINE('',#7318,#1375);
#924=LINE('',#7321,#1376);
#925=LINE('',#7325,#1377);
#926=LINE('',#7327,#1378);
#927=LINE('',#7329,#1379);
#928=LINE('',#7331,#1380);
#929=LINE('',#7333,#1381);
#930=LINE('',#7335,#1382);
#931=LINE('',#7336,#1383);
#932=LINE('',#7337,#1384);
#933=LINE('',#7338,#1385);
#934=LINE('',#7341,#1386);
#935=LINE('',#7343,#1387);
#936=LINE('',#7344,#1388);
#937=LINE('',#7345,#1389);
#938=LINE('',#7347,#1390);
#939=LINE('',#7349,#1391);
#940=LINE('',#7351,#1392);
#941=LINE('',#7353,#1393);
#942=LINE('',#7354,#1394);
#943=LINE('',#7355,#1395);
#944=LINE('',#7361,#1396);
#945=LINE('',#7364,#1397);
#946=LINE('',#7367,#1398);
#947=LINE('',#7369,#1399);
#948=LINE('',#7370,#1400);
#949=LINE('',#7376,#1401);
#950=LINE('',#7379,#1402);
#951=LINE('',#7382,#1403);
#952=LINE('',#7384,#1404);
#953=LINE('',#7385,#1405);
#954=LINE('',#7391,#1406);
#955=LINE('',#7397,#1407);
#956=LINE('',#7403,#1408);
#957=LINE('',#7406,#1409);
#958=LINE('',#7409,#1410);
#959=LINE('',#7411,#1411);
#960=LINE('',#7412,#1412);
#961=LINE('',#7418,#1413);
#962=LINE('',#7421,#1414);
#963=LINE('',#7424,#1415);
#964=LINE('',#7426,#1416);
#965=LINE('',#7427,#1417);
#966=LINE('',#7433,#1418);
#967=LINE('',#7439,#1419);
#968=LINE('',#7445,#1420);
#969=LINE('',#7448,#1421);
#970=LINE('',#7451,#1422);
#971=LINE('',#7453,#1423);
#972=LINE('',#7454,#1424);
#973=LINE('',#7460,#1425);
#974=LINE('',#7463,#1426);
#975=LINE('',#7466,#1427);
#976=LINE('',#7468,#1428);
#977=LINE('',#7469,#1429);
#978=LINE('',#7475,#1430);
#979=LINE('',#7481,#1431);
#980=LINE('',#7487,#1432);
#981=LINE('',#7490,#1433);
#982=LINE('',#7493,#1434);
#983=LINE('',#7495,#1435);
#984=LINE('',#7496,#1436);
#985=LINE('',#7502,#1437);
#986=LINE('',#7505,#1438);
#987=LINE('',#7508,#1439);
#988=LINE('',#7510,#1440);
#989=LINE('',#7511,#1441);
#990=LINE('',#7517,#1442);
#991=LINE('',#7520,#1443);
#992=LINE('',#7523,#1444);
#993=LINE('',#7525,#1445);
#994=LINE('',#7526,#1446);
#995=LINE('',#7532,#1447);
#996=LINE('',#7535,#1448);
#997=LINE('',#7538,#1449);
#998=LINE('',#7540,#1450);
#999=LINE('',#7541,#1451);
#1000=LINE('',#7547,#1452);
#1001=LINE('',#7553,#1453);
#1002=LINE('',#7559,#1454);
#1003=LINE('',#7562,#1455);
#1004=LINE('',#7565,#1456);
#1005=LINE('',#7567,#1457);
#1006=LINE('',#7568,#1458);
#1007=LINE('',#7574,#1459);
#1008=LINE('',#7577,#1460);
#1009=LINE('',#7580,#1461);
#1010=LINE('',#7582,#1462);
#1011=LINE('',#7583,#1463);
#1012=LINE('',#7589,#1464);
#1013=LINE('',#7595,#1465);
#1014=LINE('',#7601,#1466);
#1015=LINE('',#7607,#1467);
#1016=LINE('',#7610,#1468);
#1017=LINE('',#7631,#1469);
#1018=LINE('',#7645,#1470);
#1019=LINE('',#7648,#1471);
#1020=LINE('',#7652,#1472);
#1021=LINE('',#7654,#1473);
#1022=LINE('',#7656,#1474);
#1023=LINE('',#7660,#1475);
#1024=LINE('',#7663,#1476);
#1025=LINE('',#7664,#1477);
#1026=LINE('',#7665,#1478);
#1027=LINE('',#7668,#1479);
#1028=LINE('',#7670,#1480);
#1029=LINE('',#7674,#1481);
#1030=LINE('',#7675,#1482);
#1031=LINE('',#7680,#1483);
#1032=LINE('',#7681,#1484);
#1033=LINE('',#7684,#1485);
#1034=LINE('',#7687,#1486);
#1035=LINE('',#7689,#1487);
#1036=LINE('',#7693,#1488);
#1037=LINE('',#7697,#1489);
#1038=LINE('',#7698,#1490);
#1039=LINE('',#7700,#1491);
#1040=LINE('',#7702,#1492);
#1041=LINE('',#7706,#1493);
#1042=LINE('',#7710,#1494);
#1043=LINE('',#7711,#1495);
#1044=LINE('',#7716,#1496);
#1045=LINE('',#7720,#1497);
#1046=LINE('',#7723,#1498);
#1047=LINE('',#7728,#1499);
#1048=LINE('',#7732,#1500);
#1049=LINE('',#7735,#1501);
#1050=LINE('',#7740,#1502);
#1051=LINE('',#7744,#1503);
#1052=LINE('',#7747,#1504);
#1053=LINE('',#7752,#1505);
#1054=LINE('',#7756,#1506);
#1055=LINE('',#7759,#1507);
#1056=LINE('',#7768,#1508);
#1057=LINE('',#7769,#1509);
#1058=LINE('',#7772,#1510);
#1059=LINE('',#7773,#1511);
#1060=LINE('',#7778,#1512);
#1061=LINE('',#7779,#1513);
#1062=LINE('',#7782,#1514);
#1063=LINE('',#7786,#1515);
#1064=LINE('',#7787,#1516);
#1065=LINE('',#7788,#1517);
#1066=LINE('',#7804,#1518);
#1067=LINE('',#7824,#1519);
#1068=LINE('',#7827,#1520);
#1069=LINE('',#7829,#1521);
#1070=LINE('',#7833,#1522);
#1071=LINE('',#7837,#1523);
#1072=LINE('',#7838,#1524);
#1073=LINE('',#7840,#1525);
#1074=LINE('',#7844,#1526);
#1075=LINE('',#7847,#1527);
#1076=LINE('',#7850,#1528);
#1077=LINE('',#7855,#1529);
#1078=LINE('',#7859,#1530);
#1079=LINE('',#7862,#1531);
#1080=LINE('',#7867,#1532);
#1081=LINE('',#7871,#1533);
#1082=LINE('',#7874,#1534);
#1083=LINE('',#7879,#1535);
#1084=LINE('',#7883,#1536);
#1085=LINE('',#7886,#1537);
#1086=LINE('',#7891,#1538);
#1087=LINE('',#7895,#1539);
#1088=LINE('',#7898,#1540);
#1089=LINE('',#7904,#1541);
#1090=LINE('',#7906,#1542);
#1091=LINE('',#7926,#1543);
#1092=LINE('',#7928,#1544);
#1093=LINE('',#7929,#1545);
#1094=LINE('',#7931,#1546);
#1095=LINE('',#7932,#1547);
#1096=LINE('',#7933,#1548);
#1097=LINE('',#7935,#1549);
#1098=LINE('',#7937,#1550);
#1099=LINE('',#7938,#1551);
#1100=LINE('',#7940,#1552);
#1101=LINE('',#7941,#1553);
#1102=LINE('',#7942,#1554);
#1103=LINE('',#7944,#1555);
#1104=LINE('',#7946,#1556);
#1105=LINE('',#7947,#1557);
#1106=LINE('',#7949,#1558);
#1107=LINE('',#7951,#1559);
#1108=LINE('',#7952,#1560);
#1109=LINE('',#7953,#1561);
#1110=LINE('',#7955,#1562);
#1111=LINE('',#7956,#1563);
#1112=LINE('',#7958,#1564);
#1113=LINE('',#7959,#1565);
#1114=LINE('',#7960,#1566);
#1115=LINE('',#7962,#1567);
#1116=LINE('',#7963,#1568);
#1117=LINE('',#7964,#1569);
#1118=LINE('',#7966,#1570);
#1119=LINE('',#7967,#1571);
#1120=LINE('',#7968,#1572);
#1121=LINE('',#7969,#1573);
#1122=LINE('',#7971,#1574);
#1123=LINE('',#7973,#1575);
#1124=LINE('',#7974,#1576);
#1125=LINE('',#7975,#1577);
#1126=LINE('',#7977,#1578);
#1127=LINE('',#7979,#1579);
#1128=LINE('',#7981,#1580);
#1129=LINE('',#7984,#1581);
#1130=LINE('',#7988,#1582);
#1131=LINE('',#7989,#1583);
#1132=LINE('',#7991,#1584);
#1133=LINE('',#7994,#1585);
#1134=LINE('',#7996,#1586);
#1135=LINE('',#7997,#1587);
#1136=LINE('',#8001,#1588);
#1137=LINE('',#8002,#1589);
#1138=LINE('',#8005,#1590);
#1139=LINE('',#8007,#1591);
#1140=LINE('',#8009,#1592);
#1141=LINE('',#8011,#1593);
#1142=LINE('',#8013,#1594);
#1143=LINE('',#8015,#1595);
#1144=LINE('',#8017,#1596);
#1145=LINE('',#8019,#1597);
#1146=LINE('',#8021,#1598);
#1147=LINE('',#8025,#1599);
#1148=LINE('',#8028,#1600);
#1149=LINE('',#8029,#1601);
#1150=LINE('',#8033,#1602);
#1151=LINE('',#8037,#1603);
#1152=LINE('',#8040,#1604);
#1153=LINE('',#8041,#1605);
#1154=LINE('',#8045,#1606);
#1155=LINE('',#8049,#1607);
#1156=LINE('',#8051,#1608);
#1157=LINE('',#8054,#1609);
#1158=LINE('',#8056,#1610);
#1159=LINE('',#8058,#1611);
#1160=LINE('',#8059,#1612);
#1161=LINE('',#8061,#1613);
#1162=LINE('',#8063,#1614);
#1163=LINE('',#8066,#1615);
#1164=LINE('',#8068,#1616);
#1165=LINE('',#8069,#1617);
#1166=LINE('',#8072,#1618);
#1167=LINE('',#8073,#1619);
#1168=LINE('',#8076,#1620);
#1169=LINE('',#8077,#1621);
#1170=LINE('',#8079,#1622);
#1171=LINE('',#8082,#1623);
#1172=LINE('',#8084,#1624);
#1173=LINE('',#8087,#1625);
#1174=LINE('',#8089,#1626);
#1175=LINE('',#8091,#1627);
#1176=LINE('',#8093,#1628);
#1177=LINE('',#8097,#1629);
#1178=LINE('',#8099,#1630);
#1179=LINE('',#8102,#1631);
#1180=LINE('',#8104,#1632);
#1181=LINE('',#8107,#1633);
#1182=LINE('',#8109,#1634);
#1183=LINE('',#8115,#1635);
#1184=LINE('',#8116,#1636);
#1185=LINE('',#8119,#1637);
#1186=LINE('',#8120,#1638);
#1187=LINE('',#8123,#1639);
#1188=LINE('',#8128,#1640);
#1189=LINE('',#8131,#1641);
#1190=LINE('',#8132,#1642);
#1191=LINE('',#8135,#1643);
#1192=LINE('',#8140,#1644);
#1193=LINE('',#8143,#1645);
#1194=LINE('',#8146,#1646);
#1195=LINE('',#8149,#1647);
#1196=LINE('',#8150,#1648);
#1197=LINE('',#8155,#1649);
#1198=LINE('',#8158,#1650);
#1199=LINE('',#8161,#1651);
#1200=LINE('',#8162,#1652);
#1201=LINE('',#8164,#1653);
#1202=LINE('',#8166,#1654);
#1203=LINE('',#8171,#1655);
#1204=LINE('',#8173,#1656);
#1205=LINE('',#8177,#1657);
#1206=LINE('',#8179,#1658);
#1207=LINE('',#8181,#1659);
#1208=LINE('',#8185,#1660);
#1209=LINE('',#8187,#1661);
#1210=LINE('',#8189,#1662);
#1211=LINE('',#8195,#1663);
#1212=LINE('',#8202,#1664);
#1213=LINE('',#8209,#1665);
#1214=LINE('',#8216,#1666);
#1215=LINE('',#8222,#1667);
#1216=LINE('',#8224,#1668);
#1217=LINE('',#8226,#1669);
#1218=LINE('',#8230,#1670);
#1219=LINE('',#8233,#1671);
#1220=LINE('',#8234,#1672);
#1221=LINE('',#8237,#1673);
#1222=LINE('',#8238,#1674);
#1223=LINE('',#8241,#1675);
#1224=LINE('',#8242,#1676);
#1225=LINE('',#8244,#1677);
#1226=LINE('',#8266,#1678);
#1227=LINE('',#8268,#1679);
#1228=LINE('',#8270,#1680);
#1229=LINE('',#8272,#1681);
#1230=LINE('',#8274,#1682);
#1231=LINE('',#8276,#1683);
#1232=LINE('',#8278,#1684);
#1233=LINE('',#8280,#1685);
#1234=LINE('',#8282,#1686);
#1235=VECTOR('',#5397,10.);
#1236=VECTOR('',#5400,10.);
#1237=VECTOR('',#5403,10.);
#1238=VECTOR('',#5404,10.);
#1239=VECTOR('',#5405,10.);
#1240=VECTOR('',#5406,10.);
#1241=VECTOR('',#5409,10.);
#1242=VECTOR('',#5412,10.);
#1243=VECTOR('',#5415,10.);
#1244=VECTOR('',#5418,10.);
#1245=VECTOR('',#5421,10.);
#1246=VECTOR('',#5424,10.);
#1247=VECTOR('',#5427,10.);
#1248=VECTOR('',#5430,10.);
#1249=VECTOR('',#5433,10.);
#1250=VECTOR('',#5436,10.);
#1251=VECTOR('',#5439,10.);
#1252=VECTOR('',#5444,10.);
#1253=VECTOR('',#5447,10.);
#1254=VECTOR('',#5450,10.);
#1255=VECTOR('',#5453,10.);
#1256=VECTOR('',#5456,10.);
#1257=VECTOR('',#5459,10.);
#1258=VECTOR('',#5462,10.);
#1259=VECTOR('',#5465,10.);
#1260=VECTOR('',#5468,10.);
#1261=VECTOR('',#5471,10.);
#1262=VECTOR('',#5474,10.);
#1263=VECTOR('',#5477,10.);
#1264=VECTOR('',#5480,10.);
#1265=VECTOR('',#5483,10.);
#1266=VECTOR('',#5514,10.);
#1267=VECTOR('',#5517,10.);
#1268=VECTOR('',#5520,10.);
#1269=VECTOR('',#5521,10.);
#1270=VECTOR('',#5522,10.);
#1271=VECTOR('',#5525,10.);
#1272=VECTOR('',#5528,10.);
#1273=VECTOR('',#5531,10.);
#1274=VECTOR('',#5534,10.);
#1275=VECTOR('',#5537,10.);
#1276=VECTOR('',#5540,10.);
#1277=VECTOR('',#5543,10.);
#1278=VECTOR('',#5546,10.);
#1279=VECTOR('',#5549,10.);
#1280=VECTOR('',#5552,10.);
#1281=VECTOR('',#5555,10.);
#1282=VECTOR('',#5562,10.);
#1283=VECTOR('',#5565,10.);
#1284=VECTOR('',#5568,10.);
#1285=VECTOR('',#5571,10.);
#1286=VECTOR('',#5574,10.);
#1287=VECTOR('',#5577,10.);
#1288=VECTOR('',#5580,10.);
#1289=VECTOR('',#5583,10.);
#1290=VECTOR('',#5586,10.);
#1291=VECTOR('',#5589,10.);
#1292=VECTOR('',#5592,10.);
#1293=VECTOR('',#5595,10.);
#1294=VECTOR('',#5598,10.);
#1295=VECTOR('',#5629,10.);
#1296=VECTOR('',#5630,10.);
#1297=VECTOR('',#5633,10.);
#1298=VECTOR('',#5634,10.);
#1299=VECTOR('',#5639,10.);
#1300=VECTOR('',#5640,10.);
#1301=VECTOR('',#5643,10.);
#1302=VECTOR('',#5648,10.);
#1303=VECTOR('',#5649,10.);
#1304=VECTOR('',#5652,10.);
#1305=VECTOR('',#5653,10.);
#1306=VECTOR('',#5658,10.);
#1307=VECTOR('',#5659,10.);
#1308=VECTOR('',#5662,10.);
#1309=VECTOR('',#5663,10.);
#1310=VECTOR('',#5668,10.);
#1311=VECTOR('',#5669,10.);
#1312=VECTOR('',#5672,10.);
#1313=VECTOR('',#5673,10.);
#1314=VECTOR('',#5678,10.);
#1315=VECTOR('',#5681,10.);
#1316=VECTOR('',#5686,10.);
#1317=VECTOR('',#5687,10.);
#1318=VECTOR('',#5690,10.);
#1319=VECTOR('',#5695,10.);
#1320=VECTOR('',#5698,10.);
#1321=VECTOR('',#5699,10.);
#1322=VECTOR('',#5702,10.);
#1323=VECTOR('',#5705,10.);
#1324=VECTOR('',#5708,10.);
#1325=VECTOR('',#5709,10.);
#1326=VECTOR('',#5712,10.);
#1327=VECTOR('',#5715,10.);
#1328=VECTOR('',#5718,10.);
#1329=VECTOR('',#5719,10.);
#1330=VECTOR('',#5722,10.);
#1331=VECTOR('',#5725,10.);
#1332=VECTOR('',#5728,10.);
#1333=VECTOR('',#5731,10.);
#1334=VECTOR('',#5736,10.);
#1335=VECTOR('',#5741,10.);
#1336=VECTOR('',#5742,10.);
#1337=VECTOR('',#5745,10.);
#1338=VECTOR('',#5746,10.);
#1339=VECTOR('',#5751,10.);
#1340=VECTOR('',#5754,10.);
#1341=VECTOR('',#5757,10.);
#1342=VECTOR('',#5760,10.);
#1343=VECTOR('',#5761,10.);
#1344=VECTOR('',#5764,10.);
#1345=VECTOR('',#5769,10.);
#1346=VECTOR('',#5770,10.);
#1347=VECTOR('',#5775,10.);
#1348=VECTOR('',#5778,10.);
#1349=VECTOR('',#5783,10.);
#1350=VECTOR('',#5786,10.);
#1351=VECTOR('',#5787,10.);
#1352=VECTOR('',#5788,10.);
#1353=VECTOR('',#5789,10.);
#1354=VECTOR('',#5790,10.);
#1355=VECTOR('',#5791,10.);
#1356=VECTOR('',#5794,10.);
#1357=VECTOR('',#5795,10.);
#1358=VECTOR('',#5796,10.);
#1359=VECTOR('',#5797,10.);
#1360=VECTOR('',#5798,10.);
#1361=VECTOR('',#5801,10.);
#1362=VECTOR('',#5810,10.);
#1363=VECTOR('',#5813,10.);
#1364=VECTOR('',#5818,10.);
#1365=VECTOR('',#5821,10.);
#1366=VECTOR('',#5826,10.);
#1367=VECTOR('',#5827,10.);
#1368=VECTOR('',#5830,10.);
#1369=VECTOR('',#5835,10.);
#1370=VECTOR('',#5840,10.);
#1371=VECTOR('',#5845,10.);
#1372=VECTOR('',#5848,10.);
#1373=VECTOR('',#5849,10.);
#1374=VECTOR('',#5850,10.);
#1375=VECTOR('',#5851,10.);
#1376=VECTOR('',#5854,10.);
#1377=VECTOR('',#5859,10.);
#1378=VECTOR('',#5862,10.);
#1379=VECTOR('',#5863,10.);
#1380=VECTOR('',#5864,10.);
#1381=VECTOR('',#5865,10.);
#1382=VECTOR('',#5866,10.);
#1383=VECTOR('',#5867,10.);
#1384=VECTOR('',#5868,10.);
#1385=VECTOR('',#5869,10.);
#1386=VECTOR('',#5872,10.);
#1387=VECTOR('',#5873,10.);
#1388=VECTOR('',#5874,10.);
#1389=VECTOR('',#5875,10.);
#1390=VECTOR('',#5876,10.);
#1391=VECTOR('',#5877,10.);
#1392=VECTOR('',#5878,10.);
#1393=VECTOR('',#5879,10.);
#1394=VECTOR('',#5880,10.);
#1395=VECTOR('',#5881,10.);
#1396=VECTOR('',#5886,10.);
#1397=VECTOR('',#5889,10.);
#1398=VECTOR('',#5892,10.);
#1399=VECTOR('',#5893,10.);
#1400=VECTOR('',#5894,10.);
#1401=VECTOR('',#5899,10.);
#1402=VECTOR('',#5902,10.);
#1403=VECTOR('',#5905,10.);
#1404=VECTOR('',#5906,10.);
#1405=VECTOR('',#5907,10.);
#1406=VECTOR('',#5914,10.);
#1407=VECTOR('',#5921,10.);
#1408=VECTOR('',#5926,10.);
#1409=VECTOR('',#5929,10.);
#1410=VECTOR('',#5932,10.);
#1411=VECTOR('',#5933,10.);
#1412=VECTOR('',#5934,10.);
#1413=VECTOR('',#5939,10.);
#1414=VECTOR('',#5942,10.);
#1415=VECTOR('',#5945,10.);
#1416=VECTOR('',#5946,10.);
#1417=VECTOR('',#5947,10.);
#1418=VECTOR('',#5954,10.);
#1419=VECTOR('',#5961,10.);
#1420=VECTOR('',#5966,10.);
#1421=VECTOR('',#5969,10.);
#1422=VECTOR('',#5972,10.);
#1423=VECTOR('',#5973,10.);
#1424=VECTOR('',#5974,10.);
#1425=VECTOR('',#5979,10.);
#1426=VECTOR('',#5982,10.);
#1427=VECTOR('',#5985,10.);
#1428=VECTOR('',#5986,10.);
#1429=VECTOR('',#5987,10.);
#1430=VECTOR('',#5994,10.);
#1431=VECTOR('',#6001,10.);
#1432=VECTOR('',#6006,10.);
#1433=VECTOR('',#6009,10.);
#1434=VECTOR('',#6012,10.);
#1435=VECTOR('',#6013,10.);
#1436=VECTOR('',#6014,10.);
#1437=VECTOR('',#6019,10.);
#1438=VECTOR('',#6022,10.);
#1439=VECTOR('',#6025,10.);
#1440=VECTOR('',#6026,10.);
#1441=VECTOR('',#6027,10.);
#1442=VECTOR('',#6032,10.);
#1443=VECTOR('',#6035,10.);
#1444=VECTOR('',#6038,10.);
#1445=VECTOR('',#6039,10.);
#1446=VECTOR('',#6040,10.);
#1447=VECTOR('',#6045,10.);
#1448=VECTOR('',#6048,10.);
#1449=VECTOR('',#6051,10.);
#1450=VECTOR('',#6052,10.);
#1451=VECTOR('',#6053,10.);
#1452=VECTOR('',#6060,10.);
#1453=VECTOR('',#6067,10.);
#1454=VECTOR('',#6072,10.);
#1455=VECTOR('',#6075,10.);
#1456=VECTOR('',#6078,10.);
#1457=VECTOR('',#6079,10.);
#1458=VECTOR('',#6080,10.);
#1459=VECTOR('',#6085,10.);
#1460=VECTOR('',#6088,10.);
#1461=VECTOR('',#6091,10.);
#1462=VECTOR('',#6092,10.);
#1463=VECTOR('',#6093,10.);
#1464=VECTOR('',#6100,10.);
#1465=VECTOR('',#6107,10.);
#1466=VECTOR('',#6114,10.);
#1467=VECTOR('',#6121,10.);
#1468=VECTOR('',#6124,10.);
#1469=VECTOR('',#6127,10.);
#1470=VECTOR('',#6130,10.);
#1471=VECTOR('',#6133,10.);
#1472=VECTOR('',#6136,10.);
#1473=VECTOR('',#6137,10.);
#1474=VECTOR('',#6138,10.);
#1475=VECTOR('',#6141,10.);
#1476=VECTOR('',#6144,10.);
#1477=VECTOR('',#6145,10.);
#1478=VECTOR('',#6146,10.);
#1479=VECTOR('',#6149,10.);
#1480=VECTOR('',#6150,10.);
#1481=VECTOR('',#6153,10.);
#1482=VECTOR('',#6154,10.);
#1483=VECTOR('',#6159,10.);
#1484=VECTOR('',#6160,10.);
#1485=VECTOR('',#6163,10.);
#1486=VECTOR('',#6166,10.);
#1487=VECTOR('',#6167,10.);
#1488=VECTOR('',#6170,10.);
#1489=VECTOR('',#6173,10.);
#1490=VECTOR('',#6174,10.);
#1491=VECTOR('',#6175,10.);
#1492=VECTOR('',#6176,10.);
#1493=VECTOR('',#6179,10.);
#1494=VECTOR('',#6182,10.);
#1495=VECTOR('',#6183,10.);
#1496=VECTOR('',#6186,10.);
#1497=VECTOR('',#6189,10.);
#1498=VECTOR('',#6192,10.);
#1499=VECTOR('',#6195,10.);
#1500=VECTOR('',#6198,10.);
#1501=VECTOR('',#6201,10.);
#1502=VECTOR('',#6204,10.);
#1503=VECTOR('',#6207,10.);
#1504=VECTOR('',#6210,10.);
#1505=VECTOR('',#6213,10.);
#1506=VECTOR('',#6216,10.);
#1507=VECTOR('',#6219,10.);
#1508=VECTOR('',#6232,10.);
#1509=VECTOR('',#6233,10.);
#1510=VECTOR('',#6236,10.);
#1511=VECTOR('',#6237,10.);
#1512=VECTOR('',#6242,10.);
#1513=VECTOR('',#6243,10.);
#1514=VECTOR('',#6246,10.);
#1515=VECTOR('',#6249,10.);
#1516=VECTOR('',#6250,10.);
#1517=VECTOR('',#6251,10.);
#1518=VECTOR('',#6256,10.);
#1519=VECTOR('',#6261,10.);
#1520=VECTOR('',#6264,10.);
#1521=VECTOR('',#6265,10.);
#1522=VECTOR('',#6268,10.);
#1523=VECTOR('',#6271,10.);
#1524=VECTOR('',#6272,10.);
#1525=VECTOR('',#6273,10.);
#1526=VECTOR('',#6276,10.);
#1527=VECTOR('',#6279,10.);
#1528=VECTOR('',#6282,10.);
#1529=VECTOR('',#6285,10.);
#1530=VECTOR('',#6288,10.);
#1531=VECTOR('',#6291,10.);
#1532=VECTOR('',#6294,10.);
#1533=VECTOR('',#6297,10.);
#1534=VECTOR('',#6300,10.);
#1535=VECTOR('',#6303,10.);
#1536=VECTOR('',#6306,10.);
#1537=VECTOR('',#6309,10.);
#1538=VECTOR('',#6312,10.);
#1539=VECTOR('',#6315,10.);
#1540=VECTOR('',#6318,10.);
#1541=VECTOR('',#6329,10.);
#1542=VECTOR('',#6332,10.);
#1543=VECTOR('',#6353,10.);
#1544=VECTOR('',#6356,10.);
#1545=VECTOR('',#6357,10.);
#1546=VECTOR('',#6360,10.);
#1547=VECTOR('',#6361,10.);
#1548=VECTOR('',#6362,10.);
#1549=VECTOR('',#6365,10.);
#1550=VECTOR('',#6368,10.);
#1551=VECTOR('',#6369,10.);
#1552=VECTOR('',#6372,10.);
#1553=VECTOR('',#6373,10.);
#1554=VECTOR('',#6374,10.);
#1555=VECTOR('',#6377,10.);
#1556=VECTOR('',#6380,10.);
#1557=VECTOR('',#6381,10.);
#1558=VECTOR('',#6384,10.);
#1559=VECTOR('',#6387,10.);
#1560=VECTOR('',#6388,10.);
#1561=VECTOR('',#6389,10.);
#1562=VECTOR('',#6392,10.);
#1563=VECTOR('',#6393,10.);
#1564=VECTOR('',#6396,10.);
#1565=VECTOR('',#6397,10.);
#1566=VECTOR('',#6398,10.);
#1567=VECTOR('',#6401,10.);
#1568=VECTOR('',#6402,10.);
#1569=VECTOR('',#6403,10.);
#1570=VECTOR('',#6406,10.);
#1571=VECTOR('',#6407,10.);
#1572=VECTOR('',#6408,10.);
#1573=VECTOR('',#6409,10.);
#1574=VECTOR('',#6412,10.);
#1575=VECTOR('',#6415,10.);
#1576=VECTOR('',#6416,10.);
#1577=VECTOR('',#6417,10.);
#1578=VECTOR('',#6420,10.);
#1579=VECTOR('',#6423,10.);
#1580=VECTOR('',#6426,10.);
#1581=VECTOR('',#6431,10.);
#1582=VECTOR('',#6438,10.);
#1583=VECTOR('',#6439,10.);
#1584=VECTOR('',#6442,10.);
#1585=VECTOR('',#6447,10.);
#1586=VECTOR('',#6450,10.);
#1587=VECTOR('',#6451,10.);
#1588=VECTOR('',#6458,10.);
#1589=VECTOR('',#6459,10.);
#1590=VECTOR('',#6464,1.00000000000001);
#1591=VECTOR('',#6467,0.999999999999996);
#1592=VECTOR('',#6470,0.999999999999996);
#1593=VECTOR('',#6473,0.999999999999996);
#1594=VECTOR('',#6476,0.999999999999996);
#1595=VECTOR('',#6479,0.999999999999996);
#1596=VECTOR('',#6482,4.);
#1597=VECTOR('',#6485,1.00000000000001);
#1598=VECTOR('',#6488,0.999999999999996);
#1599=VECTOR('',#6493,10.);
#1600=VECTOR('',#6496,10.);
#1601=VECTOR('',#6497,10.);
#1602=VECTOR('',#6502,10.);
#1603=VECTOR('',#6507,10.);
#1604=VECTOR('',#6510,10.);
#1605=VECTOR('',#6511,10.);
#1606=VECTOR('',#6516,10.);
#1607=VECTOR('',#6521,10.);
#1608=VECTOR('',#6524,10.);
#1609=VECTOR('',#6527,10.);
#1610=VECTOR('',#6528,10.);
#1611=VECTOR('',#6529,10.);
#1612=VECTOR('',#6530,10.);
#1613=VECTOR('',#6533,10.);
#1614=VECTOR('',#6536,10.);
#1615=VECTOR('',#6539,10.);
#1616=VECTOR('',#6540,10.);
#1617=VECTOR('',#6541,10.);
#1618=VECTOR('',#6544,10.);
#1619=VECTOR('',#6545,10.);
#1620=VECTOR('',#6548,10.);
#1621=VECTOR('',#6549,10.);
#1622=VECTOR('',#6552,10.);
#1623=VECTOR('',#6557,10.);
#1624=VECTOR('',#6560,10.);
#1625=VECTOR('',#6565,10.);
#1626=VECTOR('',#6568,10.);
#1627=VECTOR('',#6571,10.);
#1628=VECTOR('',#6574,10.);
#1629=VECTOR('',#6581,10.);
#1630=VECTOR('',#6584,10.);
#1631=VECTOR('',#6589,10.);
#1632=VECTOR('',#6592,10.);
#1633=VECTOR('',#6597,10.);
#1634=VECTOR('',#6600,10.);
#1635=VECTOR('',#6607,10.);
#1636=VECTOR('',#6608,10.);
#1637=VECTOR('',#6611,10.);
#1638=VECTOR('',#6612,10.);
#1639=VECTOR('',#6615,10.);
#1640=VECTOR('',#6622,10.);
#1641=VECTOR('',#6625,10.);
#1642=VECTOR('',#6626,10.);
#1643=VECTOR('',#6629,10.);
#1644=VECTOR('',#6636,10.);
#1645=VECTOR('',#6639,10.);
#1646=VECTOR('',#6642,10.);
#1647=VECTOR('',#6645,10.);
#1648=VECTOR('',#6646,10.);
#1649=VECTOR('',#6653,10.);
#1650=VECTOR('',#6656,10.);
#1651=VECTOR('',#6659,10.);
#1652=VECTOR('',#6660,10.);
#1653=VECTOR('',#6663,10.);
#1654=VECTOR('',#6664,10.);
#1655=VECTOR('',#6671,10.);
#1656=VECTOR('',#6674,1.00000000000001);
#1657=VECTOR('',#6679,1.00000000000001);
#1658=VECTOR('',#6682,10.);
#1659=VECTOR('',#6685,10.);
#1660=VECTOR('',#6690,0.999999999999996);
#1661=VECTOR('',#6693,10.);
#1662=VECTOR('',#6696,0.999999999999996);
#1663=VECTOR('',#6705,1.99999999999999);
#1664=VECTOR('',#6714,2.);
#1665=VECTOR('',#6723,2.);
#1666=VECTOR('',#6732,1.99999999999999);
#1667=VECTOR('',#6741,1.00000000000001);
#1668=VECTOR('',#6744,1.00000000000001);
#1669=VECTOR('',#6747,0.999999999999996);
#1670=VECTOR('',#6752,0.999999999999996);
#1671=VECTOR('',#6755,10.);
#1672=VECTOR('',#6756,10.);
#1673=VECTOR('',#6759,10.);
#1674=VECTOR('',#6760,10.);
#1675=VECTOR('',#6763,10.);
#1676=VECTOR('',#6764,10.);
#1677=VECTOR('',#6767,10.);
#1678=VECTOR('',#6792,1.00000000000001);
#1679=VECTOR('',#6795,0.999999999999996);
#1680=VECTOR('',#6798,0.999999999999996);
#1681=VECTOR('',#6801,0.999999999999996);
#1682=VECTOR('',#6804,0.999999999999996);
#1683=VECTOR('',#6807,0.999999999999996);
#1684=VECTOR('',#6810,4.);
#1685=VECTOR('',#6813,1.00000000000001);
#1686=VECTOR('',#6816,0.999999999999996);
#1687=CIRCLE('',#4903,1.);
#1688=CIRCLE('',#4904,1.);
#1689=CIRCLE('',#4906,1.);
#1690=CIRCLE('',#4907,1.);
#1691=CIRCLE('',#4908,1.);
#1692=CIRCLE('',#4909,1.);
#1693=CIRCLE('',#4910,1.);
#1694=CIRCLE('',#4911,1.);
#1695=CIRCLE('',#4912,1.);
#1696=CIRCLE('',#4913,1.);
#1697=CIRCLE('',#4914,1.);
#1698=CIRCLE('',#4915,1.);
#1699=CIRCLE('',#4916,1.);
#1700=CIRCLE('',#4917,1.);
#1701=CIRCLE('',#4919,1.);
#1702=CIRCLE('',#4920,1.);
#1703=CIRCLE('',#4921,1.);
#1704=CIRCLE('',#4922,1.);
#1705=CIRCLE('',#4923,1.);
#1706=CIRCLE('',#4924,1.);
#1707=CIRCLE('',#4925,1.);
#1708=CIRCLE('',#4926,1.);
#1709=CIRCLE('',#4927,1.);
#1710=CIRCLE('',#4928,10.);
#1711=CIRCLE('',#4929,10.);
#1712=CIRCLE('',#4930,9.50000000000001);
#1713=CIRCLE('',#4931,10.);
#1714=CIRCLE('',#4932,10.);
#1715=CIRCLE('',#4933,1.99999999999999);
#1716=CIRCLE('',#4934,2.);
#1717=CIRCLE('',#4935,0.999999999999996);
#1718=CIRCLE('',#4936,0.999999999999996);
#1719=CIRCLE('',#4937,0.999999999999996);
#1720=CIRCLE('',#4938,1.00000000000001);
#1721=CIRCLE('',#4939,4.);
#1722=CIRCLE('',#4940,0.999999999999996);
#1723=CIRCLE('',#4941,0.999999999999996);
#1724=CIRCLE('',#4942,0.999999999999996);
#1725=CIRCLE('',#4943,0.999999999999996);
#1726=CIRCLE('',#4944,0.999999999999996);
#1727=CIRCLE('',#4945,1.00000000000001);
#1728=CIRCLE('',#4947,1.);
#1729=CIRCLE('',#4949,1.);
#1730=CIRCLE('',#4950,1.);
#1731=CIRCLE('',#4951,1.);
#1732=CIRCLE('',#4952,1.);
#1733=CIRCLE('',#4953,1.);
#1734=CIRCLE('',#4954,1.);
#1735=CIRCLE('',#4955,1.);
#1736=CIRCLE('',#4956,1.);
#1737=CIRCLE('',#4957,1.);
#1738=CIRCLE('',#4958,1.);
#1739=CIRCLE('',#4959,1.);
#1740=CIRCLE('',#4960,1.);
#1741=CIRCLE('',#4962,10.);
#1742=CIRCLE('',#4963,10.);
#1743=CIRCLE('',#4964,9.50000000000001);
#1744=CIRCLE('',#4965,10.);
#1745=CIRCLE('',#4966,10.);
#1746=CIRCLE('',#4967,1.);
#1747=CIRCLE('',#4968,1.);
#1748=CIRCLE('',#4969,1.);
#1749=CIRCLE('',#4970,1.);
#1750=CIRCLE('',#4971,1.);
#1751=CIRCLE('',#4972,1.);
#1752=CIRCLE('',#4973,1.);
#1753=CIRCLE('',#4974,1.);
#1754=CIRCLE('',#4975,1.00000000000001);
#1755=CIRCLE('',#4976,0.999999999999996);
#1756=CIRCLE('',#4977,0.999999999999996);
#1757=CIRCLE('',#4978,0.999999999999996);
#1758=CIRCLE('',#4979,0.999999999999996);
#1759=CIRCLE('',#4980,0.999999999999996);
#1760=CIRCLE('',#4981,4.);
#1761=CIRCLE('',#4982,1.00000000000001);
#1762=CIRCLE('',#4983,0.999999999999996);
#1763=CIRCLE('',#4984,1.00000000000001);
#1764=CIRCLE('',#4985,1.00000000000001);
#1765=CIRCLE('',#4986,1.99999999999999);
#1766=CIRCLE('',#4987,2.);
#1767=CIRCLE('',#4989,1.);
#1768=CIRCLE('',#4992,1.);
#1769=CIRCLE('',#4995,1.);
#1770=CIRCLE('',#4998,1.);
#1771=CIRCLE('',#5001,1.);
#1772=CIRCLE('',#5004,1.);
#1773=CIRCLE('',#5007,1.);
#1774=CIRCLE('',#5010,1.);
#1775=CIRCLE('',#5013,1.);
#1776=CIRCLE('',#5016,1.);
#1777=CIRCLE('',#5019,1.);
#1778=CIRCLE('',#5022,1.);
#1779=CIRCLE('',#5025,1.);
#1780=CIRCLE('',#5028,1.);
#1781=CIRCLE('',#5030,1.);
#1782=CIRCLE('',#5033,1.);
#1783=CIRCLE('',#5036,1.);
#1784=CIRCLE('',#5039,1.);
#1785=CIRCLE('',#5041,1.);
#1786=CIRCLE('',#5042,1.);
#1787=CIRCLE('',#5043,1.00000000000001);
#1788=CIRCLE('',#5044,0.999999999999996);
#1789=CIRCLE('',#5046,1.);
#1790=CIRCLE('',#5049,1.);
#1791=CIRCLE('',#5051,1.);
#1792=CIRCLE('',#5054,1.);
#1793=CIRCLE('',#5057,1.);
#1794=CIRCLE('',#5059,1.);
#1795=CIRCLE('',#5061,1.);
#1796=CIRCLE('',#5062,1.00000000000001);
#1797=CIRCLE('',#5067,0.5);
#1798=CIRCLE('',#5068,0.5);
#1799=CIRCLE('',#5071,0.5);
#1800=CIRCLE('',#5072,0.5);
#1801=CIRCLE('',#5075,0.5);
#1802=CIRCLE('',#5076,0.5);
#1803=CIRCLE('',#5078,0.5);
#1804=CIRCLE('',#5079,0.5);
#1805=CIRCLE('',#5081,0.5);
#1806=CIRCLE('',#5082,0.5);
#1807=CIRCLE('',#5085,0.5);
#1808=CIRCLE('',#5086,0.5);
#1809=CIRCLE('',#5089,0.5);
#1810=CIRCLE('',#5090,0.5);
#1811=CIRCLE('',#5092,0.5);
#1812=CIRCLE('',#5093,0.5);
#1813=CIRCLE('',#5095,0.5);
#1814=CIRCLE('',#5096,0.5);
#1815=CIRCLE('',#5099,0.5);
#1816=CIRCLE('',#5100,0.5);
#1817=CIRCLE('',#5103,0.5);
#1818=CIRCLE('',#5104,0.5);
#1819=CIRCLE('',#5106,0.5);
#1820=CIRCLE('',#5107,0.5);
#1821=CIRCLE('',#5109,0.5);
#1822=CIRCLE('',#5110,0.5);
#1823=CIRCLE('',#5113,0.5);
#1824=CIRCLE('',#5114,0.5);
#1825=CIRCLE('',#5117,0.5);
#1826=CIRCLE('',#5118,0.5);
#1827=CIRCLE('',#5121,0.5);
#1828=CIRCLE('',#5122,0.5);
#1829=CIRCLE('',#5125,0.5);
#1830=CIRCLE('',#5126,0.5);
#1831=CIRCLE('',#5128,0.5);
#1832=CIRCLE('',#5129,0.5);
#1833=CIRCLE('',#5131,0.5);
#1834=CIRCLE('',#5132,0.5);
#1835=CIRCLE('',#5135,0.5);
#1836=CIRCLE('',#5136,0.5);
#1837=CIRCLE('',#5139,0.5);
#1838=CIRCLE('',#5140,0.5);
#1839=CIRCLE('',#5142,0.5);
#1840=CIRCLE('',#5143,0.5);
#1841=CIRCLE('',#5145,0.5);
#1842=CIRCLE('',#5146,0.5);
#1843=CIRCLE('',#5148,0.5);
#1844=CIRCLE('',#5149,0.5);
#1845=CIRCLE('',#5152,10.);
#1846=CIRCLE('',#5160,10.);
#1847=CIRCLE('',#5162,1.);
#1848=CIRCLE('',#5163,1.);
#1849=CIRCLE('',#5164,1.);
#1850=CIRCLE('',#5165,4.);
#1851=CIRCLE('',#5166,4.);
#1852=CIRCLE('',#5167,1.);
#1853=CIRCLE('',#5168,1.);
#1854=CIRCLE('',#5169,1.);
#1855=CIRCLE('',#5170,1.);
#1856=CIRCLE('',#5171,1.);
#1857=CIRCLE('',#5172,1.);
#1858=CIRCLE('',#5173,1.);
#1859=CIRCLE('',#5174,1.);
#1860=CIRCLE('',#5175,1.);
#1861=CIRCLE('',#5176,1.);
#1862=CIRCLE('',#5177,1.);
#1863=CIRCLE('',#5178,1.);
#1864=CIRCLE('',#5182,10.);
#1865=CIRCLE('',#5184,10.);
#1866=CIRCLE('',#5191,10.);
#1867=CIRCLE('',#5193,10.);
#1868=CIRCLE('',#5195,4.);
#1869=CIRCLE('',#5196,4.);
#1870=CIRCLE('',#5197,1.);
#1871=CIRCLE('',#5198,1.);
#1872=CIRCLE('',#5199,1.);
#1873=CIRCLE('',#5200,1.);
#1874=CIRCLE('',#5201,1.);
#1875=CIRCLE('',#5202,1.);
#1876=CIRCLE('',#5203,1.);
#1877=CIRCLE('',#5204,1.);
#1878=CIRCLE('',#5205,1.);
#1879=CIRCLE('',#5206,1.);
#1880=CIRCLE('',#5207,1.);
#1881=CIRCLE('',#5208,1.);
#1882=CIRCLE('',#5209,1.);
#1883=CIRCLE('',#5210,1.);
#1884=CIRCLE('',#5211,1.);
#1885=CIRCLE('',#5213,9.50000000000001);
#1886=CIRCLE('',#5215,9.50000000000001);
#1887=CIRCLE('',#5218,0.999999999999996);
#1888=CIRCLE('',#5219,1.00000000000001);
#1889=CIRCLE('',#5220,4.);
#1890=CIRCLE('',#5221,0.999999999999996);
#1891=CIRCLE('',#5222,0.999999999999996);
#1892=CIRCLE('',#5223,0.999999999999996);
#1893=CIRCLE('',#5224,0.999999999999996);
#1894=CIRCLE('',#5225,0.999999999999996);
#1895=CIRCLE('',#5226,1.00000000000001);
#1896=CIRCLE('',#5269,1.);
#1897=CIRCLE('',#5272,1.);
#1898=CIRCLE('',#5274,1.);
#1899=CIRCLE('',#5277,1.);
#1900=CIRCLE('',#5279,1.);
#1901=CIRCLE('',#5308,1.);
#1902=CIRCLE('',#5311,1.);
#1903=CIRCLE('',#5313,1.);
#1904=CIRCLE('',#5316,1.);
#1905=CIRCLE('',#5317,1.00000000000001);
#1906=CIRCLE('',#5320,1.);
#1907=CIRCLE('',#5323,1.);
#1908=CIRCLE('',#5325,1.);
#1909=CIRCLE('',#5328,1.);
#1910=CIRCLE('',#5329,0.999999999999996);
#1911=CIRCLE('',#5333,1.00000000000001);
#1912=CIRCLE('',#5337,0.999999999999996);
#1913=CIRCLE('',#5344,1.99999999999999);
#1914=CIRCLE('',#5346,0.999999999999996);
#1915=CIRCLE('',#5348,2.);
#1916=CIRCLE('',#5350,1.00000000000001);
#1917=CIRCLE('',#5352,2.);
#1918=CIRCLE('',#5354,0.999999999999996);
#1919=CIRCLE('',#5356,1.99999999999999);
#1920=CIRCLE('',#5358,1.00000000000001);
#1921=CIRCLE('',#5363,0.999999999999996);
#1922=CIRCLE('',#5370,1.00000000000001);
#1923=CIRCLE('',#5371,0.999999999999996);
#1924=CIRCLE('',#5372,0.999999999999996);
#1925=CIRCLE('',#5373,0.999999999999996);
#1926=CIRCLE('',#5374,0.999999999999996);
#1927=CIRCLE('',#5375,0.999999999999996);
#1928=CIRCLE('',#5376,4.);
#1929=CIRCLE('',#5377,1.00000000000001);
#1930=CIRCLE('',#5378,0.999999999999996);
#1931=VERTEX_POINT('',#6822);
#1932=VERTEX_POINT('',#6823);
#1933=VERTEX_POINT('',#6825);
#1934=VERTEX_POINT('',#6827);
#1935=VERTEX_POINT('',#6831);
#1936=VERTEX_POINT('',#6833);
#1937=VERTEX_POINT('',#6836);
#1938=VERTEX_POINT('',#6837);
#1939=VERTEX_POINT('',#6839);
#1940=VERTEX_POINT('',#6841);
#1941=VERTEX_POINT('',#6843);
#1942=VERTEX_POINT('',#6845);
#1943=VERTEX_POINT('',#6848);
#1944=VERTEX_POINT('',#6849);
#1945=VERTEX_POINT('',#6851);
#1946=VERTEX_POINT('',#6853);
#1947=VERTEX_POINT('',#6855);
#1948=VERTEX_POINT('',#6857);
#1949=VERTEX_POINT('',#6860);
#1950=VERTEX_POINT('',#6861);
#1951=VERTEX_POINT('',#6863);
#1952=VERTEX_POINT('',#6865);
#1953=VERTEX_POINT('',#6867);
#1954=VERTEX_POINT('',#6869);
#1955=VERTEX_POINT('',#6872);
#1956=VERTEX_POINT('',#6873);
#1957=VERTEX_POINT('',#6875);
#1958=VERTEX_POINT('',#6877);
#1959=VERTEX_POINT('',#6879);
#1960=VERTEX_POINT('',#6881);
#1961=VERTEX_POINT('',#6885);
#1962=VERTEX_POINT('',#6887);
#1963=VERTEX_POINT('',#6889);
#1964=VERTEX_POINT('',#6891);
#1965=VERTEX_POINT('',#6893);
#1966=VERTEX_POINT('',#6895);
#1967=VERTEX_POINT('',#6897);
#1968=VERTEX_POINT('',#6899);
#1969=VERTEX_POINT('',#6901);
#1970=VERTEX_POINT('',#6903);
#1971=VERTEX_POINT('',#6905);
#1972=VERTEX_POINT('',#6907);
#1973=VERTEX_POINT('',#6909);
#1974=VERTEX_POINT('',#6911);
#1975=VERTEX_POINT('',#6913);
#1976=VERTEX_POINT('',#6915);
#1977=VERTEX_POINT('',#6917);
#1978=VERTEX_POINT('',#6919);
#1979=VERTEX_POINT('',#6921);
#1980=VERTEX_POINT('',#6923);
#1981=VERTEX_POINT('',#6925);
#1982=VERTEX_POINT('',#6927);
#1983=VERTEX_POINT('',#6929);
#1984=VERTEX_POINT('',#6931);
#1985=VERTEX_POINT('',#6933);
#1986=VERTEX_POINT('',#6935);
#1987=VERTEX_POINT('',#6937);
#1988=VERTEX_POINT('',#6940);
#1989=VERTEX_POINT('',#6942);
#1990=VERTEX_POINT('',#6944);
#1991=VERTEX_POINT('',#6946);
#1992=VERTEX_POINT('',#6948);
#1993=VERTEX_POINT('',#6950);
#1994=VERTEX_POINT('',#6952);
#1995=VERTEX_POINT('',#6954);
#1996=VERTEX_POINT('',#6956);
#1997=VERTEX_POINT('',#6958);
#1998=VERTEX_POINT('',#6960);
#1999=VERTEX_POINT('',#6962);
#2000=VERTEX_POINT('',#6964);
#2001=VERTEX_POINT('',#6967);
#2002=VERTEX_POINT('',#6969);
#2003=VERTEX_POINT('',#6973);
#2004=VERTEX_POINT('',#6976);
#2005=VERTEX_POINT('',#6977);
#2006=VERTEX_POINT('',#6979);
#2007=VERTEX_POINT('',#6981);
#2008=VERTEX_POINT('',#6983);
#2009=VERTEX_POINT('',#6985);
#2010=VERTEX_POINT('',#6988);
#2011=VERTEX_POINT('',#6989);
#2012=VERTEX_POINT('',#6991);
#2013=VERTEX_POINT('',#6993);
#2014=VERTEX_POINT('',#6995);
#2015=VERTEX_POINT('',#6997);
#2016=VERTEX_POINT('',#7000);
#2017=VERTEX_POINT('',#7001);
#2018=VERTEX_POINT('',#7003);
#2019=VERTEX_POINT('',#7005);
#2020=VERTEX_POINT('',#7007);
#2021=VERTEX_POINT('',#7009);
#2022=VERTEX_POINT('',#7012);
#2023=VERTEX_POINT('',#7013);
#2024=VERTEX_POINT('',#7015);
#2025=VERTEX_POINT('',#7017);
#2026=VERTEX_POINT('',#7019);
#2027=VERTEX_POINT('',#7021);
#2028=VERTEX_POINT('',#7025);
#2029=VERTEX_POINT('',#7027);
#2030=VERTEX_POINT('',#7029);
#2031=VERTEX_POINT('',#7031);
#2032=VERTEX_POINT('',#7033);
#2033=VERTEX_POINT('',#7035);
#2034=VERTEX_POINT('',#7037);
#2035=VERTEX_POINT('',#7039);
#2036=VERTEX_POINT('',#7042);
#2037=VERTEX_POINT('',#7044);
#2038=VERTEX_POINT('',#7046);
#2039=VERTEX_POINT('',#7048);
#2040=VERTEX_POINT('',#7050);
#2041=VERTEX_POINT('',#7052);
#2042=VERTEX_POINT('',#7054);
#2043=VERTEX_POINT('',#7056);
#2044=VERTEX_POINT('',#7058);
#2045=VERTEX_POINT('',#7060);
#2046=VERTEX_POINT('',#7062);
#2047=VERTEX_POINT('',#7064);
#2048=VERTEX_POINT('',#7066);
#2049=VERTEX_POINT('',#7068);
#2050=VERTEX_POINT('',#7070);
#2051=VERTEX_POINT('',#7072);
#2052=VERTEX_POINT('',#7075);
#2053=VERTEX_POINT('',#7077);
#2054=VERTEX_POINT('',#7079);
#2055=VERTEX_POINT('',#7081);
#2056=VERTEX_POINT('',#7083);
#2057=VERTEX_POINT('',#7085);
#2058=VERTEX_POINT('',#7087);
#2059=VERTEX_POINT('',#7089);
#2060=VERTEX_POINT('',#7091);
#2061=VERTEX_POINT('',#7093);
#2062=VERTEX_POINT('',#7095);
#2063=VERTEX_POINT('',#7097);
#2064=VERTEX_POINT('',#7099);
#2065=VERTEX_POINT('',#7102);
#2066=VERTEX_POINT('',#7103);
#2067=VERTEX_POINT('',#7108);
#2068=VERTEX_POINT('',#7112);
#2069=VERTEX_POINT('',#7113);
#2070=VERTEX_POINT('',#7120);
#2071=VERTEX_POINT('',#7121);
#2072=VERTEX_POINT('',#7126);
#2073=VERTEX_POINT('',#7130);
#2074=VERTEX_POINT('',#7131);
#2075=VERTEX_POINT('',#7136);
#2076=VERTEX_POINT('',#7140);
#2077=VERTEX_POINT('',#7141);
#2078=VERTEX_POINT('',#7146);
#2079=VERTEX_POINT('',#7150);
#2080=VERTEX_POINT('',#7156);
#2081=VERTEX_POINT('',#7157);
#2082=VERTEX_POINT('',#7164);
#2083=VERTEX_POINT('',#7168);
#2084=VERTEX_POINT('',#7172);
#2085=VERTEX_POINT('',#7174);
#2086=VERTEX_POINT('',#7178);
#2087=VERTEX_POINT('',#7182);
#2088=VERTEX_POINT('',#7184);
#2089=VERTEX_POINT('',#7188);
#2090=VERTEX_POINT('',#7192);
#2091=VERTEX_POINT('',#7194);
#2092=VERTEX_POINT('',#7200);
#2093=VERTEX_POINT('',#7206);
#2094=VERTEX_POINT('',#7207);
#2095=VERTEX_POINT('',#7212);
#2096=VERTEX_POINT('',#7216);
#2097=VERTEX_POINT('',#7220);
#2098=VERTEX_POINT('',#7222);
#2099=VERTEX_POINT('',#7226);
#2100=VERTEX_POINT('',#7230);
#2101=VERTEX_POINT('',#7234);
#2102=VERTEX_POINT('',#7238);
#2103=VERTEX_POINT('',#7244);
#2104=VERTEX_POINT('',#7248);
#2105=VERTEX_POINT('',#7250);
#2106=VERTEX_POINT('',#7252);
#2107=VERTEX_POINT('',#7254);
#2108=VERTEX_POINT('',#7257);
#2109=VERTEX_POINT('',#7259);
#2110=VERTEX_POINT('',#7261);
#2111=VERTEX_POINT('',#7263);
#2112=VERTEX_POINT('',#7265);
#2113=VERTEX_POINT('',#7267);
#2114=VERTEX_POINT('',#7269);
#2115=VERTEX_POINT('',#7271);
#2116=VERTEX_POINT('',#7274);
#2117=VERTEX_POINT('',#7276);
#2118=VERTEX_POINT('',#7279);
#2119=VERTEX_POINT('',#7285);
#2120=VERTEX_POINT('',#7289);
#2121=VERTEX_POINT('',#7293);
#2122=VERTEX_POINT('',#7297);
#2123=VERTEX_POINT('',#7303);
#2124=VERTEX_POINT('',#7307);
#2125=VERTEX_POINT('',#7311);
#2126=VERTEX_POINT('',#7313);
#2127=VERTEX_POINT('',#7315);
#2128=VERTEX_POINT('',#7317);
#2129=VERTEX_POINT('',#7319);
#2130=VERTEX_POINT('',#7322);
#2131=VERTEX_POINT('',#7328);
#2132=VERTEX_POINT('',#7330);
#2133=VERTEX_POINT('',#7332);
#2134=VERTEX_POINT('',#7334);
#2135=VERTEX_POINT('',#7340);
#2136=VERTEX_POINT('',#7342);
#2137=VERTEX_POINT('',#7346);
#2138=VERTEX_POINT('',#7348);
#2139=VERTEX_POINT('',#7350);
#2140=VERTEX_POINT('',#7352);
#2141=VERTEX_POINT('',#7357);
#2142=VERTEX_POINT('',#7358);
#2143=VERTEX_POINT('',#7360);
#2144=VERTEX_POINT('',#7362);
#2145=VERTEX_POINT('',#7366);
#2146=VERTEX_POINT('',#7368);
#2147=VERTEX_POINT('',#7372);
#2148=VERTEX_POINT('',#7373);
#2149=VERTEX_POINT('',#7375);
#2150=VERTEX_POINT('',#7377);
#2151=VERTEX_POINT('',#7381);
#2152=VERTEX_POINT('',#7383);
#2153=VERTEX_POINT('',#7387);
#2154=VERTEX_POINT('',#7389);
#2155=VERTEX_POINT('',#7393);
#2156=VERTEX_POINT('',#7395);
#2157=VERTEX_POINT('',#7399);
#2158=VERTEX_POINT('',#7400);
#2159=VERTEX_POINT('',#7402);
#2160=VERTEX_POINT('',#7404);
#2161=VERTEX_POINT('',#7408);
#2162=VERTEX_POINT('',#7410);
#2163=VERTEX_POINT('',#7414);
#2164=VERTEX_POINT('',#7415);
#2165=VERTEX_POINT('',#7417);
#2166=VERTEX_POINT('',#7419);
#2167=VERTEX_POINT('',#7423);
#2168=VERTEX_POINT('',#7425);
#2169=VERTEX_POINT('',#7429);
#2170=VERTEX_POINT('',#7431);
#2171=VERTEX_POINT('',#7435);
#2172=VERTEX_POINT('',#7437);
#2173=VERTEX_POINT('',#7441);
#2174=VERTEX_POINT('',#7442);
#2175=VERTEX_POINT('',#7444);
#2176=VERTEX_POINT('',#7446);
#2177=VERTEX_POINT('',#7450);
#2178=VERTEX_POINT('',#7452);
#2179=VERTEX_POINT('',#7456);
#2180=VERTEX_POINT('',#7457);
#2181=VERTEX_POINT('',#7459);
#2182=VERTEX_POINT('',#7461);
#2183=VERTEX_POINT('',#7465);
#2184=VERTEX_POINT('',#7467);
#2185=VERTEX_POINT('',#7471);
#2186=VERTEX_POINT('',#7473);
#2187=VERTEX_POINT('',#7477);
#2188=VERTEX_POINT('',#7479);
#2189=VERTEX_POINT('',#7483);
#2190=VERTEX_POINT('',#7484);
#2191=VERTEX_POINT('',#7486);
#2192=VERTEX_POINT('',#7488);
#2193=VERTEX_POINT('',#7492);
#2194=VERTEX_POINT('',#7494);
#2195=VERTEX_POINT('',#7498);
#2196=VERTEX_POINT('',#7499);
#2197=VERTEX_POINT('',#7501);
#2198=VERTEX_POINT('',#7503);
#2199=VERTEX_POINT('',#7507);
#2200=VERTEX_POINT('',#7509);
#2201=VERTEX_POINT('',#7513);
#2202=VERTEX_POINT('',#7514);
#2203=VERTEX_POINT('',#7516);
#2204=VERTEX_POINT('',#7518);
#2205=VERTEX_POINT('',#7522);
#2206=VERTEX_POINT('',#7524);
#2207=VERTEX_POINT('',#7528);
#2208=VERTEX_POINT('',#7529);
#2209=VERTEX_POINT('',#7531);
#2210=VERTEX_POINT('',#7533);
#2211=VERTEX_POINT('',#7537);
#2212=VERTEX_POINT('',#7539);
#2213=VERTEX_POINT('',#7543);
#2214=VERTEX_POINT('',#7545);
#2215=VERTEX_POINT('',#7549);
#2216=VERTEX_POINT('',#7551);
#2217=VERTEX_POINT('',#7555);
#2218=VERTEX_POINT('',#7556);
#2219=VERTEX_POINT('',#7558);
#2220=VERTEX_POINT('',#7560);
#2221=VERTEX_POINT('',#7564);
#2222=VERTEX_POINT('',#7566);
#2223=VERTEX_POINT('',#7570);
#2224=VERTEX_POINT('',#7571);
#2225=VERTEX_POINT('',#7573);
#2226=VERTEX_POINT('',#7575);
#2227=VERTEX_POINT('',#7579);
#2228=VERTEX_POINT('',#7581);
#2229=VERTEX_POINT('',#7585);
#2230=VERTEX_POINT('',#7587);
#2231=VERTEX_POINT('',#7591);
#2232=VERTEX_POINT('',#7593);
#2233=VERTEX_POINT('',#7597);
#2234=VERTEX_POINT('',#7599);
#2235=VERTEX_POINT('',#7603);
#2236=VERTEX_POINT('',#7605);
#2237=VERTEX_POINT('',#7609);
#2238=VERTEX_POINT('',#7611);
#2239=VERTEX_POINT('',#7613);
#2240=VERTEX_POINT('',#7630);
#2241=VERTEX_POINT('',#7632);
#2242=VERTEX_POINT('',#7643);
#2243=VERTEX_POINT('',#7647);
#2244=VERTEX_POINT('',#7649);
#2245=VERTEX_POINT('',#7651);
#2246=VERTEX_POINT('',#7653);
#2247=VERTEX_POINT('',#7655);
#2248=VERTEX_POINT('',#7657);
#2249=VERTEX_POINT('',#7659);
#2250=VERTEX_POINT('',#7661);
#2251=VERTEX_POINT('',#7667);
#2252=VERTEX_POINT('',#7669);
#2253=VERTEX_POINT('',#7671);
#2254=VERTEX_POINT('',#7673);
#2255=VERTEX_POINT('',#7677);
#2256=VERTEX_POINT('',#7678);
#2257=VERTEX_POINT('',#7683);
#2258=VERTEX_POINT('',#7686);
#2259=VERTEX_POINT('',#7688);
#2260=VERTEX_POINT('',#7690);
#2261=VERTEX_POINT('',#7692);
#2262=VERTEX_POINT('',#7694);
#2263=VERTEX_POINT('',#7696);
#2264=VERTEX_POINT('',#7699);
#2265=VERTEX_POINT('',#7701);
#2266=VERTEX_POINT('',#7703);
#2267=VERTEX_POINT('',#7705);
#2268=VERTEX_POINT('',#7707);
#2269=VERTEX_POINT('',#7709);
#2270=VERTEX_POINT('',#7712);
#2271=VERTEX_POINT('',#7713);
#2272=VERTEX_POINT('',#7715);
#2273=VERTEX_POINT('',#7717);
#2274=VERTEX_POINT('',#7719);
#2275=VERTEX_POINT('',#7721);
#2276=VERTEX_POINT('',#7724);
#2277=VERTEX_POINT('',#7725);
#2278=VERTEX_POINT('',#7727);
#2279=VERTEX_POINT('',#7729);
#2280=VERTEX_POINT('',#7731);
#2281=VERTEX_POINT('',#7733);
#2282=VERTEX_POINT('',#7736);
#2283=VERTEX_POINT('',#7737);
#2284=VERTEX_POINT('',#7739);
#2285=VERTEX_POINT('',#7741);
#2286=VERTEX_POINT('',#7743);
#2287=VERTEX_POINT('',#7745);
#2288=VERTEX_POINT('',#7748);
#2289=VERTEX_POINT('',#7749);
#2290=VERTEX_POINT('',#7751);
#2291=VERTEX_POINT('',#7753);
#2292=VERTEX_POINT('',#7755);
#2293=VERTEX_POINT('',#7757);
#2294=VERTEX_POINT('',#7765);
#2295=VERTEX_POINT('',#7766);
#2296=VERTEX_POINT('',#7771);
#2297=VERTEX_POINT('',#7775);
#2298=VERTEX_POINT('',#7776);
#2299=VERTEX_POINT('',#7781);
#2300=VERTEX_POINT('',#7783);
#2301=VERTEX_POINT('',#7785);
#2302=VERTEX_POINT('',#7790);
#2303=VERTEX_POINT('',#7792);
#2304=VERTEX_POINT('',#7803);
#2305=VERTEX_POINT('',#7822);
#2306=VERTEX_POINT('',#7826);
#2307=VERTEX_POINT('',#7828);
#2308=VERTEX_POINT('',#7830);
#2309=VERTEX_POINT('',#7832);
#2310=VERTEX_POINT('',#7834);
#2311=VERTEX_POINT('',#7836);
#2312=VERTEX_POINT('',#7839);
#2313=VERTEX_POINT('',#7841);
#2314=VERTEX_POINT('',#7843);
#2315=VERTEX_POINT('',#7845);
#2316=VERTEX_POINT('',#7848);
#2317=VERTEX_POINT('',#7851);
#2318=VERTEX_POINT('',#7852);
#2319=VERTEX_POINT('',#7854);
#2320=VERTEX_POINT('',#7856);
#2321=VERTEX_POINT('',#7858);
#2322=VERTEX_POINT('',#7860);
#2323=VERTEX_POINT('',#7863);
#2324=VERTEX_POINT('',#7864);
#2325=VERTEX_POINT('',#7866);
#2326=VERTEX_POINT('',#7868);
#2327=VERTEX_POINT('',#7870);
#2328=VERTEX_POINT('',#7872);
#2329=VERTEX_POINT('',#7875);
#2330=VERTEX_POINT('',#7876);
#2331=VERTEX_POINT('',#7878);
#2332=VERTEX_POINT('',#7880);
#2333=VERTEX_POINT('',#7882);
#2334=VERTEX_POINT('',#7884);
#2335=VERTEX_POINT('',#7887);
#2336=VERTEX_POINT('',#7888);
#2337=VERTEX_POINT('',#7890);
#2338=VERTEX_POINT('',#7892);
#2339=VERTEX_POINT('',#7894);
#2340=VERTEX_POINT('',#7896);
#2341=VERTEX_POINT('',#7907);
#2342=VERTEX_POINT('',#7909);
#2343=VERTEX_POINT('',#7911);
#2344=VERTEX_POINT('',#7913);
#2345=VERTEX_POINT('',#7915);
#2346=VERTEX_POINT('',#7917);
#2347=VERTEX_POINT('',#7919);
#2348=VERTEX_POINT('',#7921);
#2349=VERTEX_POINT('',#7923);
#2350=VERTEX_POINT('',#8023);
#2351=VERTEX_POINT('',#8027);
#2352=VERTEX_POINT('',#8031);
#2353=VERTEX_POINT('',#8035);
#2354=VERTEX_POINT('',#8039);
#2355=VERTEX_POINT('',#8043);
#2356=VERTEX_POINT('',#8047);
#2357=VERTEX_POINT('',#8053);
#2358=VERTEX_POINT('',#8055);
#2359=VERTEX_POINT('',#8057);
#2360=VERTEX_POINT('',#8065);
#2361=VERTEX_POINT('',#8067);
#2362=VERTEX_POINT('',#8071);
#2363=VERTEX_POINT('',#8075);
#2364=VERTEX_POINT('',#8112);
#2365=VERTEX_POINT('',#8113);
#2366=VERTEX_POINT('',#8118);
#2367=VERTEX_POINT('',#8122);
#2368=VERTEX_POINT('',#8126);
#2369=VERTEX_POINT('',#8130);
#2370=VERTEX_POINT('',#8134);
#2371=VERTEX_POINT('',#8137);
#2372=VERTEX_POINT('',#8142);
#2373=VERTEX_POINT('',#8144);
#2374=VERTEX_POINT('',#8148);
#2375=VERTEX_POINT('',#8154);
#2376=VERTEX_POINT('',#8156);
#2377=VERTEX_POINT('',#8160);
#2378=VERTEX_POINT('',#8165);
#2379=VERTEX_POINT('',#8168);
#2380=VERTEX_POINT('',#8175);
#2381=VERTEX_POINT('',#8183);
#2382=VERTEX_POINT('',#8194);
#2383=VERTEX_POINT('',#8198);
#2384=VERTEX_POINT('',#8201);
#2385=VERTEX_POINT('',#8205);
#2386=VERTEX_POINT('',#8208);
#2387=VERTEX_POINT('',#8212);
#2388=VERTEX_POINT('',#8215);
#2389=VERTEX_POINT('',#8219);
#2390=VERTEX_POINT('',#8228);
#2391=VERTEX_POINT('',#8232);
#2392=VERTEX_POINT('',#8236);
#2393=VERTEX_POINT('',#8240);
#2394=VERTEX_POINT('',#8247);
#2395=VERTEX_POINT('',#8249);
#2396=VERTEX_POINT('',#8251);
#2397=VERTEX_POINT('',#8253);
#2398=VERTEX_POINT('',#8255);
#2399=VERTEX_POINT('',#8257);
#2400=VERTEX_POINT('',#8259);
#2401=VERTEX_POINT('',#8261);
#2402=VERTEX_POINT('',#8263);
#2403=EDGE_CURVE('',#1931,#1932,#1687,.T.);
#2404=EDGE_CURVE('',#1932,#1933,#783,.T.);
#2405=EDGE_CURVE('',#1933,#1934,#1688,.T.);
#2406=EDGE_CURVE('',#1934,#1931,#784,.T.);
#2407=EDGE_CURVE('',#1935,#1934,#785,.T.);
#2408=EDGE_CURVE('',#1936,#1935,#786,.T.);
#2409=EDGE_CURVE('',#1936,#1931,#787,.T.);
#2410=EDGE_CURVE('',#1937,#1938,#788,.T.);
#2411=EDGE_CURVE('',#1939,#1938,#1689,.T.);
#2412=EDGE_CURVE('',#1939,#1940,#789,.T.);
#2413=EDGE_CURVE('',#1941,#1940,#1690,.T.);
#2414=EDGE_CURVE('',#1941,#1942,#790,.T.);
#2415=EDGE_CURVE('',#1937,#1942,#1691,.T.);
#2416=EDGE_CURVE('',#1943,#1944,#791,.T.);
#2417=EDGE_CURVE('',#1945,#1944,#1692,.T.);
#2418=EDGE_CURVE('',#1945,#1946,#792,.T.);
#2419=EDGE_CURVE('',#1947,#1946,#1693,.T.);
#2420=EDGE_CURVE('',#1947,#1948,#793,.T.);
#2421=EDGE_CURVE('',#1943,#1948,#1694,.T.);
#2422=EDGE_CURVE('',#1949,#1950,#794,.T.);
#2423=EDGE_CURVE('',#1951,#1950,#1695,.T.);
#2424=EDGE_CURVE('',#1951,#1952,#795,.T.);
#2425=EDGE_CURVE('',#1953,#1952,#1696,.T.);
#2426=EDGE_CURVE('',#1953,#1954,#796,.T.);
#2427=EDGE_CURVE('',#1949,#1954,#1697,.T.);
#2428=EDGE_CURVE('',#1955,#1956,#797,.T.);
#2429=EDGE_CURVE('',#1957,#1956,#1698,.T.);
#2430=EDGE_CURVE('',#1957,#1958,#798,.T.);
#2431=EDGE_CURVE('',#1959,#1958,#1699,.T.);
#2432=EDGE_CURVE('',#1959,#1960,#799,.T.);
#2433=EDGE_CURVE('',#1955,#1960,#1700,.T.);
#2434=EDGE_CURVE('',#1961,#1933,#800,.T.);
#2435=EDGE_CURVE('',#1962,#1961,#1701,.T.);
#2436=EDGE_CURVE('',#1963,#1962,#801,.T.);
#2437=EDGE_CURVE('',#1964,#1963,#1702,.T.);
#2438=EDGE_CURVE('',#1965,#1964,#802,.T.);
#2439=EDGE_CURVE('',#1966,#1965,#1703,.T.);
#2440=EDGE_CURVE('',#1967,#1966,#803,.T.);
#2441=EDGE_CURVE('',#1968,#1967,#1704,.T.);
#2442=EDGE_CURVE('',#1969,#1968,#804,.T.);
#2443=EDGE_CURVE('',#1970,#1969,#1705,.T.);
#2444=EDGE_CURVE('',#1970,#1971,#805,.T.);
#2445=EDGE_CURVE('',#1972,#1971,#1706,.T.);
#2446=EDGE_CURVE('',#1972,#1973,#806,.T.);
#2447=EDGE_CURVE('',#1974,#1973,#1707,.T.);
#2448=EDGE_CURVE('',#1974,#1975,#807,.T.);
#2449=EDGE_CURVE('',#1976,#1975,#1708,.T.);
#2450=EDGE_CURVE('',#1977,#1976,#808,.T.);
#2451=EDGE_CURVE('',#1978,#1977,#1709,.T.);
#2452=EDGE_CURVE('',#1978,#1979,#809,.T.);
#2453=EDGE_CURVE('',#1980,#1979,#1710,.T.);
#2454=EDGE_CURVE('',#1980,#1981,#810,.T.);
#2455=EDGE_CURVE('',#1982,#1981,#1711,.T.);
#2456=EDGE_CURVE('',#1982,#1983,#811,.T.);
#2457=EDGE_CURVE('',#1983,#1984,#1712,.T.);
#2458=EDGE_CURVE('',#1984,#1985,#812,.T.);
#2459=EDGE_CURVE('',#1986,#1985,#1713,.T.);
#2460=EDGE_CURVE('',#1986,#1987,#813,.T.);
#2461=EDGE_CURVE('',#1935,#1987,#1714,.T.);
#2462=EDGE_CURVE('',#1988,#1988,#1715,.T.);
#2463=EDGE_CURVE('',#1989,#1989,#1716,.T.);
#2464=EDGE_CURVE('',#1990,#1990,#1717,.T.);
#2465=EDGE_CURVE('',#1991,#1991,#1718,.T.);
#2466=EDGE_CURVE('',#1992,#1992,#1719,.T.);
#2467=EDGE_CURVE('',#1993,#1993,#1720,.T.);
#2468=EDGE_CURVE('',#1994,#1994,#1721,.T.);
#2469=EDGE_CURVE('',#1995,#1995,#1722,.T.);
#2470=EDGE_CURVE('',#1996,#1996,#1723,.T.);
#2471=EDGE_CURVE('',#1997,#1997,#1724,.T.);
#2472=EDGE_CURVE('',#1998,#1998,#1725,.T.);
#2473=EDGE_CURVE('',#1999,#1999,#1726,.T.);
#2474=EDGE_CURVE('',#2000,#2000,#1727,.T.);
#2475=EDGE_CURVE('',#1977,#2001,#814,.T.);
#2476=EDGE_CURVE('',#2001,#2002,#1728,.T.);
#2477=EDGE_CURVE('',#2002,#1978,#815,.T.);
#2478=EDGE_CURVE('',#2003,#2002,#816,.T.);
#2479=EDGE_CURVE('',#1979,#2003,#817,.T.);
#2480=EDGE_CURVE('',#2004,#2005,#818,.T.);
#2481=EDGE_CURVE('',#2006,#2005,#1729,.T.);
#2482=EDGE_CURVE('',#2006,#2007,#819,.T.);
#2483=EDGE_CURVE('',#2008,#2007,#1730,.T.);
#2484=EDGE_CURVE('',#2008,#2009,#820,.T.);
#2485=EDGE_CURVE('',#2004,#2009,#1731,.T.);
#2486=EDGE_CURVE('',#2010,#2011,#821,.T.);
#2487=EDGE_CURVE('',#2012,#2011,#1732,.T.);
#2488=EDGE_CURVE('',#2012,#2013,#822,.T.);
#2489=EDGE_CURVE('',#2014,#2013,#1733,.T.);
#2490=EDGE_CURVE('',#2014,#2015,#823,.T.);
#2491=EDGE_CURVE('',#2010,#2015,#1734,.T.);
#2492=EDGE_CURVE('',#2016,#2017,#824,.T.);
#2493=EDGE_CURVE('',#2018,#2017,#1735,.T.);
#2494=EDGE_CURVE('',#2018,#2019,#825,.T.);
#2495=EDGE_CURVE('',#2020,#2019,#1736,.T.);
#2496=EDGE_CURVE('',#2020,#2021,#826,.T.);
#2497=EDGE_CURVE('',#2016,#2021,#1737,.T.);
#2498=EDGE_CURVE('',#2022,#2023,#827,.T.);
#2499=EDGE_CURVE('',#2024,#2023,#1738,.T.);
#2500=EDGE_CURVE('',#2024,#2025,#828,.T.);
#2501=EDGE_CURVE('',#2026,#2025,#1739,.T.);
#2502=EDGE_CURVE('',#2026,#2027,#829,.T.);
#2503=EDGE_CURVE('',#2022,#2027,#1740,.T.);
#2504=EDGE_CURVE('',#2028,#1936,#1741,.T.);
#2505=EDGE_CURVE('',#2028,#2029,#830,.T.);
#2506=EDGE_CURVE('',#2030,#2029,#1742,.T.);
#2507=EDGE_CURVE('',#2030,#2031,#831,.T.);
#2508=EDGE_CURVE('',#2031,#2032,#1743,.T.);
#2509=EDGE_CURVE('',#2032,#2033,#832,.T.);
#2510=EDGE_CURVE('',#2034,#2033,#1744,.T.);
#2511=EDGE_CURVE('',#2034,#2035,#833,.T.);
#2512=EDGE_CURVE('',#2003,#2035,#1745,.T.);
#2513=EDGE_CURVE('',#2036,#2001,#834,.T.);
#2514=EDGE_CURVE('',#2037,#2036,#1746,.T.);
#2515=EDGE_CURVE('',#2038,#2037,#835,.T.);
#2516=EDGE_CURVE('',#2039,#2038,#1747,.T.);
#2517=EDGE_CURVE('',#2040,#2039,#836,.T.);
#2518=EDGE_CURVE('',#2041,#2040,#1748,.T.);
#2519=EDGE_CURVE('',#2042,#2041,#837,.T.);
#2520=EDGE_CURVE('',#2043,#2042,#1749,.T.);
#2521=EDGE_CURVE('',#2044,#2043,#838,.T.);
#2522=EDGE_CURVE('',#2045,#2044,#1750,.T.);
#2523=EDGE_CURVE('',#2045,#2046,#839,.T.);
#2524=EDGE_CURVE('',#2047,#2046,#1751,.T.);
#2525=EDGE_CURVE('',#2047,#2048,#840,.T.);
#2526=EDGE_CURVE('',#2049,#2048,#1752,.T.);
#2527=EDGE_CURVE('',#2049,#2050,#841,.T.);
#2528=EDGE_CURVE('',#2051,#2050,#1753,.T.);
#2529=EDGE_CURVE('',#1932,#2051,#842,.T.);
#2530=EDGE_CURVE('',#2052,#2052,#1754,.T.);
#2531=EDGE_CURVE('',#2053,#2053,#1755,.T.);
#2532=EDGE_CURVE('',#2054,#2054,#1756,.T.);
#2533=EDGE_CURVE('',#2055,#2055,#1757,.T.);
#2534=EDGE_CURVE('',#2056,#2056,#1758,.T.);
#2535=EDGE_CURVE('',#2057,#2057,#1759,.T.);
#2536=EDGE_CURVE('',#2058,#2058,#1760,.T.);
#2537=EDGE_CURVE('',#2059,#2059,#1761,.T.);
#2538=EDGE_CURVE('',#2060,#2060,#1762,.T.);
#2539=EDGE_CURVE('',#2061,#2061,#1763,.T.);
#2540=EDGE_CURVE('',#2062,#2062,#1764,.T.);
#2541=EDGE_CURVE('',#2063,#2063,#1765,.T.);
#2542=EDGE_CURVE('',#2064,#2064,#1766,.T.);
#2543=EDGE_CURVE('',#2065,#2066,#1767,.T.);
#2544=EDGE_CURVE('',#2066,#1945,#843,.T.);
#2545=EDGE_CURVE('',#1944,#2065,#844,.T.);
#2546=EDGE_CURVE('',#2067,#2066,#845,.T.);
#2547=EDGE_CURVE('',#1946,#2067,#846,.T.);
#2548=EDGE_CURVE('',#2068,#2069,#1768,.T.);
#2549=EDGE_CURVE('',#2069,#1943,#847,.T.);
#2550=EDGE_CURVE('',#1948,#2068,#848,.T.);
#2551=EDGE_CURVE('',#2065,#2069,#849,.T.);
#2552=EDGE_CURVE('',#2070,#2071,#1769,.T.);
#2553=EDGE_CURVE('',#2071,#1949,#850,.T.);
#2554=EDGE_CURVE('',#1954,#2070,#851,.T.);
#2555=EDGE_CURVE('',#2072,#2071,#852,.T.);
#2556=EDGE_CURVE('',#1950,#2072,#853,.T.);
#2557=EDGE_CURVE('',#2073,#2074,#1770,.T.);
#2558=EDGE_CURVE('',#2074,#1941,#854,.T.);
#2559=EDGE_CURVE('',#1940,#2073,#855,.T.);
#2560=EDGE_CURVE('',#2075,#2074,#856,.T.);
#2561=EDGE_CURVE('',#1942,#2075,#857,.T.);
#2562=EDGE_CURVE('',#2076,#2077,#1771,.T.);
#2563=EDGE_CURVE('',#2077,#1957,#858,.T.);
#2564=EDGE_CURVE('',#1956,#2076,#859,.T.);
#2565=EDGE_CURVE('',#2078,#2077,#860,.T.);
#2566=EDGE_CURVE('',#1958,#2078,#861,.T.);
#2567=EDGE_CURVE('',#2067,#2079,#1772,.T.);
#2568=EDGE_CURVE('',#2079,#1947,#862,.T.);
#2569=EDGE_CURVE('',#2068,#2079,#863,.T.);
#2570=EDGE_CURVE('',#2080,#2081,#1773,.T.);
#2571=EDGE_CURVE('',#2081,#1953,#864,.T.);
#2572=EDGE_CURVE('',#1952,#2080,#865,.T.);
#2573=EDGE_CURVE('',#2070,#2081,#866,.T.);
#2574=EDGE_CURVE('',#2078,#2082,#1774,.T.);
#2575=EDGE_CURVE('',#2082,#1959,#867,.T.);
#2576=EDGE_CURVE('',#2083,#2082,#868,.T.);
#2577=EDGE_CURVE('',#1960,#2083,#869,.T.);
#2578=EDGE_CURVE('',#2019,#2084,#870,.T.);
#2579=EDGE_CURVE('',#2084,#2085,#1775,.T.);
#2580=EDGE_CURVE('',#2085,#2020,#871,.T.);
#2581=EDGE_CURVE('',#2086,#2018,#872,.T.);
#2582=EDGE_CURVE('',#2084,#2086,#873,.T.);
#2583=EDGE_CURVE('',#2025,#2087,#874,.T.);
#2584=EDGE_CURVE('',#2087,#2088,#1776,.T.);
#2585=EDGE_CURVE('',#2088,#2026,#875,.T.);
#2586=EDGE_CURVE('',#2089,#2024,#876,.T.);
#2587=EDGE_CURVE('',#2087,#2089,#877,.T.);
#2588=EDGE_CURVE('',#2027,#2090,#878,.T.);
#2589=EDGE_CURVE('',#2090,#2091,#1777,.T.);
#2590=EDGE_CURVE('',#2091,#2022,#879,.T.);
#2591=EDGE_CURVE('',#2090,#2088,#880,.T.);
#2592=EDGE_CURVE('',#2023,#2092,#881,.T.);
#2593=EDGE_CURVE('',#2092,#2089,#1778,.T.);
#2594=EDGE_CURVE('',#2092,#2091,#882,.T.);
#2595=EDGE_CURVE('',#2093,#2094,#1779,.T.);
#2596=EDGE_CURVE('',#2094,#2006,#883,.T.);
#2597=EDGE_CURVE('',#2005,#2093,#884,.T.);
#2598=EDGE_CURVE('',#2095,#2094,#885,.T.);
#2599=EDGE_CURVE('',#2007,#2095,#886,.T.);
#2600=EDGE_CURVE('',#2095,#2096,#1780,.T.);
#2601=EDGE_CURVE('',#2096,#2008,#887,.T.);
#2602=EDGE_CURVE('',#2011,#2097,#888,.T.);
#2603=EDGE_CURVE('',#2097,#2098,#1781,.T.);
#2604=EDGE_CURVE('',#2098,#2012,#889,.T.);
#2605=EDGE_CURVE('',#2099,#2010,#890,.T.);
#2606=EDGE_CURVE('',#2097,#2099,#891,.T.);
#2607=EDGE_CURVE('',#2017,#2100,#892,.T.);
#2608=EDGE_CURVE('',#2100,#2086,#1782,.T.);
#2609=EDGE_CURVE('',#2101,#2016,#893,.T.);
#2610=EDGE_CURVE('',#2100,#2101,#894,.T.);
#2611=EDGE_CURVE('',#2083,#2102,#1783,.T.);
#2612=EDGE_CURVE('',#2102,#1955,#895,.T.);
#2613=EDGE_CURVE('',#2076,#2102,#896,.T.);
#2614=EDGE_CURVE('',#2075,#2103,#1784,.T.);
#2615=EDGE_CURVE('',#2103,#1937,#897,.T.);
#2616=EDGE_CURVE('',#2104,#2004,#898,.T.);
#2617=EDGE_CURVE('',#2105,#2104,#899,.T.);
#2618=EDGE_CURVE('',#2106,#2105,#900,.T.);
#2619=EDGE_CURVE('',#2106,#2107,#901,.T.);
#2620=EDGE_CURVE('',#1938,#2107,#902,.T.);
#2621=EDGE_CURVE('',#2108,#2103,#903,.T.);
#2622=EDGE_CURVE('',#2109,#2108,#1785,.T.);
#2623=EDGE_CURVE('',#2110,#2109,#904,.T.);
#2624=EDGE_CURVE('',#2111,#2110,#905,.T.);
#2625=EDGE_CURVE('',#2112,#2111,#906,.T.);
#2626=EDGE_CURVE('',#2112,#2113,#907,.T.);
#2627=EDGE_CURVE('',#2114,#2113,#908,.T.);
#2628=EDGE_CURVE('',#2115,#2114,#1786,.T.);
#2629=EDGE_CURVE('',#2093,#2115,#909,.T.);
#2630=EDGE_CURVE('',#2116,#2116,#1787,.T.);
#2631=EDGE_CURVE('',#2117,#2117,#1788,.T.);
#2632=EDGE_CURVE('',#2107,#2118,#1789,.T.);
#2633=EDGE_CURVE('',#2118,#1939,#910,.T.);
#2634=EDGE_CURVE('',#2073,#2118,#911,.T.);
#2635=EDGE_CURVE('',#2119,#2104,#1790,.T.);
#2636=EDGE_CURVE('',#2009,#2119,#912,.T.);
#2637=EDGE_CURVE('',#2015,#2120,#913,.T.);
#2638=EDGE_CURVE('',#2120,#2099,#1791,.T.);
#2639=EDGE_CURVE('',#2121,#2014,#914,.T.);
#2640=EDGE_CURVE('',#2120,#2121,#915,.T.);
#2641=EDGE_CURVE('',#2013,#2122,#916,.T.);
#2642=EDGE_CURVE('',#2122,#2121,#1792,.T.);
#2643=EDGE_CURVE('',#2122,#2098,#917,.T.);
#2644=EDGE_CURVE('',#2123,#2101,#1793,.T.);
#2645=EDGE_CURVE('',#2021,#2123,#918,.T.);
#2646=EDGE_CURVE('',#2072,#2124,#1794,.T.);
#2647=EDGE_CURVE('',#2124,#1951,#919,.T.);
#2648=EDGE_CURVE('',#2125,#2124,#920,.T.);
#2649=EDGE_CURVE('',#2126,#2125,#921,.T.);
#2650=EDGE_CURVE('',#2126,#2127,#922,.T.);
#2651=EDGE_CURVE('',#2128,#2127,#923,.T.);
#2652=EDGE_CURVE('',#2129,#2128,#1795,.T.);
#2653=EDGE_CURVE('',#2080,#2129,#924,.T.);
#2654=EDGE_CURVE('',#2130,#2130,#1796,.T.);
#2655=EDGE_CURVE('',#2119,#2096,#925,.T.);
#2656=EDGE_CURVE('',#1967,#2129,#926,.T.);
#2657=EDGE_CURVE('',#2131,#1966,#927,.T.);
#2658=EDGE_CURVE('',#2131,#2132,#928,.T.);
#2659=EDGE_CURVE('',#2133,#2132,#929,.T.);
#2660=EDGE_CURVE('',#2133,#2134,#930,.T.);
#2661=EDGE_CURVE('',#2046,#2134,#931,.T.);
#2662=EDGE_CURVE('',#2108,#2045,#932,.T.);
#2663=EDGE_CURVE('',#2125,#2106,#933,.T.);
#2664=EDGE_CURVE('',#2135,#2085,#934,.T.);
#2665=EDGE_CURVE('',#2136,#2123,#935,.T.);
#2666=EDGE_CURVE('',#2105,#2136,#936,.T.);
#2667=EDGE_CURVE('',#2042,#2115,#937,.T.);
#2668=EDGE_CURVE('',#2137,#2041,#938,.T.);
#2669=EDGE_CURVE('',#2137,#2138,#939,.T.);
#2670=EDGE_CURVE('',#2139,#2138,#940,.T.);
#2671=EDGE_CURVE('',#2139,#2140,#941,.T.);
#2672=EDGE_CURVE('',#1971,#2140,#942,.T.);
#2673=EDGE_CURVE('',#2135,#1970,#943,.T.);
#2674=EDGE_CURVE('',#2141,#2142,#1797,.F.);
#2675=EDGE_CURVE('',#2142,#2143,#944,.T.);
#2676=EDGE_CURVE('',#2143,#2144,#1798,.F.);
#2677=EDGE_CURVE('',#2144,#2141,#945,.T.);
#2678=EDGE_CURVE('',#2145,#2142,#946,.T.);
#2679=EDGE_CURVE('',#2146,#2145,#947,.T.);
#2680=EDGE_CURVE('',#2146,#2143,#948,.T.);
#2681=EDGE_CURVE('',#2147,#2148,#1799,.F.);
#2682=EDGE_CURVE('',#2148,#2149,#949,.T.);
#2683=EDGE_CURVE('',#2149,#2150,#1800,.F.);
#2684=EDGE_CURVE('',#2150,#2147,#950,.T.);
#2685=EDGE_CURVE('',#2151,#2148,#951,.T.);
#2686=EDGE_CURVE('',#2152,#2151,#952,.T.);
#2687=EDGE_CURVE('',#2152,#2149,#953,.T.);
#2688=EDGE_CURVE('',#2153,#2146,#1801,.F.);
#2689=EDGE_CURVE('',#2145,#2154,#1802,.F.);
#2690=EDGE_CURVE('',#2154,#2153,#954,.T.);
#2691=EDGE_CURVE('',#2155,#2152,#1803,.F.);
#2692=EDGE_CURVE('',#2151,#2156,#1804,.F.);
#2693=EDGE_CURVE('',#2156,#2155,#955,.T.);
#2694=EDGE_CURVE('',#2157,#2158,#1805,.F.);
#2695=EDGE_CURVE('',#2158,#2159,#956,.T.);
#2696=EDGE_CURVE('',#2159,#2160,#1806,.F.);
#2697=EDGE_CURVE('',#2160,#2157,#957,.T.);
#2698=EDGE_CURVE('',#2161,#2158,#958,.T.);
#2699=EDGE_CURVE('',#2162,#2161,#959,.T.);
#2700=EDGE_CURVE('',#2162,#2159,#960,.T.);
#2701=EDGE_CURVE('',#2163,#2164,#1807,.F.);
#2702=EDGE_CURVE('',#2164,#2165,#961,.T.);
#2703=EDGE_CURVE('',#2165,#2166,#1808,.F.);
#2704=EDGE_CURVE('',#2166,#2163,#962,.T.);
#2705=EDGE_CURVE('',#2167,#2164,#963,.T.);
#2706=EDGE_CURVE('',#2168,#2167,#964,.T.);
#2707=EDGE_CURVE('',#2168,#2165,#965,.T.);
#2708=EDGE_CURVE('',#2169,#2162,#1809,.F.);
#2709=EDGE_CURVE('',#2161,#2170,#1810,.F.);
#2710=EDGE_CURVE('',#2170,#2169,#966,.T.);
#2711=EDGE_CURVE('',#2171,#2168,#1811,.F.);
#2712=EDGE_CURVE('',#2167,#2172,#1812,.F.);
#2713=EDGE_CURVE('',#2172,#2171,#967,.T.);
#2714=EDGE_CURVE('',#2173,#2174,#1813,.F.);
#2715=EDGE_CURVE('',#2174,#2175,#968,.T.);
#2716=EDGE_CURVE('',#2175,#2176,#1814,.F.);
#2717=EDGE_CURVE('',#2176,#2173,#969,.T.);
#2718=EDGE_CURVE('',#2174,#2177,#970,.T.);
#2719=EDGE_CURVE('',#2178,#2177,#971,.T.);
#2720=EDGE_CURVE('',#2175,#2178,#972,.T.);
#2721=EDGE_CURVE('',#2179,#2180,#1815,.F.);
#2722=EDGE_CURVE('',#2180,#2181,#973,.T.);
#2723=EDGE_CURVE('',#2181,#2182,#1816,.F.);
#2724=EDGE_CURVE('',#2182,#2179,#974,.T.);
#2725=EDGE_CURVE('',#2180,#2183,#975,.T.);
#2726=EDGE_CURVE('',#2184,#2183,#976,.T.);
#2727=EDGE_CURVE('',#2181,#2184,#977,.T.);
#2728=EDGE_CURVE('',#2185,#2184,#1817,.F.);
#2729=EDGE_CURVE('',#2183,#2186,#1818,.F.);
#2730=EDGE_CURVE('',#2186,#2185,#978,.T.);
#2731=EDGE_CURVE('',#2187,#2178,#1819,.F.);
#2732=EDGE_CURVE('',#2177,#2188,#1820,.F.);
#2733=EDGE_CURVE('',#2188,#2187,#979,.T.);
#2734=EDGE_CURVE('',#2189,#2190,#1821,.F.);
#2735=EDGE_CURVE('',#2190,#2191,#980,.T.);
#2736=EDGE_CURVE('',#2191,#2192,#1822,.F.);
#2737=EDGE_CURVE('',#2192,#2189,#981,.T.);
#2738=EDGE_CURVE('',#2193,#2190,#982,.T.);
#2739=EDGE_CURVE('',#2194,#2193,#983,.T.);
#2740=EDGE_CURVE('',#2194,#2191,#984,.T.);
#2741=EDGE_CURVE('',#2195,#2196,#1823,.F.);
#2742=EDGE_CURVE('',#2196,#2197,#985,.T.);
#2743=EDGE_CURVE('',#2197,#2198,#1824,.F.);
#2744=EDGE_CURVE('',#2198,#2195,#986,.T.);
#2745=EDGE_CURVE('',#2199,#2196,#987,.T.);
#2746=EDGE_CURVE('',#2200,#2199,#988,.T.);
#2747=EDGE_CURVE('',#2200,#2197,#989,.T.);
#2748=EDGE_CURVE('',#2201,#2202,#1825,.F.);
#2749=EDGE_CURVE('',#2202,#2203,#990,.T.);
#2750=EDGE_CURVE('',#2203,#2204,#1826,.F.);
#2751=EDGE_CURVE('',#2204,#2201,#991,.T.);
#2752=EDGE_CURVE('',#2205,#2202,#992,.T.);
#2753=EDGE_CURVE('',#2206,#2205,#993,.T.);
#2754=EDGE_CURVE('',#2206,#2203,#994,.T.);
#2755=EDGE_CURVE('',#2207,#2208,#1827,.F.);
#2756=EDGE_CURVE('',#2208,#2209,#995,.T.);
#2757=EDGE_CURVE('',#2209,#2210,#1828,.F.);
#2758=EDGE_CURVE('',#2210,#2207,#996,.T.);
#2759=EDGE_CURVE('',#2211,#2208,#997,.T.);
#2760=EDGE_CURVE('',#2212,#2211,#998,.T.);
#2761=EDGE_CURVE('',#2212,#2209,#999,.T.);
#2762=EDGE_CURVE('',#2213,#2206,#1829,.F.);
#2763=EDGE_CURVE('',#2205,#2214,#1830,.F.);
#2764=EDGE_CURVE('',#2214,#2213,#1000,.T.);
#2765=EDGE_CURVE('',#2215,#2212,#1831,.F.);
#2766=EDGE_CURVE('',#2211,#2216,#1832,.F.);
#2767=EDGE_CURVE('',#2216,#2215,#1001,.T.);
#2768=EDGE_CURVE('',#2217,#2218,#1833,.F.);
#2769=EDGE_CURVE('',#2218,#2219,#1002,.T.);
#2770=EDGE_CURVE('',#2219,#2220,#1834,.F.);
#2771=EDGE_CURVE('',#2220,#2217,#1003,.T.);
#2772=EDGE_CURVE('',#2218,#2221,#1004,.T.);
#2773=EDGE_CURVE('',#2222,#2221,#1005,.T.);
#2774=EDGE_CURVE('',#2219,#2222,#1006,.T.);
#2775=EDGE_CURVE('',#2223,#2224,#1835,.F.);
#2776=EDGE_CURVE('',#2224,#2225,#1007,.T.);
#2777=EDGE_CURVE('',#2225,#2226,#1836,.F.);
#2778=EDGE_CURVE('',#2226,#2223,#1008,.T.);
#2779=EDGE_CURVE('',#2224,#2227,#1009,.T.);
#2780=EDGE_CURVE('',#2228,#2227,#1010,.T.);
#2781=EDGE_CURVE('',#2225,#2228,#1011,.T.);
#2782=EDGE_CURVE('',#2229,#2228,#1837,.F.);
#2783=EDGE_CURVE('',#2227,#2230,#1838,.F.);
#2784=EDGE_CURVE('',#2230,#2229,#1012,.T.);
#2785=EDGE_CURVE('',#2231,#2222,#1839,.F.);
#2786=EDGE_CURVE('',#2221,#2232,#1840,.F.);
#2787=EDGE_CURVE('',#2232,#2231,#1013,.T.);
#2788=EDGE_CURVE('',#2233,#2200,#1841,.F.);
#2789=EDGE_CURVE('',#2199,#2234,#1842,.F.);
#2790=EDGE_CURVE('',#2234,#2233,#1014,.T.);
#2791=EDGE_CURVE('',#2235,#2194,#1843,.F.);
#2792=EDGE_CURVE('',#2193,#2236,#1844,.F.);
#2793=EDGE_CURVE('',#2236,#2235,#1015,.T.);
#2794=EDGE_CURVE('',#1987,#2237,#1016,.T.);
#2795=EDGE_CURVE('',#2237,#2238,#23,.T.);
#2796=EDGE_CURVE('',#2238,#2239,#19,.T.);
#2797=EDGE_CURVE('',#2239,#2240,#1017,.T.);
#2798=EDGE_CURVE('',#2240,#2241,#20,.T.);
#2799=EDGE_CURVE('',#2241,#2242,#1845,.T.);
#2800=EDGE_CURVE('',#2242,#2028,#1018,.T.);
#2801=EDGE_CURVE('',#2237,#2243,#1019,.T.);
#2802=EDGE_CURVE('',#2244,#2243,#24,.T.);
#2803=EDGE_CURVE('',#2244,#2245,#1020,.T.);
#2804=EDGE_CURVE('',#2246,#2245,#1021,.T.);
#2805=EDGE_CURVE('',#2246,#2247,#1022,.T.);
#2806=EDGE_CURVE('',#2248,#2247,#25,.T.);
#2807=EDGE_CURVE('',#2248,#2249,#1023,.T.);
#2808=EDGE_CURVE('',#2250,#2249,#26,.T.);
#2809=EDGE_CURVE('',#2238,#2250,#1024,.T.);
#2810=EDGE_CURVE('',#2144,#2147,#1025,.T.);
#2811=EDGE_CURVE('',#2150,#2141,#1026,.T.);
#2812=EDGE_CURVE('',#2251,#1986,#1027,.T.);
#2813=EDGE_CURVE('',#2252,#2251,#1028,.T.);
#2814=EDGE_CURVE('',#2253,#2252,#27,.T.);
#2815=EDGE_CURVE('',#2254,#2253,#1029,.T.);
#2816=EDGE_CURVE('',#2243,#2254,#1030,.T.);
#2817=EDGE_CURVE('',#2255,#2256,#1846,.T.);
#2818=EDGE_CURVE('',#2256,#2030,#1031,.T.);
#2819=EDGE_CURVE('',#2029,#2255,#1032,.T.);
#2820=EDGE_CURVE('',#2257,#2256,#1033,.T.);
#2821=EDGE_CURVE('',#2245,#2257,#1847,.T.);
#2822=EDGE_CURVE('',#2258,#2244,#1034,.T.);
#2823=EDGE_CURVE('',#2259,#2258,#1035,.T.);
#2824=EDGE_CURVE('',#2260,#2259,#1848,.T.);
#2825=EDGE_CURVE('',#2261,#2260,#1036,.T.);
#2826=EDGE_CURVE('',#2262,#2261,#1849,.T.);
#2827=EDGE_CURVE('',#2263,#2262,#1037,.T.);
#2828=EDGE_CURVE('',#1985,#2263,#1038,.T.);
#2829=EDGE_CURVE('',#2264,#1984,#1039,.T.);
#2830=EDGE_CURVE('',#2265,#2264,#1040,.T.);
#2831=EDGE_CURVE('',#2266,#2265,#1850,.T.);
#2832=EDGE_CURVE('',#2267,#2266,#1041,.T.);
#2833=EDGE_CURVE('',#2268,#2267,#1851,.T.);
#2834=EDGE_CURVE('',#2269,#2268,#1042,.T.);
#2835=EDGE_CURVE('',#2031,#2269,#1043,.T.);
#2836=EDGE_CURVE('',#2270,#2271,#1852,.T.);
#2837=EDGE_CURVE('',#2272,#2270,#1044,.T.);
#2838=EDGE_CURVE('',#2273,#2272,#1853,.T.);
#2839=EDGE_CURVE('',#2274,#2273,#1045,.T.);
#2840=EDGE_CURVE('',#2275,#2274,#1854,.T.);
#2841=EDGE_CURVE('',#2271,#2275,#1046,.T.);
#2842=EDGE_CURVE('',#2276,#2277,#1855,.T.);
#2843=EDGE_CURVE('',#2278,#2276,#1047,.T.);
#2844=EDGE_CURVE('',#2279,#2278,#1856,.T.);
#2845=EDGE_CURVE('',#2280,#2279,#1048,.T.);
#2846=EDGE_CURVE('',#2281,#2280,#1857,.T.);
#2847=EDGE_CURVE('',#2277,#2281,#1049,.T.);
#2848=EDGE_CURVE('',#2282,#2283,#1858,.T.);
#2849=EDGE_CURVE('',#2284,#2282,#1050,.T.);
#2850=EDGE_CURVE('',#2285,#2284,#1859,.T.);
#2851=EDGE_CURVE('',#2286,#2285,#1051,.T.);
#2852=EDGE_CURVE('',#2287,#2286,#1860,.T.);
#2853=EDGE_CURVE('',#2283,#2287,#1052,.T.);
#2854=EDGE_CURVE('',#2288,#2289,#1861,.T.);
#2855=EDGE_CURVE('',#2290,#2288,#1053,.T.);
#2856=EDGE_CURVE('',#2291,#2290,#1862,.T.);
#2857=EDGE_CURVE('',#2292,#2291,#1054,.T.);
#2858=EDGE_CURVE('',#2293,#2292,#1863,.T.);
#2859=EDGE_CURVE('',#2289,#2293,#1055,.T.);
#2860=EDGE_CURVE('',#2254,#2258,#28,.T.);
#2861=EDGE_CURVE('',#2263,#2251,#1864,.T.);
#2862=EDGE_CURVE('',#2294,#2295,#1865,.T.);
#2863=EDGE_CURVE('',#2295,#2034,#1056,.T.);
#2864=EDGE_CURVE('',#2033,#2294,#1057,.T.);
#2865=EDGE_CURVE('',#2296,#2295,#1058,.T.);
#2866=EDGE_CURVE('',#2035,#2296,#1059,.T.);
#2867=EDGE_CURVE('',#2297,#2298,#29,.T.);
#2868=EDGE_CURVE('',#2298,#2248,#1060,.T.);
#2869=EDGE_CURVE('',#2247,#2297,#1061,.T.);
#2870=EDGE_CURVE('',#2299,#2298,#1062,.T.);
#2871=EDGE_CURVE('',#2300,#2299,#30,.T.);
#2872=EDGE_CURVE('',#2301,#2300,#1063,.T.);
#2873=EDGE_CURVE('',#1981,#2301,#1064,.T.);
#2874=EDGE_CURVE('',#2249,#1980,#1065,.T.);
#2875=EDGE_CURVE('',#2296,#2302,#1866,.T.);
#2876=EDGE_CURVE('',#2302,#2303,#21,.T.);
#2877=EDGE_CURVE('',#2303,#2304,#1066,.T.);
#2878=EDGE_CURVE('',#2304,#2250,#22,.T.);
#2879=EDGE_CURVE('',#2301,#2305,#1867,.T.);
#2880=EDGE_CURVE('',#2305,#1982,#1067,.T.);
#2881=EDGE_CURVE('',#2032,#2306,#1068,.T.);
#2882=EDGE_CURVE('',#2307,#2306,#1069,.T.);
#2883=EDGE_CURVE('',#2308,#2307,#1868,.T.);
#2884=EDGE_CURVE('',#2309,#2308,#1070,.T.);
#2885=EDGE_CURVE('',#2310,#2309,#1869,.T.);
#2886=EDGE_CURVE('',#2311,#2310,#1071,.T.);
#2887=EDGE_CURVE('',#2311,#1983,#1072,.T.);
#2888=EDGE_CURVE('',#2312,#2305,#1073,.T.);
#2889=EDGE_CURVE('',#2313,#2312,#1870,.T.);
#2890=EDGE_CURVE('',#2314,#2313,#1074,.T.);
#2891=EDGE_CURVE('',#2315,#2314,#1871,.T.);
#2892=EDGE_CURVE('',#2297,#2315,#1075,.T.);
#2893=EDGE_CURVE('',#2316,#2246,#1872,.T.);
#2894=EDGE_CURVE('',#2294,#2316,#1076,.T.);
#2895=EDGE_CURVE('',#2317,#2318,#1873,.T.);
#2896=EDGE_CURVE('',#2319,#2317,#1077,.T.);
#2897=EDGE_CURVE('',#2320,#2319,#1874,.T.);
#2898=EDGE_CURVE('',#2321,#2320,#1078,.T.);
#2899=EDGE_CURVE('',#2322,#2321,#1875,.T.);
#2900=EDGE_CURVE('',#2318,#2322,#1079,.T.);
#2901=EDGE_CURVE('',#2323,#2324,#1876,.T.);
#2902=EDGE_CURVE('',#2325,#2323,#1080,.T.);
#2903=EDGE_CURVE('',#2326,#2325,#1877,.T.);
#2904=EDGE_CURVE('',#2327,#2326,#1081,.T.);
#2905=EDGE_CURVE('',#2328,#2327,#1878,.T.);
#2906=EDGE_CURVE('',#2324,#2328,#1082,.T.);
#2907=EDGE_CURVE('',#2329,#2330,#1879,.T.);
#2908=EDGE_CURVE('',#2331,#2329,#1083,.T.);
#2909=EDGE_CURVE('',#2332,#2331,#1880,.T.);
#2910=EDGE_CURVE('',#2333,#2332,#1084,.T.);
#2911=EDGE_CURVE('',#2334,#2333,#1881,.T.);
#2912=EDGE_CURVE('',#2330,#2334,#1085,.T.);
#2913=EDGE_CURVE('',#2335,#2336,#1882,.T.);
#2914=EDGE_CURVE('',#2337,#2335,#1086,.T.);
#2915=EDGE_CURVE('',#2338,#2337,#1883,.T.);
#2916=EDGE_CURVE('',#2339,#2338,#1087,.T.);
#2917=EDGE_CURVE('',#2340,#2339,#1884,.T.);
#2918=EDGE_CURVE('',#2336,#2340,#1088,.T.);
#2919=EDGE_CURVE('',#2264,#2311,#1885,.T.);
#2920=EDGE_CURVE('',#2306,#2269,#1886,.T.);
#2921=EDGE_CURVE('',#2255,#2242,#1089,.T.);
#2922=EDGE_CURVE('',#2307,#2268,#1090,.T.);
#2923=EDGE_CURVE('',#2341,#2341,#1887,.T.);
#2924=EDGE_CURVE('',#2342,#2342,#1888,.T.);
#2925=EDGE_CURVE('',#2343,#2343,#1889,.T.);
#2926=EDGE_CURVE('',#2344,#2344,#1890,.T.);
#2927=EDGE_CURVE('',#2345,#2345,#1891,.T.);
#2928=EDGE_CURVE('',#2346,#2346,#1892,.T.);
#2929=EDGE_CURVE('',#2347,#2347,#1893,.T.);
#2930=EDGE_CURVE('',#2348,#2348,#1894,.T.);
#2931=EDGE_CURVE('',#2349,#2349,#1895,.T.);
#2932=EDGE_CURVE('',#2267,#2308,#1091,.T.);
#2933=EDGE_CURVE('',#2319,#2293,#1092,.T.);
#2934=EDGE_CURVE('',#2292,#2320,#1093,.T.);
#2935=EDGE_CURVE('',#2321,#2291,#1094,.T.);
#2936=EDGE_CURVE('',#2170,#2171,#1095,.T.);
#2937=EDGE_CURVE('',#2172,#2169,#1096,.T.);
#2938=EDGE_CURVE('',#2289,#2317,#1097,.T.);
#2939=EDGE_CURVE('',#2325,#2287,#1098,.T.);
#2940=EDGE_CURVE('',#2286,#2326,#1099,.T.);
#2941=EDGE_CURVE('',#2327,#2285,#1100,.T.);
#2942=EDGE_CURVE('',#2192,#2195,#1101,.T.);
#2943=EDGE_CURVE('',#2198,#2189,#1102,.T.);
#2944=EDGE_CURVE('',#2283,#2323,#1103,.T.);
#2945=EDGE_CURVE('',#2331,#2281,#1104,.T.);
#2946=EDGE_CURVE('',#2280,#2332,#1105,.T.);
#2947=EDGE_CURVE('',#2333,#2279,#1106,.T.);
#2948=EDGE_CURVE('',#2277,#2329,#1107,.T.);
#2949=EDGE_CURVE('',#2230,#2231,#1108,.T.);
#2950=EDGE_CURVE('',#2232,#2229,#1109,.T.);
#2951=EDGE_CURVE('',#2337,#2275,#1110,.T.);
#2952=EDGE_CURVE('',#2274,#2338,#1111,.T.);
#2953=EDGE_CURVE('',#2339,#2273,#1112,.T.);
#2954=EDGE_CURVE('',#2220,#2223,#1113,.T.);
#2955=EDGE_CURVE('',#2226,#2217,#1114,.T.);
#2956=EDGE_CURVE('',#2271,#2335,#1115,.T.);
#2957=EDGE_CURVE('',#2204,#2207,#1116,.T.);
#2958=EDGE_CURVE('',#2210,#2201,#1117,.T.);
#2959=EDGE_CURVE('',#2261,#2313,#1118,.T.);
#2960=EDGE_CURVE('',#2314,#2260,#1119,.T.);
#2961=EDGE_CURVE('',#2160,#2163,#1120,.T.);
#2962=EDGE_CURVE('',#2166,#2157,#1121,.T.);
#2963=EDGE_CURVE('',#2259,#2315,#1122,.T.);
#2964=EDGE_CURVE('',#2299,#2253,#1123,.T.);
#2965=EDGE_CURVE('',#2154,#2155,#1124,.T.);
#2966=EDGE_CURVE('',#2156,#2153,#1125,.T.);
#2967=EDGE_CURVE('',#2257,#2316,#1126,.T.);
#2968=EDGE_CURVE('',#2304,#2239,#1127,.T.);
#2969=EDGE_CURVE('',#2214,#2215,#1128,.T.);
#2970=EDGE_CURVE('',#2234,#2235,#1129,.T.);
#2971=EDGE_CURVE('',#2186,#2187,#1130,.T.);
#2972=EDGE_CURVE('',#2176,#2179,#1131,.T.);
#2973=EDGE_CURVE('',#2216,#2213,#1132,.T.);
#2974=EDGE_CURVE('',#2236,#2233,#1133,.T.);
#2975=EDGE_CURVE('',#2188,#2185,#1134,.T.);
#2976=EDGE_CURVE('',#2182,#2173,#1135,.T.);
#2977=EDGE_CURVE('',#2309,#2266,#1136,.T.);
#2978=EDGE_CURVE('',#2265,#2310,#1137,.T.);
#2979=EDGE_CURVE('',#2349,#2052,#1138,.T.);
#2980=EDGE_CURVE('',#2348,#2053,#1139,.T.);
#2981=EDGE_CURVE('',#2347,#2054,#1140,.T.);
#2982=EDGE_CURVE('',#2346,#2055,#1141,.T.);
#2983=EDGE_CURVE('',#2345,#2056,#1142,.T.);
#2984=EDGE_CURVE('',#2344,#2057,#1143,.T.);
#2985=EDGE_CURVE('',#2343,#2058,#1144,.T.);
#2986=EDGE_CURVE('',#2342,#2059,#1145,.T.);
#2987=EDGE_CURVE('',#2341,#2060,#1146,.T.);
#2988=EDGE_CURVE('',#2134,#2350,#1896,.T.);
#2989=EDGE_CURVE('',#2350,#2047,#1147,.T.);
#2990=EDGE_CURVE('',#2351,#2350,#1148,.T.);
#2991=EDGE_CURVE('',#2048,#2351,#1149,.T.);
#2992=EDGE_CURVE('',#2352,#2131,#1897,.T.);
#2993=EDGE_CURVE('',#1965,#2352,#1150,.T.);
#2994=EDGE_CURVE('',#2140,#2353,#1898,.T.);
#2995=EDGE_CURVE('',#2353,#1972,#1151,.T.);
#2996=EDGE_CURVE('',#2354,#2353,#1152,.T.);
#2997=EDGE_CURVE('',#1973,#2354,#1153,.T.);
#2998=EDGE_CURVE('',#2355,#2137,#1899,.T.);
#2999=EDGE_CURVE('',#2040,#2355,#1154,.T.);
#3000=EDGE_CURVE('',#2356,#2135,#1900,.T.);
#3001=EDGE_CURVE('',#1969,#2356,#1155,.T.);
#3002=EDGE_CURVE('',#2128,#1968,#1156,.T.);
#3003=EDGE_CURVE('',#2127,#2357,#1157,.T.);
#3004=EDGE_CURVE('',#2357,#2358,#1158,.T.);
#3005=EDGE_CURVE('',#2358,#2359,#1159,.T.);
#3006=EDGE_CURVE('',#2359,#2356,#1160,.T.);
#3007=EDGE_CURVE('',#2044,#2109,#1161,.T.);
#3008=EDGE_CURVE('',#2114,#2043,#1162,.T.);
#3009=EDGE_CURVE('',#2113,#2360,#1163,.T.);
#3010=EDGE_CURVE('',#2360,#2361,#1164,.T.);
#3011=EDGE_CURVE('',#2361,#2110,#1165,.T.);
#3012=EDGE_CURVE('',#2111,#2362,#1166,.T.);
#3013=EDGE_CURVE('',#2362,#2361,#1167,.T.);
#3014=EDGE_CURVE('',#2362,#2363,#1168,.T.);
#3015=EDGE_CURVE('',#2363,#2112,#1169,.T.);
#3016=EDGE_CURVE('',#2360,#2363,#1170,.T.);
#3017=EDGE_CURVE('',#2252,#2300,#1171,.T.);
#3018=EDGE_CURVE('',#2312,#2262,#1172,.T.);
#3019=EDGE_CURVE('',#2318,#2288,#1173,.T.);
#3020=EDGE_CURVE('',#2290,#2322,#1174,.T.);
#3021=EDGE_CURVE('',#2240,#2303,#1175,.T.);
#3022=EDGE_CURVE('',#2302,#2241,#1176,.T.);
#3023=EDGE_CURVE('',#2324,#2282,#1177,.T.);
#3024=EDGE_CURVE('',#2284,#2328,#1178,.T.);
#3025=EDGE_CURVE('',#2330,#2276,#1179,.T.);
#3026=EDGE_CURVE('',#2278,#2334,#1180,.T.);
#3027=EDGE_CURVE('',#2272,#2340,#1181,.T.);
#3028=EDGE_CURVE('',#2336,#2270,#1182,.T.);
#3029=EDGE_CURVE('',#2364,#2365,#1901,.T.);
#3030=EDGE_CURVE('',#2365,#2039,#1183,.T.);
#3031=EDGE_CURVE('',#2038,#2364,#1184,.T.);
#3032=EDGE_CURVE('',#2366,#2037,#1185,.T.);
#3033=EDGE_CURVE('',#2364,#2366,#1186,.T.);
#3034=EDGE_CURVE('',#2036,#2367,#1187,.T.);
#3035=EDGE_CURVE('',#2367,#2366,#1902,.T.);
#3036=EDGE_CURVE('',#2351,#2368,#1903,.T.);
#3037=EDGE_CURVE('',#2368,#2049,#1188,.T.);
#3038=EDGE_CURVE('',#2369,#2368,#1189,.T.);
#3039=EDGE_CURVE('',#2050,#2369,#1190,.T.);
#3040=EDGE_CURVE('',#2133,#2370,#1191,.T.);
#3041=EDGE_CURVE('',#2369,#2370,#1904,.T.);
#3042=EDGE_CURVE('',#2371,#2371,#1905,.T.);
#3043=EDGE_CURVE('',#2370,#2051,#1192,.T.);
#3044=EDGE_CURVE('',#1975,#2372,#1193,.T.);
#3045=EDGE_CURVE('',#2372,#2373,#1906,.T.);
#3046=EDGE_CURVE('',#2373,#1976,#1194,.T.);
#3047=EDGE_CURVE('',#2374,#1974,#1195,.T.);
#3048=EDGE_CURVE('',#2372,#2374,#1196,.T.);
#3049=EDGE_CURVE('',#2354,#2374,#1907,.T.);
#3050=EDGE_CURVE('',#1961,#2375,#1197,.T.);
#3051=EDGE_CURVE('',#2375,#2376,#1908,.T.);
#3052=EDGE_CURVE('',#2376,#1962,#1198,.T.);
#3053=EDGE_CURVE('',#2377,#2376,#1199,.T.);
#3054=EDGE_CURVE('',#1963,#2377,#1200,.T.);
#3055=EDGE_CURVE('',#2375,#2132,#1201,.T.);
#3056=EDGE_CURVE('',#2352,#2378,#1202,.T.);
#3057=EDGE_CURVE('',#2377,#2378,#1909,.T.);
#3058=EDGE_CURVE('',#2379,#2379,#1910,.T.);
#3059=EDGE_CURVE('',#2378,#1964,#1203,.T.);
#3060=EDGE_CURVE('',#2371,#2061,#1204,.T.);
#3061=EDGE_CURVE('',#2380,#2380,#1911,.T.);
#3062=EDGE_CURVE('',#2380,#2062,#1205,.T.);
#3063=EDGE_CURVE('',#2355,#2365,#1206,.T.);
#3064=EDGE_CURVE('',#2367,#2138,#1207,.T.);
#3065=EDGE_CURVE('',#2381,#2381,#1912,.T.);
#3066=EDGE_CURVE('',#2381,#1991,#1208,.T.);
#3067=EDGE_CURVE('',#2139,#2373,#1209,.T.);
#3068=EDGE_CURVE('',#2379,#1990,#1210,.T.);
#3069=EDGE_CURVE('',#2063,#2382,#1211,.T.);
#3070=EDGE_CURVE('',#2382,#2382,#1913,.T.);
#3071=EDGE_CURVE('',#2383,#2383,#1914,.T.);
#3072=EDGE_CURVE('',#2064,#2384,#1212,.T.);
#3073=EDGE_CURVE('',#2384,#2384,#1915,.T.);
#3074=EDGE_CURVE('',#2385,#2385,#1916,.T.);
#3075=EDGE_CURVE('',#1989,#2386,#1213,.T.);
#3076=EDGE_CURVE('',#2386,#2386,#1917,.T.);
#3077=EDGE_CURVE('',#2387,#2387,#1918,.T.);
#3078=EDGE_CURVE('',#1988,#2388,#1214,.T.);
#3079=EDGE_CURVE('',#2388,#2388,#1919,.T.);
#3080=EDGE_CURVE('',#2389,#2389,#1920,.T.);
#3081=EDGE_CURVE('',#2385,#2116,#1215,.T.);
#3082=EDGE_CURVE('',#2130,#2389,#1216,.T.);
#3083=EDGE_CURVE('',#2383,#2117,#1217,.T.);
#3084=EDGE_CURVE('',#2390,#2390,#1921,.T.);
#3085=EDGE_CURVE('',#2390,#2387,#1218,.T.);
#3086=EDGE_CURVE('',#2391,#2359,#1219,.T.);
#3087=EDGE_CURVE('',#2136,#2391,#1220,.T.);
#3088=EDGE_CURVE('',#2391,#2392,#1221,.T.);
#3089=EDGE_CURVE('',#2392,#2358,#1222,.T.);
#3090=EDGE_CURVE('',#2392,#2393,#1223,.T.);
#3091=EDGE_CURVE('',#2393,#2357,#1224,.T.);
#3092=EDGE_CURVE('',#2393,#2126,#1225,.T.);
#3093=EDGE_CURVE('',#2394,#2394,#1922,.T.);
#3094=EDGE_CURVE('',#2395,#2395,#1923,.T.);
#3095=EDGE_CURVE('',#2396,#2396,#1924,.T.);
#3096=EDGE_CURVE('',#2397,#2397,#1925,.T.);
#3097=EDGE_CURVE('',#2398,#2398,#1926,.T.);
#3098=EDGE_CURVE('',#2399,#2399,#1927,.T.);
#3099=EDGE_CURVE('',#2400,#2400,#1928,.T.);
#3100=EDGE_CURVE('',#2401,#2401,#1929,.T.);
#3101=EDGE_CURVE('',#2402,#2402,#1930,.T.);
#3102=EDGE_CURVE('',#2000,#2394,#1226,.T.);
#3103=EDGE_CURVE('',#1999,#2395,#1227,.T.);
#3104=EDGE_CURVE('',#1998,#2396,#1228,.T.);
#3105=EDGE_CURVE('',#1997,#2397,#1229,.T.);
#3106=EDGE_CURVE('',#1996,#2398,#1230,.T.);
#3107=EDGE_CURVE('',#1995,#2399,#1231,.T.);
#3108=EDGE_CURVE('',#1994,#2400,#1232,.T.);
#3109=EDGE_CURVE('',#1993,#2401,#1233,.T.);
#3110=EDGE_CURVE('',#1992,#2402,#1234,.T.);
#3111=ORIENTED_EDGE('',*,*,#2403,.T.);
#3112=ORIENTED_EDGE('',*,*,#2404,.T.);
#3113=ORIENTED_EDGE('',*,*,#2405,.T.);
#3114=ORIENTED_EDGE('',*,*,#2406,.T.);
#3115=ORIENTED_EDGE('',*,*,#2406,.F.);
#3116=ORIENTED_EDGE('',*,*,#2407,.F.);
#3117=ORIENTED_EDGE('',*,*,#2408,.F.);
#3118=ORIENTED_EDGE('',*,*,#2409,.T.);
#3119=ORIENTED_EDGE('',*,*,#2410,.T.);
#3120=ORIENTED_EDGE('',*,*,#2411,.F.);
#3121=ORIENTED_EDGE('',*,*,#2412,.T.);
#3122=ORIENTED_EDGE('',*,*,#2413,.F.);
#3123=ORIENTED_EDGE('',*,*,#2414,.T.);
#3124=ORIENTED_EDGE('',*,*,#2415,.F.);
#3125=ORIENTED_EDGE('',*,*,#2416,.T.);
#3126=ORIENTED_EDGE('',*,*,#2417,.F.);
#3127=ORIENTED_EDGE('',*,*,#2418,.T.);
#3128=ORIENTED_EDGE('',*,*,#2419,.F.);
#3129=ORIENTED_EDGE('',*,*,#2420,.T.);
#3130=ORIENTED_EDGE('',*,*,#2421,.F.);
#3131=ORIENTED_EDGE('',*,*,#2422,.T.);
#3132=ORIENTED_EDGE('',*,*,#2423,.F.);
#3133=ORIENTED_EDGE('',*,*,#2424,.T.);
#3134=ORIENTED_EDGE('',*,*,#2425,.F.);
#3135=ORIENTED_EDGE('',*,*,#2426,.T.);
#3136=ORIENTED_EDGE('',*,*,#2427,.F.);
#3137=ORIENTED_EDGE('',*,*,#2428,.T.);
#3138=ORIENTED_EDGE('',*,*,#2429,.F.);
#3139=ORIENTED_EDGE('',*,*,#2430,.T.);
#3140=ORIENTED_EDGE('',*,*,#2431,.F.);
#3141=ORIENTED_EDGE('',*,*,#2432,.T.);
#3142=ORIENTED_EDGE('',*,*,#2433,.F.);
#3143=ORIENTED_EDGE('',*,*,#2405,.F.);
#3144=ORIENTED_EDGE('',*,*,#2434,.F.);
#3145=ORIENTED_EDGE('',*,*,#2435,.F.);
#3146=ORIENTED_EDGE('',*,*,#2436,.F.);
#3147=ORIENTED_EDGE('',*,*,#2437,.F.);
#3148=ORIENTED_EDGE('',*,*,#2438,.F.);
#3149=ORIENTED_EDGE('',*,*,#2439,.F.);
#3150=ORIENTED_EDGE('',*,*,#2440,.F.);
#3151=ORIENTED_EDGE('',*,*,#2441,.F.);
#3152=ORIENTED_EDGE('',*,*,#2442,.F.);
#3153=ORIENTED_EDGE('',*,*,#2443,.F.);
#3154=ORIENTED_EDGE('',*,*,#2444,.T.);
#3155=ORIENTED_EDGE('',*,*,#2445,.F.);
#3156=ORIENTED_EDGE('',*,*,#2446,.T.);
#3157=ORIENTED_EDGE('',*,*,#2447,.F.);
#3158=ORIENTED_EDGE('',*,*,#2448,.T.);
#3159=ORIENTED_EDGE('',*,*,#2449,.F.);
#3160=ORIENTED_EDGE('',*,*,#2450,.F.);
#3161=ORIENTED_EDGE('',*,*,#2451,.F.);
#3162=ORIENTED_EDGE('',*,*,#2452,.T.);
#3163=ORIENTED_EDGE('',*,*,#2453,.F.);
#3164=ORIENTED_EDGE('',*,*,#2454,.T.);
#3165=ORIENTED_EDGE('',*,*,#2455,.F.);
#3166=ORIENTED_EDGE('',*,*,#2456,.T.);
#3167=ORIENTED_EDGE('',*,*,#2457,.T.);
#3168=ORIENTED_EDGE('',*,*,#2458,.T.);
#3169=ORIENTED_EDGE('',*,*,#2459,.F.);
#3170=ORIENTED_EDGE('',*,*,#2460,.T.);
#3171=ORIENTED_EDGE('',*,*,#2461,.F.);
#3172=ORIENTED_EDGE('',*,*,#2407,.T.);
#3173=ORIENTED_EDGE('',*,*,#2462,.T.);
#3174=ORIENTED_EDGE('',*,*,#2463,.T.);
#3175=ORIENTED_EDGE('',*,*,#2464,.T.);
#3176=ORIENTED_EDGE('',*,*,#2465,.T.);
#3177=ORIENTED_EDGE('',*,*,#2466,.T.);
#3178=ORIENTED_EDGE('',*,*,#2467,.T.);
#3179=ORIENTED_EDGE('',*,*,#2468,.T.);
#3180=ORIENTED_EDGE('',*,*,#2469,.T.);
#3181=ORIENTED_EDGE('',*,*,#2470,.T.);
#3182=ORIENTED_EDGE('',*,*,#2471,.T.);
#3183=ORIENTED_EDGE('',*,*,#2472,.T.);
#3184=ORIENTED_EDGE('',*,*,#2473,.T.);
#3185=ORIENTED_EDGE('',*,*,#2474,.T.);
#3186=ORIENTED_EDGE('',*,*,#2451,.T.);
#3187=ORIENTED_EDGE('',*,*,#2475,.T.);
#3188=ORIENTED_EDGE('',*,*,#2476,.T.);
#3189=ORIENTED_EDGE('',*,*,#2477,.T.);
#3190=ORIENTED_EDGE('',*,*,#2477,.F.);
#3191=ORIENTED_EDGE('',*,*,#2478,.F.);
#3192=ORIENTED_EDGE('',*,*,#2479,.F.);
#3193=ORIENTED_EDGE('',*,*,#2452,.F.);
#3194=ORIENTED_EDGE('',*,*,#2480,.T.);
#3195=ORIENTED_EDGE('',*,*,#2481,.F.);
#3196=ORIENTED_EDGE('',*,*,#2482,.T.);
#3197=ORIENTED_EDGE('',*,*,#2483,.F.);
#3198=ORIENTED_EDGE('',*,*,#2484,.T.);
#3199=ORIENTED_EDGE('',*,*,#2485,.F.);
#3200=ORIENTED_EDGE('',*,*,#2486,.T.);
#3201=ORIENTED_EDGE('',*,*,#2487,.F.);
#3202=ORIENTED_EDGE('',*,*,#2488,.T.);
#3203=ORIENTED_EDGE('',*,*,#2489,.F.);
#3204=ORIENTED_EDGE('',*,*,#2490,.T.);
#3205=ORIENTED_EDGE('',*,*,#2491,.F.);
#3206=ORIENTED_EDGE('',*,*,#2492,.T.);
#3207=ORIENTED_EDGE('',*,*,#2493,.F.);
#3208=ORIENTED_EDGE('',*,*,#2494,.T.);
#3209=ORIENTED_EDGE('',*,*,#2495,.F.);
#3210=ORIENTED_EDGE('',*,*,#2496,.T.);
#3211=ORIENTED_EDGE('',*,*,#2497,.F.);
#3212=ORIENTED_EDGE('',*,*,#2498,.T.);
#3213=ORIENTED_EDGE('',*,*,#2499,.F.);
#3214=ORIENTED_EDGE('',*,*,#2500,.T.);
#3215=ORIENTED_EDGE('',*,*,#2501,.F.);
#3216=ORIENTED_EDGE('',*,*,#2502,.T.);
#3217=ORIENTED_EDGE('',*,*,#2503,.F.);
#3218=ORIENTED_EDGE('',*,*,#2403,.F.);
#3219=ORIENTED_EDGE('',*,*,#2409,.F.);
#3220=ORIENTED_EDGE('',*,*,#2504,.F.);
#3221=ORIENTED_EDGE('',*,*,#2505,.T.);
#3222=ORIENTED_EDGE('',*,*,#2506,.F.);
#3223=ORIENTED_EDGE('',*,*,#2507,.T.);
#3224=ORIENTED_EDGE('',*,*,#2508,.T.);
#3225=ORIENTED_EDGE('',*,*,#2509,.T.);
#3226=ORIENTED_EDGE('',*,*,#2510,.F.);
#3227=ORIENTED_EDGE('',*,*,#2511,.T.);
#3228=ORIENTED_EDGE('',*,*,#2512,.F.);
#3229=ORIENTED_EDGE('',*,*,#2478,.T.);
#3230=ORIENTED_EDGE('',*,*,#2476,.F.);
#3231=ORIENTED_EDGE('',*,*,#2513,.F.);
#3232=ORIENTED_EDGE('',*,*,#2514,.F.);
#3233=ORIENTED_EDGE('',*,*,#2515,.F.);
#3234=ORIENTED_EDGE('',*,*,#2516,.F.);
#3235=ORIENTED_EDGE('',*,*,#2517,.F.);
#3236=ORIENTED_EDGE('',*,*,#2518,.F.);
#3237=ORIENTED_EDGE('',*,*,#2519,.F.);
#3238=ORIENTED_EDGE('',*,*,#2520,.F.);
#3239=ORIENTED_EDGE('',*,*,#2521,.F.);
#3240=ORIENTED_EDGE('',*,*,#2522,.F.);
#3241=ORIENTED_EDGE('',*,*,#2523,.T.);
#3242=ORIENTED_EDGE('',*,*,#2524,.F.);
#3243=ORIENTED_EDGE('',*,*,#2525,.T.);
#3244=ORIENTED_EDGE('',*,*,#2526,.F.);
#3245=ORIENTED_EDGE('',*,*,#2527,.T.);
#3246=ORIENTED_EDGE('',*,*,#2528,.F.);
#3247=ORIENTED_EDGE('',*,*,#2529,.F.);
#3248=ORIENTED_EDGE('',*,*,#2530,.T.);
#3249=ORIENTED_EDGE('',*,*,#2531,.T.);
#3250=ORIENTED_EDGE('',*,*,#2532,.T.);
#3251=ORIENTED_EDGE('',*,*,#2533,.T.);
#3252=ORIENTED_EDGE('',*,*,#2534,.T.);
#3253=ORIENTED_EDGE('',*,*,#2535,.T.);
#3254=ORIENTED_EDGE('',*,*,#2536,.T.);
#3255=ORIENTED_EDGE('',*,*,#2537,.T.);
#3256=ORIENTED_EDGE('',*,*,#2538,.T.);
#3257=ORIENTED_EDGE('',*,*,#2539,.T.);
#3258=ORIENTED_EDGE('',*,*,#2540,.T.);
#3259=ORIENTED_EDGE('',*,*,#2541,.T.);
#3260=ORIENTED_EDGE('',*,*,#2542,.T.);
#3261=ORIENTED_EDGE('',*,*,#2543,.T.);
#3262=ORIENTED_EDGE('',*,*,#2544,.T.);
#3263=ORIENTED_EDGE('',*,*,#2417,.T.);
#3264=ORIENTED_EDGE('',*,*,#2545,.T.);
#3265=ORIENTED_EDGE('',*,*,#2544,.F.);
#3266=ORIENTED_EDGE('',*,*,#2546,.F.);
#3267=ORIENTED_EDGE('',*,*,#2547,.F.);
#3268=ORIENTED_EDGE('',*,*,#2418,.F.);
#3269=ORIENTED_EDGE('',*,*,#2548,.T.);
#3270=ORIENTED_EDGE('',*,*,#2549,.T.);
#3271=ORIENTED_EDGE('',*,*,#2421,.T.);
#3272=ORIENTED_EDGE('',*,*,#2550,.T.);
#3273=ORIENTED_EDGE('',*,*,#2545,.F.);
#3274=ORIENTED_EDGE('',*,*,#2416,.F.);
#3275=ORIENTED_EDGE('',*,*,#2549,.F.);
#3276=ORIENTED_EDGE('',*,*,#2551,.F.);
#3277=ORIENTED_EDGE('',*,*,#2552,.T.);
#3278=ORIENTED_EDGE('',*,*,#2553,.T.);
#3279=ORIENTED_EDGE('',*,*,#2427,.T.);
#3280=ORIENTED_EDGE('',*,*,#2554,.T.);
#3281=ORIENTED_EDGE('',*,*,#2553,.F.);
#3282=ORIENTED_EDGE('',*,*,#2555,.F.);
#3283=ORIENTED_EDGE('',*,*,#2556,.F.);
#3284=ORIENTED_EDGE('',*,*,#2422,.F.);
#3285=ORIENTED_EDGE('',*,*,#2557,.T.);
#3286=ORIENTED_EDGE('',*,*,#2558,.T.);
#3287=ORIENTED_EDGE('',*,*,#2413,.T.);
#3288=ORIENTED_EDGE('',*,*,#2559,.T.);
#3289=ORIENTED_EDGE('',*,*,#2558,.F.);
#3290=ORIENTED_EDGE('',*,*,#2560,.F.);
#3291=ORIENTED_EDGE('',*,*,#2561,.F.);
#3292=ORIENTED_EDGE('',*,*,#2414,.F.);
#3293=ORIENTED_EDGE('',*,*,#2562,.T.);
#3294=ORIENTED_EDGE('',*,*,#2563,.T.);
#3295=ORIENTED_EDGE('',*,*,#2429,.T.);
#3296=ORIENTED_EDGE('',*,*,#2564,.T.);
#3297=ORIENTED_EDGE('',*,*,#2563,.F.);
#3298=ORIENTED_EDGE('',*,*,#2565,.F.);
#3299=ORIENTED_EDGE('',*,*,#2566,.F.);
#3300=ORIENTED_EDGE('',*,*,#2430,.F.);
#3301=ORIENTED_EDGE('',*,*,#2567,.T.);
#3302=ORIENTED_EDGE('',*,*,#2568,.T.);
#3303=ORIENTED_EDGE('',*,*,#2419,.T.);
#3304=ORIENTED_EDGE('',*,*,#2547,.T.);
#3305=ORIENTED_EDGE('',*,*,#2550,.F.);
#3306=ORIENTED_EDGE('',*,*,#2420,.F.);
#3307=ORIENTED_EDGE('',*,*,#2568,.F.);
#3308=ORIENTED_EDGE('',*,*,#2569,.F.);
#3309=ORIENTED_EDGE('',*,*,#2570,.T.);
#3310=ORIENTED_EDGE('',*,*,#2571,.T.);
#3311=ORIENTED_EDGE('',*,*,#2425,.T.);
#3312=ORIENTED_EDGE('',*,*,#2572,.T.);
#3313=ORIENTED_EDGE('',*,*,#2554,.F.);
#3314=ORIENTED_EDGE('',*,*,#2426,.F.);
#3315=ORIENTED_EDGE('',*,*,#2571,.F.);
#3316=ORIENTED_EDGE('',*,*,#2573,.F.);
#3317=ORIENTED_EDGE('',*,*,#2574,.T.);
#3318=ORIENTED_EDGE('',*,*,#2575,.T.);
#3319=ORIENTED_EDGE('',*,*,#2431,.T.);
#3320=ORIENTED_EDGE('',*,*,#2566,.T.);
#3321=ORIENTED_EDGE('',*,*,#2575,.F.);
#3322=ORIENTED_EDGE('',*,*,#2576,.F.);
#3323=ORIENTED_EDGE('',*,*,#2577,.F.);
#3324=ORIENTED_EDGE('',*,*,#2432,.F.);
#3325=ORIENTED_EDGE('',*,*,#2495,.T.);
#3326=ORIENTED_EDGE('',*,*,#2578,.T.);
#3327=ORIENTED_EDGE('',*,*,#2579,.T.);
#3328=ORIENTED_EDGE('',*,*,#2580,.T.);
#3329=ORIENTED_EDGE('',*,*,#2578,.F.);
#3330=ORIENTED_EDGE('',*,*,#2494,.F.);
#3331=ORIENTED_EDGE('',*,*,#2581,.F.);
#3332=ORIENTED_EDGE('',*,*,#2582,.F.);
#3333=ORIENTED_EDGE('',*,*,#2501,.T.);
#3334=ORIENTED_EDGE('',*,*,#2583,.T.);
#3335=ORIENTED_EDGE('',*,*,#2584,.T.);
#3336=ORIENTED_EDGE('',*,*,#2585,.T.);
#3337=ORIENTED_EDGE('',*,*,#2583,.F.);
#3338=ORIENTED_EDGE('',*,*,#2500,.F.);
#3339=ORIENTED_EDGE('',*,*,#2586,.F.);
#3340=ORIENTED_EDGE('',*,*,#2587,.F.);
#3341=ORIENTED_EDGE('',*,*,#2503,.T.);
#3342=ORIENTED_EDGE('',*,*,#2588,.T.);
#3343=ORIENTED_EDGE('',*,*,#2589,.T.);
#3344=ORIENTED_EDGE('',*,*,#2590,.T.);
#3345=ORIENTED_EDGE('',*,*,#2585,.F.);
#3346=ORIENTED_EDGE('',*,*,#2591,.F.);
#3347=ORIENTED_EDGE('',*,*,#2588,.F.);
#3348=ORIENTED_EDGE('',*,*,#2502,.F.);
#3349=ORIENTED_EDGE('',*,*,#2499,.T.);
#3350=ORIENTED_EDGE('',*,*,#2592,.T.);
#3351=ORIENTED_EDGE('',*,*,#2593,.T.);
#3352=ORIENTED_EDGE('',*,*,#2586,.T.);
#3353=ORIENTED_EDGE('',*,*,#2590,.F.);
#3354=ORIENTED_EDGE('',*,*,#2594,.F.);
#3355=ORIENTED_EDGE('',*,*,#2592,.F.);
#3356=ORIENTED_EDGE('',*,*,#2498,.F.);
#3357=ORIENTED_EDGE('',*,*,#2595,.T.);
#3358=ORIENTED_EDGE('',*,*,#2596,.T.);
#3359=ORIENTED_EDGE('',*,*,#2481,.T.);
#3360=ORIENTED_EDGE('',*,*,#2597,.T.);
#3361=ORIENTED_EDGE('',*,*,#2596,.F.);
#3362=ORIENTED_EDGE('',*,*,#2598,.F.);
#3363=ORIENTED_EDGE('',*,*,#2599,.F.);
#3364=ORIENTED_EDGE('',*,*,#2482,.F.);
#3365=ORIENTED_EDGE('',*,*,#2483,.T.);
#3366=ORIENTED_EDGE('',*,*,#2599,.T.);
#3367=ORIENTED_EDGE('',*,*,#2600,.T.);
#3368=ORIENTED_EDGE('',*,*,#2601,.T.);
#3369=ORIENTED_EDGE('',*,*,#2487,.T.);
#3370=ORIENTED_EDGE('',*,*,#2602,.T.);
#3371=ORIENTED_EDGE('',*,*,#2603,.T.);
#3372=ORIENTED_EDGE('',*,*,#2604,.T.);
#3373=ORIENTED_EDGE('',*,*,#2602,.F.);
#3374=ORIENTED_EDGE('',*,*,#2486,.F.);
#3375=ORIENTED_EDGE('',*,*,#2605,.F.);
#3376=ORIENTED_EDGE('',*,*,#2606,.F.);
#3377=ORIENTED_EDGE('',*,*,#2493,.T.);
#3378=ORIENTED_EDGE('',*,*,#2607,.T.);
#3379=ORIENTED_EDGE('',*,*,#2608,.T.);
#3380=ORIENTED_EDGE('',*,*,#2581,.T.);
#3381=ORIENTED_EDGE('',*,*,#2607,.F.);
#3382=ORIENTED_EDGE('',*,*,#2492,.F.);
#3383=ORIENTED_EDGE('',*,*,#2609,.F.);
#3384=ORIENTED_EDGE('',*,*,#2610,.F.);
#3385=ORIENTED_EDGE('',*,*,#2611,.T.);
#3386=ORIENTED_EDGE('',*,*,#2612,.T.);
#3387=ORIENTED_EDGE('',*,*,#2433,.T.);
#3388=ORIENTED_EDGE('',*,*,#2577,.T.);
#3389=ORIENTED_EDGE('',*,*,#2564,.F.);
#3390=ORIENTED_EDGE('',*,*,#2428,.F.);
#3391=ORIENTED_EDGE('',*,*,#2612,.F.);
#3392=ORIENTED_EDGE('',*,*,#2613,.F.);
#3393=ORIENTED_EDGE('',*,*,#2614,.T.);
#3394=ORIENTED_EDGE('',*,*,#2615,.T.);
#3395=ORIENTED_EDGE('',*,*,#2415,.T.);
#3396=ORIENTED_EDGE('',*,*,#2561,.T.);
#3397=ORIENTED_EDGE('',*,*,#2597,.F.);
#3398=ORIENTED_EDGE('',*,*,#2480,.F.);
#3399=ORIENTED_EDGE('',*,*,#2616,.F.);
#3400=ORIENTED_EDGE('',*,*,#2617,.F.);
#3401=ORIENTED_EDGE('',*,*,#2618,.F.);
#3402=ORIENTED_EDGE('',*,*,#2619,.T.);
#3403=ORIENTED_EDGE('',*,*,#2620,.F.);
#3404=ORIENTED_EDGE('',*,*,#2410,.F.);
#3405=ORIENTED_EDGE('',*,*,#2615,.F.);
#3406=ORIENTED_EDGE('',*,*,#2621,.F.);
#3407=ORIENTED_EDGE('',*,*,#2622,.F.);
#3408=ORIENTED_EDGE('',*,*,#2623,.F.);
#3409=ORIENTED_EDGE('',*,*,#2624,.F.);
#3410=ORIENTED_EDGE('',*,*,#2625,.F.);
#3411=ORIENTED_EDGE('',*,*,#2626,.T.);
#3412=ORIENTED_EDGE('',*,*,#2627,.F.);
#3413=ORIENTED_EDGE('',*,*,#2628,.F.);
#3414=ORIENTED_EDGE('',*,*,#2629,.F.);
#3415=ORIENTED_EDGE('',*,*,#2630,.T.);
#3416=ORIENTED_EDGE('',*,*,#2631,.T.);
#3417=ORIENTED_EDGE('',*,*,#2632,.T.);
#3418=ORIENTED_EDGE('',*,*,#2633,.T.);
#3419=ORIENTED_EDGE('',*,*,#2411,.T.);
#3420=ORIENTED_EDGE('',*,*,#2620,.T.);
#3421=ORIENTED_EDGE('',*,*,#2559,.F.);
#3422=ORIENTED_EDGE('',*,*,#2412,.F.);
#3423=ORIENTED_EDGE('',*,*,#2633,.F.);
#3424=ORIENTED_EDGE('',*,*,#2634,.F.);
#3425=ORIENTED_EDGE('',*,*,#2635,.T.);
#3426=ORIENTED_EDGE('',*,*,#2616,.T.);
#3427=ORIENTED_EDGE('',*,*,#2485,.T.);
#3428=ORIENTED_EDGE('',*,*,#2636,.T.);
#3429=ORIENTED_EDGE('',*,*,#2491,.T.);
#3430=ORIENTED_EDGE('',*,*,#2637,.T.);
#3431=ORIENTED_EDGE('',*,*,#2638,.T.);
#3432=ORIENTED_EDGE('',*,*,#2605,.T.);
#3433=ORIENTED_EDGE('',*,*,#2637,.F.);
#3434=ORIENTED_EDGE('',*,*,#2490,.F.);
#3435=ORIENTED_EDGE('',*,*,#2639,.F.);
#3436=ORIENTED_EDGE('',*,*,#2640,.F.);
#3437=ORIENTED_EDGE('',*,*,#2489,.T.);
#3438=ORIENTED_EDGE('',*,*,#2641,.T.);
#3439=ORIENTED_EDGE('',*,*,#2642,.T.);
#3440=ORIENTED_EDGE('',*,*,#2639,.T.);
#3441=ORIENTED_EDGE('',*,*,#2604,.F.);
#3442=ORIENTED_EDGE('',*,*,#2643,.F.);
#3443=ORIENTED_EDGE('',*,*,#2641,.F.);
#3444=ORIENTED_EDGE('',*,*,#2488,.F.);
#3445=ORIENTED_EDGE('',*,*,#2644,.T.);
#3446=ORIENTED_EDGE('',*,*,#2609,.T.);
#3447=ORIENTED_EDGE('',*,*,#2497,.T.);
#3448=ORIENTED_EDGE('',*,*,#2645,.T.);
#3449=ORIENTED_EDGE('',*,*,#2646,.T.);
#3450=ORIENTED_EDGE('',*,*,#2647,.T.);
#3451=ORIENTED_EDGE('',*,*,#2423,.T.);
#3452=ORIENTED_EDGE('',*,*,#2556,.T.);
#3453=ORIENTED_EDGE('',*,*,#2572,.F.);
#3454=ORIENTED_EDGE('',*,*,#2424,.F.);
#3455=ORIENTED_EDGE('',*,*,#2647,.F.);
#3456=ORIENTED_EDGE('',*,*,#2648,.F.);
#3457=ORIENTED_EDGE('',*,*,#2649,.F.);
#3458=ORIENTED_EDGE('',*,*,#2650,.T.);
#3459=ORIENTED_EDGE('',*,*,#2651,.F.);
#3460=ORIENTED_EDGE('',*,*,#2652,.F.);
#3461=ORIENTED_EDGE('',*,*,#2653,.F.);
#3462=ORIENTED_EDGE('',*,*,#2654,.T.);
#3463=ORIENTED_EDGE('',*,*,#2601,.F.);
#3464=ORIENTED_EDGE('',*,*,#2655,.F.);
#3465=ORIENTED_EDGE('',*,*,#2636,.F.);
#3466=ORIENTED_EDGE('',*,*,#2484,.F.);
#3467=ORIENTED_EDGE('',*,*,#2555,.T.);
#3468=ORIENTED_EDGE('',*,*,#2552,.F.);
#3469=ORIENTED_EDGE('',*,*,#2573,.T.);
#3470=ORIENTED_EDGE('',*,*,#2570,.F.);
#3471=ORIENTED_EDGE('',*,*,#2653,.T.);
#3472=ORIENTED_EDGE('',*,*,#2656,.F.);
#3473=ORIENTED_EDGE('',*,*,#2440,.T.);
#3474=ORIENTED_EDGE('',*,*,#2657,.F.);
#3475=ORIENTED_EDGE('',*,*,#2658,.T.);
#3476=ORIENTED_EDGE('',*,*,#2659,.F.);
#3477=ORIENTED_EDGE('',*,*,#2660,.T.);
#3478=ORIENTED_EDGE('',*,*,#2661,.F.);
#3479=ORIENTED_EDGE('',*,*,#2523,.F.);
#3480=ORIENTED_EDGE('',*,*,#2662,.F.);
#3481=ORIENTED_EDGE('',*,*,#2621,.T.);
#3482=ORIENTED_EDGE('',*,*,#2614,.F.);
#3483=ORIENTED_EDGE('',*,*,#2560,.T.);
#3484=ORIENTED_EDGE('',*,*,#2557,.F.);
#3485=ORIENTED_EDGE('',*,*,#2634,.T.);
#3486=ORIENTED_EDGE('',*,*,#2632,.F.);
#3487=ORIENTED_EDGE('',*,*,#2619,.F.);
#3488=ORIENTED_EDGE('',*,*,#2663,.F.);
#3489=ORIENTED_EDGE('',*,*,#2648,.T.);
#3490=ORIENTED_EDGE('',*,*,#2646,.F.);
#3491=ORIENTED_EDGE('',*,*,#2551,.T.);
#3492=ORIENTED_EDGE('',*,*,#2548,.F.);
#3493=ORIENTED_EDGE('',*,*,#2569,.T.);
#3494=ORIENTED_EDGE('',*,*,#2567,.F.);
#3495=ORIENTED_EDGE('',*,*,#2546,.T.);
#3496=ORIENTED_EDGE('',*,*,#2543,.F.);
#3497=ORIENTED_EDGE('',*,*,#2613,.T.);
#3498=ORIENTED_EDGE('',*,*,#2611,.F.);
#3499=ORIENTED_EDGE('',*,*,#2576,.T.);
#3500=ORIENTED_EDGE('',*,*,#2574,.F.);
#3501=ORIENTED_EDGE('',*,*,#2565,.T.);
#3502=ORIENTED_EDGE('',*,*,#2562,.F.);
#3503=ORIENTED_EDGE('',*,*,#2664,.T.);
#3504=ORIENTED_EDGE('',*,*,#2579,.F.);
#3505=ORIENTED_EDGE('',*,*,#2582,.T.);
#3506=ORIENTED_EDGE('',*,*,#2608,.F.);
#3507=ORIENTED_EDGE('',*,*,#2610,.T.);
#3508=ORIENTED_EDGE('',*,*,#2644,.F.);
#3509=ORIENTED_EDGE('',*,*,#2665,.F.);
#3510=ORIENTED_EDGE('',*,*,#2666,.F.);
#3511=ORIENTED_EDGE('',*,*,#2617,.T.);
#3512=ORIENTED_EDGE('',*,*,#2635,.F.);
#3513=ORIENTED_EDGE('',*,*,#2655,.T.);
#3514=ORIENTED_EDGE('',*,*,#2600,.F.);
#3515=ORIENTED_EDGE('',*,*,#2598,.T.);
#3516=ORIENTED_EDGE('',*,*,#2595,.F.);
#3517=ORIENTED_EDGE('',*,*,#2629,.T.);
#3518=ORIENTED_EDGE('',*,*,#2667,.F.);
#3519=ORIENTED_EDGE('',*,*,#2519,.T.);
#3520=ORIENTED_EDGE('',*,*,#2668,.F.);
#3521=ORIENTED_EDGE('',*,*,#2669,.T.);
#3522=ORIENTED_EDGE('',*,*,#2670,.F.);
#3523=ORIENTED_EDGE('',*,*,#2671,.T.);
#3524=ORIENTED_EDGE('',*,*,#2672,.F.);
#3525=ORIENTED_EDGE('',*,*,#2444,.F.);
#3526=ORIENTED_EDGE('',*,*,#2673,.F.);
#3527=ORIENTED_EDGE('',*,*,#2606,.T.);
#3528=ORIENTED_EDGE('',*,*,#2638,.F.);
#3529=ORIENTED_EDGE('',*,*,#2640,.T.);
#3530=ORIENTED_EDGE('',*,*,#2642,.F.);
#3531=ORIENTED_EDGE('',*,*,#2643,.T.);
#3532=ORIENTED_EDGE('',*,*,#2603,.F.);
#3533=ORIENTED_EDGE('',*,*,#2594,.T.);
#3534=ORIENTED_EDGE('',*,*,#2589,.F.);
#3535=ORIENTED_EDGE('',*,*,#2591,.T.);
#3536=ORIENTED_EDGE('',*,*,#2584,.F.);
#3537=ORIENTED_EDGE('',*,*,#2587,.T.);
#3538=ORIENTED_EDGE('',*,*,#2593,.F.);
#3539=ORIENTED_EDGE('',*,*,#2674,.T.);
#3540=ORIENTED_EDGE('',*,*,#2675,.T.);
#3541=ORIENTED_EDGE('',*,*,#2676,.T.);
#3542=ORIENTED_EDGE('',*,*,#2677,.T.);
#3543=ORIENTED_EDGE('',*,*,#2675,.F.);
#3544=ORIENTED_EDGE('',*,*,#2678,.F.);
#3545=ORIENTED_EDGE('',*,*,#2679,.F.);
#3546=ORIENTED_EDGE('',*,*,#2680,.T.);
#3547=ORIENTED_EDGE('',*,*,#2681,.T.);
#3548=ORIENTED_EDGE('',*,*,#2682,.T.);
#3549=ORIENTED_EDGE('',*,*,#2683,.T.);
#3550=ORIENTED_EDGE('',*,*,#2684,.T.);
#3551=ORIENTED_EDGE('',*,*,#2682,.F.);
#3552=ORIENTED_EDGE('',*,*,#2685,.F.);
#3553=ORIENTED_EDGE('',*,*,#2686,.F.);
#3554=ORIENTED_EDGE('',*,*,#2687,.T.);
#3555=ORIENTED_EDGE('',*,*,#2688,.T.);
#3556=ORIENTED_EDGE('',*,*,#2679,.T.);
#3557=ORIENTED_EDGE('',*,*,#2689,.T.);
#3558=ORIENTED_EDGE('',*,*,#2690,.T.);
#3559=ORIENTED_EDGE('',*,*,#2691,.T.);
#3560=ORIENTED_EDGE('',*,*,#2686,.T.);
#3561=ORIENTED_EDGE('',*,*,#2692,.T.);
#3562=ORIENTED_EDGE('',*,*,#2693,.T.);
#3563=ORIENTED_EDGE('',*,*,#2694,.T.);
#3564=ORIENTED_EDGE('',*,*,#2695,.T.);
#3565=ORIENTED_EDGE('',*,*,#2696,.T.);
#3566=ORIENTED_EDGE('',*,*,#2697,.T.);
#3567=ORIENTED_EDGE('',*,*,#2695,.F.);
#3568=ORIENTED_EDGE('',*,*,#2698,.F.);
#3569=ORIENTED_EDGE('',*,*,#2699,.F.);
#3570=ORIENTED_EDGE('',*,*,#2700,.T.);
#3571=ORIENTED_EDGE('',*,*,#2701,.T.);
#3572=ORIENTED_EDGE('',*,*,#2702,.T.);
#3573=ORIENTED_EDGE('',*,*,#2703,.T.);
#3574=ORIENTED_EDGE('',*,*,#2704,.T.);
#3575=ORIENTED_EDGE('',*,*,#2702,.F.);
#3576=ORIENTED_EDGE('',*,*,#2705,.F.);
#3577=ORIENTED_EDGE('',*,*,#2706,.F.);
#3578=ORIENTED_EDGE('',*,*,#2707,.T.);
#3579=ORIENTED_EDGE('',*,*,#2708,.T.);
#3580=ORIENTED_EDGE('',*,*,#2699,.T.);
#3581=ORIENTED_EDGE('',*,*,#2709,.T.);
#3582=ORIENTED_EDGE('',*,*,#2710,.T.);
#3583=ORIENTED_EDGE('',*,*,#2711,.T.);
#3584=ORIENTED_EDGE('',*,*,#2706,.T.);
#3585=ORIENTED_EDGE('',*,*,#2712,.T.);
#3586=ORIENTED_EDGE('',*,*,#2713,.T.);
#3587=ORIENTED_EDGE('',*,*,#2714,.T.);
#3588=ORIENTED_EDGE('',*,*,#2715,.T.);
#3589=ORIENTED_EDGE('',*,*,#2716,.T.);
#3590=ORIENTED_EDGE('',*,*,#2717,.T.);
#3591=ORIENTED_EDGE('',*,*,#2715,.F.);
#3592=ORIENTED_EDGE('',*,*,#2718,.T.);
#3593=ORIENTED_EDGE('',*,*,#2719,.F.);
#3594=ORIENTED_EDGE('',*,*,#2720,.F.);
#3595=ORIENTED_EDGE('',*,*,#2721,.T.);
#3596=ORIENTED_EDGE('',*,*,#2722,.T.);
#3597=ORIENTED_EDGE('',*,*,#2723,.T.);
#3598=ORIENTED_EDGE('',*,*,#2724,.T.);
#3599=ORIENTED_EDGE('',*,*,#2722,.F.);
#3600=ORIENTED_EDGE('',*,*,#2725,.T.);
#3601=ORIENTED_EDGE('',*,*,#2726,.F.);
#3602=ORIENTED_EDGE('',*,*,#2727,.F.);
#3603=ORIENTED_EDGE('',*,*,#2728,.T.);
#3604=ORIENTED_EDGE('',*,*,#2726,.T.);
#3605=ORIENTED_EDGE('',*,*,#2729,.T.);
#3606=ORIENTED_EDGE('',*,*,#2730,.T.);
#3607=ORIENTED_EDGE('',*,*,#2731,.T.);
#3608=ORIENTED_EDGE('',*,*,#2719,.T.);
#3609=ORIENTED_EDGE('',*,*,#2732,.T.);
#3610=ORIENTED_EDGE('',*,*,#2733,.T.);
#3611=ORIENTED_EDGE('',*,*,#2734,.T.);
#3612=ORIENTED_EDGE('',*,*,#2735,.T.);
#3613=ORIENTED_EDGE('',*,*,#2736,.T.);
#3614=ORIENTED_EDGE('',*,*,#2737,.T.);
#3615=ORIENTED_EDGE('',*,*,#2735,.F.);
#3616=ORIENTED_EDGE('',*,*,#2738,.F.);
#3617=ORIENTED_EDGE('',*,*,#2739,.F.);
#3618=ORIENTED_EDGE('',*,*,#2740,.T.);
#3619=ORIENTED_EDGE('',*,*,#2741,.T.);
#3620=ORIENTED_EDGE('',*,*,#2742,.T.);
#3621=ORIENTED_EDGE('',*,*,#2743,.T.);
#3622=ORIENTED_EDGE('',*,*,#2744,.T.);
#3623=ORIENTED_EDGE('',*,*,#2742,.F.);
#3624=ORIENTED_EDGE('',*,*,#2745,.F.);
#3625=ORIENTED_EDGE('',*,*,#2746,.F.);
#3626=ORIENTED_EDGE('',*,*,#2747,.T.);
#3627=ORIENTED_EDGE('',*,*,#2748,.T.);
#3628=ORIENTED_EDGE('',*,*,#2749,.T.);
#3629=ORIENTED_EDGE('',*,*,#2750,.T.);
#3630=ORIENTED_EDGE('',*,*,#2751,.T.);
#3631=ORIENTED_EDGE('',*,*,#2749,.F.);
#3632=ORIENTED_EDGE('',*,*,#2752,.F.);
#3633=ORIENTED_EDGE('',*,*,#2753,.F.);
#3634=ORIENTED_EDGE('',*,*,#2754,.T.);
#3635=ORIENTED_EDGE('',*,*,#2755,.T.);
#3636=ORIENTED_EDGE('',*,*,#2756,.T.);
#3637=ORIENTED_EDGE('',*,*,#2757,.T.);
#3638=ORIENTED_EDGE('',*,*,#2758,.T.);
#3639=ORIENTED_EDGE('',*,*,#2756,.F.);
#3640=ORIENTED_EDGE('',*,*,#2759,.F.);
#3641=ORIENTED_EDGE('',*,*,#2760,.F.);
#3642=ORIENTED_EDGE('',*,*,#2761,.T.);
#3643=ORIENTED_EDGE('',*,*,#2762,.T.);
#3644=ORIENTED_EDGE('',*,*,#2753,.T.);
#3645=ORIENTED_EDGE('',*,*,#2763,.T.);
#3646=ORIENTED_EDGE('',*,*,#2764,.T.);
#3647=ORIENTED_EDGE('',*,*,#2765,.T.);
#3648=ORIENTED_EDGE('',*,*,#2760,.T.);
#3649=ORIENTED_EDGE('',*,*,#2766,.T.);
#3650=ORIENTED_EDGE('',*,*,#2767,.T.);
#3651=ORIENTED_EDGE('',*,*,#2768,.T.);
#3652=ORIENTED_EDGE('',*,*,#2769,.T.);
#3653=ORIENTED_EDGE('',*,*,#2770,.T.);
#3654=ORIENTED_EDGE('',*,*,#2771,.T.);
#3655=ORIENTED_EDGE('',*,*,#2769,.F.);
#3656=ORIENTED_EDGE('',*,*,#2772,.T.);
#3657=ORIENTED_EDGE('',*,*,#2773,.F.);
#3658=ORIENTED_EDGE('',*,*,#2774,.F.);
#3659=ORIENTED_EDGE('',*,*,#2775,.T.);
#3660=ORIENTED_EDGE('',*,*,#2776,.T.);
#3661=ORIENTED_EDGE('',*,*,#2777,.T.);
#3662=ORIENTED_EDGE('',*,*,#2778,.T.);
#3663=ORIENTED_EDGE('',*,*,#2776,.F.);
#3664=ORIENTED_EDGE('',*,*,#2779,.T.);
#3665=ORIENTED_EDGE('',*,*,#2780,.F.);
#3666=ORIENTED_EDGE('',*,*,#2781,.F.);
#3667=ORIENTED_EDGE('',*,*,#2782,.T.);
#3668=ORIENTED_EDGE('',*,*,#2780,.T.);
#3669=ORIENTED_EDGE('',*,*,#2783,.T.);
#3670=ORIENTED_EDGE('',*,*,#2784,.T.);
#3671=ORIENTED_EDGE('',*,*,#2785,.T.);
#3672=ORIENTED_EDGE('',*,*,#2773,.T.);
#3673=ORIENTED_EDGE('',*,*,#2786,.T.);
#3674=ORIENTED_EDGE('',*,*,#2787,.T.);
#3675=ORIENTED_EDGE('',*,*,#2788,.T.);
#3676=ORIENTED_EDGE('',*,*,#2746,.T.);
#3677=ORIENTED_EDGE('',*,*,#2789,.T.);
#3678=ORIENTED_EDGE('',*,*,#2790,.T.);
#3679=ORIENTED_EDGE('',*,*,#2791,.T.);
#3680=ORIENTED_EDGE('',*,*,#2739,.T.);
#3681=ORIENTED_EDGE('',*,*,#2792,.T.);
#3682=ORIENTED_EDGE('',*,*,#2793,.T.);
#3683=ORIENTED_EDGE('',*,*,#2504,.T.);
#3684=ORIENTED_EDGE('',*,*,#2408,.T.);
#3685=ORIENTED_EDGE('',*,*,#2461,.T.);
#3686=ORIENTED_EDGE('',*,*,#2794,.T.);
#3687=ORIENTED_EDGE('',*,*,#2795,.T.);
#3688=ORIENTED_EDGE('',*,*,#2796,.T.);
#3689=ORIENTED_EDGE('',*,*,#2797,.T.);
#3690=ORIENTED_EDGE('',*,*,#2798,.T.);
#3691=ORIENTED_EDGE('',*,*,#2799,.T.);
#3692=ORIENTED_EDGE('',*,*,#2800,.T.);
#3693=ORIENTED_EDGE('',*,*,#2795,.F.);
#3694=ORIENTED_EDGE('',*,*,#2801,.T.);
#3695=ORIENTED_EDGE('',*,*,#2802,.F.);
#3696=ORIENTED_EDGE('',*,*,#2803,.T.);
#3697=ORIENTED_EDGE('',*,*,#2804,.F.);
#3698=ORIENTED_EDGE('',*,*,#2805,.T.);
#3699=ORIENTED_EDGE('',*,*,#2806,.F.);
#3700=ORIENTED_EDGE('',*,*,#2807,.T.);
#3701=ORIENTED_EDGE('',*,*,#2808,.F.);
#3702=ORIENTED_EDGE('',*,*,#2809,.F.);
#3703=ORIENTED_EDGE('',*,*,#2810,.T.);
#3704=ORIENTED_EDGE('',*,*,#2684,.F.);
#3705=ORIENTED_EDGE('',*,*,#2811,.T.);
#3706=ORIENTED_EDGE('',*,*,#2677,.F.);
#3707=ORIENTED_EDGE('',*,*,#2794,.F.);
#3708=ORIENTED_EDGE('',*,*,#2460,.F.);
#3709=ORIENTED_EDGE('',*,*,#2812,.F.);
#3710=ORIENTED_EDGE('',*,*,#2813,.F.);
#3711=ORIENTED_EDGE('',*,*,#2814,.F.);
#3712=ORIENTED_EDGE('',*,*,#2815,.F.);
#3713=ORIENTED_EDGE('',*,*,#2816,.F.);
#3714=ORIENTED_EDGE('',*,*,#2801,.F.);
#3715=ORIENTED_EDGE('',*,*,#2817,.T.);
#3716=ORIENTED_EDGE('',*,*,#2818,.T.);
#3717=ORIENTED_EDGE('',*,*,#2506,.T.);
#3718=ORIENTED_EDGE('',*,*,#2819,.T.);
#3719=ORIENTED_EDGE('',*,*,#2818,.F.);
#3720=ORIENTED_EDGE('',*,*,#2820,.F.);
#3721=ORIENTED_EDGE('',*,*,#2821,.F.);
#3722=ORIENTED_EDGE('',*,*,#2803,.F.);
#3723=ORIENTED_EDGE('',*,*,#2822,.F.);
#3724=ORIENTED_EDGE('',*,*,#2823,.F.);
#3725=ORIENTED_EDGE('',*,*,#2824,.F.);
#3726=ORIENTED_EDGE('',*,*,#2825,.F.);
#3727=ORIENTED_EDGE('',*,*,#2826,.F.);
#3728=ORIENTED_EDGE('',*,*,#2827,.F.);
#3729=ORIENTED_EDGE('',*,*,#2828,.F.);
#3730=ORIENTED_EDGE('',*,*,#2458,.F.);
#3731=ORIENTED_EDGE('',*,*,#2829,.F.);
#3732=ORIENTED_EDGE('',*,*,#2830,.F.);
#3733=ORIENTED_EDGE('',*,*,#2831,.F.);
#3734=ORIENTED_EDGE('',*,*,#2832,.F.);
#3735=ORIENTED_EDGE('',*,*,#2833,.F.);
#3736=ORIENTED_EDGE('',*,*,#2834,.F.);
#3737=ORIENTED_EDGE('',*,*,#2835,.F.);
#3738=ORIENTED_EDGE('',*,*,#2507,.F.);
#3739=ORIENTED_EDGE('',*,*,#2836,.F.);
#3740=ORIENTED_EDGE('',*,*,#2837,.F.);
#3741=ORIENTED_EDGE('',*,*,#2838,.F.);
#3742=ORIENTED_EDGE('',*,*,#2839,.F.);
#3743=ORIENTED_EDGE('',*,*,#2840,.F.);
#3744=ORIENTED_EDGE('',*,*,#2841,.F.);
#3745=ORIENTED_EDGE('',*,*,#2842,.F.);
#3746=ORIENTED_EDGE('',*,*,#2843,.F.);
#3747=ORIENTED_EDGE('',*,*,#2844,.F.);
#3748=ORIENTED_EDGE('',*,*,#2845,.F.);
#3749=ORIENTED_EDGE('',*,*,#2846,.F.);
#3750=ORIENTED_EDGE('',*,*,#2847,.F.);
#3751=ORIENTED_EDGE('',*,*,#2848,.F.);
#3752=ORIENTED_EDGE('',*,*,#2849,.F.);
#3753=ORIENTED_EDGE('',*,*,#2850,.F.);
#3754=ORIENTED_EDGE('',*,*,#2851,.F.);
#3755=ORIENTED_EDGE('',*,*,#2852,.F.);
#3756=ORIENTED_EDGE('',*,*,#2853,.F.);
#3757=ORIENTED_EDGE('',*,*,#2854,.F.);
#3758=ORIENTED_EDGE('',*,*,#2855,.F.);
#3759=ORIENTED_EDGE('',*,*,#2856,.F.);
#3760=ORIENTED_EDGE('',*,*,#2857,.F.);
#3761=ORIENTED_EDGE('',*,*,#2858,.F.);
#3762=ORIENTED_EDGE('',*,*,#2859,.F.);
#3763=ORIENTED_EDGE('',*,*,#2860,.T.);
#3764=ORIENTED_EDGE('',*,*,#2822,.T.);
#3765=ORIENTED_EDGE('',*,*,#2802,.T.);
#3766=ORIENTED_EDGE('',*,*,#2816,.T.);
#3767=ORIENTED_EDGE('',*,*,#2861,.T.);
#3768=ORIENTED_EDGE('',*,*,#2812,.T.);
#3769=ORIENTED_EDGE('',*,*,#2459,.T.);
#3770=ORIENTED_EDGE('',*,*,#2828,.T.);
#3771=ORIENTED_EDGE('',*,*,#2862,.T.);
#3772=ORIENTED_EDGE('',*,*,#2863,.T.);
#3773=ORIENTED_EDGE('',*,*,#2510,.T.);
#3774=ORIENTED_EDGE('',*,*,#2864,.T.);
#3775=ORIENTED_EDGE('',*,*,#2863,.F.);
#3776=ORIENTED_EDGE('',*,*,#2865,.F.);
#3777=ORIENTED_EDGE('',*,*,#2866,.F.);
#3778=ORIENTED_EDGE('',*,*,#2511,.F.);
#3779=ORIENTED_EDGE('',*,*,#2867,.T.);
#3780=ORIENTED_EDGE('',*,*,#2868,.T.);
#3781=ORIENTED_EDGE('',*,*,#2806,.T.);
#3782=ORIENTED_EDGE('',*,*,#2869,.T.);
#3783=ORIENTED_EDGE('',*,*,#2868,.F.);
#3784=ORIENTED_EDGE('',*,*,#2870,.F.);
#3785=ORIENTED_EDGE('',*,*,#2871,.F.);
#3786=ORIENTED_EDGE('',*,*,#2872,.F.);
#3787=ORIENTED_EDGE('',*,*,#2873,.F.);
#3788=ORIENTED_EDGE('',*,*,#2454,.F.);
#3789=ORIENTED_EDGE('',*,*,#2874,.F.);
#3790=ORIENTED_EDGE('',*,*,#2807,.F.);
#3791=ORIENTED_EDGE('',*,*,#2453,.T.);
#3792=ORIENTED_EDGE('',*,*,#2479,.T.);
#3793=ORIENTED_EDGE('',*,*,#2512,.T.);
#3794=ORIENTED_EDGE('',*,*,#2866,.T.);
#3795=ORIENTED_EDGE('',*,*,#2875,.T.);
#3796=ORIENTED_EDGE('',*,*,#2876,.T.);
#3797=ORIENTED_EDGE('',*,*,#2877,.T.);
#3798=ORIENTED_EDGE('',*,*,#2878,.T.);
#3799=ORIENTED_EDGE('',*,*,#2808,.T.);
#3800=ORIENTED_EDGE('',*,*,#2874,.T.);
#3801=ORIENTED_EDGE('',*,*,#2879,.T.);
#3802=ORIENTED_EDGE('',*,*,#2880,.T.);
#3803=ORIENTED_EDGE('',*,*,#2455,.T.);
#3804=ORIENTED_EDGE('',*,*,#2873,.T.);
#3805=ORIENTED_EDGE('',*,*,#2864,.F.);
#3806=ORIENTED_EDGE('',*,*,#2509,.F.);
#3807=ORIENTED_EDGE('',*,*,#2881,.T.);
#3808=ORIENTED_EDGE('',*,*,#2882,.F.);
#3809=ORIENTED_EDGE('',*,*,#2883,.F.);
#3810=ORIENTED_EDGE('',*,*,#2884,.F.);
#3811=ORIENTED_EDGE('',*,*,#2885,.F.);
#3812=ORIENTED_EDGE('',*,*,#2886,.F.);
#3813=ORIENTED_EDGE('',*,*,#2887,.T.);
#3814=ORIENTED_EDGE('',*,*,#2456,.F.);
#3815=ORIENTED_EDGE('',*,*,#2880,.F.);
#3816=ORIENTED_EDGE('',*,*,#2888,.F.);
#3817=ORIENTED_EDGE('',*,*,#2889,.F.);
#3818=ORIENTED_EDGE('',*,*,#2890,.F.);
#3819=ORIENTED_EDGE('',*,*,#2891,.F.);
#3820=ORIENTED_EDGE('',*,*,#2892,.F.);
#3821=ORIENTED_EDGE('',*,*,#2869,.F.);
#3822=ORIENTED_EDGE('',*,*,#2805,.F.);
#3823=ORIENTED_EDGE('',*,*,#2893,.F.);
#3824=ORIENTED_EDGE('',*,*,#2894,.F.);
#3825=ORIENTED_EDGE('',*,*,#2895,.F.);
#3826=ORIENTED_EDGE('',*,*,#2896,.F.);
#3827=ORIENTED_EDGE('',*,*,#2897,.F.);
#3828=ORIENTED_EDGE('',*,*,#2898,.F.);
#3829=ORIENTED_EDGE('',*,*,#2899,.F.);
#3830=ORIENTED_EDGE('',*,*,#2900,.F.);
#3831=ORIENTED_EDGE('',*,*,#2901,.F.);
#3832=ORIENTED_EDGE('',*,*,#2902,.F.);
#3833=ORIENTED_EDGE('',*,*,#2903,.F.);
#3834=ORIENTED_EDGE('',*,*,#2904,.F.);
#3835=ORIENTED_EDGE('',*,*,#2905,.F.);
#3836=ORIENTED_EDGE('',*,*,#2906,.F.);
#3837=ORIENTED_EDGE('',*,*,#2907,.F.);
#3838=ORIENTED_EDGE('',*,*,#2908,.F.);
#3839=ORIENTED_EDGE('',*,*,#2909,.F.);
#3840=ORIENTED_EDGE('',*,*,#2910,.F.);
#3841=ORIENTED_EDGE('',*,*,#2911,.F.);
#3842=ORIENTED_EDGE('',*,*,#2912,.F.);
#3843=ORIENTED_EDGE('',*,*,#2913,.F.);
#3844=ORIENTED_EDGE('',*,*,#2914,.F.);
#3845=ORIENTED_EDGE('',*,*,#2915,.F.);
#3846=ORIENTED_EDGE('',*,*,#2916,.F.);
#3847=ORIENTED_EDGE('',*,*,#2917,.F.);
#3848=ORIENTED_EDGE('',*,*,#2918,.F.);
#3849=ORIENTED_EDGE('',*,*,#2919,.F.);
#3850=ORIENTED_EDGE('',*,*,#2829,.T.);
#3851=ORIENTED_EDGE('',*,*,#2457,.F.);
#3852=ORIENTED_EDGE('',*,*,#2887,.F.);
#3853=ORIENTED_EDGE('',*,*,#2920,.F.);
#3854=ORIENTED_EDGE('',*,*,#2881,.F.);
#3855=ORIENTED_EDGE('',*,*,#2508,.F.);
#3856=ORIENTED_EDGE('',*,*,#2835,.T.);
#3857=ORIENTED_EDGE('',*,*,#2800,.F.);
#3858=ORIENTED_EDGE('',*,*,#2921,.F.);
#3859=ORIENTED_EDGE('',*,*,#2819,.F.);
#3860=ORIENTED_EDGE('',*,*,#2505,.F.);
#3861=ORIENTED_EDGE('',*,*,#2882,.T.);
#3862=ORIENTED_EDGE('',*,*,#2920,.T.);
#3863=ORIENTED_EDGE('',*,*,#2834,.T.);
#3864=ORIENTED_EDGE('',*,*,#2922,.F.);
#3865=ORIENTED_EDGE('',*,*,#2923,.T.);
#3866=ORIENTED_EDGE('',*,*,#2924,.T.);
#3867=ORIENTED_EDGE('',*,*,#2925,.T.);
#3868=ORIENTED_EDGE('',*,*,#2926,.T.);
#3869=ORIENTED_EDGE('',*,*,#2927,.T.);
#3870=ORIENTED_EDGE('',*,*,#2928,.T.);
#3871=ORIENTED_EDGE('',*,*,#2929,.T.);
#3872=ORIENTED_EDGE('',*,*,#2930,.T.);
#3873=ORIENTED_EDGE('',*,*,#2931,.T.);
#3874=ORIENTED_EDGE('',*,*,#2883,.T.);
#3875=ORIENTED_EDGE('',*,*,#2922,.T.);
#3876=ORIENTED_EDGE('',*,*,#2833,.T.);
#3877=ORIENTED_EDGE('',*,*,#2932,.T.);
#3878=ORIENTED_EDGE('',*,*,#2897,.T.);
#3879=ORIENTED_EDGE('',*,*,#2933,.T.);
#3880=ORIENTED_EDGE('',*,*,#2858,.T.);
#3881=ORIENTED_EDGE('',*,*,#2934,.T.);
#3882=ORIENTED_EDGE('',*,*,#2898,.T.);
#3883=ORIENTED_EDGE('',*,*,#2934,.F.);
#3884=ORIENTED_EDGE('',*,*,#2857,.T.);
#3885=ORIENTED_EDGE('',*,*,#2935,.F.);
#3886=ORIENTED_EDGE('',*,*,#2936,.T.);
#3887=ORIENTED_EDGE('',*,*,#2713,.F.);
#3888=ORIENTED_EDGE('',*,*,#2937,.T.);
#3889=ORIENTED_EDGE('',*,*,#2710,.F.);
#3890=ORIENTED_EDGE('',*,*,#2896,.T.);
#3891=ORIENTED_EDGE('',*,*,#2938,.F.);
#3892=ORIENTED_EDGE('',*,*,#2859,.T.);
#3893=ORIENTED_EDGE('',*,*,#2933,.F.);
#3894=ORIENTED_EDGE('',*,*,#2903,.T.);
#3895=ORIENTED_EDGE('',*,*,#2939,.T.);
#3896=ORIENTED_EDGE('',*,*,#2852,.T.);
#3897=ORIENTED_EDGE('',*,*,#2940,.T.);
#3898=ORIENTED_EDGE('',*,*,#2904,.T.);
#3899=ORIENTED_EDGE('',*,*,#2940,.F.);
#3900=ORIENTED_EDGE('',*,*,#2851,.T.);
#3901=ORIENTED_EDGE('',*,*,#2941,.F.);
#3902=ORIENTED_EDGE('',*,*,#2942,.T.);
#3903=ORIENTED_EDGE('',*,*,#2744,.F.);
#3904=ORIENTED_EDGE('',*,*,#2943,.T.);
#3905=ORIENTED_EDGE('',*,*,#2737,.F.);
#3906=ORIENTED_EDGE('',*,*,#2902,.T.);
#3907=ORIENTED_EDGE('',*,*,#2944,.F.);
#3908=ORIENTED_EDGE('',*,*,#2853,.T.);
#3909=ORIENTED_EDGE('',*,*,#2939,.F.);
#3910=ORIENTED_EDGE('',*,*,#2909,.T.);
#3911=ORIENTED_EDGE('',*,*,#2945,.T.);
#3912=ORIENTED_EDGE('',*,*,#2846,.T.);
#3913=ORIENTED_EDGE('',*,*,#2946,.T.);
#3914=ORIENTED_EDGE('',*,*,#2910,.T.);
#3915=ORIENTED_EDGE('',*,*,#2946,.F.);
#3916=ORIENTED_EDGE('',*,*,#2845,.T.);
#3917=ORIENTED_EDGE('',*,*,#2947,.F.);
#3918=ORIENTED_EDGE('',*,*,#2908,.T.);
#3919=ORIENTED_EDGE('',*,*,#2948,.F.);
#3920=ORIENTED_EDGE('',*,*,#2847,.T.);
#3921=ORIENTED_EDGE('',*,*,#2945,.F.);
#3922=ORIENTED_EDGE('',*,*,#2949,.T.);
#3923=ORIENTED_EDGE('',*,*,#2787,.F.);
#3924=ORIENTED_EDGE('',*,*,#2950,.T.);
#3925=ORIENTED_EDGE('',*,*,#2784,.F.);
#3926=ORIENTED_EDGE('',*,*,#2915,.T.);
#3927=ORIENTED_EDGE('',*,*,#2951,.T.);
#3928=ORIENTED_EDGE('',*,*,#2840,.T.);
#3929=ORIENTED_EDGE('',*,*,#2952,.T.);
#3930=ORIENTED_EDGE('',*,*,#2916,.T.);
#3931=ORIENTED_EDGE('',*,*,#2952,.F.);
#3932=ORIENTED_EDGE('',*,*,#2839,.T.);
#3933=ORIENTED_EDGE('',*,*,#2953,.F.);
#3934=ORIENTED_EDGE('',*,*,#2954,.T.);
#3935=ORIENTED_EDGE('',*,*,#2778,.F.);
#3936=ORIENTED_EDGE('',*,*,#2955,.T.);
#3937=ORIENTED_EDGE('',*,*,#2771,.F.);
#3938=ORIENTED_EDGE('',*,*,#2914,.T.);
#3939=ORIENTED_EDGE('',*,*,#2956,.F.);
#3940=ORIENTED_EDGE('',*,*,#2841,.T.);
#3941=ORIENTED_EDGE('',*,*,#2951,.F.);
#3942=ORIENTED_EDGE('',*,*,#2957,.T.);
#3943=ORIENTED_EDGE('',*,*,#2758,.F.);
#3944=ORIENTED_EDGE('',*,*,#2958,.T.);
#3945=ORIENTED_EDGE('',*,*,#2751,.F.);
#3946=ORIENTED_EDGE('',*,*,#2890,.T.);
#3947=ORIENTED_EDGE('',*,*,#2959,.F.);
#3948=ORIENTED_EDGE('',*,*,#2825,.T.);
#3949=ORIENTED_EDGE('',*,*,#2960,.F.);
#3950=ORIENTED_EDGE('',*,*,#2961,.T.);
#3951=ORIENTED_EDGE('',*,*,#2704,.F.);
#3952=ORIENTED_EDGE('',*,*,#2962,.T.);
#3953=ORIENTED_EDGE('',*,*,#2697,.F.);
#3954=ORIENTED_EDGE('',*,*,#2891,.T.);
#3955=ORIENTED_EDGE('',*,*,#2960,.T.);
#3956=ORIENTED_EDGE('',*,*,#2824,.T.);
#3957=ORIENTED_EDGE('',*,*,#2963,.T.);
#3958=ORIENTED_EDGE('',*,*,#2870,.T.);
#3959=ORIENTED_EDGE('',*,*,#2867,.F.);
#3960=ORIENTED_EDGE('',*,*,#2892,.T.);
#3961=ORIENTED_EDGE('',*,*,#2963,.F.);
#3962=ORIENTED_EDGE('',*,*,#2823,.T.);
#3963=ORIENTED_EDGE('',*,*,#2860,.F.);
#3964=ORIENTED_EDGE('',*,*,#2815,.T.);
#3965=ORIENTED_EDGE('',*,*,#2964,.F.);
#3966=ORIENTED_EDGE('',*,*,#2965,.T.);
#3967=ORIENTED_EDGE('',*,*,#2693,.F.);
#3968=ORIENTED_EDGE('',*,*,#2966,.T.);
#3969=ORIENTED_EDGE('',*,*,#2690,.F.);
#3970=ORIENTED_EDGE('',*,*,#2893,.T.);
#3971=ORIENTED_EDGE('',*,*,#2804,.T.);
#3972=ORIENTED_EDGE('',*,*,#2821,.T.);
#3973=ORIENTED_EDGE('',*,*,#2967,.T.);
#3974=ORIENTED_EDGE('',*,*,#2796,.F.);
#3975=ORIENTED_EDGE('',*,*,#2809,.T.);
#3976=ORIENTED_EDGE('',*,*,#2878,.F.);
#3977=ORIENTED_EDGE('',*,*,#2968,.T.);
#3978=ORIENTED_EDGE('',*,*,#2958,.F.);
#3979=ORIENTED_EDGE('',*,*,#2757,.F.);
#3980=ORIENTED_EDGE('',*,*,#2761,.F.);
#3981=ORIENTED_EDGE('',*,*,#2765,.F.);
#3982=ORIENTED_EDGE('',*,*,#2969,.F.);
#3983=ORIENTED_EDGE('',*,*,#2763,.F.);
#3984=ORIENTED_EDGE('',*,*,#2752,.T.);
#3985=ORIENTED_EDGE('',*,*,#2748,.F.);
#3986=ORIENTED_EDGE('',*,*,#2950,.F.);
#3987=ORIENTED_EDGE('',*,*,#2786,.F.);
#3988=ORIENTED_EDGE('',*,*,#2772,.F.);
#3989=ORIENTED_EDGE('',*,*,#2768,.F.);
#3990=ORIENTED_EDGE('',*,*,#2955,.F.);
#3991=ORIENTED_EDGE('',*,*,#2777,.F.);
#3992=ORIENTED_EDGE('',*,*,#2781,.T.);
#3993=ORIENTED_EDGE('',*,*,#2782,.F.);
#3994=ORIENTED_EDGE('',*,*,#2942,.F.);
#3995=ORIENTED_EDGE('',*,*,#2736,.F.);
#3996=ORIENTED_EDGE('',*,*,#2740,.F.);
#3997=ORIENTED_EDGE('',*,*,#2791,.F.);
#3998=ORIENTED_EDGE('',*,*,#2970,.F.);
#3999=ORIENTED_EDGE('',*,*,#2789,.F.);
#4000=ORIENTED_EDGE('',*,*,#2745,.T.);
#4001=ORIENTED_EDGE('',*,*,#2741,.F.);
#4002=ORIENTED_EDGE('',*,*,#2962,.F.);
#4003=ORIENTED_EDGE('',*,*,#2703,.F.);
#4004=ORIENTED_EDGE('',*,*,#2707,.F.);
#4005=ORIENTED_EDGE('',*,*,#2711,.F.);
#4006=ORIENTED_EDGE('',*,*,#2936,.F.);
#4007=ORIENTED_EDGE('',*,*,#2709,.F.);
#4008=ORIENTED_EDGE('',*,*,#2698,.T.);
#4009=ORIENTED_EDGE('',*,*,#2694,.F.);
#4010=ORIENTED_EDGE('',*,*,#2966,.F.);
#4011=ORIENTED_EDGE('',*,*,#2692,.F.);
#4012=ORIENTED_EDGE('',*,*,#2685,.T.);
#4013=ORIENTED_EDGE('',*,*,#2681,.F.);
#4014=ORIENTED_EDGE('',*,*,#2810,.F.);
#4015=ORIENTED_EDGE('',*,*,#2676,.F.);
#4016=ORIENTED_EDGE('',*,*,#2680,.F.);
#4017=ORIENTED_EDGE('',*,*,#2688,.F.);
#4018=ORIENTED_EDGE('',*,*,#2971,.F.);
#4019=ORIENTED_EDGE('',*,*,#2729,.F.);
#4020=ORIENTED_EDGE('',*,*,#2725,.F.);
#4021=ORIENTED_EDGE('',*,*,#2721,.F.);
#4022=ORIENTED_EDGE('',*,*,#2972,.F.);
#4023=ORIENTED_EDGE('',*,*,#2716,.F.);
#4024=ORIENTED_EDGE('',*,*,#2720,.T.);
#4025=ORIENTED_EDGE('',*,*,#2731,.F.);
#4026=ORIENTED_EDGE('',*,*,#2957,.F.);
#4027=ORIENTED_EDGE('',*,*,#2750,.F.);
#4028=ORIENTED_EDGE('',*,*,#2754,.F.);
#4029=ORIENTED_EDGE('',*,*,#2762,.F.);
#4030=ORIENTED_EDGE('',*,*,#2973,.F.);
#4031=ORIENTED_EDGE('',*,*,#2766,.F.);
#4032=ORIENTED_EDGE('',*,*,#2759,.T.);
#4033=ORIENTED_EDGE('',*,*,#2755,.F.);
#4034=ORIENTED_EDGE('',*,*,#2949,.F.);
#4035=ORIENTED_EDGE('',*,*,#2783,.F.);
#4036=ORIENTED_EDGE('',*,*,#2779,.F.);
#4037=ORIENTED_EDGE('',*,*,#2775,.F.);
#4038=ORIENTED_EDGE('',*,*,#2954,.F.);
#4039=ORIENTED_EDGE('',*,*,#2770,.F.);
#4040=ORIENTED_EDGE('',*,*,#2774,.T.);
#4041=ORIENTED_EDGE('',*,*,#2785,.F.);
#4042=ORIENTED_EDGE('',*,*,#2943,.F.);
#4043=ORIENTED_EDGE('',*,*,#2743,.F.);
#4044=ORIENTED_EDGE('',*,*,#2747,.F.);
#4045=ORIENTED_EDGE('',*,*,#2788,.F.);
#4046=ORIENTED_EDGE('',*,*,#2974,.F.);
#4047=ORIENTED_EDGE('',*,*,#2792,.F.);
#4048=ORIENTED_EDGE('',*,*,#2738,.T.);
#4049=ORIENTED_EDGE('',*,*,#2734,.F.);
#4050=ORIENTED_EDGE('',*,*,#2975,.F.);
#4051=ORIENTED_EDGE('',*,*,#2732,.F.);
#4052=ORIENTED_EDGE('',*,*,#2718,.F.);
#4053=ORIENTED_EDGE('',*,*,#2714,.F.);
#4054=ORIENTED_EDGE('',*,*,#2976,.F.);
#4055=ORIENTED_EDGE('',*,*,#2723,.F.);
#4056=ORIENTED_EDGE('',*,*,#2727,.T.);
#4057=ORIENTED_EDGE('',*,*,#2728,.F.);
#4058=ORIENTED_EDGE('',*,*,#2961,.F.);
#4059=ORIENTED_EDGE('',*,*,#2696,.F.);
#4060=ORIENTED_EDGE('',*,*,#2700,.F.);
#4061=ORIENTED_EDGE('',*,*,#2708,.F.);
#4062=ORIENTED_EDGE('',*,*,#2937,.F.);
#4063=ORIENTED_EDGE('',*,*,#2712,.F.);
#4064=ORIENTED_EDGE('',*,*,#2705,.T.);
#4065=ORIENTED_EDGE('',*,*,#2701,.F.);
#4066=ORIENTED_EDGE('',*,*,#2965,.F.);
#4067=ORIENTED_EDGE('',*,*,#2689,.F.);
#4068=ORIENTED_EDGE('',*,*,#2678,.T.);
#4069=ORIENTED_EDGE('',*,*,#2674,.F.);
#4070=ORIENTED_EDGE('',*,*,#2811,.F.);
#4071=ORIENTED_EDGE('',*,*,#2683,.F.);
#4072=ORIENTED_EDGE('',*,*,#2687,.F.);
#4073=ORIENTED_EDGE('',*,*,#2691,.F.);
#4074=ORIENTED_EDGE('',*,*,#2885,.T.);
#4075=ORIENTED_EDGE('',*,*,#2977,.T.);
#4076=ORIENTED_EDGE('',*,*,#2831,.T.);
#4077=ORIENTED_EDGE('',*,*,#2978,.T.);
#4078=ORIENTED_EDGE('',*,*,#2884,.T.);
#4079=ORIENTED_EDGE('',*,*,#2932,.F.);
#4080=ORIENTED_EDGE('',*,*,#2832,.T.);
#4081=ORIENTED_EDGE('',*,*,#2977,.F.);
#4082=ORIENTED_EDGE('',*,*,#2969,.T.);
#4083=ORIENTED_EDGE('',*,*,#2767,.F.);
#4084=ORIENTED_EDGE('',*,*,#2973,.T.);
#4085=ORIENTED_EDGE('',*,*,#2764,.F.);
#4086=ORIENTED_EDGE('',*,*,#2931,.F.);
#4087=ORIENTED_EDGE('',*,*,#2979,.T.);
#4088=ORIENTED_EDGE('',*,*,#2530,.F.);
#4089=ORIENTED_EDGE('',*,*,#2979,.F.);
#4090=ORIENTED_EDGE('',*,*,#2930,.F.);
#4091=ORIENTED_EDGE('',*,*,#2980,.T.);
#4092=ORIENTED_EDGE('',*,*,#2531,.F.);
#4093=ORIENTED_EDGE('',*,*,#2980,.F.);
#4094=ORIENTED_EDGE('',*,*,#2929,.F.);
#4095=ORIENTED_EDGE('',*,*,#2981,.T.);
#4096=ORIENTED_EDGE('',*,*,#2532,.F.);
#4097=ORIENTED_EDGE('',*,*,#2981,.F.);
#4098=ORIENTED_EDGE('',*,*,#2928,.F.);
#4099=ORIENTED_EDGE('',*,*,#2982,.T.);
#4100=ORIENTED_EDGE('',*,*,#2533,.F.);
#4101=ORIENTED_EDGE('',*,*,#2982,.F.);
#4102=ORIENTED_EDGE('',*,*,#2927,.F.);
#4103=ORIENTED_EDGE('',*,*,#2983,.T.);
#4104=ORIENTED_EDGE('',*,*,#2534,.F.);
#4105=ORIENTED_EDGE('',*,*,#2983,.F.);
#4106=ORIENTED_EDGE('',*,*,#2926,.F.);
#4107=ORIENTED_EDGE('',*,*,#2984,.T.);
#4108=ORIENTED_EDGE('',*,*,#2535,.F.);
#4109=ORIENTED_EDGE('',*,*,#2984,.F.);
#4110=ORIENTED_EDGE('',*,*,#2925,.F.);
#4111=ORIENTED_EDGE('',*,*,#2985,.T.);
#4112=ORIENTED_EDGE('',*,*,#2536,.F.);
#4113=ORIENTED_EDGE('',*,*,#2985,.F.);
#4114=ORIENTED_EDGE('',*,*,#2924,.F.);
#4115=ORIENTED_EDGE('',*,*,#2986,.T.);
#4116=ORIENTED_EDGE('',*,*,#2537,.F.);
#4117=ORIENTED_EDGE('',*,*,#2986,.F.);
#4118=ORIENTED_EDGE('',*,*,#2923,.F.);
#4119=ORIENTED_EDGE('',*,*,#2987,.T.);
#4120=ORIENTED_EDGE('',*,*,#2538,.F.);
#4121=ORIENTED_EDGE('',*,*,#2987,.F.);
#4122=ORIENTED_EDGE('',*,*,#2988,.T.);
#4123=ORIENTED_EDGE('',*,*,#2989,.T.);
#4124=ORIENTED_EDGE('',*,*,#2524,.T.);
#4125=ORIENTED_EDGE('',*,*,#2661,.T.);
#4126=ORIENTED_EDGE('',*,*,#2989,.F.);
#4127=ORIENTED_EDGE('',*,*,#2990,.F.);
#4128=ORIENTED_EDGE('',*,*,#2991,.F.);
#4129=ORIENTED_EDGE('',*,*,#2525,.F.);
#4130=ORIENTED_EDGE('',*,*,#2992,.T.);
#4131=ORIENTED_EDGE('',*,*,#2657,.T.);
#4132=ORIENTED_EDGE('',*,*,#2439,.T.);
#4133=ORIENTED_EDGE('',*,*,#2993,.T.);
#4134=ORIENTED_EDGE('',*,*,#2994,.T.);
#4135=ORIENTED_EDGE('',*,*,#2995,.T.);
#4136=ORIENTED_EDGE('',*,*,#2445,.T.);
#4137=ORIENTED_EDGE('',*,*,#2672,.T.);
#4138=ORIENTED_EDGE('',*,*,#2995,.F.);
#4139=ORIENTED_EDGE('',*,*,#2996,.F.);
#4140=ORIENTED_EDGE('',*,*,#2997,.F.);
#4141=ORIENTED_EDGE('',*,*,#2446,.F.);
#4142=ORIENTED_EDGE('',*,*,#2998,.T.);
#4143=ORIENTED_EDGE('',*,*,#2668,.T.);
#4144=ORIENTED_EDGE('',*,*,#2518,.T.);
#4145=ORIENTED_EDGE('',*,*,#2999,.T.);
#4146=ORIENTED_EDGE('',*,*,#3000,.T.);
#4147=ORIENTED_EDGE('',*,*,#2673,.T.);
#4148=ORIENTED_EDGE('',*,*,#2443,.T.);
#4149=ORIENTED_EDGE('',*,*,#3001,.T.);
#4150=ORIENTED_EDGE('',*,*,#2652,.T.);
#4151=ORIENTED_EDGE('',*,*,#3002,.T.);
#4152=ORIENTED_EDGE('',*,*,#2441,.T.);
#4153=ORIENTED_EDGE('',*,*,#2656,.T.);
#4154=ORIENTED_EDGE('',*,*,#3001,.F.);
#4155=ORIENTED_EDGE('',*,*,#2442,.T.);
#4156=ORIENTED_EDGE('',*,*,#3002,.F.);
#4157=ORIENTED_EDGE('',*,*,#2651,.T.);
#4158=ORIENTED_EDGE('',*,*,#3003,.T.);
#4159=ORIENTED_EDGE('',*,*,#3004,.T.);
#4160=ORIENTED_EDGE('',*,*,#3005,.T.);
#4161=ORIENTED_EDGE('',*,*,#3006,.T.);
#4162=ORIENTED_EDGE('',*,*,#2622,.T.);
#4163=ORIENTED_EDGE('',*,*,#2662,.T.);
#4164=ORIENTED_EDGE('',*,*,#2522,.T.);
#4165=ORIENTED_EDGE('',*,*,#3007,.T.);
#4166=ORIENTED_EDGE('',*,*,#2628,.T.);
#4167=ORIENTED_EDGE('',*,*,#3008,.T.);
#4168=ORIENTED_EDGE('',*,*,#2520,.T.);
#4169=ORIENTED_EDGE('',*,*,#2667,.T.);
#4170=ORIENTED_EDGE('',*,*,#3007,.F.);
#4171=ORIENTED_EDGE('',*,*,#2521,.T.);
#4172=ORIENTED_EDGE('',*,*,#3008,.F.);
#4173=ORIENTED_EDGE('',*,*,#2627,.T.);
#4174=ORIENTED_EDGE('',*,*,#3009,.T.);
#4175=ORIENTED_EDGE('',*,*,#3010,.T.);
#4176=ORIENTED_EDGE('',*,*,#3011,.T.);
#4177=ORIENTED_EDGE('',*,*,#2623,.T.);
#4178=ORIENTED_EDGE('',*,*,#3012,.F.);
#4179=ORIENTED_EDGE('',*,*,#2624,.T.);
#4180=ORIENTED_EDGE('',*,*,#3011,.F.);
#4181=ORIENTED_EDGE('',*,*,#3013,.F.);
#4182=ORIENTED_EDGE('',*,*,#3012,.T.);
#4183=ORIENTED_EDGE('',*,*,#3014,.T.);
#4184=ORIENTED_EDGE('',*,*,#3015,.T.);
#4185=ORIENTED_EDGE('',*,*,#2625,.T.);
#4186=ORIENTED_EDGE('',*,*,#3013,.T.);
#4187=ORIENTED_EDGE('',*,*,#3010,.F.);
#4188=ORIENTED_EDGE('',*,*,#3016,.T.);
#4189=ORIENTED_EDGE('',*,*,#3014,.F.);
#4190=ORIENTED_EDGE('',*,*,#3015,.F.);
#4191=ORIENTED_EDGE('',*,*,#3016,.F.);
#4192=ORIENTED_EDGE('',*,*,#3009,.F.);
#4193=ORIENTED_EDGE('',*,*,#2626,.F.);
#4194=ORIENTED_EDGE('',*,*,#2871,.T.);
#4195=ORIENTED_EDGE('',*,*,#2964,.T.);
#4196=ORIENTED_EDGE('',*,*,#2814,.T.);
#4197=ORIENTED_EDGE('',*,*,#3017,.T.);
#4198=ORIENTED_EDGE('',*,*,#2889,.T.);
#4199=ORIENTED_EDGE('',*,*,#3018,.T.);
#4200=ORIENTED_EDGE('',*,*,#2826,.T.);
#4201=ORIENTED_EDGE('',*,*,#2959,.T.);
#4202=ORIENTED_EDGE('',*,*,#2872,.T.);
#4203=ORIENTED_EDGE('',*,*,#3017,.F.);
#4204=ORIENTED_EDGE('',*,*,#2813,.T.);
#4205=ORIENTED_EDGE('',*,*,#2861,.F.);
#4206=ORIENTED_EDGE('',*,*,#2827,.T.);
#4207=ORIENTED_EDGE('',*,*,#3018,.F.);
#4208=ORIENTED_EDGE('',*,*,#2888,.T.);
#4209=ORIENTED_EDGE('',*,*,#2879,.F.);
#4210=ORIENTED_EDGE('',*,*,#2895,.T.);
#4211=ORIENTED_EDGE('',*,*,#3019,.T.);
#4212=ORIENTED_EDGE('',*,*,#2854,.T.);
#4213=ORIENTED_EDGE('',*,*,#2938,.T.);
#4214=ORIENTED_EDGE('',*,*,#2900,.T.);
#4215=ORIENTED_EDGE('',*,*,#3020,.F.);
#4216=ORIENTED_EDGE('',*,*,#2855,.T.);
#4217=ORIENTED_EDGE('',*,*,#3019,.F.);
#4218=ORIENTED_EDGE('',*,*,#2971,.T.);
#4219=ORIENTED_EDGE('',*,*,#2733,.F.);
#4220=ORIENTED_EDGE('',*,*,#2975,.T.);
#4221=ORIENTED_EDGE('',*,*,#2730,.F.);
#4222=ORIENTED_EDGE('',*,*,#2797,.F.);
#4223=ORIENTED_EDGE('',*,*,#2968,.F.);
#4224=ORIENTED_EDGE('',*,*,#2877,.F.);
#4225=ORIENTED_EDGE('',*,*,#3021,.F.);
#4226=ORIENTED_EDGE('',*,*,#2798,.F.);
#4227=ORIENTED_EDGE('',*,*,#3021,.T.);
#4228=ORIENTED_EDGE('',*,*,#2876,.F.);
#4229=ORIENTED_EDGE('',*,*,#3022,.T.);
#4230=ORIENTED_EDGE('',*,*,#2799,.F.);
#4231=ORIENTED_EDGE('',*,*,#3022,.F.);
#4232=ORIENTED_EDGE('',*,*,#2875,.F.);
#4233=ORIENTED_EDGE('',*,*,#2865,.T.);
#4234=ORIENTED_EDGE('',*,*,#2862,.F.);
#4235=ORIENTED_EDGE('',*,*,#2894,.T.);
#4236=ORIENTED_EDGE('',*,*,#2967,.F.);
#4237=ORIENTED_EDGE('',*,*,#2820,.T.);
#4238=ORIENTED_EDGE('',*,*,#2817,.F.);
#4239=ORIENTED_EDGE('',*,*,#2921,.T.);
#4240=ORIENTED_EDGE('',*,*,#2899,.T.);
#4241=ORIENTED_EDGE('',*,*,#2935,.T.);
#4242=ORIENTED_EDGE('',*,*,#2856,.T.);
#4243=ORIENTED_EDGE('',*,*,#3020,.T.);
#4244=ORIENTED_EDGE('',*,*,#2901,.T.);
#4245=ORIENTED_EDGE('',*,*,#3023,.T.);
#4246=ORIENTED_EDGE('',*,*,#2848,.T.);
#4247=ORIENTED_EDGE('',*,*,#2944,.T.);
#4248=ORIENTED_EDGE('',*,*,#2906,.T.);
#4249=ORIENTED_EDGE('',*,*,#3024,.F.);
#4250=ORIENTED_EDGE('',*,*,#2849,.T.);
#4251=ORIENTED_EDGE('',*,*,#3023,.F.);
#4252=ORIENTED_EDGE('',*,*,#2972,.T.);
#4253=ORIENTED_EDGE('',*,*,#2724,.F.);
#4254=ORIENTED_EDGE('',*,*,#2976,.T.);
#4255=ORIENTED_EDGE('',*,*,#2717,.F.);
#4256=ORIENTED_EDGE('',*,*,#2905,.T.);
#4257=ORIENTED_EDGE('',*,*,#2941,.T.);
#4258=ORIENTED_EDGE('',*,*,#2850,.T.);
#4259=ORIENTED_EDGE('',*,*,#3024,.T.);
#4260=ORIENTED_EDGE('',*,*,#2907,.T.);
#4261=ORIENTED_EDGE('',*,*,#3025,.T.);
#4262=ORIENTED_EDGE('',*,*,#2842,.T.);
#4263=ORIENTED_EDGE('',*,*,#2948,.T.);
#4264=ORIENTED_EDGE('',*,*,#2912,.T.);
#4265=ORIENTED_EDGE('',*,*,#3026,.F.);
#4266=ORIENTED_EDGE('',*,*,#2843,.T.);
#4267=ORIENTED_EDGE('',*,*,#3025,.F.);
#4268=ORIENTED_EDGE('',*,*,#2970,.T.);
#4269=ORIENTED_EDGE('',*,*,#2793,.F.);
#4270=ORIENTED_EDGE('',*,*,#2974,.T.);
#4271=ORIENTED_EDGE('',*,*,#2790,.F.);
#4272=ORIENTED_EDGE('',*,*,#2911,.T.);
#4273=ORIENTED_EDGE('',*,*,#2947,.T.);
#4274=ORIENTED_EDGE('',*,*,#2844,.T.);
#4275=ORIENTED_EDGE('',*,*,#3026,.T.);
#4276=ORIENTED_EDGE('',*,*,#2917,.T.);
#4277=ORIENTED_EDGE('',*,*,#2953,.T.);
#4278=ORIENTED_EDGE('',*,*,#2838,.T.);
#4279=ORIENTED_EDGE('',*,*,#3027,.T.);
#4280=ORIENTED_EDGE('',*,*,#2913,.T.);
#4281=ORIENTED_EDGE('',*,*,#3028,.T.);
#4282=ORIENTED_EDGE('',*,*,#2836,.T.);
#4283=ORIENTED_EDGE('',*,*,#2956,.T.);
#4284=ORIENTED_EDGE('',*,*,#2918,.T.);
#4285=ORIENTED_EDGE('',*,*,#3027,.F.);
#4286=ORIENTED_EDGE('',*,*,#2837,.T.);
#4287=ORIENTED_EDGE('',*,*,#3028,.F.);
#4288=ORIENTED_EDGE('',*,*,#3029,.T.);
#4289=ORIENTED_EDGE('',*,*,#3030,.T.);
#4290=ORIENTED_EDGE('',*,*,#2516,.T.);
#4291=ORIENTED_EDGE('',*,*,#3031,.T.);
#4292=ORIENTED_EDGE('',*,*,#3031,.F.);
#4293=ORIENTED_EDGE('',*,*,#2515,.T.);
#4294=ORIENTED_EDGE('',*,*,#3032,.F.);
#4295=ORIENTED_EDGE('',*,*,#3033,.F.);
#4296=ORIENTED_EDGE('',*,*,#2514,.T.);
#4297=ORIENTED_EDGE('',*,*,#3034,.T.);
#4298=ORIENTED_EDGE('',*,*,#3035,.T.);
#4299=ORIENTED_EDGE('',*,*,#3032,.T.);
#4300=ORIENTED_EDGE('',*,*,#3036,.T.);
#4301=ORIENTED_EDGE('',*,*,#3037,.T.);
#4302=ORIENTED_EDGE('',*,*,#2526,.T.);
#4303=ORIENTED_EDGE('',*,*,#2991,.T.);
#4304=ORIENTED_EDGE('',*,*,#3037,.F.);
#4305=ORIENTED_EDGE('',*,*,#3038,.F.);
#4306=ORIENTED_EDGE('',*,*,#3039,.F.);
#4307=ORIENTED_EDGE('',*,*,#2527,.F.);
#4308=ORIENTED_EDGE('',*,*,#3036,.F.);
#4309=ORIENTED_EDGE('',*,*,#2990,.T.);
#4310=ORIENTED_EDGE('',*,*,#2988,.F.);
#4311=ORIENTED_EDGE('',*,*,#2660,.F.);
#4312=ORIENTED_EDGE('',*,*,#3040,.T.);
#4313=ORIENTED_EDGE('',*,*,#3041,.F.);
#4314=ORIENTED_EDGE('',*,*,#3038,.T.);
#4315=ORIENTED_EDGE('',*,*,#3042,.T.);
#4316=ORIENTED_EDGE('',*,*,#2528,.T.);
#4317=ORIENTED_EDGE('',*,*,#3039,.T.);
#4318=ORIENTED_EDGE('',*,*,#3041,.T.);
#4319=ORIENTED_EDGE('',*,*,#3043,.T.);
#4320=ORIENTED_EDGE('',*,*,#2449,.T.);
#4321=ORIENTED_EDGE('',*,*,#3044,.T.);
#4322=ORIENTED_EDGE('',*,*,#3045,.T.);
#4323=ORIENTED_EDGE('',*,*,#3046,.T.);
#4324=ORIENTED_EDGE('',*,*,#3044,.F.);
#4325=ORIENTED_EDGE('',*,*,#2448,.F.);
#4326=ORIENTED_EDGE('',*,*,#3047,.F.);
#4327=ORIENTED_EDGE('',*,*,#3048,.F.);
#4328=ORIENTED_EDGE('',*,*,#3049,.T.);
#4329=ORIENTED_EDGE('',*,*,#3047,.T.);
#4330=ORIENTED_EDGE('',*,*,#2447,.T.);
#4331=ORIENTED_EDGE('',*,*,#2997,.T.);
#4332=ORIENTED_EDGE('',*,*,#2435,.T.);
#4333=ORIENTED_EDGE('',*,*,#3050,.T.);
#4334=ORIENTED_EDGE('',*,*,#3051,.T.);
#4335=ORIENTED_EDGE('',*,*,#3052,.T.);
#4336=ORIENTED_EDGE('',*,*,#3052,.F.);
#4337=ORIENTED_EDGE('',*,*,#3053,.F.);
#4338=ORIENTED_EDGE('',*,*,#3054,.F.);
#4339=ORIENTED_EDGE('',*,*,#2436,.T.);
#4340=ORIENTED_EDGE('',*,*,#3051,.F.);
#4341=ORIENTED_EDGE('',*,*,#3055,.T.);
#4342=ORIENTED_EDGE('',*,*,#2658,.F.);
#4343=ORIENTED_EDGE('',*,*,#2992,.F.);
#4344=ORIENTED_EDGE('',*,*,#3056,.T.);
#4345=ORIENTED_EDGE('',*,*,#3057,.F.);
#4346=ORIENTED_EDGE('',*,*,#3053,.T.);
#4347=ORIENTED_EDGE('',*,*,#3058,.T.);
#4348=ORIENTED_EDGE('',*,*,#3057,.T.);
#4349=ORIENTED_EDGE('',*,*,#3059,.T.);
#4350=ORIENTED_EDGE('',*,*,#2437,.T.);
#4351=ORIENTED_EDGE('',*,*,#3054,.T.);
#4352=ORIENTED_EDGE('',*,*,#3042,.F.);
#4353=ORIENTED_EDGE('',*,*,#3060,.T.);
#4354=ORIENTED_EDGE('',*,*,#2539,.F.);
#4355=ORIENTED_EDGE('',*,*,#3060,.F.);
#4356=ORIENTED_EDGE('',*,*,#3061,.F.);
#4357=ORIENTED_EDGE('',*,*,#3062,.T.);
#4358=ORIENTED_EDGE('',*,*,#2540,.F.);
#4359=ORIENTED_EDGE('',*,*,#3062,.F.);
#4360=ORIENTED_EDGE('',*,*,#2999,.F.);
#4361=ORIENTED_EDGE('',*,*,#2517,.T.);
#4362=ORIENTED_EDGE('',*,*,#3030,.F.);
#4363=ORIENTED_EDGE('',*,*,#3063,.F.);
#4364=ORIENTED_EDGE('',*,*,#3029,.F.);
#4365=ORIENTED_EDGE('',*,*,#3033,.T.);
#4366=ORIENTED_EDGE('',*,*,#3035,.F.);
#4367=ORIENTED_EDGE('',*,*,#3064,.T.);
#4368=ORIENTED_EDGE('',*,*,#2669,.F.);
#4369=ORIENTED_EDGE('',*,*,#2998,.F.);
#4370=ORIENTED_EDGE('',*,*,#3063,.T.);
#4371=ORIENTED_EDGE('',*,*,#3061,.T.);
#4372=ORIENTED_EDGE('',*,*,#3065,.F.);
#4373=ORIENTED_EDGE('',*,*,#3066,.T.);
#4374=ORIENTED_EDGE('',*,*,#2465,.F.);
#4375=ORIENTED_EDGE('',*,*,#3066,.F.);
#4376=ORIENTED_EDGE('',*,*,#3045,.F.);
#4377=ORIENTED_EDGE('',*,*,#3048,.T.);
#4378=ORIENTED_EDGE('',*,*,#3049,.F.);
#4379=ORIENTED_EDGE('',*,*,#2996,.T.);
#4380=ORIENTED_EDGE('',*,*,#2994,.F.);
#4381=ORIENTED_EDGE('',*,*,#2671,.F.);
#4382=ORIENTED_EDGE('',*,*,#3067,.T.);
#4383=ORIENTED_EDGE('',*,*,#3065,.T.);
#4384=ORIENTED_EDGE('',*,*,#3058,.F.);
#4385=ORIENTED_EDGE('',*,*,#3068,.T.);
#4386=ORIENTED_EDGE('',*,*,#2464,.F.);
#4387=ORIENTED_EDGE('',*,*,#3068,.F.);
#4388=ORIENTED_EDGE('',*,*,#2993,.F.);
#4389=ORIENTED_EDGE('',*,*,#2438,.T.);
#4390=ORIENTED_EDGE('',*,*,#3059,.F.);
#4391=ORIENTED_EDGE('',*,*,#3056,.F.);
#4392=ORIENTED_EDGE('',*,*,#2404,.F.);
#4393=ORIENTED_EDGE('',*,*,#2529,.T.);
#4394=ORIENTED_EDGE('',*,*,#3043,.F.);
#4395=ORIENTED_EDGE('',*,*,#3040,.F.);
#4396=ORIENTED_EDGE('',*,*,#2659,.T.);
#4397=ORIENTED_EDGE('',*,*,#3055,.F.);
#4398=ORIENTED_EDGE('',*,*,#3050,.F.);
#4399=ORIENTED_EDGE('',*,*,#2434,.T.);
#4400=ORIENTED_EDGE('',*,*,#2475,.F.);
#4401=ORIENTED_EDGE('',*,*,#2450,.T.);
#4402=ORIENTED_EDGE('',*,*,#3046,.F.);
#4403=ORIENTED_EDGE('',*,*,#3067,.F.);
#4404=ORIENTED_EDGE('',*,*,#2670,.T.);
#4405=ORIENTED_EDGE('',*,*,#3064,.F.);
#4406=ORIENTED_EDGE('',*,*,#3034,.F.);
#4407=ORIENTED_EDGE('',*,*,#2513,.T.);
#4408=ORIENTED_EDGE('',*,*,#2541,.F.);
#4409=ORIENTED_EDGE('',*,*,#3069,.T.);
#4410=ORIENTED_EDGE('',*,*,#3070,.T.);
#4411=ORIENTED_EDGE('',*,*,#3069,.F.);
#4412=ORIENTED_EDGE('',*,*,#3070,.F.);
#4413=ORIENTED_EDGE('',*,*,#3071,.F.);
#4414=ORIENTED_EDGE('',*,*,#2542,.F.);
#4415=ORIENTED_EDGE('',*,*,#3072,.T.);
#4416=ORIENTED_EDGE('',*,*,#3073,.T.);
#4417=ORIENTED_EDGE('',*,*,#3072,.F.);
#4418=ORIENTED_EDGE('',*,*,#3073,.F.);
#4419=ORIENTED_EDGE('',*,*,#3074,.F.);
#4420=ORIENTED_EDGE('',*,*,#2463,.F.);
#4421=ORIENTED_EDGE('',*,*,#3075,.T.);
#4422=ORIENTED_EDGE('',*,*,#3076,.T.);
#4423=ORIENTED_EDGE('',*,*,#3075,.F.);
#4424=ORIENTED_EDGE('',*,*,#3076,.F.);
#4425=ORIENTED_EDGE('',*,*,#3077,.F.);
#4426=ORIENTED_EDGE('',*,*,#2462,.F.);
#4427=ORIENTED_EDGE('',*,*,#3078,.T.);
#4428=ORIENTED_EDGE('',*,*,#3079,.T.);
#4429=ORIENTED_EDGE('',*,*,#3078,.F.);
#4430=ORIENTED_EDGE('',*,*,#3079,.F.);
#4431=ORIENTED_EDGE('',*,*,#3080,.F.);
#4432=ORIENTED_EDGE('',*,*,#3074,.T.);
#4433=ORIENTED_EDGE('',*,*,#3081,.T.);
#4434=ORIENTED_EDGE('',*,*,#2630,.F.);
#4435=ORIENTED_EDGE('',*,*,#3081,.F.);
#4436=ORIENTED_EDGE('',*,*,#2654,.F.);
#4437=ORIENTED_EDGE('',*,*,#3082,.T.);
#4438=ORIENTED_EDGE('',*,*,#3080,.T.);
#4439=ORIENTED_EDGE('',*,*,#3082,.F.);
#4440=ORIENTED_EDGE('',*,*,#3071,.T.);
#4441=ORIENTED_EDGE('',*,*,#3083,.T.);
#4442=ORIENTED_EDGE('',*,*,#2631,.F.);
#4443=ORIENTED_EDGE('',*,*,#3083,.F.);
#4444=ORIENTED_EDGE('',*,*,#3084,.F.);
#4445=ORIENTED_EDGE('',*,*,#3085,.T.);
#4446=ORIENTED_EDGE('',*,*,#3077,.T.);
#4447=ORIENTED_EDGE('',*,*,#3085,.F.);
#4448=ORIENTED_EDGE('',*,*,#2580,.F.);
#4449=ORIENTED_EDGE('',*,*,#2664,.F.);
#4450=ORIENTED_EDGE('',*,*,#3000,.F.);
#4451=ORIENTED_EDGE('',*,*,#3006,.F.);
#4452=ORIENTED_EDGE('',*,*,#3086,.F.);
#4453=ORIENTED_EDGE('',*,*,#3087,.F.);
#4454=ORIENTED_EDGE('',*,*,#2665,.T.);
#4455=ORIENTED_EDGE('',*,*,#2645,.F.);
#4456=ORIENTED_EDGE('',*,*,#2496,.F.);
#4457=ORIENTED_EDGE('',*,*,#3084,.T.);
#4458=ORIENTED_EDGE('',*,*,#3088,.F.);
#4459=ORIENTED_EDGE('',*,*,#3086,.T.);
#4460=ORIENTED_EDGE('',*,*,#3005,.F.);
#4461=ORIENTED_EDGE('',*,*,#3089,.F.);
#4462=ORIENTED_EDGE('',*,*,#3090,.F.);
#4463=ORIENTED_EDGE('',*,*,#3089,.T.);
#4464=ORIENTED_EDGE('',*,*,#3004,.F.);
#4465=ORIENTED_EDGE('',*,*,#3091,.F.);
#4466=ORIENTED_EDGE('',*,*,#3092,.F.);
#4467=ORIENTED_EDGE('',*,*,#3091,.T.);
#4468=ORIENTED_EDGE('',*,*,#3003,.F.);
#4469=ORIENTED_EDGE('',*,*,#2650,.F.);
#4470=ORIENTED_EDGE('',*,*,#2666,.T.);
#4471=ORIENTED_EDGE('',*,*,#3087,.T.);
#4472=ORIENTED_EDGE('',*,*,#3088,.T.);
#4473=ORIENTED_EDGE('',*,*,#3090,.T.);
#4474=ORIENTED_EDGE('',*,*,#3092,.T.);
#4475=ORIENTED_EDGE('',*,*,#2649,.T.);
#4476=ORIENTED_EDGE('',*,*,#2663,.T.);
#4477=ORIENTED_EDGE('',*,*,#2618,.T.);
#4478=ORIENTED_EDGE('',*,*,#2886,.T.);
#4479=ORIENTED_EDGE('',*,*,#2978,.F.);
#4480=ORIENTED_EDGE('',*,*,#2830,.T.);
#4481=ORIENTED_EDGE('',*,*,#2919,.T.);
#4482=ORIENTED_EDGE('',*,*,#3093,.T.);
#4483=ORIENTED_EDGE('',*,*,#3094,.T.);
#4484=ORIENTED_EDGE('',*,*,#3095,.T.);
#4485=ORIENTED_EDGE('',*,*,#3096,.T.);
#4486=ORIENTED_EDGE('',*,*,#3097,.T.);
#4487=ORIENTED_EDGE('',*,*,#3098,.T.);
#4488=ORIENTED_EDGE('',*,*,#3099,.T.);
#4489=ORIENTED_EDGE('',*,*,#3100,.T.);
#4490=ORIENTED_EDGE('',*,*,#3101,.T.);
#4491=ORIENTED_EDGE('',*,*,#2474,.F.);
#4492=ORIENTED_EDGE('',*,*,#3102,.T.);
#4493=ORIENTED_EDGE('',*,*,#3093,.F.);
#4494=ORIENTED_EDGE('',*,*,#3102,.F.);
#4495=ORIENTED_EDGE('',*,*,#2473,.F.);
#4496=ORIENTED_EDGE('',*,*,#3103,.T.);
#4497=ORIENTED_EDGE('',*,*,#3094,.F.);
#4498=ORIENTED_EDGE('',*,*,#3103,.F.);
#4499=ORIENTED_EDGE('',*,*,#2472,.F.);
#4500=ORIENTED_EDGE('',*,*,#3104,.T.);
#4501=ORIENTED_EDGE('',*,*,#3095,.F.);
#4502=ORIENTED_EDGE('',*,*,#3104,.F.);
#4503=ORIENTED_EDGE('',*,*,#2471,.F.);
#4504=ORIENTED_EDGE('',*,*,#3105,.T.);
#4505=ORIENTED_EDGE('',*,*,#3096,.F.);
#4506=ORIENTED_EDGE('',*,*,#3105,.F.);
#4507=ORIENTED_EDGE('',*,*,#2470,.F.);
#4508=ORIENTED_EDGE('',*,*,#3106,.T.);
#4509=ORIENTED_EDGE('',*,*,#3097,.F.);
#4510=ORIENTED_EDGE('',*,*,#3106,.F.);
#4511=ORIENTED_EDGE('',*,*,#2469,.F.);
#4512=ORIENTED_EDGE('',*,*,#3107,.T.);
#4513=ORIENTED_EDGE('',*,*,#3098,.F.);
#4514=ORIENTED_EDGE('',*,*,#3107,.F.);
#4515=ORIENTED_EDGE('',*,*,#2468,.F.);
#4516=ORIENTED_EDGE('',*,*,#3108,.T.);
#4517=ORIENTED_EDGE('',*,*,#3099,.F.);
#4518=ORIENTED_EDGE('',*,*,#3108,.F.);
#4519=ORIENTED_EDGE('',*,*,#2467,.F.);
#4520=ORIENTED_EDGE('',*,*,#3109,.T.);
#4521=ORIENTED_EDGE('',*,*,#3100,.F.);
#4522=ORIENTED_EDGE('',*,*,#3109,.F.);
#4523=ORIENTED_EDGE('',*,*,#2466,.F.);
#4524=ORIENTED_EDGE('',*,*,#3110,.T.);
#4525=ORIENTED_EDGE('',*,*,#3101,.F.);
#4526=ORIENTED_EDGE('',*,*,#3110,.F.);
#4527=CYLINDRICAL_SURFACE('',#4902,1.);
#4528=CYLINDRICAL_SURFACE('',#4946,1.);
#4529=CYLINDRICAL_SURFACE('',#4988,1.);
#4530=CYLINDRICAL_SURFACE('',#4991,1.);
#4531=CYLINDRICAL_SURFACE('',#4994,1.);
#4532=CYLINDRICAL_SURFACE('',#4997,1.);
#4533=CYLINDRICAL_SURFACE('',#5000,1.);
#4534=CYLINDRICAL_SURFACE('',#5003,1.);
#4535=CYLINDRICAL_SURFACE('',#5006,1.);
#4536=CYLINDRICAL_SURFACE('',#5009,1.);
#4537=CYLINDRICAL_SURFACE('',#5012,1.);
#4538=CYLINDRICAL_SURFACE('',#5015,1.);
#4539=CYLINDRICAL_SURFACE('',#5018,1.);
#4540=CYLINDRICAL_SURFACE('',#5021,1.);
#4541=CYLINDRICAL_SURFACE('',#5024,1.);
#4542=CYLINDRICAL_SURFACE('',#5027,1.);
#4543=CYLINDRICAL_SURFACE('',#5029,1.);
#4544=CYLINDRICAL_SURFACE('',#5032,1.);
#4545=CYLINDRICAL_SURFACE('',#5035,1.);
#4546=CYLINDRICAL_SURFACE('',#5038,1.);
#4547=CYLINDRICAL_SURFACE('',#5045,1.);
#4548=CYLINDRICAL_SURFACE('',#5048,1.);
#4549=CYLINDRICAL_SURFACE('',#5050,1.);
#4550=CYLINDRICAL_SURFACE('',#5053,1.);
#4551=CYLINDRICAL_SURFACE('',#5056,1.);
#4552=CYLINDRICAL_SURFACE('',#5058,1.);
#4553=CYLINDRICAL_SURFACE('',#5066,0.5);
#4554=CYLINDRICAL_SURFACE('',#5070,0.5);
#4555=CYLINDRICAL_SURFACE('',#5074,0.5);
#4556=CYLINDRICAL_SURFACE('',#5077,0.5);
#4557=CYLINDRICAL_SURFACE('',#5080,0.5);
#4558=CYLINDRICAL_SURFACE('',#5084,0.5);
#4559=CYLINDRICAL_SURFACE('',#5088,0.5);
#4560=CYLINDRICAL_SURFACE('',#5091,0.5);
#4561=CYLINDRICAL_SURFACE('',#5094,0.5);
#4562=CYLINDRICAL_SURFACE('',#5098,0.5);
#4563=CYLINDRICAL_SURFACE('',#5102,0.5);
#4564=CYLINDRICAL_SURFACE('',#5105,0.5);
#4565=CYLINDRICAL_SURFACE('',#5108,0.5);
#4566=CYLINDRICAL_SURFACE('',#5112,0.5);
#4567=CYLINDRICAL_SURFACE('',#5116,0.5);
#4568=CYLINDRICAL_SURFACE('',#5120,0.5);
#4569=CYLINDRICAL_SURFACE('',#5124,0.5);
#4570=CYLINDRICAL_SURFACE('',#5127,0.5);
#4571=CYLINDRICAL_SURFACE('',#5130,0.5);
#4572=CYLINDRICAL_SURFACE('',#5134,0.5);
#4573=CYLINDRICAL_SURFACE('',#5138,0.5);
#4574=CYLINDRICAL_SURFACE('',#5141,0.5);
#4575=CYLINDRICAL_SURFACE('',#5144,0.5);
#4576=CYLINDRICAL_SURFACE('',#5147,0.5);
#4577=CYLINDRICAL_SURFACE('',#5150,10.);
#4578=CYLINDRICAL_SURFACE('',#5159,10.);
#4579=CYLINDRICAL_SURFACE('',#5179,10.);
#4580=CYLINDRICAL_SURFACE('',#5181,10.);
#4581=CYLINDRICAL_SURFACE('',#5183,10.);
#4582=CYLINDRICAL_SURFACE('',#5186,10.);
#4583=CYLINDRICAL_SURFACE('',#5190,10.);
#4584=CYLINDRICAL_SURFACE('',#5192,10.);
#4585=CYLINDRICAL_SURFACE('',#5212,9.50000000000001);
#4586=CYLINDRICAL_SURFACE('',#5214,9.50000000000001);
#4587=CYLINDRICAL_SURFACE('',#5227,4.);
#4588=CYLINDRICAL_SURFACE('',#5228,1.);
#4589=CYLINDRICAL_SURFACE('',#5231,1.);
#4590=CYLINDRICAL_SURFACE('',#5234,1.);
#4591=CYLINDRICAL_SURFACE('',#5237,1.);
#4592=CYLINDRICAL_SURFACE('',#5241,1.);
#4593=CYLINDRICAL_SURFACE('',#5243,1.);
#4594=CYLINDRICAL_SURFACE('',#5244,1.);
#4595=CYLINDRICAL_SURFACE('',#5257,4.);
#4596=CYLINDRICAL_SURFACE('',#5259,1.00000000000001);
#4597=CYLINDRICAL_SURFACE('',#5260,0.999999999999996);
#4598=CYLINDRICAL_SURFACE('',#5261,0.999999999999996);
#4599=CYLINDRICAL_SURFACE('',#5262,0.999999999999996);
#4600=CYLINDRICAL_SURFACE('',#5263,0.999999999999996);
#4601=CYLINDRICAL_SURFACE('',#5264,0.999999999999996);
#4602=CYLINDRICAL_SURFACE('',#5265,4.);
#4603=CYLINDRICAL_SURFACE('',#5266,1.00000000000001);
#4604=CYLINDRICAL_SURFACE('',#5267,0.999999999999996);
#4605=CYLINDRICAL_SURFACE('',#5268,1.);
#4606=CYLINDRICAL_SURFACE('',#5271,1.);
#4607=CYLINDRICAL_SURFACE('',#5273,1.);
#4608=CYLINDRICAL_SURFACE('',#5276,1.);
#4609=CYLINDRICAL_SURFACE('',#5278,1.);
#4610=CYLINDRICAL_SURFACE('',#5280,1.);
#4611=CYLINDRICAL_SURFACE('',#5282,1.);
#4612=CYLINDRICAL_SURFACE('',#5283,1.);
#4613=CYLINDRICAL_SURFACE('',#5289,1.);
#4614=CYLINDRICAL_SURFACE('',#5290,1.);
#4615=CYLINDRICAL_SURFACE('',#5292,1.);
#4616=CYLINDRICAL_SURFACE('',#5295,1.);
#4617=CYLINDRICAL_SURFACE('',#5297,1.);
#4618=CYLINDRICAL_SURFACE('',#5298,1.);
#4619=CYLINDRICAL_SURFACE('',#5300,1.);
#4620=CYLINDRICAL_SURFACE('',#5301,1.);
#4621=CYLINDRICAL_SURFACE('',#5303,1.);
#4622=CYLINDRICAL_SURFACE('',#5304,1.);
#4623=CYLINDRICAL_SURFACE('',#5305,1.);
#4624=CYLINDRICAL_SURFACE('',#5307,1.);
#4625=CYLINDRICAL_SURFACE('',#5310,1.);
#4626=CYLINDRICAL_SURFACE('',#5312,1.);
#4627=CYLINDRICAL_SURFACE('',#5318,1.);
#4628=CYLINDRICAL_SURFACE('',#5319,1.);
#4629=CYLINDRICAL_SURFACE('',#5322,1.);
#4630=CYLINDRICAL_SURFACE('',#5324,1.);
#4631=CYLINDRICAL_SURFACE('',#5330,1.);
#4632=CYLINDRICAL_SURFACE('',#5331,1.00000000000001);
#4633=CYLINDRICAL_SURFACE('',#5332,1.00000000000001);
#4634=CYLINDRICAL_SURFACE('',#5336,0.999999999999996);
#4635=CYLINDRICAL_SURFACE('',#5339,0.999999999999996);
#4636=CYLINDRICAL_SURFACE('',#5343,1.99999999999999);
#4637=CYLINDRICAL_SURFACE('',#5347,2.);
#4638=CYLINDRICAL_SURFACE('',#5351,2.);
#4639=CYLINDRICAL_SURFACE('',#5355,1.99999999999999);
#4640=CYLINDRICAL_SURFACE('',#5359,1.00000000000001);
#4641=CYLINDRICAL_SURFACE('',#5360,1.00000000000001);
#4642=CYLINDRICAL_SURFACE('',#5361,0.999999999999996);
#4643=CYLINDRICAL_SURFACE('',#5362,0.999999999999996);
#4644=CYLINDRICAL_SURFACE('',#5379,1.00000000000001);
#4645=CYLINDRICAL_SURFACE('',#5380,0.999999999999996);
#4646=CYLINDRICAL_SURFACE('',#5381,0.999999999999996);
#4647=CYLINDRICAL_SURFACE('',#5382,0.999999999999996);
#4648=CYLINDRICAL_SURFACE('',#5383,0.999999999999996);
#4649=CYLINDRICAL_SURFACE('',#5384,0.999999999999996);
#4650=CYLINDRICAL_SURFACE('',#5385,4.);
#4651=CYLINDRICAL_SURFACE('',#5386,1.00000000000001);
#4652=CYLINDRICAL_SURFACE('',#5387,0.999999999999996);
#4653=ADVANCED_FACE('',(#227),#4527,.T.);
#4654=ADVANCED_FACE('',(#228,#31,#32,#33,#34),#119,.T.);
#4655=ADVANCED_FACE('',(#229,#35,#36,#37,#38,#39,#40,#41,#42,#43,#44,#45,
#46,#47),#120,.T.);
#4656=ADVANCED_FACE('',(#230),#4528,.T.);
#4657=ADVANCED_FACE('',(#231,#48,#49,#50,#51),#121,.T.);
#4658=ADVANCED_FACE('',(#232,#52,#53,#54,#55,#56,#57,#58,#59,#60,#61,#62,
#63,#64),#122,.T.);
#4659=ADVANCED_FACE('',(#233),#4529,.F.);
#4660=ADVANCED_FACE('',(#234),#123,.F.);
#4661=ADVANCED_FACE('',(#235),#4530,.F.);
#4662=ADVANCED_FACE('',(#236),#124,.F.);
#4663=ADVANCED_FACE('',(#237),#4531,.F.);
#4664=ADVANCED_FACE('',(#238),#125,.F.);
#4665=ADVANCED_FACE('',(#239),#4532,.F.);
#4666=ADVANCED_FACE('',(#240),#126,.F.);
#4667=ADVANCED_FACE('',(#241),#4533,.F.);
#4668=ADVANCED_FACE('',(#242),#127,.F.);
#4669=ADVANCED_FACE('',(#243),#4534,.F.);
#4670=ADVANCED_FACE('',(#244),#128,.F.);
#4671=ADVANCED_FACE('',(#245),#4535,.F.);
#4672=ADVANCED_FACE('',(#246),#129,.F.);
#4673=ADVANCED_FACE('',(#247),#4536,.F.);
#4674=ADVANCED_FACE('',(#248),#130,.F.);
#4675=ADVANCED_FACE('',(#249),#4537,.F.);
#4676=ADVANCED_FACE('',(#250),#131,.F.);
#4677=ADVANCED_FACE('',(#251),#4538,.F.);
#4678=ADVANCED_FACE('',(#252),#132,.F.);
#4679=ADVANCED_FACE('',(#253),#4539,.F.);
#4680=ADVANCED_FACE('',(#254),#133,.F.);
#4681=ADVANCED_FACE('',(#255),#4540,.F.);
#4682=ADVANCED_FACE('',(#256),#134,.F.);
#4683=ADVANCED_FACE('',(#257),#4541,.F.);
#4684=ADVANCED_FACE('',(#258),#135,.F.);
#4685=ADVANCED_FACE('',(#259),#4542,.F.);
#4686=ADVANCED_FACE('',(#260),#4543,.F.);
#4687=ADVANCED_FACE('',(#261),#136,.F.);
#4688=ADVANCED_FACE('',(#262),#4544,.F.);
#4689=ADVANCED_FACE('',(#263),#137,.F.);
#4690=ADVANCED_FACE('',(#264),#4545,.F.);
#4691=ADVANCED_FACE('',(#265),#138,.F.);
#4692=ADVANCED_FACE('',(#266),#4546,.F.);
#4693=ADVANCED_FACE('',(#267,#65,#66),#139,.T.);
#4694=ADVANCED_FACE('',(#268),#4547,.F.);
#4695=ADVANCED_FACE('',(#269),#140,.F.);
#4696=ADVANCED_FACE('',(#270),#4548,.F.);
#4697=ADVANCED_FACE('',(#271),#4549,.F.);
#4698=ADVANCED_FACE('',(#272),#141,.F.);
#4699=ADVANCED_FACE('',(#273),#4550,.F.);
#4700=ADVANCED_FACE('',(#274),#142,.F.);
#4701=ADVANCED_FACE('',(#275),#4551,.F.);
#4702=ADVANCED_FACE('',(#276),#4552,.F.);
#4703=ADVANCED_FACE('',(#277,#67),#143,.T.);
#4704=ADVANCED_FACE('',(#278),#144,.F.);
#4705=ADVANCED_FACE('',(#279,#68,#69),#145,.T.);
#4706=ADVANCED_FACE('',(#280,#70,#71),#146,.T.);
#4707=ADVANCED_FACE('',(#281),#4553,.T.);
#4708=ADVANCED_FACE('',(#282),#147,.F.);
#4709=ADVANCED_FACE('',(#283),#4554,.T.);
#4710=ADVANCED_FACE('',(#284),#148,.F.);
#4711=ADVANCED_FACE('',(#285),#4555,.T.);
#4712=ADVANCED_FACE('',(#286),#4556,.T.);
#4713=ADVANCED_FACE('',(#287),#4557,.T.);
#4714=ADVANCED_FACE('',(#288),#149,.F.);
#4715=ADVANCED_FACE('',(#289),#4558,.T.);
#4716=ADVANCED_FACE('',(#290),#150,.F.);
#4717=ADVANCED_FACE('',(#291),#4559,.T.);
#4718=ADVANCED_FACE('',(#292),#4560,.T.);
#4719=ADVANCED_FACE('',(#293),#4561,.T.);
#4720=ADVANCED_FACE('',(#294),#151,.F.);
#4721=ADVANCED_FACE('',(#295),#4562,.T.);
#4722=ADVANCED_FACE('',(#296),#152,.F.);
#4723=ADVANCED_FACE('',(#297),#4563,.T.);
#4724=ADVANCED_FACE('',(#298),#4564,.T.);
#4725=ADVANCED_FACE('',(#299),#4565,.T.);
#4726=ADVANCED_FACE('',(#300),#153,.F.);
#4727=ADVANCED_FACE('',(#301),#4566,.T.);
#4728=ADVANCED_FACE('',(#302),#154,.F.);
#4729=ADVANCED_FACE('',(#303),#4567,.T.);
#4730=ADVANCED_FACE('',(#304),#155,.F.);
#4731=ADVANCED_FACE('',(#305),#4568,.T.);
#4732=ADVANCED_FACE('',(#306),#156,.F.);
#4733=ADVANCED_FACE('',(#307),#4569,.T.);
#4734=ADVANCED_FACE('',(#308),#4570,.T.);
#4735=ADVANCED_FACE('',(#309),#4571,.T.);
#4736=ADVANCED_FACE('',(#310),#157,.F.);
#4737=ADVANCED_FACE('',(#311),#4572,.T.);
#4738=ADVANCED_FACE('',(#312),#158,.F.);
#4739=ADVANCED_FACE('',(#313),#4573,.T.);
#4740=ADVANCED_FACE('',(#314),#4574,.T.);
#4741=ADVANCED_FACE('',(#315),#4575,.T.);
#4742=ADVANCED_FACE('',(#316),#4576,.T.);
#4743=ADVANCED_FACE('',(#317),#4577,.T.);
#4744=ADVANCED_FACE('',(#318,#72),#159,.F.);
#4745=ADVANCED_FACE('',(#319),#160,.F.);
#4746=ADVANCED_FACE('',(#320),#4578,.F.);
#4747=ADVANCED_FACE('',(#321,#73,#74,#75,#76),#161,.F.);
#4748=ADVANCED_FACE('',(#322),#4579,.F.);
#4749=ADVANCED_FACE('',(#323),#4580,.F.);
#4750=ADVANCED_FACE('',(#324),#4581,.F.);
#4751=ADVANCED_FACE('',(#325),#162,.F.);
#4752=ADVANCED_FACE('',(#326),#4582,.F.);
#4753=ADVANCED_FACE('',(#327),#163,.F.);
#4754=ADVANCED_FACE('',(#328),#4583,.T.);
#4755=ADVANCED_FACE('',(#329),#4584,.F.);
#4756=ADVANCED_FACE('',(#330,#77,#78,#79,#80),#164,.F.);
#4757=ADVANCED_FACE('',(#331),#4585,.T.);
#4758=ADVANCED_FACE('',(#332),#4586,.T.);
#4759=ADVANCED_FACE('',(#333),#165,.F.);
#4760=ADVANCED_FACE('',(#334,#81,#82,#83,#84,#85,#86,#87,#88,#89),#166,
 .T.);
#4761=ADVANCED_FACE('',(#335),#4587,.F.);
#4762=ADVANCED_FACE('',(#336),#4588,.F.);
#4763=ADVANCED_FACE('',(#337,#90),#167,.F.);
#4764=ADVANCED_FACE('',(#338),#168,.F.);
#4765=ADVANCED_FACE('',(#339),#4589,.F.);
#4766=ADVANCED_FACE('',(#340,#91),#169,.F.);
#4767=ADVANCED_FACE('',(#341),#170,.F.);
#4768=ADVANCED_FACE('',(#342),#4590,.F.);
#4769=ADVANCED_FACE('',(#343),#171,.F.);
#4770=ADVANCED_FACE('',(#344,#92),#172,.F.);
#4771=ADVANCED_FACE('',(#345),#4591,.F.);
#4772=ADVANCED_FACE('',(#346,#93),#173,.F.);
#4773=ADVANCED_FACE('',(#347,#94),#174,.F.);
#4774=ADVANCED_FACE('',(#348,#95),#175,.F.);
#4775=ADVANCED_FACE('',(#349),#4592,.F.);
#4776=ADVANCED_FACE('',(#350,#96),#176,.F.);
#4777=ADVANCED_FACE('',(#351),#4593,.F.);
#4778=ADVANCED_FACE('',(#352),#4594,.F.);
#4779=ADVANCED_FACE('',(#353),#177,.F.);
#4780=ADVANCED_FACE('',(#354),#178,.F.);
#4781=ADVANCED_FACE('',(#355),#179,.F.);
#4782=ADVANCED_FACE('',(#356),#180,.F.);
#4783=ADVANCED_FACE('',(#357),#181,.F.);
#4784=ADVANCED_FACE('',(#358),#182,.F.);
#4785=ADVANCED_FACE('',(#359),#183,.F.);
#4786=ADVANCED_FACE('',(#360),#184,.F.);
#4787=ADVANCED_FACE('',(#361),#185,.F.);
#4788=ADVANCED_FACE('',(#362),#186,.F.);
#4789=ADVANCED_FACE('',(#363),#187,.F.);
#4790=ADVANCED_FACE('',(#364),#188,.F.);
#4791=ADVANCED_FACE('',(#365),#4595,.F.);
#4792=ADVANCED_FACE('',(#366,#97),#189,.T.);
#4793=ADVANCED_FACE('',(#367),#4596,.F.);
#4794=ADVANCED_FACE('',(#368),#4597,.F.);
#4795=ADVANCED_FACE('',(#369),#4598,.F.);
#4796=ADVANCED_FACE('',(#370),#4599,.F.);
#4797=ADVANCED_FACE('',(#371),#4600,.F.);
#4798=ADVANCED_FACE('',(#372),#4601,.F.);
#4799=ADVANCED_FACE('',(#373),#4602,.F.);
#4800=ADVANCED_FACE('',(#374),#4603,.F.);
#4801=ADVANCED_FACE('',(#375),#4604,.F.);
#4802=ADVANCED_FACE('',(#376),#4605,.F.);
#4803=ADVANCED_FACE('',(#377),#190,.T.);
#4804=ADVANCED_FACE('',(#378),#4606,.F.);
#4805=ADVANCED_FACE('',(#379),#4607,.F.);
#4806=ADVANCED_FACE('',(#380),#191,.T.);
#4807=ADVANCED_FACE('',(#381),#4608,.F.);
#4808=ADVANCED_FACE('',(#382),#4609,.F.);
#4809=ADVANCED_FACE('',(#383),#4610,.F.);
#4810=ADVANCED_FACE('',(#384),#192,.T.);
#4811=ADVANCED_FACE('',(#385),#4611,.F.);
#4812=ADVANCED_FACE('',(#386),#4612,.F.);
#4813=ADVANCED_FACE('',(#387),#193,.T.);
#4814=ADVANCED_FACE('',(#388),#194,.T.);
#4815=ADVANCED_FACE('',(#389),#195,.T.);
#4816=ADVANCED_FACE('',(#390),#196,.T.);
#4817=ADVANCED_FACE('',(#391),#197,.T.);
#4818=ADVANCED_FACE('',(#392),#4613,.F.);
#4819=ADVANCED_FACE('',(#393),#4614,.F.);
#4820=ADVANCED_FACE('',(#394),#198,.F.);
#4821=ADVANCED_FACE('',(#395),#4615,.F.);
#4822=ADVANCED_FACE('',(#396,#98),#199,.F.);
#4823=ADVANCED_FACE('',(#397),#200,.F.);
#4824=ADVANCED_FACE('',(#398),#4616,.F.);
#4825=ADVANCED_FACE('',(#399),#201,.F.);
#4826=ADVANCED_FACE('',(#400),#4617,.F.);
#4827=ADVANCED_FACE('',(#401),#4618,.F.);
#4828=ADVANCED_FACE('',(#402,#99),#202,.F.);
#4829=ADVANCED_FACE('',(#403),#4619,.F.);
#4830=ADVANCED_FACE('',(#404),#4620,.F.);
#4831=ADVANCED_FACE('',(#405,#100),#203,.F.);
#4832=ADVANCED_FACE('',(#406),#4621,.F.);
#4833=ADVANCED_FACE('',(#407),#4622,.F.);
#4834=ADVANCED_FACE('',(#408),#4623,.F.);
#4835=ADVANCED_FACE('',(#409),#204,.F.);
#4836=ADVANCED_FACE('',(#410),#4624,.T.);
#4837=ADVANCED_FACE('',(#411),#205,.T.);
#4838=ADVANCED_FACE('',(#412),#4625,.T.);
#4839=ADVANCED_FACE('',(#413),#4626,.T.);
#4840=ADVANCED_FACE('',(#414),#206,.T.);
#4841=ADVANCED_FACE('',(#415,#101),#207,.F.);
#4842=ADVANCED_FACE('',(#416),#4627,.T.);
#4843=ADVANCED_FACE('',(#417),#4628,.T.);
#4844=ADVANCED_FACE('',(#418),#208,.T.);
#4845=ADVANCED_FACE('',(#419),#4629,.T.);
#4846=ADVANCED_FACE('',(#420),#4630,.T.);
#4847=ADVANCED_FACE('',(#421),#209,.T.);
#4848=ADVANCED_FACE('',(#422,#102),#210,.F.);
#4849=ADVANCED_FACE('',(#423),#4631,.T.);
#4850=ADVANCED_FACE('',(#424),#4632,.F.);
#4851=ADVANCED_FACE('',(#425),#4633,.F.);
#4852=ADVANCED_FACE('',(#426),#211,.T.);
#4853=ADVANCED_FACE('',(#427,#103),#212,.F.);
#4854=ADVANCED_FACE('',(#428),#4634,.F.);
#4855=ADVANCED_FACE('',(#429,#104),#213,.F.);
#4856=ADVANCED_FACE('',(#430),#4635,.F.);
#4857=ADVANCED_FACE('',(#431),#214,.T.);
#4858=ADVANCED_FACE('',(#432),#215,.T.);
#4859=ADVANCED_FACE('',(#433),#216,.T.);
#4860=ADVANCED_FACE('',(#434),#4636,.F.);
#4861=ADVANCED_FACE('',(#435,#105),#217,.T.);
#4862=ADVANCED_FACE('',(#436),#4637,.F.);
#4863=ADVANCED_FACE('',(#437,#106),#218,.T.);
#4864=ADVANCED_FACE('',(#438),#4638,.F.);
#4865=ADVANCED_FACE('',(#439,#107),#219,.T.);
#4866=ADVANCED_FACE('',(#440),#4639,.F.);
#4867=ADVANCED_FACE('',(#441,#108),#220,.T.);
#4868=ADVANCED_FACE('',(#442),#4640,.F.);
#4869=ADVANCED_FACE('',(#443),#4641,.F.);
#4870=ADVANCED_FACE('',(#444),#4642,.F.);
#4871=ADVANCED_FACE('',(#445),#4643,.F.);
#4872=ADVANCED_FACE('',(#446,#109),#221,.T.);
#4873=ADVANCED_FACE('',(#447),#222,.T.);
#4874=ADVANCED_FACE('',(#448),#223,.T.);
#4875=ADVANCED_FACE('',(#449),#224,.T.);
#4876=ADVANCED_FACE('',(#450),#225,.T.);
#4877=ADVANCED_FACE('',(#451,#110,#111,#112,#113,#114,#115,#116,#117,#118),
#226,.T.);
#4878=ADVANCED_FACE('',(#452),#4644,.F.);
#4879=ADVANCED_FACE('',(#453),#4645,.F.);
#4880=ADVANCED_FACE('',(#454),#4646,.F.);
#4881=ADVANCED_FACE('',(#455),#4647,.F.);
#4882=ADVANCED_FACE('',(#456),#4648,.F.);
#4883=ADVANCED_FACE('',(#457),#4649,.F.);
#4884=ADVANCED_FACE('',(#458),#4650,.F.);
#4885=ADVANCED_FACE('',(#459),#4651,.F.);
#4886=ADVANCED_FACE('',(#460),#4652,.F.);
#4887=CLOSED_SHELL('',(#4653,#4654,#4655,#4656,#4657,#4658,#4659,#4660,
#4661,#4662,#4663,#4664,#4665,#4666,#4667,#4668,#4669,#4670,#4671,#4672,
#4673,#4674,#4675,#4676,#4677,#4678,#4679,#4680,#4681,#4682,#4683,#4684,
#4685,#4686,#4687,#4688,#4689,#4690,#4691,#4692,#4693,#4694,#4695,#4696,
#4697,#4698,#4699,#4700,#4701,#4702,#4703,#4704,#4705,#4706,#4707,#4708,
#4709,#4710,#4711,#4712,#4713,#4714,#4715,#4716,#4717,#4718,#4719,#4720,
#4721,#4722,#4723,#4724,#4725,#4726,#4727,#4728,#4729,#4730,#4731,#4732,
#4733,#4734,#4735,#4736,#4737,#4738,#4739,#4740,#4741,#4742,#4743,#4744,
#4745,#4746,#4747,#4748,#4749,#4750,#4751,#4752,#4753,#4754,#4755,#4756,
#4757,#4758,#4759,#4760,#4761,#4762,#4763,#4764,#4765,#4766,#4767,#4768,
#4769,#4770,#4771,#4772,#4773,#4774,#4775,#4776,#4777,#4778,#4779,#4780,
#4781,#4782,#4783,#4784,#4785,#4786,#4787,#4788,#4789,#4790,#4791,#4792,
#4793,#4794,#4795,#4796,#4797,#4798,#4799,#4800,#4801,#4802,#4803,#4804,
#4805,#4806,#4807,#4808,#4809,#4810,#4811,#4812,#4813,#4814,#4815,#4816,
#4817,#4818,#4819,#4820,#4821,#4822,#4823,#4824,#4825,#4826,#4827,#4828,
#4829,#4830,#4831,#4832,#4833,#4834,#4835,#4836,#4837,#4838,#4839,#4840,
#4841,#4842,#4843,#4844,#4845,#4846,#4847,#4848,#4849,#4850,#4851,#4852,
#4853,#4854,#4855,#4856,#4857,#4858,#4859,#4860,#4861,#4862,#4863,#4864,
#4865,#4866,#4867,#4868,#4869,#4870,#4871,#4872,#4873,#4874,#4875,#4876,
#4877,#4878,#4879,#4880,#4881,#4882,#4883,#4884,#4885,#4886));
#4888=DERIVED_UNIT_ELEMENT(#4890,1.);
#4889=DERIVED_UNIT_ELEMENT(#8291,-3.);
#4890=(
MASS_UNIT()
NAMED_UNIT(*)
SI_UNIT(.KILO.,.GRAM.)
);
#4891=DERIVED_UNIT((#4888,#4889));
#4892=MEASURE_REPRESENTATION_ITEM('density measure',
POSITIVE_RATIO_MEASURE(7850.),#4891);
#4893=PROPERTY_DEFINITION_REPRESENTATION(#4898,#4895);
#4894=PROPERTY_DEFINITION_REPRESENTATION(#4899,#4896);
#4895=REPRESENTATION('material name',(#4897),#8288);
#4896=REPRESENTATION('density',(#4892),#8288);
#4897=DESCRIPTIVE_REPRESENTATION_ITEM('Steel','Steel');
#4898=PROPERTY_DEFINITION('material property','material name',#8303);
#4899=PROPERTY_DEFINITION('material property','density of part',#8303);
#4900=AXIS2_PLACEMENT_3D('',#6819,#5389,#5390);
#4901=AXIS2_PLACEMENT_3D('',#6820,#5391,#5392);
#4902=AXIS2_PLACEMENT_3D('',#6821,#5393,#5394);
#4903=AXIS2_PLACEMENT_3D('',#6824,#5395,#5396);
#4904=AXIS2_PLACEMENT_3D('',#6828,#5398,#5399);
#4905=AXIS2_PLACEMENT_3D('',#6830,#5401,#5402);
#4906=AXIS2_PLACEMENT_3D('',#6840,#5407,#5408);
#4907=AXIS2_PLACEMENT_3D('',#6844,#5410,#5411);
#4908=AXIS2_PLACEMENT_3D('',#6847,#5413,#5414);
#4909=AXIS2_PLACEMENT_3D('',#6852,#5416,#5417);
#4910=AXIS2_PLACEMENT_3D('',#6856,#5419,#5420);
#4911=AXIS2_PLACEMENT_3D('',#6859,#5422,#5423);
#4912=AXIS2_PLACEMENT_3D('',#6864,#5425,#5426);
#4913=AXIS2_PLACEMENT_3D('',#6868,#5428,#5429);
#4914=AXIS2_PLACEMENT_3D('',#6871,#5431,#5432);
#4915=AXIS2_PLACEMENT_3D('',#6876,#5434,#5435);
#4916=AXIS2_PLACEMENT_3D('',#6880,#5437,#5438);
#4917=AXIS2_PLACEMENT_3D('',#6883,#5440,#5441);
#4918=AXIS2_PLACEMENT_3D('',#6884,#5442,#5443);
#4919=AXIS2_PLACEMENT_3D('',#6888,#5445,#5446);
#4920=AXIS2_PLACEMENT_3D('',#6892,#5448,#5449);
#4921=AXIS2_PLACEMENT_3D('',#6896,#5451,#5452);
#4922=AXIS2_PLACEMENT_3D('',#6900,#5454,#5455);
#4923=AXIS2_PLACEMENT_3D('',#6904,#5457,#5458);
#4924=AXIS2_PLACEMENT_3D('',#6908,#5460,#5461);
#4925=AXIS2_PLACEMENT_3D('',#6912,#5463,#5464);
#4926=AXIS2_PLACEMENT_3D('',#6916,#5466,#5467);
#4927=AXIS2_PLACEMENT_3D('',#6920,#5469,#5470);
#4928=AXIS2_PLACEMENT_3D('',#6924,#5472,#5473);
#4929=AXIS2_PLACEMENT_3D('',#6928,#5475,#5476);
#4930=AXIS2_PLACEMENT_3D('',#6932,#5478,#5479);
#4931=AXIS2_PLACEMENT_3D('',#6936,#5481,#5482);
#4932=AXIS2_PLACEMENT_3D('',#6939,#5484,#5485);
#4933=AXIS2_PLACEMENT_3D('',#6941,#5486,#5487);
#4934=AXIS2_PLACEMENT_3D('',#6943,#5488,#5489);
#4935=AXIS2_PLACEMENT_3D('',#6945,#5490,#5491);
#4936=AXIS2_PLACEMENT_3D('',#6947,#5492,#5493);
#4937=AXIS2_PLACEMENT_3D('',#6949,#5494,#5495);
#4938=AXIS2_PLACEMENT_3D('',#6951,#5496,#5497);
#4939=AXIS2_PLACEMENT_3D('',#6953,#5498,#5499);
#4940=AXIS2_PLACEMENT_3D('',#6955,#5500,#5501);
#4941=AXIS2_PLACEMENT_3D('',#6957,#5502,#5503);
#4942=AXIS2_PLACEMENT_3D('',#6959,#5504,#5505);
#4943=AXIS2_PLACEMENT_3D('',#6961,#5506,#5507);
#4944=AXIS2_PLACEMENT_3D('',#6963,#5508,#5509);
#4945=AXIS2_PLACEMENT_3D('',#6965,#5510,#5511);
#4946=AXIS2_PLACEMENT_3D('',#6966,#5512,#5513);
#4947=AXIS2_PLACEMENT_3D('',#6970,#5515,#5516);
#4948=AXIS2_PLACEMENT_3D('',#6972,#5518,#5519);
#4949=AXIS2_PLACEMENT_3D('',#6980,#5523,#5524);
#4950=AXIS2_PLACEMENT_3D('',#6984,#5526,#5527);
#4951=AXIS2_PLACEMENT_3D('',#6987,#5529,#5530);
#4952=AXIS2_PLACEMENT_3D('',#6992,#5532,#5533);
#4953=AXIS2_PLACEMENT_3D('',#6996,#5535,#5536);
#4954=AXIS2_PLACEMENT_3D('',#6999,#5538,#5539);
#4955=AXIS2_PLACEMENT_3D('',#7004,#5541,#5542);
#4956=AXIS2_PLACEMENT_3D('',#7008,#5544,#5545);
#4957=AXIS2_PLACEMENT_3D('',#7011,#5547,#5548);
#4958=AXIS2_PLACEMENT_3D('',#7016,#5550,#5551);
#4959=AXIS2_PLACEMENT_3D('',#7020,#5553,#5554);
#4960=AXIS2_PLACEMENT_3D('',#7023,#5556,#5557);
#4961=AXIS2_PLACEMENT_3D('',#7024,#5558,#5559);
#4962=AXIS2_PLACEMENT_3D('',#7026,#5560,#5561);
#4963=AXIS2_PLACEMENT_3D('',#7030,#5563,#5564);
#4964=AXIS2_PLACEMENT_3D('',#7034,#5566,#5567);
#4965=AXIS2_PLACEMENT_3D('',#7038,#5569,#5570);
#4966=AXIS2_PLACEMENT_3D('',#7041,#5572,#5573);
#4967=AXIS2_PLACEMENT_3D('',#7045,#5575,#5576);
#4968=AXIS2_PLACEMENT_3D('',#7049,#5578,#5579);
#4969=AXIS2_PLACEMENT_3D('',#7053,#5581,#5582);
#4970=AXIS2_PLACEMENT_3D('',#7057,#5584,#5585);
#4971=AXIS2_PLACEMENT_3D('',#7061,#5587,#5588);
#4972=AXIS2_PLACEMENT_3D('',#7065,#5590,#5591);
#4973=AXIS2_PLACEMENT_3D('',#7069,#5593,#5594);
#4974=AXIS2_PLACEMENT_3D('',#7073,#5596,#5597);
#4975=AXIS2_PLACEMENT_3D('',#7076,#5599,#5600);
#4976=AXIS2_PLACEMENT_3D('',#7078,#5601,#5602);
#4977=AXIS2_PLACEMENT_3D('',#7080,#5603,#5604);
#4978=AXIS2_PLACEMENT_3D('',#7082,#5605,#5606);
#4979=AXIS2_PLACEMENT_3D('',#7084,#5607,#5608);
#4980=AXIS2_PLACEMENT_3D('',#7086,#5609,#5610);
#4981=AXIS2_PLACEMENT_3D('',#7088,#5611,#5612);
#4982=AXIS2_PLACEMENT_3D('',#7090,#5613,#5614);
#4983=AXIS2_PLACEMENT_3D('',#7092,#5615,#5616);
#4984=AXIS2_PLACEMENT_3D('',#7094,#5617,#5618);
#4985=AXIS2_PLACEMENT_3D('',#7096,#5619,#5620);
#4986=AXIS2_PLACEMENT_3D('',#7098,#5621,#5622);
#4987=AXIS2_PLACEMENT_3D('',#7100,#5623,#5624);
#4988=AXIS2_PLACEMENT_3D('',#7101,#5625,#5626);
#4989=AXIS2_PLACEMENT_3D('',#7104,#5627,#5628);
#4990=AXIS2_PLACEMENT_3D('',#7107,#5631,#5632);
#4991=AXIS2_PLACEMENT_3D('',#7111,#5635,#5636);
#4992=AXIS2_PLACEMENT_3D('',#7114,#5637,#5638);
#4993=AXIS2_PLACEMENT_3D('',#7117,#5641,#5642);
#4994=AXIS2_PLACEMENT_3D('',#7119,#5644,#5645);
#4995=AXIS2_PLACEMENT_3D('',#7122,#5646,#5647);
#4996=AXIS2_PLACEMENT_3D('',#7125,#5650,#5651);
#4997=AXIS2_PLACEMENT_3D('',#7129,#5654,#5655);
#4998=AXIS2_PLACEMENT_3D('',#7132,#5656,#5657);
#4999=AXIS2_PLACEMENT_3D('',#7135,#5660,#5661);
#5000=AXIS2_PLACEMENT_3D('',#7139,#5664,#5665);
#5001=AXIS2_PLACEMENT_3D('',#7142,#5666,#5667);
#5002=AXIS2_PLACEMENT_3D('',#7145,#5670,#5671);
#5003=AXIS2_PLACEMENT_3D('',#7149,#5674,#5675);
#5004=AXIS2_PLACEMENT_3D('',#7151,#5676,#5677);
#5005=AXIS2_PLACEMENT_3D('',#7153,#5679,#5680);
#5006=AXIS2_PLACEMENT_3D('',#7155,#5682,#5683);
#5007=AXIS2_PLACEMENT_3D('',#7158,#5684,#5685);
#5008=AXIS2_PLACEMENT_3D('',#7161,#5688,#5689);
#5009=AXIS2_PLACEMENT_3D('',#7163,#5691,#5692);
#5010=AXIS2_PLACEMENT_3D('',#7165,#5693,#5694);
#5011=AXIS2_PLACEMENT_3D('',#7167,#5696,#5697);
#5012=AXIS2_PLACEMENT_3D('',#7171,#5700,#5701);
#5013=AXIS2_PLACEMENT_3D('',#7175,#5703,#5704);
#5014=AXIS2_PLACEMENT_3D('',#7177,#5706,#5707);
#5015=AXIS2_PLACEMENT_3D('',#7181,#5710,#5711);
#5016=AXIS2_PLACEMENT_3D('',#7185,#5713,#5714);
#5017=AXIS2_PLACEMENT_3D('',#7187,#5716,#5717);
#5018=AXIS2_PLACEMENT_3D('',#7191,#5720,#5721);
#5019=AXIS2_PLACEMENT_3D('',#7195,#5723,#5724);
#5020=AXIS2_PLACEMENT_3D('',#7197,#5726,#5727);
#5021=AXIS2_PLACEMENT_3D('',#7199,#5729,#5730);
#5022=AXIS2_PLACEMENT_3D('',#7202,#5732,#5733);
#5023=AXIS2_PLACEMENT_3D('',#7203,#5734,#5735);
#5024=AXIS2_PLACEMENT_3D('',#7205,#5737,#5738);
#5025=AXIS2_PLACEMENT_3D('',#7208,#5739,#5740);
#5026=AXIS2_PLACEMENT_3D('',#7211,#5743,#5744);
#5027=AXIS2_PLACEMENT_3D('',#7215,#5747,#5748);
#5028=AXIS2_PLACEMENT_3D('',#7217,#5749,#5750);
#5029=AXIS2_PLACEMENT_3D('',#7219,#5752,#5753);
#5030=AXIS2_PLACEMENT_3D('',#7223,#5755,#5756);
#5031=AXIS2_PLACEMENT_3D('',#7225,#5758,#5759);
#5032=AXIS2_PLACEMENT_3D('',#7229,#5762,#5763);
#5033=AXIS2_PLACEMENT_3D('',#7232,#5765,#5766);
#5034=AXIS2_PLACEMENT_3D('',#7233,#5767,#5768);
#5035=AXIS2_PLACEMENT_3D('',#7237,#5771,#5772);
#5036=AXIS2_PLACEMENT_3D('',#7239,#5773,#5774);
#5037=AXIS2_PLACEMENT_3D('',#7241,#5776,#5777);
#5038=AXIS2_PLACEMENT_3D('',#7243,#5779,#5780);
#5039=AXIS2_PLACEMENT_3D('',#7245,#5781,#5782);
#5040=AXIS2_PLACEMENT_3D('',#7247,#5784,#5785);
#5041=AXIS2_PLACEMENT_3D('',#7260,#5792,#5793);
#5042=AXIS2_PLACEMENT_3D('',#7272,#5799,#5800);
#5043=AXIS2_PLACEMENT_3D('',#7275,#5802,#5803);
#5044=AXIS2_PLACEMENT_3D('',#7277,#5804,#5805);
#5045=AXIS2_PLACEMENT_3D('',#7278,#5806,#5807);
#5046=AXIS2_PLACEMENT_3D('',#7280,#5808,#5809);
#5047=AXIS2_PLACEMENT_3D('',#7282,#5811,#5812);
#5048=AXIS2_PLACEMENT_3D('',#7284,#5814,#5815);
#5049=AXIS2_PLACEMENT_3D('',#7286,#5816,#5817);
#5050=AXIS2_PLACEMENT_3D('',#7288,#5819,#5820);
#5051=AXIS2_PLACEMENT_3D('',#7291,#5822,#5823);
#5052=AXIS2_PLACEMENT_3D('',#7292,#5824,#5825);
#5053=AXIS2_PLACEMENT_3D('',#7296,#5828,#5829);
#5054=AXIS2_PLACEMENT_3D('',#7299,#5831,#5832);
#5055=AXIS2_PLACEMENT_3D('',#7300,#5833,#5834);
#5056=AXIS2_PLACEMENT_3D('',#7302,#5836,#5837);
#5057=AXIS2_PLACEMENT_3D('',#7304,#5838,#5839);
#5058=AXIS2_PLACEMENT_3D('',#7306,#5841,#5842);
#5059=AXIS2_PLACEMENT_3D('',#7308,#5843,#5844);
#5060=AXIS2_PLACEMENT_3D('',#7310,#5846,#5847);
#5061=AXIS2_PLACEMENT_3D('',#7320,#5852,#5853);
#5062=AXIS2_PLACEMENT_3D('',#7323,#5855,#5856);
#5063=AXIS2_PLACEMENT_3D('',#7324,#5857,#5858);
#5064=AXIS2_PLACEMENT_3D('',#7326,#5860,#5861);
#5065=AXIS2_PLACEMENT_3D('',#7339,#5870,#5871);
#5066=AXIS2_PLACEMENT_3D('',#7356,#5882,#5883);
#5067=AXIS2_PLACEMENT_3D('',#7359,#5884,#5885);
#5068=AXIS2_PLACEMENT_3D('',#7363,#5887,#5888);
#5069=AXIS2_PLACEMENT_3D('',#7365,#5890,#5891);
#5070=AXIS2_PLACEMENT_3D('',#7371,#5895,#5896);
#5071=AXIS2_PLACEMENT_3D('',#7374,#5897,#5898);
#5072=AXIS2_PLACEMENT_3D('',#7378,#5900,#5901);
#5073=AXIS2_PLACEMENT_3D('',#7380,#5903,#5904);
#5074=AXIS2_PLACEMENT_3D('',#7386,#5908,#5909);
#5075=AXIS2_PLACEMENT_3D('',#7388,#5910,#5911);
#5076=AXIS2_PLACEMENT_3D('',#7390,#5912,#5913);
#5077=AXIS2_PLACEMENT_3D('',#7392,#5915,#5916);
#5078=AXIS2_PLACEMENT_3D('',#7394,#5917,#5918);
#5079=AXIS2_PLACEMENT_3D('',#7396,#5919,#5920);
#5080=AXIS2_PLACEMENT_3D('',#7398,#5922,#5923);
#5081=AXIS2_PLACEMENT_3D('',#7401,#5924,#5925);
#5082=AXIS2_PLACEMENT_3D('',#7405,#5927,#5928);
#5083=AXIS2_PLACEMENT_3D('',#7407,#5930,#5931);
#5084=AXIS2_PLACEMENT_3D('',#7413,#5935,#5936);
#5085=AXIS2_PLACEMENT_3D('',#7416,#5937,#5938);
#5086=AXIS2_PLACEMENT_3D('',#7420,#5940,#5941);
#5087=AXIS2_PLACEMENT_3D('',#7422,#5943,#5944);
#5088=AXIS2_PLACEMENT_3D('',#7428,#5948,#5949);
#5089=AXIS2_PLACEMENT_3D('',#7430,#5950,#5951);
#5090=AXIS2_PLACEMENT_3D('',#7432,#5952,#5953);
#5091=AXIS2_PLACEMENT_3D('',#7434,#5955,#5956);
#5092=AXIS2_PLACEMENT_3D('',#7436,#5957,#5958);
#5093=AXIS2_PLACEMENT_3D('',#7438,#5959,#5960);
#5094=AXIS2_PLACEMENT_3D('',#7440,#5962,#5963);
#5095=AXIS2_PLACEMENT_3D('',#7443,#5964,#5965);
#5096=AXIS2_PLACEMENT_3D('',#7447,#5967,#5968);
#5097=AXIS2_PLACEMENT_3D('',#7449,#5970,#5971);
#5098=AXIS2_PLACEMENT_3D('',#7455,#5975,#5976);
#5099=AXIS2_PLACEMENT_3D('',#7458,#5977,#5978);
#5100=AXIS2_PLACEMENT_3D('',#7462,#5980,#5981);
#5101=AXIS2_PLACEMENT_3D('',#7464,#5983,#5984);
#5102=AXIS2_PLACEMENT_3D('',#7470,#5988,#5989);
#5103=AXIS2_PLACEMENT_3D('',#7472,#5990,#5991);
#5104=AXIS2_PLACEMENT_3D('',#7474,#5992,#5993);
#5105=AXIS2_PLACEMENT_3D('',#7476,#5995,#5996);
#5106=AXIS2_PLACEMENT_3D('',#7478,#5997,#5998);
#5107=AXIS2_PLACEMENT_3D('',#7480,#5999,#6000);
#5108=AXIS2_PLACEMENT_3D('',#7482,#6002,#6003);
#5109=AXIS2_PLACEMENT_3D('',#7485,#6004,#6005);
#5110=AXIS2_PLACEMENT_3D('',#7489,#6007,#6008);
#5111=AXIS2_PLACEMENT_3D('',#7491,#6010,#6011);
#5112=AXIS2_PLACEMENT_3D('',#7497,#6015,#6016);
#5113=AXIS2_PLACEMENT_3D('',#7500,#6017,#6018);
#5114=AXIS2_PLACEMENT_3D('',#7504,#6020,#6021);
#5115=AXIS2_PLACEMENT_3D('',#7506,#6023,#6024);
#5116=AXIS2_PLACEMENT_3D('',#7512,#6028,#6029);
#5117=AXIS2_PLACEMENT_3D('',#7515,#6030,#6031);
#5118=AXIS2_PLACEMENT_3D('',#7519,#6033,#6034);
#5119=AXIS2_PLACEMENT_3D('',#7521,#6036,#6037);
#5120=AXIS2_PLACEMENT_3D('',#7527,#6041,#6042);
#5121=AXIS2_PLACEMENT_3D('',#7530,#6043,#6044);
#5122=AXIS2_PLACEMENT_3D('',#7534,#6046,#6047);
#5123=AXIS2_PLACEMENT_3D('',#7536,#6049,#6050);
#5124=AXIS2_PLACEMENT_3D('',#7542,#6054,#6055);
#5125=AXIS2_PLACEMENT_3D('',#7544,#6056,#6057);
#5126=AXIS2_PLACEMENT_3D('',#7546,#6058,#6059);
#5127=AXIS2_PLACEMENT_3D('',#7548,#6061,#6062);
#5128=AXIS2_PLACEMENT_3D('',#7550,#6063,#6064);
#5129=AXIS2_PLACEMENT_3D('',#7552,#6065,#6066);
#5130=AXIS2_PLACEMENT_3D('',#7554,#6068,#6069);
#5131=AXIS2_PLACEMENT_3D('',#7557,#6070,#6071);
#5132=AXIS2_PLACEMENT_3D('',#7561,#6073,#6074);
#5133=AXIS2_PLACEMENT_3D('',#7563,#6076,#6077);
#5134=AXIS2_PLACEMENT_3D('',#7569,#6081,#6082);
#5135=AXIS2_PLACEMENT_3D('',#7572,#6083,#6084);
#5136=AXIS2_PLACEMENT_3D('',#7576,#6086,#6087);
#5137=AXIS2_PLACEMENT_3D('',#7578,#6089,#6090);
#5138=AXIS2_PLACEMENT_3D('',#7584,#6094,#6095);
#5139=AXIS2_PLACEMENT_3D('',#7586,#6096,#6097);
#5140=AXIS2_PLACEMENT_3D('',#7588,#6098,#6099);
#5141=AXIS2_PLACEMENT_3D('',#7590,#6101,#6102);
#5142=AXIS2_PLACEMENT_3D('',#7592,#6103,#6104);
#5143=AXIS2_PLACEMENT_3D('',#7594,#6105,#6106);
#5144=AXIS2_PLACEMENT_3D('',#7596,#6108,#6109);
#5145=AXIS2_PLACEMENT_3D('',#7598,#6110,#6111);
#5146=AXIS2_PLACEMENT_3D('',#7600,#6112,#6113);
#5147=AXIS2_PLACEMENT_3D('',#7602,#6115,#6116);
#5148=AXIS2_PLACEMENT_3D('',#7604,#6117,#6118);
#5149=AXIS2_PLACEMENT_3D('',#7606,#6119,#6120);
#5150=AXIS2_PLACEMENT_3D('',#7608,#6122,#6123);
#5151=AXIS2_PLACEMENT_3D('',#7612,#6125,#6126);
#5152=AXIS2_PLACEMENT_3D('',#7644,#6128,#6129);
#5153=AXIS2_PLACEMENT_3D('',#7646,#6131,#6132);
#5154=AXIS2_PLACEMENT_3D('',#7650,#6134,#6135);
#5155=AXIS2_PLACEMENT_3D('',#7658,#6139,#6140);
#5156=AXIS2_PLACEMENT_3D('',#7662,#6142,#6143);
#5157=AXIS2_PLACEMENT_3D('',#7666,#6147,#6148);
#5158=AXIS2_PLACEMENT_3D('',#7672,#6151,#6152);
#5159=AXIS2_PLACEMENT_3D('',#7676,#6155,#6156);
#5160=AXIS2_PLACEMENT_3D('',#7679,#6157,#6158);
#5161=AXIS2_PLACEMENT_3D('',#7682,#6161,#6162);
#5162=AXIS2_PLACEMENT_3D('',#7685,#6164,#6165);
#5163=AXIS2_PLACEMENT_3D('',#7691,#6168,#6169);
#5164=AXIS2_PLACEMENT_3D('',#7695,#6171,#6172);
#5165=AXIS2_PLACEMENT_3D('',#7704,#6177,#6178);
#5166=AXIS2_PLACEMENT_3D('',#7708,#6180,#6181);
#5167=AXIS2_PLACEMENT_3D('',#7714,#6184,#6185);
#5168=AXIS2_PLACEMENT_3D('',#7718,#6187,#6188);
#5169=AXIS2_PLACEMENT_3D('',#7722,#6190,#6191);
#5170=AXIS2_PLACEMENT_3D('',#7726,#6193,#6194);
#5171=AXIS2_PLACEMENT_3D('',#7730,#6196,#6197);
#5172=AXIS2_PLACEMENT_3D('',#7734,#6199,#6200);
#5173=AXIS2_PLACEMENT_3D('',#7738,#6202,#6203);
#5174=AXIS2_PLACEMENT_3D('',#7742,#6205,#6206);
#5175=AXIS2_PLACEMENT_3D('',#7746,#6208,#6209);
#5176=AXIS2_PLACEMENT_3D('',#7750,#6211,#6212);
#5177=AXIS2_PLACEMENT_3D('',#7754,#6214,#6215);
#5178=AXIS2_PLACEMENT_3D('',#7758,#6217,#6218);
#5179=AXIS2_PLACEMENT_3D('',#7760,#6220,#6221);
#5180=AXIS2_PLACEMENT_3D('',#7761,#6222,#6223);
#5181=AXIS2_PLACEMENT_3D('',#7762,#6224,#6225);
#5182=AXIS2_PLACEMENT_3D('',#7763,#6226,#6227);
#5183=AXIS2_PLACEMENT_3D('',#7764,#6228,#6229);
#5184=AXIS2_PLACEMENT_3D('',#7767,#6230,#6231);
#5185=AXIS2_PLACEMENT_3D('',#7770,#6234,#6235);
#5186=AXIS2_PLACEMENT_3D('',#7774,#6238,#6239);
#5187=AXIS2_PLACEMENT_3D('',#7777,#6240,#6241);
#5188=AXIS2_PLACEMENT_3D('',#7780,#6244,#6245);
#5189=AXIS2_PLACEMENT_3D('',#7784,#6247,#6248);
#5190=AXIS2_PLACEMENT_3D('',#7789,#6252,#6253);
#5191=AXIS2_PLACEMENT_3D('',#7791,#6254,#6255);
#5192=AXIS2_PLACEMENT_3D('',#7821,#6257,#6258);
#5193=AXIS2_PLACEMENT_3D('',#7823,#6259,#6260);
#5194=AXIS2_PLACEMENT_3D('',#7825,#6262,#6263);
#5195=AXIS2_PLACEMENT_3D('',#7831,#6266,#6267);
#5196=AXIS2_PLACEMENT_3D('',#7835,#6269,#6270);
#5197=AXIS2_PLACEMENT_3D('',#7842,#6274,#6275);
#5198=AXIS2_PLACEMENT_3D('',#7846,#6277,#6278);
#5199=AXIS2_PLACEMENT_3D('',#7849,#6280,#6281);
#5200=AXIS2_PLACEMENT_3D('',#7853,#6283,#6284);
#5201=AXIS2_PLACEMENT_3D('',#7857,#6286,#6287);
#5202=AXIS2_PLACEMENT_3D('',#7861,#6289,#6290);
#5203=AXIS2_PLACEMENT_3D('',#7865,#6292,#6293);
#5204=AXIS2_PLACEMENT_3D('',#7869,#6295,#6296);
#5205=AXIS2_PLACEMENT_3D('',#7873,#6298,#6299);
#5206=AXIS2_PLACEMENT_3D('',#7877,#6301,#6302);
#5207=AXIS2_PLACEMENT_3D('',#7881,#6304,#6305);
#5208=AXIS2_PLACEMENT_3D('',#7885,#6307,#6308);
#5209=AXIS2_PLACEMENT_3D('',#7889,#6310,#6311);
#5210=AXIS2_PLACEMENT_3D('',#7893,#6313,#6314);
#5211=AXIS2_PLACEMENT_3D('',#7897,#6316,#6317);
#5212=AXIS2_PLACEMENT_3D('',#7899,#6319,#6320);
#5213=AXIS2_PLACEMENT_3D('',#7900,#6321,#6322);
#5214=AXIS2_PLACEMENT_3D('',#7901,#6323,#6324);
#5215=AXIS2_PLACEMENT_3D('',#7902,#6325,#6326);
#5216=AXIS2_PLACEMENT_3D('',#7903,#6327,#6328);
#5217=AXIS2_PLACEMENT_3D('',#7905,#6330,#6331);
#5218=AXIS2_PLACEMENT_3D('',#7908,#6333,#6334);
#5219=AXIS2_PLACEMENT_3D('',#7910,#6335,#6336);
#5220=AXIS2_PLACEMENT_3D('',#7912,#6337,#6338);
#5221=AXIS2_PLACEMENT_3D('',#7914,#6339,#6340);
#5222=AXIS2_PLACEMENT_3D('',#7916,#6341,#6342);
#5223=AXIS2_PLACEMENT_3D('',#7918,#6343,#6344);
#5224=AXIS2_PLACEMENT_3D('',#7920,#6345,#6346);
#5225=AXIS2_PLACEMENT_3D('',#7922,#6347,#6348);
#5226=AXIS2_PLACEMENT_3D('',#7924,#6349,#6350);
#5227=AXIS2_PLACEMENT_3D('',#7925,#6351,#6352);
#5228=AXIS2_PLACEMENT_3D('',#7927,#6354,#6355);
#5229=AXIS2_PLACEMENT_3D('',#7930,#6358,#6359);
#5230=AXIS2_PLACEMENT_3D('',#7934,#6363,#6364);
#5231=AXIS2_PLACEMENT_3D('',#7936,#6366,#6367);
#5232=AXIS2_PLACEMENT_3D('',#7939,#6370,#6371);
#5233=AXIS2_PLACEMENT_3D('',#7943,#6375,#6376);
#5234=AXIS2_PLACEMENT_3D('',#7945,#6378,#6379);
#5235=AXIS2_PLACEMENT_3D('',#7948,#6382,#6383);
#5236=AXIS2_PLACEMENT_3D('',#7950,#6385,#6386);
#5237=AXIS2_PLACEMENT_3D('',#7954,#6390,#6391);
#5238=AXIS2_PLACEMENT_3D('',#7957,#6394,#6395);
#5239=AXIS2_PLACEMENT_3D('',#7961,#6399,#6400);
#5240=AXIS2_PLACEMENT_3D('',#7965,#6404,#6405);
#5241=AXIS2_PLACEMENT_3D('',#7970,#6410,#6411);
#5242=AXIS2_PLACEMENT_3D('',#7972,#6413,#6414);
#5243=AXIS2_PLACEMENT_3D('',#7976,#6418,#6419);
#5244=AXIS2_PLACEMENT_3D('',#7978,#6421,#6422);
#5245=AXIS2_PLACEMENT_3D('',#7980,#6424,#6425);
#5246=AXIS2_PLACEMENT_3D('',#7982,#6427,#6428);
#5247=AXIS2_PLACEMENT_3D('',#7983,#6429,#6430);
#5248=AXIS2_PLACEMENT_3D('',#7985,#6432,#6433);
#5249=AXIS2_PLACEMENT_3D('',#7986,#6434,#6435);
#5250=AXIS2_PLACEMENT_3D('',#7987,#6436,#6437);
#5251=AXIS2_PLACEMENT_3D('',#7990,#6440,#6441);
#5252=AXIS2_PLACEMENT_3D('',#7992,#6443,#6444);
#5253=AXIS2_PLACEMENT_3D('',#7993,#6445,#6446);
#5254=AXIS2_PLACEMENT_3D('',#7995,#6448,#6449);
#5255=AXIS2_PLACEMENT_3D('',#7998,#6452,#6453);
#5256=AXIS2_PLACEMENT_3D('',#7999,#6454,#6455);
#5257=AXIS2_PLACEMENT_3D('',#8000,#6456,#6457);
#5258=AXIS2_PLACEMENT_3D('',#8003,#6460,#6461);
#5259=AXIS2_PLACEMENT_3D('',#8004,#6462,#6463);
#5260=AXIS2_PLACEMENT_3D('',#8006,#6465,#6466);
#5261=AXIS2_PLACEMENT_3D('',#8008,#6468,#6469);
#5262=AXIS2_PLACEMENT_3D('',#8010,#6471,#6472);
#5263=AXIS2_PLACEMENT_3D('',#8012,#6474,#6475);
#5264=AXIS2_PLACEMENT_3D('',#8014,#6477,#6478);
#5265=AXIS2_PLACEMENT_3D('',#8016,#6480,#6481);
#5266=AXIS2_PLACEMENT_3D('',#8018,#6483,#6484);
#5267=AXIS2_PLACEMENT_3D('',#8020,#6486,#6487);
#5268=AXIS2_PLACEMENT_3D('',#8022,#6489,#6490);
#5269=AXIS2_PLACEMENT_3D('',#8024,#6491,#6492);
#5270=AXIS2_PLACEMENT_3D('',#8026,#6494,#6495);
#5271=AXIS2_PLACEMENT_3D('',#8030,#6498,#6499);
#5272=AXIS2_PLACEMENT_3D('',#8032,#6500,#6501);
#5273=AXIS2_PLACEMENT_3D('',#8034,#6503,#6504);
#5274=AXIS2_PLACEMENT_3D('',#8036,#6505,#6506);
#5275=AXIS2_PLACEMENT_3D('',#8038,#6508,#6509);
#5276=AXIS2_PLACEMENT_3D('',#8042,#6512,#6513);
#5277=AXIS2_PLACEMENT_3D('',#8044,#6514,#6515);
#5278=AXIS2_PLACEMENT_3D('',#8046,#6517,#6518);
#5279=AXIS2_PLACEMENT_3D('',#8048,#6519,#6520);
#5280=AXIS2_PLACEMENT_3D('',#8050,#6522,#6523);
#5281=AXIS2_PLACEMENT_3D('',#8052,#6525,#6526);
#5282=AXIS2_PLACEMENT_3D('',#8060,#6531,#6532);
#5283=AXIS2_PLACEMENT_3D('',#8062,#6534,#6535);
#5284=AXIS2_PLACEMENT_3D('',#8064,#6537,#6538);
#5285=AXIS2_PLACEMENT_3D('',#8070,#6542,#6543);
#5286=AXIS2_PLACEMENT_3D('',#8074,#6546,#6547);
#5287=AXIS2_PLACEMENT_3D('',#8078,#6550,#6551);
#5288=AXIS2_PLACEMENT_3D('',#8080,#6553,#6554);
#5289=AXIS2_PLACEMENT_3D('',#8081,#6555,#6556);
#5290=AXIS2_PLACEMENT_3D('',#8083,#6558,#6559);
#5291=AXIS2_PLACEMENT_3D('',#8085,#6561,#6562);
#5292=AXIS2_PLACEMENT_3D('',#8086,#6563,#6564);
#5293=AXIS2_PLACEMENT_3D('',#8088,#6566,#6567);
#5294=AXIS2_PLACEMENT_3D('',#8090,#6569,#6570);
#5295=AXIS2_PLACEMENT_3D('',#8092,#6572,#6573);
#5296=AXIS2_PLACEMENT_3D('',#8094,#6575,#6576);
#5297=AXIS2_PLACEMENT_3D('',#8095,#6577,#6578);
#5298=AXIS2_PLACEMENT_3D('',#8096,#6579,#6580);
#5299=AXIS2_PLACEMENT_3D('',#8098,#6582,#6583);
#5300=AXIS2_PLACEMENT_3D('',#8100,#6585,#6586);
#5301=AXIS2_PLACEMENT_3D('',#8101,#6587,#6588);
#5302=AXIS2_PLACEMENT_3D('',#8103,#6590,#6591);
#5303=AXIS2_PLACEMENT_3D('',#8105,#6593,#6594);
#5304=AXIS2_PLACEMENT_3D('',#8106,#6595,#6596);
#5305=AXIS2_PLACEMENT_3D('',#8108,#6598,#6599);
#5306=AXIS2_PLACEMENT_3D('',#8110,#6601,#6602);
#5307=AXIS2_PLACEMENT_3D('',#8111,#6603,#6604);
#5308=AXIS2_PLACEMENT_3D('',#8114,#6605,#6606);
#5309=AXIS2_PLACEMENT_3D('',#8117,#6609,#6610);
#5310=AXIS2_PLACEMENT_3D('',#8121,#6613,#6614);
#5311=AXIS2_PLACEMENT_3D('',#8124,#6616,#6617);
#5312=AXIS2_PLACEMENT_3D('',#8125,#6618,#6619);
#5313=AXIS2_PLACEMENT_3D('',#8127,#6620,#6621);
#5314=AXIS2_PLACEMENT_3D('',#8129,#6623,#6624);
#5315=AXIS2_PLACEMENT_3D('',#8133,#6627,#6628);
#5316=AXIS2_PLACEMENT_3D('',#8136,#6630,#6631);
#5317=AXIS2_PLACEMENT_3D('',#8138,#6632,#6633);
#5318=AXIS2_PLACEMENT_3D('',#8139,#6634,#6635);
#5319=AXIS2_PLACEMENT_3D('',#8141,#6637,#6638);
#5320=AXIS2_PLACEMENT_3D('',#8145,#6640,#6641);
#5321=AXIS2_PLACEMENT_3D('',#8147,#6643,#6644);
#5322=AXIS2_PLACEMENT_3D('',#8151,#6647,#6648);
#5323=AXIS2_PLACEMENT_3D('',#8152,#6649,#6650);
#5324=AXIS2_PLACEMENT_3D('',#8153,#6651,#6652);
#5325=AXIS2_PLACEMENT_3D('',#8157,#6654,#6655);
#5326=AXIS2_PLACEMENT_3D('',#8159,#6657,#6658);
#5327=AXIS2_PLACEMENT_3D('',#8163,#6661,#6662);
#5328=AXIS2_PLACEMENT_3D('',#8167,#6665,#6666);
#5329=AXIS2_PLACEMENT_3D('',#8169,#6667,#6668);
#5330=AXIS2_PLACEMENT_3D('',#8170,#6669,#6670);
#5331=AXIS2_PLACEMENT_3D('',#8172,#6672,#6673);
#5332=AXIS2_PLACEMENT_3D('',#8174,#6675,#6676);
#5333=AXIS2_PLACEMENT_3D('',#8176,#6677,#6678);
#5334=AXIS2_PLACEMENT_3D('',#8178,#6680,#6681);
#5335=AXIS2_PLACEMENT_3D('',#8180,#6683,#6684);
#5336=AXIS2_PLACEMENT_3D('',#8182,#6686,#6687);
#5337=AXIS2_PLACEMENT_3D('',#8184,#6688,#6689);
#5338=AXIS2_PLACEMENT_3D('',#8186,#6691,#6692);
#5339=AXIS2_PLACEMENT_3D('',#8188,#6694,#6695);
#5340=AXIS2_PLACEMENT_3D('',#8190,#6697,#6698);
#5341=AXIS2_PLACEMENT_3D('',#8191,#6699,#6700);
#5342=AXIS2_PLACEMENT_3D('',#8192,#6701,#6702);
#5343=AXIS2_PLACEMENT_3D('',#8193,#6703,#6704);
#5344=AXIS2_PLACEMENT_3D('',#8196,#6706,#6707);
#5345=AXIS2_PLACEMENT_3D('',#8197,#6708,#6709);
#5346=AXIS2_PLACEMENT_3D('',#8199,#6710,#6711);
#5347=AXIS2_PLACEMENT_3D('',#8200,#6712,#6713);
#5348=AXIS2_PLACEMENT_3D('',#8203,#6715,#6716);
#5349=AXIS2_PLACEMENT_3D('',#8204,#6717,#6718);
#5350=AXIS2_PLACEMENT_3D('',#8206,#6719,#6720);
#5351=AXIS2_PLACEMENT_3D('',#8207,#6721,#6722);
#5352=AXIS2_PLACEMENT_3D('',#8210,#6724,#6725);
#5353=AXIS2_PLACEMENT_3D('',#8211,#6726,#6727);
#5354=AXIS2_PLACEMENT_3D('',#8213,#6728,#6729);
#5355=AXIS2_PLACEMENT_3D('',#8214,#6730,#6731);
#5356=AXIS2_PLACEMENT_3D('',#8217,#6733,#6734);
#5357=AXIS2_PLACEMENT_3D('',#8218,#6735,#6736);
#5358=AXIS2_PLACEMENT_3D('',#8220,#6737,#6738);
#5359=AXIS2_PLACEMENT_3D('',#8221,#6739,#6740);
#5360=AXIS2_PLACEMENT_3D('',#8223,#6742,#6743);
#5361=AXIS2_PLACEMENT_3D('',#8225,#6745,#6746);
#5362=AXIS2_PLACEMENT_3D('',#8227,#6748,#6749);
#5363=AXIS2_PLACEMENT_3D('',#8229,#6750,#6751);
#5364=AXIS2_PLACEMENT_3D('',#8231,#6753,#6754);
#5365=AXIS2_PLACEMENT_3D('',#8235,#6757,#6758);
#5366=AXIS2_PLACEMENT_3D('',#8239,#6761,#6762);
#5367=AXIS2_PLACEMENT_3D('',#8243,#6765,#6766);
#5368=AXIS2_PLACEMENT_3D('',#8245,#6768,#6769);
#5369=AXIS2_PLACEMENT_3D('',#8246,#6770,#6771);
#5370=AXIS2_PLACEMENT_3D('',#8248,#6772,#6773);
#5371=AXIS2_PLACEMENT_3D('',#8250,#6774,#6775);
#5372=AXIS2_PLACEMENT_3D('',#8252,#6776,#6777);
#5373=AXIS2_PLACEMENT_3D('',#8254,#6778,#6779);
#5374=AXIS2_PLACEMENT_3D('',#8256,#6780,#6781);
#5375=AXIS2_PLACEMENT_3D('',#8258,#6782,#6783);
#5376=AXIS2_PLACEMENT_3D('',#8260,#6784,#6785);
#5377=AXIS2_PLACEMENT_3D('',#8262,#6786,#6787);
#5378=AXIS2_PLACEMENT_3D('',#8264,#6788,#6789);
#5379=AXIS2_PLACEMENT_3D('',#8265,#6790,#6791);
#5380=AXIS2_PLACEMENT_3D('',#8267,#6793,#6794);
#5381=AXIS2_PLACEMENT_3D('',#8269,#6796,#6797);
#5382=AXIS2_PLACEMENT_3D('',#8271,#6799,#6800);
#5383=AXIS2_PLACEMENT_3D('',#8273,#6802,#6803);
#5384=AXIS2_PLACEMENT_3D('',#8275,#6805,#6806);
#5385=AXIS2_PLACEMENT_3D('',#8277,#6808,#6809);
#5386=AXIS2_PLACEMENT_3D('',#8279,#6811,#6812);
#5387=AXIS2_PLACEMENT_3D('',#8281,#6814,#6815);
#5388=AXIS2_PLACEMENT_3D('',#8283,#6817,#6818);
#5389=DIRECTION('axis',(0.,0.,1.));
#5390=DIRECTION('refdir',(1.,0.,0.));
#5391=DIRECTION('axis',(0.,0.,1.));
#5392=DIRECTION('refdir',(1.,0.,0.));
#5393=DIRECTION('center_axis',(0.,0.,1.));
#5394=DIRECTION('ref_axis',(-0.70710678118654,-0.707106781186555,0.));
#5395=DIRECTION('center_axis',(0.,0.,-1.));
#5396=DIRECTION('ref_axis',(-0.70710678118654,-0.707106781186555,0.));
#5397=DIRECTION('',(0.,0.,-1.));
#5398=DIRECTION('center_axis',(0.,0.,1.));
#5399=DIRECTION('ref_axis',(-0.70710678118654,-0.707106781186555,0.));
#5400=DIRECTION('',(0.,0.,1.));
#5401=DIRECTION('center_axis',(0.,-1.,0.));
#5402=DIRECTION('ref_axis',(0.,0.,-1.));
#5403=DIRECTION('',(-1.,0.,0.));
#5404=DIRECTION('',(0.,0.,-1.));
#5405=DIRECTION('',(-1.,0.,0.));
#5406=DIRECTION('',(1.,0.,0.));
#5407=DIRECTION('center_axis',(0.,-1.,0.));
#5408=DIRECTION('ref_axis',(0.878102177944595,0.,0.478473160259756));
#5409=DIRECTION('',(-0.542126869822092,0.,-0.840296648224245));
#5410=DIRECTION('center_axis',(0.,-1.,0.));
#5411=DIRECTION('ref_axis',(0.,0.,-1.));
#5412=DIRECTION('',(-0.542126869822093,0.,0.840296648224244));
#5413=DIRECTION('center_axis',(0.,-1.,0.));
#5414=DIRECTION('ref_axis',(-0.878102177944595,0.,0.478473160259756));
#5415=DIRECTION('',(0.542126869822093,0.,0.840296648224244));
#5416=DIRECTION('center_axis',(0.,-1.,0.));
#5417=DIRECTION('ref_axis',(0.282580388363878,0.,0.959243620834728));
#5418=DIRECTION('',(0.,0.,-1.));
#5419=DIRECTION('center_axis',(0.,-1.,0.));
#5420=DIRECTION('ref_axis',(0.282580388363876,0.,-0.959243620834729));
#5421=DIRECTION('',(-0.542126869822093,0.,0.840296648224244));
#5422=DIRECTION('center_axis',(0.,-1.,0.));
#5423=DIRECTION('ref_axis',(-1.,0.,1.23865076432904E-15));
#5424=DIRECTION('',(0.542126869822094,0.,-0.840296648224244));
#5425=DIRECTION('center_axis',(0.,-1.,0.));
#5426=DIRECTION('ref_axis',(0.878102177944604,0.,-0.478473160259741));
#5427=DIRECTION('',(-1.,0.,0.));
#5428=DIRECTION('center_axis',(0.,-1.,0.));
#5429=DIRECTION('ref_axis',(-0.878102177944597,0.,-0.478473160259753));
#5430=DIRECTION('',(0.542126869822093,0.,0.840296648224244));
#5431=DIRECTION('center_axis',(0.,-1.,0.));
#5432=DIRECTION('ref_axis',(0.,0.,1.));
#5433=DIRECTION('',(0.542126869822094,0.,-0.840296648224244));
#5434=DIRECTION('center_axis',(0.,-1.,0.));
#5435=DIRECTION('ref_axis',(1.,0.,5.61521679829159E-15));
#5436=DIRECTION('',(-0.542126869822092,0.,-0.840296648224245));
#5437=DIRECTION('center_axis',(0.,-1.,0.));
#5438=DIRECTION('ref_axis',(-0.282580388363847,0.,-0.959243620834737));
#5439=DIRECTION('',(0.,0.,1.));
#5440=DIRECTION('center_axis',(0.,-1.,0.));
#5441=DIRECTION('ref_axis',(-0.282580388363905,0.,0.95924362083472));
#5442=DIRECTION('center_axis',(0.,0.,-1.));
#5443=DIRECTION('ref_axis',(0.,1.,0.));
#5444=DIRECTION('',(0.,-1.,0.));
#5445=DIRECTION('center_axis',(0.,0.,1.));
#5446=DIRECTION('ref_axis',(-0.70710678118654,0.707106781186555,0.));
#5447=DIRECTION('',(-1.,-5.55111512312578E-16,0.));
#5448=DIRECTION('center_axis',(0.,0.,1.));
#5449=DIRECTION('ref_axis',(0.707106781186552,0.707106781186543,0.));
#5450=DIRECTION('',(0.,1.,0.));
#5451=DIRECTION('center_axis',(0.,0.,-1.));
#5452=DIRECTION('ref_axis',(-0.707106781186553,-0.707106781186542,0.));
#5453=DIRECTION('',(-1.,0.,0.));
#5454=DIRECTION('center_axis',(0.,0.,-1.));
#5455=DIRECTION('ref_axis',(0.707106781186546,-0.707106781186549,0.));
#5456=DIRECTION('',(0.,-1.,0.));
#5457=DIRECTION('center_axis',(0.,0.,-1.));
#5458=DIRECTION('ref_axis',(0.707106781186544,0.707106781186551,0.));
#5459=DIRECTION('',(-1.,0.,0.));
#5460=DIRECTION('center_axis',(0.,0.,-1.));
#5461=DIRECTION('ref_axis',(-0.707106781186551,0.707106781186544,0.));
#5462=DIRECTION('',(0.,-1.,0.));
#5463=DIRECTION('center_axis',(0.,0.,1.));
#5464=DIRECTION('ref_axis',(0.707106781186554,-0.707106781186541,0.));
#5465=DIRECTION('',(-1.,0.,0.));
#5466=DIRECTION('center_axis',(0.,0.,1.));
#5467=DIRECTION('ref_axis',(-0.707106781186551,-0.707106781186544,0.));
#5468=DIRECTION('',(0.,-1.,0.));
#5469=DIRECTION('center_axis',(0.,0.,1.));
#5470=DIRECTION('ref_axis',(-0.707106781186538,0.707106781186557,0.));
#5471=DIRECTION('',(1.,0.,0.));
#5472=DIRECTION('center_axis',(0.,0.,1.));
#5473=DIRECTION('ref_axis',(0.24567054510383,0.969353384101168,0.));
#5474=DIRECTION('',(0.879291966536774,-0.476283148540752,0.));
#5475=DIRECTION('center_axis',(0.,0.,-1.));
#5476=DIRECTION('ref_axis',(-0.24567054510383,-0.969353384101168,0.));
#5477=DIRECTION('',(1.,3.5527136788005E-17,0.));
#5478=DIRECTION('center_axis',(0.,0.,-1.));
#5479=DIRECTION('ref_axis',(1.,0.,0.));
#5480=DIRECTION('',(-1.,6.21724893790088E-17,0.));
#5481=DIRECTION('center_axis',(0.,0.,-1.));
#5482=DIRECTION('ref_axis',(-0.24567054510383,0.969353384101168,0.));
#5483=DIRECTION('',(-0.879291966536774,-0.476283148540753,0.));
#5484=DIRECTION('center_axis',(0.,0.,1.));
#5485=DIRECTION('ref_axis',(0.24567054510383,-0.969353384101168,0.));
#5486=DIRECTION('center_axis',(0.,0.,1.));
#5487=DIRECTION('ref_axis',(-1.,0.,0.));
#5488=DIRECTION('center_axis',(0.,0.,1.));
#5489=DIRECTION('ref_axis',(-1.,0.,0.));
#5490=DIRECTION('center_axis',(0.,0.,1.));
#5491=DIRECTION('ref_axis',(-1.,0.,0.));
#5492=DIRECTION('center_axis',(0.,0.,1.));
#5493=DIRECTION('ref_axis',(-1.,0.,0.));
#5494=DIRECTION('center_axis',(0.,0.,1.));
#5495=DIRECTION('ref_axis',(-1.,0.,0.));
#5496=DIRECTION('center_axis',(0.,0.,1.));
#5497=DIRECTION('ref_axis',(-1.,0.,0.));
#5498=DIRECTION('center_axis',(0.,0.,1.));
#5499=DIRECTION('ref_axis',(-1.,0.,0.));
#5500=DIRECTION('center_axis',(0.,0.,1.));
#5501=DIRECTION('ref_axis',(-1.,0.,0.));
#5502=DIRECTION('center_axis',(0.,0.,1.));
#5503=DIRECTION('ref_axis',(-1.,0.,0.));
#5504=DIRECTION('center_axis',(0.,0.,1.));
#5505=DIRECTION('ref_axis',(-1.,0.,0.));
#5506=DIRECTION('center_axis',(0.,0.,1.));
#5507=DIRECTION('ref_axis',(-1.,0.,0.));
#5508=DIRECTION('center_axis',(0.,0.,1.));
#5509=DIRECTION('ref_axis',(-1.,0.,0.));
#5510=DIRECTION('center_axis',(0.,0.,1.));
#5511=DIRECTION('ref_axis',(-1.,0.,0.));
#5512=DIRECTION('center_axis',(0.,0.,-1.));
#5513=DIRECTION('ref_axis',(-0.707106781186538,0.707106781186557,0.));
#5514=DIRECTION('',(0.,0.,1.));
#5515=DIRECTION('center_axis',(0.,0.,-1.));
#5516=DIRECTION('ref_axis',(-0.707106781186538,0.707106781186557,0.));
#5517=DIRECTION('',(0.,0.,-1.));
#5518=DIRECTION('center_axis',(0.,1.,0.));
#5519=DIRECTION('ref_axis',(0.,0.,1.));
#5520=DIRECTION('',(-1.,0.,0.));
#5521=DIRECTION('',(0.,0.,1.));
#5522=DIRECTION('',(-1.,0.,0.));
#5523=DIRECTION('center_axis',(0.,1.,0.));
#5524=DIRECTION('ref_axis',(-0.878102177944595,0.,0.478473160259756));
#5525=DIRECTION('',(0.542126869822093,0.,-0.840296648224244));
#5526=DIRECTION('center_axis',(0.,1.,0.));
#5527=DIRECTION('ref_axis',(0.,0.,-1.));
#5528=DIRECTION('',(0.542126869822092,0.,0.840296648224245));
#5529=DIRECTION('center_axis',(0.,1.,0.));
#5530=DIRECTION('ref_axis',(0.878102177944595,0.,0.478473160259756));
#5531=DIRECTION('',(-0.542126869822093,0.,-0.840296648224244));
#5532=DIRECTION('center_axis',(0.,1.,0.));
#5533=DIRECTION('ref_axis',(-1.,0.,1.23865076432904E-15));
#5534=DIRECTION('',(0.542126869822093,0.,-0.840296648224244));
#5535=DIRECTION('center_axis',(0.,1.,0.));
#5536=DIRECTION('ref_axis',(0.282580388363876,0.,-0.959243620834729));
#5537=DIRECTION('',(0.,0.,1.));
#5538=DIRECTION('center_axis',(0.,1.,0.));
#5539=DIRECTION('ref_axis',(0.282580388363878,0.,0.959243620834728));
#5540=DIRECTION('',(-0.542126869822094,0.,0.840296648224244));
#5541=DIRECTION('center_axis',(0.,1.,0.));
#5542=DIRECTION('ref_axis',(0.,0.,1.));
#5543=DIRECTION('',(-0.542126869822093,0.,-0.840296648224244));
#5544=DIRECTION('center_axis',(0.,1.,0.));
#5545=DIRECTION('ref_axis',(-0.878102177944597,0.,-0.478473160259753));
#5546=DIRECTION('',(1.,0.,0.));
#5547=DIRECTION('center_axis',(0.,1.,0.));
#5548=DIRECTION('ref_axis',(0.878102177944604,0.,-0.478473160259741));
#5549=DIRECTION('',(-0.542126869822094,0.,0.840296648224244));
#5550=DIRECTION('center_axis',(0.,1.,0.));
#5551=DIRECTION('ref_axis',(-0.282580388363905,0.,0.95924362083472));
#5552=DIRECTION('',(0.,0.,-1.));
#5553=DIRECTION('center_axis',(0.,1.,0.));
#5554=DIRECTION('ref_axis',(-0.282580388363847,0.,-0.959243620834737));
#5555=DIRECTION('',(0.542126869822092,0.,0.840296648224245));
#5556=DIRECTION('center_axis',(0.,1.,0.));
#5557=DIRECTION('ref_axis',(1.,0.,5.61521679829159E-15));
#5558=DIRECTION('center_axis',(0.,0.,1.));
#5559=DIRECTION('ref_axis',(1.,0.,0.));
#5560=DIRECTION('center_axis',(0.,0.,-1.));
#5561=DIRECTION('ref_axis',(0.24567054510383,-0.969353384101168,0.));
#5562=DIRECTION('',(0.879291966536774,0.476283148540753,0.));
#5563=DIRECTION('center_axis',(0.,0.,1.));
#5564=DIRECTION('ref_axis',(-0.24567054510383,0.969353384101168,0.));
#5565=DIRECTION('',(1.,-6.21724893790088E-17,0.));
#5566=DIRECTION('center_axis',(0.,0.,1.));
#5567=DIRECTION('ref_axis',(1.,0.,0.));
#5568=DIRECTION('',(-1.,-3.5527136788005E-17,0.));
#5569=DIRECTION('center_axis',(0.,0.,1.));
#5570=DIRECTION('ref_axis',(-0.24567054510383,-0.969353384101168,0.));
#5571=DIRECTION('',(-0.879291966536774,0.476283148540752,0.));
#5572=DIRECTION('center_axis',(0.,0.,-1.));
#5573=DIRECTION('ref_axis',(0.24567054510383,0.969353384101168,0.));
#5574=DIRECTION('',(0.,1.,0.));
#5575=DIRECTION('center_axis',(0.,0.,-1.));
#5576=DIRECTION('ref_axis',(-0.707106781186538,-0.707106781186557,0.));
#5577=DIRECTION('',(-1.,0.,0.));
#5578=DIRECTION('center_axis',(0.,0.,-1.));
#5579=DIRECTION('ref_axis',(0.707106781186551,-0.707106781186544,0.));
#5580=DIRECTION('',(0.,-1.,0.));
#5581=DIRECTION('center_axis',(0.,0.,1.));
#5582=DIRECTION('ref_axis',(-0.707106781186554,0.707106781186541,0.));
#5583=DIRECTION('',(-1.,0.,0.));
#5584=DIRECTION('center_axis',(0.,0.,1.));
#5585=DIRECTION('ref_axis',(0.707106781186544,0.707106781186551,0.));
#5586=DIRECTION('',(0.,1.,0.));
#5587=DIRECTION('center_axis',(0.,0.,1.));
#5588=DIRECTION('ref_axis',(0.707106781186546,-0.707106781186549,0.));
#5589=DIRECTION('',(-1.,0.,0.));
#5590=DIRECTION('center_axis',(0.,0.,1.));
#5591=DIRECTION('ref_axis',(-0.707106781186553,-0.707106781186542,0.));
#5592=DIRECTION('',(0.,1.,0.));
#5593=DIRECTION('center_axis',(0.,0.,-1.));
#5594=DIRECTION('ref_axis',(0.707106781186553,0.707106781186542,0.));
#5595=DIRECTION('',(-1.,-5.55111512312578E-16,0.));
#5596=DIRECTION('center_axis',(0.,0.,-1.));
#5597=DIRECTION('ref_axis',(-0.707106781186553,0.707106781186542,0.));
#5598=DIRECTION('',(0.,1.,0.));
#5599=DIRECTION('center_axis',(0.,0.,-1.));
#5600=DIRECTION('ref_axis',(-1.,0.,0.));
#5601=DIRECTION('center_axis',(0.,0.,-1.));
#5602=DIRECTION('ref_axis',(-1.,0.,0.));
#5603=DIRECTION('center_axis',(0.,0.,-1.));
#5604=DIRECTION('ref_axis',(-1.,0.,0.));
#5605=DIRECTION('center_axis',(0.,0.,-1.));
#5606=DIRECTION('ref_axis',(-1.,0.,0.));
#5607=DIRECTION('center_axis',(0.,0.,-1.));
#5608=DIRECTION('ref_axis',(-1.,0.,0.));
#5609=DIRECTION('center_axis',(0.,0.,-1.));
#5610=DIRECTION('ref_axis',(-1.,0.,0.));
#5611=DIRECTION('center_axis',(0.,0.,-1.));
#5612=DIRECTION('ref_axis',(-1.,0.,0.));
#5613=DIRECTION('center_axis',(0.,0.,-1.));
#5614=DIRECTION('ref_axis',(-1.,0.,0.));
#5615=DIRECTION('center_axis',(0.,0.,-1.));
#5616=DIRECTION('ref_axis',(-1.,0.,0.));
#5617=DIRECTION('center_axis',(0.,0.,-1.));
#5618=DIRECTION('ref_axis',(1.,0.,0.));
#5619=DIRECTION('center_axis',(0.,0.,-1.));
#5620=DIRECTION('ref_axis',(1.,0.,0.));
#5621=DIRECTION('center_axis',(0.,0.,-1.));
#5622=DIRECTION('ref_axis',(1.,0.,0.));
#5623=DIRECTION('center_axis',(0.,0.,-1.));
#5624=DIRECTION('ref_axis',(1.,0.,0.));
#5625=DIRECTION('center_axis',(0.,-1.,0.));
#5626=DIRECTION('ref_axis',(0.282580388363878,0.,0.959243620834728));
#5627=DIRECTION('center_axis',(0.,1.,0.));
#5628=DIRECTION('ref_axis',(0.282580388363878,0.,0.959243620834728));
#5629=DIRECTION('',(0.,-1.,0.));
#5630=DIRECTION('',(0.,1.,0.));
#5631=DIRECTION('center_axis',(1.,0.,0.));
#5632=DIRECTION('ref_axis',(0.,0.,1.));
#5633=DIRECTION('',(0.,0.,1.));
#5634=DIRECTION('',(0.,1.,0.));
#5635=DIRECTION('center_axis',(0.,-1.,0.));
#5636=DIRECTION('ref_axis',(-1.,0.,1.23865076432904E-15));
#5637=DIRECTION('center_axis',(0.,1.,0.));
#5638=DIRECTION('ref_axis',(-1.,0.,1.23865076432904E-15));
#5639=DIRECTION('',(0.,-1.,0.));
#5640=DIRECTION('',(0.,1.,0.));
#5641=DIRECTION('center_axis',(-0.840296648224244,0.,0.542126869822093));
#5642=DIRECTION('ref_axis',(-0.542126869822093,0.,-0.840296648224244));
#5643=DIRECTION('',(-0.542126869822093,0.,-0.840296648224244));
#5644=DIRECTION('center_axis',(0.,-1.,0.));
#5645=DIRECTION('ref_axis',(0.,0.,1.));
#5646=DIRECTION('center_axis',(0.,1.,0.));
#5647=DIRECTION('ref_axis',(0.,0.,1.));
#5648=DIRECTION('',(0.,-1.,0.));
#5649=DIRECTION('',(0.,1.,0.));
#5650=DIRECTION('center_axis',(0.840296648224244,0.,0.542126869822094));
#5651=DIRECTION('ref_axis',(-0.542126869822094,0.,0.840296648224244));
#5652=DIRECTION('',(-0.542126869822094,0.,0.840296648224244));
#5653=DIRECTION('',(0.,1.,0.));
#5654=DIRECTION('center_axis',(0.,-1.,0.));
#5655=DIRECTION('ref_axis',(0.,0.,-1.));
#5656=DIRECTION('center_axis',(0.,1.,0.));
#5657=DIRECTION('ref_axis',(0.,0.,-1.));
#5658=DIRECTION('',(0.,-1.,0.));
#5659=DIRECTION('',(0.,1.,0.));
#5660=DIRECTION('center_axis',(-0.840296648224244,0.,-0.542126869822093));
#5661=DIRECTION('ref_axis',(0.542126869822093,0.,-0.840296648224244));
#5662=DIRECTION('',(0.542126869822093,0.,-0.840296648224244));
#5663=DIRECTION('',(0.,1.,0.));
#5664=DIRECTION('center_axis',(0.,-1.,0.));
#5665=DIRECTION('ref_axis',(1.,0.,5.61521679829159E-15));
#5666=DIRECTION('center_axis',(0.,1.,0.));
#5667=DIRECTION('ref_axis',(1.,0.,5.61521679829159E-15));
#5668=DIRECTION('',(0.,-1.,0.));
#5669=DIRECTION('',(0.,1.,0.));
#5670=DIRECTION('center_axis',(0.840296648224245,0.,-0.542126869822092));
#5671=DIRECTION('ref_axis',(0.542126869822092,0.,0.840296648224245));
#5672=DIRECTION('',(0.542126869822092,0.,0.840296648224245));
#5673=DIRECTION('',(0.,1.,0.));
#5674=DIRECTION('center_axis',(0.,-1.,0.));
#5675=DIRECTION('ref_axis',(0.282580388363876,0.,-0.959243620834729));
#5676=DIRECTION('center_axis',(0.,1.,0.));
#5677=DIRECTION('ref_axis',(0.282580388363876,0.,-0.959243620834729));
#5678=DIRECTION('',(0.,-1.,0.));
#5679=DIRECTION('center_axis',(-0.840296648224244,0.,-0.542126869822093));
#5680=DIRECTION('ref_axis',(0.542126869822093,0.,-0.840296648224244));
#5681=DIRECTION('',(0.542126869822093,0.,-0.840296648224244));
#5682=DIRECTION('center_axis',(0.,-1.,0.));
#5683=DIRECTION('ref_axis',(-0.878102177944597,0.,-0.478473160259753));
#5684=DIRECTION('center_axis',(0.,1.,0.));
#5685=DIRECTION('ref_axis',(-0.878102177944597,0.,-0.478473160259753));
#5686=DIRECTION('',(0.,-1.,0.));
#5687=DIRECTION('',(0.,1.,0.));
#5688=DIRECTION('center_axis',(-0.840296648224244,0.,0.542126869822093));
#5689=DIRECTION('ref_axis',(-0.542126869822093,0.,-0.840296648224244));
#5690=DIRECTION('',(-0.542126869822093,0.,-0.840296648224244));
#5691=DIRECTION('center_axis',(0.,-1.,0.));
#5692=DIRECTION('ref_axis',(-0.282580388363847,0.,-0.959243620834737));
#5693=DIRECTION('center_axis',(0.,1.,0.));
#5694=DIRECTION('ref_axis',(-0.282580388363847,0.,-0.959243620834737));
#5695=DIRECTION('',(0.,-1.,0.));
#5696=DIRECTION('center_axis',(-1.,0.,0.));
#5697=DIRECTION('ref_axis',(0.,0.,-1.));
#5698=DIRECTION('',(0.,0.,-1.));
#5699=DIRECTION('',(0.,1.,0.));
#5700=DIRECTION('center_axis',(0.,-1.,0.));
#5701=DIRECTION('ref_axis',(-0.878102177944597,0.,-0.478473160259753));
#5702=DIRECTION('',(0.,-1.,0.));
#5703=DIRECTION('center_axis',(0.,-1.,0.));
#5704=DIRECTION('ref_axis',(-0.878102177944597,0.,-0.478473160259753));
#5705=DIRECTION('',(0.,1.,0.));
#5706=DIRECTION('center_axis',(-0.840296648224244,0.,0.542126869822093));
#5707=DIRECTION('ref_axis',(-0.542126869822093,0.,-0.840296648224244));
#5708=DIRECTION('',(0.,1.,0.));
#5709=DIRECTION('',(0.542126869822093,0.,0.840296648224244));
#5710=DIRECTION('center_axis',(0.,-1.,0.));
#5711=DIRECTION('ref_axis',(-0.282580388363847,0.,-0.959243620834737));
#5712=DIRECTION('',(0.,-1.,0.));
#5713=DIRECTION('center_axis',(0.,-1.,0.));
#5714=DIRECTION('ref_axis',(-0.282580388363847,0.,-0.959243620834737));
#5715=DIRECTION('',(0.,1.,0.));
#5716=DIRECTION('center_axis',(-1.,0.,0.));
#5717=DIRECTION('ref_axis',(0.,0.,-1.));
#5718=DIRECTION('',(0.,1.,0.));
#5719=DIRECTION('',(0.,0.,1.));
#5720=DIRECTION('center_axis',(0.,-1.,0.));
#5721=DIRECTION('ref_axis',(1.,0.,5.61521679829159E-15));
#5722=DIRECTION('',(0.,-1.,0.));
#5723=DIRECTION('center_axis',(0.,-1.,0.));
#5724=DIRECTION('ref_axis',(1.,0.,5.61521679829159E-15));
#5725=DIRECTION('',(0.,1.,0.));
#5726=DIRECTION('center_axis',(0.840296648224245,0.,-0.542126869822092));
#5727=DIRECTION('ref_axis',(0.542126869822092,0.,0.840296648224245));
#5728=DIRECTION('',(-0.542126869822092,0.,-0.840296648224245));
#5729=DIRECTION('center_axis',(0.,-1.,0.));
#5730=DIRECTION('ref_axis',(-0.282580388363905,0.,0.95924362083472));
#5731=DIRECTION('',(0.,-1.,0.));
#5732=DIRECTION('center_axis',(0.,-1.,0.));
#5733=DIRECTION('ref_axis',(-0.282580388363905,0.,0.95924362083472));
#5734=DIRECTION('center_axis',(0.840296648224244,0.,0.542126869822094));
#5735=DIRECTION('ref_axis',(-0.542126869822094,0.,0.840296648224244));
#5736=DIRECTION('',(0.542126869822094,0.,-0.840296648224244));
#5737=DIRECTION('center_axis',(0.,-1.,0.));
#5738=DIRECTION('ref_axis',(-0.878102177944595,0.,0.478473160259756));
#5739=DIRECTION('center_axis',(0.,-1.,0.));
#5740=DIRECTION('ref_axis',(-0.878102177944595,0.,0.478473160259756));
#5741=DIRECTION('',(0.,1.,0.));
#5742=DIRECTION('',(0.,-1.,0.));
#5743=DIRECTION('center_axis',(-0.840296648224244,0.,-0.542126869822093));
#5744=DIRECTION('ref_axis',(0.542126869822093,0.,-0.840296648224244));
#5745=DIRECTION('',(-0.542126869822093,0.,0.840296648224244));
#5746=DIRECTION('',(0.,-1.,0.));
#5747=DIRECTION('center_axis',(0.,-1.,0.));
#5748=DIRECTION('ref_axis',(0.,0.,-1.));
#5749=DIRECTION('center_axis',(0.,-1.,0.));
#5750=DIRECTION('ref_axis',(0.,0.,-1.));
#5751=DIRECTION('',(0.,1.,0.));
#5752=DIRECTION('center_axis',(0.,-1.,0.));
#5753=DIRECTION('ref_axis',(-1.,0.,1.23865076432904E-15));
#5754=DIRECTION('',(0.,-1.,0.));
#5755=DIRECTION('center_axis',(0.,-1.,0.));
#5756=DIRECTION('ref_axis',(-1.,0.,1.23865076432904E-15));
#5757=DIRECTION('',(0.,1.,0.));
#5758=DIRECTION('center_axis',(-0.840296648224244,0.,0.542126869822093));
#5759=DIRECTION('ref_axis',(-0.542126869822093,0.,-0.840296648224244));
#5760=DIRECTION('',(0.,1.,0.));
#5761=DIRECTION('',(0.542126869822093,0.,0.840296648224244));
#5762=DIRECTION('center_axis',(0.,-1.,0.));
#5763=DIRECTION('ref_axis',(0.,0.,1.));
#5764=DIRECTION('',(0.,-1.,0.));
#5765=DIRECTION('center_axis',(0.,-1.,0.));
#5766=DIRECTION('ref_axis',(0.,0.,1.));
#5767=DIRECTION('center_axis',(0.840296648224244,0.,0.542126869822094));
#5768=DIRECTION('ref_axis',(-0.542126869822094,0.,0.840296648224244));
#5769=DIRECTION('',(0.,1.,0.));
#5770=DIRECTION('',(0.542126869822094,0.,-0.840296648224244));
#5771=DIRECTION('center_axis',(0.,-1.,0.));
#5772=DIRECTION('ref_axis',(-0.282580388363905,0.,0.95924362083472));
#5773=DIRECTION('center_axis',(0.,1.,0.));
#5774=DIRECTION('ref_axis',(-0.282580388363905,0.,0.95924362083472));
#5775=DIRECTION('',(0.,-1.,0.));
#5776=DIRECTION('center_axis',(0.840296648224244,0.,0.542126869822094));
#5777=DIRECTION('ref_axis',(-0.542126869822094,0.,0.840296648224244));
#5778=DIRECTION('',(-0.542126869822094,0.,0.840296648224244));
#5779=DIRECTION('center_axis',(0.,-1.,0.));
#5780=DIRECTION('ref_axis',(-0.878102177944595,0.,0.478473160259756));
#5781=DIRECTION('center_axis',(0.,1.,0.));
#5782=DIRECTION('ref_axis',(-0.878102177944595,0.,0.478473160259756));
#5783=DIRECTION('',(0.,-1.,0.));
#5784=DIRECTION('center_axis',(0.,0.,-1.));
#5785=DIRECTION('ref_axis',(0.,-1.,0.));
#5786=DIRECTION('',(0.,1.,0.));
#5787=DIRECTION('',(-1.,0.,0.));
#5788=DIRECTION('',(0.,1.,0.));
#5789=DIRECTION('',(-1.,0.,0.));
#5790=DIRECTION('',(0.,1.,0.));
#5791=DIRECTION('',(-1.,0.,0.));
#5792=DIRECTION('center_axis',(0.,0.,-1.));
#5793=DIRECTION('ref_axis',(0.707106781186546,-0.707106781186549,0.));
#5794=DIRECTION('',(0.,-1.,0.));
#5795=DIRECTION('',(-1.,0.,0.));
#5796=DIRECTION('',(0.,-1.,0.));
#5797=DIRECTION('',(-1.,0.,0.));
#5798=DIRECTION('',(0.,-1.,0.));
#5799=DIRECTION('center_axis',(0.,0.,-1.));
#5800=DIRECTION('ref_axis',(0.707106781186544,0.707106781186551,0.));
#5801=DIRECTION('',(1.,0.,0.));
#5802=DIRECTION('center_axis',(0.,0.,1.));
#5803=DIRECTION('ref_axis',(1.,0.,0.));
#5804=DIRECTION('center_axis',(0.,0.,1.));
#5805=DIRECTION('ref_axis',(1.,0.,0.));
#5806=DIRECTION('center_axis',(0.,-1.,0.));
#5807=DIRECTION('ref_axis',(0.878102177944595,0.,0.478473160259756));
#5808=DIRECTION('center_axis',(0.,1.,0.));
#5809=DIRECTION('ref_axis',(0.878102177944595,0.,0.478473160259756));
#5810=DIRECTION('',(0.,-1.,0.));
#5811=DIRECTION('center_axis',(0.840296648224245,0.,-0.542126869822092));
#5812=DIRECTION('ref_axis',(0.542126869822092,0.,0.840296648224245));
#5813=DIRECTION('',(0.542126869822092,0.,0.840296648224245));
#5814=DIRECTION('center_axis',(0.,-1.,0.));
#5815=DIRECTION('ref_axis',(0.878102177944595,0.,0.478473160259756));
#5816=DIRECTION('center_axis',(0.,-1.,0.));
#5817=DIRECTION('ref_axis',(0.878102177944595,0.,0.478473160259756));
#5818=DIRECTION('',(0.,-1.,0.));
#5819=DIRECTION('center_axis',(0.,-1.,0.));
#5820=DIRECTION('ref_axis',(0.282580388363878,0.,0.959243620834728));
#5821=DIRECTION('',(0.,-1.,0.));
#5822=DIRECTION('center_axis',(0.,-1.,0.));
#5823=DIRECTION('ref_axis',(0.282580388363878,0.,0.959243620834728));
#5824=DIRECTION('center_axis',(1.,0.,0.));
#5825=DIRECTION('ref_axis',(0.,0.,1.));
#5826=DIRECTION('',(0.,1.,0.));
#5827=DIRECTION('',(0.,0.,-1.));
#5828=DIRECTION('center_axis',(0.,-1.,0.));
#5829=DIRECTION('ref_axis',(0.282580388363876,0.,-0.959243620834729));
#5830=DIRECTION('',(0.,-1.,0.));
#5831=DIRECTION('center_axis',(0.,-1.,0.));
#5832=DIRECTION('ref_axis',(0.282580388363876,0.,-0.959243620834729));
#5833=DIRECTION('center_axis',(-0.840296648224244,0.,-0.542126869822093));
#5834=DIRECTION('ref_axis',(0.542126869822093,0.,-0.840296648224244));
#5835=DIRECTION('',(-0.542126869822093,0.,0.840296648224244));
#5836=DIRECTION('center_axis',(0.,-1.,0.));
#5837=DIRECTION('ref_axis',(0.878102177944604,0.,-0.478473160259741));
#5838=DIRECTION('center_axis',(0.,-1.,0.));
#5839=DIRECTION('ref_axis',(0.878102177944604,0.,-0.478473160259741));
#5840=DIRECTION('',(0.,-1.,0.));
#5841=DIRECTION('center_axis',(0.,-1.,0.));
#5842=DIRECTION('ref_axis',(0.878102177944604,0.,-0.478473160259741));
#5843=DIRECTION('center_axis',(0.,1.,0.));
#5844=DIRECTION('ref_axis',(0.878102177944604,0.,-0.478473160259741));
#5845=DIRECTION('',(0.,-1.,0.));
#5846=DIRECTION('center_axis',(0.,0.,1.));
#5847=DIRECTION('ref_axis',(0.,1.,0.));
#5848=DIRECTION('',(-1.,0.,0.));
#5849=DIRECTION('',(0.,-1.,0.));
#5850=DIRECTION('',(-1.,0.,0.));
#5851=DIRECTION('',(0.,1.,0.));
#5852=DIRECTION('center_axis',(0.,0.,1.));
#5853=DIRECTION('ref_axis',(0.707106781186546,-0.707106781186549,0.));
#5854=DIRECTION('',(1.,0.,0.));
#5855=DIRECTION('center_axis',(0.,0.,-1.));
#5856=DIRECTION('ref_axis',(1.,0.,0.));
#5857=DIRECTION('center_axis',(0.840296648224245,0.,-0.542126869822092));
#5858=DIRECTION('ref_axis',(0.542126869822092,0.,0.840296648224245));
#5859=DIRECTION('',(-0.542126869822092,0.,-0.840296648224245));
#5860=DIRECTION('center_axis',(0.,1.,0.));
#5861=DIRECTION('ref_axis',(0.,0.,-1.));
#5862=DIRECTION('',(0.,0.,1.));
#5863=DIRECTION('',(0.,0.,-1.));
#5864=DIRECTION('',(-1.,0.,0.));
#5865=DIRECTION('',(0.,0.,-1.));
#5866=DIRECTION('',(1.,0.,0.));
#5867=DIRECTION('',(0.,0.,-1.));
#5868=DIRECTION('',(0.,0.,1.));
#5869=DIRECTION('',(0.,0.,1.));
#5870=DIRECTION('center_axis',(0.,-1.,0.));
#5871=DIRECTION('ref_axis',(0.,0.,1.));
#5872=DIRECTION('',(-1.,0.,0.));
#5873=DIRECTION('',(-1.,0.,0.));
#5874=DIRECTION('',(0.,0.,-1.));
#5875=DIRECTION('',(0.,0.,-1.));
#5876=DIRECTION('',(0.,0.,1.));
#5877=DIRECTION('',(-1.,0.,0.));
#5878=DIRECTION('',(0.,0.,1.));
#5879=DIRECTION('',(1.,0.,0.));
#5880=DIRECTION('',(0.,0.,1.));
#5881=DIRECTION('',(0.,0.,-1.));
#5882=DIRECTION('center_axis',(0.,1.,0.));
#5883=DIRECTION('ref_axis',(-0.405803393733556,0.,0.913960396097297));
#5884=DIRECTION('center_axis',(0.,-1.,0.));
#5885=DIRECTION('ref_axis',(-0.405803393733556,0.,0.913960396097297));
#5886=DIRECTION('',(0.,1.,0.));
#5887=DIRECTION('center_axis',(0.,1.,0.));
#5888=DIRECTION('ref_axis',(-0.405803393733556,0.,0.913960396097297));
#5889=DIRECTION('',(0.,-1.,0.));
#5890=DIRECTION('center_axis',(0.,0.,-1.));
#5891=DIRECTION('ref_axis',(0.,-1.,0.));
#5892=DIRECTION('',(-1.,0.,0.));
#5893=DIRECTION('',(0.,-1.,0.));
#5894=DIRECTION('',(-1.,0.,0.));
#5895=DIRECTION('center_axis',(0.,-1.,0.));
#5896=DIRECTION('ref_axis',(-0.91396039609731,0.,-0.405803393733526));
#5897=DIRECTION('center_axis',(0.,1.,0.));
#5898=DIRECTION('ref_axis',(-0.91396039609731,0.,-0.405803393733526));
#5899=DIRECTION('',(0.,-1.,0.));
#5900=DIRECTION('center_axis',(0.,-1.,0.));
#5901=DIRECTION('ref_axis',(-0.91396039609731,0.,-0.405803393733526));
#5902=DIRECTION('',(0.,1.,0.));
#5903=DIRECTION('center_axis',(0.,0.,1.));
#5904=DIRECTION('ref_axis',(0.,1.,0.));
#5905=DIRECTION('',(-1.,0.,0.));
#5906=DIRECTION('',(0.,1.,0.));
#5907=DIRECTION('',(-1.,0.,0.));
#5908=DIRECTION('center_axis',(0.,-1.,0.));
#5909=DIRECTION('ref_axis',(0.913960396097299,0.,0.405803393733552));
#5910=DIRECTION('center_axis',(0.,1.,0.));
#5911=DIRECTION('ref_axis',(0.913960396097299,0.,0.405803393733552));
#5912=DIRECTION('center_axis',(0.,-1.,0.));
#5913=DIRECTION('ref_axis',(0.913960396097299,0.,0.405803393733552));
#5914=DIRECTION('',(0.,1.,0.));
#5915=DIRECTION('center_axis',(0.,1.,0.));
#5916=DIRECTION('ref_axis',(0.405803393733543,0.,-0.913960396097303));
#5917=DIRECTION('center_axis',(0.,-1.,0.));
#5918=DIRECTION('ref_axis',(0.405803393733543,0.,-0.913960396097303));
#5919=DIRECTION('center_axis',(0.,1.,0.));
#5920=DIRECTION('ref_axis',(0.405803393733543,0.,-0.913960396097303));
#5921=DIRECTION('',(0.,-1.,0.));
#5922=DIRECTION('center_axis',(0.,-1.,0.));
#5923=DIRECTION('ref_axis',(-0.707106781186546,0.,-0.707106781186549));
#5924=DIRECTION('center_axis',(0.,1.,0.));
#5925=DIRECTION('ref_axis',(-0.707106781186546,0.,-0.707106781186549));
#5926=DIRECTION('',(0.,-1.,0.));
#5927=DIRECTION('center_axis',(0.,-1.,0.));
#5928=DIRECTION('ref_axis',(-0.707106781186546,0.,-0.707106781186549));
#5929=DIRECTION('',(0.,1.,0.));
#5930=DIRECTION('center_axis',(0.,0.,1.));
#5931=DIRECTION('ref_axis',(0.,1.,0.));
#5932=DIRECTION('',(-1.,0.,0.));
#5933=DIRECTION('',(0.,1.,0.));
#5934=DIRECTION('',(-1.,0.,0.));
#5935=DIRECTION('center_axis',(0.,1.,0.));
#5936=DIRECTION('ref_axis',(-0.707106781186547,0.,0.707106781186548));
#5937=DIRECTION('center_axis',(0.,-1.,0.));
#5938=DIRECTION('ref_axis',(-0.707106781186547,0.,0.707106781186548));
#5939=DIRECTION('',(0.,1.,0.));
#5940=DIRECTION('center_axis',(0.,1.,0.));
#5941=DIRECTION('ref_axis',(-0.707106781186547,0.,0.707106781186548));
#5942=DIRECTION('',(0.,-1.,0.));
#5943=DIRECTION('center_axis',(0.,0.,-1.));
#5944=DIRECTION('ref_axis',(0.,-1.,0.));
#5945=DIRECTION('',(-1.,0.,0.));
#5946=DIRECTION('',(0.,-1.,0.));
#5947=DIRECTION('',(-1.,0.,0.));
#5948=DIRECTION('center_axis',(0.,1.,0.));
#5949=DIRECTION('ref_axis',(0.707106781186546,0.,-0.707106781186549));
#5950=DIRECTION('center_axis',(0.,-1.,0.));
#5951=DIRECTION('ref_axis',(0.707106781186546,0.,-0.707106781186549));
#5952=DIRECTION('center_axis',(0.,1.,0.));
#5953=DIRECTION('ref_axis',(0.707106781186546,0.,-0.707106781186549));
#5954=DIRECTION('',(0.,-1.,0.));
#5955=DIRECTION('center_axis',(0.,-1.,0.));
#5956=DIRECTION('ref_axis',(0.707106781186546,0.,0.707106781186549));
#5957=DIRECTION('center_axis',(0.,1.,0.));
#5958=DIRECTION('ref_axis',(0.707106781186546,0.,0.707106781186549));
#5959=DIRECTION('center_axis',(0.,-1.,0.));
#5960=DIRECTION('ref_axis',(0.707106781186546,0.,0.707106781186549));
#5961=DIRECTION('',(0.,1.,0.));
#5962=DIRECTION('center_axis',(0.,1.,0.));
#5963=DIRECTION('ref_axis',(0.405803393733549,0.,-0.9139603960973));
#5964=DIRECTION('center_axis',(0.,-1.,0.));
#5965=DIRECTION('ref_axis',(0.405803393733549,0.,-0.9139603960973));
#5966=DIRECTION('',(0.,1.,0.));
#5967=DIRECTION('center_axis',(0.,1.,0.));
#5968=DIRECTION('ref_axis',(0.405803393733549,0.,-0.9139603960973));
#5969=DIRECTION('',(0.,-1.,0.));
#5970=DIRECTION('center_axis',(0.,0.,1.));
#5971=DIRECTION('ref_axis',(0.,1.,0.));
#5972=DIRECTION('',(-1.,0.,0.));
#5973=DIRECTION('',(0.,-1.,0.));
#5974=DIRECTION('',(-1.,0.,0.));
#5975=DIRECTION('center_axis',(0.,-1.,0.));
#5976=DIRECTION('ref_axis',(0.913960396097305,0.,0.405803393733539));
#5977=DIRECTION('center_axis',(0.,1.,0.));
#5978=DIRECTION('ref_axis',(0.913960396097305,0.,0.405803393733539));
#5979=DIRECTION('',(0.,-1.,0.));
#5980=DIRECTION('center_axis',(0.,-1.,0.));
#5981=DIRECTION('ref_axis',(0.913960396097305,0.,0.405803393733539));
#5982=DIRECTION('',(0.,1.,0.));
#5983=DIRECTION('center_axis',(0.,0.,-1.));
#5984=DIRECTION('ref_axis',(0.,-1.,0.));
#5985=DIRECTION('',(-1.,0.,0.));
#5986=DIRECTION('',(0.,1.,0.));
#5987=DIRECTION('',(-1.,0.,0.));
#5988=DIRECTION('center_axis',(0.,1.,0.));
#5989=DIRECTION('ref_axis',(-0.405803393733545,0.,0.913960396097302));
#5990=DIRECTION('center_axis',(0.,-1.,0.));
#5991=DIRECTION('ref_axis',(-0.405803393733545,0.,0.913960396097302));
#5992=DIRECTION('center_axis',(0.,1.,0.));
#5993=DIRECTION('ref_axis',(-0.405803393733545,0.,0.913960396097302));
#5994=DIRECTION('',(0.,-1.,0.));
#5995=DIRECTION('center_axis',(0.,-1.,0.));
#5996=DIRECTION('ref_axis',(-0.913960396097299,0.,-0.405803393733552));
#5997=DIRECTION('center_axis',(0.,1.,0.));
#5998=DIRECTION('ref_axis',(-0.913960396097299,0.,-0.405803393733552));
#5999=DIRECTION('center_axis',(0.,-1.,0.));
#6000=DIRECTION('ref_axis',(-0.913960396097299,0.,-0.405803393733552));
#6001=DIRECTION('',(0.,1.,0.));
#6002=DIRECTION('center_axis',(0.,1.,0.));
#6003=DIRECTION('ref_axis',(-0.707106781186547,0.,0.707106781186548));
#6004=DIRECTION('center_axis',(0.,-1.,0.));
#6005=DIRECTION('ref_axis',(-0.707106781186547,0.,0.707106781186548));
#6006=DIRECTION('',(0.,1.,0.));
#6007=DIRECTION('center_axis',(0.,1.,0.));
#6008=DIRECTION('ref_axis',(-0.707106781186547,0.,0.707106781186548));
#6009=DIRECTION('',(0.,-1.,0.));
#6010=DIRECTION('center_axis',(0.,0.,-1.));
#6011=DIRECTION('ref_axis',(0.,-1.,0.));
#6012=DIRECTION('',(-1.,0.,0.));
#6013=DIRECTION('',(0.,-1.,0.));
#6014=DIRECTION('',(-1.,0.,0.));
#6015=DIRECTION('center_axis',(0.,-1.,0.));
#6016=DIRECTION('ref_axis',(-0.707106781186546,0.,-0.707106781186549));
#6017=DIRECTION('center_axis',(0.,1.,0.));
#6018=DIRECTION('ref_axis',(-0.707106781186546,0.,-0.707106781186549));
#6019=DIRECTION('',(0.,-1.,0.));
#6020=DIRECTION('center_axis',(0.,-1.,0.));
#6021=DIRECTION('ref_axis',(-0.707106781186546,0.,-0.707106781186549));
#6022=DIRECTION('',(0.,1.,0.));
#6023=DIRECTION('center_axis',(0.,0.,1.));
#6024=DIRECTION('ref_axis',(0.,1.,0.));
#6025=DIRECTION('',(-1.,0.,0.));
#6026=DIRECTION('',(0.,1.,0.));
#6027=DIRECTION('',(-1.,0.,0.));
#6028=DIRECTION('center_axis',(0.,-1.,0.));
#6029=DIRECTION('ref_axis',(-0.707106781186552,0.,-0.707106781186543));
#6030=DIRECTION('center_axis',(0.,1.,0.));
#6031=DIRECTION('ref_axis',(-0.707106781186552,0.,-0.707106781186543));
#6032=DIRECTION('',(0.,-1.,0.));
#6033=DIRECTION('center_axis',(0.,-1.,0.));
#6034=DIRECTION('ref_axis',(-0.707106781186552,0.,-0.707106781186543));
#6035=DIRECTION('',(0.,1.,0.));
#6036=DIRECTION('center_axis',(0.,0.,1.));
#6037=DIRECTION('ref_axis',(0.,1.,0.));
#6038=DIRECTION('',(-1.,0.,0.));
#6039=DIRECTION('',(0.,1.,0.));
#6040=DIRECTION('',(-1.,0.,0.));
#6041=DIRECTION('center_axis',(0.,1.,0.));
#6042=DIRECTION('ref_axis',(-0.707106781186553,0.,0.707106781186542));
#6043=DIRECTION('center_axis',(0.,-1.,0.));
#6044=DIRECTION('ref_axis',(-0.707106781186553,0.,0.707106781186542));
#6045=DIRECTION('',(0.,1.,0.));
#6046=DIRECTION('center_axis',(0.,1.,0.));
#6047=DIRECTION('ref_axis',(-0.707106781186553,0.,0.707106781186542));
#6048=DIRECTION('',(0.,-1.,0.));
#6049=DIRECTION('center_axis',(0.,0.,-1.));
#6050=DIRECTION('ref_axis',(0.,-1.,0.));
#6051=DIRECTION('',(-1.,0.,0.));
#6052=DIRECTION('',(0.,-1.,0.));
#6053=DIRECTION('',(-1.,0.,0.));
#6054=DIRECTION('center_axis',(0.,1.,0.));
#6055=DIRECTION('ref_axis',(0.707106781186552,0.,-0.707106781186543));
#6056=DIRECTION('center_axis',(0.,-1.,0.));
#6057=DIRECTION('ref_axis',(0.707106781186552,0.,-0.707106781186543));
#6058=DIRECTION('center_axis',(0.,1.,0.));
#6059=DIRECTION('ref_axis',(0.707106781186552,0.,-0.707106781186543));
#6060=DIRECTION('',(0.,-1.,0.));
#6061=DIRECTION('center_axis',(0.,-1.,0.));
#6062=DIRECTION('ref_axis',(0.707106781186552,0.,0.707106781186543));
#6063=DIRECTION('center_axis',(0.,1.,0.));
#6064=DIRECTION('ref_axis',(0.707106781186552,0.,0.707106781186543));
#6065=DIRECTION('center_axis',(0.,-1.,0.));
#6066=DIRECTION('ref_axis',(0.707106781186552,0.,0.707106781186543));
#6067=DIRECTION('',(0.,1.,0.));
#6068=DIRECTION('center_axis',(0.,-1.,0.));
#6069=DIRECTION('ref_axis',(0.913960396097301,0.,0.405803393733547));
#6070=DIRECTION('center_axis',(0.,1.,0.));
#6071=DIRECTION('ref_axis',(0.913960396097301,0.,0.405803393733547));
#6072=DIRECTION('',(0.,-1.,0.));
#6073=DIRECTION('center_axis',(0.,-1.,0.));
#6074=DIRECTION('ref_axis',(0.913960396097301,0.,0.405803393733547));
#6075=DIRECTION('',(0.,1.,0.));
#6076=DIRECTION('center_axis',(0.,0.,-1.));
#6077=DIRECTION('ref_axis',(0.,-1.,0.));
#6078=DIRECTION('',(-1.,0.,0.));
#6079=DIRECTION('',(0.,1.,0.));
#6080=DIRECTION('',(-1.,0.,0.));
#6081=DIRECTION('center_axis',(0.,1.,0.));
#6082=DIRECTION('ref_axis',(0.405803393733556,0.,-0.913960396097297));
#6083=DIRECTION('center_axis',(0.,-1.,0.));
#6084=DIRECTION('ref_axis',(0.405803393733556,0.,-0.913960396097297));
#6085=DIRECTION('',(0.,1.,0.));
#6086=DIRECTION('center_axis',(0.,1.,0.));
#6087=DIRECTION('ref_axis',(0.405803393733556,0.,-0.913960396097297));
#6088=DIRECTION('',(0.,-1.,0.));
#6089=DIRECTION('center_axis',(0.,0.,1.));
#6090=DIRECTION('ref_axis',(0.,1.,0.));
#6091=DIRECTION('',(-1.,0.,0.));
#6092=DIRECTION('',(0.,-1.,0.));
#6093=DIRECTION('',(-1.,0.,0.));
#6094=DIRECTION('center_axis',(0.,-1.,0.));
#6095=DIRECTION('ref_axis',(-0.913960396097301,0.,-0.405803393733547));
#6096=DIRECTION('center_axis',(0.,1.,0.));
#6097=DIRECTION('ref_axis',(-0.913960396097301,0.,-0.405803393733547));
#6098=DIRECTION('center_axis',(0.,-1.,0.));
#6099=DIRECTION('ref_axis',(-0.913960396097301,0.,-0.405803393733547));
#6100=DIRECTION('',(0.,1.,0.));
#6101=DIRECTION('center_axis',(0.,1.,0.));
#6102=DIRECTION('ref_axis',(-0.405803393733558,0.,0.913960396097297));
#6103=DIRECTION('center_axis',(0.,-1.,0.));
#6104=DIRECTION('ref_axis',(-0.405803393733558,0.,0.913960396097297));
#6105=DIRECTION('center_axis',(0.,1.,0.));
#6106=DIRECTION('ref_axis',(-0.405803393733558,0.,0.913960396097297));
#6107=DIRECTION('',(0.,-1.,0.));
#6108=DIRECTION('center_axis',(0.,1.,0.));
#6109=DIRECTION('ref_axis',(0.707106781186546,0.,-0.707106781186549));
#6110=DIRECTION('center_axis',(0.,-1.,0.));
#6111=DIRECTION('ref_axis',(0.707106781186546,0.,-0.707106781186549));
#6112=DIRECTION('center_axis',(0.,1.,0.));
#6113=DIRECTION('ref_axis',(0.707106781186546,0.,-0.707106781186549));
#6114=DIRECTION('',(0.,-1.,0.));
#6115=DIRECTION('center_axis',(0.,-1.,0.));
#6116=DIRECTION('ref_axis',(0.707106781186546,0.,0.707106781186549));
#6117=DIRECTION('center_axis',(0.,1.,0.));
#6118=DIRECTION('ref_axis',(0.707106781186546,0.,0.707106781186549));
#6119=DIRECTION('center_axis',(0.,-1.,0.));
#6120=DIRECTION('ref_axis',(0.707106781186546,0.,0.707106781186549));
#6121=DIRECTION('',(0.,1.,0.));
#6122=DIRECTION('center_axis',(0.,0.,1.));
#6123=DIRECTION('ref_axis',(0.24567054510383,-0.969353384101168,0.));
#6124=DIRECTION('',(0.,0.,1.));
#6125=DIRECTION('center_axis',(0.741776460948683,0.,-0.670647211268672));
#6126=DIRECTION('ref_axis',(0.670647211268672,3.72283987675566E-17,0.741776460948683));
#6127=DIRECTION('',(0.,0.,1.));
#6128=DIRECTION('center_axis',(0.,0.,1.));
#6129=DIRECTION('ref_axis',(0.24567054510383,-0.969353384101168,0.));
#6130=DIRECTION('',(0.,0.,1.));
#6131=DIRECTION('center_axis',(0.741776460948683,0.,-0.670647211268672));
#6132=DIRECTION('ref_axis',(0.670647211268672,0.,0.741776460948683));
#6133=DIRECTION('',(0.630344533001317,0.34143662204238,0.697199256198427));
#6134=DIRECTION('center_axis',(-0.741776460948683,0.,0.670647211268672));
#6135=DIRECTION('ref_axis',(-0.670647211268672,9.30709969188915E-17,-0.741776460948683));
#6136=DIRECTION('',(0.670647211268672,-4.16958066196634E-17,0.741776460948683));
#6137=DIRECTION('',(0.,-1.,0.));
#6138=DIRECTION('',(-0.670647211268672,-2.38261752112362E-17,-0.741776460948683));
#6139=DIRECTION('center_axis',(-0.741776460948683,0.,0.670647211268672));
#6140=DIRECTION('ref_axis',(-0.670647211268672,3.72283987675566E-17,-0.741776460948683));
#6141=DIRECTION('',(-0.630344533001318,0.34143662204238,-0.697199256198427));
#6142=DIRECTION('center_axis',(0.741776460948683,0.,-0.670647211268672));
#6143=DIRECTION('ref_axis',(0.670647211268672,-3.72283987675566E-17,0.741776460948683));
#6144=DIRECTION('',(0.,1.,0.));
#6145=DIRECTION('',(0.670647211268672,0.,0.741776460948683));
#6146=DIRECTION('',(-0.670647211268672,0.,-0.741776460948683));
#6147=DIRECTION('center_axis',(-0.476283148540753,0.879291966536774,0.));
#6148=DIRECTION('ref_axis',(0.879291966536774,0.476283148540753,0.));
#6149=DIRECTION('',(0.,0.,-1.));
#6150=DIRECTION('',(0.879291966536774,0.476283148540753,0.));
#6151=DIRECTION('center_axis',(0.476283148540753,-0.879291966536774,0.));
#6152=DIRECTION('ref_axis',(-0.879291966536774,-0.476283148540753,-2.44052546654265E-16));
#6153=DIRECTION('',(-0.630344533001317,-0.34143662204238,-0.697199256198427));
#6154=DIRECTION('',(0.,0.,-1.));
#6155=DIRECTION('center_axis',(0.,0.,-1.));
#6156=DIRECTION('ref_axis',(-0.24567054510383,0.969353384101168,0.));
#6157=DIRECTION('center_axis',(0.,0.,-1.));
#6158=DIRECTION('ref_axis',(-0.24567054510383,0.969353384101168,0.));
#6159=DIRECTION('',(0.,0.,1.));
#6160=DIRECTION('',(0.,0.,-1.));
#6161=DIRECTION('center_axis',(6.21724893790088E-17,1.,0.));
#6162=DIRECTION('ref_axis',(1.,-6.21724893790088E-17,0.));
#6163=DIRECTION('',(-1.,6.21724893790088E-17,0.));
#6164=DIRECTION('center_axis',(-6.21724893790088E-17,-1.,0.));
#6165=DIRECTION('ref_axis',(0.913960396097297,0.,0.405803393733557));
#6166=DIRECTION('',(0.,0.,1.));
#6167=DIRECTION('',(-0.670647211268672,4.16958066196634E-17,-0.741776460948683));
#6168=DIRECTION('center_axis',(-6.21724893790088E-17,-1.,0.));
#6169=DIRECTION('ref_axis',(0.35932126227884,0.,0.93321392535385));
#6170=DIRECTION('',(0.,0.,1.));
#6171=DIRECTION('center_axis',(-6.21724893790088E-17,-1.,0.));
#6172=DIRECTION('ref_axis',(0.707106781186549,0.,-0.707106781186546));
#6173=DIRECTION('',(1.,-6.21724893790088E-17,0.));
#6174=DIRECTION('',(0.,0.,1.));
#6175=DIRECTION('',(0.,0.,-1.));
#6176=DIRECTION('',(1.,-6.21724893790088E-17,4.31408307542741E-33));
#6177=DIRECTION('center_axis',(-6.21724893790088E-17,-1.,0.));
#6178=DIRECTION('ref_axis',(-0.707106781186548,0.,-0.707106781186547));
#6179=DIRECTION('',(0.,0.,-1.));
#6180=DIRECTION('center_axis',(-6.21724893790088E-17,-1.,0.));
#6181=DIRECTION('ref_axis',(-0.707106781186548,4.9065389333868E-17,0.707106781186548));
#6182=DIRECTION('',(-1.,6.21724893790088E-17,-4.31408307542741E-33));
#6183=DIRECTION('',(0.,0.,-1.));
#6184=DIRECTION('center_axis',(-6.21724893790088E-17,-1.,0.));
#6185=DIRECTION('ref_axis',(0.707106781186552,0.,-0.707106781186543));
#6186=DIRECTION('',(1.,-6.21724893790088E-17,0.));
#6187=DIRECTION('center_axis',(-6.21724893790088E-17,-1.,0.));
#6188=DIRECTION('ref_axis',(-0.913960396097295,0.,-0.405803393733561));
#6189=DIRECTION('',(-0.670647211268672,4.16958066196634E-17,-0.741776460948683));
#6190=DIRECTION('center_axis',(-6.21724893790088E-17,-1.,0.));
#6191=DIRECTION('ref_axis',(0.359321262278851,0.,0.933213925353846));
#6192=DIRECTION('',(0.,0.,1.));
#6193=DIRECTION('center_axis',(-6.21724893790088E-17,-1.,0.));
#6194=DIRECTION('ref_axis',(-0.359321262278838,0.,-0.933213925353851));
#6195=DIRECTION('',(0.,0.,-1.));
#6196=DIRECTION('center_axis',(-6.21724893790088E-17,-1.,0.));
#6197=DIRECTION('ref_axis',(-0.707106781186546,0.,0.707106781186549));
#6198=DIRECTION('',(-1.,6.21724893790088E-17,-6.72862439166761E-17));
#6199=DIRECTION('center_axis',(-6.21724893790088E-17,-1.,0.));
#6200=DIRECTION('ref_axis',(0.913960396097303,0.,0.405803393733544));
#6201=DIRECTION('',(0.670647211268672,-4.16958066196634E-17,0.741776460948683));
#6202=DIRECTION('center_axis',(-6.21724893790088E-17,-1.,0.));
#6203=DIRECTION('ref_axis',(-0.913960396097299,0.,-0.405803393733552));
#6204=DIRECTION('',(-0.670647211268672,4.16958066196634E-17,-0.741776460948683));
#6205=DIRECTION('center_axis',(-6.21724893790088E-17,-1.,0.));
#6206=DIRECTION('ref_axis',(0.359321262278846,0.,0.933213925353848));
#6207=DIRECTION('',(0.,0.,1.));
#6208=DIRECTION('center_axis',(-6.21724893790088E-17,-1.,0.));
#6209=DIRECTION('ref_axis',(0.707106781186548,0.,-0.707106781186548));
#6210=DIRECTION('',(1.,-6.21724893790088E-17,0.));
#6211=DIRECTION('center_axis',(-6.21724893790088E-17,-1.,0.));
#6212=DIRECTION('ref_axis',(0.913960396097297,0.,0.405803393733557));
#6213=DIRECTION('',(0.670647211268672,-4.16958066196634E-17,0.741776460948683));
#6214=DIRECTION('center_axis',(-6.21724893790088E-17,-1.,0.));
#6215=DIRECTION('ref_axis',(-0.359321262278849,0.,-0.933213925353847));
#6216=DIRECTION('',(-6.0834138335625E-17,3.7822098195528E-33,-1.));
#6217=DIRECTION('center_axis',(-6.21724893790088E-17,-1.,0.));
#6218=DIRECTION('ref_axis',(-0.707106781186548,0.,0.707106781186548));
#6219=DIRECTION('',(-1.,6.21724893790088E-17,-2.69144975666705E-16));
#6220=DIRECTION('center_axis',(0.,0.,-1.));
#6221=DIRECTION('ref_axis',(-0.24567054510383,0.969353384101168,0.));
#6222=DIRECTION('center_axis',(0.741776460948683,0.,-0.670647211268672));
#6223=DIRECTION('ref_axis',(-0.670647211268672,9.30709969188915E-17,-0.741776460948683));
#6224=DIRECTION('center_axis',(0.,0.,-1.));
#6225=DIRECTION('ref_axis',(-0.24567054510383,0.969353384101168,0.));
#6226=DIRECTION('center_axis',(0.,0.,1.));
#6227=DIRECTION('ref_axis',(-0.24567054510383,0.969353384101168,0.));
#6228=DIRECTION('center_axis',(0.,0.,-1.));
#6229=DIRECTION('ref_axis',(-0.24567054510383,-0.969353384101168,0.));
#6230=DIRECTION('center_axis',(0.,0.,-1.));
#6231=DIRECTION('ref_axis',(-0.24567054510383,-0.969353384101168,0.));
#6232=DIRECTION('',(0.,0.,1.));
#6233=DIRECTION('',(0.,0.,-1.));
#6234=DIRECTION('center_axis',(-0.476283148540752,-0.879291966536774,0.));
#6235=DIRECTION('ref_axis',(-0.879291966536774,0.476283148540752,0.));
#6236=DIRECTION('',(0.879291966536774,-0.476283148540752,0.));
#6237=DIRECTION('',(0.,0.,-1.));
#6238=DIRECTION('center_axis',(0.,0.,-1.));
#6239=DIRECTION('ref_axis',(-0.24567054510383,-0.969353384101168,0.));
#6240=DIRECTION('center_axis',(0.741776460948683,0.,-0.670647211268672));
#6241=DIRECTION('ref_axis',(-0.670647211268672,3.72283987675566E-17,-0.741776460948683));
#6242=DIRECTION('',(0.,0.,1.));
#6243=DIRECTION('',(0.,0.,-1.));
#6244=DIRECTION('center_axis',(-0.476283148540752,-0.879291966536774,0.));
#6245=DIRECTION('ref_axis',(-0.879291966536774,0.476283148540752,0.));
#6246=DIRECTION('',(0.630344533001318,-0.34143662204238,0.697199256198427));
#6247=DIRECTION('center_axis',(0.476283148540752,0.879291966536774,0.));
#6248=DIRECTION('ref_axis',(-0.879291966536774,0.476283148540753,-1.22026273327132E-16));
#6249=DIRECTION('',(-0.879291966536774,0.476283148540752,0.));
#6250=DIRECTION('',(0.,0.,1.));
#6251=DIRECTION('',(0.,0.,-1.));
#6252=DIRECTION('center_axis',(0.,0.,-1.));
#6253=DIRECTION('ref_axis',(0.24567054510383,0.969353384101168,0.));
#6254=DIRECTION('center_axis',(0.,0.,1.));
#6255=DIRECTION('ref_axis',(0.24567054510383,0.969353384101168,0.));
#6256=DIRECTION('',(0.,0.,-1.));
#6257=DIRECTION('center_axis',(0.,0.,-1.));
#6258=DIRECTION('ref_axis',(-0.24567054510383,-0.969353384101168,0.));
#6259=DIRECTION('center_axis',(0.,0.,1.));
#6260=DIRECTION('ref_axis',(-0.24567054510383,-0.969353384101168,0.));
#6261=DIRECTION('',(0.,0.,-1.));
#6262=DIRECTION('center_axis',(3.5527136788005E-17,-1.,0.));
#6263=DIRECTION('ref_axis',(-1.,-3.5527136788005E-17,0.));
#6264=DIRECTION('',(0.,0.,-1.));
#6265=DIRECTION('',(1.,3.5527136788005E-17,-2.46519032881566E-33));
#6266=DIRECTION('center_axis',(-3.5527136788005E-17,1.,0.));
#6267=DIRECTION('ref_axis',(-0.707106781186548,4.9065389333868E-17,0.707106781186548));
#6268=DIRECTION('',(0.,0.,1.));
#6269=DIRECTION('center_axis',(-3.5527136788005E-17,1.,0.));
#6270=DIRECTION('ref_axis',(-0.707106781186548,0.,-0.707106781186547));
#6271=DIRECTION('',(-1.,-3.5527136788005E-17,2.46519032881566E-33));
#6272=DIRECTION('',(0.,0.,-1.));
#6273=DIRECTION('',(-1.,-3.5527136788005E-17,0.));
#6274=DIRECTION('center_axis',(-3.5527136788005E-17,1.,0.));
#6275=DIRECTION('ref_axis',(0.707106781186549,0.,-0.707106781186546));
#6276=DIRECTION('',(0.,0.,-1.));
#6277=DIRECTION('center_axis',(-3.5527136788005E-17,1.,0.));
#6278=DIRECTION('ref_axis',(0.35932126227884,0.,0.93321392535385));
#6279=DIRECTION('',(0.670647211268672,2.38261752112362E-17,0.741776460948683));
#6280=DIRECTION('center_axis',(-3.5527136788005E-17,1.,0.));
#6281=DIRECTION('ref_axis',(0.913960396097297,0.,0.405803393733557));
#6282=DIRECTION('',(1.,3.5527136788005E-17,0.));
#6283=DIRECTION('center_axis',(-3.5527136788005E-17,1.,0.));
#6284=DIRECTION('ref_axis',(0.913960396097297,0.,0.405803393733557));
#6285=DIRECTION('',(1.,3.5527136788005E-17,2.69144975666705E-16));
#6286=DIRECTION('center_axis',(-3.5527136788005E-17,1.,0.));
#6287=DIRECTION('ref_axis',(-0.707106781186548,0.,0.707106781186548));
#6288=DIRECTION('',(6.0834138335625E-17,2.16126275403017E-33,1.));
#6289=DIRECTION('center_axis',(-3.5527136788005E-17,1.,0.));
#6290=DIRECTION('ref_axis',(-0.359321262278849,0.,-0.933213925353847));
#6291=DIRECTION('',(-0.670647211268672,-2.38261752112362E-17,-0.741776460948683));
#6292=DIRECTION('center_axis',(-3.5527136788005E-17,1.,0.));
#6293=DIRECTION('ref_axis',(-0.913960396097299,0.,-0.405803393733552));
#6294=DIRECTION('',(-1.,-3.5527136788005E-17,0.));
#6295=DIRECTION('center_axis',(-3.5527136788005E-17,1.,0.));
#6296=DIRECTION('ref_axis',(0.707106781186548,0.,-0.707106781186548));
#6297=DIRECTION('',(0.,0.,-1.));
#6298=DIRECTION('center_axis',(-3.5527136788005E-17,1.,0.));
#6299=DIRECTION('ref_axis',(0.359321262278846,0.,0.933213925353848));
#6300=DIRECTION('',(0.670647211268672,2.38261752112362E-17,0.741776460948683));
#6301=DIRECTION('center_axis',(-3.5527136788005E-17,1.,0.));
#6302=DIRECTION('ref_axis',(-0.359321262278838,0.,-0.933213925353851));
#6303=DIRECTION('',(-0.670647211268672,-2.38261752112362E-17,-0.741776460948683));
#6304=DIRECTION('center_axis',(-3.5527136788005E-17,1.,0.));
#6305=DIRECTION('ref_axis',(0.913960396097303,0.,0.405803393733544));
#6306=DIRECTION('',(1.,3.5527136788005E-17,6.72862439166761E-17));
#6307=DIRECTION('center_axis',(-3.5527136788005E-17,1.,0.));
#6308=DIRECTION('ref_axis',(-0.707106781186546,0.,0.707106781186549));
#6309=DIRECTION('',(0.,0.,1.));
#6310=DIRECTION('center_axis',(-3.5527136788005E-17,1.,0.));
#6311=DIRECTION('ref_axis',(0.707106781186552,0.,-0.707106781186543));
#6312=DIRECTION('',(0.,0.,-1.));
#6313=DIRECTION('center_axis',(-3.5527136788005E-17,1.,0.));
#6314=DIRECTION('ref_axis',(0.359321262278851,0.,0.933213925353846));
#6315=DIRECTION('',(0.670647211268672,2.38261752112362E-17,0.741776460948683));
#6316=DIRECTION('center_axis',(-3.5527136788005E-17,1.,0.));
#6317=DIRECTION('ref_axis',(-0.913960396097295,0.,-0.405803393733561));
#6318=DIRECTION('',(-1.,-3.5527136788005E-17,0.));
#6319=DIRECTION('center_axis',(0.,0.,-1.));
#6320=DIRECTION('ref_axis',(1.,0.,0.));
#6321=DIRECTION('center_axis',(0.,6.93889390390723E-17,1.));
#6322=DIRECTION('ref_axis',(1.,0.,0.));
#6323=DIRECTION('center_axis',(0.,0.,-1.));
#6324=DIRECTION('ref_axis',(1.,0.,0.));
#6325=DIRECTION('center_axis',(0.,-6.93889390390723E-17,-1.));
#6326=DIRECTION('ref_axis',(1.,0.,0.));
#6327=DIRECTION('center_axis',(-0.476283148540753,0.879291966536774,0.));
#6328=DIRECTION('ref_axis',(0.879291966536774,0.476283148540753,0.));
#6329=DIRECTION('',(-0.879291966536774,-0.476283148540753,0.));
#6330=DIRECTION('center_axis',(0.,-6.93889390390723E-17,-1.));
#6331=DIRECTION('ref_axis',(0.,1.,-6.93889390390723E-17));
#6332=DIRECTION('',(0.,-1.,6.93889390390723E-17));
#6333=DIRECTION('center_axis',(0.,6.93889390390723E-17,1.));
#6334=DIRECTION('ref_axis',(-1.,0.,0.));
#6335=DIRECTION('center_axis',(0.,6.93889390390723E-17,1.));
#6336=DIRECTION('ref_axis',(-1.,0.,0.));
#6337=DIRECTION('center_axis',(0.,6.93889390390723E-17,1.));
#6338=DIRECTION('ref_axis',(-1.,0.,0.));
#6339=DIRECTION('center_axis',(0.,6.93889390390723E-17,1.));
#6340=DIRECTION('ref_axis',(-1.,0.,0.));
#6341=DIRECTION('center_axis',(0.,6.93889390390723E-17,1.));
#6342=DIRECTION('ref_axis',(-1.,0.,0.));
#6343=DIRECTION('center_axis',(0.,6.93889390390723E-17,1.));
#6344=DIRECTION('ref_axis',(-1.,0.,0.));
#6345=DIRECTION('center_axis',(0.,6.93889390390723E-17,1.));
#6346=DIRECTION('ref_axis',(-1.,0.,0.));
#6347=DIRECTION('center_axis',(0.,6.93889390390723E-17,1.));
#6348=DIRECTION('ref_axis',(-1.,0.,0.));
#6349=DIRECTION('center_axis',(0.,6.93889390390723E-17,1.));
#6350=DIRECTION('ref_axis',(-1.,0.,0.));
#6351=DIRECTION('center_axis',(0.,-1.,6.93889390390723E-17));
#6352=DIRECTION('ref_axis',(-0.707106781186548,4.9065389333868E-17,0.707106781186548));
#6353=DIRECTION('',(0.,1.,-6.93889390390723E-17));
#6354=DIRECTION('center_axis',(0.,-1.,0.));
#6355=DIRECTION('ref_axis',(-0.707106781186548,0.,0.707106781186548));
#6356=DIRECTION('',(0.,-1.,0.));
#6357=DIRECTION('',(0.,1.,0.));
#6358=DIRECTION('center_axis',(-1.,0.,6.0834138335625E-17));
#6359=DIRECTION('ref_axis',(-6.0834138335625E-17,0.,-1.));
#6360=DIRECTION('',(0.,-1.,0.));
#6361=DIRECTION('',(-6.0834138335625E-17,0.,-1.));
#6362=DIRECTION('',(6.0834138335625E-17,0.,1.));
#6363=DIRECTION('center_axis',(-2.69144975666705E-16,0.,1.));
#6364=DIRECTION('ref_axis',(-1.,0.,-2.69144975666705E-16));
#6365=DIRECTION('',(0.,1.,0.));
#6366=DIRECTION('center_axis',(0.,-1.,0.));
#6367=DIRECTION('ref_axis',(0.707106781186548,0.,-0.707106781186548));
#6368=DIRECTION('',(0.,-1.,0.));
#6369=DIRECTION('',(0.,1.,0.));
#6370=DIRECTION('center_axis',(1.,0.,0.));
#6371=DIRECTION('ref_axis',(0.,0.,1.));
#6372=DIRECTION('',(0.,-1.,0.));
#6373=DIRECTION('',(0.,0.,1.));
#6374=DIRECTION('',(0.,0.,-1.));
#6375=DIRECTION('center_axis',(0.,0.,-1.));
#6376=DIRECTION('ref_axis',(1.,0.,0.));
#6377=DIRECTION('',(0.,1.,0.));
#6378=DIRECTION('center_axis',(0.,-1.,0.));
#6379=DIRECTION('ref_axis',(0.913960396097303,0.,0.405803393733544));
#6380=DIRECTION('',(0.,-1.,0.));
#6381=DIRECTION('',(0.,1.,0.));
#6382=DIRECTION('center_axis',(-6.72862439166761E-17,0.,1.));
#6383=DIRECTION('ref_axis',(-1.,0.,-6.72862439166761E-17));
#6384=DIRECTION('',(0.,-1.,0.));
#6385=DIRECTION('center_axis',(0.741776460948683,0.,-0.670647211268672));
#6386=DIRECTION('ref_axis',(0.670647211268672,0.,0.741776460948683));
#6387=DIRECTION('',(0.,1.,0.));
#6388=DIRECTION('',(-0.670647211268672,0.,-0.741776460948683));
#6389=DIRECTION('',(0.670647211268672,0.,0.741776460948683));
#6390=DIRECTION('center_axis',(0.,-1.,0.));
#6391=DIRECTION('ref_axis',(0.359321262278851,0.,0.933213925353846));
#6392=DIRECTION('',(0.,-1.,0.));
#6393=DIRECTION('',(0.,1.,0.));
#6394=DIRECTION('center_axis',(-0.741776460948683,0.,0.670647211268672));
#6395=DIRECTION('ref_axis',(-0.670647211268672,0.,-0.741776460948683));
#6396=DIRECTION('',(0.,-1.,0.));
#6397=DIRECTION('',(0.670647211268672,0.,0.741776460948683));
#6398=DIRECTION('',(-0.670647211268672,0.,-0.741776460948683));
#6399=DIRECTION('center_axis',(1.,0.,0.));
#6400=DIRECTION('ref_axis',(0.,0.,1.));
#6401=DIRECTION('',(0.,1.,0.));
#6402=DIRECTION('',(0.,0.,-1.));
#6403=DIRECTION('',(0.,0.,1.));
#6404=DIRECTION('center_axis',(1.,0.,0.));
#6405=DIRECTION('ref_axis',(0.,0.,1.));
#6406=DIRECTION('',(0.,1.,0.));
#6407=DIRECTION('',(0.,-1.,0.));
#6408=DIRECTION('',(0.,0.,-1.));
#6409=DIRECTION('',(0.,0.,1.));
#6410=DIRECTION('center_axis',(0.,-1.,0.));
#6411=DIRECTION('ref_axis',(0.35932126227884,0.,0.93321392535385));
#6412=DIRECTION('',(0.,1.,0.));
#6413=DIRECTION('center_axis',(-0.741776460948683,0.,0.670647211268672));
#6414=DIRECTION('ref_axis',(-0.670647211268672,0.,-0.741776460948683));
#6415=DIRECTION('',(0.,-1.,0.));
#6416=DIRECTION('',(0.670647211268672,0.,0.741776460948683));
#6417=DIRECTION('',(-0.670647211268672,0.,-0.741776460948683));
#6418=DIRECTION('center_axis',(0.,-1.,0.));
#6419=DIRECTION('ref_axis',(0.913960396097297,0.,0.405803393733557));
#6420=DIRECTION('',(0.,1.,0.));
#6421=DIRECTION('center_axis',(0.,-1.,0.));
#6422=DIRECTION('ref_axis',(-0.359321262278827,0.,-0.933213925353855));
#6423=DIRECTION('',(0.,-1.,0.));
#6424=DIRECTION('center_axis',(0.,1.,0.));
#6425=DIRECTION('ref_axis',(0.,0.,-1.));
#6426=DIRECTION('',(0.,0.,-1.));
#6427=DIRECTION('center_axis',(0.,1.,0.));
#6428=DIRECTION('ref_axis',(0.,0.,-1.));
#6429=DIRECTION('center_axis',(0.,1.,0.));
#6430=DIRECTION('ref_axis',(0.,0.,-1.));
#6431=DIRECTION('',(0.,0.,-1.));
#6432=DIRECTION('center_axis',(0.,1.,0.));
#6433=DIRECTION('ref_axis',(0.,0.,-1.));
#6434=DIRECTION('center_axis',(0.,1.,0.));
#6435=DIRECTION('ref_axis',(0.,0.,-1.));
#6436=DIRECTION('center_axis',(0.,1.,0.));
#6437=DIRECTION('ref_axis',(0.,0.,-1.));
#6438=DIRECTION('',(0.670647211268672,0.,0.741776460948683));
#6439=DIRECTION('',(-0.670647211268672,0.,-0.741776460948683));
#6440=DIRECTION('center_axis',(0.,-1.,0.));
#6441=DIRECTION('ref_axis',(0.,0.,1.));
#6442=DIRECTION('',(0.,0.,1.));
#6443=DIRECTION('center_axis',(0.,-1.,0.));
#6444=DIRECTION('ref_axis',(0.,0.,1.));
#6445=DIRECTION('center_axis',(0.,-1.,0.));
#6446=DIRECTION('ref_axis',(0.,0.,1.));
#6447=DIRECTION('',(0.,0.,1.));
#6448=DIRECTION('center_axis',(0.,-1.,0.));
#6449=DIRECTION('ref_axis',(0.,0.,1.));
#6450=DIRECTION('',(-0.670647211268672,0.,-0.741776460948683));
#6451=DIRECTION('',(0.670647211268672,0.,0.741776460948683));
#6452=DIRECTION('center_axis',(0.,-1.,0.));
#6453=DIRECTION('ref_axis',(0.,0.,1.));
#6454=DIRECTION('center_axis',(0.,-1.,0.));
#6455=DIRECTION('ref_axis',(0.,0.,1.));
#6456=DIRECTION('center_axis',(0.,-1.,6.93889390390723E-17));
#6457=DIRECTION('ref_axis',(-0.707106781186548,0.,-0.707106781186547));
#6458=DIRECTION('',(0.,-1.,6.93889390390723E-17));
#6459=DIRECTION('',(0.,1.,-6.93889390390723E-17));
#6460=DIRECTION('center_axis',(1.,0.,0.));
#6461=DIRECTION('ref_axis',(0.,0.,-1.));
#6462=DIRECTION('center_axis',(0.,0.,1.));
#6463=DIRECTION('ref_axis',(-1.,0.,0.));
#6464=DIRECTION('',(0.,0.,1.));
#6465=DIRECTION('center_axis',(0.,0.,1.));
#6466=DIRECTION('ref_axis',(-1.,0.,0.));
#6467=DIRECTION('',(0.,0.,1.));
#6468=DIRECTION('center_axis',(0.,0.,1.));
#6469=DIRECTION('ref_axis',(-1.,0.,0.));
#6470=DIRECTION('',(0.,0.,1.));
#6471=DIRECTION('center_axis',(0.,0.,1.));
#6472=DIRECTION('ref_axis',(-1.,0.,0.));
#6473=DIRECTION('',(0.,0.,1.));
#6474=DIRECTION('center_axis',(0.,0.,1.));
#6475=DIRECTION('ref_axis',(-1.,0.,0.));
#6476=DIRECTION('',(0.,0.,1.));
#6477=DIRECTION('center_axis',(0.,0.,1.));
#6478=DIRECTION('ref_axis',(-1.,0.,0.));
#6479=DIRECTION('',(0.,0.,1.));
#6480=DIRECTION('center_axis',(0.,0.,1.));
#6481=DIRECTION('ref_axis',(-1.,0.,0.));
#6482=DIRECTION('',(0.,0.,1.));
#6483=DIRECTION('center_axis',(0.,0.,1.));
#6484=DIRECTION('ref_axis',(-1.,0.,0.));
#6485=DIRECTION('',(0.,0.,1.));
#6486=DIRECTION('center_axis',(0.,0.,1.));
#6487=DIRECTION('ref_axis',(-1.,0.,0.));
#6488=DIRECTION('',(0.,0.,1.));
#6489=DIRECTION('center_axis',(0.,0.,1.));
#6490=DIRECTION('ref_axis',(-0.707106781186553,-0.707106781186542,0.));
#6491=DIRECTION('center_axis',(0.,0.,-1.));
#6492=DIRECTION('ref_axis',(-0.707106781186553,-0.707106781186542,0.));
#6493=DIRECTION('',(0.,0.,1.));
#6494=DIRECTION('center_axis',(1.,0.,0.));
#6495=DIRECTION('ref_axis',(0.,-1.,0.));
#6496=DIRECTION('',(0.,-1.,0.));
#6497=DIRECTION('',(0.,0.,-1.));
#6498=DIRECTION('center_axis',(0.,0.,1.));
#6499=DIRECTION('ref_axis',(-0.707106781186553,-0.707106781186542,0.));
#6500=DIRECTION('center_axis',(0.,0.,1.));
#6501=DIRECTION('ref_axis',(-0.707106781186553,-0.707106781186542,0.));
#6502=DIRECTION('',(0.,0.,1.));
#6503=DIRECTION('center_axis',(0.,0.,-1.));
#6504=DIRECTION('ref_axis',(-0.707106781186551,0.707106781186544,0.));
#6505=DIRECTION('center_axis',(0.,0.,1.));
#6506=DIRECTION('ref_axis',(-0.707106781186551,0.707106781186544,0.));
#6507=DIRECTION('',(0.,0.,-1.));
#6508=DIRECTION('center_axis',(1.,0.,0.));
#6509=DIRECTION('ref_axis',(0.,1.,0.));
#6510=DIRECTION('',(0.,1.,0.));
#6511=DIRECTION('',(0.,0.,1.));
#6512=DIRECTION('center_axis',(0.,0.,-1.));
#6513=DIRECTION('ref_axis',(-0.707106781186554,0.707106781186541,0.));
#6514=DIRECTION('center_axis',(0.,0.,-1.));
#6515=DIRECTION('ref_axis',(-0.707106781186554,0.707106781186541,0.));
#6516=DIRECTION('',(0.,0.,-1.));
#6517=DIRECTION('center_axis',(0.,0.,-1.));
#6518=DIRECTION('ref_axis',(0.707106781186544,0.707106781186551,0.));
#6519=DIRECTION('center_axis',(0.,0.,1.));
#6520=DIRECTION('ref_axis',(0.707106781186544,0.707106781186551,0.));
#6521=DIRECTION('',(0.,0.,1.));
#6522=DIRECTION('center_axis',(0.,0.,1.));
#6523=DIRECTION('ref_axis',(0.707106781186546,-0.707106781186549,0.));
#6524=DIRECTION('',(0.,0.,-1.));
#6525=DIRECTION('center_axis',(-1.,0.,0.));
#6526=DIRECTION('ref_axis',(0.,0.,1.));
#6527=DIRECTION('',(0.,0.,-1.));
#6528=DIRECTION('',(0.,1.,0.));
#6529=DIRECTION('',(0.,0.,1.));
#6530=DIRECTION('',(0.,1.,0.));
#6531=DIRECTION('center_axis',(0.,0.,-1.));
#6532=DIRECTION('ref_axis',(0.707106781186546,-0.707106781186549,0.));
#6533=DIRECTION('',(0.,0.,-1.));
#6534=DIRECTION('center_axis',(0.,0.,1.));
#6535=DIRECTION('ref_axis',(0.707106781186544,0.707106781186551,0.));
#6536=DIRECTION('',(0.,0.,1.));
#6537=DIRECTION('center_axis',(-1.,0.,0.));
#6538=DIRECTION('ref_axis',(0.,0.,1.));
#6539=DIRECTION('',(0.,2.22044604925031E-15,1.));
#6540=DIRECTION('',(0.,-1.,0.));
#6541=DIRECTION('',(0.,1.66533453693773E-15,-1.));
#6542=DIRECTION('center_axis',(0.,1.,1.66533453693773E-15));
#6543=DIRECTION('ref_axis',(0.,1.66533453693773E-15,-1.));
#6544=DIRECTION('',(0.,-1.66533453693773E-15,1.));
#6545=DIRECTION('',(-1.,0.,0.));
#6546=DIRECTION('center_axis',(-1.,0.,0.));
#6547=DIRECTION('ref_axis',(0.,0.,1.));
#6548=DIRECTION('',(0.,1.,0.));
#6549=DIRECTION('',(0.,-2.22044604925031E-15,-1.));
#6550=DIRECTION('center_axis',(0.,0.,-1.));
#6551=DIRECTION('ref_axis',(0.,-1.,0.));
#6552=DIRECTION('',(1.,0.,0.));
#6553=DIRECTION('center_axis',(0.,-1.,2.22044604925031E-15));
#6554=DIRECTION('ref_axis',(0.,2.22044604925031E-15,1.));
#6555=DIRECTION('center_axis',(0.,-1.,0.));
#6556=DIRECTION('ref_axis',(-0.913960396097299,0.,-0.405803393733552));
#6557=DIRECTION('',(0.,1.,0.));
#6558=DIRECTION('center_axis',(0.,-1.,0.));
#6559=DIRECTION('ref_axis',(0.707106781186549,0.,-0.707106781186546));
#6560=DIRECTION('',(0.,-1.,0.));
#6561=DIRECTION('center_axis',(0.,0.,-1.));
#6562=DIRECTION('ref_axis',(1.,0.,0.));
#6563=DIRECTION('center_axis',(0.,-1.,0.));
#6564=DIRECTION('ref_axis',(0.913960396097297,0.,0.405803393733557));
#6565=DIRECTION('',(0.,-1.,0.));
#6566=DIRECTION('center_axis',(0.741776460948683,0.,-0.670647211268672));
#6567=DIRECTION('ref_axis',(0.670647211268672,0.,0.741776460948683));
#6568=DIRECTION('',(0.,1.,0.));
#6569=DIRECTION('center_axis',(-1.,0.,0.));
#6570=DIRECTION('ref_axis',(0.,0.,-1.));
#6571=DIRECTION('',(0.,1.,0.));
#6572=DIRECTION('center_axis',(0.,-1.,0.));
#6573=DIRECTION('ref_axis',(-0.707106781186546,0.,0.707106781186549));
#6574=DIRECTION('',(0.,-1.,0.));
#6575=DIRECTION('center_axis',(0.,0.,1.));
#6576=DIRECTION('ref_axis',(-1.,0.,0.));
#6577=DIRECTION('center_axis',(0.,-1.,0.));
#6578=DIRECTION('ref_axis',(-0.359321262278849,0.,-0.933213925353847));
#6579=DIRECTION('center_axis',(0.,-1.,0.));
#6580=DIRECTION('ref_axis',(-0.913960396097299,0.,-0.405803393733552));
#6581=DIRECTION('',(0.,-1.,0.));
#6582=DIRECTION('center_axis',(-0.741776460948683,0.,0.670647211268672));
#6583=DIRECTION('ref_axis',(-0.670647211268672,0.,-0.741776460948683));
#6584=DIRECTION('',(0.,1.,0.));
#6585=DIRECTION('center_axis',(0.,-1.,0.));
#6586=DIRECTION('ref_axis',(0.359321262278846,0.,0.933213925353848));
#6587=DIRECTION('center_axis',(0.,-1.,0.));
#6588=DIRECTION('ref_axis',(-0.359321262278838,0.,-0.933213925353851));
#6589=DIRECTION('',(0.,-1.,0.));
#6590=DIRECTION('center_axis',(-1.,0.,0.));
#6591=DIRECTION('ref_axis',(0.,0.,-1.));
#6592=DIRECTION('',(0.,1.,0.));
#6593=DIRECTION('center_axis',(0.,-1.,0.));
#6594=DIRECTION('ref_axis',(-0.707106781186546,0.,0.707106781186549));
#6595=DIRECTION('center_axis',(0.,-1.,0.));
#6596=DIRECTION('ref_axis',(-0.913960396097295,0.,-0.405803393733561));
#6597=DIRECTION('',(0.,1.,0.));
#6598=DIRECTION('center_axis',(0.,-1.,0.));
#6599=DIRECTION('ref_axis',(0.707106781186552,0.,-0.707106781186543));
#6600=DIRECTION('',(0.,-1.,0.));
#6601=DIRECTION('center_axis',(0.,0.,-1.));
#6602=DIRECTION('ref_axis',(1.,0.,0.));
#6603=DIRECTION('center_axis',(0.,0.,-1.));
#6604=DIRECTION('ref_axis',(0.707106781186551,-0.707106781186544,0.));
#6605=DIRECTION('center_axis',(0.,0.,1.));
#6606=DIRECTION('ref_axis',(0.707106781186551,-0.707106781186544,0.));
#6607=DIRECTION('',(0.,0.,1.));
#6608=DIRECTION('',(0.,0.,-1.));
#6609=DIRECTION('center_axis',(0.,-1.,0.));
#6610=DIRECTION('ref_axis',(-1.,0.,0.));
#6611=DIRECTION('',(0.,0.,1.));
#6612=DIRECTION('',(-1.,0.,0.));
#6613=DIRECTION('center_axis',(0.,0.,-1.));
#6614=DIRECTION('ref_axis',(-0.707106781186538,-0.707106781186557,0.));
#6615=DIRECTION('',(0.,0.,-1.));
#6616=DIRECTION('center_axis',(0.,0.,1.));
#6617=DIRECTION('ref_axis',(-0.707106781186538,-0.707106781186557,0.));
#6618=DIRECTION('center_axis',(0.,0.,-1.));
#6619=DIRECTION('ref_axis',(0.707106781186553,0.707106781186542,0.));
#6620=DIRECTION('center_axis',(0.,0.,1.));
#6621=DIRECTION('ref_axis',(0.707106781186553,0.707106781186542,0.));
#6622=DIRECTION('',(0.,0.,1.));
#6623=DIRECTION('center_axis',(-5.55111512312578E-16,1.,0.));
#6624=DIRECTION('ref_axis',(1.,5.55111512312578E-16,0.));
#6625=DIRECTION('',(1.,5.55111512312578E-16,0.));
#6626=DIRECTION('',(0.,0.,-1.));
#6627=DIRECTION('center_axis',(0.,0.,1.));
#6628=DIRECTION('ref_axis',(1.,0.,0.));
#6629=DIRECTION('',(0.,1.,0.));
#6630=DIRECTION('center_axis',(0.,0.,1.));
#6631=DIRECTION('ref_axis',(-0.707106781186553,0.707106781186542,0.));
#6632=DIRECTION('center_axis',(0.,0.,1.));
#6633=DIRECTION('ref_axis',(1.,0.,0.));
#6634=DIRECTION('center_axis',(0.,0.,-1.));
#6635=DIRECTION('ref_axis',(-0.707106781186553,0.707106781186542,0.));
#6636=DIRECTION('',(0.,0.,1.));
#6637=DIRECTION('center_axis',(0.,0.,1.));
#6638=DIRECTION('ref_axis',(-0.707106781186551,-0.707106781186544,0.));
#6639=DIRECTION('',(0.,0.,1.));
#6640=DIRECTION('center_axis',(0.,0.,-1.));
#6641=DIRECTION('ref_axis',(-0.707106781186551,-0.707106781186544,0.));
#6642=DIRECTION('',(0.,0.,-1.));
#6643=DIRECTION('center_axis',(0.,-1.,0.));
#6644=DIRECTION('ref_axis',(1.,0.,0.));
#6645=DIRECTION('',(0.,0.,-1.));
#6646=DIRECTION('',(1.,0.,0.));
#6647=DIRECTION('center_axis',(0.,0.,1.));
#6648=DIRECTION('ref_axis',(0.707106781186554,-0.707106781186541,0.));
#6649=DIRECTION('center_axis',(0.,0.,-1.));
#6650=DIRECTION('ref_axis',(0.707106781186554,-0.707106781186541,0.));
#6651=DIRECTION('center_axis',(0.,0.,1.));
#6652=DIRECTION('ref_axis',(-0.70710678118654,0.707106781186555,0.));
#6653=DIRECTION('',(0.,0.,1.));
#6654=DIRECTION('center_axis',(0.,0.,-1.));
#6655=DIRECTION('ref_axis',(-0.70710678118654,0.707106781186555,0.));
#6656=DIRECTION('',(0.,0.,-1.));
#6657=DIRECTION('center_axis',(-5.55111512312578E-16,1.,0.));
#6658=DIRECTION('ref_axis',(-1.,-5.55111512312578E-16,0.));
#6659=DIRECTION('',(-1.,-5.55111512312578E-16,0.));
#6660=DIRECTION('',(0.,0.,1.));
#6661=DIRECTION('center_axis',(0.,0.,-1.));
#6662=DIRECTION('ref_axis',(-1.,0.,0.));
#6663=DIRECTION('',(0.,-1.,0.));
#6664=DIRECTION('',(0.,1.,0.));
#6665=DIRECTION('center_axis',(0.,0.,-1.));
#6666=DIRECTION('ref_axis',(0.707106781186552,0.707106781186543,0.));
#6667=DIRECTION('center_axis',(0.,0.,-1.));
#6668=DIRECTION('ref_axis',(-1.,0.,0.));
#6669=DIRECTION('center_axis',(0.,0.,1.));
#6670=DIRECTION('ref_axis',(0.707106781186552,0.707106781186543,0.));
#6671=DIRECTION('',(0.,0.,-1.));
#6672=DIRECTION('center_axis',(0.,0.,-1.));
#6673=DIRECTION('ref_axis',(1.,0.,0.));
#6674=DIRECTION('',(0.,0.,1.));
#6675=DIRECTION('center_axis',(0.,0.,-1.));
#6676=DIRECTION('ref_axis',(1.,0.,0.));
#6677=DIRECTION('center_axis',(0.,0.,1.));
#6678=DIRECTION('ref_axis',(1.,0.,0.));
#6679=DIRECTION('',(0.,0.,1.));
#6680=DIRECTION('center_axis',(1.,0.,0.));
#6681=DIRECTION('ref_axis',(0.,-1.,0.));
#6682=DIRECTION('',(0.,-1.,0.));
#6683=DIRECTION('center_axis',(0.,0.,1.));
#6684=DIRECTION('ref_axis',(1.,0.,0.));
#6685=DIRECTION('',(0.,1.,0.));
#6686=DIRECTION('center_axis',(0.,0.,1.));
#6687=DIRECTION('ref_axis',(-1.,0.,0.));
#6688=DIRECTION('center_axis',(0.,0.,-1.));
#6689=DIRECTION('ref_axis',(-1.,0.,0.));
#6690=DIRECTION('',(0.,0.,-1.));
#6691=DIRECTION('center_axis',(0.,0.,-1.));
#6692=DIRECTION('ref_axis',(-1.,0.,0.));
#6693=DIRECTION('',(0.,-1.,0.));
#6694=DIRECTION('center_axis',(0.,0.,1.));
#6695=DIRECTION('ref_axis',(-1.,0.,0.));
#6696=DIRECTION('',(0.,0.,-1.));
#6697=DIRECTION('center_axis',(1.,0.,0.));
#6698=DIRECTION('ref_axis',(0.,1.,0.));
#6699=DIRECTION('center_axis',(-1.,0.,0.));
#6700=DIRECTION('ref_axis',(0.,0.,1.));
#6701=DIRECTION('center_axis',(-1.,0.,0.));
#6702=DIRECTION('ref_axis',(0.,0.,1.));
#6703=DIRECTION('center_axis',(0.,0.,-1.));
#6704=DIRECTION('ref_axis',(1.,0.,0.));
#6705=DIRECTION('',(0.,0.,-1.));
#6706=DIRECTION('center_axis',(0.,0.,-1.));
#6707=DIRECTION('ref_axis',(1.,0.,0.));
#6708=DIRECTION('center_axis',(0.,0.,1.));
#6709=DIRECTION('ref_axis',(1.,0.,0.));
#6710=DIRECTION('center_axis',(0.,0.,1.));
#6711=DIRECTION('ref_axis',(1.,0.,0.));
#6712=DIRECTION('center_axis',(0.,0.,-1.));
#6713=DIRECTION('ref_axis',(1.,0.,0.));
#6714=DIRECTION('',(0.,0.,-1.));
#6715=DIRECTION('center_axis',(0.,0.,-1.));
#6716=DIRECTION('ref_axis',(1.,0.,0.));
#6717=DIRECTION('center_axis',(0.,0.,1.));
#6718=DIRECTION('ref_axis',(1.,0.,0.));
#6719=DIRECTION('center_axis',(0.,0.,1.));
#6720=DIRECTION('ref_axis',(1.,0.,0.));
#6721=DIRECTION('center_axis',(0.,0.,1.));
#6722=DIRECTION('ref_axis',(-1.,0.,0.));
#6723=DIRECTION('',(0.,0.,1.));
#6724=DIRECTION('center_axis',(0.,0.,1.));
#6725=DIRECTION('ref_axis',(-1.,0.,0.));
#6726=DIRECTION('center_axis',(0.,0.,-1.));
#6727=DIRECTION('ref_axis',(-1.,0.,0.));
#6728=DIRECTION('center_axis',(0.,0.,-1.));
#6729=DIRECTION('ref_axis',(1.,0.,0.));
#6730=DIRECTION('center_axis',(0.,0.,1.));
#6731=DIRECTION('ref_axis',(-1.,0.,0.));
#6732=DIRECTION('',(0.,0.,1.));
#6733=DIRECTION('center_axis',(0.,0.,1.));
#6734=DIRECTION('ref_axis',(-1.,0.,0.));
#6735=DIRECTION('center_axis',(0.,0.,-1.));
#6736=DIRECTION('ref_axis',(-1.,0.,0.));
#6737=DIRECTION('center_axis',(0.,0.,-1.));
#6738=DIRECTION('ref_axis',(1.,0.,0.));
#6739=DIRECTION('center_axis',(0.,0.,-1.));
#6740=DIRECTION('ref_axis',(1.,0.,0.));
#6741=DIRECTION('',(0.,0.,-1.));
#6742=DIRECTION('center_axis',(0.,0.,-1.));
#6743=DIRECTION('ref_axis',(1.,0.,0.));
#6744=DIRECTION('',(0.,0.,-1.));
#6745=DIRECTION('center_axis',(0.,0.,-1.));
#6746=DIRECTION('ref_axis',(1.,0.,0.));
#6747=DIRECTION('',(0.,0.,-1.));
#6748=DIRECTION('center_axis',(0.,0.,-1.));
#6749=DIRECTION('ref_axis',(1.,0.,0.));
#6750=DIRECTION('center_axis',(0.,0.,-1.));
#6751=DIRECTION('ref_axis',(1.,0.,0.));
#6752=DIRECTION('',(0.,0.,-1.));
#6753=DIRECTION('center_axis',(0.,0.,1.));
#6754=DIRECTION('ref_axis',(0.,1.,0.));
#6755=DIRECTION('',(-1.,0.,0.));
#6756=DIRECTION('',(0.,-1.,0.));
#6757=DIRECTION('center_axis',(0.,-1.,0.));
#6758=DIRECTION('ref_axis',(0.,0.,1.));
#6759=DIRECTION('',(0.,0.,-1.));
#6760=DIRECTION('',(-1.,0.,0.));
#6761=DIRECTION('center_axis',(0.,0.,1.));
#6762=DIRECTION('ref_axis',(0.,1.,0.));
#6763=DIRECTION('',(0.,-1.,0.));
#6764=DIRECTION('',(-1.,0.,0.));
#6765=DIRECTION('center_axis',(0.,1.,0.));
#6766=DIRECTION('ref_axis',(0.,0.,-1.));
#6767=DIRECTION('',(0.,0.,1.));
#6768=DIRECTION('center_axis',(-1.,0.,0.));
#6769=DIRECTION('ref_axis',(0.,0.,1.));
#6770=DIRECTION('center_axis',(0.,6.93889390390723E-17,1.));
#6771=DIRECTION('ref_axis',(0.,-1.,6.93889390390723E-17));
#6772=DIRECTION('center_axis',(0.,-6.93889390390723E-17,-1.));
#6773=DIRECTION('ref_axis',(-1.,0.,0.));
#6774=DIRECTION('center_axis',(0.,-6.93889390390723E-17,-1.));
#6775=DIRECTION('ref_axis',(-1.,0.,0.));
#6776=DIRECTION('center_axis',(0.,-6.93889390390723E-17,-1.));
#6777=DIRECTION('ref_axis',(-1.,0.,0.));
#6778=DIRECTION('center_axis',(0.,-6.93889390390723E-17,-1.));
#6779=DIRECTION('ref_axis',(-1.,0.,0.));
#6780=DIRECTION('center_axis',(0.,-6.93889390390723E-17,-1.));
#6781=DIRECTION('ref_axis',(-1.,0.,0.));
#6782=DIRECTION('center_axis',(0.,-6.93889390390723E-17,-1.));
#6783=DIRECTION('ref_axis',(-1.,0.,0.));
#6784=DIRECTION('center_axis',(0.,-6.93889390390723E-17,-1.));
#6785=DIRECTION('ref_axis',(-1.,0.,0.));
#6786=DIRECTION('center_axis',(0.,-6.93889390390723E-17,-1.));
#6787=DIRECTION('ref_axis',(-1.,0.,0.));
#6788=DIRECTION('center_axis',(0.,-6.93889390390723E-17,-1.));
#6789=DIRECTION('ref_axis',(-1.,0.,0.));
#6790=DIRECTION('center_axis',(0.,0.,1.));
#6791=DIRECTION('ref_axis',(-1.,0.,0.));
#6792=DIRECTION('',(0.,0.,1.));
#6793=DIRECTION('center_axis',(0.,0.,1.));
#6794=DIRECTION('ref_axis',(-1.,0.,0.));
#6795=DIRECTION('',(0.,0.,1.));
#6796=DIRECTION('center_axis',(0.,0.,1.));
#6797=DIRECTION('ref_axis',(-1.,0.,0.));
#6798=DIRECTION('',(0.,0.,1.));
#6799=DIRECTION('center_axis',(0.,0.,1.));
#6800=DIRECTION('ref_axis',(-1.,0.,0.));
#6801=DIRECTION('',(0.,0.,1.));
#6802=DIRECTION('center_axis',(0.,0.,1.));
#6803=DIRECTION('ref_axis',(-1.,0.,0.));
#6804=DIRECTION('',(0.,0.,1.));
#6805=DIRECTION('center_axis',(0.,0.,1.));
#6806=DIRECTION('ref_axis',(-1.,0.,0.));
#6807=DIRECTION('',(0.,0.,1.));
#6808=DIRECTION('center_axis',(0.,0.,1.));
#6809=DIRECTION('ref_axis',(-1.,0.,0.));
#6810=DIRECTION('',(0.,0.,1.));
#6811=DIRECTION('center_axis',(0.,0.,1.));
#6812=DIRECTION('ref_axis',(-1.,0.,0.));
#6813=DIRECTION('',(0.,0.,1.));
#6814=DIRECTION('center_axis',(0.,0.,1.));
#6815=DIRECTION('ref_axis',(-1.,0.,0.));
#6816=DIRECTION('',(0.,0.,1.));
#6817=DIRECTION('',(0.,0.,1.));
#6818=DIRECTION('',(1.,0.,0.));
#6819=CARTESIAN_POINT('',(0.,0.,0.));
#6820=CARTESIAN_POINT('',(0.,0.,0.));
#6821=CARTESIAN_POINT('Origin',(-89.,1.,-9.125));
#6822=CARTESIAN_POINT('',(-89.,0.,21.25));
#6823=CARTESIAN_POINT('',(-90.,1.,21.25));
#6824=CARTESIAN_POINT('Origin',(-89.,1.,21.25));
#6825=CARTESIAN_POINT('',(-90.,1.,-21.25));
#6826=CARTESIAN_POINT('',(-90.,1.,-9.125));
#6827=CARTESIAN_POINT('',(-89.,0.,-21.25));
#6828=CARTESIAN_POINT('Origin',(-89.,1.,-21.25));
#6829=CARTESIAN_POINT('',(-89.,0.,-9.125));
#6830=CARTESIAN_POINT('Origin',(60.,0.,-18.25));
#6831=CARTESIAN_POINT('',(-59.5343754830095,0.,-21.25));
#6832=CARTESIAN_POINT('',(60.,0.,-21.25));
#6833=CARTESIAN_POINT('',(-59.5343754830095,0.,21.25));
#6834=CARTESIAN_POINT('',(-59.5343754830095,0.,1.5));
#6835=CARTESIAN_POINT('',(-60.,0.,21.25));
#6836=CARTESIAN_POINT('',(-82.1647827906002,0.,16.));
#6837=CARTESIAN_POINT('',(-67.8352172093998,0.,16.));
#6838=CARTESIAN_POINT('',(-3.,0.,16.));
#6839=CARTESIAN_POINT('',(-66.9949205611755,2.22044604925031E-15,14.4578731301779));
#6840=CARTESIAN_POINT('Origin',(-67.8352172093998,0.,15.));
#6841=CARTESIAN_POINT('',(-74.1597033517757,2.22044604925031E-15,3.35245980474756));
#6842=CARTESIAN_POINT('',(-59.7854518736224,2.22044604925031E-15,25.6325495958853));
#6843=CARTESIAN_POINT('',(-75.8402966482242,0.,3.35245980474755));
#6844=CARTESIAN_POINT('Origin',(-75.,0.,3.89458667456964));
#6845=CARTESIAN_POINT('',(-83.0050794388245,0.,14.4578731301779));
#6846=CARTESIAN_POINT('',(-55.0378398236591,0.,-28.8913482733284));
#6847=CARTESIAN_POINT('Origin',(-82.1647827906002,0.,15.));
#6848=CARTESIAN_POINT('',(-73.0050794388245,0.,0.0421268698220922));
#6849=CARTESIAN_POINT('',(-65.8402966482242,0.,11.1475401952524));
#6850=CARTESIAN_POINT('',(-53.1238060249816,0.,30.8581006612785));
#6851=CARTESIAN_POINT('',(-64.,0.,10.6054133254303));
#6852=CARTESIAN_POINT('Origin',(-65.,0.,10.6054133254303));
#6853=CARTESIAN_POINT('',(-64.,0.,-11.6054133254303));
#6854=CARTESIAN_POINT('',(-64.,0.,-16.625));
#6855=CARTESIAN_POINT('',(-65.8402966482242,0.,-12.1475401952524));
#6856=CARTESIAN_POINT('Origin',(-65.,0.,-11.6054133254303));
#6857=CARTESIAN_POINT('',(-73.0050794388245,0.,-1.04212686982209));
#6858=CARTESIAN_POINT('',(-49.7152591784978,0.,-37.1413482733284));
#6859=CARTESIAN_POINT('Origin',(-72.1647827906002,0.,-0.500000000000004));
#6860=CARTESIAN_POINT('',(-74.1597033517758,-2.22044604925031E-15,-4.35245980474758));
#6861=CARTESIAN_POINT('',(-66.9949205611755,-2.22044604925031E-15,-15.4578731301779));
#6862=CARTESIAN_POINT('',(-47.1994856722997,-2.22044604925031E-15,-46.1407972079354));
#6863=CARTESIAN_POINT('',(-67.8352172093998,0.,-17.));
#6864=CARTESIAN_POINT('Origin',(-67.8352172093998,0.,-16.));
#6865=CARTESIAN_POINT('',(-82.1647827906002,0.,-17.));
#6866=CARTESIAN_POINT('',(-12.,0.,-17.));
#6867=CARTESIAN_POINT('',(-83.0050794388245,0.,-15.4578731301779));
#6868=CARTESIAN_POINT('Origin',(-82.1647827906002,0.,-16.));
#6869=CARTESIAN_POINT('',(-75.8402966482243,0.,-4.35245980474759));
#6870=CARTESIAN_POINT('',(-58.6238060249816,0.,22.3331006612785));
#6871=CARTESIAN_POINT('Origin',(-75.,0.,-4.89458667456968));
#6872=CARTESIAN_POINT('',(-84.1597033517758,-2.22044604925031E-15,11.1475401952524));
#6873=CARTESIAN_POINT('',(-76.9949205611755,-2.22044604925031E-15,0.0421268698220434));
#6874=CARTESIAN_POINT('',(-52.522066317461,-2.22044604925031E-15,-37.8907972079354));
#6875=CARTESIAN_POINT('',(-76.9949205611755,2.22044604925031E-15,-1.04212686982214));
#6876=CARTESIAN_POINT('Origin',(-77.8352172093998,0.,-0.500000000000053));
#6877=CARTESIAN_POINT('',(-84.1597033517757,2.22044604925031E-15,-12.1475401952525));
#6878=CARTESIAN_POINT('',(-65.2854518736224,2.22044604925031E-15,17.1075495958853));
#6879=CARTESIAN_POINT('',(-86.,0.,-11.6054133254304));
#6880=CARTESIAN_POINT('Origin',(-85.,0.,-11.6054133254304));
#6881=CARTESIAN_POINT('',(-86.,0.,10.6054133254303));
#6882=CARTESIAN_POINT('',(-86.,0.,-2.12500000000003));
#6883=CARTESIAN_POINT('Origin',(-85.,0.,10.6054133254303));
#6884=CARTESIAN_POINT('Origin',(60.,0.,-21.25));
#6885=CARTESIAN_POINT('',(-90.,6.5,-21.25));
#6886=CARTESIAN_POINT('',(-90.,7.5,-21.25));
#6887=CARTESIAN_POINT('',(-89.,7.5,-21.25));
#6888=CARTESIAN_POINT('Origin',(-89.,6.5,-21.25));
#6889=CARTESIAN_POINT('',(-87.,7.5,-21.25));
#6890=CARTESIAN_POINT('',(-86.,7.5,-21.25));
#6891=CARTESIAN_POINT('',(-86.,6.5,-21.25));
#6892=CARTESIAN_POINT('Origin',(-87.,6.5,-21.25));
#6893=CARTESIAN_POINT('',(-86.,4.,-21.25));
#6894=CARTESIAN_POINT('',(-86.,3.,-21.25));
#6895=CARTESIAN_POINT('',(-85.,3.,-21.25));
#6896=CARTESIAN_POINT('Origin',(-85.,4.,-21.25));
#6897=CARTESIAN_POINT('',(-77.,3.,-21.25));
#6898=CARTESIAN_POINT('',(-76.,3.,-21.25));
#6899=CARTESIAN_POINT('',(-76.,4.,-21.25));
#6900=CARTESIAN_POINT('Origin',(-77.,4.,-21.25));
#6901=CARTESIAN_POINT('',(-76.,28.,-21.25));
#6902=CARTESIAN_POINT('',(-76.,29.,-21.25));
#6903=CARTESIAN_POINT('',(-77.,29.,-21.25));
#6904=CARTESIAN_POINT('Origin',(-77.,28.,-21.25));
#6905=CARTESIAN_POINT('',(-85.,29.,-21.25));
#6906=CARTESIAN_POINT('',(-76.,29.,-21.25));
#6907=CARTESIAN_POINT('',(-86.,28.,-21.25));
#6908=CARTESIAN_POINT('Origin',(-85.,28.,-21.25));
#6909=CARTESIAN_POINT('',(-86.,25.5,-21.25));
#6910=CARTESIAN_POINT('',(-86.,29.,-21.25));
#6911=CARTESIAN_POINT('',(-87.,24.5,-21.25));
#6912=CARTESIAN_POINT('Origin',(-87.,25.5,-21.25));
#6913=CARTESIAN_POINT('',(-89.,24.5,-21.25));
#6914=CARTESIAN_POINT('',(-86.,24.5,-21.25));
#6915=CARTESIAN_POINT('',(-90.,25.5,-21.25));
#6916=CARTESIAN_POINT('Origin',(-89.,25.5,-21.25));
#6917=CARTESIAN_POINT('',(-90.,31.,-21.25));
#6918=CARTESIAN_POINT('',(-90.,29.,-21.25));
#6919=CARTESIAN_POINT('',(-89.,32.,-21.25));
#6920=CARTESIAN_POINT('Origin',(-89.,31.,-21.25));
#6921=CARTESIAN_POINT('',(-59.5343754830095,32.,-21.25));
#6922=CARTESIAN_POINT('',(60.,32.,-21.25));
#6923=CARTESIAN_POINT('',(-54.771543997602,30.7929196653677,-21.25));
#6924=CARTESIAN_POINT('Origin',(-59.5343754830095,22.,-21.25));
#6925=CARTESIAN_POINT('',(-47.228456002398,26.7070803346323,-21.25));
#6926=CARTESIAN_POINT('',(0.930201342281881,0.621140939597324,-21.25));
#6927=CARTESIAN_POINT('',(-42.4656245169905,25.5,-21.25));
#6928=CARTESIAN_POINT('Origin',(-42.4656245169905,35.5,-21.25));
#6929=CARTESIAN_POINT('',(80.,25.5,-21.25));
#6930=CARTESIAN_POINT('',(70.,25.5,-21.25));
#6931=CARTESIAN_POINT('',(80.,6.5,-21.25));
#6932=CARTESIAN_POINT('Origin',(80.,16.,-21.25));
#6933=CARTESIAN_POINT('',(-42.4656245169905,6.5,-21.25));
#6934=CARTESIAN_POINT('',(7.5,6.5,-21.25));
#6935=CARTESIAN_POINT('',(-47.228456002398,5.29291966536775,-21.25));
#6936=CARTESIAN_POINT('Origin',(-42.4656245169905,-3.5,-21.25));
#6937=CARTESIAN_POINT('',(-54.771543997602,1.20708033463226,-21.25));
#6938=CARTESIAN_POINT('',(-11.7704697986577,24.4993288590604,-21.25));
#6939=CARTESIAN_POINT('Origin',(-59.5343754830095,10.,-21.25));
#6940=CARTESIAN_POINT('',(-61.,5.5,-21.25));
#6941=CARTESIAN_POINT('Origin',(-63.,5.5,-21.25));
#6942=CARTESIAN_POINT('',(-61.,26.5,-21.25));
#6943=CARTESIAN_POINT('Origin',(-63.,26.5,-21.25));
#6944=CARTESIAN_POINT('',(-87.,5.5,-21.25));
#6945=CARTESIAN_POINT('Origin',(-88.,5.5,-21.25));
#6946=CARTESIAN_POINT('',(-87.,26.5,-21.25));
#6947=CARTESIAN_POINT('Origin',(-88.,26.5,-21.25));
#6948=CARTESIAN_POINT('',(81.,9.,-21.25));
#6949=CARTESIAN_POINT('Origin',(80.,9.,-21.25));
#6950=CARTESIAN_POINT('',(81.,23.,-21.25));
#6951=CARTESIAN_POINT('Origin',(80.,23.,-21.25));
#6952=CARTESIAN_POINT('',(84.,16.,-21.25));
#6953=CARTESIAN_POINT('Origin',(80.,16.,-21.25));
#6954=CARTESIAN_POINT('',(85.9497474683058,20.9497474683058,-21.25));
#6955=CARTESIAN_POINT('Origin',(84.9497474683058,20.9497474683058,-21.25));
#6956=CARTESIAN_POINT('',(76.0502525316942,11.0502525316942,-21.25));
#6957=CARTESIAN_POINT('Origin',(75.0502525316942,11.0502525316942,-21.25));
#6958=CARTESIAN_POINT('',(76.0502525316942,20.9497474683058,-21.25));
#6959=CARTESIAN_POINT('Origin',(75.0502525316942,20.9497474683058,-21.25));
#6960=CARTESIAN_POINT('',(85.9497474683058,11.0502525316942,-21.25));
#6961=CARTESIAN_POINT('Origin',(84.9497474683058,11.0502525316942,-21.25));
#6962=CARTESIAN_POINT('',(88.,16.,-21.25));
#6963=CARTESIAN_POINT('Origin',(87.,16.,-21.25));
#6964=CARTESIAN_POINT('',(74.,16.,-21.25));
#6965=CARTESIAN_POINT('Origin',(73.,16.,-21.25));
#6966=CARTESIAN_POINT('Origin',(-89.,31.,-10.625));
#6967=CARTESIAN_POINT('',(-90.,31.,21.25));
#6968=CARTESIAN_POINT('',(-90.,31.,-10.625));
#6969=CARTESIAN_POINT('',(-89.,32.,21.25));
#6970=CARTESIAN_POINT('Origin',(-89.,31.,21.25));
#6971=CARTESIAN_POINT('',(-89.,32.,-10.625));
#6972=CARTESIAN_POINT('Origin',(60.,32.,-21.25));
#6973=CARTESIAN_POINT('',(-59.5343754830095,32.,21.25));
#6974=CARTESIAN_POINT('',(-60.,32.,21.25));
#6975=CARTESIAN_POINT('',(-59.5343754830095,32.,0.));
#6976=CARTESIAN_POINT('',(-67.8352172093998,32.,16.));
#6977=CARTESIAN_POINT('',(-82.1647827906002,32.,16.));
#6978=CARTESIAN_POINT('',(-3.,32.,16.));
#6979=CARTESIAN_POINT('',(-83.0050794388245,32.,14.4578731301779));
#6980=CARTESIAN_POINT('Origin',(-82.1647827906002,32.,15.));
#6981=CARTESIAN_POINT('',(-75.8402966482242,32.,3.35245980474755));
#6982=CARTESIAN_POINT('',(-54.3545187362234,32.,-29.9504959588538));
#6983=CARTESIAN_POINT('',(-74.1597033517757,32.,3.35245980474756));
#6984=CARTESIAN_POINT('Origin',(-75.,32.,3.89458667456964));
#6985=CARTESIAN_POINT('',(-66.9949205611755,32.,14.4578731301779));
#6986=CARTESIAN_POINT('',(-60.4687729610581,32.,24.57340191036));
#6987=CARTESIAN_POINT('Origin',(-67.8352172093998,32.,15.));
#6988=CARTESIAN_POINT('',(-65.8402966482242,32.,11.1475401952524));
#6989=CARTESIAN_POINT('',(-73.0050794388245,32.,0.0421268698220878));
#6990=CARTESIAN_POINT('',(-53.8071271124173,32.,29.7989529757531));
#6991=CARTESIAN_POINT('',(-73.0050794388245,32.,-1.0421268698221));
#6992=CARTESIAN_POINT('Origin',(-72.1647827906002,32.,-0.500000000000004));
#6993=CARTESIAN_POINT('',(-65.8402966482243,32.,-12.1475401952524));
#6994=CARTESIAN_POINT('',(-49.0319380910621,32.,-38.2004959588538));
#6995=CARTESIAN_POINT('',(-64.,32.,-11.6054133254303));
#6996=CARTESIAN_POINT('Origin',(-65.,32.,-11.6054133254303));
#6997=CARTESIAN_POINT('',(-64.,32.,10.6054133254303));
#6998=CARTESIAN_POINT('',(-64.,32.,-18.125));
#6999=CARTESIAN_POINT('Origin',(-65.,32.,10.6054133254303));
#7000=CARTESIAN_POINT('',(-66.9949205611756,32.,-15.4578731301779));
#7001=CARTESIAN_POINT('',(-74.1597033517758,32.,-4.35245980474758));
#7002=CARTESIAN_POINT('',(-46.516164584864,32.,-47.1999448934607));
#7003=CARTESIAN_POINT('',(-75.8402966482243,32.,-4.35245980474759));
#7004=CARTESIAN_POINT('Origin',(-75.,32.,-4.89458667456968));
#7005=CARTESIAN_POINT('',(-83.0050794388245,32.,-15.4578731301779));
#7006=CARTESIAN_POINT('',(-59.3071271124173,32.,21.2739529757531));
#7007=CARTESIAN_POINT('',(-82.1647827906002,32.,-17.));
#7008=CARTESIAN_POINT('Origin',(-82.1647827906002,32.,-16.));
#7009=CARTESIAN_POINT('',(-67.8352172093998,32.,-17.));
#7010=CARTESIAN_POINT('',(-12.,32.,-17.));
#7011=CARTESIAN_POINT('Origin',(-67.8352172093998,32.,-16.));
#7012=CARTESIAN_POINT('',(-76.9949205611755,32.,0.0421268698220434));
#7013=CARTESIAN_POINT('',(-84.1597033517758,32.,11.1475401952524));
#7014=CARTESIAN_POINT('',(-51.8387452300253,32.,-38.9499448934607));
#7015=CARTESIAN_POINT('',(-86.,32.,10.6054133254303));
#7016=CARTESIAN_POINT('Origin',(-85.,32.,10.6054133254303));
#7017=CARTESIAN_POINT('',(-86.,32.,-11.6054133254304));
#7018=CARTESIAN_POINT('',(-86.,32.,-3.62500000000003));
#7019=CARTESIAN_POINT('',(-84.1597033517757,32.,-12.1475401952525));
#7020=CARTESIAN_POINT('Origin',(-85.,32.,-11.6054133254304));
#7021=CARTESIAN_POINT('',(-76.9949205611755,32.,-1.04212686982214));
#7022=CARTESIAN_POINT('',(-65.9687729610581,32.,16.0484019103599));
#7023=CARTESIAN_POINT('Origin',(-77.8352172093998,32.,-0.500000000000053));
#7024=CARTESIAN_POINT('Origin',(-60.,0.,21.25));
#7025=CARTESIAN_POINT('',(-54.771543997602,1.20708033463226,21.25));
#7026=CARTESIAN_POINT('Origin',(-59.5343754830095,10.,21.25));
#7027=CARTESIAN_POINT('',(-47.228456002398,5.29291966536774,21.25));
#7028=CARTESIAN_POINT('',(-58.1597315436242,-0.628187919463084,21.25));
#7029=CARTESIAN_POINT('',(-42.4656245169905,6.5,21.25));
#7030=CARTESIAN_POINT('Origin',(-42.4656245169905,-3.5,21.25));
#7031=CARTESIAN_POINT('',(80.,6.5,21.25));
#7032=CARTESIAN_POINT('',(-52.5,6.5,21.25));
#7033=CARTESIAN_POINT('',(80.,25.5,21.25));
#7034=CARTESIAN_POINT('Origin',(80.,16.,21.25));
#7035=CARTESIAN_POINT('',(-42.4656245169905,25.5,21.25));
#7036=CARTESIAN_POINT('',(10.,25.5,21.25));
#7037=CARTESIAN_POINT('',(-47.228456002398,26.7070803346323,21.25));
#7038=CARTESIAN_POINT('Origin',(-42.4656245169905,35.5,21.25));
#7039=CARTESIAN_POINT('',(-54.771543997602,30.7929196653677,21.25));
#7040=CARTESIAN_POINT('',(-45.4590604026846,25.7486577181208,21.25));
#7041=CARTESIAN_POINT('Origin',(-59.5343754830095,22.,21.25));
#7042=CARTESIAN_POINT('',(-90.,25.5,21.25));
#7043=CARTESIAN_POINT('',(-90.,24.5,21.25));
#7044=CARTESIAN_POINT('',(-89.,24.5,21.25));
#7045=CARTESIAN_POINT('Origin',(-89.,25.5,21.25));
#7046=CARTESIAN_POINT('',(-87.,24.5,21.25));
#7047=CARTESIAN_POINT('',(-86.,24.5,21.25));
#7048=CARTESIAN_POINT('',(-86.,25.5,21.25));
#7049=CARTESIAN_POINT('Origin',(-87.,25.5,21.25));
#7050=CARTESIAN_POINT('',(-86.,28.,21.25));
#7051=CARTESIAN_POINT('',(-86.,29.,21.25));
#7052=CARTESIAN_POINT('',(-85.,29.,21.25));
#7053=CARTESIAN_POINT('Origin',(-85.,28.,21.25));
#7054=CARTESIAN_POINT('',(-77.,29.,21.25));
#7055=CARTESIAN_POINT('',(-76.,29.,21.25));
#7056=CARTESIAN_POINT('',(-76.,28.,21.25));
#7057=CARTESIAN_POINT('Origin',(-77.,28.,21.25));
#7058=CARTESIAN_POINT('',(-76.,4.,21.25));
#7059=CARTESIAN_POINT('',(-76.,0.,21.25));
#7060=CARTESIAN_POINT('',(-77.,3.,21.25));
#7061=CARTESIAN_POINT('Origin',(-77.,4.,21.25));
#7062=CARTESIAN_POINT('',(-85.,3.,21.25));
#7063=CARTESIAN_POINT('',(-76.,3.,21.25));
#7064=CARTESIAN_POINT('',(-86.,4.,21.25));
#7065=CARTESIAN_POINT('Origin',(-85.,4.,21.25));
#7066=CARTESIAN_POINT('',(-86.,6.5,21.25));
#7067=CARTESIAN_POINT('',(-86.,3.,21.25));
#7068=CARTESIAN_POINT('',(-87.,7.5,21.25));
#7069=CARTESIAN_POINT('Origin',(-87.,6.5,21.25));
#7070=CARTESIAN_POINT('',(-89.,7.5,21.25));
#7071=CARTESIAN_POINT('',(-86.,7.5,21.25));
#7072=CARTESIAN_POINT('',(-90.,6.5,21.25));
#7073=CARTESIAN_POINT('Origin',(-89.,6.5,21.25));
#7074=CARTESIAN_POINT('',(-90.,0.,21.25));
#7075=CARTESIAN_POINT('',(74.,16.,21.25));
#7076=CARTESIAN_POINT('Origin',(73.,16.,21.25));
#7077=CARTESIAN_POINT('',(88.,16.,21.25));
#7078=CARTESIAN_POINT('Origin',(87.,16.,21.25));
#7079=CARTESIAN_POINT('',(85.9497474683058,11.0502525316942,21.25));
#7080=CARTESIAN_POINT('Origin',(84.9497474683058,11.0502525316942,21.25));
#7081=CARTESIAN_POINT('',(76.0502525316942,20.9497474683058,21.25));
#7082=CARTESIAN_POINT('Origin',(75.0502525316942,20.9497474683058,21.25));
#7083=CARTESIAN_POINT('',(76.0502525316942,11.0502525316942,21.25));
#7084=CARTESIAN_POINT('Origin',(75.0502525316942,11.0502525316942,21.25));
#7085=CARTESIAN_POINT('',(85.9497474683058,20.9497474683058,21.25));
#7086=CARTESIAN_POINT('Origin',(84.9497474683058,20.9497474683058,21.25));
#7087=CARTESIAN_POINT('',(84.,16.,21.25));
#7088=CARTESIAN_POINT('Origin',(80.,16.,21.25));
#7089=CARTESIAN_POINT('',(81.,23.,21.25));
#7090=CARTESIAN_POINT('Origin',(80.,23.,21.25));
#7091=CARTESIAN_POINT('',(81.,9.,21.25));
#7092=CARTESIAN_POINT('Origin',(80.,9.,21.25));
#7093=CARTESIAN_POINT('',(-89.,5.5,21.25));
#7094=CARTESIAN_POINT('Origin',(-88.,5.5,21.25));
#7095=CARTESIAN_POINT('',(-89.,26.5,21.25));
#7096=CARTESIAN_POINT('Origin',(-88.,26.5,21.25));
#7097=CARTESIAN_POINT('',(-65.,26.5,21.25));
#7098=CARTESIAN_POINT('Origin',(-63.,26.5,21.25));
#7099=CARTESIAN_POINT('',(-65.,5.5,21.25));
#7100=CARTESIAN_POINT('Origin',(-63.,5.5,21.25));
#7101=CARTESIAN_POINT('Origin',(-65.,32.,10.6054133254303));
#7102=CARTESIAN_POINT('',(-65.8402966482242,3.,11.1475401952524));
#7103=CARTESIAN_POINT('',(-64.,3.,10.6054133254303));
#7104=CARTESIAN_POINT('Origin',(-65.,3.,10.6054133254303));
#7105=CARTESIAN_POINT('',(-64.,32.,10.6054133254303));
#7106=CARTESIAN_POINT('',(-65.8402966482242,32.,11.1475401952524));
#7107=CARTESIAN_POINT('Origin',(-64.,32.,-15.));
#7108=CARTESIAN_POINT('',(-64.,3.,-11.6054133254303));
#7109=CARTESIAN_POINT('',(-64.,3.,1.5));
#7110=CARTESIAN_POINT('',(-64.,32.,-11.6054133254303));
#7111=CARTESIAN_POINT('Origin',(-72.1647827906002,32.,-0.500000000000004));
#7112=CARTESIAN_POINT('',(-73.0050794388245,3.,-1.0421268698221));
#7113=CARTESIAN_POINT('',(-73.0050794388245,3.,0.0421268698220878));
#7114=CARTESIAN_POINT('Origin',(-72.1647827906002,3.,-0.500000000000004));
#7115=CARTESIAN_POINT('',(-73.0050794388245,32.,0.0421268698220888));
#7116=CARTESIAN_POINT('',(-73.0050794388245,32.,-1.04212686982209));
#7117=CARTESIAN_POINT('Origin',(-64.,32.,14.));
#7118=CARTESIAN_POINT('',(-62.5011021307862,3.,16.3232916972814));
#7119=CARTESIAN_POINT('Origin',(-75.,32.,-4.89458667456968));
#7120=CARTESIAN_POINT('',(-75.8402966482243,3.,-4.35245980474759));
#7121=CARTESIAN_POINT('',(-74.1597033517758,3.,-4.35245980474759));
#7122=CARTESIAN_POINT('Origin',(-75.,3.,-4.89458667456968));
#7123=CARTESIAN_POINT('',(-74.1597033517758,32.,-4.35245980474759));
#7124=CARTESIAN_POINT('',(-75.8402966482243,32.,-4.35245980474759));
#7125=CARTESIAN_POINT('Origin',(-66.,32.,-17.));
#7126=CARTESIAN_POINT('',(-66.9949205611755,3.,-15.4578731301779));
#7127=CARTESIAN_POINT('',(-73.0903747244673,3.,-6.00991917707569));
#7128=CARTESIAN_POINT('',(-66.9949205611755,17.5,-15.4578731301779));
#7129=CARTESIAN_POINT('Origin',(-75.,32.,3.89458667456964));
#7130=CARTESIAN_POINT('',(-74.1597033517757,3.,3.35245980474755));
#7131=CARTESIAN_POINT('',(-75.8402966482242,3.,3.35245980474755));
#7132=CARTESIAN_POINT('Origin',(-75.,3.,3.89458667456964));
#7133=CARTESIAN_POINT('',(-75.8402966482242,32.,3.35245980474755));
#7134=CARTESIAN_POINT('',(-74.1597033517757,32.,3.35245980474755));
#7135=CARTESIAN_POINT('Origin',(-84.,32.,16.));
#7136=CARTESIAN_POINT('',(-83.0050794388245,3.,14.4578731301779));
#7137=CARTESIAN_POINT('',(-80.9287288758266,3.,11.2395297575312));
#7138=CARTESIAN_POINT('',(-83.0050794388245,30.5,14.4578731301779));
#7139=CARTESIAN_POINT('Origin',(-77.8352172093998,32.,-0.500000000000053));
#7140=CARTESIAN_POINT('',(-76.9949205611755,3.,0.0421268698220423));
#7141=CARTESIAN_POINT('',(-76.9949205611755,3.,-1.04212686982215));
#7142=CARTESIAN_POINT('Origin',(-77.8352172093998,3.,-0.500000000000053));
#7143=CARTESIAN_POINT('',(-76.9949205611755,32.,-1.04212686982214));
#7144=CARTESIAN_POINT('',(-76.9949205611755,32.,0.0421268698220473));
#7145=CARTESIAN_POINT('Origin',(-86.,32.,-15.0000000000001));
#7146=CARTESIAN_POINT('',(-84.1597033517757,3.,-12.1475401952525));
#7147=CARTESIAN_POINT('',(-74.6627479794269,3.,2.57274063188827));
#7148=CARTESIAN_POINT('',(-84.1597033517757,32.,-12.1475401952525));
#7149=CARTESIAN_POINT('Origin',(-65.,32.,-11.6054133254303));
#7150=CARTESIAN_POINT('',(-65.8402966482242,3.,-12.1475401952524));
#7151=CARTESIAN_POINT('Origin',(-65.,3.,-11.6054133254303));
#7152=CARTESIAN_POINT('',(-65.8402966482242,32.,-12.1475401952524));
#7153=CARTESIAN_POINT('Origin',(-73.3548387096774,32.,-0.499999999999996));
#7154=CARTESIAN_POINT('',(-75.6061482306653,3.,2.98952975753123));
#7155=CARTESIAN_POINT('Origin',(-82.1647827906002,17.5,-16.));
#7156=CARTESIAN_POINT('',(-82.1647827906002,3.,-17.));
#7157=CARTESIAN_POINT('',(-83.0050794388245,3.,-15.4578731301779));
#7158=CARTESIAN_POINT('Origin',(-82.1647827906002,3.,-16.));
#7159=CARTESIAN_POINT('',(-83.0050794388245,17.5,-15.4578731301779));
#7160=CARTESIAN_POINT('',(-82.1647827906002,17.5,-17.));
#7161=CARTESIAN_POINT('Origin',(-75.,32.,-3.05000000000001));
#7162=CARTESIAN_POINT('',(-68.0011021307862,3.,7.7982916972814));
#7163=CARTESIAN_POINT('Origin',(-85.,32.,-11.6054133254304));
#7164=CARTESIAN_POINT('',(-86.,3.,-11.6054133254304));
#7165=CARTESIAN_POINT('Origin',(-85.,3.,-11.6054133254304));
#7166=CARTESIAN_POINT('',(-86.,32.,-11.6054133254304));
#7167=CARTESIAN_POINT('Origin',(-86.,32.,13.9999999999999));
#7168=CARTESIAN_POINT('',(-86.,3.,10.6054133254303));
#7169=CARTESIAN_POINT('',(-86.,3.,16.));
#7170=CARTESIAN_POINT('',(-86.,32.,10.6054133254303));
#7171=CARTESIAN_POINT('Origin',(-82.1647827906002,27.5,-16.));
#7172=CARTESIAN_POINT('',(-83.0050794388245,29.,-15.4578731301779));
#7173=CARTESIAN_POINT('',(-83.0050794388245,27.5,-15.4578731301779));
#7174=CARTESIAN_POINT('',(-82.1647827906002,29.,-17.));
#7175=CARTESIAN_POINT('Origin',(-82.1647827906002,29.,-16.));
#7176=CARTESIAN_POINT('',(-82.1647827906002,27.5,-17.));
#7177=CARTESIAN_POINT('Origin',(-75.,32.,-3.05000000000001));
#7178=CARTESIAN_POINT('',(-75.8402966482243,29.,-4.35245980474759));
#7179=CARTESIAN_POINT('',(-75.8402966482243,32.,-4.35245980474759));
#7180=CARTESIAN_POINT('',(-75.9731814842028,29.,-4.55843130051433));
#7181=CARTESIAN_POINT('Origin',(-85.,32.,-11.6054133254304));
#7182=CARTESIAN_POINT('',(-86.,29.,-11.6054133254304));
#7183=CARTESIAN_POINT('',(-86.,32.,-11.6054133254304));
#7184=CARTESIAN_POINT('',(-84.1597033517757,29.,-12.1475401952525));
#7185=CARTESIAN_POINT('Origin',(-85.,29.,-11.6054133254304));
#7186=CARTESIAN_POINT('',(-84.1597033517757,32.,-12.1475401952525));
#7187=CARTESIAN_POINT('Origin',(-86.,32.,13.9999999999999));
#7188=CARTESIAN_POINT('',(-86.,29.,10.6054133254303));
#7189=CARTESIAN_POINT('',(-86.,32.,10.6054133254303));
#7190=CARTESIAN_POINT('',(-86.,29.,-1.50000000000003));
#7191=CARTESIAN_POINT('Origin',(-77.8352172093998,32.,-0.500000000000053));
#7192=CARTESIAN_POINT('',(-76.9949205611755,29.,-1.04212686982215));
#7193=CARTESIAN_POINT('',(-76.9949205611755,32.,-1.04212686982214));
#7194=CARTESIAN_POINT('',(-76.9949205611755,29.,0.0421268698220434));
#7195=CARTESIAN_POINT('Origin',(-77.8352172093998,29.,-0.500000000000053));
#7196=CARTESIAN_POINT('',(-76.9949205611755,32.,0.0421268698220473));
#7197=CARTESIAN_POINT('Origin',(-86.,32.,-15.0000000000001));
#7198=CARTESIAN_POINT('',(-82.6348273328435,29.,-9.78398236590749));
#7199=CARTESIAN_POINT('Origin',(-85.,32.,10.6054133254303));
#7200=CARTESIAN_POINT('',(-84.1597033517758,29.,11.1475401952524));
#7201=CARTESIAN_POINT('',(-84.1597033517758,32.,11.1475401952524));
#7202=CARTESIAN_POINT('Origin',(-85.,29.,10.6054133254303));
#7203=CARTESIAN_POINT('Origin',(-76.6451612903226,32.,-0.500000000000043));
#7204=CARTESIAN_POINT('',(-70.440876016212,29.,-10.1166421748714));
#7205=CARTESIAN_POINT('Origin',(-82.1647827906002,30.5,15.));
#7206=CARTESIAN_POINT('',(-82.1647827906002,29.,16.));
#7207=CARTESIAN_POINT('',(-83.0050794388245,29.,14.4578731301779));
#7208=CARTESIAN_POINT('Origin',(-82.1647827906002,29.,15.));
#7209=CARTESIAN_POINT('',(-83.0050794388245,30.5,14.4578731301779));
#7210=CARTESIAN_POINT('',(-82.1647827906002,30.5,16.));
#7211=CARTESIAN_POINT('Origin',(-84.,32.,16.));
#7212=CARTESIAN_POINT('',(-75.8402966482242,29.,3.35245980474755));
#7213=CARTESIAN_POINT('',(-72.95664952241,29.,-1.11719324026451));
#7214=CARTESIAN_POINT('',(-75.8402966482242,32.,3.35245980474755));
#7215=CARTESIAN_POINT('Origin',(-75.,32.,3.89458667456964));
#7216=CARTESIAN_POINT('',(-74.1597033517757,29.,3.35245980474756));
#7217=CARTESIAN_POINT('Origin',(-75.,29.,3.89458667456964));
#7218=CARTESIAN_POINT('',(-74.1597033517757,32.,3.35245980474755));
#7219=CARTESIAN_POINT('Origin',(-72.1647827906002,32.,-0.500000000000004));
#7220=CARTESIAN_POINT('',(-73.0050794388245,29.,0.0421268698220889));
#7221=CARTESIAN_POINT('',(-73.0050794388245,32.,0.0421268698220888));
#7222=CARTESIAN_POINT('',(-73.0050794388245,29.,-1.04212686982209));
#7223=CARTESIAN_POINT('Origin',(-72.1647827906002,29.,-0.500000000000004));
#7224=CARTESIAN_POINT('',(-73.0050794388245,32.,-1.04212686982209));
#7225=CARTESIAN_POINT('Origin',(-64.,32.,14.));
#7226=CARTESIAN_POINT('',(-65.8402966482242,29.,11.1475401952524));
#7227=CARTESIAN_POINT('',(-65.8402966482242,32.,11.1475401952524));
#7228=CARTESIAN_POINT('',(-70.4731814842028,29.,3.96656869948568));
#7229=CARTESIAN_POINT('Origin',(-75.,32.,-4.89458667456968));
#7230=CARTESIAN_POINT('',(-74.1597033517758,29.,-4.35245980474759));
#7231=CARTESIAN_POINT('',(-74.1597033517758,32.,-4.35245980474759));
#7232=CARTESIAN_POINT('Origin',(-75.,29.,-4.89458667456968));
#7233=CARTESIAN_POINT('Origin',(-66.,32.,-17.));
#7234=CARTESIAN_POINT('',(-66.9949205611755,29.,-15.4578731301779));
#7235=CARTESIAN_POINT('',(-66.9949205611755,27.5,-15.4578731301779));
#7236=CARTESIAN_POINT('',(-65.1182953710507,29.,-18.3666421748714));
#7237=CARTESIAN_POINT('Origin',(-85.,32.,10.6054133254303));
#7238=CARTESIAN_POINT('',(-84.1597033517758,3.,11.1475401952524));
#7239=CARTESIAN_POINT('Origin',(-85.,3.,10.6054133254303));
#7240=CARTESIAN_POINT('',(-84.1597033517758,32.,11.1475401952524));
#7241=CARTESIAN_POINT('Origin',(-76.6451612903226,32.,-0.500000000000043));
#7242=CARTESIAN_POINT('',(-78.4129553696286,3.,2.24008082292429));
#7243=CARTESIAN_POINT('Origin',(-82.1647827906002,30.5,15.));
#7244=CARTESIAN_POINT('',(-82.1647827906002,3.,16.));
#7245=CARTESIAN_POINT('Origin',(-82.1647827906002,3.,15.));
#7246=CARTESIAN_POINT('',(-82.1647827906002,30.5,16.));
#7247=CARTESIAN_POINT('Origin',(-60.,29.,16.));
#7248=CARTESIAN_POINT('',(-67.8352172093998,29.,16.));
#7249=CARTESIAN_POINT('',(-67.8352172093998,30.5,16.));
#7250=CARTESIAN_POINT('',(-60.,29.,16.));
#7251=CARTESIAN_POINT('',(-60.,29.,16.));
#7252=CARTESIAN_POINT('',(-60.,3.,16.));
#7253=CARTESIAN_POINT('',(-60.,14.5,16.));
#7254=CARTESIAN_POINT('',(-67.8352172093998,3.,16.));
#7255=CARTESIAN_POINT('',(-60.,3.,16.));
#7256=CARTESIAN_POINT('',(-67.8352172093998,30.5,16.));
#7257=CARTESIAN_POINT('',(-77.,3.,16.));
#7258=CARTESIAN_POINT('',(-63.,3.,16.));
#7259=CARTESIAN_POINT('',(-76.,4.,16.));
#7260=CARTESIAN_POINT('Origin',(-77.,4.,16.));
#7261=CARTESIAN_POINT('',(-76.,6.5,16.));
#7262=CARTESIAN_POINT('',(-76.,3.,16.));
#7263=CARTESIAN_POINT('',(-65.,6.5,16.));
#7264=CARTESIAN_POINT('',(-65.,6.5,16.));
#7265=CARTESIAN_POINT('',(-65.,25.5,16.));
#7266=CARTESIAN_POINT('',(-65.,29.,16.));
#7267=CARTESIAN_POINT('',(-76.,25.5,16.));
#7268=CARTESIAN_POINT('',(-65.,25.5,16.));
#7269=CARTESIAN_POINT('',(-76.,28.,16.));
#7270=CARTESIAN_POINT('',(-76.,29.,16.));
#7271=CARTESIAN_POINT('',(-77.,29.,16.));
#7272=CARTESIAN_POINT('Origin',(-77.,28.,16.));
#7273=CARTESIAN_POINT('',(-63.,29.,16.));
#7274=CARTESIAN_POINT('',(-64.,5.5,16.));
#7275=CARTESIAN_POINT('Origin',(-63.,5.5,16.));
#7276=CARTESIAN_POINT('',(-64.,26.5,16.));
#7277=CARTESIAN_POINT('Origin',(-63.,26.5,16.));
#7278=CARTESIAN_POINT('Origin',(-67.8352172093998,30.5,15.));
#7279=CARTESIAN_POINT('',(-66.9949205611755,3.,14.4578731301779));
#7280=CARTESIAN_POINT('Origin',(-67.8352172093998,3.,15.));
#7281=CARTESIAN_POINT('',(-66.9949205611755,30.5,14.4578731301779));
#7282=CARTESIAN_POINT('Origin',(-75.,32.,2.04999999999998));
#7283=CARTESIAN_POINT('',(-69.1627479794269,3.,11.0977406318883));
#7284=CARTESIAN_POINT('Origin',(-67.8352172093998,30.5,15.));
#7285=CARTESIAN_POINT('',(-66.9949205611755,29.,14.4578731301779));
#7286=CARTESIAN_POINT('Origin',(-67.8352172093998,29.,15.));
#7287=CARTESIAN_POINT('',(-66.9949205611755,30.5,14.4578731301779));
#7288=CARTESIAN_POINT('Origin',(-65.,32.,10.6054133254303));
#7289=CARTESIAN_POINT('',(-64.,29.,10.6054133254303));
#7290=CARTESIAN_POINT('',(-64.,32.,10.6054133254303));
#7291=CARTESIAN_POINT('Origin',(-65.,29.,10.6054133254303));
#7292=CARTESIAN_POINT('Origin',(-64.,32.,-15.));
#7293=CARTESIAN_POINT('',(-64.,29.,-11.6054133254303));
#7294=CARTESIAN_POINT('',(-64.,32.,-11.6054133254303));
#7295=CARTESIAN_POINT('',(-64.,29.,-16.));
#7296=CARTESIAN_POINT('Origin',(-65.,32.,-11.6054133254303));
#7297=CARTESIAN_POINT('',(-65.8402966482242,29.,-12.1475401952524));
#7298=CARTESIAN_POINT('',(-65.8402966482242,32.,-12.1475401952524));
#7299=CARTESIAN_POINT('Origin',(-65.,29.,-11.6054133254303));
#7300=CARTESIAN_POINT('Origin',(-73.3548387096774,32.,-0.499999999999996));
#7301=CARTESIAN_POINT('',(-67.6340688772487,29.,-9.36719324026451));
#7302=CARTESIAN_POINT('Origin',(-67.8352172093998,27.5,-16.));
#7303=CARTESIAN_POINT('',(-67.8352172093998,29.,-17.));
#7304=CARTESIAN_POINT('Origin',(-67.8352172093998,29.,-16.));
#7305=CARTESIAN_POINT('',(-67.8352172093998,27.5,-17.));
#7306=CARTESIAN_POINT('Origin',(-67.8352172093998,17.5,-16.));
#7307=CARTESIAN_POINT('',(-67.8352172093998,3.,-17.));
#7308=CARTESIAN_POINT('Origin',(-67.8352172093998,3.,-16.));
#7309=CARTESIAN_POINT('',(-67.8352172093998,17.5,-17.));
#7310=CARTESIAN_POINT('Origin',(-60.,3.,-17.));
#7311=CARTESIAN_POINT('',(-60.,3.,-17.));
#7312=CARTESIAN_POINT('',(-60.,3.,-17.));
#7313=CARTESIAN_POINT('',(-60.,9.,-17.));
#7314=CARTESIAN_POINT('',(-60.,1.5,-17.));
#7315=CARTESIAN_POINT('',(-76.,9.,-17.));
#7316=CARTESIAN_POINT('',(-60.,9.,-17.));
#7317=CARTESIAN_POINT('',(-76.,4.,-17.));
#7318=CARTESIAN_POINT('',(-76.,3.,-17.));
#7319=CARTESIAN_POINT('',(-77.,3.,-17.));
#7320=CARTESIAN_POINT('Origin',(-77.,4.,-17.));
#7321=CARTESIAN_POINT('',(-72.,3.,-17.));
#7322=CARTESIAN_POINT('',(-64.,5.5,-17.));
#7323=CARTESIAN_POINT('Origin',(-63.,5.5,-17.));
#7324=CARTESIAN_POINT('Origin',(-75.,32.,2.04999999999998));
#7325=CARTESIAN_POINT('',(-77.1348273328435,29.,-1.25898236590745));
#7326=CARTESIAN_POINT('Origin',(-60.,3.,18.));
#7327=CARTESIAN_POINT('',(-77.,3.,9.));
#7328=CARTESIAN_POINT('',(-85.,3.,-17.));
#7329=CARTESIAN_POINT('',(-85.,3.,-1.625));
#7330=CARTESIAN_POINT('',(-90.,3.,-17.));
#7331=CARTESIAN_POINT('',(-74.,3.,-17.));
#7332=CARTESIAN_POINT('',(-90.,3.,18.));
#7333=CARTESIAN_POINT('',(-90.,3.,21.25));
#7334=CARTESIAN_POINT('',(-85.,3.,18.));
#7335=CARTESIAN_POINT('',(-74.,3.,18.));
#7336=CARTESIAN_POINT('',(-85.,3.,19.625));
#7337=CARTESIAN_POINT('',(-77.,3.,9.));
#7338=CARTESIAN_POINT('',(-60.,3.,-1.625));
#7339=CARTESIAN_POINT('Origin',(-60.,29.,-17.));
#7340=CARTESIAN_POINT('',(-77.,29.,-17.));
#7341=CARTESIAN_POINT('',(-72.,29.,-17.));
#7342=CARTESIAN_POINT('',(-60.,29.,-17.));
#7343=CARTESIAN_POINT('',(-60.,29.,-17.));
#7344=CARTESIAN_POINT('',(-60.,29.,-19.125));
#7345=CARTESIAN_POINT('',(-77.,29.,-8.5));
#7346=CARTESIAN_POINT('',(-85.,29.,18.));
#7347=CARTESIAN_POINT('',(-85.,29.,2.125));
#7348=CARTESIAN_POINT('',(-90.,29.,18.));
#7349=CARTESIAN_POINT('',(-74.,29.,18.));
#7350=CARTESIAN_POINT('',(-90.,29.,-17.));
#7351=CARTESIAN_POINT('',(-90.,29.,21.25));
#7352=CARTESIAN_POINT('',(-85.,29.,-17.));
#7353=CARTESIAN_POINT('',(-74.,29.,-17.));
#7354=CARTESIAN_POINT('',(-85.,29.,-19.125));
#7355=CARTESIAN_POINT('',(-77.,29.,-8.5));
#7356=CARTESIAN_POINT('Origin',(-37.3396411123768,27.0000001639128,2.75));
#7357=CARTESIAN_POINT('',(-37.7105293428512,10.0000003278255,3.08532360563434));
#7358=CARTESIAN_POINT('',(-37.3396411123768,10.0000003278255,3.25));
#7359=CARTESIAN_POINT('Origin',(-37.3396411123768,10.0000003278255,2.75));
#7360=CARTESIAN_POINT('',(-37.3396411123768,22.0000003278255,3.25));
#7361=CARTESIAN_POINT('',(-37.3396411123768,27.0000001639128,3.25));
#7362=CARTESIAN_POINT('',(-37.7105293428512,22.0000003278255,3.08532360563434));
#7363=CARTESIAN_POINT('Origin',(-37.3396411123768,22.0000003278255,2.75));
#7364=CARTESIAN_POINT('',(-37.7105293428512,27.0000001639128,3.08532360563434));
#7365=CARTESIAN_POINT('Origin',(60.,22.0000003278255,3.25));
#7366=CARTESIAN_POINT('',(-35.6877561478972,10.0000003278255,3.25));
#7367=CARTESIAN_POINT('',(60.,10.0000003278255,3.25));
#7368=CARTESIAN_POINT('',(-35.6877561478972,22.0000003278255,3.25));
#7369=CARTESIAN_POINT('',(-35.6877561478972,27.0000001639128,3.25));
#7370=CARTESIAN_POINT('',(60.,22.0000003278255,3.25));
#7371=CARTESIAN_POINT('Origin',(-31.0108739890891,21.0000001639128,9.75));
#7372=CARTESIAN_POINT('',(-31.3817622195635,22.0000003278255,10.0853236056343));
#7373=CARTESIAN_POINT('',(-31.0108739890891,22.0000003278255,9.25));
#7374=CARTESIAN_POINT('Origin',(-31.0108739890891,22.0000003278255,9.75));
#7375=CARTESIAN_POINT('',(-31.0108739890891,10.0000003278255,9.25));
#7376=CARTESIAN_POINT('',(-31.0108739890891,21.0000001639128,9.25));
#7377=CARTESIAN_POINT('',(-31.3817622195635,10.0000003278255,10.0853236056343));
#7378=CARTESIAN_POINT('Origin',(-31.0108739890891,10.0000003278255,9.75));
#7379=CARTESIAN_POINT('',(-31.3817622195635,21.0000001639128,10.0853236056343));
#7380=CARTESIAN_POINT('Origin',(60.,10.0000003278255,9.25));
#7381=CARTESIAN_POINT('',(-29.3589890246095,22.0000003278255,9.25));
#7382=CARTESIAN_POINT('',(60.,22.0000003278255,9.25));
#7383=CARTESIAN_POINT('',(-29.3589890246095,10.0000003278255,9.25));
#7384=CARTESIAN_POINT('',(-29.3589890246095,21.0000001639128,9.25));
#7385=CARTESIAN_POINT('',(60.,10.0000003278255,9.25));
#7386=CARTESIAN_POINT('Origin',(-35.6877561478972,27.0000001639128,2.75));
#7387=CARTESIAN_POINT('',(-35.3168679174228,22.0000003278255,2.41467639436567));
#7388=CARTESIAN_POINT('Origin',(-35.6877561478972,22.0000003278255,2.75));
#7389=CARTESIAN_POINT('',(-35.3168679174228,10.0000003278255,2.41467639436567));
#7390=CARTESIAN_POINT('Origin',(-35.6877561478972,10.0000003278255,2.75));
#7391=CARTESIAN_POINT('',(-35.3168679174228,27.0000001639128,2.41467639436567));
#7392=CARTESIAN_POINT('Origin',(-29.3589890246095,21.0000001639128,9.75));
#7393=CARTESIAN_POINT('',(-28.9881007941352,10.0000003278255,9.41467639436567));
#7394=CARTESIAN_POINT('Origin',(-29.3589890246095,10.0000003278255,9.75));
#7395=CARTESIAN_POINT('',(-28.9881007941352,22.0000003278255,9.41467639436567));
#7396=CARTESIAN_POINT('Origin',(-29.3589890246095,22.0000003278255,9.75));
#7397=CARTESIAN_POINT('',(-28.9881007941352,21.0000001639128,9.41467639436567));
#7398=CARTESIAN_POINT('Origin',(-20.5,21.0000001639128,9.75));
#7399=CARTESIAN_POINT('',(-21.,22.0000003278255,9.75));
#7400=CARTESIAN_POINT('',(-20.5,22.0000003278255,9.25));
#7401=CARTESIAN_POINT('Origin',(-20.5,22.0000003278255,9.75));
#7402=CARTESIAN_POINT('',(-20.5,10.0000003278255,9.25));
#7403=CARTESIAN_POINT('',(-20.5,21.0000001639128,9.25));
#7404=CARTESIAN_POINT('',(-21.,10.0000003278255,9.75));
#7405=CARTESIAN_POINT('Origin',(-20.5,10.0000003278255,9.75));
#7406=CARTESIAN_POINT('',(-21.,21.0000001639128,9.75));
#7407=CARTESIAN_POINT('Origin',(60.,10.0000003278255,9.25));
#7408=CARTESIAN_POINT('',(-18.5,22.0000003278255,9.25));
#7409=CARTESIAN_POINT('',(60.,22.0000003278255,9.25));
#7410=CARTESIAN_POINT('',(-18.5,10.0000003278255,9.25));
#7411=CARTESIAN_POINT('',(-18.5,21.0000001639128,9.25));
#7412=CARTESIAN_POINT('',(60.,10.0000003278255,9.25));
#7413=CARTESIAN_POINT('Origin',(-20.5,27.0000001639128,2.75));
#7414=CARTESIAN_POINT('',(-21.,10.0000003278255,2.75));
#7415=CARTESIAN_POINT('',(-20.5,10.0000003278255,3.25));
#7416=CARTESIAN_POINT('Origin',(-20.5,10.0000003278255,2.75));
#7417=CARTESIAN_POINT('',(-20.5,22.0000003278255,3.25));
#7418=CARTESIAN_POINT('',(-20.5,27.0000001639128,3.25));
#7419=CARTESIAN_POINT('',(-21.,22.0000003278255,2.75));
#7420=CARTESIAN_POINT('Origin',(-20.5,22.0000003278255,2.75));
#7421=CARTESIAN_POINT('',(-21.,27.0000001639128,2.75));
#7422=CARTESIAN_POINT('Origin',(60.,22.0000003278255,3.25));
#7423=CARTESIAN_POINT('',(-18.5,10.0000003278255,3.25));
#7424=CARTESIAN_POINT('',(60.,10.0000003278255,3.25));
#7425=CARTESIAN_POINT('',(-18.5,22.0000003278255,3.25));
#7426=CARTESIAN_POINT('',(-18.5,27.0000001639128,3.25));
#7427=CARTESIAN_POINT('',(60.,22.0000003278255,3.25));
#7428=CARTESIAN_POINT('Origin',(-18.5,21.0000001639128,9.75));
#7429=CARTESIAN_POINT('',(-18.,10.0000003278255,9.75));
#7430=CARTESIAN_POINT('Origin',(-18.5,10.0000003278255,9.75));
#7431=CARTESIAN_POINT('',(-18.,22.0000003278255,9.75));
#7432=CARTESIAN_POINT('Origin',(-18.5,22.0000003278255,9.75));
#7433=CARTESIAN_POINT('',(-18.,21.0000001639128,9.75));
#7434=CARTESIAN_POINT('Origin',(-18.5,27.0000001639128,2.74999999999999));
#7435=CARTESIAN_POINT('',(-18.,22.0000003278255,2.74999999999999));
#7436=CARTESIAN_POINT('Origin',(-18.5,22.0000003278255,2.74999999999999));
#7437=CARTESIAN_POINT('',(-18.,10.0000003278255,2.74999999999999));
#7438=CARTESIAN_POINT('Origin',(-18.5,10.0000003278255,2.74999999999999));
#7439=CARTESIAN_POINT('',(-18.,27.0000001639128,2.74999999999999));
#7440=CARTESIAN_POINT('Origin',(9.6410109753905,21.0000001639128,9.75));
#7441=CARTESIAN_POINT('',(10.0118992058648,10.0000003278255,9.41467639436566));
#7442=CARTESIAN_POINT('',(9.6410109753905,10.0000003278255,9.25));
#7443=CARTESIAN_POINT('Origin',(9.6410109753905,10.0000003278255,9.75));
#7444=CARTESIAN_POINT('',(9.6410109753905,22.0000003278255,9.25));
#7445=CARTESIAN_POINT('',(9.6410109753905,21.0000001639128,9.25));
#7446=CARTESIAN_POINT('',(10.0118992058648,22.0000003278255,9.41467639436566));
#7447=CARTESIAN_POINT('Origin',(9.6410109753905,22.0000003278255,9.75));
#7448=CARTESIAN_POINT('',(10.0118992058648,21.0000001639128,9.41467639436566));
#7449=CARTESIAN_POINT('Origin',(60.,10.0000003278255,9.25));
#7450=CARTESIAN_POINT('',(7.98912601091085,10.0000003278255,9.25));
#7451=CARTESIAN_POINT('',(60.,10.0000003278255,9.25));
#7452=CARTESIAN_POINT('',(7.98912601091085,22.0000003278255,9.25));
#7453=CARTESIAN_POINT('',(7.98912601091085,21.0000001639128,9.25));
#7454=CARTESIAN_POINT('',(60.,22.0000003278255,9.25));
#7455=CARTESIAN_POINT('Origin',(3.31224385210282,27.0000001639128,2.74999999999999));
#7456=CARTESIAN_POINT('',(3.68313208257716,22.0000003278255,2.41467639436566));
#7457=CARTESIAN_POINT('',(3.31224385210282,22.0000003278255,3.25));
#7458=CARTESIAN_POINT('Origin',(3.31224385210282,22.0000003278255,2.74999999999999));
#7459=CARTESIAN_POINT('',(3.31224385210282,10.0000003278255,3.25));
#7460=CARTESIAN_POINT('',(3.31224385210282,27.0000001639128,3.25));
#7461=CARTESIAN_POINT('',(3.68313208257716,10.0000003278255,2.41467639436566));
#7462=CARTESIAN_POINT('Origin',(3.31224385210282,10.0000003278255,2.74999999999999));
#7463=CARTESIAN_POINT('',(3.68313208257716,27.0000001639128,2.41467639436566));
#7464=CARTESIAN_POINT('Origin',(60.,22.0000003278255,3.25));
#7465=CARTESIAN_POINT('',(1.66035888762317,22.0000003278255,3.25));
#7466=CARTESIAN_POINT('',(60.,22.0000003278255,3.25));
#7467=CARTESIAN_POINT('',(1.66035888762317,10.0000003278255,3.25));
#7468=CARTESIAN_POINT('',(1.66035888762317,27.0000001639128,3.25));
#7469=CARTESIAN_POINT('',(60.,10.0000003278255,3.25));
#7470=CARTESIAN_POINT('Origin',(1.66035888762317,27.0000001639128,2.75));
#7471=CARTESIAN_POINT('',(1.28947065714883,10.0000003278255,3.08532360563433));
#7472=CARTESIAN_POINT('Origin',(1.66035888762317,10.0000003278255,2.75));
#7473=CARTESIAN_POINT('',(1.28947065714883,22.0000003278255,3.08532360563433));
#7474=CARTESIAN_POINT('Origin',(1.66035888762317,22.0000003278255,2.75));
#7475=CARTESIAN_POINT('',(1.28947065714883,27.0000001639128,3.08532360563433));
#7476=CARTESIAN_POINT('Origin',(7.98912601091085,21.0000001639128,9.75));
#7477=CARTESIAN_POINT('',(7.61823778043651,22.0000003278255,10.0853236056343));
#7478=CARTESIAN_POINT('Origin',(7.98912601091085,22.0000003278255,9.75));
#7479=CARTESIAN_POINT('',(7.61823778043651,10.0000003278255,10.0853236056343));
#7480=CARTESIAN_POINT('Origin',(7.98912601091085,10.0000003278255,9.75));
#7481=CARTESIAN_POINT('',(7.61823778043651,21.0000001639128,10.0853236056343));
#7482=CARTESIAN_POINT('Origin',(18.5,27.0000001639128,2.75));
#7483=CARTESIAN_POINT('',(18.,10.0000003278255,2.75));
#7484=CARTESIAN_POINT('',(18.5,10.0000003278255,3.25));
#7485=CARTESIAN_POINT('Origin',(18.5,10.0000003278255,2.75));
#7486=CARTESIAN_POINT('',(18.5,22.0000003278255,3.25));
#7487=CARTESIAN_POINT('',(18.5,27.0000001639128,3.25));
#7488=CARTESIAN_POINT('',(18.,22.0000003278255,2.75));
#7489=CARTESIAN_POINT('Origin',(18.5,22.0000003278255,2.75));
#7490=CARTESIAN_POINT('',(18.,27.0000001639128,2.75));
#7491=CARTESIAN_POINT('Origin',(60.,22.0000003278255,3.25));
#7492=CARTESIAN_POINT('',(20.5,10.0000003278255,3.25));
#7493=CARTESIAN_POINT('',(60.,10.0000003278255,3.25));
#7494=CARTESIAN_POINT('',(20.5,22.0000003278255,3.25));
#7495=CARTESIAN_POINT('',(20.5,27.0000001639128,3.25));
#7496=CARTESIAN_POINT('',(60.,22.0000003278255,3.25));
#7497=CARTESIAN_POINT('Origin',(18.5,21.0000001639128,9.75));
#7498=CARTESIAN_POINT('',(18.,22.0000003278255,9.75));
#7499=CARTESIAN_POINT('',(18.5,22.0000003278255,9.25));
#7500=CARTESIAN_POINT('Origin',(18.5,22.0000003278255,9.75));
#7501=CARTESIAN_POINT('',(18.5,10.0000003278255,9.25));
#7502=CARTESIAN_POINT('',(18.5,21.0000001639128,9.25));
#7503=CARTESIAN_POINT('',(18.,10.0000003278255,9.75));
#7504=CARTESIAN_POINT('Origin',(18.5,10.0000003278255,9.75));
#7505=CARTESIAN_POINT('',(18.,21.0000001639128,9.75));
#7506=CARTESIAN_POINT('Origin',(60.,10.0000003278255,9.25));
#7507=CARTESIAN_POINT('',(20.5,22.0000003278255,9.25));
#7508=CARTESIAN_POINT('',(60.,22.0000003278255,9.25));
#7509=CARTESIAN_POINT('',(20.5,10.0000003278255,9.25));
#7510=CARTESIAN_POINT('',(20.5,21.0000001639128,9.25));
#7511=CARTESIAN_POINT('',(60.,10.0000003278255,9.25));
#7512=CARTESIAN_POINT('Origin',(57.5,21.0000001639128,9.75));
#7513=CARTESIAN_POINT('',(57.,22.0000003278255,9.75));
#7514=CARTESIAN_POINT('',(57.5,22.0000003278255,9.25));
#7515=CARTESIAN_POINT('Origin',(57.5,22.0000003278255,9.75));
#7516=CARTESIAN_POINT('',(57.5,10.0000003278255,9.25));
#7517=CARTESIAN_POINT('',(57.5,21.0000001639128,9.25));
#7518=CARTESIAN_POINT('',(57.,10.0000003278255,9.75));
#7519=CARTESIAN_POINT('Origin',(57.5,10.0000003278255,9.75));
#7520=CARTESIAN_POINT('',(57.,21.0000001639128,9.75));
#7521=CARTESIAN_POINT('Origin',(60.,10.0000003278255,9.25));
#7522=CARTESIAN_POINT('',(59.5,22.0000003278255,9.25));
#7523=CARTESIAN_POINT('',(60.,22.0000003278255,9.25));
#7524=CARTESIAN_POINT('',(59.5,10.0000003278255,9.25));
#7525=CARTESIAN_POINT('',(59.5,5.00000016391277,9.25));
#7526=CARTESIAN_POINT('',(60.,10.0000003278255,9.25));
#7527=CARTESIAN_POINT('Origin',(57.5,27.0000001639128,2.75));
#7528=CARTESIAN_POINT('',(57.,10.0000003278255,2.75));
#7529=CARTESIAN_POINT('',(57.5,10.0000003278255,3.25));
#7530=CARTESIAN_POINT('Origin',(57.5,10.0000003278255,2.75));
#7531=CARTESIAN_POINT('',(57.5,22.0000003278255,3.25));
#7532=CARTESIAN_POINT('',(57.5,27.0000001639128,3.25));
#7533=CARTESIAN_POINT('',(57.,22.0000003278255,2.75));
#7534=CARTESIAN_POINT('Origin',(57.5,22.0000003278255,2.75));
#7535=CARTESIAN_POINT('',(57.,27.0000001639128,2.75));
#7536=CARTESIAN_POINT('Origin',(60.,22.0000003278255,3.25));
#7537=CARTESIAN_POINT('',(59.5,10.0000003278255,3.25));
#7538=CARTESIAN_POINT('',(60.,10.0000003278255,3.25));
#7539=CARTESIAN_POINT('',(59.5,22.0000003278255,3.25));
#7540=CARTESIAN_POINT('',(59.5,11.0000001639128,3.25));
#7541=CARTESIAN_POINT('',(60.,22.0000003278255,3.25));
#7542=CARTESIAN_POINT('Origin',(59.5,5.00000016391277,9.75));
#7543=CARTESIAN_POINT('',(60.,10.0000003278255,9.75));
#7544=CARTESIAN_POINT('Origin',(59.5,10.0000003278255,9.75));
#7545=CARTESIAN_POINT('',(60.,22.0000003278255,9.75));
#7546=CARTESIAN_POINT('Origin',(59.5,22.0000003278255,9.75));
#7547=CARTESIAN_POINT('',(60.,5.00000016391277,9.75));
#7548=CARTESIAN_POINT('Origin',(59.5,11.0000001639128,2.74999999999999));
#7549=CARTESIAN_POINT('',(60.,22.0000003278255,2.74999999999999));
#7550=CARTESIAN_POINT('Origin',(59.5,22.0000003278255,2.74999999999999));
#7551=CARTESIAN_POINT('',(60.,10.0000003278255,2.74999999999999));
#7552=CARTESIAN_POINT('Origin',(59.5,10.0000003278255,2.74999999999999));
#7553=CARTESIAN_POINT('',(60.,11.0000001639128,2.74999999999999));
#7554=CARTESIAN_POINT('Origin',(42.3122438521028,27.0000001639128,2.74999999999999));
#7555=CARTESIAN_POINT('',(42.6831320825772,22.0000003278255,2.41467639436566));
#7556=CARTESIAN_POINT('',(42.3122438521028,22.0000003278255,3.25));
#7557=CARTESIAN_POINT('Origin',(42.3122438521028,22.0000003278255,2.74999999999999));
#7558=CARTESIAN_POINT('',(42.3122438521028,10.0000003278255,3.25));
#7559=CARTESIAN_POINT('',(42.3122438521028,27.0000001639128,3.25));
#7560=CARTESIAN_POINT('',(42.6831320825772,10.0000003278255,2.41467639436566));
#7561=CARTESIAN_POINT('Origin',(42.3122438521028,10.0000003278255,2.74999999999999));
#7562=CARTESIAN_POINT('',(42.6831320825772,27.0000001639128,2.41467639436566));
#7563=CARTESIAN_POINT('Origin',(60.,22.0000003278255,3.25));
#7564=CARTESIAN_POINT('',(40.6603588876232,22.0000003278255,3.25));
#7565=CARTESIAN_POINT('',(60.,22.0000003278255,3.25));
#7566=CARTESIAN_POINT('',(40.6603588876232,10.0000003278255,3.25));
#7567=CARTESIAN_POINT('',(40.6603588876232,27.0000001639128,3.25));
#7568=CARTESIAN_POINT('',(60.,10.0000003278255,3.25));
#7569=CARTESIAN_POINT('Origin',(48.6410109753905,21.0000001639128,9.74999999999999));
#7570=CARTESIAN_POINT('',(49.0118992058648,10.0000003278255,9.41467639436566));
#7571=CARTESIAN_POINT('',(48.6410109753905,10.0000003278255,9.25));
#7572=CARTESIAN_POINT('Origin',(48.6410109753905,10.0000003278255,9.74999999999999));
#7573=CARTESIAN_POINT('',(48.6410109753905,22.0000003278255,9.25));
#7574=CARTESIAN_POINT('',(48.6410109753905,21.0000001639128,9.25));
#7575=CARTESIAN_POINT('',(49.0118992058648,22.0000003278255,9.41467639436566));
#7576=CARTESIAN_POINT('Origin',(48.6410109753905,22.0000003278255,9.74999999999999));
#7577=CARTESIAN_POINT('',(49.0118992058648,21.0000001639128,9.41467639436566));
#7578=CARTESIAN_POINT('Origin',(60.,10.0000003278255,9.25));
#7579=CARTESIAN_POINT('',(46.9891260109109,10.0000003278255,9.25));
#7580=CARTESIAN_POINT('',(60.,10.0000003278255,9.25));
#7581=CARTESIAN_POINT('',(46.9891260109109,22.0000003278255,9.25));
#7582=CARTESIAN_POINT('',(46.9891260109109,21.0000001639128,9.25));
#7583=CARTESIAN_POINT('',(60.,22.0000003278255,9.25));
#7584=CARTESIAN_POINT('Origin',(46.9891260109109,21.0000001639128,9.74999999999999));
#7585=CARTESIAN_POINT('',(46.6182377804365,22.0000003278255,10.0853236056343));
#7586=CARTESIAN_POINT('Origin',(46.9891260109109,22.0000003278255,9.74999999999999));
#7587=CARTESIAN_POINT('',(46.6182377804365,10.0000003278255,10.0853236056343));
#7588=CARTESIAN_POINT('Origin',(46.9891260109109,10.0000003278255,9.74999999999999));
#7589=CARTESIAN_POINT('',(46.6182377804365,21.0000001639128,10.0853236056343));
#7590=CARTESIAN_POINT('Origin',(40.6603588876232,27.0000001639128,2.75));
#7591=CARTESIAN_POINT('',(40.2894706571488,10.0000003278255,3.08532360563433));
#7592=CARTESIAN_POINT('Origin',(40.6603588876232,10.0000003278255,2.75));
#7593=CARTESIAN_POINT('',(40.2894706571488,22.0000003278255,3.08532360563433));
#7594=CARTESIAN_POINT('Origin',(40.6603588876232,22.0000003278255,2.75));
#7595=CARTESIAN_POINT('',(40.2894706571488,27.0000001639128,3.08532360563433));
#7596=CARTESIAN_POINT('Origin',(20.5,21.0000001639128,9.75));
#7597=CARTESIAN_POINT('',(21.,10.0000003278255,9.75));
#7598=CARTESIAN_POINT('Origin',(20.5,10.0000003278255,9.75));
#7599=CARTESIAN_POINT('',(21.,22.0000003278255,9.75));
#7600=CARTESIAN_POINT('Origin',(20.5,22.0000003278255,9.75));
#7601=CARTESIAN_POINT('',(21.,21.0000001639128,9.75));
#7602=CARTESIAN_POINT('Origin',(20.5,27.0000001639128,2.74999999999999));
#7603=CARTESIAN_POINT('',(21.,22.0000003278255,2.74999999999999));
#7604=CARTESIAN_POINT('Origin',(20.5,22.0000003278255,2.74999999999999));
#7605=CARTESIAN_POINT('',(21.,10.0000003278255,2.74999999999999));
#7606=CARTESIAN_POINT('Origin',(20.5,10.0000003278255,2.74999999999999));
#7607=CARTESIAN_POINT('',(21.,27.0000001639128,2.74999999999999));
#7608=CARTESIAN_POINT('Origin',(-59.5343754830095,10.,1.5));
#7609=CARTESIAN_POINT('',(-54.771543997602,1.20708033463225,-15.7851926034083));
#7610=CARTESIAN_POINT('',(-54.771543997602,1.20708033463226,1.5));
#7611=CARTESIAN_POINT('',(-55.2582235390513,0.960391349611279,-16.323489671981));
#7612=CARTESIAN_POINT('Origin',(-59.5343754830095,10.,-21.0531728827226));
#7613=CARTESIAN_POINT('',(-57.,0.326482495435267,-15.6528424607123));
#7614=CARTESIAN_POINT('Ctrl Pts',(-55.2582235390513,0.960391349611279,-16.323489671981));
#7615=CARTESIAN_POINT('Ctrl Pts',(-55.2656863195176,0.956861110147117,-16.3317439594664));
#7616=CARTESIAN_POINT('Ctrl Pts',(-55.2732340217183,0.953302023462396,-16.3398150756245));
#7617=CARTESIAN_POINT('Ctrl Pts',(-55.3713750793373,0.907176875555384,-16.441387311505));
#7618=CARTESIAN_POINT('Ctrl Pts',(-55.4856027225497,0.855278354161962,-16.5210809758089));
#7619=CARTESIAN_POINT('Ctrl Pts',(-55.7357827389578,0.748557517449699,-16.6268198397085));
#7620=CARTESIAN_POINT('Ctrl Pts',(-55.8717965781207,0.693856967486746,-16.6528424607123));
#7621=CARTESIAN_POINT('Ctrl Pts',(-56.1227162857137,0.599053743148132,-16.6528424607123));
#7622=CARTESIAN_POINT('Ctrl Pts',(-56.2553005946407,0.552006383015367,-16.6288562419377));
#7623=CARTESIAN_POINT('Ctrl Pts',(-56.5021286727123,0.469921575390232,-16.5278556660426));
#7624=CARTESIAN_POINT('Ctrl Pts',(-56.6162977160914,0.434761641097232,-16.4507583069941));
#7625=CARTESIAN_POINT('Ctrl Pts',(-56.794751459465,0.382161928530864,-16.2723045636205));
#7626=CARTESIAN_POINT('Ctrl Pts',(-56.8718135112304,0.360830426274964,-16.1605397144025));
#7627=CARTESIAN_POINT('Ctrl Pts',(-56.9744505611304,0.333066117937607,-15.9141113799519));
#7628=CARTESIAN_POINT('Ctrl Pts',(-57.,0.326482495435266,-15.7794542651146));
#7629=CARTESIAN_POINT('Ctrl Pts',(-57.,0.326482495435266,-15.6528424607123));
#7630=CARTESIAN_POINT('',(-57.,0.326482495435267,17.25));
#7631=CARTESIAN_POINT('',(-57.,0.326482495435267,1.5));
#7632=CARTESIAN_POINT('',(-56.,0.645418772328645,18.25));
#7633=CARTESIAN_POINT('Ctrl Pts',(-57.,0.326482495435266,17.25));
#7634=CARTESIAN_POINT('Ctrl Pts',(-57.,0.326482495435266,17.3750322846979));
#7635=CARTESIAN_POINT('Ctrl Pts',(-56.9750790343588,0.332906263783628,17.5081256201169));
#7636=CARTESIAN_POINT('Ctrl Pts',(-56.8747633274215,0.360022674540468,17.7521922322074));
#7637=CARTESIAN_POINT('Ctrl Pts',(-56.7993944320657,0.38085893261365,17.8631601541189));
#7638=CARTESIAN_POINT('Ctrl Pts',(-56.6225105422883,0.432865740958731,18.0433403078848));
#7639=CARTESIAN_POINT('Ctrl Pts',(-56.5074963572884,0.468198516842541,18.1221464516971));
#7640=CARTESIAN_POINT('Ctrl Pts',(-56.2582989275697,0.550949297828113,18.2254350977044));
#7641=CARTESIAN_POINT('Ctrl Pts',(-56.1241925894402,0.598495961717895,18.25));
#7642=CARTESIAN_POINT('Ctrl Pts',(-56.,0.645418772328644,18.25));
#7643=CARTESIAN_POINT('',(-54.771543997602,1.20708033463226,18.25));
#7644=CARTESIAN_POINT('Origin',(-59.5343754830095,10.,18.25));
#7645=CARTESIAN_POINT('',(-54.771543997602,1.20708033463226,1.5));
#7646=CARTESIAN_POINT('Origin',(-57.,32.,-18.25));
#7647=CARTESIAN_POINT('',(-47.228456002398,5.29291966536774,-7.44208012386447));
#7648=CARTESIAN_POINT('',(-44.8767908146104,6.56673830875268,-4.8409959010085));
#7649=CARTESIAN_POINT('',(-42.4656245169905,6.5,-2.17409984455009));
#7650=CARTESIAN_POINT('Origin',(-42.4656245169905,-3.5,-2.17409984455009));
#7651=CARTESIAN_POINT('',(-25.5104481636128,6.5,16.5793527887313));
#7652=CARTESIAN_POINT('',(-44.4763551884357,6.5,-4.39808982963346));
#7653=CARTESIAN_POINT('',(-25.5104481636128,25.5,16.5793527887313));
#7654=CARTESIAN_POINT('',(-25.5104481636128,32.,16.5793527887313));
#7655=CARTESIAN_POINT('',(-42.4656245169905,25.5,-2.17409984455009));
#7656=CARTESIAN_POINT('',(-16.3658750645328,25.5,26.6938048528652));
#7657=CARTESIAN_POINT('',(-47.228456002398,26.7070803346323,-7.44208012386447));
#7658=CARTESIAN_POINT('Origin',(-42.4656245169905,35.5,-2.17409984455008));
#7659=CARTESIAN_POINT('',(-54.771543997602,30.7929196653677,-15.7851926034083));
#7660=CARTESIAN_POINT('',(-45.2368749608059,25.6283072704365,-5.23927078998227));
#7661=CARTESIAN_POINT('',(-55.2582235390513,31.0396086503887,-16.323489671981));
#7662=CARTESIAN_POINT('Origin',(-59.5343754830095,22.,-21.0531728827226));
#7663=CARTESIAN_POINT('',(-55.2582235390513,32.,-16.323489671981));
#7664=CARTESIAN_POINT('',(-23.8483737738771,22.0000003278255,18.4177077955601));
#7665=CARTESIAN_POINT('',(-25.3407847186371,10.0000003278255,16.7670108415075));
#7666=CARTESIAN_POINT('Origin',(-57.,9.4914918482753E-16,21.25));
#7667=CARTESIAN_POINT('',(-47.228456002398,5.29291966536774,-18.25));
#7668=CARTESIAN_POINT('',(-47.228456002398,5.29291966536775,21.25));
#7669=CARTESIAN_POINT('',(-51.7477753754386,2.84495500497079,-18.25));
#7670=CARTESIAN_POINT('',(-49.1395973154362,4.25771812080537,-18.25));
#7671=CARTESIAN_POINT('',(-52.4895518363872,2.44315942195692,-16.5793527887313));
#7672=CARTESIAN_POINT('Origin',(-51.7477753754386,2.84495500497079,-17.25));
#7673=CARTESIAN_POINT('',(-47.228456002398,5.29291966536774,-10.7602619420463));
#7674=CARTESIAN_POINT('',(-28.2460820140358,15.575038909064,10.2353941359907));
#7675=CARTESIAN_POINT('',(-47.228456002398,5.29291966536775,21.25));
#7676=CARTESIAN_POINT('Origin',(-42.4656245169905,-3.5,21.25));
#7677=CARTESIAN_POINT('',(-47.228456002398,5.29291966536774,18.25));
#7678=CARTESIAN_POINT('',(-42.4656245169905,6.5,18.25));
#7679=CARTESIAN_POINT('Origin',(-42.4656245169905,-3.5,18.25));
#7680=CARTESIAN_POINT('',(-42.4656245169905,6.5,21.25));
#7681=CARTESIAN_POINT('',(-47.228456002398,5.29291966536775,21.25));
#7682=CARTESIAN_POINT('Origin',(-45.,6.5,21.25));
#7683=CARTESIAN_POINT('',(-26.2522246245615,6.5,18.25));
#7684=CARTESIAN_POINT('',(-34.5,6.5,18.25));
#7685=CARTESIAN_POINT('Origin',(-26.2522246245615,6.5,17.25));
#7686=CARTESIAN_POINT('',(-42.4656245169905,6.5,-5.49228166273191));
#7687=CARTESIAN_POINT('',(-42.4656245169905,6.5,21.25));
#7688=CARTESIAN_POINT('',(-22.7417764609487,6.5,16.323489671981));
#7689=CARTESIAN_POINT('',(-25.6510067114094,6.5,13.1057046979866));
#7690=CARTESIAN_POINT('',(-21.,6.5,15.6528424607123));
#7691=CARTESIAN_POINT('Origin',(-22.,6.5,15.6528424607123));
#7692=CARTESIAN_POINT('',(-21.,6.5,-17.25));
#7693=CARTESIAN_POINT('',(-21.,6.5,1.5));
#7694=CARTESIAN_POINT('',(-22.,6.5,-18.25));
#7695=CARTESIAN_POINT('Origin',(-22.,6.5,-17.25));
#7696=CARTESIAN_POINT('',(-42.4656245169905,6.5,-18.25));
#7697=CARTESIAN_POINT('',(-49.5,6.5,-18.25));
#7698=CARTESIAN_POINT('',(-42.4656245169905,6.5,21.25));
#7699=CARTESIAN_POINT('',(80.,6.5,-18.25));
#7700=CARTESIAN_POINT('',(80.,6.5,21.25));
#7701=CARTESIAN_POINT('',(64.,6.5,-18.25));
#7702=CARTESIAN_POINT('',(7.49999999999999,6.5,-18.25));
#7703=CARTESIAN_POINT('',(60.,6.5,-14.25));
#7704=CARTESIAN_POINT('Origin',(64.,6.5,-14.25));
#7705=CARTESIAN_POINT('',(60.,6.5,14.25));
#7706=CARTESIAN_POINT('',(60.,6.5,21.25));
#7707=CARTESIAN_POINT('',(64.,6.5,18.25));
#7708=CARTESIAN_POINT('Origin',(64.,6.5,14.25));
#7709=CARTESIAN_POINT('',(80.,6.5,18.25));
#7710=CARTESIAN_POINT('',(7.5,6.5,18.25));
#7711=CARTESIAN_POINT('',(80.,6.5,21.25));
#7712=CARTESIAN_POINT('',(56.,6.5,-18.25));
#7713=CARTESIAN_POINT('',(57.,6.5,-17.25));
#7714=CARTESIAN_POINT('Origin',(56.,6.5,-17.25));
#7715=CARTESIAN_POINT('',(26.2522246245615,6.5,-18.25));
#7716=CARTESIAN_POINT('',(-10.5,6.5,-18.25));
#7717=CARTESIAN_POINT('',(25.5104481636128,6.5,-16.5793527887313));
#7718=CARTESIAN_POINT('Origin',(26.2522246245615,6.5,-17.25));
#7719=CARTESIAN_POINT('',(55.2582235390513,6.5,16.323489671981));
#7720=CARTESIAN_POINT('',(34.8080536912752,6.5,-6.29563758389262));
#7721=CARTESIAN_POINT('',(57.,6.5,15.6528424607123));
#7722=CARTESIAN_POINT('Origin',(56.,6.5,15.6528424607123));
#7723=CARTESIAN_POINT('',(57.,6.5,1.5));
#7724=CARTESIAN_POINT('',(21.,6.5,-15.6528424607123));
#7725=CARTESIAN_POINT('',(22.7417764609487,6.5,-16.323489671981));
#7726=CARTESIAN_POINT('Origin',(22.,6.5,-15.6528424607123));
#7727=CARTESIAN_POINT('',(21.,6.5,17.25));
#7728=CARTESIAN_POINT('',(21.,6.5,19.75));
#7729=CARTESIAN_POINT('',(22.,6.5,18.25));
#7730=CARTESIAN_POINT('Origin',(22.,6.5,17.25));
#7731=CARTESIAN_POINT('',(51.7477753754385,6.5,18.25));
#7732=CARTESIAN_POINT('',(4.5,6.5,18.25));
#7733=CARTESIAN_POINT('',(52.4895518363872,6.5,16.5793527887313));
#7734=CARTESIAN_POINT('Origin',(51.7477753754385,6.5,17.25));
#7735=CARTESIAN_POINT('',(15.9827052142488,6.5,-23.7994321115127));
#7736=CARTESIAN_POINT('',(-13.4895518363872,6.5,-16.5793527887313));
#7737=CARTESIAN_POINT('',(-12.7477753754386,6.5,-18.25));
#7738=CARTESIAN_POINT('Origin',(-12.7477753754386,6.5,-17.25));
#7739=CARTESIAN_POINT('',(16.2582235390513,6.5,16.323489671981));
#7740=CARTESIAN_POINT('',(4.57852348993288,6.5,3.40503355704698));
#7741=CARTESIAN_POINT('',(18.,6.5,15.6528424607123));
#7742=CARTESIAN_POINT('Origin',(17.,6.5,15.6528424607123));
#7743=CARTESIAN_POINT('',(18.,6.5,-17.25));
#7744=CARTESIAN_POINT('',(18.,6.5,1.5));
#7745=CARTESIAN_POINT('',(17.,6.5,-18.25));
#7746=CARTESIAN_POINT('Origin',(17.,6.5,-17.25));
#7747=CARTESIAN_POINT('',(-30.,6.5,-18.25));
#7748=CARTESIAN_POINT('',(13.4895518363872,6.5,16.5793527887313));
#7749=CARTESIAN_POINT('',(12.7477753754385,6.5,18.25));
#7750=CARTESIAN_POINT('Origin',(12.7477753754385,6.5,17.25));
#7751=CARTESIAN_POINT('',(-16.2582235390513,6.5,-16.323489671981));
#7752=CARTESIAN_POINT('',(-14.2468249870934,6.5,-14.098760970573));
#7753=CARTESIAN_POINT('',(-18.,6.5,-15.6528424607123));
#7754=CARTESIAN_POINT('Origin',(-17.,6.5,-15.6528424607123));
#7755=CARTESIAN_POINT('',(-18.,6.5,17.25));
#7756=CARTESIAN_POINT('',(-18.,6.5,19.75));
#7757=CARTESIAN_POINT('',(-17.,6.5,18.25));
#7758=CARTESIAN_POINT('Origin',(-17.,6.5,17.25));
#7759=CARTESIAN_POINT('',(-15.,6.5,18.25));
#7760=CARTESIAN_POINT('Origin',(-42.4656245169905,-3.5,21.25));
#7761=CARTESIAN_POINT('Origin',(-42.4656245169905,-3.5,-5.49228166273191));
#7762=CARTESIAN_POINT('Origin',(-42.4656245169905,-3.5,21.25));
#7763=CARTESIAN_POINT('Origin',(-42.4656245169905,-3.5,-18.25));
#7764=CARTESIAN_POINT('Origin',(-42.4656245169905,35.5,21.25));
#7765=CARTESIAN_POINT('',(-42.4656245169905,25.5,18.25));
#7766=CARTESIAN_POINT('',(-47.228456002398,26.7070803346323,18.25));
#7767=CARTESIAN_POINT('Origin',(-42.4656245169905,35.5,18.25));
#7768=CARTESIAN_POINT('',(-47.228456002398,26.7070803346323,21.25));
#7769=CARTESIAN_POINT('',(-42.4656245169905,25.5,21.25));
#7770=CARTESIAN_POINT('Origin',(-45.,25.5,21.25));
#7771=CARTESIAN_POINT('',(-54.771543997602,30.7929196653677,18.25));
#7772=CARTESIAN_POINT('',(-38.2429530201342,21.839932885906,18.25));
#7773=CARTESIAN_POINT('',(-54.771543997602,30.7929196653677,0.));
#7774=CARTESIAN_POINT('Origin',(-42.4656245169905,35.5,21.25));
#7775=CARTESIAN_POINT('',(-42.4656245169905,25.5,-5.4922816627319));
#7776=CARTESIAN_POINT('',(-47.228456002398,26.7070803346323,-10.7602619420463));
#7777=CARTESIAN_POINT('Origin',(-42.4656245169905,35.5,-5.4922816627319));
#7778=CARTESIAN_POINT('',(-47.228456002398,26.7070803346323,21.25));
#7779=CARTESIAN_POINT('',(-42.4656245169905,25.5,21.25));
#7780=CARTESIAN_POINT('Origin',(-45.,25.5,21.25));
#7781=CARTESIAN_POINT('',(-52.4895518363872,29.5568405780431,-16.5793527887313));
#7782=CARTESIAN_POINT('',(-28.6061661602312,16.6200066701252,9.83711924701697));
#7783=CARTESIAN_POINT('',(-51.7477753754386,29.1550449950292,-18.25));
#7784=CARTESIAN_POINT('Origin',(-51.7477753754386,29.1550449950292,-17.25));
#7785=CARTESIAN_POINT('',(-47.228456002398,26.7070803346322,-18.25));
#7786=CARTESIAN_POINT('',(-49.8402684563759,28.1218120805369,-18.25));
#7787=CARTESIAN_POINT('',(-47.228456002398,26.7070803346323,21.25));
#7788=CARTESIAN_POINT('',(-54.771543997602,30.7929196653677,0.));
#7789=CARTESIAN_POINT('Origin',(-59.5343754830095,22.,0.));
#7790=CARTESIAN_POINT('',(-56.,31.3545812276714,18.25));
#7791=CARTESIAN_POINT('Origin',(-59.5343754830095,22.,18.25));
#7792=CARTESIAN_POINT('',(-57.,31.6735175045647,17.25));
#7793=CARTESIAN_POINT('Ctrl Pts',(-56.,31.3545812276714,18.25));
#7794=CARTESIAN_POINT('Ctrl Pts',(-56.1241925894402,31.4015040382821,18.25));
#7795=CARTESIAN_POINT('Ctrl Pts',(-56.2582989275697,31.4490507021719,18.2254350977044));
#7796=CARTESIAN_POINT('Ctrl Pts',(-56.5074963572884,31.5318014831575,18.1221464516971));
#7797=CARTESIAN_POINT('Ctrl Pts',(-56.6225105422883,31.5671342590413,18.0433403078848));
#7798=CARTESIAN_POINT('Ctrl Pts',(-56.7993944320657,31.6191410673864,17.8631601541189));
#7799=CARTESIAN_POINT('Ctrl Pts',(-56.8747633274215,31.6399773254595,17.7521922322074));
#7800=CARTESIAN_POINT('Ctrl Pts',(-56.9750790343588,31.6670937362164,17.5081256201169));
#7801=CARTESIAN_POINT('Ctrl Pts',(-57.,31.6735175045647,17.3750322846978));
#7802=CARTESIAN_POINT('Ctrl Pts',(-57.,31.6735175045647,17.25));
#7803=CARTESIAN_POINT('',(-57.,31.6735175045647,-15.6528424607123));
#7804=CARTESIAN_POINT('',(-57.,31.6735175045647,0.));
#7805=CARTESIAN_POINT('Ctrl Pts',(-57.,31.6735175045647,-15.6528424607123));
#7806=CARTESIAN_POINT('Ctrl Pts',(-57.,31.6735175045647,-15.7778747454102));
#7807=CARTESIAN_POINT('Ctrl Pts',(-56.9750790343588,31.6670937362164,-15.9109680808293));
#7808=CARTESIAN_POINT('Ctrl Pts',(-56.8747633274215,31.6399773254595,-16.1550346929198));
#7809=CARTESIAN_POINT('Ctrl Pts',(-56.7993944320657,31.6191410673864,-16.2660026148313));
#7810=CARTESIAN_POINT('Ctrl Pts',(-56.6225105422883,31.5671342590413,-16.4461827685972));
#7811=CARTESIAN_POINT('Ctrl Pts',(-56.5074963572884,31.5318014831575,-16.5249889124095));
#7812=CARTESIAN_POINT('Ctrl Pts',(-56.2582989275697,31.4490507021719,-16.6282775584167));
#7813=CARTESIAN_POINT('Ctrl Pts',(-56.1241925894402,31.4015040382821,-16.6528424607123));
#7814=CARTESIAN_POINT('Ctrl Pts',(-55.8717965781207,31.3061430325133,-16.6528424607123));
#7815=CARTESIAN_POINT('Ctrl Pts',(-55.7357827389578,31.2514424825503,-16.6268198397085));
#7816=CARTESIAN_POINT('Ctrl Pts',(-55.4856027225497,31.144721645838,-16.5210809758089));
#7817=CARTESIAN_POINT('Ctrl Pts',(-55.3713750793373,31.0928231244446,-16.441387311505));
#7818=CARTESIAN_POINT('Ctrl Pts',(-55.2732340217183,31.0466979765376,-16.3398150756245));
#7819=CARTESIAN_POINT('Ctrl Pts',(-55.2656863195176,31.0431388898529,-16.3317439594664));
#7820=CARTESIAN_POINT('Ctrl Pts',(-55.2582235390513,31.0396086503887,-16.323489671981));
#7821=CARTESIAN_POINT('Origin',(-42.4656245169905,35.5,21.25));
#7822=CARTESIAN_POINT('',(-42.4656245169905,25.5,-18.25));
#7823=CARTESIAN_POINT('Origin',(-42.4656245169905,35.5,-18.25));
#7824=CARTESIAN_POINT('',(-42.4656245169905,25.5,21.25));
#7825=CARTESIAN_POINT('Origin',(80.,25.5,21.25));
#7826=CARTESIAN_POINT('',(80.,25.5,18.25));
#7827=CARTESIAN_POINT('',(80.,25.5,21.25));
#7828=CARTESIAN_POINT('',(64.,25.5,18.25));
#7829=CARTESIAN_POINT('',(70.,25.5,18.25));
#7830=CARTESIAN_POINT('',(60.,25.5,14.25));
#7831=CARTESIAN_POINT('Origin',(64.,25.5,14.25));
#7832=CARTESIAN_POINT('',(60.,25.5,-14.25));
#7833=CARTESIAN_POINT('',(60.,25.5,21.25));
#7834=CARTESIAN_POINT('',(64.,25.5,-18.25));
#7835=CARTESIAN_POINT('Origin',(64.,25.5,-14.25));
#7836=CARTESIAN_POINT('',(80.,25.5,-18.25));
#7837=CARTESIAN_POINT('',(70.,25.5,-18.25));
#7838=CARTESIAN_POINT('',(80.,25.5,21.25));
#7839=CARTESIAN_POINT('',(-22.,25.5,-18.25));
#7840=CARTESIAN_POINT('',(13.,25.5,-18.25));
#7841=CARTESIAN_POINT('',(-21.,25.5,-17.25));
#7842=CARTESIAN_POINT('Origin',(-22.,25.5,-17.25));
#7843=CARTESIAN_POINT('',(-21.,25.5,15.6528424607123));
#7844=CARTESIAN_POINT('',(-21.,25.5,1.5));
#7845=CARTESIAN_POINT('',(-22.7417764609487,25.5,16.323489671981));
#7846=CARTESIAN_POINT('Origin',(-22.,25.5,15.6528424607123));
#7847=CARTESIAN_POINT('',(2.45947341249354,25.5,44.1975993804853));
#7848=CARTESIAN_POINT('',(-26.2522246245615,25.5,18.25));
#7849=CARTESIAN_POINT('Origin',(-26.2522246245615,25.5,17.25));
#7850=CARTESIAN_POINT('',(28.,25.5,18.25));
#7851=CARTESIAN_POINT('',(12.7477753754385,25.5,18.25));
#7852=CARTESIAN_POINT('',(13.4895518363872,25.5,16.5793527887313));
#7853=CARTESIAN_POINT('Origin',(12.7477753754385,25.5,17.25));
#7854=CARTESIAN_POINT('',(-17.,25.5,18.25));
#7855=CARTESIAN_POINT('',(47.5,25.5,18.25));
#7856=CARTESIAN_POINT('',(-18.,25.5,17.25));
#7857=CARTESIAN_POINT('Origin',(-17.,25.5,17.25));
#7858=CARTESIAN_POINT('',(-18.,25.5,-15.6528424607123));
#7859=CARTESIAN_POINT('',(-18.,25.5,19.75));
#7860=CARTESIAN_POINT('',(-16.2582235390513,25.5,-16.323489671981));
#7861=CARTESIAN_POINT('Origin',(-17.,25.5,-15.6528424607123));
#7862=CARTESIAN_POINT('',(13.8636551368095,25.5,16.9931337119257));
#7863=CARTESIAN_POINT('',(-12.7477753754386,25.5,-18.25));
#7864=CARTESIAN_POINT('',(-13.4895518363872,25.5,-16.5793527887313));
#7865=CARTESIAN_POINT('Origin',(-12.7477753754386,25.5,-17.25));
#7866=CARTESIAN_POINT('',(17.,25.5,-18.25));
#7867=CARTESIAN_POINT('',(32.5,25.5,-18.25));
#7868=CARTESIAN_POINT('',(18.,25.5,-17.25));
#7869=CARTESIAN_POINT('Origin',(17.,25.5,-17.25));
#7870=CARTESIAN_POINT('',(18.,25.5,15.6528424607123));
#7871=CARTESIAN_POINT('',(18.,25.5,1.5));
#7872=CARTESIAN_POINT('',(16.2582235390513,25.5,16.323489671981));
#7873=CARTESIAN_POINT('Origin',(17.,25.5,15.6528424607123));
#7874=CARTESIAN_POINT('',(32.6890036138358,25.5,34.4969282395457));
#7875=CARTESIAN_POINT('',(22.7417764609487,25.5,-16.323489671981));
#7876=CARTESIAN_POINT('',(21.,25.5,-15.6528424607123));
#7877=CARTESIAN_POINT('Origin',(22.,25.5,-15.6528424607123));
#7878=CARTESIAN_POINT('',(52.4895518363872,25.5,16.5793527887313));
#7879=CARTESIAN_POINT('',(44.0931853381518,25.5,7.29246257098605));
#7880=CARTESIAN_POINT('',(51.7477753754385,25.5,18.25));
#7881=CARTESIAN_POINT('Origin',(51.7477753754385,25.5,17.25));
#7882=CARTESIAN_POINT('',(22.,25.5,18.25));
#7883=CARTESIAN_POINT('',(67.,25.5,18.25));
#7884=CARTESIAN_POINT('',(21.,25.5,17.25));
#7885=CARTESIAN_POINT('Origin',(22.,25.5,17.25));
#7886=CARTESIAN_POINT('',(21.,25.5,19.75));
#7887=CARTESIAN_POINT('',(57.,25.5,-17.25));
#7888=CARTESIAN_POINT('',(56.,25.5,-18.25));
#7889=CARTESIAN_POINT('Origin',(56.,25.5,-17.25));
#7890=CARTESIAN_POINT('',(57.,25.5,15.6528424607123));
#7891=CARTESIAN_POINT('',(57.,25.5,1.5));
#7892=CARTESIAN_POINT('',(55.2582235390513,25.5,16.323489671981));
#7893=CARTESIAN_POINT('Origin',(56.,25.5,15.6528424607123));
#7894=CARTESIAN_POINT('',(25.5104481636128,25.5,-16.5793527887313));
#7895=CARTESIAN_POINT('',(62.9185338151781,25.5,24.7962570986061));
#7896=CARTESIAN_POINT('',(26.2522246245615,25.5,-18.25));
#7897=CARTESIAN_POINT('Origin',(26.2522246245615,25.5,-17.25));
#7898=CARTESIAN_POINT('',(52.,25.5,-18.25));
#7899=CARTESIAN_POINT('Origin',(80.,16.,21.25));
#7900=CARTESIAN_POINT('Origin',(80.,16.,-18.25));
#7901=CARTESIAN_POINT('Origin',(80.,16.,21.25));
#7902=CARTESIAN_POINT('Origin',(80.,16.,18.25));
#7903=CARTESIAN_POINT('Origin',(-57.,9.4914918482753E-16,21.25));
#7904=CARTESIAN_POINT('',(-37.5422818791946,10.5395973154362,18.25));
#7905=CARTESIAN_POINT('Origin',(60.,0.,18.25));
#7906=CARTESIAN_POINT('',(64.,-1.04083408558608E-16,18.25));
#7907=CARTESIAN_POINT('',(81.,9.,18.25));
#7908=CARTESIAN_POINT('Origin',(80.,9.,18.25));
#7909=CARTESIAN_POINT('',(81.,23.,18.25));
#7910=CARTESIAN_POINT('Origin',(80.,23.,18.25));
#7911=CARTESIAN_POINT('',(84.,16.,18.25));
#7912=CARTESIAN_POINT('Origin',(80.,16.,18.25));
#7913=CARTESIAN_POINT('',(85.9497474683058,20.9497474683058,18.25));
#7914=CARTESIAN_POINT('Origin',(84.9497474683058,20.9497474683058,18.25));
#7915=CARTESIAN_POINT('',(76.0502525316942,11.0502525316942,18.25));
#7916=CARTESIAN_POINT('Origin',(75.0502525316942,11.0502525316942,18.25));
#7917=CARTESIAN_POINT('',(76.0502525316942,20.9497474683058,18.25));
#7918=CARTESIAN_POINT('Origin',(75.0502525316942,20.9497474683058,18.25));
#7919=CARTESIAN_POINT('',(85.9497474683058,11.0502525316942,18.25));
#7920=CARTESIAN_POINT('Origin',(84.9497474683058,11.0502525316942,18.25));
#7921=CARTESIAN_POINT('',(88.,16.,18.25));
#7922=CARTESIAN_POINT('Origin',(87.,16.,18.25));
#7923=CARTESIAN_POINT('',(74.,16.,18.25));
#7924=CARTESIAN_POINT('Origin',(73.,16.,18.25));
#7925=CARTESIAN_POINT('Origin',(64.,-3.81639164714898E-16,14.25));
#7926=CARTESIAN_POINT('',(60.,-3.81639164714898E-16,14.25));
#7927=CARTESIAN_POINT('Origin',(-17.,32.,17.25));
#7928=CARTESIAN_POINT('',(-17.,32.,18.25));
#7929=CARTESIAN_POINT('',(-18.,32.,17.25));
#7930=CARTESIAN_POINT('Origin',(-18.,32.,18.25));
#7931=CARTESIAN_POINT('',(-18.,32.,-15.6528424607123));
#7932=CARTESIAN_POINT('',(-18.,22.0000003278255,13.75));
#7933=CARTESIAN_POINT('',(-18.,10.0000003278255,10.75));
#7934=CARTESIAN_POINT('Origin',(15.,32.,18.25));
#7935=CARTESIAN_POINT('',(12.7477753754385,32.,18.25));
#7936=CARTESIAN_POINT('Origin',(17.,32.,-17.25));
#7937=CARTESIAN_POINT('',(17.,32.,-18.25));
#7938=CARTESIAN_POINT('',(18.,32.,-17.25));
#7939=CARTESIAN_POINT('Origin',(18.,32.,-18.25));
#7940=CARTESIAN_POINT('',(18.,32.,15.6528424607123));
#7941=CARTESIAN_POINT('',(18.,22.0000003278255,-4.5));
#7942=CARTESIAN_POINT('',(18.,10.0000003278255,-7.5));
#7943=CARTESIAN_POINT('Origin',(-15.,32.,-18.25));
#7944=CARTESIAN_POINT('',(-12.7477753754386,32.,-18.25));
#7945=CARTESIAN_POINT('Origin',(51.7477753754385,32.,17.25));
#7946=CARTESIAN_POINT('',(52.4895518363872,32.,16.5793527887313));
#7947=CARTESIAN_POINT('',(51.7477753754385,32.,18.25));
#7948=CARTESIAN_POINT('Origin',(54.,32.,18.25));
#7949=CARTESIAN_POINT('',(22.,32.,18.25));
#7950=CARTESIAN_POINT('Origin',(21.,32.,-18.25));
#7951=CARTESIAN_POINT('',(22.7417764609487,32.,-16.323489671981));
#7952=CARTESIAN_POINT('',(35.1182756840475,10.0000003278255,-2.63433144037171));
#7953=CARTESIAN_POINT('',(36.6106866288074,22.0000003278255,-0.983634486319055));
#7954=CARTESIAN_POINT('Origin',(56.,32.,15.6528424607123));
#7955=CARTESIAN_POINT('',(57.,32.,15.6528424607123));
#7956=CARTESIAN_POINT('',(55.2582235390513,32.,16.323489671981));
#7957=CARTESIAN_POINT('Origin',(57.,32.,18.25));
#7958=CARTESIAN_POINT('',(25.5104481636128,32.,-16.5793527887313));
#7959=CARTESIAN_POINT('',(53.9436241610738,10.0000003278255,14.8694630872483));
#7960=CARTESIAN_POINT('',(55.4360351058338,22.0000003278255,16.520160041301));
#7961=CARTESIAN_POINT('Origin',(57.,32.,-18.25));
#7962=CARTESIAN_POINT('',(57.,32.,-17.25));
#7963=CARTESIAN_POINT('',(57.,10.0000003278255,-7.5));
#7964=CARTESIAN_POINT('',(57.,22.0000003278255,-4.5));
#7965=CARTESIAN_POINT('Origin',(-21.,32.,-18.25));
#7966=CARTESIAN_POINT('',(-21.,32.,-17.25));
#7967=CARTESIAN_POINT('',(-21.,32.,15.6528424607123));
#7968=CARTESIAN_POINT('',(-21.,10.0000003278255,-7.5));
#7969=CARTESIAN_POINT('',(-21.,22.0000003278255,-4.5));
#7970=CARTESIAN_POINT('Origin',(-22.,32.,15.6528424607123));
#7971=CARTESIAN_POINT('',(-22.7417764609487,32.,16.323489671981));
#7972=CARTESIAN_POINT('Origin',(-21.,32.,18.25));
#7973=CARTESIAN_POINT('',(-52.4895518363872,32.,-16.5793527887313));
#7974=CARTESIAN_POINT('',(-6.51543624161075,10.0000003278255,34.2708053691275));
#7975=CARTESIAN_POINT('',(-5.02302529685081,22.0000003278255,35.9215023231802));
#7976=CARTESIAN_POINT('Origin',(-26.2522246245615,32.,17.25));
#7977=CARTESIAN_POINT('',(-26.2522246245615,32.,18.25));
#7978=CARTESIAN_POINT('Origin',(-56.,32.,-15.6528424607123));
#7979=CARTESIAN_POINT('',(-57.,32.,-15.6528424607123));
#7980=CARTESIAN_POINT('Origin',(60.,22.0000003278255,9.25));
#7981=CARTESIAN_POINT('',(60.,22.0000003278255,15.25));
#7982=CARTESIAN_POINT('Origin',(60.,22.0000003278255,9.25));
#7983=CARTESIAN_POINT('Origin',(60.,22.0000003278255,9.25));
#7984=CARTESIAN_POINT('',(21.,22.0000003278255,13.75));
#7985=CARTESIAN_POINT('Origin',(60.,22.0000003278255,9.25));
#7986=CARTESIAN_POINT('Origin',(60.,22.0000003278255,9.25));
#7987=CARTESIAN_POINT('Origin',(60.,22.0000003278255,9.25));
#7988=CARTESIAN_POINT('',(6.38115642746514,22.0000003278255,8.71703665462055));
#7989=CARTESIAN_POINT('',(25.2065049044915,22.0000003278255,26.2208311822406));
#7990=CARTESIAN_POINT('Origin',(60.,10.0000003278255,3.25));
#7991=CARTESIAN_POINT('',(60.,10.0000003278255,12.25));
#7992=CARTESIAN_POINT('Origin',(60.,10.0000003278255,3.25));
#7993=CARTESIAN_POINT('Origin',(60.,10.0000003278255,3.25));
#7994=CARTESIAN_POINT('',(21.,10.0000003278255,10.75));
#7995=CARTESIAN_POINT('Origin',(60.,10.0000003278255,3.25));
#7996=CARTESIAN_POINT('',(4.8887454827052,10.0000003278255,7.06633970056789));
#7997=CARTESIAN_POINT('',(23.7140939597315,10.0000003278255,24.5701342281879));
#7998=CARTESIAN_POINT('Origin',(60.,10.0000003278255,3.25));
#7999=CARTESIAN_POINT('Origin',(60.,10.0000003278255,3.25));
#8000=CARTESIAN_POINT('Origin',(64.,16.,-14.25));
#8001=CARTESIAN_POINT('',(60.,16.,-14.25));
#8002=CARTESIAN_POINT('',(64.,16.,-18.25));
#8003=CARTESIAN_POINT('Origin',(60.,0.,21.25));
#8004=CARTESIAN_POINT('Origin',(73.,16.,-21.25));
#8005=CARTESIAN_POINT('',(74.,16.,-21.25));
#8006=CARTESIAN_POINT('Origin',(87.,16.,-21.25));
#8007=CARTESIAN_POINT('',(88.,16.,-21.25));
#8008=CARTESIAN_POINT('Origin',(84.9497474683058,11.0502525316942,-21.25));
#8009=CARTESIAN_POINT('',(85.9497474683058,11.0502525316942,-21.25));
#8010=CARTESIAN_POINT('Origin',(75.0502525316942,20.9497474683058,-21.25));
#8011=CARTESIAN_POINT('',(76.0502525316942,20.9497474683058,-21.25));
#8012=CARTESIAN_POINT('Origin',(75.0502525316942,11.0502525316942,-21.25));
#8013=CARTESIAN_POINT('',(76.0502525316942,11.0502525316942,-21.25));
#8014=CARTESIAN_POINT('Origin',(84.9497474683058,20.9497474683058,-21.25));
#8015=CARTESIAN_POINT('',(85.9497474683058,20.9497474683058,-21.25));
#8016=CARTESIAN_POINT('Origin',(80.,16.,-21.25));
#8017=CARTESIAN_POINT('',(84.,16.,-21.25));
#8018=CARTESIAN_POINT('Origin',(80.,23.,-21.25));
#8019=CARTESIAN_POINT('',(81.,23.,-21.25));
#8020=CARTESIAN_POINT('Origin',(80.,9.,-21.25));
#8021=CARTESIAN_POINT('',(81.,9.,-21.25));
#8022=CARTESIAN_POINT('Origin',(-85.,4.,19.625));
#8023=CARTESIAN_POINT('',(-86.,4.,18.));
#8024=CARTESIAN_POINT('Origin',(-85.,4.,18.));
#8025=CARTESIAN_POINT('',(-86.,4.,19.625));
#8026=CARTESIAN_POINT('Origin',(-86.,7.5,21.25));
#8027=CARTESIAN_POINT('',(-86.,6.5,18.));
#8028=CARTESIAN_POINT('',(-86.,3.,18.));
#8029=CARTESIAN_POINT('',(-86.,6.5,21.25));
#8030=CARTESIAN_POINT('Origin',(-85.,4.,-1.625));
#8031=CARTESIAN_POINT('',(-86.,4.,-17.));
#8032=CARTESIAN_POINT('Origin',(-85.,4.,-17.));
#8033=CARTESIAN_POINT('',(-86.,4.,-1.625));
#8034=CARTESIAN_POINT('Origin',(-85.,28.,-19.125));
#8035=CARTESIAN_POINT('',(-86.,28.,-17.));
#8036=CARTESIAN_POINT('Origin',(-85.,28.,-17.));
#8037=CARTESIAN_POINT('',(-86.,28.,-19.125));
#8038=CARTESIAN_POINT('Origin',(-86.,24.5,-21.25));
#8039=CARTESIAN_POINT('',(-86.,25.5,-17.));
#8040=CARTESIAN_POINT('',(-86.,29.,-17.));
#8041=CARTESIAN_POINT('',(-86.,25.5,-21.25));
#8042=CARTESIAN_POINT('Origin',(-85.,28.,2.125));
#8043=CARTESIAN_POINT('',(-86.,28.,18.));
#8044=CARTESIAN_POINT('Origin',(-85.,28.,18.));
#8045=CARTESIAN_POINT('',(-86.,28.,2.125));
#8046=CARTESIAN_POINT('Origin',(-77.,28.,-8.5));
#8047=CARTESIAN_POINT('',(-76.,28.,-17.));
#8048=CARTESIAN_POINT('Origin',(-77.,28.,-17.));
#8049=CARTESIAN_POINT('',(-76.,28.,-8.5));
#8050=CARTESIAN_POINT('Origin',(-77.,4.,9.));
#8051=CARTESIAN_POINT('',(-76.,4.,9.));
#8052=CARTESIAN_POINT('Origin',(-76.,16.,0.));
#8053=CARTESIAN_POINT('',(-76.,9.,-18.));
#8054=CARTESIAN_POINT('',(-76.,9.,-17.));
#8055=CARTESIAN_POINT('',(-76.,23.,-18.));
#8056=CARTESIAN_POINT('',(-76.,29.,-18.));
#8057=CARTESIAN_POINT('',(-76.,23.,-17.));
#8058=CARTESIAN_POINT('',(-76.,23.,-17.));
#8059=CARTESIAN_POINT('',(-76.,29.,-17.));
#8060=CARTESIAN_POINT('Origin',(-77.,4.,9.));
#8061=CARTESIAN_POINT('',(-76.,4.,9.));
#8062=CARTESIAN_POINT('Origin',(-77.,28.,-8.5));
#8063=CARTESIAN_POINT('',(-76.,28.,-8.5));
#8064=CARTESIAN_POINT('Origin',(-76.,16.,0.));
#8065=CARTESIAN_POINT('',(-76.,25.5,18.));
#8066=CARTESIAN_POINT('',(-76.,25.5,16.));
#8067=CARTESIAN_POINT('',(-76.,6.5,18.));
#8068=CARTESIAN_POINT('',(-76.,3.,18.));
#8069=CARTESIAN_POINT('',(-76.,6.5,16.));
#8070=CARTESIAN_POINT('Origin',(-65.,6.5,18.));
#8071=CARTESIAN_POINT('',(-65.,6.5,18.));
#8072=CARTESIAN_POINT('',(-65.,6.5,17.5));
#8073=CARTESIAN_POINT('',(-62.5,6.5,18.));
#8074=CARTESIAN_POINT('Origin',(-65.,16.,17.));
#8075=CARTESIAN_POINT('',(-65.,25.5,18.));
#8076=CARTESIAN_POINT('',(-65.,3.,18.));
#8077=CARTESIAN_POINT('',(-65.,25.5,16.5));
#8078=CARTESIAN_POINT('Origin',(-60.,29.,18.));
#8079=CARTESIAN_POINT('',(-62.5,25.5,18.));
#8080=CARTESIAN_POINT('Origin',(-65.,25.5,16.));
#8081=CARTESIAN_POINT('Origin',(-51.7477753754386,32.,-17.25));
#8082=CARTESIAN_POINT('',(-51.7477753754386,32.,-18.25));
#8083=CARTESIAN_POINT('Origin',(-22.,32.,-17.25));
#8084=CARTESIAN_POINT('',(-22.,32.,-18.25));
#8085=CARTESIAN_POINT('Origin',(-54.,32.,-18.25));
#8086=CARTESIAN_POINT('Origin',(12.7477753754385,32.,17.25));
#8087=CARTESIAN_POINT('',(13.4895518363872,32.,16.5793527887313));
#8088=CARTESIAN_POINT('Origin',(-18.,32.,-18.25));
#8089=CARTESIAN_POINT('',(-16.2582235390513,32.,-16.323489671981));
#8090=CARTESIAN_POINT('Origin',(-57.,32.,18.25));
#8091=CARTESIAN_POINT('',(-57.,32.,17.25));
#8092=CARTESIAN_POINT('Origin',(-56.,32.,17.25));
#8093=CARTESIAN_POINT('',(-56.,32.,18.25));
#8094=CARTESIAN_POINT('Origin',(-24.,32.,18.25));
#8095=CARTESIAN_POINT('Origin',(-17.,32.,-15.6528424607123));
#8096=CARTESIAN_POINT('Origin',(-12.7477753754386,32.,-17.25));
#8097=CARTESIAN_POINT('',(-13.4895518363872,32.,-16.5793527887313));
#8098=CARTESIAN_POINT('Origin',(18.,32.,18.25));
#8099=CARTESIAN_POINT('',(16.2582235390513,32.,16.323489671981));
#8100=CARTESIAN_POINT('Origin',(17.,32.,15.6528424607123));
#8101=CARTESIAN_POINT('Origin',(22.,32.,-15.6528424607123));
#8102=CARTESIAN_POINT('',(21.,32.,-15.6528424607123));
#8103=CARTESIAN_POINT('Origin',(21.,32.,18.25));
#8104=CARTESIAN_POINT('',(21.,32.,17.25));
#8105=CARTESIAN_POINT('Origin',(22.,32.,17.25));
#8106=CARTESIAN_POINT('Origin',(26.2522246245615,32.,-17.25));
#8107=CARTESIAN_POINT('',(26.2522246245615,32.,-18.25));
#8108=CARTESIAN_POINT('Origin',(56.,32.,-17.25));
#8109=CARTESIAN_POINT('',(56.,32.,-18.25));
#8110=CARTESIAN_POINT('Origin',(24.,32.,-18.25));
#8111=CARTESIAN_POINT('Origin',(-87.,25.5,21.25));
#8112=CARTESIAN_POINT('',(-87.,24.5,18.));
#8113=CARTESIAN_POINT('',(-86.,25.5,18.));
#8114=CARTESIAN_POINT('Origin',(-87.,25.5,18.));
#8115=CARTESIAN_POINT('',(-86.,25.5,21.25));
#8116=CARTESIAN_POINT('',(-87.,24.5,21.25));
#8117=CARTESIAN_POINT('Origin',(-86.,24.5,21.25));
#8118=CARTESIAN_POINT('',(-89.,24.5,18.));
#8119=CARTESIAN_POINT('',(-89.,24.5,10.625));
#8120=CARTESIAN_POINT('',(-86.,24.5,18.));
#8121=CARTESIAN_POINT('Origin',(-89.,25.5,10.625));
#8122=CARTESIAN_POINT('',(-90.,25.5,18.));
#8123=CARTESIAN_POINT('',(-90.,25.5,10.625));
#8124=CARTESIAN_POINT('Origin',(-89.,25.5,18.));
#8125=CARTESIAN_POINT('Origin',(-87.,6.5,21.25));
#8126=CARTESIAN_POINT('',(-87.,7.5,18.));
#8127=CARTESIAN_POINT('Origin',(-87.,6.5,18.));
#8128=CARTESIAN_POINT('',(-87.,7.5,21.25));
#8129=CARTESIAN_POINT('Origin',(-90.,7.5,21.25));
#8130=CARTESIAN_POINT('',(-89.,7.5,18.));
#8131=CARTESIAN_POINT('',(-86.,7.5,18.));
#8132=CARTESIAN_POINT('',(-89.,7.5,10.625));
#8133=CARTESIAN_POINT('Origin',(-88.,5.25,18.));
#8134=CARTESIAN_POINT('',(-90.,6.5,18.));
#8135=CARTESIAN_POINT('',(-90.,7.5,18.));
#8136=CARTESIAN_POINT('Origin',(-89.,6.5,18.));
#8137=CARTESIAN_POINT('',(-89.,5.5,18.));
#8138=CARTESIAN_POINT('Origin',(-88.,5.5,18.));
#8139=CARTESIAN_POINT('Origin',(-89.,6.5,10.625));
#8140=CARTESIAN_POINT('',(-90.,6.5,10.625));
#8141=CARTESIAN_POINT('Origin',(-89.,25.5,-10.625));
#8142=CARTESIAN_POINT('',(-89.,24.5,-17.));
#8143=CARTESIAN_POINT('',(-89.,24.5,-10.625));
#8144=CARTESIAN_POINT('',(-90.,25.5,-17.));
#8145=CARTESIAN_POINT('Origin',(-89.,25.5,-17.));
#8146=CARTESIAN_POINT('',(-90.,25.5,-10.625));
#8147=CARTESIAN_POINT('Origin',(-90.,24.5,-21.25));
#8148=CARTESIAN_POINT('',(-87.,24.5,-17.));
#8149=CARTESIAN_POINT('',(-87.,24.5,-21.25));
#8150=CARTESIAN_POINT('',(-86.,24.5,-17.));
#8151=CARTESIAN_POINT('Origin',(-87.,25.5,-21.25));
#8152=CARTESIAN_POINT('Origin',(-87.,25.5,-17.));
#8153=CARTESIAN_POINT('Origin',(-89.,6.5,-10.625));
#8154=CARTESIAN_POINT('',(-90.,6.5,-17.));
#8155=CARTESIAN_POINT('',(-90.,6.5,-10.625));
#8156=CARTESIAN_POINT('',(-89.,7.5,-17.));
#8157=CARTESIAN_POINT('Origin',(-89.,6.5,-17.));
#8158=CARTESIAN_POINT('',(-89.,7.5,-10.625));
#8159=CARTESIAN_POINT('Origin',(-86.,7.5,-21.25));
#8160=CARTESIAN_POINT('',(-87.,7.5,-17.));
#8161=CARTESIAN_POINT('',(-86.,7.5,-17.));
#8162=CARTESIAN_POINT('',(-87.,7.5,-21.25));
#8163=CARTESIAN_POINT('Origin',(-88.,5.25,-17.));
#8164=CARTESIAN_POINT('',(-90.,7.5,-17.));
#8165=CARTESIAN_POINT('',(-86.,6.5,-17.));
#8166=CARTESIAN_POINT('',(-86.,3.,-17.));
#8167=CARTESIAN_POINT('Origin',(-87.,6.5,-17.));
#8168=CARTESIAN_POINT('',(-87.,5.5,-17.));
#8169=CARTESIAN_POINT('Origin',(-88.,5.5,-17.));
#8170=CARTESIAN_POINT('Origin',(-87.,6.5,-21.25));
#8171=CARTESIAN_POINT('',(-86.,6.5,-21.25));
#8172=CARTESIAN_POINT('Origin',(-88.,5.5,21.25));
#8173=CARTESIAN_POINT('',(-89.,5.5,21.25));
#8174=CARTESIAN_POINT('Origin',(-88.,26.5,21.25));
#8175=CARTESIAN_POINT('',(-89.,26.5,18.));
#8176=CARTESIAN_POINT('Origin',(-88.,26.5,18.));
#8177=CARTESIAN_POINT('',(-89.,26.5,21.25));
#8178=CARTESIAN_POINT('Origin',(-86.,29.,21.25));
#8179=CARTESIAN_POINT('',(-86.,29.,18.));
#8180=CARTESIAN_POINT('Origin',(-88.,26.75,18.));
#8181=CARTESIAN_POINT('',(-90.,24.5,18.));
#8182=CARTESIAN_POINT('Origin',(-88.,26.5,-21.25));
#8183=CARTESIAN_POINT('',(-87.,26.5,-17.));
#8184=CARTESIAN_POINT('Origin',(-88.,26.5,-17.));
#8185=CARTESIAN_POINT('',(-87.,26.5,-21.25));
#8186=CARTESIAN_POINT('Origin',(-88.,26.75,-17.));
#8187=CARTESIAN_POINT('',(-90.,24.5,-17.));
#8188=CARTESIAN_POINT('Origin',(-88.,5.5,-21.25));
#8189=CARTESIAN_POINT('',(-87.,5.5,-21.25));
#8190=CARTESIAN_POINT('Origin',(-86.,3.,-21.25));
#8191=CARTESIAN_POINT('Origin',(-90.,1.5,0.));
#8192=CARTESIAN_POINT('Origin',(-90.,30.5,0.));
#8193=CARTESIAN_POINT('Origin',(-63.,26.5,21.25));
#8194=CARTESIAN_POINT('',(-65.,26.5,18.75));
#8195=CARTESIAN_POINT('',(-65.,26.5,21.25));
#8196=CARTESIAN_POINT('Origin',(-63.,26.5,18.75));
#8197=CARTESIAN_POINT('Origin',(-63.,26.5,18.75));
#8198=CARTESIAN_POINT('',(-64.,26.5,18.75));
#8199=CARTESIAN_POINT('Origin',(-63.,26.5,18.75));
#8200=CARTESIAN_POINT('Origin',(-63.,5.5,21.25));
#8201=CARTESIAN_POINT('',(-65.,5.5,18.75));
#8202=CARTESIAN_POINT('',(-65.,5.5,21.25));
#8203=CARTESIAN_POINT('Origin',(-63.,5.5,18.75));
#8204=CARTESIAN_POINT('Origin',(-63.,5.5,18.75));
#8205=CARTESIAN_POINT('',(-64.,5.5,18.75));
#8206=CARTESIAN_POINT('Origin',(-63.,5.5,18.75));
#8207=CARTESIAN_POINT('Origin',(-63.,26.5,-21.25));
#8208=CARTESIAN_POINT('',(-61.,26.5,-18.75));
#8209=CARTESIAN_POINT('',(-61.,26.5,-21.25));
#8210=CARTESIAN_POINT('Origin',(-63.,26.5,-18.75));
#8211=CARTESIAN_POINT('Origin',(-63.,26.5,-18.75));
#8212=CARTESIAN_POINT('',(-64.,26.5,-18.75));
#8213=CARTESIAN_POINT('Origin',(-63.,26.5,-18.75));
#8214=CARTESIAN_POINT('Origin',(-63.,5.5,-21.25));
#8215=CARTESIAN_POINT('',(-61.,5.5,-18.75));
#8216=CARTESIAN_POINT('',(-61.,5.5,-21.25));
#8217=CARTESIAN_POINT('Origin',(-63.,5.5,-18.75));
#8218=CARTESIAN_POINT('Origin',(-63.,5.5,-18.75));
#8219=CARTESIAN_POINT('',(-64.,5.5,-18.75));
#8220=CARTESIAN_POINT('Origin',(-63.,5.5,-18.75));
#8221=CARTESIAN_POINT('Origin',(-63.,5.5,21.25));
#8222=CARTESIAN_POINT('',(-64.,5.5,21.25));
#8223=CARTESIAN_POINT('Origin',(-63.,5.5,21.25));
#8224=CARTESIAN_POINT('',(-64.,5.5,21.25));
#8225=CARTESIAN_POINT('Origin',(-63.,26.5,21.25));
#8226=CARTESIAN_POINT('',(-64.,26.5,21.25));
#8227=CARTESIAN_POINT('Origin',(-63.,26.5,21.25));
#8228=CARTESIAN_POINT('',(-64.,26.5,-17.));
#8229=CARTESIAN_POINT('Origin',(-63.,26.5,-17.));
#8230=CARTESIAN_POINT('',(-64.,26.5,21.25));
#8231=CARTESIAN_POINT('Origin',(-60.,23.,-17.));
#8232=CARTESIAN_POINT('',(-60.,23.,-17.));
#8233=CARTESIAN_POINT('',(-60.,23.,-17.));
#8234=CARTESIAN_POINT('',(-60.,11.5,-17.));
#8235=CARTESIAN_POINT('Origin',(-60.,23.,-18.));
#8236=CARTESIAN_POINT('',(-60.,23.,-18.));
#8237=CARTESIAN_POINT('',(-60.,23.,-19.625));
#8238=CARTESIAN_POINT('',(-60.,23.,-18.));
#8239=CARTESIAN_POINT('Origin',(-60.,9.,-18.));
#8240=CARTESIAN_POINT('',(-60.,9.,-18.));
#8241=CARTESIAN_POINT('',(-60.,4.5,-18.));
#8242=CARTESIAN_POINT('',(-60.,9.,-18.));
#8243=CARTESIAN_POINT('Origin',(-60.,9.,-17.));
#8244=CARTESIAN_POINT('',(-60.,9.,-19.125));
#8245=CARTESIAN_POINT('Origin',(-60.,0.,-21.25));
#8246=CARTESIAN_POINT('Origin',(60.,32.,-18.25));
#8247=CARTESIAN_POINT('',(74.,16.,-18.25));
#8248=CARTESIAN_POINT('Origin',(73.,16.,-18.25));
#8249=CARTESIAN_POINT('',(88.,16.,-18.25));
#8250=CARTESIAN_POINT('Origin',(87.,16.,-18.25));
#8251=CARTESIAN_POINT('',(85.9497474683058,11.0502525316942,-18.25));
#8252=CARTESIAN_POINT('Origin',(84.9497474683058,11.0502525316942,-18.25));
#8253=CARTESIAN_POINT('',(76.0502525316942,20.9497474683058,-18.25));
#8254=CARTESIAN_POINT('Origin',(75.0502525316942,20.9497474683058,-18.25));
#8255=CARTESIAN_POINT('',(76.0502525316942,11.0502525316942,-18.25));
#8256=CARTESIAN_POINT('Origin',(75.0502525316942,11.0502525316942,-18.25));
#8257=CARTESIAN_POINT('',(85.9497474683058,20.9497474683058,-18.25));
#8258=CARTESIAN_POINT('Origin',(84.9497474683058,20.9497474683058,-18.25));
#8259=CARTESIAN_POINT('',(84.,16.,-18.25));
#8260=CARTESIAN_POINT('Origin',(80.,16.,-18.25));
#8261=CARTESIAN_POINT('',(81.,23.,-18.25));
#8262=CARTESIAN_POINT('Origin',(80.,23.,-18.25));
#8263=CARTESIAN_POINT('',(81.,9.,-18.25));
#8264=CARTESIAN_POINT('Origin',(80.,9.,-18.25));
#8265=CARTESIAN_POINT('Origin',(73.,16.,-21.25));
#8266=CARTESIAN_POINT('',(74.,16.,-21.25));
#8267=CARTESIAN_POINT('Origin',(87.,16.,-21.25));
#8268=CARTESIAN_POINT('',(88.,16.,-21.25));
#8269=CARTESIAN_POINT('Origin',(84.9497474683058,11.0502525316942,-21.25));
#8270=CARTESIAN_POINT('',(85.9497474683058,11.0502525316942,-21.25));
#8271=CARTESIAN_POINT('Origin',(75.0502525316942,20.9497474683058,-21.25));
#8272=CARTESIAN_POINT('',(76.0502525316942,20.9497474683058,-21.25));
#8273=CARTESIAN_POINT('Origin',(75.0502525316942,11.0502525316942,-21.25));
#8274=CARTESIAN_POINT('',(76.0502525316942,11.0502525316942,-21.25));
#8275=CARTESIAN_POINT('Origin',(84.9497474683058,20.9497474683058,-21.25));
#8276=CARTESIAN_POINT('',(85.9497474683058,20.9497474683058,-21.25));
#8277=CARTESIAN_POINT('Origin',(80.,16.,-21.25));
#8278=CARTESIAN_POINT('',(84.,16.,-21.25));
#8279=CARTESIAN_POINT('Origin',(80.,23.,-21.25));
#8280=CARTESIAN_POINT('',(81.,23.,-21.25));
#8281=CARTESIAN_POINT('Origin',(80.,9.,-21.25));
#8282=CARTESIAN_POINT('',(81.,9.,-21.25));
#8283=CARTESIAN_POINT('',(0.,0.,0.));
#8284=UNCERTAINTY_MEASURE_WITH_UNIT(LENGTH_MEASURE(0.01),#8290,
'DISTANCE_ACCURACY_VALUE',
'Maximum model space distance between geometric entities at asserted c
onnectivities');
#8285=UNCERTAINTY_MEASURE_WITH_UNIT(LENGTH_MEASURE(0.01),#8290,
'DISTANCE_ACCURACY_VALUE',
'Maximum model space distance between geometric entities at asserted c
onnectivities');
#8286=UNCERTAINTY_MEASURE_WITH_UNIT(LENGTH_MEASURE(0.01),#8290,
'DISTANCE_ACCURACY_VALUE',
'Maximum model space distance between geometric entities at asserted c
onnectivities');
#8287=(
GEOMETRIC_REPRESENTATION_CONTEXT(3)
GLOBAL_UNCERTAINTY_ASSIGNED_CONTEXT((#8284))
GLOBAL_UNIT_ASSIGNED_CONTEXT((#8290,#8292,#8293))
REPRESENTATION_CONTEXT('','3D')
);
#8288=(
GEOMETRIC_REPRESENTATION_CONTEXT(3)
GLOBAL_UNCERTAINTY_ASSIGNED_CONTEXT((#8285))
GLOBAL_UNIT_ASSIGNED_CONTEXT((#8290,#8292,#8293))
REPRESENTATION_CONTEXT('','3D')
);
#8289=(
GEOMETRIC_REPRESENTATION_CONTEXT(3)
GLOBAL_UNCERTAINTY_ASSIGNED_CONTEXT((#8286))
GLOBAL_UNIT_ASSIGNED_CONTEXT((#8290,#8292,#8293))
REPRESENTATION_CONTEXT('','3D')
);
#8290=(
LENGTH_UNIT()
NAMED_UNIT(*)
SI_UNIT(.MILLI.,.METRE.)
);
#8291=(
LENGTH_UNIT()
NAMED_UNIT(*)
SI_UNIT($,.METRE.)
);
#8292=(
NAMED_UNIT(*)
PLANE_ANGLE_UNIT()
SI_UNIT($,.RADIAN.)
);
#8293=(
NAMED_UNIT(*)
SI_UNIT($,.STERADIAN.)
SOLID_ANGLE_UNIT()
);
#8294=SHAPE_DEFINITION_REPRESENTATION(#8296,#8299);
#8295=SHAPE_DEFINITION_REPRESENTATION(#8297,#8300);
#8296=PRODUCT_DEFINITION_SHAPE('',$,#8302);
#8297=PRODUCT_DEFINITION_SHAPE('',$,#8303);
#8298=PRODUCT_DEFINITION_SHAPE($,$,#14);
#8299=SHAPE_REPRESENTATION('',(#4900,#5388),#8287);
#8300=SHAPE_REPRESENTATION('',(#4901),#8288);
#8301=PRODUCT_DEFINITION_CONTEXT('part definition',#8309,'design');
#8302=PRODUCT_DEFINITION('2026-07-31-17-51-35-091','(Unsaved)',#8304,#8301);
#8303=PRODUCT_DEFINITION('2026-07-11-18-22-34-320','ElbowToWrist',#8305,
#8301);
#8304=PRODUCT_DEFINITION_FORMATION('',$,#8311);
#8305=PRODUCT_DEFINITION_FORMATION('',$,#8312);
#8306=PRODUCT_RELATED_PRODUCT_CATEGORY('(Unsaved)','(Unsaved)',(#8311));
#8307=PRODUCT_RELATED_PRODUCT_CATEGORY('ElbowToWrist','ElbowToWrist',(#8312));
#8308=APPLICATION_PROTOCOL_DEFINITION('international standard',
'automotive_design',2009,#8309);
#8309=APPLICATION_CONTEXT(
'Core Data for Automotive Mechanical Design Process');
#8310=PRODUCT_CONTEXT('part definition',#8309,'mechanical');
#8311=PRODUCT('2026-07-31-17-51-35-091','(Unsaved)',$,(#8310));
#8312=PRODUCT('2026-07-11-18-22-34-320','ElbowToWrist',$,(#8310));
#8313=PRESENTATION_STYLE_ASSIGNMENT((#8314));
#8314=SURFACE_STYLE_USAGE(.BOTH.,#8315);
#8315=SURFACE_SIDE_STYLE('',(#8316));
#8316=SURFACE_STYLE_FILL_AREA(#8317);
#8317=FILL_AREA_STYLE('Steel - Satin',(#8318));
#8318=FILL_AREA_STYLE_COLOUR('Steel - Satin',#8319);
#8319=COLOUR_RGB('Steel - Satin',0.627450980392157,0.627450980392157,0.627450980392157);
ENDSEC;
END-ISO-10303-21;
