ISO-10303-21;
HEADER;
/* Generated by software containing ST-Developer
 * from STEP Tools, Inc. (www.steptools.com) 
 */
/* OPTION: using custom renumber hook */

FILE_DESCRIPTION(
/* description */ ('STEP AP242 Edition 2',
'CAx-IF Rec.Pracs.---Representation and Presentation of Product Manufa
cturing Information (PMI)---4.0---2014-10-13',
'CAx-IF Rec.Pracs.---3D Tessellated Geometry---0.4---2014-09-14','2;1',
'CAx-IF Rec.Pracs.---User Defined Attributes---1.5---2016-08-15'),
/* implementation_level */ '2;1');

FILE_NAME(
/* name */ 'Wrist',
/* time_stamp */ '2026-08-02T02:26:36Z',
/* author */ (''),
/* organization */ (''),
/* preprocessor_version */ 'ST-DEVELOPER v20',
/* originating_system */ 'ONSHAPE BY PTC INC, 1.218',
/* authorisation */ '  ');

FILE_SCHEMA (('AP242_MANAGED_MODEL_BASED_3D_ENGINEERING_MIM_LF { 1 0 10303 442 3 1 4 }'));
ENDSEC;

DATA;
#10=SHAPE_REPRESENTATION_RELATIONSHIP('','',#2369,#11);
#11=ADVANCED_BREP_SHAPE_REPRESENTATION('',(#2367),#4021);
#12=TOROIDAL_SURFACE('',#2628,0.01125,0.00125);
#13=TOROIDAL_SURFACE('',#2631,0.01125,0.00125);
#14=CYLINDRICAL_SURFACE('',#2404,0.001);
#15=CYLINDRICAL_SURFACE('',#2407,0.001);
#16=CYLINDRICAL_SURFACE('',#2410,0.001);
#17=CYLINDRICAL_SURFACE('',#2413,0.001);
#18=CYLINDRICAL_SURFACE('',#2460,0.001);
#19=CYLINDRICAL_SURFACE('',#2462,0.001);
#20=CYLINDRICAL_SURFACE('',#2464,0.001);
#21=CYLINDRICAL_SURFACE('',#2466,0.001);
#22=CYLINDRICAL_SURFACE('',#2468,0.001);
#23=CYLINDRICAL_SURFACE('',#2471,0.001);
#24=CYLINDRICAL_SURFACE('',#2474,0.001);
#25=CYLINDRICAL_SURFACE('',#2477,0.001);
#26=CYLINDRICAL_SURFACE('',#2488,0.004);
#27=CYLINDRICAL_SURFACE('',#2489,0.001);
#28=CYLINDRICAL_SURFACE('',#2490,0.001);
#29=CYLINDRICAL_SURFACE('',#2491,0.001);
#30=CYLINDRICAL_SURFACE('',#2492,0.001);
#31=CYLINDRICAL_SURFACE('',#2493,0.004);
#32=CYLINDRICAL_SURFACE('',#2494,0.001);
#33=CYLINDRICAL_SURFACE('',#2495,0.001);
#34=CYLINDRICAL_SURFACE('',#2496,0.001);
#35=CYLINDRICAL_SURFACE('',#2497,0.001);
#36=CYLINDRICAL_SURFACE('',#2498,0.002);
#37=CYLINDRICAL_SURFACE('',#2501,0.002);
#38=CYLINDRICAL_SURFACE('',#2504,0.002);
#39=CYLINDRICAL_SURFACE('',#2507,0.002);
#40=CYLINDRICAL_SURFACE('',#2510,0.002);
#41=CYLINDRICAL_SURFACE('',#2513,0.002);
#42=CYLINDRICAL_SURFACE('',#2516,0.002);
#43=CYLINDRICAL_SURFACE('',#2519,0.002);
#44=CYLINDRICAL_SURFACE('',#2522,0.0095);
#45=CYLINDRICAL_SURFACE('',#2524,0.0095);
#46=CYLINDRICAL_SURFACE('',#2528,0.004);
#47=CYLINDRICAL_SURFACE('',#2529,0.004);
#48=CYLINDRICAL_SURFACE('',#2567,0.002);
#49=CYLINDRICAL_SURFACE('',#2570,0.002);
#50=CYLINDRICAL_SURFACE('',#2573,0.002);
#51=CYLINDRICAL_SURFACE('',#2576,0.002);
#52=CYLINDRICAL_SURFACE('',#2586,0.001);
#53=CYLINDRICAL_SURFACE('',#2587,0.001);
#54=CYLINDRICAL_SURFACE('',#2589,0.0105);
#55=CYLINDRICAL_SURFACE('',#2592,0.0105);
#56=CYLINDRICAL_SURFACE('',#2594,0.001);
#57=CYLINDRICAL_SURFACE('',#2595,0.001);
#58=CYLINDRICAL_SURFACE('',#2596,0.002);
#59=CYLINDRICAL_SURFACE('',#2597,0.002);
#60=CYLINDRICAL_SURFACE('',#2598,0.002);
#61=CYLINDRICAL_SURFACE('',#2599,0.002);
#62=CYLINDRICAL_SURFACE('',#2600,0.00175);
#63=CYLINDRICAL_SURFACE('',#2601,0.00175);
#64=CYLINDRICAL_SURFACE('',#2610,0.01);
#65=CYLINDRICAL_SURFACE('',#2612,0.01);
#66=CYLINDRICAL_SURFACE('',#2613,0.01);
#67=CYLINDRICAL_SURFACE('',#2615,0.01);
#68=CYLINDRICAL_SURFACE('',#2622,0.001);
#69=CYLINDRICAL_SURFACE('',#2623,0.001);
#70=CYLINDRICAL_SURFACE('',#2624,0.001);
#71=CYLINDRICAL_SURFACE('',#2625,0.001);
#72=CYLINDRICAL_SURFACE('',#2626,0.00125);
#73=CYLINDRICAL_SURFACE('',#2629,0.00125);
#74=CYLINDRICAL_SURFACE('',#2632,0.001);
#75=CYLINDRICAL_SURFACE('',#2633,0.001);
#76=ELLIPSE('',#2381,0.00105330268617458,0.001);
#77=ELLIPSE('',#2382,0.00105330268617458,0.001);
#78=ELLIPSE('',#2580,0.00105330268617458,0.001);
#79=ELLIPSE('',#2581,0.00105330268617458,0.001);
#80=ELLIPSE('',#2603,0.0233787213880816,0.01);
#81=ELLIPSE('',#2605,0.0233787213880816,0.01);
#82=ELLIPSE('',#2607,0.0274246913392941,0.01);
#83=ELLIPSE('',#2609,0.0274246913392941,0.01);
#84=B_SPLINE_CURVE_WITH_KNOTS('',3,(#3397,#3398,#3399,#3400),
 .UNSPECIFIED.,.F.,.F.,(4,4),(0.,4.39276944298028E-5),.UNSPECIFIED.);
#85=B_SPLINE_CURVE_WITH_KNOTS('',3,(#3898,#3899,#3900,#3901),
 .UNSPECIFIED.,.F.,.F.,(4,4),(0.,4.39276944298028E-5),.UNSPECIFIED.);
#86=B_SPLINE_CURVE_WITH_KNOTS('',3,(#3963,#3964,#3965,#3966,#3967,#3968,
#3969,#3970,#3971,#3972,#3973),.UNSPECIFIED.,.F.,.F.,(4,1,1,1,1,1,1,1,4),
(0.,0.000393772976893244,0.000590659465339866,0.000787545953786489,0.00118131893067973,
0.00157509190757298,0.00196886488446622,0.00236263786135947,0.00315018381514595),
 .UNSPECIFIED.);
#87=B_SPLINE_CURVE_WITH_KNOTS('',3,(#3976,#3977,#3978,#3979,#3980,#3981,
#3982,#3983,#3984,#3985,#3986),.UNSPECIFIED.,.F.,.F.,(4,1,1,1,1,1,1,1,4),
(0.,0.000777103452777817,0.00116565517916673,0.00155420690555563,0.00194275863194454,
0.00233131035833345,0.00252558622152791,0.00271986208472236,0.00310841381111127),
 .UNSPECIFIED.);
#88=CIRCLE('',#2372,0.00175);
#89=CIRCLE('',#2373,0.00175);
#90=CIRCLE('',#2374,0.01);
#91=CIRCLE('',#2375,0.004);
#92=CIRCLE('',#2376,0.004);
#93=CIRCLE('',#2377,0.01);
#94=CIRCLE('',#2379,0.01);
#95=CIRCLE('',#2384,0.001);
#96=CIRCLE('',#2385,0.001);
#97=CIRCLE('',#2387,0.001);
#98=CIRCLE('',#2388,0.001);
#99=CIRCLE('',#2391,0.001);
#100=CIRCLE('',#2392,0.001);
#101=CIRCLE('',#2393,0.0105);
#102=CIRCLE('',#2396,0.002);
#103=CIRCLE('',#2397,0.002);
#104=CIRCLE('',#2398,0.001);
#105=CIRCLE('',#2399,0.001);
#106=CIRCLE('',#2400,0.0105);
#107=CIRCLE('',#2402,0.01);
#108=CIRCLE('',#2405,0.001);
#109=CIRCLE('',#2406,0.001);
#110=CIRCLE('',#2408,0.001);
#111=CIRCLE('',#2409,0.001);
#112=CIRCLE('',#2411,0.001);
#113=CIRCLE('',#2412,0.001);
#114=CIRCLE('',#2414,0.001);
#115=CIRCLE('',#2415,0.001);
#116=CIRCLE('',#2418,0.001);
#117=CIRCLE('',#2419,0.001);
#118=CIRCLE('',#2421,0.01);
#119=CIRCLE('',#2422,0.00175);
#120=CIRCLE('',#2423,0.00175);
#121=CIRCLE('',#2424,0.01);
#122=CIRCLE('',#2425,0.004);
#123=CIRCLE('',#2426,0.004);
#124=CIRCLE('',#2428,0.004);
#125=CIRCLE('',#2429,0.001);
#126=CIRCLE('',#2430,0.001);
#127=CIRCLE('',#2431,0.001);
#128=CIRCLE('',#2432,0.001);
#129=CIRCLE('',#2433,0.002);
#130=CIRCLE('',#2434,0.002);
#131=CIRCLE('',#2435,0.002);
#132=CIRCLE('',#2436,0.002);
#133=CIRCLE('',#2437,0.0095);
#134=CIRCLE('',#2439,0.002);
#135=CIRCLE('',#2440,0.002);
#136=CIRCLE('',#2441,0.002);
#137=CIRCLE('',#2442,0.002);
#138=CIRCLE('',#2443,0.001);
#139=CIRCLE('',#2444,0.001);
#140=CIRCLE('',#2445,0.001);
#141=CIRCLE('',#2446,0.001);
#142=CIRCLE('',#2447,0.004);
#143=CIRCLE('',#2448,0.0095);
#144=CIRCLE('',#2450,0.001);
#145=CIRCLE('',#2451,0.001);
#146=CIRCLE('',#2452,0.001);
#147=CIRCLE('',#2453,0.001);
#148=CIRCLE('',#2454,0.001);
#149=CIRCLE('',#2455,0.001);
#150=CIRCLE('',#2456,0.001);
#151=CIRCLE('',#2457,0.001);
#152=CIRCLE('',#2458,0.004);
#153=CIRCLE('',#2459,0.0095);
#154=CIRCLE('',#2461,0.001);
#155=CIRCLE('',#2463,0.001);
#156=CIRCLE('',#2465,0.001);
#157=CIRCLE('',#2467,0.001);
#158=CIRCLE('',#2469,0.001);
#159=CIRCLE('',#2470,0.001);
#160=CIRCLE('',#2472,0.001);
#161=CIRCLE('',#2473,0.001);
#162=CIRCLE('',#2475,0.001);
#163=CIRCLE('',#2476,0.001);
#164=CIRCLE('',#2478,0.001);
#165=CIRCLE('',#2479,0.001);
#166=CIRCLE('',#2482,0.001);
#167=CIRCLE('',#2483,0.001);
#168=CIRCLE('',#2484,0.001);
#169=CIRCLE('',#2485,0.001);
#170=CIRCLE('',#2486,0.004);
#171=CIRCLE('',#2487,0.0095);
#172=CIRCLE('',#2499,0.002);
#173=CIRCLE('',#2502,0.002);
#174=CIRCLE('',#2505,0.002);
#175=CIRCLE('',#2508,0.002);
#176=CIRCLE('',#2511,0.002);
#177=CIRCLE('',#2514,0.002);
#178=CIRCLE('',#2517,0.002);
#179=CIRCLE('',#2520,0.002);
#180=CIRCLE('',#2523,0.0095);
#181=CIRCLE('',#2525,0.0095);
#182=CIRCLE('',#2532,0.01125);
#183=CIRCLE('',#2533,0.01125);
#184=CIRCLE('',#2535,0.002);
#185=CIRCLE('',#2536,0.002);
#186=CIRCLE('',#2537,0.00125);
#187=CIRCLE('',#2538,0.00125);
#188=CIRCLE('',#2539,0.002);
#189=CIRCLE('',#2540,0.002);
#190=CIRCLE('',#2541,0.0105);
#191=CIRCLE('',#2542,0.002);
#192=CIRCLE('',#2543,0.002);
#193=CIRCLE('',#2544,0.001);
#194=CIRCLE('',#2545,0.001);
#195=CIRCLE('',#2547,0.002);
#196=CIRCLE('',#2548,0.0105);
#197=CIRCLE('',#2549,0.002);
#198=CIRCLE('',#2550,0.002);
#199=CIRCLE('',#2551,0.002);
#200=CIRCLE('',#2552,0.001);
#201=CIRCLE('',#2553,0.001);
#202=CIRCLE('',#2562,0.001);
#203=CIRCLE('',#2565,0.001);
#204=CIRCLE('',#2568,0.002);
#205=CIRCLE('',#2571,0.002);
#206=CIRCLE('',#2574,0.002);
#207=CIRCLE('',#2577,0.002);
#208=CIRCLE('',#2583,0.001);
#209=CIRCLE('',#2584,0.001);
#210=CIRCLE('',#2611,0.01);
#211=CIRCLE('',#2614,0.01);
#212=CIRCLE('',#2627,0.00125);
#213=CIRCLE('',#2630,0.00125);
#214=ORIENTED_EDGE('',*,*,#826,.F.);
#215=ORIENTED_EDGE('',*,*,#827,.T.);
#216=ORIENTED_EDGE('',*,*,#828,.T.);
#217=ORIENTED_EDGE('',*,*,#829,.T.);
#218=ORIENTED_EDGE('',*,*,#830,.T.);
#219=ORIENTED_EDGE('',*,*,#831,.F.);
#220=ORIENTED_EDGE('',*,*,#832,.T.);
#221=ORIENTED_EDGE('',*,*,#833,.F.);
#222=ORIENTED_EDGE('',*,*,#834,.T.);
#223=ORIENTED_EDGE('',*,*,#835,.T.);
#224=ORIENTED_EDGE('',*,*,#836,.T.);
#225=ORIENTED_EDGE('',*,*,#837,.T.);
#226=ORIENTED_EDGE('',*,*,#838,.T.);
#227=ORIENTED_EDGE('',*,*,#839,.F.);
#228=ORIENTED_EDGE('',*,*,#840,.T.);
#229=ORIENTED_EDGE('',*,*,#841,.F.);
#230=ORIENTED_EDGE('',*,*,#842,.T.);
#231=ORIENTED_EDGE('',*,*,#843,.F.);
#232=ORIENTED_EDGE('',*,*,#844,.T.);
#233=ORIENTED_EDGE('',*,*,#845,.T.);
#234=ORIENTED_EDGE('',*,*,#846,.F.);
#235=ORIENTED_EDGE('',*,*,#847,.F.);
#236=ORIENTED_EDGE('',*,*,#848,.F.);
#237=ORIENTED_EDGE('',*,*,#849,.F.);
#238=ORIENTED_EDGE('',*,*,#850,.T.);
#239=ORIENTED_EDGE('',*,*,#851,.F.);
#240=ORIENTED_EDGE('',*,*,#852,.T.);
#241=ORIENTED_EDGE('',*,*,#853,.T.);
#242=ORIENTED_EDGE('',*,*,#854,.T.);
#243=ORIENTED_EDGE('',*,*,#855,.F.);
#244=ORIENTED_EDGE('',*,*,#856,.T.);
#245=ORIENTED_EDGE('',*,*,#857,.T.);
#246=ORIENTED_EDGE('',*,*,#858,.T.);
#247=ORIENTED_EDGE('',*,*,#859,.F.);
#248=ORIENTED_EDGE('',*,*,#860,.F.);
#249=ORIENTED_EDGE('',*,*,#861,.T.);
#250=ORIENTED_EDGE('',*,*,#862,.F.);
#251=ORIENTED_EDGE('',*,*,#863,.T.);
#252=ORIENTED_EDGE('',*,*,#864,.T.);
#253=ORIENTED_EDGE('',*,*,#845,.F.);
#254=ORIENTED_EDGE('',*,*,#865,.T.);
#255=ORIENTED_EDGE('',*,*,#866,.F.);
#256=ORIENTED_EDGE('',*,*,#867,.T.);
#257=ORIENTED_EDGE('',*,*,#868,.T.);
#258=ORIENTED_EDGE('',*,*,#869,.T.);
#259=ORIENTED_EDGE('',*,*,#870,.T.);
#260=ORIENTED_EDGE('',*,*,#831,.T.);
#261=ORIENTED_EDGE('',*,*,#871,.T.);
#262=ORIENTED_EDGE('',*,*,#872,.T.);
#263=ORIENTED_EDGE('',*,*,#873,.F.);
#264=ORIENTED_EDGE('',*,*,#847,.T.);
#265=ORIENTED_EDGE('',*,*,#874,.F.);
#266=ORIENTED_EDGE('',*,*,#875,.T.);
#267=ORIENTED_EDGE('',*,*,#876,.F.);
#268=ORIENTED_EDGE('',*,*,#851,.T.);
#269=ORIENTED_EDGE('',*,*,#877,.T.);
#270=ORIENTED_EDGE('',*,*,#878,.T.);
#271=ORIENTED_EDGE('',*,*,#879,.F.);
#272=ORIENTED_EDGE('',*,*,#880,.T.);
#273=ORIENTED_EDGE('',*,*,#881,.F.);
#274=ORIENTED_EDGE('',*,*,#882,.T.);
#275=ORIENTED_EDGE('',*,*,#883,.F.);
#276=ORIENTED_EDGE('',*,*,#884,.F.);
#277=ORIENTED_EDGE('',*,*,#885,.F.);
#278=ORIENTED_EDGE('',*,*,#886,.F.);
#279=ORIENTED_EDGE('',*,*,#885,.T.);
#280=ORIENTED_EDGE('',*,*,#887,.T.);
#281=ORIENTED_EDGE('',*,*,#888,.F.);
#282=ORIENTED_EDGE('',*,*,#889,.T.);
#283=ORIENTED_EDGE('',*,*,#890,.T.);
#284=ORIENTED_EDGE('',*,*,#891,.T.);
#285=ORIENTED_EDGE('',*,*,#892,.T.);
#286=ORIENTED_EDGE('',*,*,#877,.F.);
#287=ORIENTED_EDGE('',*,*,#850,.F.);
#288=ORIENTED_EDGE('',*,*,#893,.F.);
#289=ORIENTED_EDGE('',*,*,#894,.T.);
#290=ORIENTED_EDGE('',*,*,#895,.T.);
#291=ORIENTED_EDGE('',*,*,#896,.F.);
#292=ORIENTED_EDGE('',*,*,#897,.F.);
#293=ORIENTED_EDGE('',*,*,#898,.T.);
#294=ORIENTED_EDGE('',*,*,#899,.T.);
#295=ORIENTED_EDGE('',*,*,#900,.F.);
#296=ORIENTED_EDGE('',*,*,#901,.F.);
#297=ORIENTED_EDGE('',*,*,#902,.F.);
#298=ORIENTED_EDGE('',*,*,#903,.F.);
#299=ORIENTED_EDGE('',*,*,#904,.F.);
#300=ORIENTED_EDGE('',*,*,#873,.T.);
#301=ORIENTED_EDGE('',*,*,#905,.F.);
#302=ORIENTED_EDGE('',*,*,#906,.F.);
#303=ORIENTED_EDGE('',*,*,#907,.T.);
#304=ORIENTED_EDGE('',*,*,#908,.F.);
#305=ORIENTED_EDGE('',*,*,#909,.F.);
#306=ORIENTED_EDGE('',*,*,#910,.T.);
#307=ORIENTED_EDGE('',*,*,#848,.T.);
#308=ORIENTED_EDGE('',*,*,#879,.T.);
#309=ORIENTED_EDGE('',*,*,#911,.T.);
#310=ORIENTED_EDGE('',*,*,#912,.F.);
#311=ORIENTED_EDGE('',*,*,#913,.T.);
#312=ORIENTED_EDGE('',*,*,#914,.T.);
#313=ORIENTED_EDGE('',*,*,#915,.T.);
#314=ORIENTED_EDGE('',*,*,#859,.T.);
#315=ORIENTED_EDGE('',*,*,#916,.T.);
#316=ORIENTED_EDGE('',*,*,#917,.F.);
#317=ORIENTED_EDGE('',*,*,#918,.T.);
#318=ORIENTED_EDGE('',*,*,#919,.T.);
#319=ORIENTED_EDGE('',*,*,#896,.T.);
#320=ORIENTED_EDGE('',*,*,#920,.T.);
#321=ORIENTED_EDGE('',*,*,#907,.F.);
#322=ORIENTED_EDGE('',*,*,#921,.T.);
#323=ORIENTED_EDGE('',*,*,#922,.T.);
#324=ORIENTED_EDGE('',*,*,#923,.F.);
#325=ORIENTED_EDGE('',*,*,#917,.T.);
#326=ORIENTED_EDGE('',*,*,#924,.T.);
#327=ORIENTED_EDGE('',*,*,#925,.F.);
#328=ORIENTED_EDGE('',*,*,#926,.T.);
#329=ORIENTED_EDGE('',*,*,#927,.F.);
#330=ORIENTED_EDGE('',*,*,#928,.F.);
#331=ORIENTED_EDGE('',*,*,#929,.T.);
#332=ORIENTED_EDGE('',*,*,#930,.T.);
#333=ORIENTED_EDGE('',*,*,#931,.T.);
#334=ORIENTED_EDGE('',*,*,#883,.T.);
#335=ORIENTED_EDGE('',*,*,#932,.T.);
#336=ORIENTED_EDGE('',*,*,#933,.F.);
#337=ORIENTED_EDGE('',*,*,#934,.T.);
#338=ORIENTED_EDGE('',*,*,#935,.F.);
#339=ORIENTED_EDGE('',*,*,#936,.F.);
#340=ORIENTED_EDGE('',*,*,#937,.T.);
#341=ORIENTED_EDGE('',*,*,#938,.F.);
#342=ORIENTED_EDGE('',*,*,#939,.T.);
#343=ORIENTED_EDGE('',*,*,#940,.T.);
#344=ORIENTED_EDGE('',*,*,#941,.T.);
#345=ORIENTED_EDGE('',*,*,#942,.T.);
#346=ORIENTED_EDGE('',*,*,#943,.T.);
#347=ORIENTED_EDGE('',*,*,#933,.T.);
#348=ORIENTED_EDGE('',*,*,#944,.F.);
#349=ORIENTED_EDGE('',*,*,#945,.T.);
#350=ORIENTED_EDGE('',*,*,#946,.T.);
#351=ORIENTED_EDGE('',*,*,#912,.T.);
#352=ORIENTED_EDGE('',*,*,#947,.T.);
#353=ORIENTED_EDGE('',*,*,#891,.F.);
#354=ORIENTED_EDGE('',*,*,#919,.F.);
#355=ORIENTED_EDGE('',*,*,#948,.F.);
#356=ORIENTED_EDGE('',*,*,#949,.T.);
#357=ORIENTED_EDGE('',*,*,#950,.T.);
#358=ORIENTED_EDGE('',*,*,#951,.T.);
#359=ORIENTED_EDGE('',*,*,#952,.F.);
#360=ORIENTED_EDGE('',*,*,#953,.T.);
#361=ORIENTED_EDGE('',*,*,#954,.T.);
#362=ORIENTED_EDGE('',*,*,#955,.T.);
#363=ORIENTED_EDGE('',*,*,#956,.T.);
#364=ORIENTED_EDGE('',*,*,#957,.T.);
#365=ORIENTED_EDGE('',*,*,#958,.T.);
#366=ORIENTED_EDGE('',*,*,#959,.T.);
#367=ORIENTED_EDGE('',*,*,#960,.T.);
#368=ORIENTED_EDGE('',*,*,#961,.T.);
#369=ORIENTED_EDGE('',*,*,#962,.F.);
#370=ORIENTED_EDGE('',*,*,#963,.T.);
#371=ORIENTED_EDGE('',*,*,#964,.T.);
#372=ORIENTED_EDGE('',*,*,#965,.T.);
#373=ORIENTED_EDGE('',*,*,#966,.T.);
#374=ORIENTED_EDGE('',*,*,#967,.T.);
#375=ORIENTED_EDGE('',*,*,#968,.T.);
#376=ORIENTED_EDGE('',*,*,#969,.F.);
#377=ORIENTED_EDGE('',*,*,#970,.F.);
#378=ORIENTED_EDGE('',*,*,#971,.F.);
#379=ORIENTED_EDGE('',*,*,#972,.F.);
#380=ORIENTED_EDGE('',*,*,#956,.F.);
#381=ORIENTED_EDGE('',*,*,#973,.T.);
#382=ORIENTED_EDGE('',*,*,#843,.T.);
#383=ORIENTED_EDGE('',*,*,#974,.T.);
#384=ORIENTED_EDGE('',*,*,#975,.F.);
#385=ORIENTED_EDGE('',*,*,#976,.F.);
#386=ORIENTED_EDGE('',*,*,#977,.F.);
#387=ORIENTED_EDGE('',*,*,#978,.F.);
#388=ORIENTED_EDGE('',*,*,#979,.F.);
#389=ORIENTED_EDGE('',*,*,#980,.F.);
#390=ORIENTED_EDGE('',*,*,#981,.F.);
#391=ORIENTED_EDGE('',*,*,#982,.F.);
#392=ORIENTED_EDGE('',*,*,#983,.F.);
#393=ORIENTED_EDGE('',*,*,#835,.F.);
#394=ORIENTED_EDGE('',*,*,#984,.T.);
#395=ORIENTED_EDGE('',*,*,#948,.T.);
#396=ORIENTED_EDGE('',*,*,#985,.T.);
#397=ORIENTED_EDGE('',*,*,#986,.F.);
#398=ORIENTED_EDGE('',*,*,#987,.F.);
#399=ORIENTED_EDGE('',*,*,#988,.F.);
#400=ORIENTED_EDGE('',*,*,#989,.F.);
#401=ORIENTED_EDGE('',*,*,#990,.F.);
#402=ORIENTED_EDGE('',*,*,#991,.F.);
#403=ORIENTED_EDGE('',*,*,#992,.F.);
#404=ORIENTED_EDGE('',*,*,#993,.F.);
#405=ORIENTED_EDGE('',*,*,#994,.F.);
#406=ORIENTED_EDGE('',*,*,#995,.T.);
#407=ORIENTED_EDGE('',*,*,#993,.T.);
#408=ORIENTED_EDGE('',*,*,#996,.F.);
#409=ORIENTED_EDGE('',*,*,#991,.T.);
#410=ORIENTED_EDGE('',*,*,#997,.F.);
#411=ORIENTED_EDGE('',*,*,#989,.T.);
#412=ORIENTED_EDGE('',*,*,#998,.F.);
#413=ORIENTED_EDGE('',*,*,#987,.T.);
#414=ORIENTED_EDGE('',*,*,#999,.F.);
#415=ORIENTED_EDGE('',*,*,#1000,.F.);
#416=ORIENTED_EDGE('',*,*,#1001,.T.);
#417=ORIENTED_EDGE('',*,*,#1002,.F.);
#418=ORIENTED_EDGE('',*,*,#1003,.T.);
#419=ORIENTED_EDGE('',*,*,#1004,.F.);
#420=ORIENTED_EDGE('',*,*,#1005,.T.);
#421=ORIENTED_EDGE('',*,*,#1006,.F.);
#422=ORIENTED_EDGE('',*,*,#1007,.T.);
#423=ORIENTED_EDGE('',*,*,#839,.T.);
#424=ORIENTED_EDGE('',*,*,#1008,.T.);
#425=ORIENTED_EDGE('',*,*,#960,.F.);
#426=ORIENTED_EDGE('',*,*,#1009,.T.);
#427=ORIENTED_EDGE('',*,*,#1010,.T.);
#428=ORIENTED_EDGE('',*,*,#1006,.T.);
#429=ORIENTED_EDGE('',*,*,#1011,.T.);
#430=ORIENTED_EDGE('',*,*,#1004,.T.);
#431=ORIENTED_EDGE('',*,*,#1012,.T.);
#432=ORIENTED_EDGE('',*,*,#1002,.T.);
#433=ORIENTED_EDGE('',*,*,#1013,.T.);
#434=ORIENTED_EDGE('',*,*,#1000,.T.);
#435=ORIENTED_EDGE('',*,*,#1014,.T.);
#436=ORIENTED_EDGE('',*,*,#1015,.T.);
#437=ORIENTED_EDGE('',*,*,#994,.T.);
#438=ORIENTED_EDGE('',*,*,#964,.F.);
#439=ORIENTED_EDGE('',*,*,#992,.T.);
#440=ORIENTED_EDGE('',*,*,#965,.F.);
#441=ORIENTED_EDGE('',*,*,#990,.T.);
#442=ORIENTED_EDGE('',*,*,#966,.F.);
#443=ORIENTED_EDGE('',*,*,#988,.T.);
#444=ORIENTED_EDGE('',*,*,#967,.F.);
#445=ORIENTED_EDGE('',*,*,#986,.T.);
#446=ORIENTED_EDGE('',*,*,#968,.F.);
#447=ORIENTED_EDGE('',*,*,#983,.T.);
#448=ORIENTED_EDGE('',*,*,#1014,.F.);
#449=ORIENTED_EDGE('',*,*,#982,.T.);
#450=ORIENTED_EDGE('',*,*,#1013,.F.);
#451=ORIENTED_EDGE('',*,*,#981,.T.);
#452=ORIENTED_EDGE('',*,*,#1012,.F.);
#453=ORIENTED_EDGE('',*,*,#980,.T.);
#454=ORIENTED_EDGE('',*,*,#1011,.F.);
#455=ORIENTED_EDGE('',*,*,#979,.T.);
#456=ORIENTED_EDGE('',*,*,#1010,.F.);
#457=ORIENTED_EDGE('',*,*,#1016,.F.);
#458=ORIENTED_EDGE('',*,*,#978,.T.);
#459=ORIENTED_EDGE('',*,*,#1007,.F.);
#460=ORIENTED_EDGE('',*,*,#1016,.T.);
#461=ORIENTED_EDGE('',*,*,#1017,.F.);
#462=ORIENTED_EDGE('',*,*,#976,.T.);
#463=ORIENTED_EDGE('',*,*,#1005,.F.);
#464=ORIENTED_EDGE('',*,*,#1017,.T.);
#465=ORIENTED_EDGE('',*,*,#1018,.F.);
#466=ORIENTED_EDGE('',*,*,#977,.T.);
#467=ORIENTED_EDGE('',*,*,#1003,.F.);
#468=ORIENTED_EDGE('',*,*,#1018,.T.);
#469=ORIENTED_EDGE('',*,*,#1019,.F.);
#470=ORIENTED_EDGE('',*,*,#975,.T.);
#471=ORIENTED_EDGE('',*,*,#1001,.F.);
#472=ORIENTED_EDGE('',*,*,#1019,.T.);
#473=ORIENTED_EDGE('',*,*,#1020,.F.);
#474=ORIENTED_EDGE('',*,*,#972,.T.);
#475=ORIENTED_EDGE('',*,*,#999,.T.);
#476=ORIENTED_EDGE('',*,*,#1020,.T.);
#477=ORIENTED_EDGE('',*,*,#1021,.F.);
#478=ORIENTED_EDGE('',*,*,#970,.T.);
#479=ORIENTED_EDGE('',*,*,#998,.T.);
#480=ORIENTED_EDGE('',*,*,#1021,.T.);
#481=ORIENTED_EDGE('',*,*,#1022,.F.);
#482=ORIENTED_EDGE('',*,*,#971,.T.);
#483=ORIENTED_EDGE('',*,*,#997,.T.);
#484=ORIENTED_EDGE('',*,*,#1022,.T.);
#485=ORIENTED_EDGE('',*,*,#1023,.F.);
#486=ORIENTED_EDGE('',*,*,#969,.T.);
#487=ORIENTED_EDGE('',*,*,#996,.T.);
#488=ORIENTED_EDGE('',*,*,#1023,.T.);
#489=ORIENTED_EDGE('',*,*,#963,.F.);
#490=ORIENTED_EDGE('',*,*,#1024,.T.);
#491=ORIENTED_EDGE('',*,*,#836,.F.);
#492=ORIENTED_EDGE('',*,*,#985,.F.);
#493=ORIENTED_EDGE('',*,*,#1015,.F.);
#494=ORIENTED_EDGE('',*,*,#995,.F.);
#495=ORIENTED_EDGE('',*,*,#957,.F.);
#496=ORIENTED_EDGE('',*,*,#974,.F.);
#497=ORIENTED_EDGE('',*,*,#842,.F.);
#498=ORIENTED_EDGE('',*,*,#1025,.T.);
#499=ORIENTED_EDGE('',*,*,#962,.T.);
#500=ORIENTED_EDGE('',*,*,#1026,.T.);
#501=ORIENTED_EDGE('',*,*,#837,.F.);
#502=ORIENTED_EDGE('',*,*,#1024,.F.);
#503=ORIENTED_EDGE('',*,*,#841,.T.);
#504=ORIENTED_EDGE('',*,*,#1027,.T.);
#505=ORIENTED_EDGE('',*,*,#958,.F.);
#506=ORIENTED_EDGE('',*,*,#1025,.F.);
#507=ORIENTED_EDGE('',*,*,#961,.F.);
#508=ORIENTED_EDGE('',*,*,#1008,.F.);
#509=ORIENTED_EDGE('',*,*,#838,.F.);
#510=ORIENTED_EDGE('',*,*,#1026,.F.);
#511=ORIENTED_EDGE('',*,*,#959,.F.);
#512=ORIENTED_EDGE('',*,*,#1027,.F.);
#513=ORIENTED_EDGE('',*,*,#840,.F.);
#514=ORIENTED_EDGE('',*,*,#1009,.F.);
#515=ORIENTED_EDGE('',*,*,#1028,.T.);
#516=ORIENTED_EDGE('',*,*,#1029,.T.);
#517=ORIENTED_EDGE('',*,*,#1030,.T.);
#518=ORIENTED_EDGE('',*,*,#853,.F.);
#519=ORIENTED_EDGE('',*,*,#1031,.T.);
#520=ORIENTED_EDGE('',*,*,#1032,.T.);
#521=ORIENTED_EDGE('',*,*,#1033,.T.);
#522=ORIENTED_EDGE('',*,*,#1034,.F.);
#523=ORIENTED_EDGE('',*,*,#905,.T.);
#524=ORIENTED_EDGE('',*,*,#1035,.T.);
#525=ORIENTED_EDGE('',*,*,#1036,.T.);
#526=ORIENTED_EDGE('',*,*,#1037,.T.);
#527=ORIENTED_EDGE('',*,*,#1038,.T.);
#528=ORIENTED_EDGE('',*,*,#1039,.F.);
#529=ORIENTED_EDGE('',*,*,#1040,.F.);
#530=ORIENTED_EDGE('',*,*,#1041,.F.);
#531=ORIENTED_EDGE('',*,*,#923,.T.);
#532=ORIENTED_EDGE('',*,*,#1042,.T.);
#533=ORIENTED_EDGE('',*,*,#1039,.T.);
#534=ORIENTED_EDGE('',*,*,#1043,.T.);
#535=ORIENTED_EDGE('',*,*,#1028,.F.);
#536=ORIENTED_EDGE('',*,*,#852,.F.);
#537=ORIENTED_EDGE('',*,*,#876,.T.);
#538=ORIENTED_EDGE('',*,*,#1044,.T.);
#539=ORIENTED_EDGE('',*,*,#1045,.T.);
#540=ORIENTED_EDGE('',*,*,#1046,.T.);
#541=ORIENTED_EDGE('',*,*,#1047,.F.);
#542=ORIENTED_EDGE('',*,*,#1048,.T.);
#543=ORIENTED_EDGE('',*,*,#1049,.F.);
#544=ORIENTED_EDGE('',*,*,#1050,.T.);
#545=ORIENTED_EDGE('',*,*,#939,.F.);
#546=ORIENTED_EDGE('',*,*,#918,.F.);
#547=ORIENTED_EDGE('',*,*,#1051,.F.);
#548=ORIENTED_EDGE('',*,*,#1052,.F.);
#549=ORIENTED_EDGE('',*,*,#1053,.T.);
#550=ORIENTED_EDGE('',*,*,#1054,.T.);
#551=ORIENTED_EDGE('',*,*,#1055,.T.);
#552=ORIENTED_EDGE('',*,*,#1056,.T.);
#553=ORIENTED_EDGE('',*,*,#1057,.F.);
#554=ORIENTED_EDGE('',*,*,#1058,.T.);
#555=ORIENTED_EDGE('',*,*,#874,.T.);
#556=ORIENTED_EDGE('',*,*,#886,.T.);
#557=ORIENTED_EDGE('',*,*,#1059,.T.);
#558=ORIENTED_EDGE('',*,*,#936,.T.);
#559=ORIENTED_EDGE('',*,*,#1060,.F.);
#560=ORIENTED_EDGE('',*,*,#1061,.T.);
#561=ORIENTED_EDGE('',*,*,#941,.F.);
#562=ORIENTED_EDGE('',*,*,#1062,.T.);
#563=ORIENTED_EDGE('',*,*,#1063,.T.);
#564=ORIENTED_EDGE('',*,*,#1064,.T.);
#565=ORIENTED_EDGE('',*,*,#935,.T.);
#566=ORIENTED_EDGE('',*,*,#1065,.F.);
#567=ORIENTED_EDGE('',*,*,#1066,.F.);
#568=ORIENTED_EDGE('',*,*,#1060,.T.);
#569=ORIENTED_EDGE('',*,*,#930,.F.);
#570=ORIENTED_EDGE('',*,*,#934,.F.);
#571=ORIENTED_EDGE('',*,*,#943,.F.);
#572=ORIENTED_EDGE('',*,*,#1067,.T.);
#573=ORIENTED_EDGE('',*,*,#1065,.T.);
#574=ORIENTED_EDGE('',*,*,#928,.T.);
#575=ORIENTED_EDGE('',*,*,#938,.T.);
#576=ORIENTED_EDGE('',*,*,#1068,.F.);
#577=ORIENTED_EDGE('',*,*,#887,.F.);
#578=ORIENTED_EDGE('',*,*,#884,.T.);
#579=ORIENTED_EDGE('',*,*,#937,.F.);
#580=ORIENTED_EDGE('',*,*,#1059,.F.);
#581=ORIENTED_EDGE('',*,*,#888,.T.);
#582=ORIENTED_EDGE('',*,*,#1068,.T.);
#583=ORIENTED_EDGE('',*,*,#1061,.F.);
#584=ORIENTED_EDGE('',*,*,#1066,.T.);
#585=ORIENTED_EDGE('',*,*,#1067,.F.);
#586=ORIENTED_EDGE('',*,*,#942,.F.);
#587=ORIENTED_EDGE('',*,*,#926,.F.);
#588=ORIENTED_EDGE('',*,*,#924,.F.);
#589=ORIENTED_EDGE('',*,*,#932,.F.);
#590=ORIENTED_EDGE('',*,*,#882,.F.);
#591=ORIENTED_EDGE('',*,*,#1069,.T.);
#592=ORIENTED_EDGE('',*,*,#1070,.T.);
#593=ORIENTED_EDGE('',*,*,#1071,.T.);
#594=ORIENTED_EDGE('',*,*,#1072,.F.);
#595=ORIENTED_EDGE('',*,*,#1073,.F.);
#596=ORIENTED_EDGE('',*,*,#944,.T.);
#597=ORIENTED_EDGE('',*,*,#1074,.F.);
#598=ORIENTED_EDGE('',*,*,#900,.T.);
#599=ORIENTED_EDGE('',*,*,#1075,.T.);
#600=ORIENTED_EDGE('',*,*,#1071,.F.);
#601=ORIENTED_EDGE('',*,*,#1075,.F.);
#602=ORIENTED_EDGE('',*,*,#899,.F.);
#603=ORIENTED_EDGE('',*,*,#1076,.T.);
#604=ORIENTED_EDGE('',*,*,#1077,.T.);
#605=ORIENTED_EDGE('',*,*,#1072,.T.);
#606=ORIENTED_EDGE('',*,*,#1077,.F.);
#607=ORIENTED_EDGE('',*,*,#1078,.T.);
#608=ORIENTED_EDGE('',*,*,#945,.F.);
#609=ORIENTED_EDGE('',*,*,#1073,.T.);
#610=ORIENTED_EDGE('',*,*,#1079,.F.);
#611=ORIENTED_EDGE('',*,*,#1080,.T.);
#612=ORIENTED_EDGE('',*,*,#897,.T.);
#613=ORIENTED_EDGE('',*,*,#1074,.T.);
#614=ORIENTED_EDGE('',*,*,#1070,.F.);
#615=ORIENTED_EDGE('',*,*,#881,.T.);
#616=ORIENTED_EDGE('',*,*,#1081,.T.);
#617=ORIENTED_EDGE('',*,*,#1079,.T.);
#618=ORIENTED_EDGE('',*,*,#1069,.F.);
#619=ORIENTED_EDGE('',*,*,#1082,.F.);
#620=ORIENTED_EDGE('',*,*,#1041,.T.);
#621=ORIENTED_EDGE('',*,*,#931,.F.);
#622=ORIENTED_EDGE('',*,*,#1082,.T.);
#623=ORIENTED_EDGE('',*,*,#1083,.F.);
#624=ORIENTED_EDGE('',*,*,#1040,.T.);
#625=ORIENTED_EDGE('',*,*,#929,.F.);
#626=ORIENTED_EDGE('',*,*,#1083,.T.);
#627=ORIENTED_EDGE('',*,*,#1084,.F.);
#628=ORIENTED_EDGE('',*,*,#901,.T.);
#629=ORIENTED_EDGE('',*,*,#927,.T.);
#630=ORIENTED_EDGE('',*,*,#1084,.T.);
#631=ORIENTED_EDGE('',*,*,#1085,.F.);
#632=ORIENTED_EDGE('',*,*,#902,.T.);
#633=ORIENTED_EDGE('',*,*,#925,.T.);
#634=ORIENTED_EDGE('',*,*,#1085,.T.);
#635=ORIENTED_EDGE('',*,*,#1086,.T.);
#636=ORIENTED_EDGE('',*,*,#1087,.T.);
#637=ORIENTED_EDGE('',*,*,#1088,.T.);
#638=ORIENTED_EDGE('',*,*,#1089,.T.);
#639=ORIENTED_EDGE('',*,*,#833,.T.);
#640=ORIENTED_EDGE('',*,*,#1090,.F.);
#641=ORIENTED_EDGE('',*,*,#1091,.T.);
#642=ORIENTED_EDGE('',*,*,#1092,.T.);
#643=ORIENTED_EDGE('',*,*,#1093,.T.);
#644=ORIENTED_EDGE('',*,*,#1094,.T.);
#645=ORIENTED_EDGE('',*,*,#855,.T.);
#646=ORIENTED_EDGE('',*,*,#1095,.F.);
#647=ORIENTED_EDGE('',*,*,#1096,.T.);
#648=ORIENTED_EDGE('',*,*,#1097,.T.);
#649=ORIENTED_EDGE('',*,*,#914,.F.);
#650=ORIENTED_EDGE('',*,*,#906,.T.);
#651=ORIENTED_EDGE('',*,*,#1098,.T.);
#652=ORIENTED_EDGE('',*,*,#1099,.T.);
#653=ORIENTED_EDGE('',*,*,#827,.F.);
#654=ORIENTED_EDGE('',*,*,#1100,.F.);
#655=ORIENTED_EDGE('',*,*,#1101,.T.);
#656=ORIENTED_EDGE('',*,*,#829,.F.);
#657=ORIENTED_EDGE('',*,*,#1102,.T.);
#658=ORIENTED_EDGE('',*,*,#952,.T.);
#659=ORIENTED_EDGE('',*,*,#1103,.T.);
#660=ORIENTED_EDGE('',*,*,#890,.F.);
#661=ORIENTED_EDGE('',*,*,#903,.T.);
#662=ORIENTED_EDGE('',*,*,#889,.F.);
#663=ORIENTED_EDGE('',*,*,#904,.T.);
#664=ORIENTED_EDGE('',*,*,#910,.F.);
#665=ORIENTED_EDGE('',*,*,#1104,.F.);
#666=ORIENTED_EDGE('',*,*,#893,.T.);
#667=ORIENTED_EDGE('',*,*,#849,.T.);
#668=ORIENTED_EDGE('',*,*,#909,.T.);
#669=ORIENTED_EDGE('',*,*,#1105,.F.);
#670=ORIENTED_EDGE('',*,*,#894,.F.);
#671=ORIENTED_EDGE('',*,*,#1104,.T.);
#672=ORIENTED_EDGE('',*,*,#908,.T.);
#673=ORIENTED_EDGE('',*,*,#920,.F.);
#674=ORIENTED_EDGE('',*,*,#895,.F.);
#675=ORIENTED_EDGE('',*,*,#1105,.T.);
#676=ORIENTED_EDGE('',*,*,#1045,.F.);
#677=ORIENTED_EDGE('',*,*,#1106,.T.);
#678=ORIENTED_EDGE('',*,*,#1057,.T.);
#679=ORIENTED_EDGE('',*,*,#1107,.T.);
#680=ORIENTED_EDGE('',*,*,#1055,.F.);
#681=ORIENTED_EDGE('',*,*,#1108,.T.);
#682=ORIENTED_EDGE('',*,*,#1047,.T.);
#683=ORIENTED_EDGE('',*,*,#1109,.T.);
#684=ORIENTED_EDGE('',*,*,#1053,.F.);
#685=ORIENTED_EDGE('',*,*,#1110,.T.);
#686=ORIENTED_EDGE('',*,*,#1049,.T.);
#687=ORIENTED_EDGE('',*,*,#1111,.T.);
#688=ORIENTED_EDGE('',*,*,#1063,.F.);
#689=ORIENTED_EDGE('',*,*,#1051,.T.);
#690=ORIENTED_EDGE('',*,*,#1064,.F.);
#691=ORIENTED_EDGE('',*,*,#1052,.T.);
#692=ORIENTED_EDGE('',*,*,#1062,.F.);
#693=ORIENTED_EDGE('',*,*,#940,.F.);
#694=ORIENTED_EDGE('',*,*,#1050,.F.);
#695=ORIENTED_EDGE('',*,*,#1110,.F.);
#696=ORIENTED_EDGE('',*,*,#1054,.F.);
#697=ORIENTED_EDGE('',*,*,#1111,.F.);
#698=ORIENTED_EDGE('',*,*,#1048,.F.);
#699=ORIENTED_EDGE('',*,*,#1108,.F.);
#700=ORIENTED_EDGE('',*,*,#1058,.F.);
#701=ORIENTED_EDGE('',*,*,#1106,.F.);
#702=ORIENTED_EDGE('',*,*,#1044,.F.);
#703=ORIENTED_EDGE('',*,*,#875,.F.);
#704=ORIENTED_EDGE('',*,*,#1056,.F.);
#705=ORIENTED_EDGE('',*,*,#1109,.F.);
#706=ORIENTED_EDGE('',*,*,#1046,.F.);
#707=ORIENTED_EDGE('',*,*,#1107,.F.);
#708=ORIENTED_EDGE('',*,*,#828,.F.);
#709=ORIENTED_EDGE('',*,*,#1099,.F.);
#710=ORIENTED_EDGE('',*,*,#953,.F.);
#711=ORIENTED_EDGE('',*,*,#1102,.F.);
#712=ORIENTED_EDGE('',*,*,#830,.F.);
#713=ORIENTED_EDGE('',*,*,#1103,.F.);
#714=ORIENTED_EDGE('',*,*,#951,.F.);
#715=ORIENTED_EDGE('',*,*,#871,.F.);
#716=ORIENTED_EDGE('',*,*,#950,.F.);
#717=ORIENTED_EDGE('',*,*,#1112,.T.);
#718=ORIENTED_EDGE('',*,*,#1113,.T.);
#719=ORIENTED_EDGE('',*,*,#1035,.F.);
#720=ORIENTED_EDGE('',*,*,#872,.F.);
#721=ORIENTED_EDGE('',*,*,#1114,.T.);
#722=ORIENTED_EDGE('',*,*,#1115,.T.);
#723=ORIENTED_EDGE('',*,*,#954,.F.);
#724=ORIENTED_EDGE('',*,*,#1098,.F.);
#725=ORIENTED_EDGE('',*,*,#1034,.T.);
#726=ORIENTED_EDGE('',*,*,#1088,.F.);
#727=ORIENTED_EDGE('',*,*,#1116,.T.);
#728=ORIENTED_EDGE('',*,*,#1036,.F.);
#729=ORIENTED_EDGE('',*,*,#1113,.F.);
#730=ORIENTED_EDGE('',*,*,#1117,.T.);
#731=ORIENTED_EDGE('',*,*,#1033,.F.);
#732=ORIENTED_EDGE('',*,*,#1118,.T.);
#733=ORIENTED_EDGE('',*,*,#856,.F.);
#734=ORIENTED_EDGE('',*,*,#1119,.T.);
#735=ORIENTED_EDGE('',*,*,#1114,.F.);
#736=ORIENTED_EDGE('',*,*,#1030,.F.);
#737=ORIENTED_EDGE('',*,*,#1120,.T.);
#738=ORIENTED_EDGE('',*,*,#1086,.F.);
#739=ORIENTED_EDGE('',*,*,#854,.F.);
#740=ORIENTED_EDGE('',*,*,#834,.F.);
#741=ORIENTED_EDGE('',*,*,#1089,.F.);
#742=ORIENTED_EDGE('',*,*,#1117,.F.);
#743=ORIENTED_EDGE('',*,*,#1112,.F.);
#744=ORIENTED_EDGE('',*,*,#949,.F.);
#745=ORIENTED_EDGE('',*,*,#984,.F.);
#746=ORIENTED_EDGE('',*,*,#858,.F.);
#747=ORIENTED_EDGE('',*,*,#1121,.T.);
#748=ORIENTED_EDGE('',*,*,#921,.F.);
#749=ORIENTED_EDGE('',*,*,#916,.F.);
#750=ORIENTED_EDGE('',*,*,#844,.F.);
#751=ORIENTED_EDGE('',*,*,#973,.F.);
#752=ORIENTED_EDGE('',*,*,#955,.F.);
#753=ORIENTED_EDGE('',*,*,#1115,.F.);
#754=ORIENTED_EDGE('',*,*,#1119,.F.);
#755=ORIENTED_EDGE('',*,*,#865,.F.);
#756=ORIENTED_EDGE('',*,*,#870,.F.);
#757=ORIENTED_EDGE('',*,*,#1122,.T.);
#758=ORIENTED_EDGE('',*,*,#1090,.T.);
#759=ORIENTED_EDGE('',*,*,#832,.F.);
#760=ORIENTED_EDGE('',*,*,#1094,.F.);
#761=ORIENTED_EDGE('',*,*,#1123,.T.);
#762=ORIENTED_EDGE('',*,*,#866,.T.);
#763=ORIENTED_EDGE('',*,*,#846,.T.);
#764=ORIENTED_EDGE('',*,*,#868,.F.);
#765=ORIENTED_EDGE('',*,*,#1124,.T.);
#766=ORIENTED_EDGE('',*,*,#1092,.F.);
#767=ORIENTED_EDGE('',*,*,#1125,.T.);
#768=ORIENTED_EDGE('',*,*,#864,.F.);
#769=ORIENTED_EDGE('',*,*,#1126,.T.);
#770=ORIENTED_EDGE('',*,*,#1100,.T.);
#771=ORIENTED_EDGE('',*,*,#826,.T.);
#772=ORIENTED_EDGE('',*,*,#1097,.F.);
#773=ORIENTED_EDGE('',*,*,#1127,.T.);
#774=ORIENTED_EDGE('',*,*,#860,.T.);
#775=ORIENTED_EDGE('',*,*,#915,.F.);
#776=ORIENTED_EDGE('',*,*,#862,.T.);
#777=ORIENTED_EDGE('',*,*,#1128,.T.);
#778=ORIENTED_EDGE('',*,*,#1095,.T.);
#779=ORIENTED_EDGE('',*,*,#1129,.T.);
#780=ORIENTED_EDGE('',*,*,#1096,.F.);
#781=ORIENTED_EDGE('',*,*,#1128,.F.);
#782=ORIENTED_EDGE('',*,*,#861,.F.);
#783=ORIENTED_EDGE('',*,*,#1127,.F.);
#784=ORIENTED_EDGE('',*,*,#1101,.F.);
#785=ORIENTED_EDGE('',*,*,#1126,.F.);
#786=ORIENTED_EDGE('',*,*,#863,.F.);
#787=ORIENTED_EDGE('',*,*,#1129,.F.);
#788=ORIENTED_EDGE('',*,*,#867,.F.);
#789=ORIENTED_EDGE('',*,*,#1123,.F.);
#790=ORIENTED_EDGE('',*,*,#1093,.F.);
#791=ORIENTED_EDGE('',*,*,#1124,.F.);
#792=ORIENTED_EDGE('',*,*,#869,.F.);
#793=ORIENTED_EDGE('',*,*,#1125,.F.);
#794=ORIENTED_EDGE('',*,*,#1091,.F.);
#795=ORIENTED_EDGE('',*,*,#1122,.F.);
#796=ORIENTED_EDGE('',*,*,#1042,.F.);
#797=ORIENTED_EDGE('',*,*,#922,.F.);
#798=ORIENTED_EDGE('',*,*,#1130,.F.);
#799=ORIENTED_EDGE('',*,*,#1031,.F.);
#800=ORIENTED_EDGE('',*,*,#1130,.T.);
#801=ORIENTED_EDGE('',*,*,#1121,.F.);
#802=ORIENTED_EDGE('',*,*,#857,.F.);
#803=ORIENTED_EDGE('',*,*,#1118,.F.);
#804=ORIENTED_EDGE('',*,*,#1032,.F.);
#805=ORIENTED_EDGE('',*,*,#1043,.F.);
#806=ORIENTED_EDGE('',*,*,#1038,.F.);
#807=ORIENTED_EDGE('',*,*,#1131,.F.);
#808=ORIENTED_EDGE('',*,*,#1029,.F.);
#809=ORIENTED_EDGE('',*,*,#1087,.F.);
#810=ORIENTED_EDGE('',*,*,#1120,.F.);
#811=ORIENTED_EDGE('',*,*,#1131,.T.);
#812=ORIENTED_EDGE('',*,*,#1037,.F.);
#813=ORIENTED_EDGE('',*,*,#1116,.F.);
#814=ORIENTED_EDGE('',*,*,#892,.F.);
#815=ORIENTED_EDGE('',*,*,#947,.F.);
#816=ORIENTED_EDGE('',*,*,#911,.F.);
#817=ORIENTED_EDGE('',*,*,#878,.F.);
#818=ORIENTED_EDGE('',*,*,#913,.F.);
#819=ORIENTED_EDGE('',*,*,#946,.F.);
#820=ORIENTED_EDGE('',*,*,#1078,.F.);
#821=ORIENTED_EDGE('',*,*,#1076,.F.);
#822=ORIENTED_EDGE('',*,*,#898,.F.);
#823=ORIENTED_EDGE('',*,*,#1080,.F.);
#824=ORIENTED_EDGE('',*,*,#1081,.F.);
#825=ORIENTED_EDGE('',*,*,#880,.F.);
#826=EDGE_CURVE('',#1132,#1133,#1360,.T.);
#827=EDGE_CURVE('',#1132,#1134,#1361,.T.);
#828=EDGE_CURVE('',#1134,#1135,#88,.T.);
#829=EDGE_CURVE('',#1135,#1136,#1362,.T.);
#830=EDGE_CURVE('',#1136,#1137,#89,.T.);
#831=EDGE_CURVE('',#1138,#1137,#1363,.T.);
#832=EDGE_CURVE('',#1138,#1139,#1364,.T.);
#833=EDGE_CURVE('',#1140,#1139,#1365,.T.);
#834=EDGE_CURVE('',#1140,#1141,#90,.F.);
#835=EDGE_CURVE('',#1141,#1142,#1366,.T.);
#836=EDGE_CURVE('',#1142,#1143,#1367,.F.);
#837=EDGE_CURVE('',#1143,#1144,#1368,.T.);
#838=EDGE_CURVE('',#1144,#1145,#91,.T.);
#839=EDGE_CURVE('',#1146,#1145,#1369,.T.);
#840=EDGE_CURVE('',#1146,#1147,#92,.T.);
#841=EDGE_CURVE('',#1148,#1147,#1370,.T.);
#842=EDGE_CURVE('',#1148,#1149,#1371,.F.);
#843=EDGE_CURVE('',#1150,#1149,#1372,.T.);
#844=EDGE_CURVE('',#1150,#1151,#93,.F.);
#845=EDGE_CURVE('',#1151,#1133,#1373,.T.);
#846=EDGE_CURVE('',#1152,#1153,#1374,.T.);
#847=EDGE_CURVE('',#1154,#1152,#1375,.T.);
#848=EDGE_CURVE('',#1155,#1154,#1376,.T.);
#849=EDGE_CURVE('',#1156,#1155,#1377,.T.);
#850=EDGE_CURVE('',#1156,#1157,#1378,.T.);
#851=EDGE_CURVE('',#1158,#1157,#1379,.T.);
#852=EDGE_CURVE('',#1158,#1159,#1380,.T.);
#853=EDGE_CURVE('',#1159,#1160,#1381,.T.);
#854=EDGE_CURVE('',#1160,#1161,#94,.T.);
#855=EDGE_CURVE('',#1153,#1161,#1382,.T.);
#856=EDGE_CURVE('',#1162,#1163,#1383,.T.);
#857=EDGE_CURVE('',#1163,#1164,#84,.T.);
#858=EDGE_CURVE('',#1164,#1165,#1384,.T.);
#859=EDGE_CURVE('',#1166,#1165,#1385,.T.);
#860=EDGE_CURVE('',#1167,#1166,#1386,.T.);
#861=EDGE_CURVE('',#1167,#1168,#76,.F.);
#862=EDGE_CURVE('',#1169,#1168,#1387,.T.);
#863=EDGE_CURVE('',#1169,#1170,#77,.F.);
#864=EDGE_CURVE('',#1170,#1133,#1388,.T.);
#865=EDGE_CURVE('',#1151,#1162,#1389,.T.);
#866=EDGE_CURVE('',#1171,#1152,#1390,.T.);
#867=EDGE_CURVE('',#1171,#1172,#95,.F.);
#868=EDGE_CURVE('',#1172,#1173,#1391,.T.);
#869=EDGE_CURVE('',#1173,#1174,#96,.F.);
#870=EDGE_CURVE('',#1174,#1138,#1392,.T.);
#871=EDGE_CURVE('',#1137,#1175,#1393,.T.);
#872=EDGE_CURVE('',#1175,#1176,#1394,.T.);
#873=EDGE_CURVE('',#1154,#1176,#1395,.T.);
#874=EDGE_CURVE('',#1177,#1178,#1396,.T.);
#875=EDGE_CURVE('',#1177,#1179,#1397,.T.);
#876=EDGE_CURVE('',#1158,#1179,#1398,.T.);
#877=EDGE_CURVE('',#1157,#1180,#1399,.T.);
#878=EDGE_CURVE('',#1180,#1181,#97,.T.);
#879=EDGE_CURVE('',#1182,#1181,#1400,.T.);
#880=EDGE_CURVE('',#1182,#1183,#98,.T.);
#881=EDGE_CURVE('',#1184,#1183,#1401,.T.);
#882=EDGE_CURVE('',#1184,#1185,#1402,.T.);
#883=EDGE_CURVE('',#1186,#1185,#1403,.T.);
#884=EDGE_CURVE('',#1187,#1186,#1404,.T.);
#885=EDGE_CURVE('',#1178,#1187,#1405,.T.);
#886=EDGE_CURVE('',#1178,#1188,#1406,.T.);
#887=EDGE_CURVE('',#1187,#1189,#1407,.T.);
#888=EDGE_CURVE('',#1188,#1189,#1408,.T.);
#889=EDGE_CURVE('',#1190,#1190,#99,.T.);
#890=EDGE_CURVE('',#1191,#1191,#100,.T.);
#891=EDGE_CURVE('',#1192,#1193,#1409,.T.);
#892=EDGE_CURVE('',#1193,#1180,#1410,.T.);
#893=EDGE_CURVE('',#1194,#1156,#1411,.T.);
#894=EDGE_CURVE('',#1194,#1195,#101,.T.);
#895=EDGE_CURVE('',#1195,#1196,#1412,.T.);
#896=EDGE_CURVE('',#1192,#1196,#1413,.T.);
#897=EDGE_CURVE('',#1197,#1198,#1414,.T.);
#898=EDGE_CURVE('',#1197,#1199,#1415,.F.);
#899=EDGE_CURVE('',#1199,#1200,#1416,.T.);
#900=EDGE_CURVE('',#1198,#1200,#1417,.T.);
#901=EDGE_CURVE('',#1201,#1201,#102,.T.);
#902=EDGE_CURVE('',#1202,#1202,#103,.T.);
#903=EDGE_CURVE('',#1203,#1203,#104,.T.);
#904=EDGE_CURVE('',#1204,#1204,#105,.T.);
#905=EDGE_CURVE('',#1205,#1176,#1418,.T.);
#906=EDGE_CURVE('',#1206,#1205,#1419,.T.);
#907=EDGE_CURVE('',#1206,#1207,#1420,.T.);
#908=EDGE_CURVE('',#1208,#1207,#1421,.T.);
#909=EDGE_CURVE('',#1209,#1208,#106,.T.);
#910=EDGE_CURVE('',#1209,#1155,#1422,.T.);
#911=EDGE_CURVE('',#1181,#1210,#1423,.F.);
#912=EDGE_CURVE('',#1211,#1210,#1424,.T.);
#913=EDGE_CURVE('',#1211,#1182,#1425,.T.);
#914=EDGE_CURVE('',#1206,#1212,#1426,.T.);
#915=EDGE_CURVE('',#1212,#1166,#1427,.T.);
#916=EDGE_CURVE('',#1165,#1213,#107,.T.);
#917=EDGE_CURVE('',#1214,#1213,#1428,.T.);
#918=EDGE_CURVE('',#1214,#1215,#1429,.T.);
#919=EDGE_CURVE('',#1215,#1192,#1430,.T.);
#920=EDGE_CURVE('',#1196,#1207,#1431,.T.);
#921=EDGE_CURVE('',#1213,#1216,#1432,.F.);
#922=EDGE_CURVE('',#1216,#1217,#1433,.F.);
#923=EDGE_CURVE('',#1214,#1217,#1434,.T.);
#924=EDGE_CURVE('',#1218,#1218,#108,.T.);
#925=EDGE_CURVE('',#1219,#1219,#109,.T.);
#926=EDGE_CURVE('',#1220,#1220,#110,.T.);
#927=EDGE_CURVE('',#1221,#1221,#111,.T.);
#928=EDGE_CURVE('',#1222,#1222,#112,.T.);
#929=EDGE_CURVE('',#1223,#1223,#113,.T.);
#930=EDGE_CURVE('',#1224,#1224,#114,.T.);
#931=EDGE_CURVE('',#1225,#1225,#115,.T.);
#932=EDGE_CURVE('',#1185,#1226,#1435,.T.);
#933=EDGE_CURVE('',#1227,#1226,#1436,.T.);
#934=EDGE_CURVE('',#1227,#1228,#1437,.T.);
#935=EDGE_CURVE('',#1229,#1228,#1438,.T.);
#936=EDGE_CURVE('',#1230,#1229,#1439,.T.);
#937=EDGE_CURVE('',#1230,#1231,#1440,.T.);
#938=EDGE_CURVE('',#1186,#1231,#1441,.T.);
#939=EDGE_CURVE('',#1215,#1232,#1442,.T.);
#940=EDGE_CURVE('',#1232,#1233,#1443,.F.);
#941=EDGE_CURVE('',#1233,#1234,#1444,.T.);
#942=EDGE_CURVE('',#1234,#1235,#1445,.T.);
#943=EDGE_CURVE('',#1235,#1227,#1446,.T.);
#944=EDGE_CURVE('',#1236,#1226,#1447,.T.);
#945=EDGE_CURVE('',#1236,#1237,#1448,.T.);
#946=EDGE_CURVE('',#1237,#1211,#116,.F.);
#947=EDGE_CURVE('',#1210,#1193,#117,.F.);
#948=EDGE_CURVE('',#1238,#1239,#1449,.T.);
#949=EDGE_CURVE('',#1238,#1240,#118,.T.);
#950=EDGE_CURVE('',#1240,#1175,#1450,.T.);
#951=EDGE_CURVE('',#1175,#1241,#119,.F.);
#952=EDGE_CURVE('',#1242,#1241,#1451,.T.);
#953=EDGE_CURVE('',#1242,#1243,#120,.F.);
#954=EDGE_CURVE('',#1243,#1244,#1452,.T.);
#955=EDGE_CURVE('',#1244,#1245,#121,.T.);
#956=EDGE_CURVE('',#1245,#1246,#1453,.T.);
#957=EDGE_CURVE('',#1246,#1247,#1454,.T.);
#958=EDGE_CURVE('',#1247,#1248,#1455,.T.);
#959=EDGE_CURVE('',#1248,#1249,#122,.F.);
#960=EDGE_CURVE('',#1249,#1250,#1456,.T.);
#961=EDGE_CURVE('',#1250,#1251,#123,.F.);
#962=EDGE_CURVE('',#1252,#1251,#1457,.T.);
#963=EDGE_CURVE('',#1252,#1239,#1458,.T.);
#964=EDGE_CURVE('',#1253,#1253,#124,.T.);
#965=EDGE_CURVE('',#1254,#1254,#125,.T.);
#966=EDGE_CURVE('',#1255,#1255,#126,.T.);
#967=EDGE_CURVE('',#1256,#1256,#127,.T.);
#968=EDGE_CURVE('',#1257,#1257,#128,.T.);
#969=EDGE_CURVE('',#1258,#1258,#129,.T.);
#970=EDGE_CURVE('',#1259,#1259,#130,.T.);
#971=EDGE_CURVE('',#1260,#1260,#131,.T.);
#972=EDGE_CURVE('',#1261,#1261,#132,.T.);
#973=EDGE_CURVE('',#1245,#1150,#1459,.F.);
#974=EDGE_CURVE('',#1149,#1246,#133,.F.);
#975=EDGE_CURVE('',#1262,#1262,#134,.T.);
#976=EDGE_CURVE('',#1263,#1263,#135,.T.);
#977=EDGE_CURVE('',#1264,#1264,#136,.T.);
#978=EDGE_CURVE('',#1265,#1265,#137,.T.);
#979=EDGE_CURVE('',#1266,#1266,#138,.T.);
#980=EDGE_CURVE('',#1267,#1267,#139,.T.);
#981=EDGE_CURVE('',#1268,#1268,#140,.T.);
#982=EDGE_CURVE('',#1269,#1269,#141,.T.);
#983=EDGE_CURVE('',#1270,#1270,#142,.T.);
#984=EDGE_CURVE('',#1141,#1238,#1460,.T.);
#985=EDGE_CURVE('',#1239,#1142,#143,.T.);
#986=EDGE_CURVE('',#1271,#1271,#144,.T.);
#987=EDGE_CURVE('',#1272,#1272,#145,.T.);
#988=EDGE_CURVE('',#1273,#1273,#146,.T.);
#989=EDGE_CURVE('',#1274,#1274,#147,.T.);
#990=EDGE_CURVE('',#1275,#1275,#148,.T.);
#991=EDGE_CURVE('',#1276,#1276,#149,.T.);
#992=EDGE_CURVE('',#1277,#1277,#150,.T.);
#993=EDGE_CURVE('',#1278,#1278,#151,.T.);
#994=EDGE_CURVE('',#1279,#1279,#152,.T.);
#995=EDGE_CURVE('',#1280,#1280,#153,.T.);
#996=EDGE_CURVE('',#1281,#1281,#154,.T.);
#997=EDGE_CURVE('',#1282,#1282,#155,.T.);
#998=EDGE_CURVE('',#1283,#1283,#156,.T.);
#999=EDGE_CURVE('',#1284,#1284,#157,.T.);
#1000=EDGE_CURVE('',#1285,#1285,#158,.T.);
#1001=EDGE_CURVE('',#1286,#1286,#159,.T.);
#1002=EDGE_CURVE('',#1287,#1287,#160,.T.);
#1003=EDGE_CURVE('',#1288,#1288,#161,.T.);
#1004=EDGE_CURVE('',#1289,#1289,#162,.T.);
#1005=EDGE_CURVE('',#1290,#1290,#163,.T.);
#1006=EDGE_CURVE('',#1291,#1291,#164,.T.);
#1007=EDGE_CURVE('',#1292,#1292,#165,.T.);
#1008=EDGE_CURVE('',#1145,#1250,#1461,.F.);
#1009=EDGE_CURVE('',#1249,#1146,#1462,.T.);
#1010=EDGE_CURVE('',#1293,#1293,#166,.T.);
#1011=EDGE_CURVE('',#1294,#1294,#167,.T.);
#1012=EDGE_CURVE('',#1295,#1295,#168,.T.);
#1013=EDGE_CURVE('',#1296,#1296,#169,.T.);
#1014=EDGE_CURVE('',#1297,#1297,#170,.T.);
#1015=EDGE_CURVE('',#1298,#1298,#171,.F.);
#1016=EDGE_CURVE('',#1299,#1299,#172,.T.);
#1017=EDGE_CURVE('',#1300,#1300,#173,.T.);
#1018=EDGE_CURVE('',#1301,#1301,#174,.T.);
#1019=EDGE_CURVE('',#1302,#1302,#175,.T.);
#1020=EDGE_CURVE('',#1303,#1303,#176,.T.);
#1021=EDGE_CURVE('',#1304,#1304,#177,.T.);
#1022=EDGE_CURVE('',#1305,#1305,#178,.T.);
#1023=EDGE_CURVE('',#1306,#1306,#179,.T.);
#1024=EDGE_CURVE('',#1252,#1143,#180,.T.);
#1025=EDGE_CURVE('',#1148,#1247,#181,.T.);
#1026=EDGE_CURVE('',#1251,#1144,#1463,.T.);
#1027=EDGE_CURVE('',#1147,#1248,#1464,.F.);
#1028=EDGE_CURVE('',#1159,#1307,#1465,.T.);
#1029=EDGE_CURVE('',#1307,#1308,#1466,.T.);
#1030=EDGE_CURVE('',#1308,#1160,#1467,.T.);
#1031=EDGE_CURVE('',#1309,#1310,#1468,.T.);
#1032=EDGE_CURVE('',#1310,#1311,#182,.F.);
#1033=EDGE_CURVE('',#1311,#1312,#1469,.T.);
#1034=EDGE_CURVE('',#1205,#1312,#1470,.T.);
#1035=EDGE_CURVE('',#1176,#1313,#1471,.T.);
#1036=EDGE_CURVE('',#1313,#1314,#1472,.F.);
#1037=EDGE_CURVE('',#1314,#1315,#183,.F.);
#1038=EDGE_CURVE('',#1315,#1316,#1473,.F.);
#1039=EDGE_CURVE('',#1309,#1316,#1474,.T.);
#1040=EDGE_CURVE('',#1317,#1317,#184,.T.);
#1041=EDGE_CURVE('',#1318,#1318,#185,.T.);
#1042=EDGE_CURVE('',#1217,#1309,#186,.T.);
#1043=EDGE_CURVE('',#1316,#1307,#187,.T.);
#1044=EDGE_CURVE('',#1179,#1319,#188,.F.);
#1045=EDGE_CURVE('',#1319,#1320,#1475,.T.);
#1046=EDGE_CURVE('',#1320,#1321,#189,.T.);
#1047=EDGE_CURVE('',#1322,#1321,#190,.T.);
#1048=EDGE_CURVE('',#1322,#1323,#191,.T.);
#1049=EDGE_CURVE('',#1324,#1323,#1476,.T.);
#1050=EDGE_CURVE('',#1324,#1232,#192,.F.);
#1051=EDGE_CURVE('',#1325,#1325,#193,.T.);
#1052=EDGE_CURVE('',#1326,#1326,#194,.T.);
#1053=EDGE_CURVE('',#1327,#1328,#1477,.T.);
#1054=EDGE_CURVE('',#1328,#1329,#195,.F.);
#1055=EDGE_CURVE('',#1329,#1330,#196,.T.);
#1056=EDGE_CURVE('',#1330,#1331,#197,.F.);
#1057=EDGE_CURVE('',#1332,#1331,#1478,.T.);
#1058=EDGE_CURVE('',#1332,#1177,#198,.T.);
#1059=EDGE_CURVE('',#1188,#1230,#1479,.T.);
#1060=EDGE_CURVE('',#1333,#1229,#1480,.T.);
#1061=EDGE_CURVE('',#1333,#1234,#1481,.T.);
#1062=EDGE_CURVE('',#1233,#1327,#199,.T.);
#1063=EDGE_CURVE('',#1334,#1334,#200,.T.);
#1064=EDGE_CURVE('',#1335,#1335,#201,.T.);
#1065=EDGE_CURVE('',#1336,#1228,#1482,.T.);
#1066=EDGE_CURVE('',#1333,#1336,#1483,.T.);
#1067=EDGE_CURVE('',#1235,#1336,#1484,.T.);
#1068=EDGE_CURVE('',#1189,#1231,#1485,.T.);
#1069=EDGE_CURVE('',#1184,#1337,#1486,.T.);
#1070=EDGE_CURVE('',#1337,#1338,#1487,.T.);
#1071=EDGE_CURVE('',#1338,#1339,#1488,.T.);
#1072=EDGE_CURVE('',#1340,#1339,#1489,.T.);
#1073=EDGE_CURVE('',#1236,#1340,#1490,.T.);
#1074=EDGE_CURVE('',#1198,#1338,#1491,.T.);
#1075=EDGE_CURVE('',#1200,#1339,#1492,.T.);
#1076=EDGE_CURVE('',#1199,#1341,#202,.F.);
#1077=EDGE_CURVE('',#1341,#1340,#1493,.T.);
#1078=EDGE_CURVE('',#1341,#1237,#1494,.F.);
#1079=EDGE_CURVE('',#1342,#1337,#1495,.T.);
#1080=EDGE_CURVE('',#1342,#1197,#203,.T.);
#1081=EDGE_CURVE('',#1183,#1342,#1496,.F.);
#1082=EDGE_CURVE('',#1343,#1343,#204,.T.);
#1083=EDGE_CURVE('',#1344,#1344,#205,.T.);
#1084=EDGE_CURVE('',#1345,#1345,#206,.T.);
#1085=EDGE_CURVE('',#1346,#1346,#207,.T.);
#1086=EDGE_CURVE('',#1161,#1347,#1497,.F.);
#1087=EDGE_CURVE('',#1347,#1348,#85,.F.);
#1088=EDGE_CURVE('',#1348,#1349,#1498,.F.);
#1089=EDGE_CURVE('',#1349,#1140,#1499,.F.);
#1090=EDGE_CURVE('',#1350,#1139,#1500,.T.);
#1091=EDGE_CURVE('',#1350,#1351,#78,.T.);
#1092=EDGE_CURVE('',#1351,#1352,#1501,.T.);
#1093=EDGE_CURVE('',#1352,#1353,#79,.T.);
#1094=EDGE_CURVE('',#1353,#1153,#1502,.T.);
#1095=EDGE_CURVE('',#1354,#1355,#1503,.T.);
#1096=EDGE_CURVE('',#1354,#1356,#208,.T.);
#1097=EDGE_CURVE('',#1356,#1212,#1504,.T.);
#1098=EDGE_CURVE('',#1205,#1243,#1505,.T.);
#1099=EDGE_CURVE('',#1243,#1134,#1506,.F.);
#1100=EDGE_CURVE('',#1357,#1132,#1507,.T.);
#1101=EDGE_CURVE('',#1357,#1355,#209,.T.);
#1102=EDGE_CURVE('',#1135,#1242,#1508,.T.);
#1103=EDGE_CURVE('',#1241,#1136,#1509,.F.);
#1104=EDGE_CURVE('',#1194,#1209,#1510,.T.);
#1105=EDGE_CURVE('',#1195,#1208,#1511,.T.);
#1106=EDGE_CURVE('',#1319,#1332,#1512,.F.);
#1107=EDGE_CURVE('',#1331,#1320,#1513,.F.);
#1108=EDGE_CURVE('',#1329,#1322,#1514,.T.);
#1109=EDGE_CURVE('',#1321,#1330,#1515,.F.);
#1110=EDGE_CURVE('',#1327,#1324,#1516,.T.);
#1111=EDGE_CURVE('',#1323,#1328,#1517,.F.);
#1112=EDGE_CURVE('',#1240,#1358,#80,.F.);
#1113=EDGE_CURVE('',#1358,#1313,#1518,.F.);
#1114=EDGE_CURVE('',#1312,#1359,#1519,.T.);
#1115=EDGE_CURVE('',#1359,#1244,#81,.F.);
#1116=EDGE_CURVE('',#1348,#1314,#86,.T.);
#1117=EDGE_CURVE('',#1358,#1349,#82,.T.);
#1118=EDGE_CURVE('',#1311,#1163,#87,.T.);
#1119=EDGE_CURVE('',#1162,#1359,#83,.F.);
#1120=EDGE_CURVE('',#1308,#1347,#210,.T.);
#1121=EDGE_CURVE('',#1164,#1216,#211,.T.);
#1122=EDGE_CURVE('',#1174,#1350,#1520,.T.);
#1123=EDGE_CURVE('',#1353,#1171,#1521,.F.);
#1124=EDGE_CURVE('',#1172,#1352,#1522,.T.);
#1125=EDGE_CURVE('',#1351,#1173,#1523,.F.);
#1126=EDGE_CURVE('',#1170,#1357,#1524,.F.);
#1127=EDGE_CURVE('',#1356,#1167,#1525,.T.);
#1128=EDGE_CURVE('',#1168,#1354,#1526,.F.);
#1129=EDGE_CURVE('',#1355,#1169,#1527,.T.);
#1130=EDGE_CURVE('',#1310,#1216,#212,.T.);
#1131=EDGE_CURVE('',#1308,#1315,#213,.T.);
#1132=VERTEX_POINT('',#3333);
#1133=VERTEX_POINT('',#3334);
#1134=VERTEX_POINT('',#3336);
#1135=VERTEX_POINT('',#3338);
#1136=VERTEX_POINT('',#3340);
#1137=VERTEX_POINT('',#3342);
#1138=VERTEX_POINT('',#3344);
#1139=VERTEX_POINT('',#3346);
#1140=VERTEX_POINT('',#3348);
#1141=VERTEX_POINT('',#3350);
#1142=VERTEX_POINT('',#3352);
#1143=VERTEX_POINT('',#3354);
#1144=VERTEX_POINT('',#3356);
#1145=VERTEX_POINT('',#3358);
#1146=VERTEX_POINT('',#3360);
#1147=VERTEX_POINT('',#3362);
#1148=VERTEX_POINT('',#3364);
#1149=VERTEX_POINT('',#3366);
#1150=VERTEX_POINT('',#3368);
#1151=VERTEX_POINT('',#3370);
#1152=VERTEX_POINT('',#3374);
#1153=VERTEX_POINT('',#3375);
#1154=VERTEX_POINT('',#3377);
#1155=VERTEX_POINT('',#3379);
#1156=VERTEX_POINT('',#3381);
#1157=VERTEX_POINT('',#3383);
#1158=VERTEX_POINT('',#3385);
#1159=VERTEX_POINT('',#3387);
#1160=VERTEX_POINT('',#3389);
#1161=VERTEX_POINT('',#3391);
#1162=VERTEX_POINT('',#3395);
#1163=VERTEX_POINT('',#3396);
#1164=VERTEX_POINT('',#3401);
#1165=VERTEX_POINT('',#3403);
#1166=VERTEX_POINT('',#3405);
#1167=VERTEX_POINT('',#3407);
#1168=VERTEX_POINT('',#3409);
#1169=VERTEX_POINT('',#3411);
#1170=VERTEX_POINT('',#3413);
#1171=VERTEX_POINT('',#3418);
#1172=VERTEX_POINT('',#3420);
#1173=VERTEX_POINT('',#3422);
#1174=VERTEX_POINT('',#3424);
#1175=VERTEX_POINT('',#3427);
#1176=VERTEX_POINT('',#3429);
#1177=VERTEX_POINT('',#3433);
#1178=VERTEX_POINT('',#3434);
#1179=VERTEX_POINT('',#3436);
#1180=VERTEX_POINT('',#3439);
#1181=VERTEX_POINT('',#3441);
#1182=VERTEX_POINT('',#3443);
#1183=VERTEX_POINT('',#3445);
#1184=VERTEX_POINT('',#3447);
#1185=VERTEX_POINT('',#3449);
#1186=VERTEX_POINT('',#3451);
#1187=VERTEX_POINT('',#3453);
#1188=VERTEX_POINT('',#3457);
#1189=VERTEX_POINT('',#3459);
#1190=VERTEX_POINT('',#3463);
#1191=VERTEX_POINT('',#3465);
#1192=VERTEX_POINT('',#3467);
#1193=VERTEX_POINT('',#3468);
#1194=VERTEX_POINT('',#3471);
#1195=VERTEX_POINT('',#3473);
#1196=VERTEX_POINT('',#3475);
#1197=VERTEX_POINT('',#3479);
#1198=VERTEX_POINT('',#3480);
#1199=VERTEX_POINT('',#3482);
#1200=VERTEX_POINT('',#3484);
#1201=VERTEX_POINT('',#3488);
#1202=VERTEX_POINT('',#3490);
#1203=VERTEX_POINT('',#3492);
#1204=VERTEX_POINT('',#3494);
#1205=VERTEX_POINT('',#3496);
#1206=VERTEX_POINT('',#3498);
#1207=VERTEX_POINT('',#3500);
#1208=VERTEX_POINT('',#3502);
#1209=VERTEX_POINT('',#3504);
#1210=VERTEX_POINT('',#3507);
#1211=VERTEX_POINT('',#3509);
#1212=VERTEX_POINT('',#3513);
#1213=VERTEX_POINT('',#3516);
#1214=VERTEX_POINT('',#3518);
#1215=VERTEX_POINT('',#3520);
#1216=VERTEX_POINT('',#3525);
#1217=VERTEX_POINT('',#3527);
#1218=VERTEX_POINT('',#3531);
#1219=VERTEX_POINT('',#3533);
#1220=VERTEX_POINT('',#3536);
#1221=VERTEX_POINT('',#3538);
#1222=VERTEX_POINT('',#3541);
#1223=VERTEX_POINT('',#3543);
#1224=VERTEX_POINT('',#3546);
#1225=VERTEX_POINT('',#3548);
#1226=VERTEX_POINT('',#3551);
#1227=VERTEX_POINT('',#3553);
#1228=VERTEX_POINT('',#3555);
#1229=VERTEX_POINT('',#3557);
#1230=VERTEX_POINT('',#3559);
#1231=VERTEX_POINT('',#3561);
#1232=VERTEX_POINT('',#3565);
#1233=VERTEX_POINT('',#3567);
#1234=VERTEX_POINT('',#3569);
#1235=VERTEX_POINT('',#3571);
#1236=VERTEX_POINT('',#3574);
#1237=VERTEX_POINT('',#3576);
#1238=VERTEX_POINT('',#3581);
#1239=VERTEX_POINT('',#3582);
#1240=VERTEX_POINT('',#3584);
#1241=VERTEX_POINT('',#3587);
#1242=VERTEX_POINT('',#3589);
#1243=VERTEX_POINT('',#3591);
#1244=VERTEX_POINT('',#3593);
#1245=VERTEX_POINT('',#3595);
#1246=VERTEX_POINT('',#3597);
#1247=VERTEX_POINT('',#3599);
#1248=VERTEX_POINT('',#3601);
#1249=VERTEX_POINT('',#3603);
#1250=VERTEX_POINT('',#3605);
#1251=VERTEX_POINT('',#3607);
#1252=VERTEX_POINT('',#3609);
#1253=VERTEX_POINT('',#3613);
#1254=VERTEX_POINT('',#3615);
#1255=VERTEX_POINT('',#3617);
#1256=VERTEX_POINT('',#3619);
#1257=VERTEX_POINT('',#3621);
#1258=VERTEX_POINT('',#3623);
#1259=VERTEX_POINT('',#3625);
#1260=VERTEX_POINT('',#3627);
#1261=VERTEX_POINT('',#3629);
#1262=VERTEX_POINT('',#3634);
#1263=VERTEX_POINT('',#3636);
#1264=VERTEX_POINT('',#3638);
#1265=VERTEX_POINT('',#3640);
#1266=VERTEX_POINT('',#3642);
#1267=VERTEX_POINT('',#3644);
#1268=VERTEX_POINT('',#3646);
#1269=VERTEX_POINT('',#3648);
#1270=VERTEX_POINT('',#3650);
#1271=VERTEX_POINT('',#3655);
#1272=VERTEX_POINT('',#3657);
#1273=VERTEX_POINT('',#3659);
#1274=VERTEX_POINT('',#3661);
#1275=VERTEX_POINT('',#3663);
#1276=VERTEX_POINT('',#3665);
#1277=VERTEX_POINT('',#3667);
#1278=VERTEX_POINT('',#3669);
#1279=VERTEX_POINT('',#3671);
#1280=VERTEX_POINT('',#3673);
#1281=VERTEX_POINT('',#3676);
#1282=VERTEX_POINT('',#3679);
#1283=VERTEX_POINT('',#3682);
#1284=VERTEX_POINT('',#3685);
#1285=VERTEX_POINT('',#3688);
#1286=VERTEX_POINT('',#3690);
#1287=VERTEX_POINT('',#3693);
#1288=VERTEX_POINT('',#3695);
#1289=VERTEX_POINT('',#3698);
#1290=VERTEX_POINT('',#3700);
#1291=VERTEX_POINT('',#3703);
#1292=VERTEX_POINT('',#3705);
#1293=VERTEX_POINT('',#3711);
#1294=VERTEX_POINT('',#3713);
#1295=VERTEX_POINT('',#3715);
#1296=VERTEX_POINT('',#3717);
#1297=VERTEX_POINT('',#3719);
#1298=VERTEX_POINT('',#3721);
#1299=VERTEX_POINT('',#3734);
#1300=VERTEX_POINT('',#3738);
#1301=VERTEX_POINT('',#3742);
#1302=VERTEX_POINT('',#3746);
#1303=VERTEX_POINT('',#3750);
#1304=VERTEX_POINT('',#3754);
#1305=VERTEX_POINT('',#3758);
#1306=VERTEX_POINT('',#3762);
#1307=VERTEX_POINT('',#3776);
#1308=VERTEX_POINT('',#3778);
#1309=VERTEX_POINT('',#3782);
#1310=VERTEX_POINT('',#3783);
#1311=VERTEX_POINT('',#3785);
#1312=VERTEX_POINT('',#3787);
#1313=VERTEX_POINT('',#3790);
#1314=VERTEX_POINT('',#3792);
#1315=VERTEX_POINT('',#3794);
#1316=VERTEX_POINT('',#3796);
#1317=VERTEX_POINT('',#3800);
#1318=VERTEX_POINT('',#3802);
#1319=VERTEX_POINT('',#3806);
#1320=VERTEX_POINT('',#3808);
#1321=VERTEX_POINT('',#3810);
#1322=VERTEX_POINT('',#3812);
#1323=VERTEX_POINT('',#3814);
#1324=VERTEX_POINT('',#3816);
#1325=VERTEX_POINT('',#3819);
#1326=VERTEX_POINT('',#3821);
#1327=VERTEX_POINT('',#3824);
#1328=VERTEX_POINT('',#3825);
#1329=VERTEX_POINT('',#3827);
#1330=VERTEX_POINT('',#3829);
#1331=VERTEX_POINT('',#3831);
#1332=VERTEX_POINT('',#3833);
#1333=VERTEX_POINT('',#3837);
#1334=VERTEX_POINT('',#3841);
#1335=VERTEX_POINT('',#3843);
#1336=VERTEX_POINT('',#3846);
#1337=VERTEX_POINT('',#3856);
#1338=VERTEX_POINT('',#3858);
#1339=VERTEX_POINT('',#3860);
#1340=VERTEX_POINT('',#3862);
#1341=VERTEX_POINT('',#3869);
#1342=VERTEX_POINT('',#3875);
#1343=VERTEX_POINT('',#3881);
#1344=VERTEX_POINT('',#3885);
#1345=VERTEX_POINT('',#3889);
#1346=VERTEX_POINT('',#3893);
#1347=VERTEX_POINT('',#3897);
#1348=VERTEX_POINT('',#3902);
#1349=VERTEX_POINT('',#3904);
#1350=VERTEX_POINT('',#3907);
#1351=VERTEX_POINT('',#3909);
#1352=VERTEX_POINT('',#3911);
#1353=VERTEX_POINT('',#3913);
#1354=VERTEX_POINT('',#3917);
#1355=VERTEX_POINT('',#3918);
#1356=VERTEX_POINT('',#3920);
#1357=VERTEX_POINT('',#3925);
#1358=VERTEX_POINT('',#3956);
#1359=VERTEX_POINT('',#3960);
#1360=LINE('',#3332,#1528);
#1361=LINE('',#3335,#1529);
#1362=LINE('',#3339,#1530);
#1363=LINE('',#3343,#1531);
#1364=LINE('',#3345,#1532);
#1365=LINE('',#3347,#1533);
#1366=LINE('',#3351,#1534);
#1367=LINE('',#3353,#1535);
#1368=LINE('',#3355,#1536);
#1369=LINE('',#3359,#1537);
#1370=LINE('',#3363,#1538);
#1371=LINE('',#3365,#1539);
#1372=LINE('',#3367,#1540);
#1373=LINE('',#3371,#1541);
#1374=LINE('',#3373,#1542);
#1375=LINE('',#3376,#1543);
#1376=LINE('',#3378,#1544);
#1377=LINE('',#3380,#1545);
#1378=LINE('',#3382,#1546);
#1379=LINE('',#3384,#1547);
#1380=LINE('',#3386,#1548);
#1381=LINE('',#3388,#1549);
#1382=LINE('',#3392,#1550);
#1383=LINE('',#3394,#1551);
#1384=LINE('',#3402,#1552);
#1385=LINE('',#3404,#1553);
#1386=LINE('',#3406,#1554);
#1387=LINE('',#3410,#1555);
#1388=LINE('',#3414,#1556);
#1389=LINE('',#3415,#1557);
#1390=LINE('',#3417,#1558);
#1391=LINE('',#3421,#1559);
#1392=LINE('',#3425,#1560);
#1393=LINE('',#3426,#1561);
#1394=LINE('',#3428,#1562);
#1395=LINE('',#3430,#1563);
#1396=LINE('',#3432,#1564);
#1397=LINE('',#3435,#1565);
#1398=LINE('',#3437,#1566);
#1399=LINE('',#3438,#1567);
#1400=LINE('',#3442,#1568);
#1401=LINE('',#3446,#1569);
#1402=LINE('',#3448,#1570);
#1403=LINE('',#3450,#1571);
#1404=LINE('',#3452,#1572);
#1405=LINE('',#3454,#1573);
#1406=LINE('',#3456,#1574);
#1407=LINE('',#3458,#1575);
#1408=LINE('',#3460,#1576);
#1409=LINE('',#3466,#1577);
#1410=LINE('',#3469,#1578);
#1411=LINE('',#3470,#1579);
#1412=LINE('',#3474,#1580);
#1413=LINE('',#3476,#1581);
#1414=LINE('',#3478,#1582);
#1415=LINE('',#3481,#1583);
#1416=LINE('',#3483,#1584);
#1417=LINE('',#3485,#1585);
#1418=LINE('',#3495,#1586);
#1419=LINE('',#3497,#1587);
#1420=LINE('',#3499,#1588);
#1421=LINE('',#3501,#1589);
#1422=LINE('',#3505,#1590);
#1423=LINE('',#3506,#1591);
#1424=LINE('',#3508,#1592);
#1425=LINE('',#3510,#1593);
#1426=LINE('',#3512,#1594);
#1427=LINE('',#3514,#1595);
#1428=LINE('',#3517,#1596);
#1429=LINE('',#3519,#1597);
#1430=LINE('',#3521,#1598);
#1431=LINE('',#3522,#1599);
#1432=LINE('',#3524,#1600);
#1433=LINE('',#3526,#1601);
#1434=LINE('',#3528,#1602);
#1435=LINE('',#3550,#1603);
#1436=LINE('',#3552,#1604);
#1437=LINE('',#3554,#1605);
#1438=LINE('',#3556,#1606);
#1439=LINE('',#3558,#1607);
#1440=LINE('',#3560,#1608);
#1441=LINE('',#3562,#1609);
#1442=LINE('',#3564,#1610);
#1443=LINE('',#3566,#1611);
#1444=LINE('',#3568,#1612);
#1445=LINE('',#3570,#1613);
#1446=LINE('',#3572,#1614);
#1447=LINE('',#3573,#1615);
#1448=LINE('',#3575,#1616);
#1449=LINE('',#3580,#1617);
#1450=LINE('',#3585,#1618);
#1451=LINE('',#3588,#1619);
#1452=LINE('',#3592,#1620);
#1453=LINE('',#3596,#1621);
#1454=LINE('',#3598,#1622);
#1455=LINE('',#3600,#1623);
#1456=LINE('',#3604,#1624);
#1457=LINE('',#3608,#1625);
#1458=LINE('',#3610,#1626);
#1459=LINE('',#3630,#1627);
#1460=LINE('',#3651,#1628);
#1461=LINE('',#3707,#1629);
#1462=LINE('',#3708,#1630);
#1463=LINE('',#3769,#1631);
#1464=LINE('',#3771,#1632);
#1465=LINE('',#3775,#1633);
#1466=LINE('',#3777,#1634);
#1467=LINE('',#3779,#1635);
#1468=LINE('',#3781,#1636);
#1469=LINE('',#3786,#1637);
#1470=LINE('',#3788,#1638);
#1471=LINE('',#3789,#1639);
#1472=LINE('',#3791,#1640);
#1473=LINE('',#3795,#1641);
#1474=LINE('',#3797,#1642);
#1475=LINE('',#3807,#1643);
#1476=LINE('',#3815,#1644);
#1477=LINE('',#3823,#1645);
#1478=LINE('',#3832,#1646);
#1479=LINE('',#3835,#1647);
#1480=LINE('',#3836,#1648);
#1481=LINE('',#3838,#1649);
#1482=LINE('',#3845,#1650);
#1483=LINE('',#3847,#1651);
#1484=LINE('',#3849,#1652);
#1485=LINE('',#3851,#1653);
#1486=LINE('',#3855,#1654);
#1487=LINE('',#3857,#1655);
#1488=LINE('',#3859,#1656);
#1489=LINE('',#3861,#1657);
#1490=LINE('',#3863,#1658);
#1491=LINE('',#3865,#1659);
#1492=LINE('',#3866,#1660);
#1493=LINE('',#3870,#1661);
#1494=LINE('',#3872,#1662);
#1495=LINE('',#3874,#1663);
#1496=LINE('',#3878,#1664);
#1497=LINE('',#3896,#1665);
#1498=LINE('',#3903,#1666);
#1499=LINE('',#3905,#1667);
#1500=LINE('',#3906,#1668);
#1501=LINE('',#3910,#1669);
#1502=LINE('',#3914,#1670);
#1503=LINE('',#3916,#1671);
#1504=LINE('',#3921,#1672);
#1505=LINE('',#3922,#1673);
#1506=LINE('',#3923,#1674);
#1507=LINE('',#3924,#1675);
#1508=LINE('',#3928,#1676);
#1509=LINE('',#3929,#1677);
#1510=LINE('',#3933,#1678);
#1511=LINE('',#3935,#1679);
#1512=LINE('',#3938,#1680);
#1513=LINE('',#3939,#1681);
#1514=LINE('',#3941,#1682);
#1515=LINE('',#3942,#1683);
#1516=LINE('',#3944,#1684);
#1517=LINE('',#3945,#1685);
#1518=LINE('',#3957,#1686);
#1519=LINE('',#3959,#1687);
#1520=LINE('',#3995,#1688);
#1521=LINE('',#3997,#1689);
#1522=LINE('',#3999,#1690);
#1523=LINE('',#4000,#1691);
#1524=LINE('',#4002,#1692);
#1525=LINE('',#4004,#1693);
#1526=LINE('',#4006,#1694);
#1527=LINE('',#4007,#1695);
#1528=VECTOR('',#2638,1.);
#1529=VECTOR('',#2639,1.);
#1530=VECTOR('',#2642,1.);
#1531=VECTOR('',#2645,1.);
#1532=VECTOR('',#2646,1.);
#1533=VECTOR('',#2647,1.);
#1534=VECTOR('',#2650,1.);
#1535=VECTOR('',#2651,1.);
#1536=VECTOR('',#2652,1.);
#1537=VECTOR('',#2655,1.);
#1538=VECTOR('',#2658,1.);
#1539=VECTOR('',#2659,1.);
#1540=VECTOR('',#2660,1.);
#1541=VECTOR('',#2663,1.);
#1542=VECTOR('',#2666,1.);
#1543=VECTOR('',#2667,1.);
#1544=VECTOR('',#2668,1.);
#1545=VECTOR('',#2669,1.);
#1546=VECTOR('',#2670,1.);
#1547=VECTOR('',#2671,1.);
#1548=VECTOR('',#2672,1.);
#1549=VECTOR('',#2673,1.);
#1550=VECTOR('',#2676,1.);
#1551=VECTOR('',#2679,1.);
#1552=VECTOR('',#2680,1.);
#1553=VECTOR('',#2681,1.);
#1554=VECTOR('',#2682,1.);
#1555=VECTOR('',#2685,1.);
#1556=VECTOR('',#2688,1.);
#1557=VECTOR('',#2689,1.);
#1558=VECTOR('',#2692,1.);
#1559=VECTOR('',#2695,1.);
#1560=VECTOR('',#2698,1.);
#1561=VECTOR('',#2699,1.);
#1562=VECTOR('',#2700,1.);
#1563=VECTOR('',#2701,1.);
#1564=VECTOR('',#2704,1.);
#1565=VECTOR('',#2705,1.);
#1566=VECTOR('',#2706,1.);
#1567=VECTOR('',#2707,1.);
#1568=VECTOR('',#2710,1.);
#1569=VECTOR('',#2713,1.);
#1570=VECTOR('',#2714,1.);
#1571=VECTOR('',#2715,1.);
#1572=VECTOR('',#2716,1.);
#1573=VECTOR('',#2717,1.);
#1574=VECTOR('',#2720,1.);
#1575=VECTOR('',#2721,1.);
#1576=VECTOR('',#2722,1.);
#1577=VECTOR('',#2729,1.);
#1578=VECTOR('',#2730,1.);
#1579=VECTOR('',#2731,1.);
#1580=VECTOR('',#2734,1.);
#1581=VECTOR('',#2735,1.);
#1582=VECTOR('',#2738,1.);
#1583=VECTOR('',#2739,1.);
#1584=VECTOR('',#2740,1.);
#1585=VECTOR('',#2741,1.);
#1586=VECTOR('',#2752,1.);
#1587=VECTOR('',#2753,1.);
#1588=VECTOR('',#2754,1.);
#1589=VECTOR('',#2755,1.);
#1590=VECTOR('',#2758,1.);
#1591=VECTOR('',#2759,1.);
#1592=VECTOR('',#2760,1.);
#1593=VECTOR('',#2761,1.);
#1594=VECTOR('',#2764,1.);
#1595=VECTOR('',#2765,1.);
#1596=VECTOR('',#2768,1.);
#1597=VECTOR('',#2769,1.);
#1598=VECTOR('',#2770,1.);
#1599=VECTOR('',#2771,1.);
#1600=VECTOR('',#2774,1.);
#1601=VECTOR('',#2775,1.);
#1602=VECTOR('',#2776,1.);
#1603=VECTOR('',#2803,1.);
#1604=VECTOR('',#2804,1.);
#1605=VECTOR('',#2805,1.);
#1606=VECTOR('',#2806,1.);
#1607=VECTOR('',#2807,1.);
#1608=VECTOR('',#2808,1.);
#1609=VECTOR('',#2809,1.);
#1610=VECTOR('',#2812,1.);
#1611=VECTOR('',#2813,1.);
#1612=VECTOR('',#2814,1.);
#1613=VECTOR('',#2815,1.);
#1614=VECTOR('',#2816,1.);
#1615=VECTOR('',#2817,1.);
#1616=VECTOR('',#2818,1.);
#1617=VECTOR('',#2825,1.);
#1618=VECTOR('',#2828,1.);
#1619=VECTOR('',#2831,1.);
#1620=VECTOR('',#2834,1.);
#1621=VECTOR('',#2837,1.);
#1622=VECTOR('',#2838,1.);
#1623=VECTOR('',#2839,1.);
#1624=VECTOR('',#2842,1.);
#1625=VECTOR('',#2845,1.);
#1626=VECTOR('',#2846,1.);
#1627=VECTOR('',#2867,1.);
#1628=VECTOR('',#2890,1.);
#1629=VECTOR('',#2957,1.);
#1630=VECTOR('',#2958,1.);
#1631=VECTOR('',#3051,1.);
#1632=VECTOR('',#3054,1.);
#1633=VECTOR('',#3061,1.);
#1634=VECTOR('',#3062,1.);
#1635=VECTOR('',#3063,1.);
#1636=VECTOR('',#3066,1.);
#1637=VECTOR('',#3069,1.);
#1638=VECTOR('',#3070,1.);
#1639=VECTOR('',#3071,1.);
#1640=VECTOR('',#3072,1.);
#1641=VECTOR('',#3075,1.);
#1642=VECTOR('',#3076,1.);
#1643=VECTOR('',#3089,1.);
#1644=VECTOR('',#3096,1.);
#1645=VECTOR('',#3105,1.);
#1646=VECTOR('',#3112,1.);
#1647=VECTOR('',#3115,1.);
#1648=VECTOR('',#3116,1.);
#1649=VECTOR('',#3117,1.);
#1650=VECTOR('',#3126,1.);
#1651=VECTOR('',#3127,1.);
#1652=VECTOR('',#3130,1.);
#1653=VECTOR('',#3133,1.);
#1654=VECTOR('',#3140,1.);
#1655=VECTOR('',#3141,1.);
#1656=VECTOR('',#3142,1.);
#1657=VECTOR('',#3143,1.);
#1658=VECTOR('',#3144,1.);
#1659=VECTOR('',#3147,1.);
#1660=VECTOR('',#3148,1.);
#1661=VECTOR('',#3153,1.);
#1662=VECTOR('',#3156,1.);
#1663=VECTOR('',#3159,1.);
#1664=VECTOR('',#3164,1.);
#1665=VECTOR('',#3191,1.);
#1666=VECTOR('',#3192,1.);
#1667=VECTOR('',#3193,1.);
#1668=VECTOR('',#3194,1.);
#1669=VECTOR('',#3197,1.);
#1670=VECTOR('',#3200,1.);
#1671=VECTOR('',#3203,1.);
#1672=VECTOR('',#3206,1.);
#1673=VECTOR('',#3207,1.);
#1674=VECTOR('',#3208,1.);
#1675=VECTOR('',#3209,1.);
#1676=VECTOR('',#3214,1.);
#1677=VECTOR('',#3215,1.);
#1678=VECTOR('',#3222,1.);
#1679=VECTOR('',#3225,1.);
#1680=VECTOR('',#3230,1.);
#1681=VECTOR('',#3231,1.);
#1682=VECTOR('',#3234,1.);
#1683=VECTOR('',#3235,1.);
#1684=VECTOR('',#3238,1.);
#1685=VECTOR('',#3239,1.);
#1686=VECTOR('',#3260,1.);
#1687=VECTOR('',#3263,1.);
#1688=VECTOR('',#3288,1.);
#1689=VECTOR('',#3291,1.);
#1690=VECTOR('',#3294,1.);
#1691=VECTOR('',#3295,1.);
#1692=VECTOR('',#3298,1.);
#1693=VECTOR('',#3301,1.);
#1694=VECTOR('',#3304,1.);
#1695=VECTOR('',#3305,1.);
#1696=EDGE_LOOP('',(#214,#215,#216,#217,#218,#219,#220,#221,#222,#223,#224,
#225,#226,#227,#228,#229,#230,#231,#232,#233));
#1697=EDGE_LOOP('',(#234,#235,#236,#237,#238,#239,#240,#241,#242,#243));
#1698=EDGE_LOOP('',(#244,#245,#246,#247,#248,#249,#250,#251,#252,#253,#254));
#1699=EDGE_LOOP('',(#255,#256,#257,#258,#259,#260,#261,#262,#263,#264));
#1700=EDGE_LOOP('',(#265,#266,#267,#268,#269,#270,#271,#272,#273,#274,#275,
#276,#277));
#1701=EDGE_LOOP('',(#278,#279,#280,#281));
#1702=EDGE_LOOP('',(#282));
#1703=EDGE_LOOP('',(#283));
#1704=EDGE_LOOP('',(#284,#285,#286,#287,#288,#289,#290,#291));
#1705=EDGE_LOOP('',(#292,#293,#294,#295));
#1706=EDGE_LOOP('',(#296));
#1707=EDGE_LOOP('',(#297));
#1708=EDGE_LOOP('',(#298));
#1709=EDGE_LOOP('',(#299));
#1710=EDGE_LOOP('',(#300,#301,#302,#303,#304,#305,#306,#307));
#1711=EDGE_LOOP('',(#308,#309,#310,#311));
#1712=EDGE_LOOP('',(#312,#313,#314,#315,#316,#317,#318,#319,#320,#321));
#1713=EDGE_LOOP('',(#322,#323,#324,#325));
#1714=EDGE_LOOP('',(#326));
#1715=EDGE_LOOP('',(#327));
#1716=EDGE_LOOP('',(#328));
#1717=EDGE_LOOP('',(#329));
#1718=EDGE_LOOP('',(#330));
#1719=EDGE_LOOP('',(#331));
#1720=EDGE_LOOP('',(#332));
#1721=EDGE_LOOP('',(#333));
#1722=EDGE_LOOP('',(#334,#335,#336,#337,#338,#339,#340,#341));
#1723=EDGE_LOOP('',(#342,#343,#344,#345,#346,#347,#348,#349,#350,#351,#352,
#353,#354));
#1724=EDGE_LOOP('',(#355,#356,#357,#358,#359,#360,#361,#362,#363,#364,#365,
#366,#367,#368,#369,#370));
#1725=EDGE_LOOP('',(#371));
#1726=EDGE_LOOP('',(#372));
#1727=EDGE_LOOP('',(#373));
#1728=EDGE_LOOP('',(#374));
#1729=EDGE_LOOP('',(#375));
#1730=EDGE_LOOP('',(#376));
#1731=EDGE_LOOP('',(#377));
#1732=EDGE_LOOP('',(#378));
#1733=EDGE_LOOP('',(#379));
#1734=EDGE_LOOP('',(#380,#381,#382,#383));
#1735=EDGE_LOOP('',(#384));
#1736=EDGE_LOOP('',(#385));
#1737=EDGE_LOOP('',(#386));
#1738=EDGE_LOOP('',(#387));
#1739=EDGE_LOOP('',(#388));
#1740=EDGE_LOOP('',(#389));
#1741=EDGE_LOOP('',(#390));
#1742=EDGE_LOOP('',(#391));
#1743=EDGE_LOOP('',(#392));
#1744=EDGE_LOOP('',(#393,#394,#395,#396));
#1745=EDGE_LOOP('',(#397));
#1746=EDGE_LOOP('',(#398));
#1747=EDGE_LOOP('',(#399));
#1748=EDGE_LOOP('',(#400));
#1749=EDGE_LOOP('',(#401));
#1750=EDGE_LOOP('',(#402));
#1751=EDGE_LOOP('',(#403));
#1752=EDGE_LOOP('',(#404));
#1753=EDGE_LOOP('',(#405));
#1754=EDGE_LOOP('',(#406));
#1755=EDGE_LOOP('',(#407));
#1756=EDGE_LOOP('',(#408));
#1757=EDGE_LOOP('',(#409));
#1758=EDGE_LOOP('',(#410));
#1759=EDGE_LOOP('',(#411));
#1760=EDGE_LOOP('',(#412));
#1761=EDGE_LOOP('',(#413));
#1762=EDGE_LOOP('',(#414));
#1763=EDGE_LOOP('',(#415));
#1764=EDGE_LOOP('',(#416));
#1765=EDGE_LOOP('',(#417));
#1766=EDGE_LOOP('',(#418));
#1767=EDGE_LOOP('',(#419));
#1768=EDGE_LOOP('',(#420));
#1769=EDGE_LOOP('',(#421));
#1770=EDGE_LOOP('',(#422));
#1771=EDGE_LOOP('',(#423,#424,#425,#426));
#1772=EDGE_LOOP('',(#427));
#1773=EDGE_LOOP('',(#428));
#1774=EDGE_LOOP('',(#429));
#1775=EDGE_LOOP('',(#430));
#1776=EDGE_LOOP('',(#431));
#1777=EDGE_LOOP('',(#432));
#1778=EDGE_LOOP('',(#433));
#1779=EDGE_LOOP('',(#434));
#1780=EDGE_LOOP('',(#435));
#1781=EDGE_LOOP('',(#436));
#1782=EDGE_LOOP('',(#437));
#1783=EDGE_LOOP('',(#438));
#1784=EDGE_LOOP('',(#439));
#1785=EDGE_LOOP('',(#440));
#1786=EDGE_LOOP('',(#441));
#1787=EDGE_LOOP('',(#442));
#1788=EDGE_LOOP('',(#443));
#1789=EDGE_LOOP('',(#444));
#1790=EDGE_LOOP('',(#445));
#1791=EDGE_LOOP('',(#446));
#1792=EDGE_LOOP('',(#447));
#1793=EDGE_LOOP('',(#448));
#1794=EDGE_LOOP('',(#449));
#1795=EDGE_LOOP('',(#450));
#1796=EDGE_LOOP('',(#451));
#1797=EDGE_LOOP('',(#452));
#1798=EDGE_LOOP('',(#453));
#1799=EDGE_LOOP('',(#454));
#1800=EDGE_LOOP('',(#455));
#1801=EDGE_LOOP('',(#456));
#1802=EDGE_LOOP('',(#457));
#1803=EDGE_LOOP('',(#458));
#1804=EDGE_LOOP('',(#459));
#1805=EDGE_LOOP('',(#460));
#1806=EDGE_LOOP('',(#461));
#1807=EDGE_LOOP('',(#462));
#1808=EDGE_LOOP('',(#463));
#1809=EDGE_LOOP('',(#464));
#1810=EDGE_LOOP('',(#465));
#1811=EDGE_LOOP('',(#466));
#1812=EDGE_LOOP('',(#467));
#1813=EDGE_LOOP('',(#468));
#1814=EDGE_LOOP('',(#469));
#1815=EDGE_LOOP('',(#470));
#1816=EDGE_LOOP('',(#471));
#1817=EDGE_LOOP('',(#472));
#1818=EDGE_LOOP('',(#473));
#1819=EDGE_LOOP('',(#474));
#1820=EDGE_LOOP('',(#475));
#1821=EDGE_LOOP('',(#476));
#1822=EDGE_LOOP('',(#477));
#1823=EDGE_LOOP('',(#478));
#1824=EDGE_LOOP('',(#479));
#1825=EDGE_LOOP('',(#480));
#1826=EDGE_LOOP('',(#481));
#1827=EDGE_LOOP('',(#482));
#1828=EDGE_LOOP('',(#483));
#1829=EDGE_LOOP('',(#484));
#1830=EDGE_LOOP('',(#485));
#1831=EDGE_LOOP('',(#486));
#1832=EDGE_LOOP('',(#487));
#1833=EDGE_LOOP('',(#488));
#1834=EDGE_LOOP('',(#489,#490,#491,#492));
#1835=EDGE_LOOP('',(#493));
#1836=EDGE_LOOP('',(#494));
#1837=EDGE_LOOP('',(#495,#496,#497,#498));
#1838=EDGE_LOOP('',(#499,#500,#501,#502));
#1839=EDGE_LOOP('',(#503,#504,#505,#506));
#1840=EDGE_LOOP('',(#507,#508,#509,#510));
#1841=EDGE_LOOP('',(#511,#512,#513,#514));
#1842=EDGE_LOOP('',(#515,#516,#517,#518));
#1843=EDGE_LOOP('',(#519,#520,#521,#522,#523,#524,#525,#526,#527,#528));
#1844=EDGE_LOOP('',(#529));
#1845=EDGE_LOOP('',(#530));
#1846=EDGE_LOOP('',(#531,#532,#533,#534,#535,#536,#537,#538,#539,#540,#541,
#542,#543,#544,#545,#546));
#1847=EDGE_LOOP('',(#547));
#1848=EDGE_LOOP('',(#548));
#1849=EDGE_LOOP('',(#549,#550,#551,#552,#553,#554,#555,#556,#557,#558,#559,
#560,#561,#562));
#1850=EDGE_LOOP('',(#563));
#1851=EDGE_LOOP('',(#564));
#1852=EDGE_LOOP('',(#565,#566,#567,#568));
#1853=EDGE_LOOP('',(#569));
#1854=EDGE_LOOP('',(#570,#571,#572,#573));
#1855=EDGE_LOOP('',(#574));
#1856=EDGE_LOOP('',(#575,#576,#577,#578));
#1857=EDGE_LOOP('',(#579,#580,#581,#582));
#1858=EDGE_LOOP('',(#583,#584,#585,#586));
#1859=EDGE_LOOP('',(#587));
#1860=EDGE_LOOP('',(#588));
#1861=EDGE_LOOP('',(#589,#590,#591,#592,#593,#594,#595,#596));
#1862=EDGE_LOOP('',(#597,#598,#599,#600));
#1863=EDGE_LOOP('',(#601,#602,#603,#604,#605));
#1864=EDGE_LOOP('',(#606,#607,#608,#609));
#1865=EDGE_LOOP('',(#610,#611,#612,#613,#614));
#1866=EDGE_LOOP('',(#615,#616,#617,#618));
#1867=EDGE_LOOP('',(#619));
#1868=EDGE_LOOP('',(#620));
#1869=EDGE_LOOP('',(#621));
#1870=EDGE_LOOP('',(#622));
#1871=EDGE_LOOP('',(#623));
#1872=EDGE_LOOP('',(#624));
#1873=EDGE_LOOP('',(#625));
#1874=EDGE_LOOP('',(#626));
#1875=EDGE_LOOP('',(#627));
#1876=EDGE_LOOP('',(#628));
#1877=EDGE_LOOP('',(#629));
#1878=EDGE_LOOP('',(#630));
#1879=EDGE_LOOP('',(#631));
#1880=EDGE_LOOP('',(#632));
#1881=EDGE_LOOP('',(#633));
#1882=EDGE_LOOP('',(#634));
#1883=EDGE_LOOP('',(#635,#636,#637,#638,#639,#640,#641,#642,#643,#644,#645));
#1884=EDGE_LOOP('',(#646,#647,#648,#649,#650,#651,#652,#653,#654,#655));
#1885=EDGE_LOOP('',(#656,#657,#658,#659));
#1886=EDGE_LOOP('',(#660));
#1887=EDGE_LOOP('',(#661));
#1888=EDGE_LOOP('',(#662));
#1889=EDGE_LOOP('',(#663));
#1890=EDGE_LOOP('',(#664,#665,#666,#667));
#1891=EDGE_LOOP('',(#668,#669,#670,#671));
#1892=EDGE_LOOP('',(#672,#673,#674,#675));
#1893=EDGE_LOOP('',(#676,#677,#678,#679));
#1894=EDGE_LOOP('',(#680,#681,#682,#683));
#1895=EDGE_LOOP('',(#684,#685,#686,#687));
#1896=EDGE_LOOP('',(#688));
#1897=EDGE_LOOP('',(#689));
#1898=EDGE_LOOP('',(#690));
#1899=EDGE_LOOP('',(#691));
#1900=EDGE_LOOP('',(#692,#693,#694,#695));
#1901=EDGE_LOOP('',(#696,#697,#698,#699));
#1902=EDGE_LOOP('',(#700,#701,#702,#703));
#1903=EDGE_LOOP('',(#704,#705,#706,#707));
#1904=EDGE_LOOP('',(#708,#709,#710,#711));
#1905=EDGE_LOOP('',(#712,#713,#714,#715));
#1906=EDGE_LOOP('',(#716,#717,#718,#719,#720));
#1907=EDGE_LOOP('',(#721,#722,#723,#724,#725));
#1908=EDGE_LOOP('',(#726,#727,#728,#729,#730));
#1909=EDGE_LOOP('',(#731,#732,#733,#734,#735));
#1910=EDGE_LOOP('',(#736,#737,#738,#739));
#1911=EDGE_LOOP('',(#740,#741,#742,#743,#744,#745));
#1912=EDGE_LOOP('',(#746,#747,#748,#749));
#1913=EDGE_LOOP('',(#750,#751,#752,#753,#754,#755));
#1914=EDGE_LOOP('',(#756,#757,#758,#759));
#1915=EDGE_LOOP('',(#760,#761,#762,#763));
#1916=EDGE_LOOP('',(#764,#765,#766,#767));
#1917=EDGE_LOOP('',(#768,#769,#770,#771));
#1918=EDGE_LOOP('',(#772,#773,#774,#775));
#1919=EDGE_LOOP('',(#776,#777,#778,#779));
#1920=EDGE_LOOP('',(#780,#781,#782,#783));
#1921=EDGE_LOOP('',(#784,#785,#786,#787));
#1922=EDGE_LOOP('',(#788,#789,#790,#791));
#1923=EDGE_LOOP('',(#792,#793,#794,#795));
#1924=EDGE_LOOP('',(#796,#797,#798,#799));
#1925=EDGE_LOOP('',(#800,#801,#802,#803,#804));
#1926=EDGE_LOOP('',(#805,#806,#807,#808));
#1927=EDGE_LOOP('',(#809,#810,#811,#812,#813));
#1928=EDGE_LOOP('',(#814,#815,#816,#817));
#1929=EDGE_LOOP('',(#818,#819,#820,#821,#822,#823,#824,#825));
#1930=FACE_BOUND('',#1696,.T.);
#1931=FACE_BOUND('',#1697,.T.);
#1932=FACE_BOUND('',#1698,.T.);
#1933=FACE_BOUND('',#1699,.T.);
#1934=FACE_BOUND('',#1700,.T.);
#1935=FACE_BOUND('',#1701,.T.);
#1936=FACE_BOUND('',#1702,.T.);
#1937=FACE_BOUND('',#1703,.T.);
#1938=FACE_BOUND('',#1704,.T.);
#1939=FACE_BOUND('',#1705,.T.);
#1940=FACE_BOUND('',#1706,.T.);
#1941=FACE_BOUND('',#1707,.T.);
#1942=FACE_BOUND('',#1708,.T.);
#1943=FACE_BOUND('',#1709,.T.);
#1944=FACE_BOUND('',#1710,.T.);
#1945=FACE_BOUND('',#1711,.T.);
#1946=FACE_BOUND('',#1712,.T.);
#1947=FACE_BOUND('',#1713,.T.);
#1948=FACE_BOUND('',#1714,.T.);
#1949=FACE_BOUND('',#1715,.T.);
#1950=FACE_BOUND('',#1716,.T.);
#1951=FACE_BOUND('',#1717,.T.);
#1952=FACE_BOUND('',#1718,.T.);
#1953=FACE_BOUND('',#1719,.T.);
#1954=FACE_BOUND('',#1720,.T.);
#1955=FACE_BOUND('',#1721,.T.);
#1956=FACE_BOUND('',#1722,.T.);
#1957=FACE_BOUND('',#1723,.T.);
#1958=FACE_BOUND('',#1724,.T.);
#1959=FACE_BOUND('',#1725,.T.);
#1960=FACE_BOUND('',#1726,.T.);
#1961=FACE_BOUND('',#1727,.T.);
#1962=FACE_BOUND('',#1728,.T.);
#1963=FACE_BOUND('',#1729,.T.);
#1964=FACE_BOUND('',#1730,.T.);
#1965=FACE_BOUND('',#1731,.T.);
#1966=FACE_BOUND('',#1732,.T.);
#1967=FACE_BOUND('',#1733,.T.);
#1968=FACE_BOUND('',#1734,.T.);
#1969=FACE_BOUND('',#1735,.T.);
#1970=FACE_BOUND('',#1736,.T.);
#1971=FACE_BOUND('',#1737,.T.);
#1972=FACE_BOUND('',#1738,.T.);
#1973=FACE_BOUND('',#1739,.T.);
#1974=FACE_BOUND('',#1740,.T.);
#1975=FACE_BOUND('',#1741,.T.);
#1976=FACE_BOUND('',#1742,.T.);
#1977=FACE_BOUND('',#1743,.T.);
#1978=FACE_BOUND('',#1744,.T.);
#1979=FACE_BOUND('',#1745,.T.);
#1980=FACE_BOUND('',#1746,.T.);
#1981=FACE_BOUND('',#1747,.T.);
#1982=FACE_BOUND('',#1748,.T.);
#1983=FACE_BOUND('',#1749,.T.);
#1984=FACE_BOUND('',#1750,.T.);
#1985=FACE_BOUND('',#1751,.T.);
#1986=FACE_BOUND('',#1752,.T.);
#1987=FACE_BOUND('',#1753,.T.);
#1988=FACE_BOUND('',#1754,.T.);
#1989=FACE_BOUND('',#1755,.T.);
#1990=FACE_BOUND('',#1756,.T.);
#1991=FACE_BOUND('',#1757,.T.);
#1992=FACE_BOUND('',#1758,.T.);
#1993=FACE_BOUND('',#1759,.T.);
#1994=FACE_BOUND('',#1760,.T.);
#1995=FACE_BOUND('',#1761,.T.);
#1996=FACE_BOUND('',#1762,.T.);
#1997=FACE_BOUND('',#1763,.T.);
#1998=FACE_BOUND('',#1764,.T.);
#1999=FACE_BOUND('',#1765,.T.);
#2000=FACE_BOUND('',#1766,.T.);
#2001=FACE_BOUND('',#1767,.T.);
#2002=FACE_BOUND('',#1768,.T.);
#2003=FACE_BOUND('',#1769,.T.);
#2004=FACE_BOUND('',#1770,.T.);
#2005=FACE_BOUND('',#1771,.T.);
#2006=FACE_BOUND('',#1772,.T.);
#2007=FACE_BOUND('',#1773,.T.);
#2008=FACE_BOUND('',#1774,.T.);
#2009=FACE_BOUND('',#1775,.T.);
#2010=FACE_BOUND('',#1776,.T.);
#2011=FACE_BOUND('',#1777,.T.);
#2012=FACE_BOUND('',#1778,.T.);
#2013=FACE_BOUND('',#1779,.T.);
#2014=FACE_BOUND('',#1780,.T.);
#2015=FACE_BOUND('',#1781,.T.);
#2016=FACE_BOUND('',#1782,.T.);
#2017=FACE_BOUND('',#1783,.T.);
#2018=FACE_BOUND('',#1784,.T.);
#2019=FACE_BOUND('',#1785,.T.);
#2020=FACE_BOUND('',#1786,.T.);
#2021=FACE_BOUND('',#1787,.T.);
#2022=FACE_BOUND('',#1788,.T.);
#2023=FACE_BOUND('',#1789,.T.);
#2024=FACE_BOUND('',#1790,.T.);
#2025=FACE_BOUND('',#1791,.T.);
#2026=FACE_BOUND('',#1792,.T.);
#2027=FACE_BOUND('',#1793,.T.);
#2028=FACE_BOUND('',#1794,.T.);
#2029=FACE_BOUND('',#1795,.T.);
#2030=FACE_BOUND('',#1796,.T.);
#2031=FACE_BOUND('',#1797,.T.);
#2032=FACE_BOUND('',#1798,.T.);
#2033=FACE_BOUND('',#1799,.T.);
#2034=FACE_BOUND('',#1800,.T.);
#2035=FACE_BOUND('',#1801,.T.);
#2036=FACE_BOUND('',#1802,.T.);
#2037=FACE_BOUND('',#1803,.T.);
#2038=FACE_BOUND('',#1804,.T.);
#2039=FACE_BOUND('',#1805,.T.);
#2040=FACE_BOUND('',#1806,.T.);
#2041=FACE_BOUND('',#1807,.T.);
#2042=FACE_BOUND('',#1808,.T.);
#2043=FACE_BOUND('',#1809,.T.);
#2044=FACE_BOUND('',#1810,.T.);
#2045=FACE_BOUND('',#1811,.T.);
#2046=FACE_BOUND('',#1812,.T.);
#2047=FACE_BOUND('',#1813,.T.);
#2048=FACE_BOUND('',#1814,.T.);
#2049=FACE_BOUND('',#1815,.T.);
#2050=FACE_BOUND('',#1816,.T.);
#2051=FACE_BOUND('',#1817,.T.);
#2052=FACE_BOUND('',#1818,.T.);
#2053=FACE_BOUND('',#1819,.T.);
#2054=FACE_BOUND('',#1820,.T.);
#2055=FACE_BOUND('',#1821,.T.);
#2056=FACE_BOUND('',#1822,.T.);
#2057=FACE_BOUND('',#1823,.T.);
#2058=FACE_BOUND('',#1824,.T.);
#2059=FACE_BOUND('',#1825,.T.);
#2060=FACE_BOUND('',#1826,.T.);
#2061=FACE_BOUND('',#1827,.T.);
#2062=FACE_BOUND('',#1828,.T.);
#2063=FACE_BOUND('',#1829,.T.);
#2064=FACE_BOUND('',#1830,.T.);
#2065=FACE_BOUND('',#1831,.T.);
#2066=FACE_BOUND('',#1832,.T.);
#2067=FACE_BOUND('',#1833,.T.);
#2068=FACE_BOUND('',#1834,.T.);
#2069=FACE_BOUND('',#1835,.T.);
#2070=FACE_BOUND('',#1836,.T.);
#2071=FACE_BOUND('',#1837,.T.);
#2072=FACE_BOUND('',#1838,.T.);
#2073=FACE_BOUND('',#1839,.T.);
#2074=FACE_BOUND('',#1840,.T.);
#2075=FACE_BOUND('',#1841,.T.);
#2076=FACE_BOUND('',#1842,.T.);
#2077=FACE_BOUND('',#1843,.T.);
#2078=FACE_BOUND('',#1844,.T.);
#2079=FACE_BOUND('',#1845,.T.);
#2080=FACE_BOUND('',#1846,.T.);
#2081=FACE_BOUND('',#1847,.T.);
#2082=FACE_BOUND('',#1848,.T.);
#2083=FACE_BOUND('',#1849,.T.);
#2084=FACE_BOUND('',#1850,.T.);
#2085=FACE_BOUND('',#1851,.T.);
#2086=FACE_BOUND('',#1852,.T.);
#2087=FACE_BOUND('',#1853,.T.);
#2088=FACE_BOUND('',#1854,.T.);
#2089=FACE_BOUND('',#1855,.T.);
#2090=FACE_BOUND('',#1856,.T.);
#2091=FACE_BOUND('',#1857,.T.);
#2092=FACE_BOUND('',#1858,.T.);
#2093=FACE_BOUND('',#1859,.T.);
#2094=FACE_BOUND('',#1860,.T.);
#2095=FACE_BOUND('',#1861,.T.);
#2096=FACE_BOUND('',#1862,.T.);
#2097=FACE_BOUND('',#1863,.T.);
#2098=FACE_BOUND('',#1864,.T.);
#2099=FACE_BOUND('',#1865,.T.);
#2100=FACE_BOUND('',#1866,.T.);
#2101=FACE_BOUND('',#1867,.T.);
#2102=FACE_BOUND('',#1868,.T.);
#2103=FACE_BOUND('',#1869,.T.);
#2104=FACE_BOUND('',#1870,.T.);
#2105=FACE_BOUND('',#1871,.T.);
#2106=FACE_BOUND('',#1872,.T.);
#2107=FACE_BOUND('',#1873,.T.);
#2108=FACE_BOUND('',#1874,.T.);
#2109=FACE_BOUND('',#1875,.T.);
#2110=FACE_BOUND('',#1876,.T.);
#2111=FACE_BOUND('',#1877,.T.);
#2112=FACE_BOUND('',#1878,.T.);
#2113=FACE_BOUND('',#1879,.T.);
#2114=FACE_BOUND('',#1880,.T.);
#2115=FACE_BOUND('',#1881,.T.);
#2116=FACE_BOUND('',#1882,.T.);
#2117=FACE_BOUND('',#1883,.T.);
#2118=FACE_BOUND('',#1884,.T.);
#2119=FACE_BOUND('',#1885,.T.);
#2120=FACE_BOUND('',#1886,.T.);
#2121=FACE_BOUND('',#1887,.T.);
#2122=FACE_BOUND('',#1888,.T.);
#2123=FACE_BOUND('',#1889,.T.);
#2124=FACE_BOUND('',#1890,.T.);
#2125=FACE_BOUND('',#1891,.T.);
#2126=FACE_BOUND('',#1892,.T.);
#2127=FACE_BOUND('',#1893,.T.);
#2128=FACE_BOUND('',#1894,.T.);
#2129=FACE_BOUND('',#1895,.T.);
#2130=FACE_BOUND('',#1896,.T.);
#2131=FACE_BOUND('',#1897,.T.);
#2132=FACE_BOUND('',#1898,.T.);
#2133=FACE_BOUND('',#1899,.T.);
#2134=FACE_BOUND('',#1900,.T.);
#2135=FACE_BOUND('',#1901,.T.);
#2136=FACE_BOUND('',#1902,.T.);
#2137=FACE_BOUND('',#1903,.T.);
#2138=FACE_BOUND('',#1904,.T.);
#2139=FACE_BOUND('',#1905,.T.);
#2140=FACE_BOUND('',#1906,.T.);
#2141=FACE_BOUND('',#1907,.T.);
#2142=FACE_BOUND('',#1908,.T.);
#2143=FACE_BOUND('',#1909,.T.);
#2144=FACE_BOUND('',#1910,.T.);
#2145=FACE_BOUND('',#1911,.T.);
#2146=FACE_BOUND('',#1912,.T.);
#2147=FACE_BOUND('',#1913,.T.);
#2148=FACE_BOUND('',#1914,.T.);
#2149=FACE_BOUND('',#1915,.T.);
#2150=FACE_BOUND('',#1916,.T.);
#2151=FACE_BOUND('',#1917,.T.);
#2152=FACE_BOUND('',#1918,.T.);
#2153=FACE_BOUND('',#1919,.T.);
#2154=FACE_BOUND('',#1920,.T.);
#2155=FACE_BOUND('',#1921,.T.);
#2156=FACE_BOUND('',#1922,.T.);
#2157=FACE_BOUND('',#1923,.T.);
#2158=FACE_BOUND('',#1924,.T.);
#2159=FACE_BOUND('',#1925,.T.);
#2160=FACE_BOUND('',#1926,.T.);
#2161=FACE_BOUND('',#1927,.T.);
#2162=FACE_BOUND('',#1928,.T.);
#2163=FACE_BOUND('',#1929,.T.);
#2164=PLANE('',#2371);
#2165=PLANE('',#2378);
#2166=PLANE('',#2380);
#2167=PLANE('',#2383);
#2168=PLANE('',#2386);
#2169=PLANE('',#2389);
#2170=PLANE('',#2390);
#2171=PLANE('',#2394);
#2172=PLANE('',#2395);
#2173=PLANE('',#2401);
#2174=PLANE('',#2403);
#2175=PLANE('',#2416);
#2176=PLANE('',#2417);
#2177=PLANE('',#2420);
#2178=PLANE('',#2427);
#2179=PLANE('',#2438);
#2180=PLANE('',#2449);
#2181=PLANE('',#2480);
#2182=PLANE('',#2481);
#2183=PLANE('',#2500);
#2184=PLANE('',#2503);
#2185=PLANE('',#2506);
#2186=PLANE('',#2509);
#2187=PLANE('',#2512);
#2188=PLANE('',#2515);
#2189=PLANE('',#2518);
#2190=PLANE('',#2521);
#2191=PLANE('',#2526);
#2192=PLANE('',#2527);
#2193=PLANE('',#2530);
#2194=PLANE('',#2531);
#2195=PLANE('',#2534);
#2196=PLANE('',#2546);
#2197=PLANE('',#2554);
#2198=PLANE('',#2555);
#2199=PLANE('',#2556);
#2200=PLANE('',#2557);
#2201=PLANE('',#2558);
#2202=PLANE('',#2559);
#2203=PLANE('',#2560);
#2204=PLANE('',#2561);
#2205=PLANE('',#2563);
#2206=PLANE('',#2564);
#2207=PLANE('',#2566);
#2208=PLANE('',#2569);
#2209=PLANE('',#2572);
#2210=PLANE('',#2575);
#2211=PLANE('',#2578);
#2212=PLANE('',#2579);
#2213=PLANE('',#2582);
#2214=PLANE('',#2585);
#2215=PLANE('',#2588);
#2216=PLANE('',#2590);
#2217=PLANE('',#2591);
#2218=PLANE('',#2593);
#2219=PLANE('',#2602);
#2220=PLANE('',#2604);
#2221=PLANE('',#2606);
#2222=PLANE('',#2608);
#2223=PLANE('',#2616);
#2224=PLANE('',#2617);
#2225=PLANE('',#2618);
#2226=PLANE('',#2619);
#2227=PLANE('',#2620);
#2228=PLANE('',#2621);
#2229=ADVANCED_FACE('',(#1930),#2164,.F.);
#2230=ADVANCED_FACE('',(#1931),#2165,.F.);
#2231=ADVANCED_FACE('',(#1932),#2166,.T.);
#2232=ADVANCED_FACE('',(#1933),#2167,.T.);
#2233=ADVANCED_FACE('',(#1934),#2168,.F.);
#2234=ADVANCED_FACE('',(#1935),#2169,.T.);
#2235=ADVANCED_FACE('',(#1936,#1937,#1938),#2170,.T.);
#2236=ADVANCED_FACE('',(#1939),#2171,.T.);
#2237=ADVANCED_FACE('',(#1940,#1941,#1942,#1943,#1944,#1945),#2172,.F.);
#2238=ADVANCED_FACE('',(#1946),#2173,.F.);
#2239=ADVANCED_FACE('',(#1947),#2174,.F.);
#2240=ADVANCED_FACE('',(#1948,#1949),#14,.F.);
#2241=ADVANCED_FACE('',(#1950,#1951),#15,.F.);
#2242=ADVANCED_FACE('',(#1952,#1953),#16,.F.);
#2243=ADVANCED_FACE('',(#1954,#1955),#17,.F.);
#2244=ADVANCED_FACE('',(#1956),#2175,.F.);
#2245=ADVANCED_FACE('',(#1957),#2176,.T.);
#2246=ADVANCED_FACE('',(#1958),#2177,.T.);
#2247=ADVANCED_FACE('',(#1959,#1960,#1961,#1962,#1963,#1964,#1965,#1966,
#1967,#1968),#2178,.F.);
#2248=ADVANCED_FACE('',(#1969,#1970,#1971,#1972,#1973,#1974,#1975,#1976,
#1977,#1978),#2179,.T.);
#2249=ADVANCED_FACE('',(#1979,#1980,#1981,#1982,#1983,#1984,#1985,#1986,
#1987,#1988),#2180,.T.);
#2250=ADVANCED_FACE('',(#1989,#1990),#18,.F.);
#2251=ADVANCED_FACE('',(#1991,#1992),#19,.F.);
#2252=ADVANCED_FACE('',(#1993,#1994),#20,.F.);
#2253=ADVANCED_FACE('',(#1995,#1996),#21,.F.);
#2254=ADVANCED_FACE('',(#1997,#1998),#22,.F.);
#2255=ADVANCED_FACE('',(#1999,#2000),#23,.F.);
#2256=ADVANCED_FACE('',(#2001,#2002),#24,.F.);
#2257=ADVANCED_FACE('',(#2003,#2004),#25,.F.);
#2258=ADVANCED_FACE('',(#2005),#2181,.F.);
#2259=ADVANCED_FACE('',(#2006,#2007,#2008,#2009,#2010,#2011,#2012,#2013,
#2014,#2015),#2182,.F.);
#2260=ADVANCED_FACE('',(#2016,#2017),#26,.F.);
#2261=ADVANCED_FACE('',(#2018,#2019),#27,.F.);
#2262=ADVANCED_FACE('',(#2020,#2021),#28,.F.);
#2263=ADVANCED_FACE('',(#2022,#2023),#29,.F.);
#2264=ADVANCED_FACE('',(#2024,#2025),#30,.F.);
#2265=ADVANCED_FACE('',(#2026,#2027),#31,.F.);
#2266=ADVANCED_FACE('',(#2028,#2029),#32,.F.);
#2267=ADVANCED_FACE('',(#2030,#2031),#33,.F.);
#2268=ADVANCED_FACE('',(#2032,#2033),#34,.F.);
#2269=ADVANCED_FACE('',(#2034,#2035),#35,.F.);
#2270=ADVANCED_FACE('',(#2036,#2037),#36,.F.);
#2271=ADVANCED_FACE('',(#2038,#2039),#2183,.T.);
#2272=ADVANCED_FACE('',(#2040,#2041),#37,.F.);
#2273=ADVANCED_FACE('',(#2042,#2043),#2184,.T.);
#2274=ADVANCED_FACE('',(#2044,#2045),#38,.F.);
#2275=ADVANCED_FACE('',(#2046,#2047),#2185,.T.);
#2276=ADVANCED_FACE('',(#2048,#2049),#39,.F.);
#2277=ADVANCED_FACE('',(#2050,#2051),#2186,.T.);
#2278=ADVANCED_FACE('',(#2052,#2053),#40,.F.);
#2279=ADVANCED_FACE('',(#2054,#2055),#2187,.T.);
#2280=ADVANCED_FACE('',(#2056,#2057),#41,.F.);
#2281=ADVANCED_FACE('',(#2058,#2059),#2188,.T.);
#2282=ADVANCED_FACE('',(#2060,#2061),#42,.F.);
#2283=ADVANCED_FACE('',(#2062,#2063),#2189,.T.);
#2284=ADVANCED_FACE('',(#2064,#2065),#43,.F.);
#2285=ADVANCED_FACE('',(#2066,#2067),#2190,.T.);
#2286=ADVANCED_FACE('',(#2068,#2069),#44,.T.);
#2287=ADVANCED_FACE('',(#2070,#2071),#45,.T.);
#2288=ADVANCED_FACE('',(#2072),#2191,.T.);
#2289=ADVANCED_FACE('',(#2073),#2192,.T.);
#2290=ADVANCED_FACE('',(#2074),#46,.F.);
#2291=ADVANCED_FACE('',(#2075),#47,.F.);
#2292=ADVANCED_FACE('',(#2076),#2193,.T.);
#2293=ADVANCED_FACE('',(#2077),#2194,.T.);
#2294=ADVANCED_FACE('',(#2078,#2079,#2080,#2081,#2082),#2195,.T.);
#2295=ADVANCED_FACE('',(#2083,#2084,#2085),#2196,.F.);
#2296=ADVANCED_FACE('',(#2086),#2197,.F.);
#2297=ADVANCED_FACE('',(#2087,#2088),#2198,.T.);
#2298=ADVANCED_FACE('',(#2089,#2090),#2199,.F.);
#2299=ADVANCED_FACE('',(#2091),#2200,.T.);
#2300=ADVANCED_FACE('',(#2092),#2201,.T.);
#2301=ADVANCED_FACE('',(#2093,#2094,#2095),#2202,.T.);
#2302=ADVANCED_FACE('',(#2096),#2203,.T.);
#2303=ADVANCED_FACE('',(#2097),#2204,.T.);
#2304=ADVANCED_FACE('',(#2098),#2205,.T.);
#2305=ADVANCED_FACE('',(#2099),#2206,.F.);
#2306=ADVANCED_FACE('',(#2100),#2207,.T.);
#2307=ADVANCED_FACE('',(#2101,#2102),#48,.F.);
#2308=ADVANCED_FACE('',(#2103,#2104),#2208,.T.);
#2309=ADVANCED_FACE('',(#2105,#2106),#49,.F.);
#2310=ADVANCED_FACE('',(#2107,#2108),#2209,.T.);
#2311=ADVANCED_FACE('',(#2109,#2110),#50,.F.);
#2312=ADVANCED_FACE('',(#2111,#2112),#2210,.T.);
#2313=ADVANCED_FACE('',(#2113,#2114),#51,.F.);
#2314=ADVANCED_FACE('',(#2115,#2116),#2211,.T.);
#2315=ADVANCED_FACE('',(#2117),#2212,.F.);
#2316=ADVANCED_FACE('',(#2118),#2213,.F.);
#2317=ADVANCED_FACE('',(#2119),#2214,.F.);
#2318=ADVANCED_FACE('',(#2120,#2121),#52,.F.);
#2319=ADVANCED_FACE('',(#2122,#2123),#53,.F.);
#2320=ADVANCED_FACE('',(#2124),#2215,.T.);
#2321=ADVANCED_FACE('',(#2125),#54,.F.);
#2322=ADVANCED_FACE('',(#2126),#2216,.F.);
#2323=ADVANCED_FACE('',(#2127),#2217,.T.);
#2324=ADVANCED_FACE('',(#2128),#55,.F.);
#2325=ADVANCED_FACE('',(#2129),#2218,.F.);
#2326=ADVANCED_FACE('',(#2130,#2131),#56,.F.);
#2327=ADVANCED_FACE('',(#2132,#2133),#57,.F.);
#2328=ADVANCED_FACE('',(#2134),#58,.F.);
#2329=ADVANCED_FACE('',(#2135),#59,.T.);
#2330=ADVANCED_FACE('',(#2136),#60,.F.);
#2331=ADVANCED_FACE('',(#2137),#61,.T.);
#2332=ADVANCED_FACE('',(#2138),#62,.F.);
#2333=ADVANCED_FACE('',(#2139),#63,.F.);
#2334=ADVANCED_FACE('',(#2140),#2219,.F.);
#2335=ADVANCED_FACE('',(#2141),#2220,.F.);
#2336=ADVANCED_FACE('',(#2142),#2221,.T.);
#2337=ADVANCED_FACE('',(#2143),#2222,.F.);
#2338=ADVANCED_FACE('',(#2144),#64,.F.);
#2339=ADVANCED_FACE('',(#2145),#65,.T.);
#2340=ADVANCED_FACE('',(#2146),#66,.F.);
#2341=ADVANCED_FACE('',(#2147),#67,.T.);
#2342=ADVANCED_FACE('',(#2148),#2223,.T.);
#2343=ADVANCED_FACE('',(#2149),#2224,.F.);
#2344=ADVANCED_FACE('',(#2150),#2225,.T.);
#2345=ADVANCED_FACE('',(#2151),#2226,.F.);
#2346=ADVANCED_FACE('',(#2152),#2227,.T.);
#2347=ADVANCED_FACE('',(#2153),#2228,.T.);
#2348=ADVANCED_FACE('',(#2154),#68,.F.);
#2349=ADVANCED_FACE('',(#2155),#69,.F.);
#2350=ADVANCED_FACE('',(#2156),#70,.F.);
#2351=ADVANCED_FACE('',(#2157),#71,.F.);
#2352=ADVANCED_FACE('',(#2158),#72,.T.);
#2353=ADVANCED_FACE('',(#2159),#12,.T.);
#2354=ADVANCED_FACE('',(#2160),#73,.T.);
#2355=ADVANCED_FACE('',(#2161),#13,.T.);
#2356=ADVANCED_FACE('',(#2162),#74,.T.);
#2357=ADVANCED_FACE('',(#2163),#75,.T.);
#2358=CLOSED_SHELL('',(#2229,#2230,#2231,#2232,#2233,#2234,#2235,#2236,
#2237,#2238,#2239,#2240,#2241,#2242,#2243,#2244,#2245,#2246,#2247,#2248,
#2249,#2250,#2251,#2252,#2253,#2254,#2255,#2256,#2257,#2258,#2259,#2260,
#2261,#2262,#2263,#2264,#2265,#2266,#2267,#2268,#2269,#2270,#2271,#2272,
#2273,#2274,#2275,#2276,#2277,#2278,#2279,#2280,#2281,#2282,#2283,#2284,
#2285,#2286,#2287,#2288,#2289,#2290,#2291,#2292,#2293,#2294,#2295,#2296,
#2297,#2298,#2299,#2300,#2301,#2302,#2303,#2304,#2305,#2306,#2307,#2308,
#2309,#2310,#2311,#2312,#2313,#2314,#2315,#2316,#2317,#2318,#2319,#2320,
#2321,#2322,#2323,#2324,#2325,#2326,#2327,#2328,#2329,#2330,#2331,#2332,
#2333,#2334,#2335,#2336,#2337,#2338,#2339,#2340,#2341,#2342,#2343,#2344,
#2345,#2346,#2347,#2348,#2349,#2350,#2351,#2352,#2353,#2354,#2355,#2356,
#2357));
#2359=STYLED_ITEM('',(#2360),#2367);
#2360=PRESENTATION_STYLE_ASSIGNMENT((#2361));
#2361=SURFACE_STYLE_USAGE(.BOTH.,#2362);
#2362=SURFACE_SIDE_STYLE('',(#2363));
#2363=SURFACE_STYLE_FILL_AREA(#2364);
#2364=FILL_AREA_STYLE('',(#2365));
#2365=FILL_AREA_STYLE_COLOUR('',#2366);
#2366=COLOUR_RGB('',0.615686274509804,0.811764705882353,0.929411764705882);
#2367=MANIFOLD_SOLID_BREP('Part 1',#2358);
#2368=SHAPE_DEFINITION_REPRESENTATION(#4026,#2369);
#2369=SHAPE_REPRESENTATION('Part 1',(#2370),#4021);
#2370=AXIS2_PLACEMENT_3D('',#3330,#2634,#2635);
#2371=AXIS2_PLACEMENT_3D('',#3331,#2636,#2637);
#2372=AXIS2_PLACEMENT_3D('',#3337,#2640,#2641);
#2373=AXIS2_PLACEMENT_3D('',#3341,#2643,#2644);
#2374=AXIS2_PLACEMENT_3D('',#3349,#2648,#2649);
#2375=AXIS2_PLACEMENT_3D('',#3357,#2653,#2654);
#2376=AXIS2_PLACEMENT_3D('',#3361,#2656,#2657);
#2377=AXIS2_PLACEMENT_3D('',#3369,#2661,#2662);
#2378=AXIS2_PLACEMENT_3D('',#3372,#2664,#2665);
#2379=AXIS2_PLACEMENT_3D('',#3390,#2674,#2675);
#2380=AXIS2_PLACEMENT_3D('',#3393,#2677,#2678);
#2381=AXIS2_PLACEMENT_3D('',#3408,#2683,#2684);
#2382=AXIS2_PLACEMENT_3D('',#3412,#2686,#2687);
#2383=AXIS2_PLACEMENT_3D('',#3416,#2690,#2691);
#2384=AXIS2_PLACEMENT_3D('',#3419,#2693,#2694);
#2385=AXIS2_PLACEMENT_3D('',#3423,#2696,#2697);
#2386=AXIS2_PLACEMENT_3D('',#3431,#2702,#2703);
#2387=AXIS2_PLACEMENT_3D('',#3440,#2708,#2709);
#2388=AXIS2_PLACEMENT_3D('',#3444,#2711,#2712);
#2389=AXIS2_PLACEMENT_3D('',#3455,#2718,#2719);
#2390=AXIS2_PLACEMENT_3D('',#3461,#2723,#2724);
#2391=AXIS2_PLACEMENT_3D('',#3462,#2725,#2726);
#2392=AXIS2_PLACEMENT_3D('',#3464,#2727,#2728);
#2393=AXIS2_PLACEMENT_3D('',#3472,#2732,#2733);
#2394=AXIS2_PLACEMENT_3D('',#3477,#2736,#2737);
#2395=AXIS2_PLACEMENT_3D('',#3486,#2742,#2743);
#2396=AXIS2_PLACEMENT_3D('',#3487,#2744,#2745);
#2397=AXIS2_PLACEMENT_3D('',#3489,#2746,#2747);
#2398=AXIS2_PLACEMENT_3D('',#3491,#2748,#2749);
#2399=AXIS2_PLACEMENT_3D('',#3493,#2750,#2751);
#2400=AXIS2_PLACEMENT_3D('',#3503,#2756,#2757);
#2401=AXIS2_PLACEMENT_3D('',#3511,#2762,#2763);
#2402=AXIS2_PLACEMENT_3D('',#3515,#2766,#2767);
#2403=AXIS2_PLACEMENT_3D('',#3523,#2772,#2773);
#2404=AXIS2_PLACEMENT_3D('',#3529,#2777,#2778);
#2405=AXIS2_PLACEMENT_3D('',#3530,#2779,#2780);
#2406=AXIS2_PLACEMENT_3D('',#3532,#2781,#2782);
#2407=AXIS2_PLACEMENT_3D('',#3534,#2783,#2784);
#2408=AXIS2_PLACEMENT_3D('',#3535,#2785,#2786);
#2409=AXIS2_PLACEMENT_3D('',#3537,#2787,#2788);
#2410=AXIS2_PLACEMENT_3D('',#3539,#2789,#2790);
#2411=AXIS2_PLACEMENT_3D('',#3540,#2791,#2792);
#2412=AXIS2_PLACEMENT_3D('',#3542,#2793,#2794);
#2413=AXIS2_PLACEMENT_3D('',#3544,#2795,#2796);
#2414=AXIS2_PLACEMENT_3D('',#3545,#2797,#2798);
#2415=AXIS2_PLACEMENT_3D('',#3547,#2799,#2800);
#2416=AXIS2_PLACEMENT_3D('',#3549,#2801,#2802);
#2417=AXIS2_PLACEMENT_3D('',#3563,#2810,#2811);
#2418=AXIS2_PLACEMENT_3D('',#3577,#2819,#2820);
#2419=AXIS2_PLACEMENT_3D('',#3578,#2821,#2822);
#2420=AXIS2_PLACEMENT_3D('',#3579,#2823,#2824);
#2421=AXIS2_PLACEMENT_3D('',#3583,#2826,#2827);
#2422=AXIS2_PLACEMENT_3D('',#3586,#2829,#2830);
#2423=AXIS2_PLACEMENT_3D('',#3590,#2832,#2833);
#2424=AXIS2_PLACEMENT_3D('',#3594,#2835,#2836);
#2425=AXIS2_PLACEMENT_3D('',#3602,#2840,#2841);
#2426=AXIS2_PLACEMENT_3D('',#3606,#2843,#2844);
#2427=AXIS2_PLACEMENT_3D('',#3611,#2847,#2848);
#2428=AXIS2_PLACEMENT_3D('',#3612,#2849,#2850);
#2429=AXIS2_PLACEMENT_3D('',#3614,#2851,#2852);
#2430=AXIS2_PLACEMENT_3D('',#3616,#2853,#2854);
#2431=AXIS2_PLACEMENT_3D('',#3618,#2855,#2856);
#2432=AXIS2_PLACEMENT_3D('',#3620,#2857,#2858);
#2433=AXIS2_PLACEMENT_3D('',#3622,#2859,#2860);
#2434=AXIS2_PLACEMENT_3D('',#3624,#2861,#2862);
#2435=AXIS2_PLACEMENT_3D('',#3626,#2863,#2864);
#2436=AXIS2_PLACEMENT_3D('',#3628,#2865,#2866);
#2437=AXIS2_PLACEMENT_3D('',#3631,#2868,#2869);
#2438=AXIS2_PLACEMENT_3D('',#3632,#2870,#2871);
#2439=AXIS2_PLACEMENT_3D('',#3633,#2872,#2873);
#2440=AXIS2_PLACEMENT_3D('',#3635,#2874,#2875);
#2441=AXIS2_PLACEMENT_3D('',#3637,#2876,#2877);
#2442=AXIS2_PLACEMENT_3D('',#3639,#2878,#2879);
#2443=AXIS2_PLACEMENT_3D('',#3641,#2880,#2881);
#2444=AXIS2_PLACEMENT_3D('',#3643,#2882,#2883);
#2445=AXIS2_PLACEMENT_3D('',#3645,#2884,#2885);
#2446=AXIS2_PLACEMENT_3D('',#3647,#2886,#2887);
#2447=AXIS2_PLACEMENT_3D('',#3649,#2888,#2889);
#2448=AXIS2_PLACEMENT_3D('',#3652,#2891,#2892);
#2449=AXIS2_PLACEMENT_3D('',#3653,#2893,#2894);
#2450=AXIS2_PLACEMENT_3D('',#3654,#2895,#2896);
#2451=AXIS2_PLACEMENT_3D('',#3656,#2897,#2898);
#2452=AXIS2_PLACEMENT_3D('',#3658,#2899,#2900);
#2453=AXIS2_PLACEMENT_3D('',#3660,#2901,#2902);
#2454=AXIS2_PLACEMENT_3D('',#3662,#2903,#2904);
#2455=AXIS2_PLACEMENT_3D('',#3664,#2905,#2906);
#2456=AXIS2_PLACEMENT_3D('',#3666,#2907,#2908);
#2457=AXIS2_PLACEMENT_3D('',#3668,#2909,#2910);
#2458=AXIS2_PLACEMENT_3D('',#3670,#2911,#2912);
#2459=AXIS2_PLACEMENT_3D('',#3672,#2913,#2914);
#2460=AXIS2_PLACEMENT_3D('',#3674,#2915,#2916);
#2461=AXIS2_PLACEMENT_3D('',#3675,#2917,#2918);
#2462=AXIS2_PLACEMENT_3D('',#3677,#2919,#2920);
#2463=AXIS2_PLACEMENT_3D('',#3678,#2921,#2922);
#2464=AXIS2_PLACEMENT_3D('',#3680,#2923,#2924);
#2465=AXIS2_PLACEMENT_3D('',#3681,#2925,#2926);
#2466=AXIS2_PLACEMENT_3D('',#3683,#2927,#2928);
#2467=AXIS2_PLACEMENT_3D('',#3684,#2929,#2930);
#2468=AXIS2_PLACEMENT_3D('',#3686,#2931,#2932);
#2469=AXIS2_PLACEMENT_3D('',#3687,#2933,#2934);
#2470=AXIS2_PLACEMENT_3D('',#3689,#2935,#2936);
#2471=AXIS2_PLACEMENT_3D('',#3691,#2937,#2938);
#2472=AXIS2_PLACEMENT_3D('',#3692,#2939,#2940);
#2473=AXIS2_PLACEMENT_3D('',#3694,#2941,#2942);
#2474=AXIS2_PLACEMENT_3D('',#3696,#2943,#2944);
#2475=AXIS2_PLACEMENT_3D('',#3697,#2945,#2946);
#2476=AXIS2_PLACEMENT_3D('',#3699,#2947,#2948);
#2477=AXIS2_PLACEMENT_3D('',#3701,#2949,#2950);
#2478=AXIS2_PLACEMENT_3D('',#3702,#2951,#2952);
#2479=AXIS2_PLACEMENT_3D('',#3704,#2953,#2954);
#2480=AXIS2_PLACEMENT_3D('',#3706,#2955,#2956);
#2481=AXIS2_PLACEMENT_3D('',#3709,#2959,#2960);
#2482=AXIS2_PLACEMENT_3D('',#3710,#2961,#2962);
#2483=AXIS2_PLACEMENT_3D('',#3712,#2963,#2964);
#2484=AXIS2_PLACEMENT_3D('',#3714,#2965,#2966);
#2485=AXIS2_PLACEMENT_3D('',#3716,#2967,#2968);
#2486=AXIS2_PLACEMENT_3D('',#3718,#2969,#2970);
#2487=AXIS2_PLACEMENT_3D('',#3720,#2971,#2972);
#2488=AXIS2_PLACEMENT_3D('',#3722,#2973,#2974);
#2489=AXIS2_PLACEMENT_3D('',#3723,#2975,#2976);
#2490=AXIS2_PLACEMENT_3D('',#3724,#2977,#2978);
#2491=AXIS2_PLACEMENT_3D('',#3725,#2979,#2980);
#2492=AXIS2_PLACEMENT_3D('',#3726,#2981,#2982);
#2493=AXIS2_PLACEMENT_3D('',#3727,#2983,#2984);
#2494=AXIS2_PLACEMENT_3D('',#3728,#2985,#2986);
#2495=AXIS2_PLACEMENT_3D('',#3729,#2987,#2988);
#2496=AXIS2_PLACEMENT_3D('',#3730,#2989,#2990);
#2497=AXIS2_PLACEMENT_3D('',#3731,#2991,#2992);
#2498=AXIS2_PLACEMENT_3D('',#3732,#2993,#2994);
#2499=AXIS2_PLACEMENT_3D('',#3733,#2995,#2996);
#2500=AXIS2_PLACEMENT_3D('',#3735,#2997,#2998);
#2501=AXIS2_PLACEMENT_3D('',#3736,#2999,#3000);
#2502=AXIS2_PLACEMENT_3D('',#3737,#3001,#3002);
#2503=AXIS2_PLACEMENT_3D('',#3739,#3003,#3004);
#2504=AXIS2_PLACEMENT_3D('',#3740,#3005,#3006);
#2505=AXIS2_PLACEMENT_3D('',#3741,#3007,#3008);
#2506=AXIS2_PLACEMENT_3D('',#3743,#3009,#3010);
#2507=AXIS2_PLACEMENT_3D('',#3744,#3011,#3012);
#2508=AXIS2_PLACEMENT_3D('',#3745,#3013,#3014);
#2509=AXIS2_PLACEMENT_3D('',#3747,#3015,#3016);
#2510=AXIS2_PLACEMENT_3D('',#3748,#3017,#3018);
#2511=AXIS2_PLACEMENT_3D('',#3749,#3019,#3020);
#2512=AXIS2_PLACEMENT_3D('',#3751,#3021,#3022);
#2513=AXIS2_PLACEMENT_3D('',#3752,#3023,#3024);
#2514=AXIS2_PLACEMENT_3D('',#3753,#3025,#3026);
#2515=AXIS2_PLACEMENT_3D('',#3755,#3027,#3028);
#2516=AXIS2_PLACEMENT_3D('',#3756,#3029,#3030);
#2517=AXIS2_PLACEMENT_3D('',#3757,#3031,#3032);
#2518=AXIS2_PLACEMENT_3D('',#3759,#3033,#3034);
#2519=AXIS2_PLACEMENT_3D('',#3760,#3035,#3036);
#2520=AXIS2_PLACEMENT_3D('',#3761,#3037,#3038);
#2521=AXIS2_PLACEMENT_3D('',#3763,#3039,#3040);
#2522=AXIS2_PLACEMENT_3D('',#3764,#3041,#3042);
#2523=AXIS2_PLACEMENT_3D('',#3765,#3043,#3044);
#2524=AXIS2_PLACEMENT_3D('',#3766,#3045,#3046);
#2525=AXIS2_PLACEMENT_3D('',#3767,#3047,#3048);
#2526=AXIS2_PLACEMENT_3D('',#3768,#3049,#3050);
#2527=AXIS2_PLACEMENT_3D('',#3770,#3052,#3053);
#2528=AXIS2_PLACEMENT_3D('',#3772,#3055,#3056);
#2529=AXIS2_PLACEMENT_3D('',#3773,#3057,#3058);
#2530=AXIS2_PLACEMENT_3D('',#3774,#3059,#3060);
#2531=AXIS2_PLACEMENT_3D('',#3780,#3064,#3065);
#2532=AXIS2_PLACEMENT_3D('',#3784,#3067,#3068);
#2533=AXIS2_PLACEMENT_3D('',#3793,#3073,#3074);
#2534=AXIS2_PLACEMENT_3D('',#3798,#3077,#3078);
#2535=AXIS2_PLACEMENT_3D('',#3799,#3079,#3080);
#2536=AXIS2_PLACEMENT_3D('',#3801,#3081,#3082);
#2537=AXIS2_PLACEMENT_3D('',#3803,#3083,#3084);
#2538=AXIS2_PLACEMENT_3D('',#3804,#3085,#3086);
#2539=AXIS2_PLACEMENT_3D('',#3805,#3087,#3088);
#2540=AXIS2_PLACEMENT_3D('',#3809,#3090,#3091);
#2541=AXIS2_PLACEMENT_3D('',#3811,#3092,#3093);
#2542=AXIS2_PLACEMENT_3D('',#3813,#3094,#3095);
#2543=AXIS2_PLACEMENT_3D('',#3817,#3097,#3098);
#2544=AXIS2_PLACEMENT_3D('',#3818,#3099,#3100);
#2545=AXIS2_PLACEMENT_3D('',#3820,#3101,#3102);
#2546=AXIS2_PLACEMENT_3D('',#3822,#3103,#3104);
#2547=AXIS2_PLACEMENT_3D('',#3826,#3106,#3107);
#2548=AXIS2_PLACEMENT_3D('',#3828,#3108,#3109);
#2549=AXIS2_PLACEMENT_3D('',#3830,#3110,#3111);
#2550=AXIS2_PLACEMENT_3D('',#3834,#3113,#3114);
#2551=AXIS2_PLACEMENT_3D('',#3839,#3118,#3119);
#2552=AXIS2_PLACEMENT_3D('',#3840,#3120,#3121);
#2553=AXIS2_PLACEMENT_3D('',#3842,#3122,#3123);
#2554=AXIS2_PLACEMENT_3D('',#3844,#3124,#3125);
#2555=AXIS2_PLACEMENT_3D('',#3848,#3128,#3129);
#2556=AXIS2_PLACEMENT_3D('',#3850,#3131,#3132);
#2557=AXIS2_PLACEMENT_3D('',#3852,#3134,#3135);
#2558=AXIS2_PLACEMENT_3D('',#3853,#3136,#3137);
#2559=AXIS2_PLACEMENT_3D('',#3854,#3138,#3139);
#2560=AXIS2_PLACEMENT_3D('',#3864,#3145,#3146);
#2561=AXIS2_PLACEMENT_3D('',#3867,#3149,#3150);
#2562=AXIS2_PLACEMENT_3D('',#3868,#3151,#3152);
#2563=AXIS2_PLACEMENT_3D('',#3871,#3154,#3155);
#2564=AXIS2_PLACEMENT_3D('',#3873,#3157,#3158);
#2565=AXIS2_PLACEMENT_3D('',#3876,#3160,#3161);
#2566=AXIS2_PLACEMENT_3D('',#3877,#3162,#3163);
#2567=AXIS2_PLACEMENT_3D('',#3879,#3165,#3166);
#2568=AXIS2_PLACEMENT_3D('',#3880,#3167,#3168);
#2569=AXIS2_PLACEMENT_3D('',#3882,#3169,#3170);
#2570=AXIS2_PLACEMENT_3D('',#3883,#3171,#3172);
#2571=AXIS2_PLACEMENT_3D('',#3884,#3173,#3174);
#2572=AXIS2_PLACEMENT_3D('',#3886,#3175,#3176);
#2573=AXIS2_PLACEMENT_3D('',#3887,#3177,#3178);
#2574=AXIS2_PLACEMENT_3D('',#3888,#3179,#3180);
#2575=AXIS2_PLACEMENT_3D('',#3890,#3181,#3182);
#2576=AXIS2_PLACEMENT_3D('',#3891,#3183,#3184);
#2577=AXIS2_PLACEMENT_3D('',#3892,#3185,#3186);
#2578=AXIS2_PLACEMENT_3D('',#3894,#3187,#3188);
#2579=AXIS2_PLACEMENT_3D('',#3895,#3189,#3190);
#2580=AXIS2_PLACEMENT_3D('',#3908,#3195,#3196);
#2581=AXIS2_PLACEMENT_3D('',#3912,#3198,#3199);
#2582=AXIS2_PLACEMENT_3D('',#3915,#3201,#3202);
#2583=AXIS2_PLACEMENT_3D('',#3919,#3204,#3205);
#2584=AXIS2_PLACEMENT_3D('',#3926,#3210,#3211);
#2585=AXIS2_PLACEMENT_3D('',#3927,#3212,#3213);
#2586=AXIS2_PLACEMENT_3D('',#3930,#3216,#3217);
#2587=AXIS2_PLACEMENT_3D('',#3931,#3218,#3219);
#2588=AXIS2_PLACEMENT_3D('',#3932,#3220,#3221);
#2589=AXIS2_PLACEMENT_3D('',#3934,#3223,#3224);
#2590=AXIS2_PLACEMENT_3D('',#3936,#3226,#3227);
#2591=AXIS2_PLACEMENT_3D('',#3937,#3228,#3229);
#2592=AXIS2_PLACEMENT_3D('',#3940,#3232,#3233);
#2593=AXIS2_PLACEMENT_3D('',#3943,#3236,#3237);
#2594=AXIS2_PLACEMENT_3D('',#3946,#3240,#3241);
#2595=AXIS2_PLACEMENT_3D('',#3947,#3242,#3243);
#2596=AXIS2_PLACEMENT_3D('',#3948,#3244,#3245);
#2597=AXIS2_PLACEMENT_3D('',#3949,#3246,#3247);
#2598=AXIS2_PLACEMENT_3D('',#3950,#3248,#3249);
#2599=AXIS2_PLACEMENT_3D('',#3951,#3250,#3251);
#2600=AXIS2_PLACEMENT_3D('',#3952,#3252,#3253);
#2601=AXIS2_PLACEMENT_3D('',#3953,#3254,#3255);
#2602=AXIS2_PLACEMENT_3D('',#3954,#3256,#3257);
#2603=AXIS2_PLACEMENT_3D('',#3955,#3258,#3259);
#2604=AXIS2_PLACEMENT_3D('',#3958,#3261,#3262);
#2605=AXIS2_PLACEMENT_3D('',#3961,#3264,#3265);
#2606=AXIS2_PLACEMENT_3D('',#3962,#3266,#3267);
#2607=AXIS2_PLACEMENT_3D('',#3974,#3268,#3269);
#2608=AXIS2_PLACEMENT_3D('',#3975,#3270,#3271);
#2609=AXIS2_PLACEMENT_3D('',#3987,#3272,#3273);
#2610=AXIS2_PLACEMENT_3D('',#3988,#3274,#3275);
#2611=AXIS2_PLACEMENT_3D('',#3989,#3276,#3277);
#2612=AXIS2_PLACEMENT_3D('',#3990,#3278,#3279);
#2613=AXIS2_PLACEMENT_3D('',#3991,#3280,#3281);
#2614=AXIS2_PLACEMENT_3D('',#3992,#3282,#3283);
#2615=AXIS2_PLACEMENT_3D('',#3993,#3284,#3285);
#2616=AXIS2_PLACEMENT_3D('',#3994,#3286,#3287);
#2617=AXIS2_PLACEMENT_3D('',#3996,#3289,#3290);
#2618=AXIS2_PLACEMENT_3D('',#3998,#3292,#3293);
#2619=AXIS2_PLACEMENT_3D('',#4001,#3296,#3297);
#2620=AXIS2_PLACEMENT_3D('',#4003,#3299,#3300);
#2621=AXIS2_PLACEMENT_3D('',#4005,#3302,#3303);
#2622=AXIS2_PLACEMENT_3D('',#4008,#3306,#3307);
#2623=AXIS2_PLACEMENT_3D('',#4009,#3308,#3309);
#2624=AXIS2_PLACEMENT_3D('',#4010,#3310,#3311);
#2625=AXIS2_PLACEMENT_3D('',#4011,#3312,#3313);
#2626=AXIS2_PLACEMENT_3D('',#4012,#3314,#3315);
#2627=AXIS2_PLACEMENT_3D('',#4013,#3316,#3317);
#2628=AXIS2_PLACEMENT_3D('',#4014,#3318,#3319);
#2629=AXIS2_PLACEMENT_3D('',#4015,#3320,#3321);
#2630=AXIS2_PLACEMENT_3D('',#4016,#3322,#3323);
#2631=AXIS2_PLACEMENT_3D('',#4017,#3324,#3325);
#2632=AXIS2_PLACEMENT_3D('',#4018,#3326,#3327);
#2633=AXIS2_PLACEMENT_3D('',#4019,#3328,#3329);
#2634=DIRECTION('',(0.,0.,1.));
#2635=DIRECTION('',(1.,0.,0.));
#2636=DIRECTION('',(0.,0.,1.));
#2637=DIRECTION('',(1.,0.,0.));
#2638=DIRECTION('',(0.,1.,0.));
#2639=DIRECTION('',(-1.,0.,0.));
#2640=DIRECTION('',(0.,0.,1.));
#2641=DIRECTION('',(1.,0.,0.));
#2642=DIRECTION('',(3.02888225964205E-16,-1.,0.));
#2643=DIRECTION('',(0.,0.,1.));
#2644=DIRECTION('',(1.,0.,0.));
#2645=DIRECTION('',(-1.,0.,0.));
#2646=DIRECTION('',(0.,-1.,0.));
#2647=DIRECTION('',(0.949394711630172,0.31408546850923,0.));
#2648=DIRECTION('',(0.,0.,1.));
#2649=DIRECTION('',(1.,0.,0.));
#2650=DIRECTION('',(-1.,0.,0.));
#2651=DIRECTION('',(-6.48494757374507E-17,-1.,0.));
#2652=DIRECTION('',(1.,-6.48494757374507E-17,0.));
#2653=DIRECTION('',(0.,0.,1.));
#2654=DIRECTION('',(1.,0.,0.));
#2655=DIRECTION('',(-6.48494757374507E-17,-1.,0.));
#2656=DIRECTION('',(0.,0.,1.));
#2657=DIRECTION('',(1.,0.,0.));
#2658=DIRECTION('',(1.,-6.48494757374507E-17,0.));
#2659=DIRECTION('',(-6.48494757374507E-17,-1.,0.));
#2660=DIRECTION('',(-1.,0.,0.));
#2661=DIRECTION('',(0.,0.,1.));
#2662=DIRECTION('',(1.,0.,0.));
#2663=DIRECTION('',(0.949394711630172,-0.31408546850923,0.));
#2664=DIRECTION('',(0.,0.,1.));
#2665=DIRECTION('',(1.,0.,0.));
#2666=DIRECTION('',(-1.7347234759768E-16,-1.,0.));
#2667=DIRECTION('',(-1.,0.,0.));
#2668=DIRECTION('',(2.75352932694731E-16,-1.,0.));
#2669=DIRECTION('',(-1.,-2.75352932694731E-16,0.));
#2670=DIRECTION('',(-6.48494757374507E-17,-1.,0.));
#2671=DIRECTION('',(-1.,6.48494757374507E-17,0.));
#2672=DIRECTION('',(-6.48494757374507E-17,-1.,0.));
#2673=DIRECTION('',(-1.,6.48494757374508E-17,0.));
#2674=DIRECTION('',(0.,0.,1.));
#2675=DIRECTION('',(1.,0.,0.));
#2676=DIRECTION('',(0.949394711630172,0.31408546850923,0.));
#2677=DIRECTION('',(0.31408546850923,0.949394711630172,0.));
#2678=DIRECTION('',(-0.949394711630172,0.31408546850923,0.));
#2679=DIRECTION('',(0.740606147233112,-0.245012559986895,0.625676737724198));
#2680=DIRECTION('',(0.,0.,-1.));
#2681=DIRECTION('',(0.949394711630172,-0.31408546850923,0.));
#2682=DIRECTION('',(0.,0.,-1.));
#2683=DIRECTION('',(0.31408546850923,0.949394711630172,0.));
#2684=DIRECTION('',(0.949394711630172,-0.31408546850923,0.));
#2685=DIRECTION('',(0.949394711630172,-0.31408546850923,0.));
#2686=DIRECTION('',(0.31408546850923,0.949394711630172,0.));
#2687=DIRECTION('',(-0.949394711630172,0.31408546850923,0.));
#2688=DIRECTION('',(0.,0.,-1.));
#2689=DIRECTION('',(0.,0.,1.));
#2690=DIRECTION('',(0.,1.,0.));
#2691=DIRECTION('',(0.,0.,1.));
#2692=DIRECTION('',(0.,0.,-1.));
#2693=DIRECTION('',(0.,1.,0.));
#2694=DIRECTION('',(0.,0.,1.));
#2695=DIRECTION('',(-1.,0.,0.));
#2696=DIRECTION('',(0.,1.,0.));
#2697=DIRECTION('',(0.,0.,1.));
#2698=DIRECTION('',(0.,0.,-1.));
#2699=DIRECTION('',(0.,0.,1.));
#2700=DIRECTION('',(0.427739388908495,0.,0.903902104863235));
#2701=DIRECTION('',(0.,0.,1.));
#2702=DIRECTION('',(-6.48494757374507E-17,-1.,-1.54197642309049E-16));
#2703=DIRECTION('',(0.,1.54197642309049E-16,-1.));
#2704=DIRECTION('',(-9.99963626369281E-33,-1.54197642309049E-16,1.));
#2705=DIRECTION('',(1.,-6.48494757374507E-17,0.));
#2706=DIRECTION('',(-9.99963626369281E-33,-1.54197642309049E-16,1.));
#2707=DIRECTION('',(-9.99963626369281E-33,-1.54197642309049E-16,1.));
#2708=DIRECTION('',(-6.48494757374507E-17,-1.,-1.54197642309049E-16));
#2709=DIRECTION('',(0.,1.54197642309049E-16,-1.));
#2710=DIRECTION('',(0.,0.,-1.));
#2711=DIRECTION('',(-6.48494757374507E-17,-1.,-1.54197642309049E-16));
#2712=DIRECTION('',(0.,1.54197642309049E-16,-1.));
#2713=DIRECTION('',(-1.,6.48494757374507E-17,0.));
#2714=DIRECTION('',(0.,0.,1.));
#2715=DIRECTION('',(-1.,6.48494757374507E-17,0.));
#2716=DIRECTION('',(0.,0.,1.));
#2717=DIRECTION('',(-1.,6.48494757374507E-17,0.));
#2718=DIRECTION('',(0.,0.,-1.));
#2719=DIRECTION('',(1.,0.,0.));
#2720=DIRECTION('',(6.48494757374507E-17,1.,0.));
#2721=DIRECTION('',(0.,1.,0.));
#2722=DIRECTION('',(-1.,0.,0.));
#2723=DIRECTION('',(1.,-6.48494757374507E-17,0.));
#2724=DIRECTION('',(6.48494757374507E-17,1.,0.));
#2725=DIRECTION('',(-1.,-2.75352932694731E-16,0.));
#2726=DIRECTION('',(2.75352932694731E-16,-1.,0.));
#2727=DIRECTION('',(-1.,-2.75352932694731E-16,0.));
#2728=DIRECTION('',(2.75352932694731E-16,-1.,0.));
#2729=DIRECTION('',(-9.99963626369281E-33,-1.54197642309049E-16,1.));
#2730=DIRECTION('',(-6.48494757374507E-17,-1.,1.33440267382831E-16));
#2731=DIRECTION('',(0.,0.,-1.));
#2732=DIRECTION('',(-1.,-2.75352932694731E-16,0.));
#2733=DIRECTION('',(2.75352932694731E-16,-1.,0.));
#2734=DIRECTION('',(0.,0.,-1.));
#2735=DIRECTION('',(-6.48494757374507E-17,-1.,0.));
#2736=DIRECTION('',(1.,-6.48494757374507E-17,0.));
#2737=DIRECTION('',(6.48494757374507E-17,1.,0.));
#2738=DIRECTION('',(0.,0.,1.));
#2739=DIRECTION('',(-6.48494757374507E-17,-1.,1.33440267382831E-16));
#2740=DIRECTION('',(0.,0.,1.));
#2741=DIRECTION('',(6.48494757374507E-17,1.,0.));
#2742=DIRECTION('',(1.,2.75352932694731E-16,0.));
#2743=DIRECTION('',(-2.75352932694731E-16,1.,0.));
#2744=DIRECTION('',(-1.,-2.75352932694731E-16,0.));
#2745=DIRECTION('',(2.75352932694731E-16,-1.,0.));
#2746=DIRECTION('',(-1.,-2.75352932694731E-16,0.));
#2747=DIRECTION('',(2.75352932694731E-16,-1.,0.));
#2748=DIRECTION('',(-1.,-2.75352932694731E-16,0.));
#2749=DIRECTION('',(2.75352932694731E-16,-1.,0.));
#2750=DIRECTION('',(-1.,-2.75352932694731E-16,0.));
#2751=DIRECTION('',(2.75352932694731E-16,-1.,0.));
#2752=DIRECTION('',(2.75352932694731E-16,-1.,0.));
#2753=DIRECTION('',(0.,0.,1.));
#2754=DIRECTION('',(2.75352932694731E-16,-1.,0.));
#2755=DIRECTION('',(0.,0.,-1.));
#2756=DIRECTION('',(-1.,-2.75352932694731E-16,0.));
#2757=DIRECTION('',(2.75352932694731E-16,-1.,0.));
#2758=DIRECTION('',(0.,0.,-1.));
#2759=DIRECTION('',(2.75352932694731E-16,-1.,1.33440267382831E-16));
#2760=DIRECTION('',(0.,0.,-1.));
#2761=DIRECTION('',(2.75352932694731E-16,-1.,1.33440267382831E-16));
#2762=DIRECTION('',(0.,0.,1.));
#2763=DIRECTION('',(1.,0.,0.));
#2764=DIRECTION('',(-1.,0.,0.));
#2765=DIRECTION('',(8.67361737988404E-17,1.,0.));
#2766=DIRECTION('',(0.,0.,1.));
#2767=DIRECTION('',(1.,0.,0.));
#2768=DIRECTION('',(-1.,6.48494757374508E-17,0.));
#2769=DIRECTION('',(-6.48494757374507E-17,-1.,0.));
#2770=DIRECTION('',(-1.,6.48494757374507E-17,0.));
#2771=DIRECTION('',(-1.,-2.75352932694731E-16,0.));
#2772=DIRECTION('',(-6.48494757374508E-17,-1.,0.));
#2773=DIRECTION('',(1.,-6.48494757374508E-17,0.));
#2774=DIRECTION('',(0.,0.,-1.));
#2775=DIRECTION('',(-1.,6.48494757374508E-17,0.));
#2776=DIRECTION('',(0.,0.,1.));
#2777=DIRECTION('',(1.,-6.48494757374508E-17,0.));
#2778=DIRECTION('',(6.48494757374508E-17,1.,0.));
#2779=DIRECTION('',(1.,0.,0.));
#2780=DIRECTION('',(0.,0.,-1.));
#2781=DIRECTION('',(1.,2.75352932694731E-16,0.));
#2782=DIRECTION('',(-2.75352932694731E-16,1.,0.));
#2783=DIRECTION('',(1.,-6.48494757374508E-17,0.));
#2784=DIRECTION('',(6.48494757374508E-17,1.,0.));
#2785=DIRECTION('',(1.,0.,0.));
#2786=DIRECTION('',(0.,0.,-1.));
#2787=DIRECTION('',(1.,2.75352932694731E-16,0.));
#2788=DIRECTION('',(-2.75352932694731E-16,1.,0.));
#2789=DIRECTION('',(1.,-6.48494757374508E-17,0.));
#2790=DIRECTION('',(6.48494757374508E-17,1.,0.));
#2791=DIRECTION('',(1.,0.,0.));
#2792=DIRECTION('',(0.,0.,-1.));
#2793=DIRECTION('',(1.,-6.48494757374507E-17,0.));
#2794=DIRECTION('',(6.48494757374507E-17,1.,0.));
#2795=DIRECTION('',(1.,-6.48494757374508E-17,0.));
#2796=DIRECTION('',(6.48494757374508E-17,1.,0.));
#2797=DIRECTION('',(-1.,0.,0.));
#2798=DIRECTION('',(0.,0.,1.));
#2799=DIRECTION('',(1.,-6.48494757374507E-17,0.));
#2800=DIRECTION('',(6.48494757374507E-17,1.,0.));
#2801=DIRECTION('',(0.,0.,1.));
#2802=DIRECTION('',(1.,0.,0.));
#2803=DIRECTION('',(0.,1.,0.));
#2804=DIRECTION('',(-1.,6.48494757374507E-17,0.));
#2805=DIRECTION('',(0.,-1.,0.));
#2806=DIRECTION('',(-1.,0.,0.));
#2807=DIRECTION('',(0.,1.,0.));
#2808=DIRECTION('',(-1.,0.,0.));
#2809=DIRECTION('',(0.,1.,0.));
#2810=DIRECTION('',(-6.48494757374507E-17,-1.,-1.54197642309049E-16));
#2811=DIRECTION('',(0.,1.54197642309049E-16,-1.));
#2812=DIRECTION('',(-9.99963626369281E-33,-1.54197642309049E-16,1.));
#2813=DIRECTION('',(1.,-6.48494757374507E-17,0.));
#2814=DIRECTION('',(-9.99963626369281E-33,-1.54197642309049E-16,1.));
#2815=DIRECTION('',(-1.,6.48494757374507E-17,0.));
#2816=DIRECTION('',(0.,0.,1.));
#2817=DIRECTION('',(0.,0.,1.));
#2818=DIRECTION('',(-1.,6.48494757374507E-17,0.));
#2819=DIRECTION('',(-6.48494757374507E-17,-1.,-1.54197642309049E-16));
#2820=DIRECTION('',(0.,1.54197642309049E-16,-1.));
#2821=DIRECTION('',(-6.48494757374507E-17,-1.,-1.54197642309049E-16));
#2822=DIRECTION('',(0.,1.54197642309049E-16,-1.));
#2823=DIRECTION('',(0.,0.,1.));
#2824=DIRECTION('',(1.,0.,0.));
#2825=DIRECTION('',(-1.,0.,0.));
#2826=DIRECTION('',(0.,0.,1.));
#2827=DIRECTION('',(1.,0.,0.));
#2828=DIRECTION('',(-2.75352932694731E-16,1.,0.));
#2829=DIRECTION('',(0.,0.,1.));
#2830=DIRECTION('',(1.,0.,0.));
#2831=DIRECTION('',(3.02888225964205E-16,-1.,0.));
#2832=DIRECTION('',(0.,0.,1.));
#2833=DIRECTION('',(1.,0.,0.));
#2834=DIRECTION('',(-2.75352932694731E-16,1.,0.));
#2835=DIRECTION('',(0.,0.,1.));
#2836=DIRECTION('',(1.,0.,0.));
#2837=DIRECTION('',(-1.,0.,0.));
#2838=DIRECTION('',(-6.48494757374507E-17,-1.,0.));
#2839=DIRECTION('',(1.,-6.48494757374507E-17,0.));
#2840=DIRECTION('',(0.,0.,1.));
#2841=DIRECTION('',(1.,0.,0.));
#2842=DIRECTION('',(-6.48494757374507E-17,-1.,0.));
#2843=DIRECTION('',(0.,0.,1.));
#2844=DIRECTION('',(1.,0.,0.));
#2845=DIRECTION('',(1.,-6.48494757374507E-17,0.));
#2846=DIRECTION('',(-6.48494757374507E-17,-1.,0.));
#2847=DIRECTION('',(0.,-1.,0.));
#2848=DIRECTION('',(0.,0.,-1.));
#2849=DIRECTION('',(0.,-1.,0.));
#2850=DIRECTION('',(0.,0.,-1.));
#2851=DIRECTION('',(0.,-1.,0.));
#2852=DIRECTION('',(0.,0.,-1.));
#2853=DIRECTION('',(0.,-1.,0.));
#2854=DIRECTION('',(0.,0.,-1.));
#2855=DIRECTION('',(0.,-1.,0.));
#2856=DIRECTION('',(0.,0.,-1.));
#2857=DIRECTION('',(0.,-1.,0.));
#2858=DIRECTION('',(0.,0.,-1.));
#2859=DIRECTION('',(0.,1.,0.));
#2860=DIRECTION('',(0.,0.,1.));
#2861=DIRECTION('',(0.,1.,0.));
#2862=DIRECTION('',(0.,0.,1.));
#2863=DIRECTION('',(0.,1.,0.));
#2864=DIRECTION('',(0.,0.,1.));
#2865=DIRECTION('',(0.,1.,0.));
#2866=DIRECTION('',(0.,0.,1.));
#2867=DIRECTION('',(0.,0.,1.));
#2868=DIRECTION('',(0.,-1.,0.));
#2869=DIRECTION('',(0.,0.,-1.));
#2870=DIRECTION('',(0.,-1.,0.));
#2871=DIRECTION('',(0.,0.,-1.));
#2872=DIRECTION('',(0.,-1.,0.));
#2873=DIRECTION('',(0.,0.,-1.));
#2874=DIRECTION('',(0.,-1.,0.));
#2875=DIRECTION('',(0.,0.,-1.));
#2876=DIRECTION('',(0.,-1.,0.));
#2877=DIRECTION('',(0.,0.,-1.));
#2878=DIRECTION('',(0.,-1.,0.));
#2879=DIRECTION('',(0.,0.,-1.));
#2880=DIRECTION('',(0.,-1.,0.));
#2881=DIRECTION('',(0.,0.,-1.));
#2882=DIRECTION('',(0.,-1.,0.));
#2883=DIRECTION('',(0.,0.,-1.));
#2884=DIRECTION('',(0.,-1.,0.));
#2885=DIRECTION('',(0.,0.,-1.));
#2886=DIRECTION('',(0.,-1.,0.));
#2887=DIRECTION('',(0.,0.,-1.));
#2888=DIRECTION('',(0.,-1.,0.));
#2889=DIRECTION('',(0.,0.,-1.));
#2890=DIRECTION('',(0.,0.,1.));
#2891=DIRECTION('',(0.,-1.,0.));
#2892=DIRECTION('',(0.,0.,-1.));
#2893=DIRECTION('',(-6.48494757374507E-17,-1.,0.));
#2894=DIRECTION('',(1.,-6.48494757374507E-17,0.));
#2895=DIRECTION('',(-6.48494757374507E-17,-1.,0.));
#2896=DIRECTION('',(1.,-6.48494757374507E-17,0.));
#2897=DIRECTION('',(-6.48494757374507E-17,-1.,0.));
#2898=DIRECTION('',(1.,-6.48494757374507E-17,0.));
#2899=DIRECTION('',(-6.48494757374507E-17,-1.,0.));
#2900=DIRECTION('',(1.,-6.48494757374507E-17,0.));
#2901=DIRECTION('',(-6.48494757374507E-17,-1.,0.));
#2902=DIRECTION('',(1.,-6.48494757374507E-17,0.));
#2903=DIRECTION('',(-6.48494757374507E-17,-1.,0.));
#2904=DIRECTION('',(1.,-6.48494757374507E-17,0.));
#2905=DIRECTION('',(-6.48494757374507E-17,-1.,0.));
#2906=DIRECTION('',(1.,-6.48494757374507E-17,0.));
#2907=DIRECTION('',(-6.48494757374507E-17,-1.,0.));
#2908=DIRECTION('',(1.,-6.48494757374507E-17,0.));
#2909=DIRECTION('',(-6.48494757374507E-17,-1.,0.));
#2910=DIRECTION('',(1.,-6.48494757374507E-17,0.));
#2911=DIRECTION('',(-6.48494757374507E-17,-1.,0.));
#2912=DIRECTION('',(1.,-6.48494757374507E-17,0.));
#2913=DIRECTION('',(-6.48494757374507E-17,-1.,0.));
#2914=DIRECTION('',(1.,-6.48494757374507E-17,0.));
#2915=DIRECTION('',(0.,-1.,0.));
#2916=DIRECTION('',(0.,0.,-1.));
#2917=DIRECTION('',(0.,-1.,0.));
#2918=DIRECTION('',(0.,0.,-1.));
#2919=DIRECTION('',(0.,-1.,0.));
#2920=DIRECTION('',(0.,0.,-1.));
#2921=DIRECTION('',(0.,-1.,0.));
#2922=DIRECTION('',(0.,0.,-1.));
#2923=DIRECTION('',(0.,-1.,0.));
#2924=DIRECTION('',(0.,0.,-1.));
#2925=DIRECTION('',(0.,-1.,0.));
#2926=DIRECTION('',(0.,0.,-1.));
#2927=DIRECTION('',(0.,-1.,0.));
#2928=DIRECTION('',(0.,0.,-1.));
#2929=DIRECTION('',(0.,-1.,0.));
#2930=DIRECTION('',(0.,0.,-1.));
#2931=DIRECTION('',(0.,-1.,0.));
#2932=DIRECTION('',(0.,0.,-1.));
#2933=DIRECTION('',(-6.48494757374507E-17,-1.,3.65204942310907E-16));
#2934=DIRECTION('',(0.,-3.65204942310907E-16,-1.));
#2935=DIRECTION('',(0.,-1.,0.));
#2936=DIRECTION('',(0.,0.,-1.));
#2937=DIRECTION('',(0.,-1.,0.));
#2938=DIRECTION('',(0.,0.,-1.));
#2939=DIRECTION('',(-6.48494757374507E-17,-1.,3.65204942310907E-16));
#2940=DIRECTION('',(0.,-3.65204942310907E-16,-1.));
#2941=DIRECTION('',(0.,-1.,0.));
#2942=DIRECTION('',(0.,0.,-1.));
#2943=DIRECTION('',(0.,-1.,0.));
#2944=DIRECTION('',(0.,0.,-1.));
#2945=DIRECTION('',(-6.48494757374507E-17,-1.,3.65204942310907E-16));
#2946=DIRECTION('',(0.,-3.65204942310907E-16,-1.));
#2947=DIRECTION('',(0.,-1.,0.));
#2948=DIRECTION('',(0.,0.,-1.));
#2949=DIRECTION('',(0.,-1.,0.));
#2950=DIRECTION('',(0.,0.,-1.));
#2951=DIRECTION('',(-6.48494757374507E-17,-1.,3.65204942310907E-16));
#2952=DIRECTION('',(0.,-3.65204942310907E-16,-1.));
#2953=DIRECTION('',(0.,-1.,0.));
#2954=DIRECTION('',(0.,0.,-1.));
#2955=DIRECTION('',(1.,-6.48494757374507E-17,0.));
#2956=DIRECTION('',(6.48494757374507E-17,1.,0.));
#2957=DIRECTION('',(-2.36833490455882E-32,-3.65204942310907E-16,-1.));
#2958=DIRECTION('',(0.,0.,-1.));
#2959=DIRECTION('',(-6.48494757374507E-17,-1.,3.65204942310907E-16));
#2960=DIRECTION('',(0.,-3.65204942310907E-16,-1.));
#2961=DIRECTION('',(-6.48494757374507E-17,-1.,3.65204942310907E-16));
#2962=DIRECTION('',(0.,-3.65204942310907E-16,-1.));
#2963=DIRECTION('',(-6.48494757374507E-17,-1.,3.65204942310907E-16));
#2964=DIRECTION('',(0.,-3.65204942310907E-16,-1.));
#2965=DIRECTION('',(-6.48494757374507E-17,-1.,3.65204942310907E-16));
#2966=DIRECTION('',(0.,-3.65204942310907E-16,-1.));
#2967=DIRECTION('',(-6.48494757374507E-17,-1.,3.65204942310907E-16));
#2968=DIRECTION('',(0.,-3.65204942310907E-16,-1.));
#2969=DIRECTION('',(-6.48494757374507E-17,-1.,3.65204942310907E-16));
#2970=DIRECTION('',(0.,-3.65204942310907E-16,-1.));
#2971=DIRECTION('',(-6.48494757374507E-17,-1.,3.65204942310907E-16));
#2972=DIRECTION('',(0.,-3.65204942310907E-16,-1.));
#2973=DIRECTION('',(0.,-1.,0.));
#2974=DIRECTION('',(0.,0.,-1.));
#2975=DIRECTION('',(0.,-1.,0.));
#2976=DIRECTION('',(0.,0.,-1.));
#2977=DIRECTION('',(0.,-1.,0.));
#2978=DIRECTION('',(0.,0.,-1.));
#2979=DIRECTION('',(0.,-1.,0.));
#2980=DIRECTION('',(0.,0.,-1.));
#2981=DIRECTION('',(0.,-1.,0.));
#2982=DIRECTION('',(0.,0.,-1.));
#2983=DIRECTION('',(0.,-1.,0.));
#2984=DIRECTION('',(0.,0.,-1.));
#2985=DIRECTION('',(0.,-1.,0.));
#2986=DIRECTION('',(0.,0.,-1.));
#2987=DIRECTION('',(0.,-1.,0.));
#2988=DIRECTION('',(0.,0.,-1.));
#2989=DIRECTION('',(0.,-1.,0.));
#2990=DIRECTION('',(0.,0.,-1.));
#2991=DIRECTION('',(0.,-1.,0.));
#2992=DIRECTION('',(0.,0.,-1.));
#2993=DIRECTION('',(0.,-1.,0.));
#2994=DIRECTION('',(0.,0.,-1.));
#2995=DIRECTION('',(0.,-1.,0.));
#2996=DIRECTION('',(0.,0.,-1.));
#2997=DIRECTION('',(0.,-1.,0.));
#2998=DIRECTION('',(1.,0.,0.));
#2999=DIRECTION('',(0.,-1.,0.));
#3000=DIRECTION('',(0.,0.,-1.));
#3001=DIRECTION('',(0.,-1.,0.));
#3002=DIRECTION('',(0.,0.,-1.));
#3003=DIRECTION('',(0.,-1.,0.));
#3004=DIRECTION('',(1.,0.,0.));
#3005=DIRECTION('',(0.,-1.,0.));
#3006=DIRECTION('',(0.,0.,-1.));
#3007=DIRECTION('',(0.,-1.,0.));
#3008=DIRECTION('',(0.,0.,-1.));
#3009=DIRECTION('',(0.,-1.,0.));
#3010=DIRECTION('',(1.,0.,0.));
#3011=DIRECTION('',(0.,-1.,0.));
#3012=DIRECTION('',(0.,0.,-1.));
#3013=DIRECTION('',(0.,-1.,0.));
#3014=DIRECTION('',(0.,0.,-1.));
#3015=DIRECTION('',(0.,-1.,0.));
#3016=DIRECTION('',(1.,0.,0.));
#3017=DIRECTION('',(0.,1.,0.));
#3018=DIRECTION('',(0.,0.,1.));
#3019=DIRECTION('',(0.,1.,0.));
#3020=DIRECTION('',(0.,0.,1.));
#3021=DIRECTION('',(0.,1.,0.));
#3022=DIRECTION('',(-1.,0.,0.));
#3023=DIRECTION('',(0.,1.,0.));
#3024=DIRECTION('',(0.,0.,1.));
#3025=DIRECTION('',(0.,1.,0.));
#3026=DIRECTION('',(0.,0.,1.));
#3027=DIRECTION('',(0.,1.,0.));
#3028=DIRECTION('',(-1.,0.,0.));
#3029=DIRECTION('',(0.,1.,0.));
#3030=DIRECTION('',(0.,0.,1.));
#3031=DIRECTION('',(0.,1.,0.));
#3032=DIRECTION('',(0.,0.,1.));
#3033=DIRECTION('',(0.,1.,0.));
#3034=DIRECTION('',(-1.,0.,0.));
#3035=DIRECTION('',(0.,1.,0.));
#3036=DIRECTION('',(0.,0.,1.));
#3037=DIRECTION('',(0.,1.,0.));
#3038=DIRECTION('',(0.,0.,1.));
#3039=DIRECTION('',(0.,1.,0.));
#3040=DIRECTION('',(-1.,0.,0.));
#3041=DIRECTION('',(-6.48494757374507E-17,-1.,0.));
#3042=DIRECTION('',(1.,-6.48494757374507E-17,0.));
#3043=DIRECTION('',(6.48494757374507E-17,1.,-3.65204942310907E-16));
#3044=DIRECTION('',(0.,3.65204942310907E-16,1.));
#3045=DIRECTION('',(-6.48494757374507E-17,-1.,0.));
#3046=DIRECTION('',(1.,-6.48494757374507E-17,0.));
#3047=DIRECTION('',(-6.48494757374507E-17,-1.,0.));
#3048=DIRECTION('',(1.,-6.48494757374507E-17,0.));
#3049=DIRECTION('',(6.48494757374507E-17,1.,-3.65204942310907E-16));
#3050=DIRECTION('',(-1.,6.48494757374507E-17,-2.36833490455882E-32));
#3051=DIRECTION('',(-2.36833490455882E-32,-3.65204942310907E-16,-1.));
#3052=DIRECTION('',(-6.48494757374507E-17,-1.,0.));
#3053=DIRECTION('',(1.,-6.48494757374507E-17,0.));
#3054=DIRECTION('',(0.,0.,-1.));
#3055=DIRECTION('',(-2.36833490455882E-32,-3.65204942310907E-16,-1.));
#3056=DIRECTION('',(0.,1.,-3.65204942310907E-16));
#3057=DIRECTION('',(0.,0.,-1.));
#3058=DIRECTION('',(-1.,0.,0.));
#3059=DIRECTION('',(-6.48494757374508E-17,-1.,0.));
#3060=DIRECTION('',(1.,-6.48494757374508E-17,0.));
#3061=DIRECTION('',(0.,0.,1.));
#3062=DIRECTION('',(-1.,6.48494757374508E-17,0.));
#3063=DIRECTION('',(0.,0.,-1.));
#3064=DIRECTION('',(0.,0.,1.));
#3065=DIRECTION('',(1.,0.,0.));
#3066=DIRECTION('',(-1.,6.48494757374508E-17,0.));
#3067=DIRECTION('',(0.,0.,1.));
#3068=DIRECTION('',(1.,0.,0.));
#3069=DIRECTION('',(-1.,6.48494757374508E-17,0.));
#3070=DIRECTION('',(-2.75352932694731E-16,1.,0.));
#3071=DIRECTION('',(2.75352932694731E-16,-1.,0.));
#3072=DIRECTION('',(-1.,6.48494757374508E-17,0.));
#3073=DIRECTION('',(0.,0.,1.));
#3074=DIRECTION('',(1.,0.,0.));
#3075=DIRECTION('',(-1.,6.48494757374508E-17,0.));
#3076=DIRECTION('',(-6.48494757374507E-17,-1.,0.));
#3077=DIRECTION('',(1.,-6.48494757374507E-17,0.));
#3078=DIRECTION('',(6.48494757374507E-17,1.,0.));
#3079=DIRECTION('',(1.,-6.48494757374507E-17,0.));
#3080=DIRECTION('',(6.48494757374507E-17,1.,0.));
#3081=DIRECTION('',(1.,-6.48494757374507E-17,0.));
#3082=DIRECTION('',(6.48494757374507E-17,1.,0.));
#3083=DIRECTION('',(1.,-6.48494757374507E-17,0.));
#3084=DIRECTION('',(6.48494757374507E-17,1.,0.));
#3085=DIRECTION('',(1.,-6.48494757374507E-17,0.));
#3086=DIRECTION('',(6.48494757374507E-17,1.,0.));
#3087=DIRECTION('',(1.,-6.48494757374507E-17,0.));
#3088=DIRECTION('',(6.48494757374507E-17,1.,0.));
#3089=DIRECTION('',(6.48494757374507E-17,1.,0.));
#3090=DIRECTION('',(1.,-6.48494757374507E-17,0.));
#3091=DIRECTION('',(6.48494757374507E-17,1.,0.));
#3092=DIRECTION('',(1.,-6.48494757374507E-17,0.));
#3093=DIRECTION('',(6.48494757374507E-17,1.,0.));
#3094=DIRECTION('',(1.,-6.48494757374507E-17,0.));
#3095=DIRECTION('',(6.48494757374507E-17,1.,0.));
#3096=DIRECTION('',(-6.48494757374507E-17,-1.,0.));
#3097=DIRECTION('',(1.,-6.48494757374507E-17,0.));
#3098=DIRECTION('',(6.48494757374507E-17,1.,0.));
#3099=DIRECTION('',(1.,-6.48494757374507E-17,0.));
#3100=DIRECTION('',(6.48494757374507E-17,1.,0.));
#3101=DIRECTION('',(1.,-6.48494757374507E-17,0.));
#3102=DIRECTION('',(6.48494757374507E-17,1.,0.));
#3103=DIRECTION('',(1.,0.,0.));
#3104=DIRECTION('',(0.,0.,-1.));
#3105=DIRECTION('',(-6.48494757374507E-17,-1.,0.));
#3106=DIRECTION('',(1.,0.,0.));
#3107=DIRECTION('',(0.,0.,-1.));
#3108=DIRECTION('',(1.,-6.48494757374507E-17,0.));
#3109=DIRECTION('',(6.48494757374507E-17,1.,0.));
#3110=DIRECTION('',(1.,0.,0.));
#3111=DIRECTION('',(0.,0.,-1.));
#3112=DIRECTION('',(6.48494757374507E-17,1.,0.));
#3113=DIRECTION('',(1.,0.,0.));
#3114=DIRECTION('',(0.,0.,-1.));
#3115=DIRECTION('',(0.,0.,1.));
#3116=DIRECTION('',(0.,0.,1.));
#3117=DIRECTION('',(6.48494757374507E-17,1.,0.));
#3118=DIRECTION('',(1.,0.,0.));
#3119=DIRECTION('',(0.,0.,-1.));
#3120=DIRECTION('',(1.,-6.48494757374507E-17,0.));
#3121=DIRECTION('',(6.48494757374507E-17,1.,0.));
#3122=DIRECTION('',(1.,-6.48494757374507E-17,0.));
#3123=DIRECTION('',(6.48494757374507E-17,1.,0.));
#3124=DIRECTION('',(0.,1.,0.));
#3125=DIRECTION('',(0.,0.,1.));
#3126=DIRECTION('',(0.,0.,1.));
#3127=DIRECTION('',(-1.,0.,0.));
#3128=DIRECTION('',(-1.,0.,0.));
#3129=DIRECTION('',(0.,0.,1.));
#3130=DIRECTION('',(0.,-1.,0.));
#3131=DIRECTION('',(1.,0.,0.));
#3132=DIRECTION('',(0.,0.,-1.));
#3133=DIRECTION('',(0.,0.,1.));
#3134=DIRECTION('',(0.,1.,0.));
#3135=DIRECTION('',(0.,0.,1.));
#3136=DIRECTION('',(0.,0.,-1.));
#3137=DIRECTION('',(1.,0.,0.));
#3138=DIRECTION('',(1.,0.,0.));
#3139=DIRECTION('',(0.,0.,-1.));
#3140=DIRECTION('',(0.,1.,0.));
#3141=DIRECTION('',(0.,0.,1.));
#3142=DIRECTION('',(0.,1.,0.));
#3143=DIRECTION('',(0.,0.,1.));
#3144=DIRECTION('',(0.,-1.,0.));
#3145=DIRECTION('',(0.,0.,-1.));
#3146=DIRECTION('',(1.,0.,0.));
#3147=DIRECTION('',(1.,0.,0.));
#3148=DIRECTION('',(1.,0.,0.));
#3149=DIRECTION('',(0.,-1.,0.));
#3150=DIRECTION('',(0.,0.,-1.));
#3151=DIRECTION('',(0.,-1.,0.));
#3152=DIRECTION('',(0.,0.,-1.));
#3153=DIRECTION('',(1.,0.,0.));
#3154=DIRECTION('',(0.,0.,-1.));
#3155=DIRECTION('',(1.,0.,0.));
#3156=DIRECTION('',(-6.48494757374507E-17,-1.,1.33440267382831E-16));
#3157=DIRECTION('',(0.,-1.,0.));
#3158=DIRECTION('',(0.,0.,-1.));
#3159=DIRECTION('',(1.,0.,0.));
#3160=DIRECTION('',(0.,-1.,0.));
#3161=DIRECTION('',(0.,0.,-1.));
#3162=DIRECTION('',(0.,0.,-1.));
#3163=DIRECTION('',(1.,0.,0.));
#3164=DIRECTION('',(-6.48494757374507E-17,-1.,1.33440267382831E-16));
#3165=DIRECTION('',(1.,-6.48494757374507E-17,0.));
#3166=DIRECTION('',(6.48494757374507E-17,1.,0.));
#3167=DIRECTION('',(1.,-6.48494757374507E-17,0.));
#3168=DIRECTION('',(6.48494757374507E-17,1.,0.));
#3169=DIRECTION('',(1.,-6.48494757374507E-17,0.));
#3170=DIRECTION('',(6.48494757374507E-17,1.,0.));
#3171=DIRECTION('',(1.,-6.48494757374507E-17,0.));
#3172=DIRECTION('',(6.48494757374507E-17,1.,0.));
#3173=DIRECTION('',(1.,-6.48494757374507E-17,0.));
#3174=DIRECTION('',(6.48494757374507E-17,1.,0.));
#3175=DIRECTION('',(1.,-6.48494757374507E-17,0.));
#3176=DIRECTION('',(6.48494757374507E-17,1.,0.));
#3177=DIRECTION('',(-1.,-2.75352932694731E-16,0.));
#3178=DIRECTION('',(2.75352932694731E-16,-1.,0.));
#3179=DIRECTION('',(-1.,-2.75352932694731E-16,0.));
#3180=DIRECTION('',(2.75352932694731E-16,-1.,0.));
#3181=DIRECTION('',(-1.,-2.75352932694731E-16,0.));
#3182=DIRECTION('',(2.75352932694731E-16,-1.,0.));
#3183=DIRECTION('',(-1.,-2.75352932694731E-16,0.));
#3184=DIRECTION('',(2.75352932694731E-16,-1.,0.));
#3185=DIRECTION('',(-1.,-2.75352932694731E-16,0.));
#3186=DIRECTION('',(2.75352932694731E-16,-1.,0.));
#3187=DIRECTION('',(-1.,-2.75352932694731E-16,0.));
#3188=DIRECTION('',(2.75352932694731E-16,-1.,0.));
#3189=DIRECTION('',(-0.31408546850923,0.949394711630172,0.));
#3190=DIRECTION('',(-0.949394711630172,-0.31408546850923,0.));
#3191=DIRECTION('',(0.,0.,-1.));
#3192=DIRECTION('',(0.740606147233112,0.245012559986894,0.625676737724198));
#3193=DIRECTION('',(0.,0.,1.));
#3194=DIRECTION('',(0.,0.,-1.));
#3195=DIRECTION('',(-0.31408546850923,0.949394711630172,0.));
#3196=DIRECTION('',(0.949394711630172,0.31408546850923,0.));
#3197=DIRECTION('',(0.949394711630172,0.31408546850923,0.));
#3198=DIRECTION('',(-0.31408546850923,0.949394711630172,0.));
#3199=DIRECTION('',(-0.949394711630172,-0.31408546850923,0.));
#3200=DIRECTION('',(0.,0.,-1.));
#3201=DIRECTION('',(0.,1.,0.));
#3202=DIRECTION('',(0.,0.,1.));
#3203=DIRECTION('',(-1.,0.,0.));
#3204=DIRECTION('',(0.,1.,0.));
#3205=DIRECTION('',(0.,0.,1.));
#3206=DIRECTION('',(0.,0.,-1.));
#3207=DIRECTION('',(-0.427739388908495,0.,-0.903902104863235));
#3208=DIRECTION('',(0.,0.,1.));
#3209=DIRECTION('',(0.,0.,-1.));
#3210=DIRECTION('',(0.,1.,0.));
#3211=DIRECTION('',(0.,0.,1.));
#3212=DIRECTION('',(-1.,-3.02888225964205E-16,0.));
#3213=DIRECTION('',(3.02888225964205E-16,-1.,0.));
#3214=DIRECTION('',(0.,0.,1.));
#3215=DIRECTION('',(0.,0.,1.));
#3216=DIRECTION('',(-1.,-2.75352932694731E-16,0.));
#3217=DIRECTION('',(2.75352932694731E-16,-1.,0.));
#3218=DIRECTION('',(-1.,-2.75352932694731E-16,0.));
#3219=DIRECTION('',(2.75352932694731E-16,-1.,0.));
#3220=DIRECTION('',(-2.75352932694731E-16,1.,0.));
#3221=DIRECTION('',(-1.,-2.75352932694731E-16,0.));
#3222=DIRECTION('',(-1.,-2.75352932694731E-16,0.));
#3223=DIRECTION('',(-1.,-2.75352932694731E-16,0.));
#3224=DIRECTION('',(2.75352932694731E-16,-1.,0.));
#3225=DIRECTION('',(-1.,-2.75352932694731E-16,0.));
#3226=DIRECTION('',(-2.75352932694731E-16,1.,0.));
#3227=DIRECTION('',(-1.,-2.75352932694731E-16,0.));
#3228=DIRECTION('',(0.,0.,-1.));
#3229=DIRECTION('',(-1.,0.,0.));
#3230=DIRECTION('',(1.,-6.48494757374507E-17,0.));
#3231=DIRECTION('',(-1.,6.48494757374508E-17,0.));
#3232=DIRECTION('',(1.,-6.48494757374508E-17,0.));
#3233=DIRECTION('',(6.48494757374508E-17,1.,0.));
#3234=DIRECTION('',(1.,-6.48494757374508E-17,0.));
#3235=DIRECTION('',(1.,-6.48494757374508E-17,0.));
#3236=DIRECTION('',(0.,0.,1.));
#3237=DIRECTION('',(1.,0.,0.));
#3238=DIRECTION('',(1.,-6.48494757374507E-17,0.));
#3239=DIRECTION('',(1.,-6.48494757374508E-17,0.));
#3240=DIRECTION('',(1.,-6.48494757374508E-17,0.));
#3241=DIRECTION('',(6.48494757374508E-17,1.,0.));
#3242=DIRECTION('',(1.,-6.48494757374508E-17,0.));
#3243=DIRECTION('',(6.48494757374508E-17,1.,0.));
#3244=DIRECTION('',(1.,-6.48494757374507E-17,0.));
#3245=DIRECTION('',(6.48494757374507E-17,1.,0.));
#3246=DIRECTION('',(1.,-6.48494757374508E-17,0.));
#3247=DIRECTION('',(6.48494757374508E-17,1.,0.));
#3248=DIRECTION('',(1.,-6.48494757374507E-17,0.));
#3249=DIRECTION('',(6.48494757374507E-17,1.,0.));
#3250=DIRECTION('',(1.,-6.48494757374508E-17,0.));
#3251=DIRECTION('',(6.48494757374508E-17,1.,0.));
#3252=DIRECTION('',(0.,0.,-1.));
#3253=DIRECTION('',(-1.,0.,0.));
#3254=DIRECTION('',(0.,0.,1.));
#3255=DIRECTION('',(1.,0.,0.));
#3256=DIRECTION('',(0.903902104863235,2.48892095443033E-16,-0.427739388908495));
#3257=DIRECTION('',(-2.75352932694731E-16,1.,0.));
#3258=DIRECTION('',(0.903902104863235,2.48892095443033E-16,-0.427739388908495));
#3259=DIRECTION('',(-0.427739388908495,-1.17779295165006E-16,-0.903902104863235));
#3260=DIRECTION('',(-0.403224437047169,-0.333677817974446,-0.852096923571377));
#3261=DIRECTION('',(0.903902104863235,2.48892095443033E-16,-0.427739388908495));
#3262=DIRECTION('',(-2.75352932694731E-16,1.,0.));
#3263=DIRECTION('',(-0.403224437047169,0.333677817974446,-0.852096923571377));
#3264=DIRECTION('',(0.903902104863235,2.48892095443033E-16,-0.427739388908495));
#3265=DIRECTION('',(-0.427739388908495,-1.17779295165006E-16,-0.903902104863235));
#3266=DIRECTION('',(-6.03846261101129E-17,-0.93115056711616,0.36463491516756));
#3267=DIRECTION('',(1.,-6.48494757374508E-17,0.));
#3268=DIRECTION('',(-6.03846261101129E-17,-0.93115056711616,0.36463491516756));
#3269=DIRECTION('',(-2.36463830841861E-17,-0.36463491516756,-0.93115056711616));
#3270=DIRECTION('',(-6.03846261101129E-17,-0.93115056711616,-0.36463491516756));
#3271=DIRECTION('',(1.,-6.48494757374508E-17,0.));
#3272=DIRECTION('',(-6.03846261101129E-17,-0.93115056711616,-0.36463491516756));
#3273=DIRECTION('',(2.36463830841861E-17,0.36463491516756,-0.93115056711616));
#3274=DIRECTION('',(0.,0.,-1.));
#3275=DIRECTION('',(-1.,0.,0.));
#3276=DIRECTION('',(0.,0.,1.));
#3277=DIRECTION('',(1.,0.,0.));
#3278=DIRECTION('',(0.,0.,-1.));
#3279=DIRECTION('',(-1.,0.,0.));
#3280=DIRECTION('',(0.,0.,-1.));
#3281=DIRECTION('',(-1.,0.,0.));
#3282=DIRECTION('',(0.,0.,1.));
#3283=DIRECTION('',(1.,0.,0.));
#3284=DIRECTION('',(0.,0.,-1.));
#3285=DIRECTION('',(-1.,0.,0.));
#3286=DIRECTION('',(1.,0.,0.));
#3287=DIRECTION('',(0.,0.,-1.));
#3288=DIRECTION('',(0.,-1.,0.));
#3289=DIRECTION('',(1.,-1.7347234759768E-16,0.));
#3290=DIRECTION('',(1.7347234759768E-16,1.,0.));
#3291=DIRECTION('',(-1.7347234759768E-16,-1.,0.));
#3292=DIRECTION('',(0.,0.,-1.));
#3293=DIRECTION('',(1.,0.,0.));
#3294=DIRECTION('',(-1.7347234759768E-16,-1.,0.));
#3295=DIRECTION('',(0.,-1.,0.));
#3296=DIRECTION('',(-1.,0.,0.));
#3297=DIRECTION('',(0.,0.,1.));
#3298=DIRECTION('',(0.,1.,0.));
#3299=DIRECTION('',(-1.,8.67361737988404E-17,0.));
#3300=DIRECTION('',(-8.67361737988404E-17,-1.,0.));
#3301=DIRECTION('',(8.67361737988404E-17,1.,0.));
#3302=DIRECTION('',(0.,0.,-1.));
#3303=DIRECTION('',(1.,0.,0.));
#3304=DIRECTION('',(8.67361737988404E-17,1.,0.));
#3305=DIRECTION('',(0.,1.,0.));
#3306=DIRECTION('',(-8.67361737988404E-17,-1.,0.));
#3307=DIRECTION('',(1.,-8.67361737988404E-17,0.));
#3308=DIRECTION('',(0.,1.,0.));
#3309=DIRECTION('',(0.,0.,1.));
#3310=DIRECTION('',(-1.7347234759768E-16,-1.,0.));
#3311=DIRECTION('',(1.,-1.7347234759768E-16,0.));
#3312=DIRECTION('',(0.,1.,0.));
#3313=DIRECTION('',(0.,0.,1.));
#3314=DIRECTION('',(1.,-6.48494757374508E-17,0.));
#3315=DIRECTION('',(6.48494757374508E-17,1.,0.));
#3316=DIRECTION('',(-1.,0.,0.));
#3317=DIRECTION('',(0.,0.,1.));
#3318=DIRECTION('',(0.,0.,1.));
#3319=DIRECTION('',(1.,0.,0.));
#3320=DIRECTION('',(-1.,6.48494757374508E-17,0.));
#3321=DIRECTION('',(-6.48494757374508E-17,-1.,0.));
#3322=DIRECTION('',(-1.,0.,0.));
#3323=DIRECTION('',(0.,0.,1.));
#3324=DIRECTION('',(0.,0.,1.));
#3325=DIRECTION('',(1.,0.,0.));
#3326=DIRECTION('',(6.48494757374507E-17,1.,-1.33440267382831E-16));
#3327=DIRECTION('',(0.,1.33440267382831E-16,1.));
#3328=DIRECTION('',(-2.75352932694731E-16,1.,-1.33440267382831E-16));
#3329=DIRECTION('',(-1.,-2.75352932694731E-16,0.));
#3330=CARTESIAN_POINT('',(0.,0.,0.));
#3331=CARTESIAN_POINT('',(0.,3.46944695195361E-18,0.));
#3332=CARTESIAN_POINT('',(0.,0.02075,0.));
#3333=CARTESIAN_POINT('',(0.,0.01575,0.));
#3334=CARTESIAN_POINT('',(0.,0.0256748120300752,0.));
#3335=CARTESIAN_POINT('',(0.0025,0.01575,0.));
#3336=CARTESIAN_POINT('',(-0.00325,0.01575,0.));
#3337=CARTESIAN_POINT('',(-0.00325,0.014,0.));
#3338=CARTESIAN_POINT('',(-0.005,0.014,0.));
#3339=CARTESIAN_POINT('',(-0.005,-6.93889390390723E-18,0.));
#3340=CARTESIAN_POINT('',(-0.005,-0.014,0.));
#3341=CARTESIAN_POINT('',(-0.00325,-0.014,0.));
#3342=CARTESIAN_POINT('',(-0.00325,-0.01575,0.));
#3343=CARTESIAN_POINT('',(0.0025,-0.01575,0.));
#3344=CARTESIAN_POINT('',(0.,-0.01575,0.));
#3345=CARTESIAN_POINT('',(0.,-0.02075,0.));
#3346=CARTESIAN_POINT('',(0.,-0.0256748120300752,0.));
#3347=CARTESIAN_POINT('',(0.013375,-0.02125,0.));
#3348=CARTESIAN_POINT('',(-0.00172034014700295,-0.0262439471163018,0.));
#3349=CARTESIAN_POINT('',(-0.00486119483209525,-0.01675,0.));
#3350=CARTESIAN_POINT('',(-0.00486119483209525,-0.02675,0.));
#3351=CARTESIAN_POINT('',(0.,-0.02675,0.));
#3352=CARTESIAN_POINT('',(-0.0305,-0.02675,0.));
#3353=CARTESIAN_POINT('',(-0.0305,-0.01675,0.));
#3354=CARTESIAN_POINT('',(-0.0305,-0.02375,2.55643459617635E-18));
#3355=CARTESIAN_POINT('',(-0.04,-0.02375,2.55643459617635E-18));
#3356=CARTESIAN_POINT('',(-0.014,-0.02375,2.55643459617635E-18));
#3357=CARTESIAN_POINT('',(-0.014,-0.01975,0.));
#3358=CARTESIAN_POINT('',(-0.01,-0.01975,0.));
#3359=CARTESIAN_POINT('',(-0.01,3.46944695195361E-18,0.));
#3360=CARTESIAN_POINT('',(-0.01,0.01975,0.));
#3361=CARTESIAN_POINT('',(-0.014,0.01975,0.));
#3362=CARTESIAN_POINT('',(-0.014,0.02375,0.));
#3363=CARTESIAN_POINT('',(-0.04,0.02375,0.));
#3364=CARTESIAN_POINT('',(-0.0305,0.02375,0.));
#3365=CARTESIAN_POINT('',(-0.0305,0.02675,0.));
#3366=CARTESIAN_POINT('',(-0.0305,0.02675,0.));
#3367=CARTESIAN_POINT('',(0.,0.02675,0.));
#3368=CARTESIAN_POINT('',(-0.00486119483209523,0.02675,0.));
#3369=CARTESIAN_POINT('',(-0.00486119483209523,0.01675,0.));
#3370=CARTESIAN_POINT('',(-0.00172034014700293,0.0262439471163017,0.));
#3371=CARTESIAN_POINT('',(0.013375,0.02125,0.));
#3372=CARTESIAN_POINT('',(0.,3.46944695195361E-18,0.));
#3373=CARTESIAN_POINT('',(0.005,-0.02075,0.));
#3374=CARTESIAN_POINT('',(0.005,-0.01575,0.));
#3375=CARTESIAN_POINT('',(0.005,-0.0240206766917293,0.));
#3376=CARTESIAN_POINT('',(0.0025,-0.01575,0.));
#3377=CARTESIAN_POINT('',(0.01,-0.01575,0.));
#3378=CARTESIAN_POINT('',(0.01,-3.46944695195361E-18,0.));
#3379=CARTESIAN_POINT('',(0.01,-0.0105,0.));
#3380=CARTESIAN_POINT('',(0.012,-0.0105,0.));
#3381=CARTESIAN_POINT('',(0.012,-0.0105,0.));
#3382=CARTESIAN_POINT('',(0.012,3.33974800047871E-18,0.));
#3383=CARTESIAN_POINT('',(0.012,-0.013,0.));
#3384=CARTESIAN_POINT('',(0.05,-0.013,0.));
#3385=CARTESIAN_POINT('',(0.05,-0.013,0.));
#3386=CARTESIAN_POINT('',(0.05,8.75467922455585E-19,0.));
#3387=CARTESIAN_POINT('',(0.05,-0.01575,0.));
#3388=CARTESIAN_POINT('',(0.012,-0.01575,0.));
#3389=CARTESIAN_POINT('',(0.0316111948320952,-0.01575,0.));
#3390=CARTESIAN_POINT('',(0.0316111948320952,-0.02575,0.));
#3391=CARTESIAN_POINT('',(0.0284703401470029,-0.0162560528836983,0.));
#3392=CARTESIAN_POINT('',(0.013375,-0.02125,0.));
#3393=CARTESIAN_POINT('',(0.013375,0.02125,0.019));
#3394=CARTESIAN_POINT('',(-0.00146736959002145,0.0261602576087289,0.0205059711172379));
#3395=CARTESIAN_POINT('',(-0.00172034014700293,0.0262439471163017,0.0202922572648431));
#3396=CARTESIAN_POINT('',(0.0284310204748669,0.0162690608955328,0.045764642313653));
#3397=CARTESIAN_POINT('',(0.0284310204748669,0.0162690608955328,0.045764642313653));
#3398=CARTESIAN_POINT('',(0.0284441270884472,0.0162647248729949,0.045759761709875));
#3399=CARTESIAN_POINT('',(0.0284572336119006,0.0162603888802735,0.0457548808375843));
#3400=CARTESIAN_POINT('',(0.028470340147003,0.0162560528836983,0.04575));
#3401=CARTESIAN_POINT('',(0.028470340147003,0.0162560528836983,0.04575));
#3402=CARTESIAN_POINT('',(0.028470340147003,0.0162560528836983,0.019));
#3403=CARTESIAN_POINT('',(0.028470340147003,0.0162560528836983,0.));
#3404=CARTESIAN_POINT('',(0.013375,0.02125,0.));
#3405=CARTESIAN_POINT('',(0.005,0.0240206766917293,0.));
#3406=CARTESIAN_POINT('',(0.005,0.0240206766917293,0.012));
#3407=CARTESIAN_POINT('',(0.005,0.0240206766917293,0.011));
#3408=CARTESIAN_POINT('',(0.004,0.0243515037593985,0.011));
#3409=CARTESIAN_POINT('',(0.004,0.0243515037593985,0.012));
#3410=CARTESIAN_POINT('',(0.013375,0.02125,0.012));
#3411=CARTESIAN_POINT('',(0.001,0.025343984962406,0.012));
#3412=CARTESIAN_POINT('',(0.001,0.025343984962406,0.011));
#3413=CARTESIAN_POINT('',(0.,0.0256748120300752,0.011));
#3414=CARTESIAN_POINT('',(0.,0.0256748120300752,0.012));
#3415=CARTESIAN_POINT('',(-0.00172034014700293,0.0262439471163017,0.019));
#3416=CARTESIAN_POINT('',(0.0025,-0.01575,0.));
#3417=CARTESIAN_POINT('',(0.005,-0.01575,0.012));
#3418=CARTESIAN_POINT('',(0.005,-0.01575,0.011));
#3419=CARTESIAN_POINT('',(0.004,-0.01575,0.011));
#3420=CARTESIAN_POINT('',(0.004,-0.01575,0.012));
#3421=CARTESIAN_POINT('',(0.0025,-0.01575,0.012));
#3422=CARTESIAN_POINT('',(0.001,-0.01575,0.012));
#3423=CARTESIAN_POINT('',(0.001,-0.01575,0.011));
#3424=CARTESIAN_POINT('',(0.,-0.01575,0.011));
#3425=CARTESIAN_POINT('',(0.,-0.01575,0.012));
#3426=CARTESIAN_POINT('',(-0.00325,-0.01575,0.));
#3427=CARTESIAN_POINT('',(-0.00325,-0.01575,0.019));
#3428=CARTESIAN_POINT('',(-0.00325,-0.01575,0.019));
#3429=CARTESIAN_POINT('',(0.01,-0.01575,0.047));
#3430=CARTESIAN_POINT('',(0.01,-0.01575,0.));
#3431=CARTESIAN_POINT('',(0.05,-0.013,0.0225));
#3432=CARTESIAN_POINT('',(0.048,-0.013,0.0225));
#3433=CARTESIAN_POINT('',(0.048,-0.013,0.013));
#3434=CARTESIAN_POINT('',(0.048,-0.013,0.029));
#3435=CARTESIAN_POINT('',(0.05,-0.013,0.013));
#3436=CARTESIAN_POINT('',(0.05,-0.013,0.013));
#3437=CARTESIAN_POINT('',(0.05,-0.013,0.0225));
#3438=CARTESIAN_POINT('',(0.012,-0.013,0.0225));
#3439=CARTESIAN_POINT('',(0.012,-0.013,0.0205));
#3440=CARTESIAN_POINT('',(0.011,-0.013,0.0205));
#3441=CARTESIAN_POINT('',(0.01,-0.013,0.0205));
#3442=CARTESIAN_POINT('',(0.01,-0.013,0.025));
#3443=CARTESIAN_POINT('',(0.01,-0.013,0.0295));
#3444=CARTESIAN_POINT('',(0.011,-0.013,0.0295));
#3445=CARTESIAN_POINT('',(0.0118660254037844,-0.013,0.029));
#3446=CARTESIAN_POINT('',(0.05,-0.013,0.029));
#3447=CARTESIAN_POINT('',(0.014,-0.013,0.029));
#3448=CARTESIAN_POINT('',(0.014,-0.013,0.029));
#3449=CARTESIAN_POINT('',(0.014,-0.013,0.045));
#3450=CARTESIAN_POINT('',(0.05,-0.013,0.045));
#3451=CARTESIAN_POINT('',(0.047,-0.013,0.045));
#3452=CARTESIAN_POINT('',(0.047,-0.013,0.029));
#3453=CARTESIAN_POINT('',(0.047,-0.013,0.029));
#3454=CARTESIAN_POINT('',(0.05,-0.013,0.029));
#3455=CARTESIAN_POINT('',(0.031,-1.04083408558608E-17,0.029));
#3456=CARTESIAN_POINT('',(0.048,-1.27429219824091E-17,0.029));
#3457=CARTESIAN_POINT('',(0.048,-0.007,0.029));
#3458=CARTESIAN_POINT('',(0.047,-0.01,0.029));
#3459=CARTESIAN_POINT('',(0.047,-0.007,0.029));
#3460=CARTESIAN_POINT('',(0.0475,-0.007,0.029));
#3461=CARTESIAN_POINT('',(0.012,3.33974800047871E-18,0.019));
#3462=CARTESIAN_POINT('',(0.012,-0.01,0.017));
#3463=CARTESIAN_POINT('',(0.012,-0.011,0.017));
#3464=CARTESIAN_POINT('',(0.012,0.01,0.017));
#3465=CARTESIAN_POINT('',(0.012,0.009,0.017));
#3466=CARTESIAN_POINT('',(0.012,0.013,0.0225));
#3467=CARTESIAN_POINT('',(0.012,0.013,0.));
#3468=CARTESIAN_POINT('',(0.012,0.013,0.0205));
#3469=CARTESIAN_POINT('',(0.012,-0.013,0.0205));
#3470=CARTESIAN_POINT('',(0.012,-0.0105,0.00475));
#3471=CARTESIAN_POINT('',(0.012,-0.0105,0.0095));
#3472=CARTESIAN_POINT('',(0.012,4.02015281734307E-18,0.0095));
#3473=CARTESIAN_POINT('',(0.012,0.0105,0.0095));
#3474=CARTESIAN_POINT('',(0.012,0.0105,0.00475));
#3475=CARTESIAN_POINT('',(0.012,0.0105,0.));
#3476=CARTESIAN_POINT('',(0.012,3.33974800047871E-18,0.));
#3477=CARTESIAN_POINT('',(0.012,3.33974800047871E-18,0.019));
#3478=CARTESIAN_POINT('',(0.012,-0.0095,0.029));
#3479=CARTESIAN_POINT('',(0.012,-0.0095,0.0295));
#3480=CARTESIAN_POINT('',(0.012,-0.0095,0.04));
#3481=CARTESIAN_POINT('',(0.012,4.74087080799844E-18,0.0295));
#3482=CARTESIAN_POINT('',(0.012,0.0095,0.0295));
#3483=CARTESIAN_POINT('',(0.012,0.0095,0.029));
#3484=CARTESIAN_POINT('',(0.012,0.0095,0.04));
#3485=CARTESIAN_POINT('',(0.012,-1.04083408558608E-17,0.04));
#3486=CARTESIAN_POINT('',(0.01,-3.46944695195361E-18,0.047));
#3487=CARTESIAN_POINT('',(0.01,-0.01,0.042));
#3488=CARTESIAN_POINT('',(0.01,-0.012,0.042));
#3489=CARTESIAN_POINT('',(0.01,0.01,0.042));
#3490=CARTESIAN_POINT('',(0.01,0.008,0.042));
#3491=CARTESIAN_POINT('',(0.01,0.01,0.017));
#3492=CARTESIAN_POINT('',(0.01,0.009,0.017));
#3493=CARTESIAN_POINT('',(0.01,-0.01,0.017));
#3494=CARTESIAN_POINT('',(0.01,-0.011,0.017));
#3495=CARTESIAN_POINT('',(0.01,-3.46944695195361E-18,0.047));
#3496=CARTESIAN_POINT('',(0.01,0.01575,0.047));
#3497=CARTESIAN_POINT('',(0.01,0.01575,0.));
#3498=CARTESIAN_POINT('',(0.01,0.01575,0.));
#3499=CARTESIAN_POINT('',(0.01,-3.46944695195361E-18,0.));
#3500=CARTESIAN_POINT('',(0.01,0.0105,0.));
#3501=CARTESIAN_POINT('',(0.01,0.0105,0.00475));
#3502=CARTESIAN_POINT('',(0.01,0.0105,0.0095));
#3503=CARTESIAN_POINT('',(0.01,3.46944695195361E-18,0.0095));
#3504=CARTESIAN_POINT('',(0.01,-0.0105,0.0095));
#3505=CARTESIAN_POINT('',(0.01,-0.0105,0.00475));
#3506=CARTESIAN_POINT('',(0.01,-7.00561403759864E-18,0.0205));
#3507=CARTESIAN_POINT('',(0.01,0.013,0.0205));
#3508=CARTESIAN_POINT('',(0.01,0.013,0.025));
#3509=CARTESIAN_POINT('',(0.01,0.013,0.0295));
#3510=CARTESIAN_POINT('',(0.01,-0.013,0.0295));
#3511=CARTESIAN_POINT('',(0.,3.46944695195361E-18,0.));
#3512=CARTESIAN_POINT('',(0.0025,0.01575,0.));
#3513=CARTESIAN_POINT('',(0.005,0.01575,0.));
#3514=CARTESIAN_POINT('',(0.005,0.02075,0.));
#3515=CARTESIAN_POINT('',(0.0316111948320952,0.02575,0.));
#3516=CARTESIAN_POINT('',(0.0316111948320952,0.01575,0.));
#3517=CARTESIAN_POINT('',(0.012,0.01575,0.));
#3518=CARTESIAN_POINT('',(0.05,0.01575,0.));
#3519=CARTESIAN_POINT('',(0.05,8.75467922455585E-19,0.));
#3520=CARTESIAN_POINT('',(0.05,0.013,0.));
#3521=CARTESIAN_POINT('',(0.05,0.013,0.));
#3522=CARTESIAN_POINT('',(0.012,0.0105,0.));
#3523=CARTESIAN_POINT('',(0.012,0.01575,0.));
#3524=CARTESIAN_POINT('',(0.0316111948320952,0.01575,0.));
#3525=CARTESIAN_POINT('',(0.0316111948320952,0.01575,0.04575));
#3526=CARTESIAN_POINT('',(0.05,0.01575,0.04575));
#3527=CARTESIAN_POINT('',(0.05,0.01575,0.04575));
#3528=CARTESIAN_POINT('',(0.05,0.01575,0.));
#3529=CARTESIAN_POINT('',(0.,0.01,0.042));
#3530=CARTESIAN_POINT('',(0.014,0.01,0.042));
#3531=CARTESIAN_POINT('',(0.014,0.01,0.041));
#3532=CARTESIAN_POINT('',(0.0113,0.01,0.042));
#3533=CARTESIAN_POINT('',(0.0113,0.011,0.042));
#3534=CARTESIAN_POINT('',(0.,-0.01,0.042));
#3535=CARTESIAN_POINT('',(0.014,-0.01,0.042));
#3536=CARTESIAN_POINT('',(0.014,-0.01,0.041));
#3537=CARTESIAN_POINT('',(0.0113,-0.01,0.042));
#3538=CARTESIAN_POINT('',(0.0113,-0.009,0.042));
#3539=CARTESIAN_POINT('',(0.,-0.01,0.042));
#3540=CARTESIAN_POINT('',(0.047,-0.01,0.042));
#3541=CARTESIAN_POINT('',(0.047,-0.01,0.041));
#3542=CARTESIAN_POINT('',(0.0487,-0.01,0.042));
#3543=CARTESIAN_POINT('',(0.0487,-0.009,0.042));
#3544=CARTESIAN_POINT('',(0.,0.01,0.042));
#3545=CARTESIAN_POINT('',(0.047,0.01,0.042));
#3546=CARTESIAN_POINT('',(0.047,0.01,0.043));
#3547=CARTESIAN_POINT('',(0.0487,0.01,0.042));
#3548=CARTESIAN_POINT('',(0.0487,0.011,0.042));
#3549=CARTESIAN_POINT('',(0.05,-1.2872620933884E-17,0.045));
#3550=CARTESIAN_POINT('',(0.014,-1.04083408558608E-17,0.045));
#3551=CARTESIAN_POINT('',(0.014,0.013,0.045));
#3552=CARTESIAN_POINT('',(0.05,0.013,0.045));
#3553=CARTESIAN_POINT('',(0.047,0.013,0.045));
#3554=CARTESIAN_POINT('',(0.047,0.01,0.045));
#3555=CARTESIAN_POINT('',(0.047,0.007,0.045));
#3556=CARTESIAN_POINT('',(0.0475,0.007,0.045));
#3557=CARTESIAN_POINT('',(0.048,0.007,0.045));
#3558=CARTESIAN_POINT('',(0.048,-1.12757025938492E-17,0.045));
#3559=CARTESIAN_POINT('',(0.048,-0.007,0.045));
#3560=CARTESIAN_POINT('',(0.0475,-0.007,0.045));
#3561=CARTESIAN_POINT('',(0.047,-0.007,0.045));
#3562=CARTESIAN_POINT('',(0.047,-0.01,0.045));
#3563=CARTESIAN_POINT('',(0.05,0.013,0.0225));
#3564=CARTESIAN_POINT('',(0.05,0.013,0.0225));
#3565=CARTESIAN_POINT('',(0.05,0.013,0.013));
#3566=CARTESIAN_POINT('',(0.05,0.013,0.013));
#3567=CARTESIAN_POINT('',(0.048,0.013,0.013));
#3568=CARTESIAN_POINT('',(0.048,0.013,0.0225));
#3569=CARTESIAN_POINT('',(0.048,0.013,0.029));
#3570=CARTESIAN_POINT('',(0.05,0.013,0.029));
#3571=CARTESIAN_POINT('',(0.047,0.013,0.029));
#3572=CARTESIAN_POINT('',(0.047,0.013,0.029));
#3573=CARTESIAN_POINT('',(0.014,0.013,0.029));
#3574=CARTESIAN_POINT('',(0.014,0.013,0.029));
#3575=CARTESIAN_POINT('',(0.05,0.013,0.029));
#3576=CARTESIAN_POINT('',(0.0118660254037844,0.013,0.029));
#3577=CARTESIAN_POINT('',(0.011,0.013,0.0295));
#3578=CARTESIAN_POINT('',(0.011,0.013,0.0205));
#3579=CARTESIAN_POINT('',(0.,3.46944695195361E-18,0.019));
#3580=CARTESIAN_POINT('',(0.,-0.02675,0.019));
#3581=CARTESIAN_POINT('',(-0.00486119483209525,-0.02675,0.019));
#3582=CARTESIAN_POINT('',(-0.0305,-0.02675,0.019));
#3583=CARTESIAN_POINT('',(-0.00486119483209525,-0.01675,0.019));
#3584=CARTESIAN_POINT('',(-0.00325,-0.0266193490774736,0.019));
#3585=CARTESIAN_POINT('',(-0.00325,2.57454992069573E-18,0.019));
#3586=CARTESIAN_POINT('',(-0.00325,-0.014,0.019));
#3587=CARTESIAN_POINT('',(-0.005,-0.014,0.019));
#3588=CARTESIAN_POINT('',(-0.005,-6.93889390390723E-18,0.019));
#3589=CARTESIAN_POINT('',(-0.005,0.014,0.019));
#3590=CARTESIAN_POINT('',(-0.00325,0.014,0.019));
#3591=CARTESIAN_POINT('',(-0.00325,0.01575,0.019));
#3592=CARTESIAN_POINT('',(-0.00325,2.57454992069573E-18,0.019));
#3593=CARTESIAN_POINT('',(-0.00325,0.0266193490774736,0.019));
#3594=CARTESIAN_POINT('',(-0.00486119483209523,0.01675,0.019));
#3595=CARTESIAN_POINT('',(-0.00486119483209523,0.02675,0.019));
#3596=CARTESIAN_POINT('',(0.,0.02675,0.019));
#3597=CARTESIAN_POINT('',(-0.0305,0.02675,0.019));
#3598=CARTESIAN_POINT('',(-0.0305,5.44735596194586E-18,0.019));
#3599=CARTESIAN_POINT('',(-0.0305,0.02375,0.019));
#3600=CARTESIAN_POINT('',(-0.04,0.02375,0.019));
#3601=CARTESIAN_POINT('',(-0.014,0.02375,0.019));
#3602=CARTESIAN_POINT('',(-0.014,0.01975,0.019));
#3603=CARTESIAN_POINT('',(-0.01,0.01975,0.019));
#3604=CARTESIAN_POINT('',(-0.01,3.46944695195361E-18,0.019));
#3605=CARTESIAN_POINT('',(-0.01,-0.01975,0.019));
#3606=CARTESIAN_POINT('',(-0.014,-0.01975,0.019));
#3607=CARTESIAN_POINT('',(-0.014,-0.02375,0.019));
#3608=CARTESIAN_POINT('',(-0.04,-0.02375,0.019));
#3609=CARTESIAN_POINT('',(-0.0305,-0.02375,0.019));
#3610=CARTESIAN_POINT('',(-0.0305,5.44735596194586E-18,0.019));
#3611=CARTESIAN_POINT('',(0.,0.02675,0.019));
#3612=CARTESIAN_POINT('',(-0.0305,0.02675,0.0095));
#3613=CARTESIAN_POINT('',(-0.0305,0.02675,0.0055));
#3614=CARTESIAN_POINT('',(-0.0235,0.02675,0.0095));
#3615=CARTESIAN_POINT('',(-0.0235,0.02675,0.0085));
#3616=CARTESIAN_POINT('',(-0.0305,0.02675,0.0025));
#3617=CARTESIAN_POINT('',(-0.0305,0.02675,0.0015));
#3618=CARTESIAN_POINT('',(-0.0375,0.02675,0.0095));
#3619=CARTESIAN_POINT('',(-0.0375,0.02675,0.0085));
#3620=CARTESIAN_POINT('',(-0.0305,0.02675,0.0165));
#3621=CARTESIAN_POINT('',(-0.0305,0.02675,0.0155));
#3622=CARTESIAN_POINT('',(-0.0255502525316941,0.02675,0.0144497474683058));
#3623=CARTESIAN_POINT('',(-0.0255502525316941,0.02675,0.0164497474683058));
#3624=CARTESIAN_POINT('',(-0.0354497474683058,0.02675,0.00455025253169417));
#3625=CARTESIAN_POINT('',(-0.0354497474683058,0.02675,0.00655025253169417));
#3626=CARTESIAN_POINT('',(-0.0255502525316941,0.02675,0.00455025253169416));
#3627=CARTESIAN_POINT('',(-0.0255502525316941,0.02675,0.00655025253169416));
#3628=CARTESIAN_POINT('',(-0.0354497474683058,0.02675,0.0144497474683058));
#3629=CARTESIAN_POINT('',(-0.0354497474683058,0.02675,0.0164497474683058));
#3630=CARTESIAN_POINT('',(-0.00486119483209523,0.02675,0.));
#3631=CARTESIAN_POINT('',(-0.0305,0.02675,0.0095));
#3632=CARTESIAN_POINT('',(0.,-0.02675,0.019));
#3633=CARTESIAN_POINT('',(-0.0255502525316941,-0.02675,0.0144497474683058));
#3634=CARTESIAN_POINT('',(-0.0255502525316941,-0.02675,0.0124497474683058));
#3635=CARTESIAN_POINT('',(-0.0354497474683058,-0.02675,0.00455025253169417));
#3636=CARTESIAN_POINT('',(-0.0354497474683058,-0.02675,0.00255025253169417));
#3637=CARTESIAN_POINT('',(-0.0255502525316941,-0.02675,0.00455025253169416));
#3638=CARTESIAN_POINT('',(-0.0255502525316941,-0.02675,0.00255025253169416));
#3639=CARTESIAN_POINT('',(-0.0354497474683058,-0.02675,0.0144497474683058));
#3640=CARTESIAN_POINT('',(-0.0354497474683058,-0.02675,0.0124497474683058));
#3641=CARTESIAN_POINT('',(-0.0305,-0.02675,0.0165));
#3642=CARTESIAN_POINT('',(-0.0305,-0.02675,0.0155));
#3643=CARTESIAN_POINT('',(-0.0375,-0.02675,0.0095));
#3644=CARTESIAN_POINT('',(-0.0375,-0.02675,0.0085));
#3645=CARTESIAN_POINT('',(-0.0305,-0.02675,0.0025));
#3646=CARTESIAN_POINT('',(-0.0305,-0.02675,0.0015));
#3647=CARTESIAN_POINT('',(-0.0235,-0.02675,0.0095));
#3648=CARTESIAN_POINT('',(-0.0235,-0.02675,0.0085));
#3649=CARTESIAN_POINT('',(-0.0305,-0.02675,0.0095));
#3650=CARTESIAN_POINT('',(-0.0305,-0.02675,0.0055));
#3651=CARTESIAN_POINT('',(-0.00486119483209525,-0.02675,0.019));
#3652=CARTESIAN_POINT('',(-0.0305,-0.02675,0.0095));
#3653=CARTESIAN_POINT('',(-0.04,0.01975,0.0095));
#3654=CARTESIAN_POINT('',(-0.0305,0.01975,0.0165));
#3655=CARTESIAN_POINT('',(-0.0295,0.01975,0.0165));
#3656=CARTESIAN_POINT('',(-0.0354497474683058,0.01975,0.0144497474683058));
#3657=CARTESIAN_POINT('',(-0.0344497474683058,0.01975,0.0144497474683058));
#3658=CARTESIAN_POINT('',(-0.0375,0.01975,0.0095));
#3659=CARTESIAN_POINT('',(-0.0365,0.01975,0.0095));
#3660=CARTESIAN_POINT('',(-0.0354497474683058,0.01975,0.00455025253169417));
#3661=CARTESIAN_POINT('',(-0.0344497474683058,0.01975,0.00455025253169417));
#3662=CARTESIAN_POINT('',(-0.0305,0.01975,0.0025));
#3663=CARTESIAN_POINT('',(-0.0295,0.01975,0.0025));
#3664=CARTESIAN_POINT('',(-0.0255502525316941,0.01975,0.00455025253169416));
#3665=CARTESIAN_POINT('',(-0.0245502525316941,0.01975,0.00455025253169416));
#3666=CARTESIAN_POINT('',(-0.0235,0.01975,0.0095));
#3667=CARTESIAN_POINT('',(-0.0225,0.01975,0.0095));
#3668=CARTESIAN_POINT('',(-0.0255502525316941,0.01975,0.0144497474683058));
#3669=CARTESIAN_POINT('',(-0.0245502525316941,0.01975,0.0144497474683058));
#3670=CARTESIAN_POINT('',(-0.0305,0.01975,0.0095));
#3671=CARTESIAN_POINT('',(-0.0265,0.01975,0.0095));
#3672=CARTESIAN_POINT('',(-0.0305,0.01975,0.0095));
#3673=CARTESIAN_POINT('',(-0.021,0.01975,0.0095));
#3674=CARTESIAN_POINT('',(-0.0255502525316941,0.07325,0.0144497474683058));
#3675=CARTESIAN_POINT('',(-0.0255502525316941,0.02425,0.0144497474683058));
#3676=CARTESIAN_POINT('',(-0.0255502525316941,0.02425,0.0134497474683058));
#3677=CARTESIAN_POINT('',(-0.0255502525316941,0.07325,0.00455025253169416));
#3678=CARTESIAN_POINT('',(-0.0255502525316941,0.02425,0.00455025253169416));
#3679=CARTESIAN_POINT('',(-0.0255502525316941,0.02425,0.00355025253169416));
#3680=CARTESIAN_POINT('',(-0.0354497474683058,0.07325,0.00455025253169417));
#3681=CARTESIAN_POINT('',(-0.0354497474683058,0.02425,0.00455025253169417));
#3682=CARTESIAN_POINT('',(-0.0354497474683058,0.02425,0.00355025253169417));
#3683=CARTESIAN_POINT('',(-0.0354497474683058,0.07325,0.0144497474683058));
#3684=CARTESIAN_POINT('',(-0.0354497474683058,0.02425,0.0144497474683058));
#3685=CARTESIAN_POINT('',(-0.0354497474683058,0.02425,0.0134497474683058));
#3686=CARTESIAN_POINT('',(-0.0255502525316941,0.07325,0.0144497474683058));
#3687=CARTESIAN_POINT('',(-0.0255502525316941,-0.01675,0.0144497474683058));
#3688=CARTESIAN_POINT('',(-0.0255502525316941,-0.01675,0.0134497474683058));
#3689=CARTESIAN_POINT('',(-0.0255502525316941,-0.02425,0.0144497474683058));
#3690=CARTESIAN_POINT('',(-0.0255502525316941,-0.02425,0.0134497474683058));
#3691=CARTESIAN_POINT('',(-0.0255502525316941,0.07325,0.00455025253169416));
#3692=CARTESIAN_POINT('',(-0.0255502525316941,-0.01675,0.00455025253169416));
#3693=CARTESIAN_POINT('',(-0.0255502525316941,-0.01675,0.00355025253169416));
#3694=CARTESIAN_POINT('',(-0.0255502525316941,-0.02425,0.00455025253169416));
#3695=CARTESIAN_POINT('',(-0.0255502525316941,-0.02425,0.00355025253169416));
#3696=CARTESIAN_POINT('',(-0.0354497474683058,0.07325,0.00455025253169417));
#3697=CARTESIAN_POINT('',(-0.0354497474683058,-0.01675,0.00455025253169417));
#3698=CARTESIAN_POINT('',(-0.0354497474683058,-0.01675,0.00355025253169417));
#3699=CARTESIAN_POINT('',(-0.0354497474683058,-0.02425,0.00455025253169417));
#3700=CARTESIAN_POINT('',(-0.0354497474683058,-0.02425,0.00355025253169417));
#3701=CARTESIAN_POINT('',(-0.0354497474683058,0.07325,0.0144497474683058));
#3702=CARTESIAN_POINT('',(-0.0354497474683058,-0.01675,0.0144497474683058));
#3703=CARTESIAN_POINT('',(-0.0354497474683058,-0.01675,0.0134497474683058));
#3704=CARTESIAN_POINT('',(-0.0354497474683058,-0.02425,0.0144497474683058));
#3705=CARTESIAN_POINT('',(-0.0354497474683058,-0.02425,0.0134497474683058));
#3706=CARTESIAN_POINT('',(-0.01,3.46944695195361E-18,0.019));
#3707=CARTESIAN_POINT('',(-0.01,-0.01975,0.019));
#3708=CARTESIAN_POINT('',(-0.01,0.01975,0.019));
#3709=CARTESIAN_POINT('',(-0.04,-0.01675,0.0095));
#3710=CARTESIAN_POINT('',(-0.0305,-0.01675,0.0165));
#3711=CARTESIAN_POINT('',(-0.0305,-0.01675,0.0155));
#3712=CARTESIAN_POINT('',(-0.0375,-0.01675,0.0095));
#3713=CARTESIAN_POINT('',(-0.0375,-0.01675,0.0085));
#3714=CARTESIAN_POINT('',(-0.0305,-0.01675,0.0025));
#3715=CARTESIAN_POINT('',(-0.0305,-0.01675,0.0015));
#3716=CARTESIAN_POINT('',(-0.0235,-0.01675,0.0095));
#3717=CARTESIAN_POINT('',(-0.0235,-0.01675,0.0085));
#3718=CARTESIAN_POINT('',(-0.0305,-0.01675,0.0095));
#3719=CARTESIAN_POINT('',(-0.0305,-0.01675,0.0055));
#3720=CARTESIAN_POINT('',(-0.0305,-0.01675,0.0095));
#3721=CARTESIAN_POINT('',(-0.0305,-0.01675,0.));
#3722=CARTESIAN_POINT('',(-0.0305,0.07325,0.0095));
#3723=CARTESIAN_POINT('',(-0.0235,0.07325,0.0095));
#3724=CARTESIAN_POINT('',(-0.0305,0.07325,0.0025));
#3725=CARTESIAN_POINT('',(-0.0375,0.07325,0.0095));
#3726=CARTESIAN_POINT('',(-0.0305,0.07325,0.0165));
#3727=CARTESIAN_POINT('',(-0.0305,0.07325,0.0095));
#3728=CARTESIAN_POINT('',(-0.0235,0.07325,0.0095));
#3729=CARTESIAN_POINT('',(-0.0305,0.07325,0.0025));
#3730=CARTESIAN_POINT('',(-0.0375,0.07325,0.0095));
#3731=CARTESIAN_POINT('',(-0.0305,0.07325,0.0165));
#3732=CARTESIAN_POINT('',(-0.0354497474683058,-0.02425,0.0144497474683058));
#3733=CARTESIAN_POINT('',(-0.0354497474683058,-0.02425,0.0144497474683058));
#3734=CARTESIAN_POINT('',(-0.0354497474683058,-0.02425,0.0124497474683058));
#3735=CARTESIAN_POINT('',(-0.015,-0.02425,0.0095));
#3736=CARTESIAN_POINT('',(-0.0354497474683058,-0.02425,0.00455025253169417));
#3737=CARTESIAN_POINT('',(-0.0354497474683058,-0.02425,0.00455025253169417));
#3738=CARTESIAN_POINT('',(-0.0354497474683058,-0.02425,0.00255025253169417));
#3739=CARTESIAN_POINT('',(-0.015,-0.02425,0.0095));
#3740=CARTESIAN_POINT('',(-0.0255502525316941,-0.02425,0.00455025253169416));
#3741=CARTESIAN_POINT('',(-0.0255502525316941,-0.02425,0.00455025253169416));
#3742=CARTESIAN_POINT('',(-0.0255502525316941,-0.02425,0.00255025253169416));
#3743=CARTESIAN_POINT('',(-0.015,-0.02425,0.0095));
#3744=CARTESIAN_POINT('',(-0.0255502525316941,-0.02425,0.0144497474683058));
#3745=CARTESIAN_POINT('',(-0.0255502525316941,-0.02425,0.0144497474683058));
#3746=CARTESIAN_POINT('',(-0.0255502525316941,-0.02425,0.0124497474683058));
#3747=CARTESIAN_POINT('',(-0.015,-0.02425,0.0095));
#3748=CARTESIAN_POINT('',(-0.0354497474683058,0.02425,0.0144497474683058));
#3749=CARTESIAN_POINT('',(-0.0354497474683058,0.02425,0.0144497474683058));
#3750=CARTESIAN_POINT('',(-0.0354497474683058,0.02425,0.0164497474683058));
#3751=CARTESIAN_POINT('',(-0.015,0.02425,0.0095));
#3752=CARTESIAN_POINT('',(-0.0354497474683058,0.02425,0.00455025253169417));
#3753=CARTESIAN_POINT('',(-0.0354497474683058,0.02425,0.00455025253169417));
#3754=CARTESIAN_POINT('',(-0.0354497474683058,0.02425,0.00655025253169417));
#3755=CARTESIAN_POINT('',(-0.015,0.02425,0.0095));
#3756=CARTESIAN_POINT('',(-0.0255502525316941,0.02425,0.00455025253169416));
#3757=CARTESIAN_POINT('',(-0.0255502525316941,0.02425,0.00455025253169416));
#3758=CARTESIAN_POINT('',(-0.0255502525316941,0.02425,0.00655025253169416));
#3759=CARTESIAN_POINT('',(-0.015,0.02425,0.0095));
#3760=CARTESIAN_POINT('',(-0.0255502525316941,0.02425,0.0144497474683058));
#3761=CARTESIAN_POINT('',(-0.0255502525316941,0.02425,0.0144497474683058));
#3762=CARTESIAN_POINT('',(-0.0255502525316941,0.02425,0.0164497474683058));
#3763=CARTESIAN_POINT('',(-0.015,0.02425,0.0095));
#3764=CARTESIAN_POINT('',(-0.0305,5.44735596194586E-18,0.0095));
#3765=CARTESIAN_POINT('',(-0.0305,-0.02375,0.0095));
#3766=CARTESIAN_POINT('',(-0.0305,5.44735596194586E-18,0.0095));
#3767=CARTESIAN_POINT('',(-0.0305,0.02375,0.0095));
#3768=CARTESIAN_POINT('',(-0.025,-0.02375,0.0095));
#3769=CARTESIAN_POINT('',(-0.014,-0.02375,0.0095));
#3770=CARTESIAN_POINT('',(-0.025,0.02375,0.0095));
#3771=CARTESIAN_POINT('',(-0.014,0.02375,0.0095));
#3772=CARTESIAN_POINT('',(-0.014,-0.01975,0.0095));
#3773=CARTESIAN_POINT('',(-0.014,0.01975,0.019));
#3774=CARTESIAN_POINT('',(0.012,-0.01575,0.));
#3775=CARTESIAN_POINT('',(0.05,-0.01575,0.));
#3776=CARTESIAN_POINT('',(0.05,-0.01575,0.04575));
#3777=CARTESIAN_POINT('',(0.012,-0.01575,0.04575));
#3778=CARTESIAN_POINT('',(0.0316111948320952,-0.01575,0.04575));
#3779=CARTESIAN_POINT('',(0.0316111948320952,-0.01575,0.));
#3780=CARTESIAN_POINT('',(-0.00925,3.46944695195361E-18,0.047));
#3781=CARTESIAN_POINT('',(0.0316111948320952,0.0145,0.047));
#3782=CARTESIAN_POINT('',(0.05,0.0145,0.047));
#3783=CARTESIAN_POINT('',(0.0316111948320952,0.0145,0.047));
#3784=CARTESIAN_POINT('',(0.0316111948320952,0.02575,0.047));
#3785=CARTESIAN_POINT('',(0.0263893898556358,0.0157852996639225,0.047));
#3786=CARTESIAN_POINT('',(1.02366840756393E-18,0.0157852996639225,0.047));
#3787=CARTESIAN_POINT('',(0.01,0.0157852996639225,0.047));
#3788=CARTESIAN_POINT('',(0.01,8.76999090632719E-18,0.047));
#3789=CARTESIAN_POINT('',(0.01,6.22297627890093E-18,0.047));
#3790=CARTESIAN_POINT('',(0.01,-0.0157852996639225,0.047));
#3791=CARTESIAN_POINT('',(-1.02366840756393E-18,-0.0157852996639225,0.047));
#3792=CARTESIAN_POINT('',(0.0263893898556358,-0.0157852996639225,0.047));
#3793=CARTESIAN_POINT('',(0.0316111948320952,-0.02575,0.047));
#3794=CARTESIAN_POINT('',(0.0316111948320952,-0.0145,0.047));
#3795=CARTESIAN_POINT('',(-0.00925,-0.0145,0.047));
#3796=CARTESIAN_POINT('',(0.05,-0.0145,0.047));
#3797=CARTESIAN_POINT('',(0.05,8.75467922455585E-19,0.047));
#3798=CARTESIAN_POINT('',(0.05,-1.01813676907798E-17,0.0235));
#3799=CARTESIAN_POINT('',(0.05,-0.01,0.042));
#3800=CARTESIAN_POINT('',(0.05,-0.008,0.042));
#3801=CARTESIAN_POINT('',(0.05,0.01,0.042));
#3802=CARTESIAN_POINT('',(0.05,0.012,0.042));
#3803=CARTESIAN_POINT('',(0.05,0.0145,0.04575));
#3804=CARTESIAN_POINT('',(0.05,-0.0145,0.04575));
#3805=CARTESIAN_POINT('',(0.05,-0.011,0.013));
#3806=CARTESIAN_POINT('',(0.05,-0.011,0.015));
#3807=CARTESIAN_POINT('',(0.05,-0.00947213595499959,0.015));
#3808=CARTESIAN_POINT('',(0.05,-0.01,0.015));
#3809=CARTESIAN_POINT('',(0.05,-0.01,0.017));
#3810=CARTESIAN_POINT('',(0.05,-0.0084,0.0158));
#3811=CARTESIAN_POINT('',(0.05,1.30104260698264E-18,0.0095));
#3812=CARTESIAN_POINT('',(0.05,0.0084,0.0158));
#3813=CARTESIAN_POINT('',(0.05,0.01,0.017));
#3814=CARTESIAN_POINT('',(0.05,0.01,0.015));
#3815=CARTESIAN_POINT('',(0.05,0.00947213595499957,0.015));
#3816=CARTESIAN_POINT('',(0.05,0.011,0.015));
#3817=CARTESIAN_POINT('',(0.05,0.011,0.013));
#3818=CARTESIAN_POINT('',(0.05,-0.01,0.017));
#3819=CARTESIAN_POINT('',(0.05,-0.009,0.017));
#3820=CARTESIAN_POINT('',(0.05,0.01,0.017));
#3821=CARTESIAN_POINT('',(0.05,0.011,0.017));
#3822=CARTESIAN_POINT('',(0.048,-1.12757025938492E-17,0.029));
#3823=CARTESIAN_POINT('',(0.048,0.00947213595499957,0.015));
#3824=CARTESIAN_POINT('',(0.048,0.011,0.015));
#3825=CARTESIAN_POINT('',(0.048,0.01,0.015));
#3826=CARTESIAN_POINT('',(0.048,0.01,0.017));
#3827=CARTESIAN_POINT('',(0.048,0.0084,0.0158));
#3828=CARTESIAN_POINT('',(0.048,1.43074155845754E-18,0.0095));
#3829=CARTESIAN_POINT('',(0.048,-0.0084,0.0158));
#3830=CARTESIAN_POINT('',(0.048,-0.01,0.017));
#3831=CARTESIAN_POINT('',(0.048,-0.01,0.015));
#3832=CARTESIAN_POINT('',(0.048,-0.00947213595499959,0.015));
#3833=CARTESIAN_POINT('',(0.048,-0.011,0.015));
#3834=CARTESIAN_POINT('',(0.048,-0.011,0.013));
#3835=CARTESIAN_POINT('',(0.048,-0.007,0.029));
#3836=CARTESIAN_POINT('',(0.048,0.007,0.029));
#3837=CARTESIAN_POINT('',(0.048,0.007,0.029));
#3838=CARTESIAN_POINT('',(0.048,-1.27429219824091E-17,0.029));
#3839=CARTESIAN_POINT('',(0.048,0.011,0.013));
#3840=CARTESIAN_POINT('',(0.048,-0.01,0.017));
#3841=CARTESIAN_POINT('',(0.048,-0.009,0.017));
#3842=CARTESIAN_POINT('',(0.048,0.01,0.017));
#3843=CARTESIAN_POINT('',(0.048,0.011,0.017));
#3844=CARTESIAN_POINT('',(0.0475,0.007,0.029));
#3845=CARTESIAN_POINT('',(0.047,0.007,0.029));
#3846=CARTESIAN_POINT('',(0.047,0.007,0.029));
#3847=CARTESIAN_POINT('',(0.0475,0.007,0.029));
#3848=CARTESIAN_POINT('',(0.047,0.01,0.029));
#3849=CARTESIAN_POINT('',(0.047,0.01,0.029));
#3850=CARTESIAN_POINT('',(0.047,-0.01,0.029));
#3851=CARTESIAN_POINT('',(0.047,-0.007,0.029));
#3852=CARTESIAN_POINT('',(0.0475,-0.007,0.029));
#3853=CARTESIAN_POINT('',(0.031,-1.04083408558608E-17,0.029));
#3854=CARTESIAN_POINT('',(0.014,-1.04083408558608E-17,0.04));
#3855=CARTESIAN_POINT('',(0.014,-0.01125,0.029));
#3856=CARTESIAN_POINT('',(0.014,-0.0095,0.029));
#3857=CARTESIAN_POINT('',(0.014,-0.0095,0.029));
#3858=CARTESIAN_POINT('',(0.014,-0.0095,0.04));
#3859=CARTESIAN_POINT('',(0.014,-1.04083408558608E-17,0.04));
#3860=CARTESIAN_POINT('',(0.014,0.0095,0.04));
#3861=CARTESIAN_POINT('',(0.014,0.0095,0.029));
#3862=CARTESIAN_POINT('',(0.014,0.0095,0.029));
#3863=CARTESIAN_POINT('',(0.014,0.01125,0.029));
#3864=CARTESIAN_POINT('',(0.031,-1.04083408558608E-17,0.04));
#3865=CARTESIAN_POINT('',(0.013,-0.0095,0.04));
#3866=CARTESIAN_POINT('',(0.013,0.0095,0.04));
#3867=CARTESIAN_POINT('',(0.013,0.0095,0.029));
#3868=CARTESIAN_POINT('',(0.011,0.0095,0.0295));
#3869=CARTESIAN_POINT('',(0.0118660254037844,0.0095,0.029));
#3870=CARTESIAN_POINT('',(0.013,0.0095,0.029));
#3871=CARTESIAN_POINT('',(0.031,-1.04083408558608E-17,0.029));
#3872=CARTESIAN_POINT('',(0.0118660254037844,0.0095,0.029));
#3873=CARTESIAN_POINT('',(0.013,-0.0095,0.029));
#3874=CARTESIAN_POINT('',(0.013,-0.0095,0.029));
#3875=CARTESIAN_POINT('',(0.0118660254037844,-0.0095,0.029));
#3876=CARTESIAN_POINT('',(0.011,-0.0095,0.0295));
#3877=CARTESIAN_POINT('',(0.031,-1.04083408558608E-17,0.029));
#3878=CARTESIAN_POINT('',(0.0118660254037844,-0.013,0.029));
#3879=CARTESIAN_POINT('',(0.0487,0.01,0.042));
#3880=CARTESIAN_POINT('',(0.0487,0.01,0.042));
#3881=CARTESIAN_POINT('',(0.0487,0.012,0.042));
#3882=CARTESIAN_POINT('',(0.0487,-6.62761642036747E-18,0.0235));
#3883=CARTESIAN_POINT('',(0.0487,-0.01,0.042));
#3884=CARTESIAN_POINT('',(0.0487,-0.01,0.042));
#3885=CARTESIAN_POINT('',(0.0487,-0.008,0.042));
#3886=CARTESIAN_POINT('',(0.0487,-6.62761642036747E-18,0.0235));
#3887=CARTESIAN_POINT('',(0.0113,-0.01,0.042));
#3888=CARTESIAN_POINT('',(0.0113,-0.01,0.042));
#3889=CARTESIAN_POINT('',(0.0113,-0.012,0.042));
#3890=CARTESIAN_POINT('',(0.0113,-3.82740576445677E-18,0.033));
#3891=CARTESIAN_POINT('',(0.0113,0.01,0.042));
#3892=CARTESIAN_POINT('',(0.0113,0.01,0.042));
#3893=CARTESIAN_POINT('',(0.0113,0.008,0.042));
#3894=CARTESIAN_POINT('',(0.0113,-3.82740576445677E-18,0.033));
#3895=CARTESIAN_POINT('',(0.013375,-0.02125,0.019));
#3896=CARTESIAN_POINT('',(0.0284703401470029,-0.0162560528836983,0.019));
#3897=CARTESIAN_POINT('',(0.0284703401470029,-0.0162560528836983,0.04575));
#3898=CARTESIAN_POINT('',(0.0284310204748669,-0.0162690608955328,0.045764642313653));
#3899=CARTESIAN_POINT('',(0.0284441270884471,-0.0162647248729949,0.045759761709875));
#3900=CARTESIAN_POINT('',(0.0284572336119005,-0.0162603888802735,0.045754880837584));
#3901=CARTESIAN_POINT('',(0.0284703401470029,-0.0162560528836983,0.04575));
#3902=CARTESIAN_POINT('',(0.0284310204748669,-0.0162690608955328,0.045764642313653));
#3903=CARTESIAN_POINT('',(0.0068668001384643,-0.0234030886759968,0.0275468202201518));
#3904=CARTESIAN_POINT('',(-0.00172034014700295,-0.0262439471163017,0.0202922572648431));
#3905=CARTESIAN_POINT('',(-0.00172034014700294,-0.0262439471163018,0.));
#3906=CARTESIAN_POINT('',(0.,-0.0256748120300752,0.012));
#3907=CARTESIAN_POINT('',(0.,-0.0256748120300752,0.011));
#3908=CARTESIAN_POINT('',(0.001,-0.025343984962406,0.011));
#3909=CARTESIAN_POINT('',(0.001,-0.025343984962406,0.012));
#3910=CARTESIAN_POINT('',(0.013375,-0.02125,0.012));
#3911=CARTESIAN_POINT('',(0.004,-0.0243515037593985,0.012));
#3912=CARTESIAN_POINT('',(0.004,-0.0243515037593985,0.011));
#3913=CARTESIAN_POINT('',(0.005,-0.0240206766917293,0.011));
#3914=CARTESIAN_POINT('',(0.005,-0.0240206766917293,0.012));
#3915=CARTESIAN_POINT('',(0.0025,0.01575,0.));
#3916=CARTESIAN_POINT('',(0.0025,0.01575,0.012));
#3917=CARTESIAN_POINT('',(0.004,0.01575,0.012));
#3918=CARTESIAN_POINT('',(0.001,0.01575,0.012));
#3919=CARTESIAN_POINT('',(0.004,0.01575,0.011));
#3920=CARTESIAN_POINT('',(0.005,0.01575,0.011));
#3921=CARTESIAN_POINT('',(0.005,0.01575,0.012));
#3922=CARTESIAN_POINT('',(-0.00954403048264183,0.01575,0.00569940728196444));
#3923=CARTESIAN_POINT('',(-0.00325,0.01575,0.));
#3924=CARTESIAN_POINT('',(0.,0.01575,0.012));
#3925=CARTESIAN_POINT('',(0.,0.01575,0.011));
#3926=CARTESIAN_POINT('',(0.001,0.01575,0.011));
#3927=CARTESIAN_POINT('',(-0.005,-6.93889390390723E-18,0.));
#3928=CARTESIAN_POINT('',(-0.005,0.014,0.019));
#3929=CARTESIAN_POINT('',(-0.005,-0.014,0.));
#3930=CARTESIAN_POINT('',(0.012,0.01,0.017));
#3931=CARTESIAN_POINT('',(0.012,-0.01,0.017));
#3932=CARTESIAN_POINT('',(0.012,-0.0105,0.00475));
#3933=CARTESIAN_POINT('',(0.012,-0.0105,0.0095));
#3934=CARTESIAN_POINT('',(0.012,4.02015281734307E-18,0.0095));
#3935=CARTESIAN_POINT('',(0.012,0.0105,0.0095));
#3936=CARTESIAN_POINT('',(0.012,0.0105,0.00475));
#3937=CARTESIAN_POINT('',(0.048,-0.00947213595499959,0.015));
#3938=CARTESIAN_POINT('',(0.048,-0.011,0.015));
#3939=CARTESIAN_POINT('',(0.05,-0.01,0.015));
#3940=CARTESIAN_POINT('',(0.048,1.43074155845754E-18,0.0095));
#3941=CARTESIAN_POINT('',(0.048,0.0084,0.0158));
#3942=CARTESIAN_POINT('',(0.048,-0.0084,0.0158));
#3943=CARTESIAN_POINT('',(0.048,0.00947213595499957,0.015));
#3944=CARTESIAN_POINT('',(0.048,0.011,0.015));
#3945=CARTESIAN_POINT('',(0.048,0.01,0.015));
#3946=CARTESIAN_POINT('',(0.048,-0.01,0.017));
#3947=CARTESIAN_POINT('',(0.048,0.01,0.017));
#3948=CARTESIAN_POINT('',(0.048,0.011,0.013));
#3949=CARTESIAN_POINT('',(0.048,0.01,0.017));
#3950=CARTESIAN_POINT('',(0.05,-0.011,0.013));
#3951=CARTESIAN_POINT('',(0.048,-0.01,0.017));
#3952=CARTESIAN_POINT('',(-0.00325,0.014,0.));
#3953=CARTESIAN_POINT('',(-0.00325,-0.014,0.));
#3954=CARTESIAN_POINT('',(-0.00325,2.57454992069573E-18,0.019));
#3955=CARTESIAN_POINT('',(-0.00486119483209525,-0.01675,0.0155952109208553));
#3956=CARTESIAN_POINT('',(-0.00305019545173904,-0.0265846469811758,0.0194222284793439));
#3957=CARTESIAN_POINT('',(0.00034913225026513,-0.0237716224073399,0.0266057134345226));
#3958=CARTESIAN_POINT('',(-0.00325,2.57454992069573E-18,0.019));
#3959=CARTESIAN_POINT('',(0.000349132250265117,0.0237716224073399,0.0266057134345226));
#3960=CARTESIAN_POINT('',(-0.00305019545173907,0.0265846469811758,0.0194222284793438));
#3961=CARTESIAN_POINT('',(-0.00486119483209523,0.01675,0.0155952109208554));
#3962=CARTESIAN_POINT('',(-1.73472282748205E-18,-0.02674999,0.019));
#3963=CARTESIAN_POINT('',(0.0284310204748669,-0.0162690608955328,0.045764642313653));
#3964=CARTESIAN_POINT('',(0.0285269753721745,-0.0162358262574097,0.045849512003441));
#3965=CARTESIAN_POINT('',(0.0286647217564813,-0.016180699772145,0.0459902858456657));
#3966=CARTESIAN_POINT('',(0.0287066946889579,-0.0160812423273397,0.0462442655176119));
#3967=CARTESIAN_POINT('',(0.0285796522130293,-0.0159921750172566,0.0464717124044719));
#3968=CARTESIAN_POINT('',(0.0282987036870223,-0.0159241941927649,0.046645311751779));
#3969=CARTESIAN_POINT('',(0.0279365141477276,-0.0158690297685669,0.0467861824768246));
#3970=CARTESIAN_POINT('',(0.0275601269903303,-0.0158306872259914,0.0468840959754469));
#3971=CARTESIAN_POINT('',(0.0270431580546654,-0.0157954360878572,0.0469741151038949));
#3972=CARTESIAN_POINT('',(0.0266519707692885,-0.0157852996639225,0.047));
#3973=CARTESIAN_POINT('',(0.0263893898556358,-0.0157852996639225,0.047));
#3974=CARTESIAN_POINT('',(-0.00486119483209525,-0.01675,0.0445364913570524));
#3975=CARTESIAN_POINT('',(1.73472282748205E-18,0.02674999,0.019));
#3976=CARTESIAN_POINT('',(0.0263893898556358,0.0157852996639225,0.047));
#3977=CARTESIAN_POINT('',(0.0266522010570144,0.0157852996639225,0.047));
#3978=CARTESIAN_POINT('',(0.0270416444143191,0.0157954871247163,0.0469739847735334));
#3979=CARTESIAN_POINT('',(0.0275510143145652,0.0158299816591025,0.0468858977475247));
#3980=CARTESIAN_POINT('',(0.027927548277492,0.015867855748802,0.0467891805143808));
#3981=CARTESIAN_POINT('',(0.0282951652761602,0.0159235030832721,0.0466470766047029));
#3982=CARTESIAN_POINT('',(0.0285751611274136,0.0159907470867384,0.0464753588416521));
#3983=CARTESIAN_POINT('',(0.0287061173463611,0.0160795586373145,0.0462485650754889));
#3984=CARTESIAN_POINT('',(0.0286667931536525,0.0161799369847709,0.0459922337389321));
#3985=CARTESIAN_POINT('',(0.028527688777968,0.0162355791644104,0.0458501429928963));
#3986=CARTESIAN_POINT('',(0.028431020474867,0.0162690608955328,0.045764642313653));
#3987=CARTESIAN_POINT('',(-0.00486119483209523,0.01675,0.0445364913570524));
#3988=CARTESIAN_POINT('',(0.0316111948320952,-0.02575,0.));
#3989=CARTESIAN_POINT('',(0.0316111948320952,-0.02575,0.04575));
#3990=CARTESIAN_POINT('',(-0.00486119483209525,-0.01675,0.019));
#3991=CARTESIAN_POINT('',(0.0316111948320952,0.02575,0.019));
#3992=CARTESIAN_POINT('',(0.0316111948320952,0.02575,0.04575));
#3993=CARTESIAN_POINT('',(-0.00486119483209523,0.01675,0.019));
#3994=CARTESIAN_POINT('',(0.,-0.02075,0.012));
#3995=CARTESIAN_POINT('',(0.,-0.0256748120300752,0.011));
#3996=CARTESIAN_POINT('',(0.005,-0.02075,0.012));
#3997=CARTESIAN_POINT('',(0.005,-0.02075,0.011));
#3998=CARTESIAN_POINT('',(0.00975,0.,0.012));
#3999=CARTESIAN_POINT('',(0.004,9.97465998686664E-19,0.012));
#4000=CARTESIAN_POINT('',(0.001,-0.01575,0.012));
#4001=CARTESIAN_POINT('',(0.,0.02075,0.012));
#4002=CARTESIAN_POINT('',(0.,0.02075,0.011));
#4003=CARTESIAN_POINT('',(0.005,0.02075,0.012));
#4004=CARTESIAN_POINT('',(0.005,0.0240206766917293,0.011));
#4005=CARTESIAN_POINT('',(0.00975,0.,0.012));
#4006=CARTESIAN_POINT('',(0.004,0.01575,0.012));
#4007=CARTESIAN_POINT('',(0.001,0.,0.012));
#4008=CARTESIAN_POINT('',(0.004,0.02075,0.011));
#4009=CARTESIAN_POINT('',(0.001,0.,0.011));
#4010=CARTESIAN_POINT('',(0.004,9.97465998686664E-19,0.011));
#4011=CARTESIAN_POINT('',(0.001,-0.02075,0.011));
#4012=CARTESIAN_POINT('',(-0.00925,0.0145,0.04575));
#4013=CARTESIAN_POINT('',(0.0316111948320952,0.0145,0.04575));
#4014=CARTESIAN_POINT('',(0.0316111948320952,0.02575,0.04575));
#4015=CARTESIAN_POINT('',(0.012,-0.0145,0.04575));
#4016=CARTESIAN_POINT('',(0.0316111948320952,-0.0145,0.04575));
#4017=CARTESIAN_POINT('',(0.0316111948320952,-0.02575,0.04575));
#4018=CARTESIAN_POINT('',(0.011,3.60475787729041E-18,0.0205));
#4019=CARTESIAN_POINT('',(0.011,-5.52929869845843E-18,0.0295));
#4020=MECHANICAL_DESIGN_GEOMETRIC_PRESENTATION_REPRESENTATION('',(#2359),
#4021);
#4021=(
GEOMETRIC_REPRESENTATION_CONTEXT(3)
GLOBAL_UNCERTAINTY_ASSIGNED_CONTEXT((#4022))
GLOBAL_UNIT_ASSIGNED_CONTEXT((#4025,#4024,#4023))
REPRESENTATION_CONTEXT('Part 1','TOP_LEVEL_ASSEMBLY_PART')
);
#4022=UNCERTAINTY_MEASURE_WITH_UNIT(LENGTH_MEASURE(2.E-5),#4025,
'DISTANCE_ACCURACY_VALUE','Maximum Tolerance applied to model');
#4023=(
NAMED_UNIT(*)
SI_UNIT($,.STERADIAN.)
SOLID_ANGLE_UNIT()
);
#4024=(
NAMED_UNIT(*)
PLANE_ANGLE_UNIT()
SI_UNIT($,.RADIAN.)
);
#4025=(
LENGTH_UNIT()
NAMED_UNIT(*)
SI_UNIT($,.METRE.)
);
#4026=PRODUCT_DEFINITION_SHAPE('','',#4027);
#4027=PRODUCT_DEFINITION('','',#4029,#4028);
#4028=PRODUCT_DEFINITION_CONTEXT('',#4035,'design');
#4029=PRODUCT_DEFINITION_FORMATION_WITH_SPECIFIED_SOURCE('','',#4031,
 .NOT_KNOWN.);
#4030=PRODUCT_RELATED_PRODUCT_CATEGORY('','',(#4031));
#4031=PRODUCT('Part 1','Part 1','Part 1',(#4033));
#4032=PRODUCT_CATEGORY('','');
#4033=PRODUCT_CONTEXT('',#4035,'mechanical');
#4034=APPLICATION_PROTOCOL_DEFINITION('international standard',
'ap242_managed_model_based_3d_engineering',2020,#4035);
#4035=APPLICATION_CONTEXT('managed model based 3d engineering');
ENDSEC;
END-ISO-10303-21;
