ISO-10303-21;
HEADER;
/* Generated by software containing ST-Developer
 * from STEP Tools, Inc. (www.steptools.com) 
 */
/* OPTION: using custom renumber hook */

FILE_DESCRIPTION(
/* description */ ('STEP AP242 Edition 2',
'CAx-IF Rec.Pracs.---Representation and Presentation of Product Manufa
cturing Information (PMI)---4.0---2014-10-13',
'CAx-IF Rec.Pracs.---3D Tessellated Geometry---0.4---2014-09-14','2;1',
'CAx-IF Rec.Pracs.---User Defined Attributes---1.5---2016-08-15'),
/* implementation_level */ '2;1');

FILE_NAME(
/* name */ 'Shoulder2Elbow',
/* time_stamp */ '2026-08-02T02:26:31Z',
/* author */ (''),
/* organization */ (''),
/* preprocessor_version */ 'ST-DEVELOPER v20',
/* originating_system */ 'ONSHAPE BY PTC INC, 1.218',
/* authorisation */ '  ');

FILE_SCHEMA (('AP242_MANAGED_MODEL_BASED_3D_ENGINEERING_MIM_LF { 1 0 10303 442 3 1 4 }'));
ENDSEC;

DATA;
#10=SHAPE_REPRESENTATION_RELATIONSHIP('','',#2891,#11);
#11=ADVANCED_BREP_SHAPE_REPRESENTATION('',(#2889),#4781);
#12=LINE('',#3993,#272);
#13=LINE('',#3996,#273);
#14=LINE('',#3998,#274);
#15=LINE('',#4000,#275);
#16=LINE('',#4002,#276);
#17=LINE('',#4005,#277);
#18=LINE('',#4006,#278);
#19=LINE('',#4008,#279);
#20=LINE('',#4010,#280);
#21=LINE('',#4012,#281);
#22=LINE('',#4014,#282);
#23=LINE('',#4017,#283);
#24=LINE('',#4019,#284);
#25=LINE('',#4021,#285);
#26=LINE('',#4022,#286);
#27=LINE('',#4025,#287);
#28=LINE('',#4027,#288);
#29=LINE('',#4029,#289);
#30=LINE('',#4031,#290);
#31=LINE('',#4034,#291);
#32=LINE('',#4036,#292);
#33=LINE('',#4038,#293);
#34=LINE('',#4039,#294);
#35=LINE('',#4042,#295);
#36=LINE('',#4044,#296);
#37=LINE('',#4046,#297);
#38=LINE('',#4048,#298);
#39=LINE('',#4051,#299);
#40=LINE('',#4053,#300);
#41=LINE('',#4055,#301);
#42=LINE('',#4056,#302);
#43=LINE('',#4059,#303);
#44=LINE('',#4061,#304);
#45=LINE('',#4063,#305);
#46=LINE('',#4065,#306);
#47=LINE('',#4068,#307);
#48=LINE('',#4070,#308);
#49=LINE('',#4072,#309);
#50=LINE('',#4073,#310);
#51=LINE('',#4076,#311);
#52=LINE('',#4078,#312);
#53=LINE('',#4080,#313);
#54=LINE('',#4082,#314);
#55=LINE('',#4085,#315);
#56=LINE('',#4087,#316);
#57=LINE('',#4089,#317);
#58=LINE('',#4090,#318);
#59=LINE('',#4093,#319);
#60=LINE('',#4095,#320);
#61=LINE('',#4097,#321);
#62=LINE('',#4099,#322);
#63=LINE('',#4102,#323);
#64=LINE('',#4104,#324);
#65=LINE('',#4106,#325);
#66=LINE('',#4107,#326);
#67=LINE('',#4110,#327);
#68=LINE('',#4112,#328);
#69=LINE('',#4114,#329);
#70=LINE('',#4116,#330);
#71=LINE('',#4119,#331);
#72=LINE('',#4121,#332);
#73=LINE('',#4123,#333);
#74=LINE('',#4124,#334);
#75=LINE('',#4127,#335);
#76=LINE('',#4129,#336);
#77=LINE('',#4131,#337);
#78=LINE('',#4133,#338);
#79=LINE('',#4136,#339);
#80=LINE('',#4138,#340);
#81=LINE('',#4140,#341);
#82=LINE('',#4141,#342);
#83=LINE('',#4144,#343);
#84=LINE('',#4146,#344);
#85=LINE('',#4148,#345);
#86=LINE('',#4150,#346);
#87=LINE('',#4153,#347);
#88=LINE('',#4155,#348);
#89=LINE('',#4157,#349);
#90=LINE('',#4158,#350);
#91=LINE('',#4161,#351);
#92=LINE('',#4163,#352);
#93=LINE('',#4165,#353);
#94=LINE('',#4167,#354);
#95=LINE('',#4170,#355);
#96=LINE('',#4172,#356);
#97=LINE('',#4174,#357);
#98=LINE('',#4175,#358);
#99=LINE('',#4178,#359);
#100=LINE('',#4180,#360);
#101=LINE('',#4182,#361);
#102=LINE('',#4184,#362);
#103=LINE('',#4187,#363);
#104=LINE('',#4189,#364);
#105=LINE('',#4191,#365);
#106=LINE('',#4192,#366);
#107=LINE('',#4195,#367);
#108=LINE('',#4197,#368);
#109=LINE('',#4199,#369);
#110=LINE('',#4201,#370);
#111=LINE('',#4204,#371);
#112=LINE('',#4206,#372);
#113=LINE('',#4208,#373);
#114=LINE('',#4210,#374);
#115=LINE('',#4219,#375);
#116=LINE('',#4224,#376);
#117=LINE('',#4230,#377);
#118=LINE('',#4234,#378);
#119=LINE('',#4237,#379);
#120=LINE('',#4243,#380);
#121=LINE('',#4248,#381);
#122=LINE('',#4252,#382);
#123=LINE('',#4256,#383);
#124=LINE('',#4258,#384);
#125=LINE('',#4260,#385);
#126=LINE('',#4265,#386);
#127=LINE('',#4267,#387);
#128=LINE('',#4269,#388);
#129=LINE('',#4273,#389);
#130=LINE('',#4277,#390);
#131=LINE('',#4280,#391);
#132=LINE('',#4286,#392);
#133=LINE('',#4290,#393);
#134=LINE('',#4294,#394);
#135=LINE('',#4297,#395);
#136=LINE('',#4302,#396);
#137=LINE('',#4306,#397);
#138=LINE('',#4310,#398);
#139=LINE('',#4313,#399);
#140=LINE('',#4319,#400);
#141=LINE('',#4322,#401);
#142=LINE('',#4325,#402);
#143=LINE('',#4326,#403);
#144=LINE('',#4328,#404);
#145=LINE('',#4330,#405);
#146=LINE('',#4332,#406);
#147=LINE('',#4334,#407);
#148=LINE('',#4336,#408);
#149=LINE('',#4338,#409);
#150=LINE('',#4340,#410);
#151=LINE('',#4345,#411);
#152=LINE('',#4350,#412);
#153=LINE('',#4354,#413);
#154=LINE('',#4357,#414);
#155=LINE('',#4362,#415);
#156=LINE('',#4366,#416);
#157=LINE('',#4370,#417);
#158=LINE('',#4373,#418);
#159=LINE('',#4378,#419);
#160=LINE('',#4382,#420);
#161=LINE('',#4386,#421);
#162=LINE('',#4390,#422);
#163=LINE('',#4392,#423);
#164=LINE('',#4394,#424);
#165=LINE('',#4399,#425);
#166=LINE('',#4401,#426);
#167=LINE('',#4403,#427);
#168=LINE('',#4407,#428);
#169=LINE('',#4413,#429);
#170=LINE('',#4416,#430);
#171=LINE('',#4421,#431);
#172=LINE('',#4427,#432);
#173=LINE('',#4431,#433);
#174=LINE('',#4440,#434);
#175=LINE('',#4445,#435);
#176=LINE('',#4449,#436);
#177=LINE('',#4457,#437);
#178=LINE('',#4458,#438);
#179=LINE('',#4460,#439);
#180=LINE('',#4461,#440);
#181=LINE('',#4481,#441);
#182=LINE('',#4502,#442);
#183=LINE('',#4523,#443);
#184=LINE('',#4544,#444);
#185=LINE('',#4547,#445);
#186=LINE('',#4548,#446);
#187=LINE('',#4554,#447);
#188=LINE('',#4555,#448);
#189=LINE('',#4557,#449);
#190=LINE('',#4558,#450);
#191=LINE('',#4586,#451);
#192=LINE('',#4587,#452);
#193=LINE('',#4589,#453);
#194=LINE('',#4590,#454);
#195=LINE('',#4592,#455);
#196=LINE('',#4593,#456);
#197=LINE('',#4595,#457);
#198=LINE('',#4596,#458);
#199=LINE('',#4598,#459);
#200=LINE('',#4599,#460);
#201=LINE('',#4601,#461);
#202=LINE('',#4602,#462);
#203=LINE('',#4604,#463);
#204=LINE('',#4605,#464);
#205=LINE('',#4607,#465);
#206=LINE('',#4608,#466);
#207=LINE('',#4610,#467);
#208=LINE('',#4611,#468);
#209=LINE('',#4613,#469);
#210=LINE('',#4614,#470);
#211=LINE('',#4616,#471);
#212=LINE('',#4617,#472);
#213=LINE('',#4619,#473);
#214=LINE('',#4620,#474);
#215=LINE('',#4622,#475);
#216=LINE('',#4623,#476);
#217=LINE('',#4625,#477);
#218=LINE('',#4627,#478);
#219=LINE('',#4629,#479);
#220=LINE('',#4631,#480);
#221=LINE('',#4633,#481);
#222=LINE('',#4634,#482);
#223=LINE('',#4636,#483);
#224=LINE('',#4639,#484);
#225=LINE('',#4640,#485);
#226=LINE('',#4641,#486);
#227=LINE('',#4643,#487);
#228=LINE('',#4645,#488);
#229=LINE('',#4647,#489);
#230=LINE('',#4649,#490);
#231=LINE('',#4651,#491);
#232=LINE('',#4652,#492);
#233=LINE('',#4654,#493);
#234=LINE('',#4656,#494);
#235=LINE('',#4658,#495);
#236=LINE('',#4660,#496);
#237=LINE('',#4662,#497);
#238=LINE('',#4664,#498);
#239=LINE('',#4666,#499);
#240=LINE('',#4668,#500);
#241=LINE('',#4670,#501);
#242=LINE('',#4672,#502);
#243=LINE('',#4674,#503);
#244=LINE('',#4676,#504);
#245=LINE('',#4678,#505);
#246=LINE('',#4681,#506);
#247=LINE('',#4682,#507);
#248=LINE('',#4685,#508);
#249=LINE('',#4686,#509);
#250=LINE('',#4688,#510);
#251=LINE('',#4690,#511);
#252=LINE('',#4694,#512);
#253=LINE('',#4695,#513);
#254=LINE('',#4697,#514);
#255=LINE('',#4699,#515);
#256=LINE('',#4702,#516);
#257=LINE('',#4703,#517);
#258=LINE('',#4705,#518);
#259=LINE('',#4707,#519);
#260=LINE('',#4710,#520);
#261=LINE('',#4711,#521);
#262=LINE('',#4713,#522);
#263=LINE('',#4715,#523);
#264=LINE('',#4718,#524);
#265=LINE('',#4719,#525);
#266=LINE('',#4721,#526);
#267=LINE('',#4723,#527);
#268=LINE('',#4754,#528);
#269=LINE('',#4755,#529);
#270=LINE('',#4757,#530);
#271=LINE('',#4759,#531);
#272=VECTOR('',#3193,1.);
#273=VECTOR('',#3194,1.);
#274=VECTOR('',#3195,1.);
#275=VECTOR('',#3196,1.);
#276=VECTOR('',#3199,1.);
#277=VECTOR('',#3200,1.);
#278=VECTOR('',#3201,1.);
#279=VECTOR('',#3204,1.);
#280=VECTOR('',#3205,1.);
#281=VECTOR('',#3206,1.);
#282=VECTOR('',#3209,1.);
#283=VECTOR('',#3210,1.);
#284=VECTOR('',#3211,1.);
#285=VECTOR('',#3212,1.);
#286=VECTOR('',#3213,1.);
#287=VECTOR('',#3214,1.);
#288=VECTOR('',#3215,1.);
#289=VECTOR('',#3216,1.);
#290=VECTOR('',#3219,1.);
#291=VECTOR('',#3220,1.);
#292=VECTOR('',#3221,1.);
#293=VECTOR('',#3222,1.);
#294=VECTOR('',#3223,1.);
#295=VECTOR('',#3224,1.);
#296=VECTOR('',#3225,1.);
#297=VECTOR('',#3226,1.);
#298=VECTOR('',#3229,1.);
#299=VECTOR('',#3230,1.);
#300=VECTOR('',#3231,1.);
#301=VECTOR('',#3232,1.);
#302=VECTOR('',#3233,1.);
#303=VECTOR('',#3234,1.);
#304=VECTOR('',#3235,1.);
#305=VECTOR('',#3236,1.);
#306=VECTOR('',#3239,1.);
#307=VECTOR('',#3240,1.);
#308=VECTOR('',#3241,1.);
#309=VECTOR('',#3242,1.);
#310=VECTOR('',#3243,1.);
#311=VECTOR('',#3244,1.);
#312=VECTOR('',#3245,1.);
#313=VECTOR('',#3246,1.);
#314=VECTOR('',#3249,1.);
#315=VECTOR('',#3250,1.);
#316=VECTOR('',#3251,1.);
#317=VECTOR('',#3252,1.);
#318=VECTOR('',#3253,1.);
#319=VECTOR('',#3254,1.);
#320=VECTOR('',#3255,1.);
#321=VECTOR('',#3256,1.);
#322=VECTOR('',#3259,1.);
#323=VECTOR('',#3260,1.);
#324=VECTOR('',#3261,1.);
#325=VECTOR('',#3262,1.);
#326=VECTOR('',#3263,1.);
#327=VECTOR('',#3264,1.);
#328=VECTOR('',#3265,1.);
#329=VECTOR('',#3266,1.);
#330=VECTOR('',#3269,1.);
#331=VECTOR('',#3270,1.);
#332=VECTOR('',#3271,1.);
#333=VECTOR('',#3272,1.);
#334=VECTOR('',#3273,1.);
#335=VECTOR('',#3274,1.);
#336=VECTOR('',#3275,1.);
#337=VECTOR('',#3276,1.);
#338=VECTOR('',#3279,1.);
#339=VECTOR('',#3280,1.);
#340=VECTOR('',#3281,1.);
#341=VECTOR('',#3282,1.);
#342=VECTOR('',#3283,1.);
#343=VECTOR('',#3284,1.);
#344=VECTOR('',#3285,1.);
#345=VECTOR('',#3286,1.);
#346=VECTOR('',#3289,1.);
#347=VECTOR('',#3290,1.);
#348=VECTOR('',#3291,1.);
#349=VECTOR('',#3292,1.);
#350=VECTOR('',#3293,1.);
#351=VECTOR('',#3294,1.);
#352=VECTOR('',#3295,1.);
#353=VECTOR('',#3296,1.);
#354=VECTOR('',#3299,1.);
#355=VECTOR('',#3300,1.);
#356=VECTOR('',#3301,1.);
#357=VECTOR('',#3302,1.);
#358=VECTOR('',#3303,1.);
#359=VECTOR('',#3304,1.);
#360=VECTOR('',#3305,1.);
#361=VECTOR('',#3306,1.);
#362=VECTOR('',#3309,1.);
#363=VECTOR('',#3310,1.);
#364=VECTOR('',#3311,1.);
#365=VECTOR('',#3312,1.);
#366=VECTOR('',#3313,1.);
#367=VECTOR('',#3314,1.);
#368=VECTOR('',#3315,1.);
#369=VECTOR('',#3316,1.);
#370=VECTOR('',#3319,1.);
#371=VECTOR('',#3320,1.);
#372=VECTOR('',#3321,1.);
#373=VECTOR('',#3322,1.);
#374=VECTOR('',#3325,1.);
#375=VECTOR('',#3336,1.);
#376=VECTOR('',#3341,1.);
#377=VECTOR('',#3348,1.);
#378=VECTOR('',#3351,1.);
#379=VECTOR('',#3354,1.);
#380=VECTOR('',#3361,1.);
#381=VECTOR('',#3364,1.);
#382=VECTOR('',#3367,1.);
#383=VECTOR('',#3370,1.);
#384=VECTOR('',#3371,1.);
#385=VECTOR('',#3372,1.);
#386=VECTOR('',#3377,1.);
#387=VECTOR('',#3378,1.);
#388=VECTOR('',#3379,1.);
#389=VECTOR('',#3382,1.);
#390=VECTOR('',#3385,1.);
#391=VECTOR('',#3388,1.);
#392=VECTOR('',#3393,1.);
#393=VECTOR('',#3396,1.);
#394=VECTOR('',#3399,1.);
#395=VECTOR('',#3402,1.);
#396=VECTOR('',#3405,1.);
#397=VECTOR('',#3408,1.);
#398=VECTOR('',#3411,1.);
#399=VECTOR('',#3414,1.);
#400=VECTOR('',#3419,1.);
#401=VECTOR('',#3422,1.);
#402=VECTOR('',#3423,1.);
#403=VECTOR('',#3424,1.);
#404=VECTOR('',#3425,1.);
#405=VECTOR('',#3426,1.);
#406=VECTOR('',#3427,1.);
#407=VECTOR('',#3428,1.);
#408=VECTOR('',#3429,1.);
#409=VECTOR('',#3430,1.);
#410=VECTOR('',#3433,1.);
#411=VECTOR('',#3436,1.);
#412=VECTOR('',#3441,1.);
#413=VECTOR('',#3444,1.);
#414=VECTOR('',#3447,1.);
#415=VECTOR('',#3450,1.);
#416=VECTOR('',#3453,1.);
#417=VECTOR('',#3456,1.);
#418=VECTOR('',#3459,1.);
#419=VECTOR('',#3462,1.);
#420=VECTOR('',#3465,1.);
#421=VECTOR('',#3468,1.);
#422=VECTOR('',#3471,1.);
#423=VECTOR('',#3472,1.);
#424=VECTOR('',#3473,1.);
#425=VECTOR('',#3478,1.);
#426=VECTOR('',#3479,1.);
#427=VECTOR('',#3480,1.);
#428=VECTOR('',#3483,1.);
#429=VECTOR('',#3490,1.);
#430=VECTOR('',#3493,1.);
#431=VECTOR('',#3496,1.);
#432=VECTOR('',#3503,1.);
#433=VECTOR('',#3508,1.);
#434=VECTOR('',#3519,1.);
#435=VECTOR('',#3524,1.);
#436=VECTOR('',#3527,1.);
#437=VECTOR('',#3536,1.);
#438=VECTOR('',#3537,1.);
#439=VECTOR('',#3540,1.);
#440=VECTOR('',#3541,1.);
#441=VECTOR('',#3562,1.);
#442=VECTOR('',#3585,1.);
#443=VECTOR('',#3608,1.);
#444=VECTOR('',#3631,1.);
#445=VECTOR('',#3636,1.);
#446=VECTOR('',#3637,1.);
#447=VECTOR('',#3644,1.);
#448=VECTOR('',#3645,1.);
#449=VECTOR('',#3648,1.);
#450=VECTOR('',#3649,1.);
#451=VECTOR('',#3704,1.);
#452=VECTOR('',#3705,1.);
#453=VECTOR('',#3708,1.);
#454=VECTOR('',#3709,1.);
#455=VECTOR('',#3712,1.);
#456=VECTOR('',#3713,1.);
#457=VECTOR('',#3716,1.);
#458=VECTOR('',#3717,1.);
#459=VECTOR('',#3720,1.);
#460=VECTOR('',#3721,1.);
#461=VECTOR('',#3724,1.);
#462=VECTOR('',#3725,1.);
#463=VECTOR('',#3728,1.);
#464=VECTOR('',#3729,1.);
#465=VECTOR('',#3732,1.);
#466=VECTOR('',#3733,1.);
#467=VECTOR('',#3736,1.);
#468=VECTOR('',#3737,1.);
#469=VECTOR('',#3740,1.);
#470=VECTOR('',#3741,1.);
#471=VECTOR('',#3744,1.);
#472=VECTOR('',#3745,1.);
#473=VECTOR('',#3748,1.);
#474=VECTOR('',#3749,1.);
#475=VECTOR('',#3752,1.);
#476=VECTOR('',#3753,1.);
#477=VECTOR('',#3756,1.);
#478=VECTOR('',#3757,1.);
#479=VECTOR('',#3758,1.);
#480=VECTOR('',#3759,1.);
#481=VECTOR('',#3760,1.);
#482=VECTOR('',#3761,1.);
#483=VECTOR('',#3764,1.);
#484=VECTOR('',#3765,1.);
#485=VECTOR('',#3766,1.);
#486=VECTOR('',#3767,1.);
#487=VECTOR('',#3768,1.);
#488=VECTOR('',#3769,1.);
#489=VECTOR('',#3772,1.);
#490=VECTOR('',#3773,1.);
#491=VECTOR('',#3774,1.);
#492=VECTOR('',#3775,1.);
#493=VECTOR('',#3778,1.);
#494=VECTOR('',#3779,1.);
#495=VECTOR('',#3782,1.);
#496=VECTOR('',#3783,1.);
#497=VECTOR('',#3786,1.);
#498=VECTOR('',#3787,1.);
#499=VECTOR('',#3790,1.);
#500=VECTOR('',#3791,1.);
#501=VECTOR('',#3794,1.);
#502=VECTOR('',#3795,1.);
#503=VECTOR('',#3798,1.);
#504=VECTOR('',#3799,1.);
#505=VECTOR('',#3802,1.);
#506=VECTOR('',#3807,1.);
#507=VECTOR('',#3808,1.);
#508=VECTOR('',#3813,1.);
#509=VECTOR('',#3814,1.);
#510=VECTOR('',#3817,1.);
#511=VECTOR('',#3820,1.);
#512=VECTOR('',#3827,1.);
#513=VECTOR('',#3828,1.);
#514=VECTOR('',#3831,1.);
#515=VECTOR('',#3834,1.);
#516=VECTOR('',#3839,1.);
#517=VECTOR('',#3840,1.);
#518=VECTOR('',#3843,1.);
#519=VECTOR('',#3846,1.);
#520=VECTOR('',#3851,1.);
#521=VECTOR('',#3852,1.);
#522=VECTOR('',#3855,1.);
#523=VECTOR('',#3858,1.);
#524=VECTOR('',#3863,1.);
#525=VECTOR('',#3864,1.);
#526=VECTOR('',#3867,1.);
#527=VECTOR('',#3870,1.);
#528=VECTOR('',#3931,1.);
#529=VECTOR('',#3932,1.);
#530=VECTOR('',#3935,1.);
#531=VECTOR('',#3938,1.);
#532=PLANE('',#2905);
#533=PLANE('',#2906);
#534=PLANE('',#2907);
#535=PLANE('',#2908);
#536=PLANE('',#2909);
#537=PLANE('',#2910);
#538=PLANE('',#2911);
#539=PLANE('',#2912);
#540=PLANE('',#2913);
#541=PLANE('',#2914);
#542=PLANE('',#2915);
#543=PLANE('',#2916);
#544=PLANE('',#2917);
#545=PLANE('',#2918);
#546=PLANE('',#2919);
#547=PLANE('',#2920);
#548=PLANE('',#2956);
#549=PLANE('',#2992);
#550=PLANE('',#2995);
#551=PLANE('',#2996);
#552=PLANE('',#3007);
#553=PLANE('',#3018);
#554=PLANE('',#3029);
#555=PLANE('',#3040);
#556=PLANE('',#3041);
#557=PLANE('',#3044);
#558=PLANE('',#3071);
#559=PLANE('',#3072);
#560=PLANE('',#3073);
#561=PLANE('',#3074);
#562=PLANE('',#3075);
#563=PLANE('',#3076);
#564=PLANE('',#3077);
#565=PLANE('',#3078);
#566=PLANE('',#3079);
#567=PLANE('',#3080);
#568=PLANE('',#3081);
#569=PLANE('',#3082);
#570=PLANE('',#3083);
#571=PLANE('',#3084);
#572=PLANE('',#3085);
#573=PLANE('',#3086);
#574=PLANE('',#3087);
#575=PLANE('',#3088);
#576=PLANE('',#3089);
#577=PLANE('',#3090);
#578=PLANE('',#3091);
#579=PLANE('',#3092);
#580=PLANE('',#3093);
#581=PLANE('',#3094);
#582=PLANE('',#3095);
#583=PLANE('',#3096);
#584=PLANE('',#3098);
#585=PLANE('',#3099);
#586=PLANE('',#3101);
#587=PLANE('',#3102);
#588=PLANE('',#3103);
#589=PLANE('',#3104);
#590=PLANE('',#3105);
#591=PLANE('',#3106);
#592=PLANE('',#3107);
#593=PLANE('',#3108);
#594=PLANE('',#3109);
#595=PLANE('',#3110);
#596=PLANE('',#3111);
#597=PLANE('',#3112);
#598=PLANE('',#3113);
#599=PLANE('',#3114);
#600=PLANE('',#3115);
#601=PLANE('',#3116);
#602=PLANE('',#3117);
#603=PLANE('',#3146);
#604=PLANE('',#3147);
#605=PLANE('',#3148);
#606=PLANE('',#3149);
#607=PLANE('',#3150);
#608=PLANE('',#3153);
#609=PLANE('',#3156);
#610=PLANE('',#3159);
#611=PLANE('',#3162);
#612=ORIENTED_EDGE('',*,*,#1388,.T.);
#613=ORIENTED_EDGE('',*,*,#1389,.F.);
#614=ORIENTED_EDGE('',*,*,#1390,.F.);
#615=ORIENTED_EDGE('',*,*,#1391,.F.);
#616=ORIENTED_EDGE('',*,*,#1392,.T.);
#617=ORIENTED_EDGE('',*,*,#1393,.T.);
#618=ORIENTED_EDGE('',*,*,#1394,.T.);
#619=ORIENTED_EDGE('',*,*,#1395,.T.);
#620=ORIENTED_EDGE('',*,*,#1396,.F.);
#621=ORIENTED_EDGE('',*,*,#1397,.T.);
#622=ORIENTED_EDGE('',*,*,#1398,.T.);
#623=ORIENTED_EDGE('',*,*,#1399,.F.);
#624=ORIENTED_EDGE('',*,*,#1400,.F.);
#625=ORIENTED_EDGE('',*,*,#1401,.T.);
#626=ORIENTED_EDGE('',*,*,#1396,.T.);
#627=ORIENTED_EDGE('',*,*,#1402,.F.);
#628=ORIENTED_EDGE('',*,*,#1403,.F.);
#629=ORIENTED_EDGE('',*,*,#1400,.T.);
#630=ORIENTED_EDGE('',*,*,#1404,.T.);
#631=ORIENTED_EDGE('',*,*,#1405,.F.);
#632=ORIENTED_EDGE('',*,*,#1406,.T.);
#633=ORIENTED_EDGE('',*,*,#1407,.T.);
#634=ORIENTED_EDGE('',*,*,#1408,.F.);
#635=ORIENTED_EDGE('',*,*,#1409,.T.);
#636=ORIENTED_EDGE('',*,*,#1410,.F.);
#637=ORIENTED_EDGE('',*,*,#1411,.T.);
#638=ORIENTED_EDGE('',*,*,#1412,.T.);
#639=ORIENTED_EDGE('',*,*,#1413,.F.);
#640=ORIENTED_EDGE('',*,*,#1414,.T.);
#641=ORIENTED_EDGE('',*,*,#1415,.T.);
#642=ORIENTED_EDGE('',*,*,#1416,.F.);
#643=ORIENTED_EDGE('',*,*,#1417,.T.);
#644=ORIENTED_EDGE('',*,*,#1418,.T.);
#645=ORIENTED_EDGE('',*,*,#1419,.T.);
#646=ORIENTED_EDGE('',*,*,#1420,.F.);
#647=ORIENTED_EDGE('',*,*,#1421,.F.);
#648=ORIENTED_EDGE('',*,*,#1422,.T.);
#649=ORIENTED_EDGE('',*,*,#1423,.T.);
#650=ORIENTED_EDGE('',*,*,#1424,.F.);
#651=ORIENTED_EDGE('',*,*,#1425,.T.);
#652=ORIENTED_EDGE('',*,*,#1426,.T.);
#653=ORIENTED_EDGE('',*,*,#1427,.T.);
#654=ORIENTED_EDGE('',*,*,#1428,.F.);
#655=ORIENTED_EDGE('',*,*,#1429,.F.);
#656=ORIENTED_EDGE('',*,*,#1430,.F.);
#657=ORIENTED_EDGE('',*,*,#1431,.T.);
#658=ORIENTED_EDGE('',*,*,#1432,.T.);
#659=ORIENTED_EDGE('',*,*,#1433,.T.);
#660=ORIENTED_EDGE('',*,*,#1434,.F.);
#661=ORIENTED_EDGE('',*,*,#1435,.T.);
#662=ORIENTED_EDGE('',*,*,#1436,.T.);
#663=ORIENTED_EDGE('',*,*,#1437,.F.);
#664=ORIENTED_EDGE('',*,*,#1438,.T.);
#665=ORIENTED_EDGE('',*,*,#1439,.T.);
#666=ORIENTED_EDGE('',*,*,#1440,.F.);
#667=ORIENTED_EDGE('',*,*,#1441,.T.);
#668=ORIENTED_EDGE('',*,*,#1442,.F.);
#669=ORIENTED_EDGE('',*,*,#1443,.F.);
#670=ORIENTED_EDGE('',*,*,#1444,.T.);
#671=ORIENTED_EDGE('',*,*,#1445,.T.);
#672=ORIENTED_EDGE('',*,*,#1446,.F.);
#673=ORIENTED_EDGE('',*,*,#1447,.T.);
#674=ORIENTED_EDGE('',*,*,#1448,.T.);
#675=ORIENTED_EDGE('',*,*,#1449,.T.);
#676=ORIENTED_EDGE('',*,*,#1450,.F.);
#677=ORIENTED_EDGE('',*,*,#1451,.T.);
#678=ORIENTED_EDGE('',*,*,#1452,.T.);
#679=ORIENTED_EDGE('',*,*,#1453,.F.);
#680=ORIENTED_EDGE('',*,*,#1454,.F.);
#681=ORIENTED_EDGE('',*,*,#1455,.T.);
#682=ORIENTED_EDGE('',*,*,#1456,.T.);
#683=ORIENTED_EDGE('',*,*,#1457,.T.);
#684=ORIENTED_EDGE('',*,*,#1458,.F.);
#685=ORIENTED_EDGE('',*,*,#1459,.T.);
#686=ORIENTED_EDGE('',*,*,#1460,.T.);
#687=ORIENTED_EDGE('',*,*,#1461,.F.);
#688=ORIENTED_EDGE('',*,*,#1462,.F.);
#689=ORIENTED_EDGE('',*,*,#1463,.T.);
#690=ORIENTED_EDGE('',*,*,#1464,.T.);
#691=ORIENTED_EDGE('',*,*,#1465,.T.);
#692=ORIENTED_EDGE('',*,*,#1466,.F.);
#693=ORIENTED_EDGE('',*,*,#1467,.F.);
#694=ORIENTED_EDGE('',*,*,#1468,.T.);
#695=ORIENTED_EDGE('',*,*,#1469,.T.);
#696=ORIENTED_EDGE('',*,*,#1470,.F.);
#697=ORIENTED_EDGE('',*,*,#1471,.T.);
#698=ORIENTED_EDGE('',*,*,#1472,.T.);
#699=ORIENTED_EDGE('',*,*,#1473,.T.);
#700=ORIENTED_EDGE('',*,*,#1474,.F.);
#701=ORIENTED_EDGE('',*,*,#1475,.T.);
#702=ORIENTED_EDGE('',*,*,#1476,.T.);
#703=ORIENTED_EDGE('',*,*,#1477,.F.);
#704=ORIENTED_EDGE('',*,*,#1478,.T.);
#705=ORIENTED_EDGE('',*,*,#1479,.T.);
#706=ORIENTED_EDGE('',*,*,#1480,.F.);
#707=ORIENTED_EDGE('',*,*,#1481,.T.);
#708=ORIENTED_EDGE('',*,*,#1482,.F.);
#709=ORIENTED_EDGE('',*,*,#1483,.F.);
#710=ORIENTED_EDGE('',*,*,#1484,.T.);
#711=ORIENTED_EDGE('',*,*,#1485,.T.);
#712=ORIENTED_EDGE('',*,*,#1486,.F.);
#713=ORIENTED_EDGE('',*,*,#1487,.T.);
#714=ORIENTED_EDGE('',*,*,#1488,.T.);
#715=ORIENTED_EDGE('',*,*,#1489,.T.);
#716=ORIENTED_EDGE('',*,*,#1490,.F.);
#717=ORIENTED_EDGE('',*,*,#1491,.T.);
#718=ORIENTED_EDGE('',*,*,#1492,.T.);
#719=ORIENTED_EDGE('',*,*,#1493,.F.);
#720=ORIENTED_EDGE('',*,*,#1494,.T.);
#721=ORIENTED_EDGE('',*,*,#1495,.T.);
#722=ORIENTED_EDGE('',*,*,#1496,.F.);
#723=ORIENTED_EDGE('',*,*,#1497,.T.);
#724=ORIENTED_EDGE('',*,*,#1498,.F.);
#725=ORIENTED_EDGE('',*,*,#1499,.T.);
#726=ORIENTED_EDGE('',*,*,#1478,.F.);
#727=ORIENTED_EDGE('',*,*,#1500,.T.);
#728=ORIENTED_EDGE('',*,*,#1472,.F.);
#729=ORIENTED_EDGE('',*,*,#1501,.T.);
#730=ORIENTED_EDGE('',*,*,#1456,.F.);
#731=ORIENTED_EDGE('',*,*,#1502,.T.);
#732=ORIENTED_EDGE('',*,*,#1464,.F.);
#733=ORIENTED_EDGE('',*,*,#1503,.T.);
#734=ORIENTED_EDGE('',*,*,#1504,.F.);
#735=ORIENTED_EDGE('',*,*,#1505,.T.);
#736=ORIENTED_EDGE('',*,*,#1438,.F.);
#737=ORIENTED_EDGE('',*,*,#1506,.T.);
#738=ORIENTED_EDGE('',*,*,#1507,.F.);
#739=ORIENTED_EDGE('',*,*,#1508,.T.);
#740=ORIENTED_EDGE('',*,*,#1448,.F.);
#741=ORIENTED_EDGE('',*,*,#1509,.T.);
#742=ORIENTED_EDGE('',*,*,#1414,.F.);
#743=ORIENTED_EDGE('',*,*,#1510,.T.);
#744=ORIENTED_EDGE('',*,*,#1511,.F.);
#745=ORIENTED_EDGE('',*,*,#1512,.T.);
#746=ORIENTED_EDGE('',*,*,#1513,.F.);
#747=ORIENTED_EDGE('',*,*,#1514,.T.);
#748=ORIENTED_EDGE('',*,*,#1515,.F.);
#749=ORIENTED_EDGE('',*,*,#1516,.T.);
#750=ORIENTED_EDGE('',*,*,#1406,.F.);
#751=ORIENTED_EDGE('',*,*,#1517,.T.);
#752=ORIENTED_EDGE('',*,*,#1432,.F.);
#753=ORIENTED_EDGE('',*,*,#1518,.T.);
#754=ORIENTED_EDGE('',*,*,#1519,.T.);
#755=ORIENTED_EDGE('',*,*,#1520,.T.);
#756=ORIENTED_EDGE('',*,*,#1521,.T.);
#757=ORIENTED_EDGE('',*,*,#1522,.T.);
#758=ORIENTED_EDGE('',*,*,#1523,.F.);
#759=ORIENTED_EDGE('',*,*,#1524,.T.);
#760=ORIENTED_EDGE('',*,*,#1525,.T.);
#761=ORIENTED_EDGE('',*,*,#1526,.T.);
#762=ORIENTED_EDGE('',*,*,#1527,.F.);
#763=ORIENTED_EDGE('',*,*,#1528,.T.);
#764=ORIENTED_EDGE('',*,*,#1424,.T.);
#765=ORIENTED_EDGE('',*,*,#1529,.T.);
#766=ORIENTED_EDGE('',*,*,#1530,.T.);
#767=ORIENTED_EDGE('',*,*,#1531,.T.);
#768=ORIENTED_EDGE('',*,*,#1532,.F.);
#769=ORIENTED_EDGE('',*,*,#1533,.T.);
#770=ORIENTED_EDGE('',*,*,#1534,.T.);
#771=ORIENTED_EDGE('',*,*,#1535,.T.);
#772=ORIENTED_EDGE('',*,*,#1536,.F.);
#773=ORIENTED_EDGE('',*,*,#1537,.T.);
#774=ORIENTED_EDGE('',*,*,#1538,.T.);
#775=ORIENTED_EDGE('',*,*,#1539,.T.);
#776=ORIENTED_EDGE('',*,*,#1496,.T.);
#777=ORIENTED_EDGE('',*,*,#1540,.T.);
#778=ORIENTED_EDGE('',*,*,#1541,.F.);
#779=ORIENTED_EDGE('',*,*,#1542,.T.);
#780=ORIENTED_EDGE('',*,*,#1543,.T.);
#781=ORIENTED_EDGE('',*,*,#1544,.T.);
#782=ORIENTED_EDGE('',*,*,#1545,.T.);
#783=ORIENTED_EDGE('',*,*,#1546,.T.);
#784=ORIENTED_EDGE('',*,*,#1547,.T.);
#785=ORIENTED_EDGE('',*,*,#1548,.T.);
#786=ORIENTED_EDGE('',*,*,#1549,.T.);
#787=ORIENTED_EDGE('',*,*,#1550,.T.);
#788=ORIENTED_EDGE('',*,*,#1551,.T.);
#789=ORIENTED_EDGE('',*,*,#1552,.T.);
#790=ORIENTED_EDGE('',*,*,#1553,.T.);
#791=ORIENTED_EDGE('',*,*,#1554,.T.);
#792=ORIENTED_EDGE('',*,*,#1555,.F.);
#793=ORIENTED_EDGE('',*,*,#1556,.T.);
#794=ORIENTED_EDGE('',*,*,#1486,.T.);
#795=ORIENTED_EDGE('',*,*,#1557,.T.);
#796=ORIENTED_EDGE('',*,*,#1558,.F.);
#797=ORIENTED_EDGE('',*,*,#1559,.T.);
#798=ORIENTED_EDGE('',*,*,#1560,.F.);
#799=ORIENTED_EDGE('',*,*,#1561,.T.);
#800=ORIENTED_EDGE('',*,*,#1404,.F.);
#801=ORIENTED_EDGE('',*,*,#1402,.T.);
#802=ORIENTED_EDGE('',*,*,#1399,.T.);
#803=ORIENTED_EDGE('',*,*,#1562,.F.);
#804=ORIENTED_EDGE('',*,*,#1563,.T.);
#805=ORIENTED_EDGE('',*,*,#1564,.T.);
#806=ORIENTED_EDGE('',*,*,#1565,.F.);
#807=ORIENTED_EDGE('',*,*,#1566,.F.);
#808=ORIENTED_EDGE('',*,*,#1567,.T.);
#809=ORIENTED_EDGE('',*,*,#1568,.F.);
#810=ORIENTED_EDGE('',*,*,#1569,.F.);
#811=ORIENTED_EDGE('',*,*,#1570,.T.);
#812=ORIENTED_EDGE('',*,*,#1571,.T.);
#813=ORIENTED_EDGE('',*,*,#1572,.T.);
#814=ORIENTED_EDGE('',*,*,#1494,.F.);
#815=ORIENTED_EDGE('',*,*,#1573,.T.);
#816=ORIENTED_EDGE('',*,*,#1574,.F.);
#817=ORIENTED_EDGE('',*,*,#1575,.T.);
#818=ORIENTED_EDGE('',*,*,#1576,.F.);
#819=ORIENTED_EDGE('',*,*,#1577,.T.);
#820=ORIENTED_EDGE('',*,*,#1578,.F.);
#821=ORIENTED_EDGE('',*,*,#1579,.T.);
#822=ORIENTED_EDGE('',*,*,#1580,.F.);
#823=ORIENTED_EDGE('',*,*,#1581,.T.);
#824=ORIENTED_EDGE('',*,*,#1582,.F.);
#825=ORIENTED_EDGE('',*,*,#1583,.T.);
#826=ORIENTED_EDGE('',*,*,#1584,.F.);
#827=ORIENTED_EDGE('',*,*,#1585,.T.);
#828=ORIENTED_EDGE('',*,*,#1586,.F.);
#829=ORIENTED_EDGE('',*,*,#1587,.T.);
#830=ORIENTED_EDGE('',*,*,#1588,.F.);
#831=ORIENTED_EDGE('',*,*,#1589,.T.);
#832=ORIENTED_EDGE('',*,*,#1590,.T.);
#833=ORIENTED_EDGE('',*,*,#1591,.T.);
#834=ORIENTED_EDGE('',*,*,#1592,.F.);
#835=ORIENTED_EDGE('',*,*,#1593,.T.);
#836=ORIENTED_EDGE('',*,*,#1594,.T.);
#837=ORIENTED_EDGE('',*,*,#1595,.T.);
#838=ORIENTED_EDGE('',*,*,#1596,.F.);
#839=ORIENTED_EDGE('',*,*,#1597,.T.);
#840=ORIENTED_EDGE('',*,*,#1422,.F.);
#841=ORIENTED_EDGE('',*,*,#1598,.T.);
#842=ORIENTED_EDGE('',*,*,#1599,.T.);
#843=ORIENTED_EDGE('',*,*,#1600,.T.);
#844=ORIENTED_EDGE('',*,*,#1601,.F.);
#845=ORIENTED_EDGE('',*,*,#1602,.T.);
#846=ORIENTED_EDGE('',*,*,#1603,.T.);
#847=ORIENTED_EDGE('',*,*,#1604,.T.);
#848=ORIENTED_EDGE('',*,*,#1430,.T.);
#849=ORIENTED_EDGE('',*,*,#1605,.T.);
#850=ORIENTED_EDGE('',*,*,#1408,.T.);
#851=ORIENTED_EDGE('',*,*,#1606,.T.);
#852=ORIENTED_EDGE('',*,*,#1607,.T.);
#853=ORIENTED_EDGE('',*,*,#1608,.T.);
#854=ORIENTED_EDGE('',*,*,#1609,.T.);
#855=ORIENTED_EDGE('',*,*,#1610,.T.);
#856=ORIENTED_EDGE('',*,*,#1611,.T.);
#857=ORIENTED_EDGE('',*,*,#1612,.T.);
#858=ORIENTED_EDGE('',*,*,#1416,.T.);
#859=ORIENTED_EDGE('',*,*,#1613,.T.);
#860=ORIENTED_EDGE('',*,*,#1446,.T.);
#861=ORIENTED_EDGE('',*,*,#1614,.T.);
#862=ORIENTED_EDGE('',*,*,#1615,.T.);
#863=ORIENTED_EDGE('',*,*,#1616,.T.);
#864=ORIENTED_EDGE('',*,*,#1440,.T.);
#865=ORIENTED_EDGE('',*,*,#1617,.T.);
#866=ORIENTED_EDGE('',*,*,#1618,.T.);
#867=ORIENTED_EDGE('',*,*,#1619,.T.);
#868=ORIENTED_EDGE('',*,*,#1462,.T.);
#869=ORIENTED_EDGE('',*,*,#1620,.T.);
#870=ORIENTED_EDGE('',*,*,#1454,.T.);
#871=ORIENTED_EDGE('',*,*,#1621,.T.);
#872=ORIENTED_EDGE('',*,*,#1470,.T.);
#873=ORIENTED_EDGE('',*,*,#1622,.T.);
#874=ORIENTED_EDGE('',*,*,#1480,.T.);
#875=ORIENTED_EDGE('',*,*,#1623,.T.);
#876=ORIENTED_EDGE('',*,*,#1624,.T.);
#877=ORIENTED_EDGE('',*,*,#1625,.T.);
#878=ORIENTED_EDGE('',*,*,#1488,.F.);
#879=ORIENTED_EDGE('',*,*,#1626,.T.);
#880=ORIENTED_EDGE('',*,*,#1627,.T.);
#881=ORIENTED_EDGE('',*,*,#1628,.T.);
#882=ORIENTED_EDGE('',*,*,#1629,.T.);
#883=ORIENTED_EDGE('',*,*,#1630,.T.);
#884=ORIENTED_EDGE('',*,*,#1631,.F.);
#885=ORIENTED_EDGE('',*,*,#1632,.F.);
#886=ORIENTED_EDGE('',*,*,#1521,.F.);
#887=ORIENTED_EDGE('',*,*,#1633,.T.);
#888=ORIENTED_EDGE('',*,*,#1586,.T.);
#889=ORIENTED_EDGE('',*,*,#1634,.T.);
#890=ORIENTED_EDGE('',*,*,#1523,.T.);
#891=ORIENTED_EDGE('',*,*,#1635,.T.);
#892=ORIENTED_EDGE('',*,*,#1603,.F.);
#893=ORIENTED_EDGE('',*,*,#1636,.T.);
#894=ORIENTED_EDGE('',*,*,#1637,.T.);
#895=ORIENTED_EDGE('',*,*,#1638,.T.);
#896=ORIENTED_EDGE('',*,*,#1639,.T.);
#897=ORIENTED_EDGE('',*,*,#1640,.T.);
#898=ORIENTED_EDGE('',*,*,#1641,.T.);
#899=ORIENTED_EDGE('',*,*,#1642,.T.);
#900=ORIENTED_EDGE('',*,*,#1643,.T.);
#901=ORIENTED_EDGE('',*,*,#1644,.T.);
#902=ORIENTED_EDGE('',*,*,#1645,.T.);
#903=ORIENTED_EDGE('',*,*,#1525,.F.);
#904=ORIENTED_EDGE('',*,*,#1646,.T.);
#905=ORIENTED_EDGE('',*,*,#1601,.T.);
#906=ORIENTED_EDGE('',*,*,#1647,.T.);
#907=ORIENTED_EDGE('',*,*,#1648,.F.);
#908=ORIENTED_EDGE('',*,*,#1649,.F.);
#909=ORIENTED_EDGE('',*,*,#1650,.F.);
#910=ORIENTED_EDGE('',*,*,#1651,.F.);
#911=ORIENTED_EDGE('',*,*,#1652,.F.);
#912=ORIENTED_EDGE('',*,*,#1653,.F.);
#913=ORIENTED_EDGE('',*,*,#1654,.F.);
#914=ORIENTED_EDGE('',*,*,#1655,.F.);
#915=ORIENTED_EDGE('',*,*,#1656,.F.);
#916=ORIENTED_EDGE('',*,*,#1599,.F.);
#917=ORIENTED_EDGE('',*,*,#1657,.T.);
#918=ORIENTED_EDGE('',*,*,#1527,.T.);
#919=ORIENTED_EDGE('',*,*,#1658,.T.);
#920=ORIENTED_EDGE('',*,*,#1659,.T.);
#921=ORIENTED_EDGE('',*,*,#1660,.T.);
#922=ORIENTED_EDGE('',*,*,#1661,.T.);
#923=ORIENTED_EDGE('',*,*,#1662,.T.);
#924=ORIENTED_EDGE('',*,*,#1663,.T.);
#925=ORIENTED_EDGE('',*,*,#1664,.T.);
#926=ORIENTED_EDGE('',*,*,#1665,.T.);
#927=ORIENTED_EDGE('',*,*,#1666,.T.);
#928=ORIENTED_EDGE('',*,*,#1667,.T.);
#929=ORIENTED_EDGE('',*,*,#1530,.F.);
#930=ORIENTED_EDGE('',*,*,#1668,.T.);
#931=ORIENTED_EDGE('',*,*,#1596,.T.);
#932=ORIENTED_EDGE('',*,*,#1669,.T.);
#933=ORIENTED_EDGE('',*,*,#1670,.F.);
#934=ORIENTED_EDGE('',*,*,#1671,.F.);
#935=ORIENTED_EDGE('',*,*,#1672,.F.);
#936=ORIENTED_EDGE('',*,*,#1673,.F.);
#937=ORIENTED_EDGE('',*,*,#1674,.F.);
#938=ORIENTED_EDGE('',*,*,#1675,.F.);
#939=ORIENTED_EDGE('',*,*,#1676,.F.);
#940=ORIENTED_EDGE('',*,*,#1677,.F.);
#941=ORIENTED_EDGE('',*,*,#1678,.F.);
#942=ORIENTED_EDGE('',*,*,#1594,.F.);
#943=ORIENTED_EDGE('',*,*,#1679,.T.);
#944=ORIENTED_EDGE('',*,*,#1532,.T.);
#945=ORIENTED_EDGE('',*,*,#1680,.T.);
#946=ORIENTED_EDGE('',*,*,#1534,.F.);
#947=ORIENTED_EDGE('',*,*,#1681,.T.);
#948=ORIENTED_EDGE('',*,*,#1592,.T.);
#949=ORIENTED_EDGE('',*,*,#1682,.T.);
#950=ORIENTED_EDGE('',*,*,#1683,.F.);
#951=ORIENTED_EDGE('',*,*,#1684,.F.);
#952=ORIENTED_EDGE('',*,*,#1590,.F.);
#953=ORIENTED_EDGE('',*,*,#1685,.T.);
#954=ORIENTED_EDGE('',*,*,#1536,.T.);
#955=ORIENTED_EDGE('',*,*,#1686,.T.);
#956=ORIENTED_EDGE('',*,*,#1588,.T.);
#957=ORIENTED_EDGE('',*,*,#1687,.T.);
#958=ORIENTED_EDGE('',*,*,#1519,.F.);
#959=ORIENTED_EDGE('',*,*,#1688,.T.);
#960=ORIENTED_EDGE('',*,*,#1678,.T.);
#961=ORIENTED_EDGE('',*,*,#1667,.F.);
#962=ORIENTED_EDGE('',*,*,#1677,.T.);
#963=ORIENTED_EDGE('',*,*,#1666,.F.);
#964=ORIENTED_EDGE('',*,*,#1676,.T.);
#965=ORIENTED_EDGE('',*,*,#1665,.F.);
#966=ORIENTED_EDGE('',*,*,#1675,.T.);
#967=ORIENTED_EDGE('',*,*,#1664,.F.);
#968=ORIENTED_EDGE('',*,*,#1674,.T.);
#969=ORIENTED_EDGE('',*,*,#1663,.F.);
#970=ORIENTED_EDGE('',*,*,#1673,.T.);
#971=ORIENTED_EDGE('',*,*,#1662,.F.);
#972=ORIENTED_EDGE('',*,*,#1672,.T.);
#973=ORIENTED_EDGE('',*,*,#1661,.F.);
#974=ORIENTED_EDGE('',*,*,#1671,.T.);
#975=ORIENTED_EDGE('',*,*,#1660,.F.);
#976=ORIENTED_EDGE('',*,*,#1670,.T.);
#977=ORIENTED_EDGE('',*,*,#1659,.F.);
#978=ORIENTED_EDGE('',*,*,#1656,.T.);
#979=ORIENTED_EDGE('',*,*,#1645,.F.);
#980=ORIENTED_EDGE('',*,*,#1655,.T.);
#981=ORIENTED_EDGE('',*,*,#1644,.F.);
#982=ORIENTED_EDGE('',*,*,#1654,.T.);
#983=ORIENTED_EDGE('',*,*,#1643,.F.);
#984=ORIENTED_EDGE('',*,*,#1653,.T.);
#985=ORIENTED_EDGE('',*,*,#1642,.F.);
#986=ORIENTED_EDGE('',*,*,#1652,.T.);
#987=ORIENTED_EDGE('',*,*,#1641,.F.);
#988=ORIENTED_EDGE('',*,*,#1651,.T.);
#989=ORIENTED_EDGE('',*,*,#1640,.F.);
#990=ORIENTED_EDGE('',*,*,#1650,.T.);
#991=ORIENTED_EDGE('',*,*,#1639,.F.);
#992=ORIENTED_EDGE('',*,*,#1649,.T.);
#993=ORIENTED_EDGE('',*,*,#1638,.F.);
#994=ORIENTED_EDGE('',*,*,#1648,.T.);
#995=ORIENTED_EDGE('',*,*,#1637,.F.);
#996=ORIENTED_EDGE('',*,*,#1647,.F.);
#997=ORIENTED_EDGE('',*,*,#1600,.F.);
#998=ORIENTED_EDGE('',*,*,#1658,.F.);
#999=ORIENTED_EDGE('',*,*,#1526,.F.);
#1000=ORIENTED_EDGE('',*,*,#1669,.F.);
#1001=ORIENTED_EDGE('',*,*,#1595,.F.);
#1002=ORIENTED_EDGE('',*,*,#1680,.F.);
#1003=ORIENTED_EDGE('',*,*,#1531,.F.);
#1004=ORIENTED_EDGE('',*,*,#1529,.F.);
#1005=ORIENTED_EDGE('',*,*,#1423,.F.);
#1006=ORIENTED_EDGE('',*,*,#1597,.F.);
#1007=ORIENTED_EDGE('',*,*,#1668,.F.);
#1008=ORIENTED_EDGE('',*,*,#1528,.F.);
#1009=ORIENTED_EDGE('',*,*,#1657,.F.);
#1010=ORIENTED_EDGE('',*,*,#1598,.F.);
#1011=ORIENTED_EDGE('',*,*,#1425,.F.);
#1012=ORIENTED_EDGE('',*,*,#1533,.F.);
#1013=ORIENTED_EDGE('',*,*,#1679,.F.);
#1014=ORIENTED_EDGE('',*,*,#1593,.F.);
#1015=ORIENTED_EDGE('',*,*,#1681,.F.);
#1016=ORIENTED_EDGE('',*,*,#1535,.F.);
#1017=ORIENTED_EDGE('',*,*,#1682,.F.);
#1018=ORIENTED_EDGE('',*,*,#1591,.F.);
#1019=ORIENTED_EDGE('',*,*,#1686,.F.);
#1020=ORIENTED_EDGE('',*,*,#1522,.F.);
#1021=ORIENTED_EDGE('',*,*,#1634,.F.);
#1022=ORIENTED_EDGE('',*,*,#1604,.F.);
#1023=ORIENTED_EDGE('',*,*,#1635,.F.);
#1024=ORIENTED_EDGE('',*,*,#1524,.F.);
#1025=ORIENTED_EDGE('',*,*,#1636,.F.);
#1026=ORIENTED_EDGE('',*,*,#1602,.F.);
#1027=ORIENTED_EDGE('',*,*,#1646,.F.);
#1028=ORIENTED_EDGE('',*,*,#1607,.F.);
#1029=ORIENTED_EDGE('',*,*,#1689,.T.);
#1030=ORIENTED_EDGE('',*,*,#1515,.T.);
#1031=ORIENTED_EDGE('',*,*,#1690,.T.);
#1032=ORIENTED_EDGE('',*,*,#1609,.F.);
#1033=ORIENTED_EDGE('',*,*,#1691,.T.);
#1034=ORIENTED_EDGE('',*,*,#1513,.T.);
#1035=ORIENTED_EDGE('',*,*,#1692,.T.);
#1036=ORIENTED_EDGE('',*,*,#1611,.F.);
#1037=ORIENTED_EDGE('',*,*,#1693,.T.);
#1038=ORIENTED_EDGE('',*,*,#1511,.T.);
#1039=ORIENTED_EDGE('',*,*,#1694,.T.);
#1040=ORIENTED_EDGE('',*,*,#1507,.T.);
#1041=ORIENTED_EDGE('',*,*,#1695,.T.);
#1042=ORIENTED_EDGE('',*,*,#1615,.F.);
#1043=ORIENTED_EDGE('',*,*,#1696,.T.);
#1044=ORIENTED_EDGE('',*,*,#1504,.T.);
#1045=ORIENTED_EDGE('',*,*,#1697,.T.);
#1046=ORIENTED_EDGE('',*,*,#1618,.F.);
#1047=ORIENTED_EDGE('',*,*,#1698,.T.);
#1048=ORIENTED_EDGE('',*,*,#1624,.F.);
#1049=ORIENTED_EDGE('',*,*,#1699,.T.);
#1050=ORIENTED_EDGE('',*,*,#1498,.T.);
#1051=ORIENTED_EDGE('',*,*,#1700,.T.);
#1052=ORIENTED_EDGE('',*,*,#1543,.F.);
#1053=ORIENTED_EDGE('',*,*,#1701,.T.);
#1054=ORIENTED_EDGE('',*,*,#1569,.T.);
#1055=ORIENTED_EDGE('',*,*,#1702,.T.);
#1056=ORIENTED_EDGE('',*,*,#1538,.F.);
#1057=ORIENTED_EDGE('',*,*,#1703,.T.);
#1058=ORIENTED_EDGE('',*,*,#1574,.T.);
#1059=ORIENTED_EDGE('',*,*,#1704,.T.);
#1060=ORIENTED_EDGE('',*,*,#1576,.T.);
#1061=ORIENTED_EDGE('',*,*,#1705,.T.);
#1062=ORIENTED_EDGE('',*,*,#1545,.F.);
#1063=ORIENTED_EDGE('',*,*,#1706,.T.);
#1064=ORIENTED_EDGE('',*,*,#1551,.F.);
#1065=ORIENTED_EDGE('',*,*,#1707,.T.);
#1066=ORIENTED_EDGE('',*,*,#1578,.T.);
#1067=ORIENTED_EDGE('',*,*,#1708,.T.);
#1068=ORIENTED_EDGE('',*,*,#1549,.F.);
#1069=ORIENTED_EDGE('',*,*,#1709,.T.);
#1070=ORIENTED_EDGE('',*,*,#1580,.T.);
#1071=ORIENTED_EDGE('',*,*,#1710,.T.);
#1072=ORIENTED_EDGE('',*,*,#1582,.T.);
#1073=ORIENTED_EDGE('',*,*,#1711,.T.);
#1074=ORIENTED_EDGE('',*,*,#1547,.F.);
#1075=ORIENTED_EDGE('',*,*,#1712,.T.);
#1076=ORIENTED_EDGE('',*,*,#1553,.F.);
#1077=ORIENTED_EDGE('',*,*,#1713,.T.);
#1078=ORIENTED_EDGE('',*,*,#1584,.T.);
#1079=ORIENTED_EDGE('',*,*,#1714,.T.);
#1080=ORIENTED_EDGE('',*,*,#1555,.T.);
#1081=ORIENTED_EDGE('',*,*,#1715,.T.);
#1082=ORIENTED_EDGE('',*,*,#1716,.T.);
#1083=ORIENTED_EDGE('',*,*,#1717,.F.);
#1084=ORIENTED_EDGE('',*,*,#1718,.T.);
#1085=ORIENTED_EDGE('',*,*,#1719,.T.);
#1086=ORIENTED_EDGE('',*,*,#1627,.F.);
#1087=ORIENTED_EDGE('',*,*,#1720,.T.);
#1088=ORIENTED_EDGE('',*,*,#1721,.T.);
#1089=ORIENTED_EDGE('',*,*,#1722,.T.);
#1090=ORIENTED_EDGE('',*,*,#1558,.T.);
#1091=ORIENTED_EDGE('',*,*,#1723,.T.);
#1092=ORIENTED_EDGE('',*,*,#1629,.F.);
#1093=ORIENTED_EDGE('',*,*,#1724,.T.);
#1094=ORIENTED_EDGE('',*,*,#1725,.F.);
#1095=ORIENTED_EDGE('',*,*,#1726,.F.);
#1096=ORIENTED_EDGE('',*,*,#1394,.F.);
#1097=ORIENTED_EDGE('',*,*,#1392,.F.);
#1098=ORIENTED_EDGE('',*,*,#1561,.F.);
#1099=ORIENTED_EDGE('',*,*,#1727,.F.);
#1100=ORIENTED_EDGE('',*,*,#1728,.F.);
#1101=ORIENTED_EDGE('',*,*,#1729,.T.);
#1102=ORIENTED_EDGE('',*,*,#1562,.T.);
#1103=ORIENTED_EDGE('',*,*,#1398,.F.);
#1104=ORIENTED_EDGE('',*,*,#1730,.F.);
#1105=ORIENTED_EDGE('',*,*,#1405,.T.);
#1106=ORIENTED_EDGE('',*,*,#1560,.T.);
#1107=ORIENTED_EDGE('',*,*,#1731,.F.);
#1108=ORIENTED_EDGE('',*,*,#1732,.F.);
#1109=ORIENTED_EDGE('',*,*,#1727,.T.);
#1110=ORIENTED_EDGE('',*,*,#1390,.T.);
#1111=ORIENTED_EDGE('',*,*,#1568,.T.);
#1112=ORIENTED_EDGE('',*,*,#1733,.F.);
#1113=ORIENTED_EDGE('',*,*,#1734,.F.);
#1114=ORIENTED_EDGE('',*,*,#1731,.T.);
#1115=ORIENTED_EDGE('',*,*,#1567,.F.);
#1116=ORIENTED_EDGE('',*,*,#1735,.F.);
#1117=ORIENTED_EDGE('',*,*,#1736,.T.);
#1118=ORIENTED_EDGE('',*,*,#1733,.T.);
#1119=ORIENTED_EDGE('',*,*,#1566,.T.);
#1120=ORIENTED_EDGE('',*,*,#1737,.F.);
#1121=ORIENTED_EDGE('',*,*,#1738,.F.);
#1122=ORIENTED_EDGE('',*,*,#1735,.T.);
#1123=ORIENTED_EDGE('',*,*,#1565,.T.);
#1124=ORIENTED_EDGE('',*,*,#1739,.F.);
#1125=ORIENTED_EDGE('',*,*,#1740,.F.);
#1126=ORIENTED_EDGE('',*,*,#1737,.T.);
#1127=ORIENTED_EDGE('',*,*,#1388,.F.);
#1128=ORIENTED_EDGE('',*,*,#1564,.F.);
#1129=ORIENTED_EDGE('',*,*,#1741,.F.);
#1130=ORIENTED_EDGE('',*,*,#1742,.T.);
#1131=ORIENTED_EDGE('',*,*,#1739,.T.);
#1132=ORIENTED_EDGE('',*,*,#1563,.F.);
#1133=ORIENTED_EDGE('',*,*,#1729,.F.);
#1134=ORIENTED_EDGE('',*,*,#1743,.T.);
#1135=ORIENTED_EDGE('',*,*,#1741,.T.);
#1136=ORIENTED_EDGE('',*,*,#1728,.T.);
#1137=ORIENTED_EDGE('',*,*,#1732,.T.);
#1138=ORIENTED_EDGE('',*,*,#1734,.T.);
#1139=ORIENTED_EDGE('',*,*,#1736,.F.);
#1140=ORIENTED_EDGE('',*,*,#1738,.T.);
#1141=ORIENTED_EDGE('',*,*,#1740,.T.);
#1142=ORIENTED_EDGE('',*,*,#1742,.F.);
#1143=ORIENTED_EDGE('',*,*,#1743,.F.);
#1144=ORIENTED_EDGE('',*,*,#1541,.T.);
#1145=ORIENTED_EDGE('',*,*,#1744,.T.);
#1146=ORIENTED_EDGE('',*,*,#1571,.F.);
#1147=ORIENTED_EDGE('',*,*,#1745,.T.);
#1148=ORIENTED_EDGE('',*,*,#1725,.T.);
#1149=ORIENTED_EDGE('',*,*,#1746,.T.);
#1150=ORIENTED_EDGE('',*,*,#1718,.F.);
#1151=ORIENTED_EDGE('',*,*,#1747,.T.);
#1152=ORIENTED_EDGE('',*,*,#1427,.F.);
#1153=ORIENTED_EDGE('',*,*,#1748,.F.);
#1154=ORIENTED_EDGE('',*,*,#1749,.T.);
#1155=ORIENTED_EDGE('',*,*,#1428,.T.);
#1156=ORIENTED_EDGE('',*,*,#1747,.F.);
#1157=ORIENTED_EDGE('',*,*,#1717,.T.);
#1158=ORIENTED_EDGE('',*,*,#1750,.T.);
#1159=ORIENTED_EDGE('',*,*,#1429,.T.);
#1160=ORIENTED_EDGE('',*,*,#1749,.F.);
#1161=ORIENTED_EDGE('',*,*,#1716,.F.);
#1162=ORIENTED_EDGE('',*,*,#1751,.T.);
#1163=ORIENTED_EDGE('',*,*,#1721,.F.);
#1164=ORIENTED_EDGE('',*,*,#1726,.T.);
#1165=ORIENTED_EDGE('',*,*,#1748,.T.);
#1166=ORIENTED_EDGE('',*,*,#1426,.F.);
#1167=ORIENTED_EDGE('',*,*,#1750,.F.);
#1168=ORIENTED_EDGE('',*,*,#1453,.T.);
#1169=ORIENTED_EDGE('',*,*,#1752,.T.);
#1170=ORIENTED_EDGE('',*,*,#1492,.F.);
#1171=ORIENTED_EDGE('',*,*,#1753,.F.);
#1172=ORIENTED_EDGE('',*,*,#1754,.T.);
#1173=ORIENTED_EDGE('',*,*,#1493,.T.);
#1174=ORIENTED_EDGE('',*,*,#1752,.F.);
#1175=ORIENTED_EDGE('',*,*,#1452,.F.);
#1176=ORIENTED_EDGE('',*,*,#1755,.T.);
#1177=ORIENTED_EDGE('',*,*,#1490,.T.);
#1178=ORIENTED_EDGE('',*,*,#1754,.F.);
#1179=ORIENTED_EDGE('',*,*,#1451,.F.);
#1180=ORIENTED_EDGE('',*,*,#1450,.T.);
#1181=ORIENTED_EDGE('',*,*,#1753,.T.);
#1182=ORIENTED_EDGE('',*,*,#1491,.F.);
#1183=ORIENTED_EDGE('',*,*,#1755,.F.);
#1184=ORIENTED_EDGE('',*,*,#1461,.T.);
#1185=ORIENTED_EDGE('',*,*,#1756,.T.);
#1186=ORIENTED_EDGE('',*,*,#1483,.T.);
#1187=ORIENTED_EDGE('',*,*,#1757,.F.);
#1188=ORIENTED_EDGE('',*,*,#1758,.T.);
#1189=ORIENTED_EDGE('',*,*,#1484,.F.);
#1190=ORIENTED_EDGE('',*,*,#1756,.F.);
#1191=ORIENTED_EDGE('',*,*,#1460,.F.);
#1192=ORIENTED_EDGE('',*,*,#1759,.T.);
#1193=ORIENTED_EDGE('',*,*,#1485,.F.);
#1194=ORIENTED_EDGE('',*,*,#1758,.F.);
#1195=ORIENTED_EDGE('',*,*,#1459,.F.);
#1196=ORIENTED_EDGE('',*,*,#1458,.T.);
#1197=ORIENTED_EDGE('',*,*,#1757,.T.);
#1198=ORIENTED_EDGE('',*,*,#1482,.T.);
#1199=ORIENTED_EDGE('',*,*,#1759,.F.);
#1200=ORIENTED_EDGE('',*,*,#1443,.T.);
#1201=ORIENTED_EDGE('',*,*,#1760,.F.);
#1202=ORIENTED_EDGE('',*,*,#1477,.T.);
#1203=ORIENTED_EDGE('',*,*,#1761,.T.);
#1204=ORIENTED_EDGE('',*,*,#1761,.F.);
#1205=ORIENTED_EDGE('',*,*,#1476,.F.);
#1206=ORIENTED_EDGE('',*,*,#1762,.T.);
#1207=ORIENTED_EDGE('',*,*,#1444,.F.);
#1208=ORIENTED_EDGE('',*,*,#1762,.F.);
#1209=ORIENTED_EDGE('',*,*,#1475,.F.);
#1210=ORIENTED_EDGE('',*,*,#1763,.T.);
#1211=ORIENTED_EDGE('',*,*,#1445,.F.);
#1212=ORIENTED_EDGE('',*,*,#1442,.T.);
#1213=ORIENTED_EDGE('',*,*,#1763,.F.);
#1214=ORIENTED_EDGE('',*,*,#1474,.T.);
#1215=ORIENTED_EDGE('',*,*,#1760,.T.);
#1216=ORIENTED_EDGE('',*,*,#1434,.T.);
#1217=ORIENTED_EDGE('',*,*,#1764,.T.);
#1218=ORIENTED_EDGE('',*,*,#1466,.T.);
#1219=ORIENTED_EDGE('',*,*,#1765,.F.);
#1220=ORIENTED_EDGE('',*,*,#1765,.T.);
#1221=ORIENTED_EDGE('',*,*,#1469,.F.);
#1222=ORIENTED_EDGE('',*,*,#1766,.F.);
#1223=ORIENTED_EDGE('',*,*,#1435,.F.);
#1224=ORIENTED_EDGE('',*,*,#1766,.T.);
#1225=ORIENTED_EDGE('',*,*,#1468,.F.);
#1226=ORIENTED_EDGE('',*,*,#1767,.F.);
#1227=ORIENTED_EDGE('',*,*,#1436,.F.);
#1228=ORIENTED_EDGE('',*,*,#1437,.T.);
#1229=ORIENTED_EDGE('',*,*,#1767,.T.);
#1230=ORIENTED_EDGE('',*,*,#1467,.T.);
#1231=ORIENTED_EDGE('',*,*,#1764,.F.);
#1232=ORIENTED_EDGE('',*,*,#1613,.F.);
#1233=ORIENTED_EDGE('',*,*,#1415,.F.);
#1234=ORIENTED_EDGE('',*,*,#1514,.F.);
#1235=ORIENTED_EDGE('',*,*,#1691,.F.);
#1236=ORIENTED_EDGE('',*,*,#1610,.F.);
#1237=ORIENTED_EDGE('',*,*,#1692,.F.);
#1238=ORIENTED_EDGE('',*,*,#1512,.F.);
#1239=ORIENTED_EDGE('',*,*,#1693,.F.);
#1240=ORIENTED_EDGE('',*,*,#1612,.F.);
#1241=ORIENTED_EDGE('',*,*,#1694,.F.);
#1242=ORIENTED_EDGE('',*,*,#1510,.F.);
#1243=ORIENTED_EDGE('',*,*,#1417,.F.);
#1244=ORIENTED_EDGE('',*,*,#1606,.F.);
#1245=ORIENTED_EDGE('',*,*,#1407,.F.);
#1246=ORIENTED_EDGE('',*,*,#1516,.F.);
#1247=ORIENTED_EDGE('',*,*,#1689,.F.);
#1248=ORIENTED_EDGE('',*,*,#1608,.F.);
#1249=ORIENTED_EDGE('',*,*,#1690,.F.);
#1250=ORIENTED_EDGE('',*,*,#1518,.F.);
#1251=ORIENTED_EDGE('',*,*,#1431,.F.);
#1252=ORIENTED_EDGE('',*,*,#1605,.F.);
#1253=ORIENTED_EDGE('',*,*,#1433,.F.);
#1254=ORIENTED_EDGE('',*,*,#1517,.F.);
#1255=ORIENTED_EDGE('',*,*,#1409,.F.);
#1256=ORIENTED_EDGE('',*,*,#1619,.F.);
#1257=ORIENTED_EDGE('',*,*,#1697,.F.);
#1258=ORIENTED_EDGE('',*,*,#1503,.F.);
#1259=ORIENTED_EDGE('',*,*,#1463,.F.);
#1260=ORIENTED_EDGE('',*,*,#1620,.F.);
#1261=ORIENTED_EDGE('',*,*,#1465,.F.);
#1262=ORIENTED_EDGE('',*,*,#1502,.F.);
#1263=ORIENTED_EDGE('',*,*,#1455,.F.);
#1264=ORIENTED_EDGE('',*,*,#1621,.F.);
#1265=ORIENTED_EDGE('',*,*,#1457,.F.);
#1266=ORIENTED_EDGE('',*,*,#1505,.F.);
#1267=ORIENTED_EDGE('',*,*,#1698,.F.);
#1268=ORIENTED_EDGE('',*,*,#1623,.F.);
#1269=ORIENTED_EDGE('',*,*,#1479,.F.);
#1270=ORIENTED_EDGE('',*,*,#1499,.F.);
#1271=ORIENTED_EDGE('',*,*,#1699,.F.);
#1272=ORIENTED_EDGE('',*,*,#1625,.F.);
#1273=ORIENTED_EDGE('',*,*,#1700,.F.);
#1274=ORIENTED_EDGE('',*,*,#1501,.F.);
#1275=ORIENTED_EDGE('',*,*,#1471,.F.);
#1276=ORIENTED_EDGE('',*,*,#1622,.F.);
#1277=ORIENTED_EDGE('',*,*,#1473,.F.);
#1278=ORIENTED_EDGE('',*,*,#1500,.F.);
#1279=ORIENTED_EDGE('',*,*,#1481,.F.);
#1280=ORIENTED_EDGE('',*,*,#1617,.F.);
#1281=ORIENTED_EDGE('',*,*,#1439,.F.);
#1282=ORIENTED_EDGE('',*,*,#1509,.F.);
#1283=ORIENTED_EDGE('',*,*,#1447,.F.);
#1284=ORIENTED_EDGE('',*,*,#1616,.F.);
#1285=ORIENTED_EDGE('',*,*,#1695,.F.);
#1286=ORIENTED_EDGE('',*,*,#1506,.F.);
#1287=ORIENTED_EDGE('',*,*,#1441,.F.);
#1288=ORIENTED_EDGE('',*,*,#1614,.F.);
#1289=ORIENTED_EDGE('',*,*,#1449,.F.);
#1290=ORIENTED_EDGE('',*,*,#1508,.F.);
#1291=ORIENTED_EDGE('',*,*,#1696,.F.);
#1292=ORIENTED_EDGE('',*,*,#1581,.F.);
#1293=ORIENTED_EDGE('',*,*,#1709,.F.);
#1294=ORIENTED_EDGE('',*,*,#1548,.F.);
#1295=ORIENTED_EDGE('',*,*,#1711,.F.);
#1296=ORIENTED_EDGE('',*,*,#1579,.F.);
#1297=ORIENTED_EDGE('',*,*,#1707,.F.);
#1298=ORIENTED_EDGE('',*,*,#1550,.F.);
#1299=ORIENTED_EDGE('',*,*,#1710,.F.);
#1300=ORIENTED_EDGE('',*,*,#1585,.F.);
#1301=ORIENTED_EDGE('',*,*,#1713,.F.);
#1302=ORIENTED_EDGE('',*,*,#1552,.F.);
#1303=ORIENTED_EDGE('',*,*,#1708,.F.);
#1304=ORIENTED_EDGE('',*,*,#1583,.F.);
#1305=ORIENTED_EDGE('',*,*,#1712,.F.);
#1306=ORIENTED_EDGE('',*,*,#1554,.F.);
#1307=ORIENTED_EDGE('',*,*,#1714,.F.);
#1308=ORIENTED_EDGE('',*,*,#1572,.F.);
#1309=ORIENTED_EDGE('',*,*,#1744,.F.);
#1310=ORIENTED_EDGE('',*,*,#1540,.F.);
#1311=ORIENTED_EDGE('',*,*,#1495,.F.);
#1312=ORIENTED_EDGE('',*,*,#1570,.F.);
#1313=ORIENTED_EDGE('',*,*,#1701,.F.);
#1314=ORIENTED_EDGE('',*,*,#1542,.F.);
#1315=ORIENTED_EDGE('',*,*,#1745,.F.);
#1316=ORIENTED_EDGE('',*,*,#1575,.F.);
#1317=ORIENTED_EDGE('',*,*,#1703,.F.);
#1318=ORIENTED_EDGE('',*,*,#1546,.F.);
#1319=ORIENTED_EDGE('',*,*,#1705,.F.);
#1320=ORIENTED_EDGE('',*,*,#1573,.F.);
#1321=ORIENTED_EDGE('',*,*,#1497,.F.);
#1322=ORIENTED_EDGE('',*,*,#1539,.F.);
#1323=ORIENTED_EDGE('',*,*,#1704,.F.);
#1324=ORIENTED_EDGE('',*,*,#1751,.F.);
#1325=ORIENTED_EDGE('',*,*,#1715,.F.);
#1326=ORIENTED_EDGE('',*,*,#1559,.F.);
#1327=ORIENTED_EDGE('',*,*,#1722,.F.);
#1328=ORIENTED_EDGE('',*,*,#1628,.F.);
#1329=ORIENTED_EDGE('',*,*,#1719,.F.);
#1330=ORIENTED_EDGE('',*,*,#1746,.F.);
#1331=ORIENTED_EDGE('',*,*,#1724,.F.);
#1332=ORIENTED_EDGE('',*,*,#1626,.F.);
#1333=ORIENTED_EDGE('',*,*,#1487,.F.);
#1334=ORIENTED_EDGE('',*,*,#1556,.F.);
#1335=ORIENTED_EDGE('',*,*,#1720,.F.);
#1336=ORIENTED_EDGE('',*,*,#1630,.F.);
#1337=ORIENTED_EDGE('',*,*,#1723,.F.);
#1338=ORIENTED_EDGE('',*,*,#1557,.F.);
#1339=ORIENTED_EDGE('',*,*,#1489,.F.);
#1340=ORIENTED_EDGE('',*,*,#1577,.F.);
#1341=ORIENTED_EDGE('',*,*,#1706,.F.);
#1342=ORIENTED_EDGE('',*,*,#1544,.F.);
#1343=ORIENTED_EDGE('',*,*,#1702,.F.);
#1344=ORIENTED_EDGE('',*,*,#1410,.T.);
#1345=ORIENTED_EDGE('',*,*,#1768,.T.);
#1346=ORIENTED_EDGE('',*,*,#1418,.F.);
#1347=ORIENTED_EDGE('',*,*,#1769,.F.);
#1348=ORIENTED_EDGE('',*,*,#1769,.T.);
#1349=ORIENTED_EDGE('',*,*,#1421,.T.);
#1350=ORIENTED_EDGE('',*,*,#1770,.F.);
#1351=ORIENTED_EDGE('',*,*,#1411,.F.);
#1352=ORIENTED_EDGE('',*,*,#1770,.T.);
#1353=ORIENTED_EDGE('',*,*,#1420,.T.);
#1354=ORIENTED_EDGE('',*,*,#1771,.F.);
#1355=ORIENTED_EDGE('',*,*,#1412,.F.);
#1356=ORIENTED_EDGE('',*,*,#1413,.T.);
#1357=ORIENTED_EDGE('',*,*,#1771,.T.);
#1358=ORIENTED_EDGE('',*,*,#1419,.F.);
#1359=ORIENTED_EDGE('',*,*,#1768,.F.);
#1360=ORIENTED_EDGE('',*,*,#1403,.T.);
#1361=ORIENTED_EDGE('',*,*,#1730,.T.);
#1362=ORIENTED_EDGE('',*,*,#1397,.F.);
#1363=ORIENTED_EDGE('',*,*,#1401,.F.);
#1364=ORIENTED_EDGE('',*,*,#1772,.F.);
#1365=ORIENTED_EDGE('',*,*,#1684,.T.);
#1366=ORIENTED_EDGE('',*,*,#1395,.F.);
#1367=ORIENTED_EDGE('',*,*,#1772,.T.);
#1368=ORIENTED_EDGE('',*,*,#1773,.F.);
#1369=ORIENTED_EDGE('',*,*,#1683,.T.);
#1370=ORIENTED_EDGE('',*,*,#1393,.F.);
#1371=ORIENTED_EDGE('',*,*,#1773,.T.);
#1372=ORIENTED_EDGE('',*,*,#1520,.F.);
#1373=ORIENTED_EDGE('',*,*,#1687,.F.);
#1374=ORIENTED_EDGE('',*,*,#1587,.F.);
#1375=ORIENTED_EDGE('',*,*,#1633,.F.);
#1376=ORIENTED_EDGE('',*,*,#1537,.F.);
#1377=ORIENTED_EDGE('',*,*,#1685,.F.);
#1378=ORIENTED_EDGE('',*,*,#1589,.F.);
#1379=ORIENTED_EDGE('',*,*,#1688,.F.);
#1380=ORIENTED_EDGE('',*,*,#1774,.T.);
#1381=ORIENTED_EDGE('',*,*,#1391,.T.);
#1382=ORIENTED_EDGE('',*,*,#1774,.F.);
#1383=ORIENTED_EDGE('',*,*,#1631,.T.);
#1384=ORIENTED_EDGE('',*,*,#1775,.T.);
#1385=ORIENTED_EDGE('',*,*,#1389,.T.);
#1386=ORIENTED_EDGE('',*,*,#1775,.F.);
#1387=ORIENTED_EDGE('',*,*,#1632,.T.);
#1388=EDGE_CURVE('',#1776,#1776,#2052,.T.);
#1389=EDGE_CURVE('',#1777,#1777,#2053,.F.);
#1390=EDGE_CURVE('',#1778,#1778,#2054,.T.);
#1391=EDGE_CURVE('',#1779,#1779,#2055,.F.);
#1392=EDGE_CURVE('',#1780,#1780,#2056,.T.);
#1393=EDGE_CURVE('',#1781,#1781,#2057,.T.);
#1394=EDGE_CURVE('',#1782,#1782,#2058,.T.);
#1395=EDGE_CURVE('',#1783,#1783,#2059,.T.);
#1396=EDGE_CURVE('',#1784,#1785,#12,.T.);
#1397=EDGE_CURVE('',#1784,#1786,#13,.T.);
#1398=EDGE_CURVE('',#1786,#1787,#14,.T.);
#1399=EDGE_CURVE('',#1785,#1787,#15,.T.);
#1400=EDGE_CURVE('',#1788,#1789,#16,.T.);
#1401=EDGE_CURVE('',#1788,#1784,#17,.T.);
#1402=EDGE_CURVE('',#1789,#1785,#18,.T.);
#1403=EDGE_CURVE('',#1788,#1790,#19,.T.);
#1404=EDGE_CURVE('',#1789,#1791,#20,.T.);
#1405=EDGE_CURVE('',#1790,#1791,#21,.T.);
#1406=EDGE_CURVE('',#1792,#1793,#22,.T.);
#1407=EDGE_CURVE('',#1793,#1794,#23,.F.);
#1408=EDGE_CURVE('',#1795,#1794,#24,.T.);
#1409=EDGE_CURVE('',#1795,#1792,#25,.T.);
#1410=EDGE_CURVE('',#1796,#1797,#26,.T.);
#1411=EDGE_CURVE('',#1796,#1798,#27,.T.);
#1412=EDGE_CURVE('',#1798,#1799,#28,.T.);
#1413=EDGE_CURVE('',#1797,#1799,#29,.T.);
#1414=EDGE_CURVE('',#1800,#1801,#30,.T.);
#1415=EDGE_CURVE('',#1801,#1802,#31,.F.);
#1416=EDGE_CURVE('',#1803,#1802,#32,.T.);
#1417=EDGE_CURVE('',#1803,#1800,#33,.T.);
#1418=EDGE_CURVE('',#1804,#1805,#34,.T.);
#1419=EDGE_CURVE('',#1805,#1806,#35,.T.);
#1420=EDGE_CURVE('',#1807,#1806,#36,.T.);
#1421=EDGE_CURVE('',#1804,#1807,#37,.T.);
#1422=EDGE_CURVE('',#1808,#1809,#38,.T.);
#1423=EDGE_CURVE('',#1809,#1810,#39,.F.);
#1424=EDGE_CURVE('',#1811,#1810,#40,.T.);
#1425=EDGE_CURVE('',#1811,#1808,#41,.T.);
#1426=EDGE_CURVE('',#1812,#1813,#42,.T.);
#1427=EDGE_CURVE('',#1813,#1814,#43,.T.);
#1428=EDGE_CURVE('',#1815,#1814,#44,.T.);
#1429=EDGE_CURVE('',#1812,#1815,#45,.T.);
#1430=EDGE_CURVE('',#1816,#1817,#46,.T.);
#1431=EDGE_CURVE('',#1816,#1818,#47,.T.);
#1432=EDGE_CURVE('',#1818,#1819,#48,.T.);
#1433=EDGE_CURVE('',#1819,#1817,#49,.F.);
#1434=EDGE_CURVE('',#1820,#1821,#50,.T.);
#1435=EDGE_CURVE('',#1820,#1822,#51,.T.);
#1436=EDGE_CURVE('',#1822,#1823,#52,.T.);
#1437=EDGE_CURVE('',#1821,#1823,#53,.T.);
#1438=EDGE_CURVE('',#1824,#1825,#54,.T.);
#1439=EDGE_CURVE('',#1825,#1826,#55,.F.);
#1440=EDGE_CURVE('',#1827,#1826,#56,.T.);
#1441=EDGE_CURVE('',#1827,#1824,#57,.T.);
#1442=EDGE_CURVE('',#1828,#1829,#58,.T.);
#1443=EDGE_CURVE('',#1830,#1828,#59,.T.);
#1444=EDGE_CURVE('',#1830,#1831,#60,.T.);
#1445=EDGE_CURVE('',#1831,#1829,#61,.T.);
#1446=EDGE_CURVE('',#1832,#1833,#62,.T.);
#1447=EDGE_CURVE('',#1832,#1834,#63,.T.);
#1448=EDGE_CURVE('',#1834,#1835,#64,.T.);
#1449=EDGE_CURVE('',#1835,#1833,#65,.F.);
#1450=EDGE_CURVE('',#1836,#1837,#66,.T.);
#1451=EDGE_CURVE('',#1836,#1838,#67,.T.);
#1452=EDGE_CURVE('',#1838,#1839,#68,.T.);
#1453=EDGE_CURVE('',#1837,#1839,#69,.T.);
#1454=EDGE_CURVE('',#1840,#1841,#70,.T.);
#1455=EDGE_CURVE('',#1840,#1842,#71,.T.);
#1456=EDGE_CURVE('',#1842,#1843,#72,.T.);
#1457=EDGE_CURVE('',#1843,#1841,#73,.F.);
#1458=EDGE_CURVE('',#1844,#1845,#74,.T.);
#1459=EDGE_CURVE('',#1844,#1846,#75,.T.);
#1460=EDGE_CURVE('',#1846,#1847,#76,.T.);
#1461=EDGE_CURVE('',#1845,#1847,#77,.T.);
#1462=EDGE_CURVE('',#1848,#1849,#78,.T.);
#1463=EDGE_CURVE('',#1848,#1850,#79,.T.);
#1464=EDGE_CURVE('',#1850,#1851,#80,.T.);
#1465=EDGE_CURVE('',#1851,#1849,#81,.F.);
#1466=EDGE_CURVE('',#1852,#1853,#82,.T.);
#1467=EDGE_CURVE('',#1854,#1852,#83,.T.);
#1468=EDGE_CURVE('',#1854,#1855,#84,.T.);
#1469=EDGE_CURVE('',#1855,#1853,#85,.T.);
#1470=EDGE_CURVE('',#1856,#1857,#86,.T.);
#1471=EDGE_CURVE('',#1856,#1858,#87,.T.);
#1472=EDGE_CURVE('',#1858,#1859,#88,.T.);
#1473=EDGE_CURVE('',#1859,#1857,#89,.F.);
#1474=EDGE_CURVE('',#1860,#1861,#90,.T.);
#1475=EDGE_CURVE('',#1860,#1862,#91,.T.);
#1476=EDGE_CURVE('',#1862,#1863,#92,.T.);
#1477=EDGE_CURVE('',#1861,#1863,#93,.T.);
#1478=EDGE_CURVE('',#1864,#1865,#94,.T.);
#1479=EDGE_CURVE('',#1865,#1866,#95,.F.);
#1480=EDGE_CURVE('',#1867,#1866,#96,.T.);
#1481=EDGE_CURVE('',#1867,#1864,#97,.T.);
#1482=EDGE_CURVE('',#1868,#1869,#98,.T.);
#1483=EDGE_CURVE('',#1870,#1868,#99,.T.);
#1484=EDGE_CURVE('',#1870,#1871,#100,.T.);
#1485=EDGE_CURVE('',#1871,#1869,#101,.T.);
#1486=EDGE_CURVE('',#1872,#1873,#102,.T.);
#1487=EDGE_CURVE('',#1872,#1874,#103,.F.);
#1488=EDGE_CURVE('',#1874,#1875,#104,.T.);
#1489=EDGE_CURVE('',#1875,#1873,#105,.T.);
#1490=EDGE_CURVE('',#1876,#1877,#106,.T.);
#1491=EDGE_CURVE('',#1876,#1878,#107,.T.);
#1492=EDGE_CURVE('',#1878,#1879,#108,.T.);
#1493=EDGE_CURVE('',#1877,#1879,#109,.T.);
#1494=EDGE_CURVE('',#1880,#1881,#110,.T.);
#1495=EDGE_CURVE('',#1881,#1882,#111,.T.);
#1496=EDGE_CURVE('',#1883,#1882,#112,.T.);
#1497=EDGE_CURVE('',#1883,#1880,#113,.F.);
#1498=EDGE_CURVE('',#1884,#1885,#114,.T.);
#1499=EDGE_CURVE('',#1884,#1865,#2060,.F.);
#1500=EDGE_CURVE('',#1864,#1859,#2061,.F.);
#1501=EDGE_CURVE('',#1858,#1885,#2062,.F.);
#1502=EDGE_CURVE('',#1842,#1851,#2063,.F.);
#1503=EDGE_CURVE('',#1850,#1886,#2064,.F.);
#1504=EDGE_CURVE('',#1887,#1886,#115,.T.);
#1505=EDGE_CURVE('',#1887,#1843,#2065,.F.);
#1506=EDGE_CURVE('',#1824,#1888,#2066,.F.);
#1507=EDGE_CURVE('',#1889,#1888,#116,.T.);
#1508=EDGE_CURVE('',#1889,#1835,#2067,.F.);
#1509=EDGE_CURVE('',#1834,#1825,#2068,.F.);
#1510=EDGE_CURVE('',#1800,#1890,#2069,.F.);
#1511=EDGE_CURVE('',#1891,#1890,#117,.T.);
#1512=EDGE_CURVE('',#1891,#1892,#2070,.F.);
#1513=EDGE_CURVE('',#1893,#1892,#118,.T.);
#1514=EDGE_CURVE('',#1893,#1801,#2071,.F.);
#1515=EDGE_CURVE('',#1894,#1895,#119,.T.);
#1516=EDGE_CURVE('',#1894,#1793,#2072,.F.);
#1517=EDGE_CURVE('',#1792,#1819,#2073,.F.);
#1518=EDGE_CURVE('',#1818,#1895,#2074,.F.);
#1519=EDGE_CURVE('',#1896,#1897,#120,.T.);
#1520=EDGE_CURVE('',#1897,#1898,#2075,.T.);
#1521=EDGE_CURVE('',#1898,#1899,#121,.T.);
#1522=EDGE_CURVE('',#1899,#1900,#2076,.F.);
#1523=EDGE_CURVE('',#1901,#1900,#122,.T.);
#1524=EDGE_CURVE('',#1901,#1902,#2077,.T.);
#1525=EDGE_CURVE('',#1902,#1903,#123,.T.);
#1526=EDGE_CURVE('',#1903,#1904,#124,.F.);
#1527=EDGE_CURVE('',#1905,#1904,#125,.T.);
#1528=EDGE_CURVE('',#1905,#1811,#2078,.F.);
#1529=EDGE_CURVE('',#1810,#1906,#2079,.F.);
#1530=EDGE_CURVE('',#1906,#1907,#126,.T.);
#1531=EDGE_CURVE('',#1907,#1908,#127,.F.);
#1532=EDGE_CURVE('',#1909,#1908,#128,.T.);
#1533=EDGE_CURVE('',#1909,#1910,#2080,.T.);
#1534=EDGE_CURVE('',#1910,#1911,#129,.T.);
#1535=EDGE_CURVE('',#1911,#1912,#2081,.F.);
#1536=EDGE_CURVE('',#1913,#1912,#130,.T.);
#1537=EDGE_CURVE('',#1913,#1896,#2082,.T.);
#1538=EDGE_CURVE('',#1914,#1915,#131,.T.);
#1539=EDGE_CURVE('',#1915,#1883,#2083,.F.);
#1540=EDGE_CURVE('',#1882,#1916,#2084,.F.);
#1541=EDGE_CURVE('',#1917,#1916,#132,.T.);
#1542=EDGE_CURVE('',#1917,#1918,#2085,.F.);
#1543=EDGE_CURVE('',#1918,#1919,#133,.T.);
#1544=EDGE_CURVE('',#1919,#1920,#2086,.F.);
#1545=EDGE_CURVE('',#1920,#1921,#134,.T.);
#1546=EDGE_CURVE('',#1921,#1914,#2087,.F.);
#1547=EDGE_CURVE('',#1922,#1923,#135,.T.);
#1548=EDGE_CURVE('',#1923,#1924,#2088,.F.);
#1549=EDGE_CURVE('',#1924,#1925,#136,.T.);
#1550=EDGE_CURVE('',#1925,#1926,#2089,.F.);
#1551=EDGE_CURVE('',#1926,#1927,#137,.T.);
#1552=EDGE_CURVE('',#1927,#1928,#2090,.F.);
#1553=EDGE_CURVE('',#1928,#1929,#138,.T.);
#1554=EDGE_CURVE('',#1929,#1922,#2091,.F.);
#1555=EDGE_CURVE('',#1930,#1931,#139,.T.);
#1556=EDGE_CURVE('',#1930,#1872,#2092,.F.);
#1557=EDGE_CURVE('',#1873,#1932,#2093,.F.);
#1558=EDGE_CURVE('',#1933,#1932,#140,.T.);
#1559=EDGE_CURVE('',#1933,#1931,#2094,.F.);
#1560=EDGE_CURVE('',#1934,#1935,#141,.T.);
#1561=EDGE_CURVE('',#1934,#1791,#142,.T.);
#1562=EDGE_CURVE('',#1936,#1787,#143,.T.);
#1563=EDGE_CURVE('',#1936,#1937,#144,.T.);
#1564=EDGE_CURVE('',#1937,#1938,#145,.T.);
#1565=EDGE_CURVE('',#1939,#1938,#146,.T.);
#1566=EDGE_CURVE('',#1940,#1939,#147,.T.);
#1567=EDGE_CURVE('',#1940,#1941,#148,.T.);
#1568=EDGE_CURVE('',#1935,#1941,#149,.T.);
#1569=EDGE_CURVE('',#1942,#1943,#150,.T.);
#1570=EDGE_CURVE('',#1942,#1944,#2095,.T.);
#1571=EDGE_CURVE('',#1944,#1945,#151,.T.);
#1572=EDGE_CURVE('',#1945,#1881,#2096,.T.);
#1573=EDGE_CURVE('',#1880,#1946,#2097,.T.);
#1574=EDGE_CURVE('',#1947,#1946,#152,.T.);
#1575=EDGE_CURVE('',#1947,#1948,#2098,.T.);
#1576=EDGE_CURVE('',#1949,#1948,#153,.T.);
#1577=EDGE_CURVE('',#1949,#1943,#2099,.T.);
#1578=EDGE_CURVE('',#1950,#1951,#154,.T.);
#1579=EDGE_CURVE('',#1950,#1952,#2100,.T.);
#1580=EDGE_CURVE('',#1953,#1952,#155,.T.);
#1581=EDGE_CURVE('',#1953,#1954,#2101,.T.);
#1582=EDGE_CURVE('',#1955,#1954,#156,.T.);
#1583=EDGE_CURVE('',#1955,#1956,#2102,.T.);
#1584=EDGE_CURVE('',#1957,#1956,#157,.T.);
#1585=EDGE_CURVE('',#1957,#1951,#2103,.T.);
#1586=EDGE_CURVE('',#1958,#1959,#158,.T.);
#1587=EDGE_CURVE('',#1958,#1960,#2104,.F.);
#1588=EDGE_CURVE('',#1961,#1960,#159,.T.);
#1589=EDGE_CURVE('',#1961,#1962,#2105,.F.);
#1590=EDGE_CURVE('',#1962,#1963,#160,.T.);
#1591=EDGE_CURVE('',#1963,#1964,#2106,.T.);
#1592=EDGE_CURVE('',#1965,#1964,#161,.T.);
#1593=EDGE_CURVE('',#1965,#1966,#2107,.F.);
#1594=EDGE_CURVE('',#1966,#1967,#162,.T.);
#1595=EDGE_CURVE('',#1967,#1968,#163,.T.);
#1596=EDGE_CURVE('',#1969,#1968,#164,.T.);
#1597=EDGE_CURVE('',#1969,#1809,#2108,.T.);
#1598=EDGE_CURVE('',#1808,#1970,#2109,.T.);
#1599=EDGE_CURVE('',#1970,#1971,#165,.T.);
#1600=EDGE_CURVE('',#1971,#1972,#166,.T.);
#1601=EDGE_CURVE('',#1973,#1972,#167,.T.);
#1602=EDGE_CURVE('',#1973,#1974,#2110,.F.);
#1603=EDGE_CURVE('',#1974,#1975,#168,.T.);
#1604=EDGE_CURVE('',#1975,#1959,#2111,.T.);
#1605=EDGE_CURVE('',#1817,#1795,#2112,.T.);
#1606=EDGE_CURVE('',#1794,#1976,#2113,.T.);
#1607=EDGE_CURVE('',#1976,#1977,#169,.T.);
#1608=EDGE_CURVE('',#1977,#1816,#2114,.T.);
#1609=EDGE_CURVE('',#1978,#1979,#170,.T.);
#1610=EDGE_CURVE('',#1979,#1980,#2115,.T.);
#1611=EDGE_CURVE('',#1980,#1981,#171,.T.);
#1612=EDGE_CURVE('',#1981,#1803,#2116,.T.);
#1613=EDGE_CURVE('',#1802,#1978,#2117,.T.);
#1614=EDGE_CURVE('',#1833,#1982,#2118,.T.);
#1615=EDGE_CURVE('',#1982,#1983,#172,.T.);
#1616=EDGE_CURVE('',#1983,#1827,#2119,.T.);
#1617=EDGE_CURVE('',#1826,#1832,#2120,.T.);
#1618=EDGE_CURVE('',#1984,#1985,#173,.T.);
#1619=EDGE_CURVE('',#1985,#1848,#2121,.T.);
#1620=EDGE_CURVE('',#1849,#1840,#2122,.T.);
#1621=EDGE_CURVE('',#1841,#1984,#2123,.T.);
#1622=EDGE_CURVE('',#1857,#1867,#2124,.T.);
#1623=EDGE_CURVE('',#1866,#1986,#2125,.T.);
#1624=EDGE_CURVE('',#1986,#1987,#174,.T.);
#1625=EDGE_CURVE('',#1987,#1856,#2126,.T.);
#1626=EDGE_CURVE('',#1874,#1988,#2127,.T.);
#1627=EDGE_CURVE('',#1988,#1989,#175,.T.);
#1628=EDGE_CURVE('',#1989,#1990,#2128,.T.);
#1629=EDGE_CURVE('',#1990,#1991,#176,.T.);
#1630=EDGE_CURVE('',#1991,#1875,#2129,.T.);
#1631=EDGE_CURVE('',#1992,#1992,#2130,.T.);
#1632=EDGE_CURVE('',#1993,#1993,#2131,.T.);
#1633=EDGE_CURVE('',#1898,#1958,#177,.T.);
#1634=EDGE_CURVE('',#1959,#1899,#178,.F.);
#1635=EDGE_CURVE('',#1900,#1975,#179,.T.);
#1636=EDGE_CURVE('',#1974,#1901,#180,.F.);
#1637=EDGE_CURVE('',#1994,#1994,#2132,.T.);
#1638=EDGE_CURVE('',#1995,#1995,#2133,.T.);
#1639=EDGE_CURVE('',#1996,#1996,#2134,.T.);
#1640=EDGE_CURVE('',#1997,#1997,#2135,.T.);
#1641=EDGE_CURVE('',#1998,#1998,#2136,.T.);
#1642=EDGE_CURVE('',#1999,#1999,#2137,.T.);
#1643=EDGE_CURVE('',#2000,#2000,#2138,.T.);
#1644=EDGE_CURVE('',#2001,#2001,#2139,.T.);
#1645=EDGE_CURVE('',#2002,#2002,#2140,.T.);
#1646=EDGE_CURVE('',#1902,#1973,#181,.T.);
#1647=EDGE_CURVE('',#1972,#1903,#2141,.F.);
#1648=EDGE_CURVE('',#2003,#2003,#2142,.T.);
#1649=EDGE_CURVE('',#2004,#2004,#2143,.T.);
#1650=EDGE_CURVE('',#2005,#2005,#2144,.T.);
#1651=EDGE_CURVE('',#2006,#2006,#2145,.T.);
#1652=EDGE_CURVE('',#2007,#2007,#2146,.T.);
#1653=EDGE_CURVE('',#2008,#2008,#2147,.T.);
#1654=EDGE_CURVE('',#2009,#2009,#2148,.T.);
#1655=EDGE_CURVE('',#2010,#2010,#2149,.T.);
#1656=EDGE_CURVE('',#2011,#2011,#2150,.T.);
#1657=EDGE_CURVE('',#1970,#1905,#182,.F.);
#1658=EDGE_CURVE('',#1904,#1971,#2151,.T.);
#1659=EDGE_CURVE('',#2012,#2012,#2152,.T.);
#1660=EDGE_CURVE('',#2013,#2013,#2153,.T.);
#1661=EDGE_CURVE('',#2014,#2014,#2154,.T.);
#1662=EDGE_CURVE('',#2015,#2015,#2155,.T.);
#1663=EDGE_CURVE('',#2016,#2016,#2156,.T.);
#1664=EDGE_CURVE('',#2017,#2017,#2157,.T.);
#1665=EDGE_CURVE('',#2018,#2018,#2158,.T.);
#1666=EDGE_CURVE('',#2019,#2019,#2159,.T.);
#1667=EDGE_CURVE('',#2020,#2020,#2160,.T.);
#1668=EDGE_CURVE('',#1906,#1969,#183,.T.);
#1669=EDGE_CURVE('',#1968,#1907,#2161,.F.);
#1670=EDGE_CURVE('',#2021,#2021,#2162,.T.);
#1671=EDGE_CURVE('',#2022,#2022,#2163,.T.);
#1672=EDGE_CURVE('',#2023,#2023,#2164,.T.);
#1673=EDGE_CURVE('',#2024,#2024,#2165,.T.);
#1674=EDGE_CURVE('',#2025,#2025,#2166,.T.);
#1675=EDGE_CURVE('',#2026,#2026,#2167,.T.);
#1676=EDGE_CURVE('',#2027,#2027,#2168,.T.);
#1677=EDGE_CURVE('',#2028,#2028,#2169,.T.);
#1678=EDGE_CURVE('',#2029,#2029,#2170,.T.);
#1679=EDGE_CURVE('',#1966,#1909,#184,.F.);
#1680=EDGE_CURVE('',#1908,#1967,#2171,.T.);
#1681=EDGE_CURVE('',#1910,#1965,#185,.T.);
#1682=EDGE_CURVE('',#1964,#1911,#186,.F.);
#1683=EDGE_CURVE('',#2030,#2030,#2172,.T.);
#1684=EDGE_CURVE('',#2031,#2031,#2173,.T.);
#1685=EDGE_CURVE('',#1962,#1913,#187,.F.);
#1686=EDGE_CURVE('',#1912,#1963,#188,.T.);
#1687=EDGE_CURVE('',#1960,#1897,#189,.F.);
#1688=EDGE_CURVE('',#1896,#1961,#190,.T.);
#1689=EDGE_CURVE('',#1976,#1894,#191,.T.);
#1690=EDGE_CURVE('',#1895,#1977,#192,.F.);
#1691=EDGE_CURVE('',#1978,#1893,#193,.T.);
#1692=EDGE_CURVE('',#1892,#1979,#194,.F.);
#1693=EDGE_CURVE('',#1980,#1891,#195,.T.);
#1694=EDGE_CURVE('',#1890,#1981,#196,.F.);
#1695=EDGE_CURVE('',#1888,#1983,#197,.F.);
#1696=EDGE_CURVE('',#1982,#1889,#198,.T.);
#1697=EDGE_CURVE('',#1886,#1985,#199,.F.);
#1698=EDGE_CURVE('',#1984,#1887,#200,.T.);
#1699=EDGE_CURVE('',#1986,#1884,#201,.T.);
#1700=EDGE_CURVE('',#1885,#1987,#202,.F.);
#1701=EDGE_CURVE('',#1918,#1942,#203,.F.);
#1702=EDGE_CURVE('',#1943,#1919,#204,.T.);
#1703=EDGE_CURVE('',#1914,#1947,#205,.F.);
#1704=EDGE_CURVE('',#1946,#1915,#206,.T.);
#1705=EDGE_CURVE('',#1948,#1921,#207,.T.);
#1706=EDGE_CURVE('',#1920,#1949,#208,.F.);
#1707=EDGE_CURVE('',#1926,#1950,#209,.F.);
#1708=EDGE_CURVE('',#1951,#1927,#210,.T.);
#1709=EDGE_CURVE('',#1924,#1953,#211,.F.);
#1710=EDGE_CURVE('',#1952,#1925,#212,.T.);
#1711=EDGE_CURVE('',#1954,#1923,#213,.T.);
#1712=EDGE_CURVE('',#1922,#1955,#214,.F.);
#1713=EDGE_CURVE('',#1928,#1957,#215,.F.);
#1714=EDGE_CURVE('',#1956,#1929,#216,.T.);
#1715=EDGE_CURVE('',#1931,#2032,#217,.F.);
#1716=EDGE_CURVE('',#2032,#2033,#218,.T.);
#1717=EDGE_CURVE('',#2034,#2033,#219,.T.);
#1718=EDGE_CURVE('',#2034,#2035,#220,.T.);
#1719=EDGE_CURVE('',#2035,#1989,#221,.F.);
#1720=EDGE_CURVE('',#1988,#1930,#222,.T.);
#1721=EDGE_CURVE('',#2036,#2037,#223,.T.);
#1722=EDGE_CURVE('',#2037,#1933,#224,.T.);
#1723=EDGE_CURVE('',#1932,#1991,#225,.F.);
#1724=EDGE_CURVE('',#1990,#2038,#226,.T.);
#1725=EDGE_CURVE('',#2039,#2038,#227,.T.);
#1726=EDGE_CURVE('',#2036,#2039,#228,.T.);
#1727=EDGE_CURVE('',#2040,#1934,#229,.T.);
#1728=EDGE_CURVE('',#2041,#2040,#230,.T.);
#1729=EDGE_CURVE('',#2041,#1936,#231,.T.);
#1730=EDGE_CURVE('',#1790,#1786,#232,.T.);
#1731=EDGE_CURVE('',#2042,#1935,#233,.T.);
#1732=EDGE_CURVE('',#2040,#2042,#234,.T.);
#1733=EDGE_CURVE('',#2043,#1941,#235,.T.);
#1734=EDGE_CURVE('',#2042,#2043,#236,.T.);
#1735=EDGE_CURVE('',#2044,#1940,#237,.T.);
#1736=EDGE_CURVE('',#2044,#2043,#238,.T.);
#1737=EDGE_CURVE('',#2045,#1939,#239,.T.);
#1738=EDGE_CURVE('',#2044,#2045,#240,.T.);
#1739=EDGE_CURVE('',#2046,#1938,#241,.T.);
#1740=EDGE_CURVE('',#2045,#2046,#242,.T.);
#1741=EDGE_CURVE('',#2047,#1937,#243,.T.);
#1742=EDGE_CURVE('',#2047,#2046,#244,.T.);
#1743=EDGE_CURVE('',#2041,#2047,#245,.T.);
#1744=EDGE_CURVE('',#1916,#1945,#246,.F.);
#1745=EDGE_CURVE('',#1944,#1917,#247,.T.);
#1746=EDGE_CURVE('',#2038,#2035,#2174,.F.);
#1747=EDGE_CURVE('',#2034,#1814,#248,.T.);
#1748=EDGE_CURVE('',#2039,#1813,#249,.T.);
#1749=EDGE_CURVE('',#2033,#1815,#250,.T.);
#1750=EDGE_CURVE('',#2036,#1812,#251,.T.);
#1751=EDGE_CURVE('',#2032,#2037,#2175,.T.);
#1752=EDGE_CURVE('',#1839,#1879,#252,.T.);
#1753=EDGE_CURVE('',#1837,#1878,#253,.T.);
#1754=EDGE_CURVE('',#1838,#1877,#254,.T.);
#1755=EDGE_CURVE('',#1836,#1876,#255,.T.);
#1756=EDGE_CURVE('',#1847,#1870,#256,.T.);
#1757=EDGE_CURVE('',#1845,#1868,#257,.T.);
#1758=EDGE_CURVE('',#1846,#1871,#258,.T.);
#1759=EDGE_CURVE('',#1844,#1869,#259,.T.);
#1760=EDGE_CURVE('',#1861,#1828,#260,.T.);
#1761=EDGE_CURVE('',#1863,#1830,#261,.T.);
#1762=EDGE_CURVE('',#1862,#1831,#262,.T.);
#1763=EDGE_CURVE('',#1860,#1829,#263,.T.);
#1764=EDGE_CURVE('',#1821,#1852,#264,.T.);
#1765=EDGE_CURVE('',#1820,#1853,#265,.T.);
#1766=EDGE_CURVE('',#1822,#1855,#266,.T.);
#1767=EDGE_CURVE('',#1823,#1854,#267,.T.);
#1768=EDGE_CURVE('',#1797,#1805,#268,.T.);
#1769=EDGE_CURVE('',#1796,#1804,#269,.T.);
#1770=EDGE_CURVE('',#1798,#1807,#270,.T.);
#1771=EDGE_CURVE('',#1799,#1806,#271,.T.);
#1772=EDGE_CURVE('',#2048,#2048,#2176,.T.);
#1773=EDGE_CURVE('',#2049,#2049,#2177,.T.);
#1774=EDGE_CURVE('',#2050,#2050,#2178,.T.);
#1775=EDGE_CURVE('',#2051,#2051,#2179,.T.);
#1776=VERTEX_POINT('',#3974);
#1777=VERTEX_POINT('',#3976);
#1778=VERTEX_POINT('',#3979);
#1779=VERTEX_POINT('',#3981);
#1780=VERTEX_POINT('',#3984);
#1781=VERTEX_POINT('',#3986);
#1782=VERTEX_POINT('',#3989);
#1783=VERTEX_POINT('',#3991);
#1784=VERTEX_POINT('',#3994);
#1785=VERTEX_POINT('',#3995);
#1786=VERTEX_POINT('',#3997);
#1787=VERTEX_POINT('',#3999);
#1788=VERTEX_POINT('',#4003);
#1789=VERTEX_POINT('',#4004);
#1790=VERTEX_POINT('',#4009);
#1791=VERTEX_POINT('',#4011);
#1792=VERTEX_POINT('',#4015);
#1793=VERTEX_POINT('',#4016);
#1794=VERTEX_POINT('',#4018);
#1795=VERTEX_POINT('',#4020);
#1796=VERTEX_POINT('',#4023);
#1797=VERTEX_POINT('',#4024);
#1798=VERTEX_POINT('',#4026);
#1799=VERTEX_POINT('',#4028);
#1800=VERTEX_POINT('',#4032);
#1801=VERTEX_POINT('',#4033);
#1802=VERTEX_POINT('',#4035);
#1803=VERTEX_POINT('',#4037);
#1804=VERTEX_POINT('',#4040);
#1805=VERTEX_POINT('',#4041);
#1806=VERTEX_POINT('',#4043);
#1807=VERTEX_POINT('',#4045);
#1808=VERTEX_POINT('',#4049);
#1809=VERTEX_POINT('',#4050);
#1810=VERTEX_POINT('',#4052);
#1811=VERTEX_POINT('',#4054);
#1812=VERTEX_POINT('',#4057);
#1813=VERTEX_POINT('',#4058);
#1814=VERTEX_POINT('',#4060);
#1815=VERTEX_POINT('',#4062);
#1816=VERTEX_POINT('',#4066);
#1817=VERTEX_POINT('',#4067);
#1818=VERTEX_POINT('',#4069);
#1819=VERTEX_POINT('',#4071);
#1820=VERTEX_POINT('',#4074);
#1821=VERTEX_POINT('',#4075);
#1822=VERTEX_POINT('',#4077);
#1823=VERTEX_POINT('',#4079);
#1824=VERTEX_POINT('',#4083);
#1825=VERTEX_POINT('',#4084);
#1826=VERTEX_POINT('',#4086);
#1827=VERTEX_POINT('',#4088);
#1828=VERTEX_POINT('',#4091);
#1829=VERTEX_POINT('',#4092);
#1830=VERTEX_POINT('',#4094);
#1831=VERTEX_POINT('',#4096);
#1832=VERTEX_POINT('',#4100);
#1833=VERTEX_POINT('',#4101);
#1834=VERTEX_POINT('',#4103);
#1835=VERTEX_POINT('',#4105);
#1836=VERTEX_POINT('',#4108);
#1837=VERTEX_POINT('',#4109);
#1838=VERTEX_POINT('',#4111);
#1839=VERTEX_POINT('',#4113);
#1840=VERTEX_POINT('',#4117);
#1841=VERTEX_POINT('',#4118);
#1842=VERTEX_POINT('',#4120);
#1843=VERTEX_POINT('',#4122);
#1844=VERTEX_POINT('',#4125);
#1845=VERTEX_POINT('',#4126);
#1846=VERTEX_POINT('',#4128);
#1847=VERTEX_POINT('',#4130);
#1848=VERTEX_POINT('',#4134);
#1849=VERTEX_POINT('',#4135);
#1850=VERTEX_POINT('',#4137);
#1851=VERTEX_POINT('',#4139);
#1852=VERTEX_POINT('',#4142);
#1853=VERTEX_POINT('',#4143);
#1854=VERTEX_POINT('',#4145);
#1855=VERTEX_POINT('',#4147);
#1856=VERTEX_POINT('',#4151);
#1857=VERTEX_POINT('',#4152);
#1858=VERTEX_POINT('',#4154);
#1859=VERTEX_POINT('',#4156);
#1860=VERTEX_POINT('',#4159);
#1861=VERTEX_POINT('',#4160);
#1862=VERTEX_POINT('',#4162);
#1863=VERTEX_POINT('',#4164);
#1864=VERTEX_POINT('',#4168);
#1865=VERTEX_POINT('',#4169);
#1866=VERTEX_POINT('',#4171);
#1867=VERTEX_POINT('',#4173);
#1868=VERTEX_POINT('',#4176);
#1869=VERTEX_POINT('',#4177);
#1870=VERTEX_POINT('',#4179);
#1871=VERTEX_POINT('',#4181);
#1872=VERTEX_POINT('',#4185);
#1873=VERTEX_POINT('',#4186);
#1874=VERTEX_POINT('',#4188);
#1875=VERTEX_POINT('',#4190);
#1876=VERTEX_POINT('',#4193);
#1877=VERTEX_POINT('',#4194);
#1878=VERTEX_POINT('',#4196);
#1879=VERTEX_POINT('',#4198);
#1880=VERTEX_POINT('',#4202);
#1881=VERTEX_POINT('',#4203);
#1882=VERTEX_POINT('',#4205);
#1883=VERTEX_POINT('',#4207);
#1884=VERTEX_POINT('',#4211);
#1885=VERTEX_POINT('',#4212);
#1886=VERTEX_POINT('',#4218);
#1887=VERTEX_POINT('',#4220);
#1888=VERTEX_POINT('',#4223);
#1889=VERTEX_POINT('',#4225);
#1890=VERTEX_POINT('',#4229);
#1891=VERTEX_POINT('',#4231);
#1892=VERTEX_POINT('',#4233);
#1893=VERTEX_POINT('',#4235);
#1894=VERTEX_POINT('',#4238);
#1895=VERTEX_POINT('',#4239);
#1896=VERTEX_POINT('',#4244);
#1897=VERTEX_POINT('',#4245);
#1898=VERTEX_POINT('',#4247);
#1899=VERTEX_POINT('',#4249);
#1900=VERTEX_POINT('',#4251);
#1901=VERTEX_POINT('',#4253);
#1902=VERTEX_POINT('',#4255);
#1903=VERTEX_POINT('',#4257);
#1904=VERTEX_POINT('',#4259);
#1905=VERTEX_POINT('',#4261);
#1906=VERTEX_POINT('',#4264);
#1907=VERTEX_POINT('',#4266);
#1908=VERTEX_POINT('',#4268);
#1909=VERTEX_POINT('',#4270);
#1910=VERTEX_POINT('',#4272);
#1911=VERTEX_POINT('',#4274);
#1912=VERTEX_POINT('',#4276);
#1913=VERTEX_POINT('',#4278);
#1914=VERTEX_POINT('',#4281);
#1915=VERTEX_POINT('',#4282);
#1916=VERTEX_POINT('',#4285);
#1917=VERTEX_POINT('',#4287);
#1918=VERTEX_POINT('',#4289);
#1919=VERTEX_POINT('',#4291);
#1920=VERTEX_POINT('',#4293);
#1921=VERTEX_POINT('',#4295);
#1922=VERTEX_POINT('',#4298);
#1923=VERTEX_POINT('',#4299);
#1924=VERTEX_POINT('',#4301);
#1925=VERTEX_POINT('',#4303);
#1926=VERTEX_POINT('',#4305);
#1927=VERTEX_POINT('',#4307);
#1928=VERTEX_POINT('',#4309);
#1929=VERTEX_POINT('',#4311);
#1930=VERTEX_POINT('',#4314);
#1931=VERTEX_POINT('',#4315);
#1932=VERTEX_POINT('',#4318);
#1933=VERTEX_POINT('',#4320);
#1934=VERTEX_POINT('',#4323);
#1935=VERTEX_POINT('',#4324);
#1936=VERTEX_POINT('',#4327);
#1937=VERTEX_POINT('',#4329);
#1938=VERTEX_POINT('',#4331);
#1939=VERTEX_POINT('',#4333);
#1940=VERTEX_POINT('',#4335);
#1941=VERTEX_POINT('',#4337);
#1942=VERTEX_POINT('',#4341);
#1943=VERTEX_POINT('',#4342);
#1944=VERTEX_POINT('',#4344);
#1945=VERTEX_POINT('',#4346);
#1946=VERTEX_POINT('',#4349);
#1947=VERTEX_POINT('',#4351);
#1948=VERTEX_POINT('',#4353);
#1949=VERTEX_POINT('',#4355);
#1950=VERTEX_POINT('',#4358);
#1951=VERTEX_POINT('',#4359);
#1952=VERTEX_POINT('',#4361);
#1953=VERTEX_POINT('',#4363);
#1954=VERTEX_POINT('',#4365);
#1955=VERTEX_POINT('',#4367);
#1956=VERTEX_POINT('',#4369);
#1957=VERTEX_POINT('',#4371);
#1958=VERTEX_POINT('',#4374);
#1959=VERTEX_POINT('',#4375);
#1960=VERTEX_POINT('',#4377);
#1961=VERTEX_POINT('',#4379);
#1962=VERTEX_POINT('',#4381);
#1963=VERTEX_POINT('',#4383);
#1964=VERTEX_POINT('',#4385);
#1965=VERTEX_POINT('',#4387);
#1966=VERTEX_POINT('',#4389);
#1967=VERTEX_POINT('',#4391);
#1968=VERTEX_POINT('',#4393);
#1969=VERTEX_POINT('',#4395);
#1970=VERTEX_POINT('',#4398);
#1971=VERTEX_POINT('',#4400);
#1972=VERTEX_POINT('',#4402);
#1973=VERTEX_POINT('',#4404);
#1974=VERTEX_POINT('',#4406);
#1975=VERTEX_POINT('',#4408);
#1976=VERTEX_POINT('',#4412);
#1977=VERTEX_POINT('',#4414);
#1978=VERTEX_POINT('',#4417);
#1979=VERTEX_POINT('',#4418);
#1980=VERTEX_POINT('',#4420);
#1981=VERTEX_POINT('',#4422);
#1982=VERTEX_POINT('',#4426);
#1983=VERTEX_POINT('',#4428);
#1984=VERTEX_POINT('',#4432);
#1985=VERTEX_POINT('',#4433);
#1986=VERTEX_POINT('',#4439);
#1987=VERTEX_POINT('',#4441);
#1988=VERTEX_POINT('',#4444);
#1989=VERTEX_POINT('',#4446);
#1990=VERTEX_POINT('',#4448);
#1991=VERTEX_POINT('',#4450);
#1992=VERTEX_POINT('',#4454);
#1993=VERTEX_POINT('',#4456);
#1994=VERTEX_POINT('',#4464);
#1995=VERTEX_POINT('',#4466);
#1996=VERTEX_POINT('',#4468);
#1997=VERTEX_POINT('',#4470);
#1998=VERTEX_POINT('',#4472);
#1999=VERTEX_POINT('',#4474);
#2000=VERTEX_POINT('',#4476);
#2001=VERTEX_POINT('',#4478);
#2002=VERTEX_POINT('',#4480);
#2003=VERTEX_POINT('',#4485);
#2004=VERTEX_POINT('',#4487);
#2005=VERTEX_POINT('',#4489);
#2006=VERTEX_POINT('',#4491);
#2007=VERTEX_POINT('',#4493);
#2008=VERTEX_POINT('',#4495);
#2009=VERTEX_POINT('',#4497);
#2010=VERTEX_POINT('',#4499);
#2011=VERTEX_POINT('',#4501);
#2012=VERTEX_POINT('',#4506);
#2013=VERTEX_POINT('',#4508);
#2014=VERTEX_POINT('',#4510);
#2015=VERTEX_POINT('',#4512);
#2016=VERTEX_POINT('',#4514);
#2017=VERTEX_POINT('',#4516);
#2018=VERTEX_POINT('',#4518);
#2019=VERTEX_POINT('',#4520);
#2020=VERTEX_POINT('',#4522);
#2021=VERTEX_POINT('',#4527);
#2022=VERTEX_POINT('',#4529);
#2023=VERTEX_POINT('',#4531);
#2024=VERTEX_POINT('',#4533);
#2025=VERTEX_POINT('',#4535);
#2026=VERTEX_POINT('',#4537);
#2027=VERTEX_POINT('',#4539);
#2028=VERTEX_POINT('',#4541);
#2029=VERTEX_POINT('',#4543);
#2030=VERTEX_POINT('',#4551);
#2031=VERTEX_POINT('',#4553);
#2032=VERTEX_POINT('',#4626);
#2033=VERTEX_POINT('',#4628);
#2034=VERTEX_POINT('',#4630);
#2035=VERTEX_POINT('',#4632);
#2036=VERTEX_POINT('',#4637);
#2037=VERTEX_POINT('',#4638);
#2038=VERTEX_POINT('',#4642);
#2039=VERTEX_POINT('',#4644);
#2040=VERTEX_POINT('',#4648);
#2041=VERTEX_POINT('',#4650);
#2042=VERTEX_POINT('',#4655);
#2043=VERTEX_POINT('',#4659);
#2044=VERTEX_POINT('',#4663);
#2045=VERTEX_POINT('',#4667);
#2046=VERTEX_POINT('',#4671);
#2047=VERTEX_POINT('',#4675);
#2048=VERTEX_POINT('',#4764);
#2049=VERTEX_POINT('',#4768);
#2050=VERTEX_POINT('',#4774);
#2051=VERTEX_POINT('',#4778);
#2052=CIRCLE('',#2894,0.001);
#2053=CIRCLE('',#2895,0.001);
#2054=CIRCLE('',#2897,0.001);
#2055=CIRCLE('',#2898,0.001);
#2056=CIRCLE('',#2900,0.001);
#2057=CIRCLE('',#2901,0.001);
#2058=CIRCLE('',#2903,0.001);
#2059=CIRCLE('',#2904,0.001);
#2060=CIRCLE('',#2921,0.0015);
#2061=CIRCLE('',#2922,0.0015);
#2062=CIRCLE('',#2923,0.0015);
#2063=CIRCLE('',#2924,0.0015);
#2064=CIRCLE('',#2925,0.0015);
#2065=CIRCLE('',#2926,0.0015);
#2066=CIRCLE('',#2927,0.0015);
#2067=CIRCLE('',#2928,0.0015);
#2068=CIRCLE('',#2929,0.0015);
#2069=CIRCLE('',#2930,0.0015);
#2070=CIRCLE('',#2931,0.0015);
#2071=CIRCLE('',#2932,0.0015);
#2072=CIRCLE('',#2933,0.0015);
#2073=CIRCLE('',#2934,0.0015);
#2074=CIRCLE('',#2935,0.0015);
#2075=CIRCLE('',#2936,0.003);
#2076=CIRCLE('',#2937,0.005);
#2077=CIRCLE('',#2938,0.005);
#2078=CIRCLE('',#2939,0.005);
#2079=CIRCLE('',#2940,0.005);
#2080=CIRCLE('',#2941,0.005);
#2081=CIRCLE('',#2942,0.005);
#2082=CIRCLE('',#2943,0.003);
#2083=CIRCLE('',#2944,0.0015);
#2084=CIRCLE('',#2945,0.0015);
#2085=CIRCLE('',#2946,0.0015);
#2086=CIRCLE('',#2947,0.0015);
#2087=CIRCLE('',#2948,0.0015);
#2088=CIRCLE('',#2949,0.0015);
#2089=CIRCLE('',#2950,0.0015);
#2090=CIRCLE('',#2951,0.0015);
#2091=CIRCLE('',#2952,0.0015);
#2092=CIRCLE('',#2953,0.0015);
#2093=CIRCLE('',#2954,0.0015);
#2094=CIRCLE('',#2955,0.0015);
#2095=CIRCLE('',#2957,0.0015);
#2096=CIRCLE('',#2958,0.0015);
#2097=CIRCLE('',#2959,0.0015);
#2098=CIRCLE('',#2960,0.0015);
#2099=CIRCLE('',#2961,0.0015);
#2100=CIRCLE('',#2962,0.0015);
#2101=CIRCLE('',#2963,0.0015);
#2102=CIRCLE('',#2964,0.0015);
#2103=CIRCLE('',#2965,0.0015);
#2104=CIRCLE('',#2966,0.003);
#2105=CIRCLE('',#2967,0.003);
#2106=CIRCLE('',#2968,0.005);
#2107=CIRCLE('',#2969,0.005);
#2108=CIRCLE('',#2970,0.005);
#2109=CIRCLE('',#2971,0.005);
#2110=CIRCLE('',#2972,0.005);
#2111=CIRCLE('',#2973,0.005);
#2112=CIRCLE('',#2974,0.0015);
#2113=CIRCLE('',#2975,0.0015);
#2114=CIRCLE('',#2976,0.0015);
#2115=CIRCLE('',#2977,0.0015);
#2116=CIRCLE('',#2978,0.0015);
#2117=CIRCLE('',#2979,0.0015);
#2118=CIRCLE('',#2980,0.0015);
#2119=CIRCLE('',#2981,0.0015);
#2120=CIRCLE('',#2982,0.0015);
#2121=CIRCLE('',#2983,0.0015);
#2122=CIRCLE('',#2984,0.0015);
#2123=CIRCLE('',#2985,0.0015);
#2124=CIRCLE('',#2986,0.0015);
#2125=CIRCLE('',#2987,0.0015);
#2126=CIRCLE('',#2988,0.0015);
#2127=CIRCLE('',#2989,0.0015);
#2128=CIRCLE('',#2990,0.0015);
#2129=CIRCLE('',#2991,0.0015);
#2130=CIRCLE('',#2993,0.002);
#2131=CIRCLE('',#2994,0.002);
#2132=CIRCLE('',#2997,0.001);
#2133=CIRCLE('',#2998,0.001);
#2134=CIRCLE('',#2999,0.001);
#2135=CIRCLE('',#3000,0.001);
#2136=CIRCLE('',#3001,0.001);
#2137=CIRCLE('',#3002,0.001);
#2138=CIRCLE('',#3003,0.001);
#2139=CIRCLE('',#3004,0.001);
#2140=CIRCLE('',#3005,0.004);
#2141=CIRCLE('',#3006,0.0095);
#2142=CIRCLE('',#3008,0.001);
#2143=CIRCLE('',#3009,0.001);
#2144=CIRCLE('',#3010,0.001);
#2145=CIRCLE('',#3011,0.001);
#2146=CIRCLE('',#3012,0.001);
#2147=CIRCLE('',#3013,0.001);
#2148=CIRCLE('',#3014,0.001);
#2149=CIRCLE('',#3015,0.001);
#2150=CIRCLE('',#3016,0.004);
#2151=CIRCLE('',#3017,0.0095);
#2152=CIRCLE('',#3019,0.001);
#2153=CIRCLE('',#3020,0.001);
#2154=CIRCLE('',#3021,0.001);
#2155=CIRCLE('',#3022,0.001);
#2156=CIRCLE('',#3023,0.001);
#2157=CIRCLE('',#3024,0.001);
#2158=CIRCLE('',#3025,0.001);
#2159=CIRCLE('',#3026,0.001);
#2160=CIRCLE('',#3027,0.004);
#2161=CIRCLE('',#3028,0.0095);
#2162=CIRCLE('',#3030,0.001);
#2163=CIRCLE('',#3031,0.001);
#2164=CIRCLE('',#3032,0.001);
#2165=CIRCLE('',#3033,0.001);
#2166=CIRCLE('',#3034,0.001);
#2167=CIRCLE('',#3035,0.001);
#2168=CIRCLE('',#3036,0.001);
#2169=CIRCLE('',#3037,0.001);
#2170=CIRCLE('',#3038,0.004);
#2171=CIRCLE('',#3039,0.0095);
#2172=CIRCLE('',#3042,0.002);
#2173=CIRCLE('',#3043,0.002);
#2174=CIRCLE('',#3097,0.0015);
#2175=CIRCLE('',#3100,0.0015);
#2176=CIRCLE('',#3152,0.002);
#2177=CIRCLE('',#3155,0.002);
#2178=CIRCLE('',#3160,0.002);
#2179=CIRCLE('',#3163,0.002);
#2180=EDGE_LOOP('',(#612));
#2181=EDGE_LOOP('',(#613));
#2182=EDGE_LOOP('',(#614));
#2183=EDGE_LOOP('',(#615));
#2184=EDGE_LOOP('',(#616));
#2185=EDGE_LOOP('',(#617));
#2186=EDGE_LOOP('',(#618));
#2187=EDGE_LOOP('',(#619));
#2188=EDGE_LOOP('',(#620,#621,#622,#623));
#2189=EDGE_LOOP('',(#624,#625,#626,#627));
#2190=EDGE_LOOP('',(#628,#629,#630,#631));
#2191=EDGE_LOOP('',(#632,#633,#634,#635));
#2192=EDGE_LOOP('',(#636,#637,#638,#639));
#2193=EDGE_LOOP('',(#640,#641,#642,#643));
#2194=EDGE_LOOP('',(#644,#645,#646,#647));
#2195=EDGE_LOOP('',(#648,#649,#650,#651));
#2196=EDGE_LOOP('',(#652,#653,#654,#655));
#2197=EDGE_LOOP('',(#656,#657,#658,#659));
#2198=EDGE_LOOP('',(#660,#661,#662,#663));
#2199=EDGE_LOOP('',(#664,#665,#666,#667));
#2200=EDGE_LOOP('',(#668,#669,#670,#671));
#2201=EDGE_LOOP('',(#672,#673,#674,#675));
#2202=EDGE_LOOP('',(#676,#677,#678,#679));
#2203=EDGE_LOOP('',(#680,#681,#682,#683));
#2204=EDGE_LOOP('',(#684,#685,#686,#687));
#2205=EDGE_LOOP('',(#688,#689,#690,#691));
#2206=EDGE_LOOP('',(#692,#693,#694,#695));
#2207=EDGE_LOOP('',(#696,#697,#698,#699));
#2208=EDGE_LOOP('',(#700,#701,#702,#703));
#2209=EDGE_LOOP('',(#704,#705,#706,#707));
#2210=EDGE_LOOP('',(#708,#709,#710,#711));
#2211=EDGE_LOOP('',(#712,#713,#714,#715));
#2212=EDGE_LOOP('',(#716,#717,#718,#719));
#2213=EDGE_LOOP('',(#720,#721,#722,#723));
#2214=EDGE_LOOP('',(#724,#725,#726,#727,#728,#729));
#2215=EDGE_LOOP('',(#730,#731,#732,#733,#734,#735));
#2216=EDGE_LOOP('',(#736,#737,#738,#739,#740,#741));
#2217=EDGE_LOOP('',(#742,#743,#744,#745,#746,#747));
#2218=EDGE_LOOP('',(#748,#749,#750,#751,#752,#753));
#2219=EDGE_LOOP('',(#754,#755,#756,#757,#758,#759,#760,#761,#762,#763,#764,
#765,#766,#767,#768,#769,#770,#771,#772,#773));
#2220=EDGE_LOOP('',(#774,#775,#776,#777,#778,#779,#780,#781,#782,#783));
#2221=EDGE_LOOP('',(#784,#785,#786,#787,#788,#789,#790,#791));
#2222=EDGE_LOOP('',(#792,#793,#794,#795,#796,#797));
#2223=EDGE_LOOP('',(#798,#799,#800,#801,#802,#803,#804,#805,#806,#807,#808,
#809));
#2224=EDGE_LOOP('',(#810,#811,#812,#813,#814,#815,#816,#817,#818,#819));
#2225=EDGE_LOOP('',(#820,#821,#822,#823,#824,#825,#826,#827));
#2226=EDGE_LOOP('',(#828,#829,#830,#831,#832,#833,#834,#835,#836,#837,#838,
#839,#840,#841,#842,#843,#844,#845,#846,#847));
#2227=EDGE_LOOP('',(#848,#849,#850,#851,#852,#853));
#2228=EDGE_LOOP('',(#854,#855,#856,#857,#858,#859));
#2229=EDGE_LOOP('',(#860,#861,#862,#863,#864,#865));
#2230=EDGE_LOOP('',(#866,#867,#868,#869,#870,#871));
#2231=EDGE_LOOP('',(#872,#873,#874,#875,#876,#877));
#2232=EDGE_LOOP('',(#878,#879,#880,#881,#882,#883));
#2233=EDGE_LOOP('',(#884));
#2234=EDGE_LOOP('',(#885));
#2235=EDGE_LOOP('',(#886,#887,#888,#889));
#2236=EDGE_LOOP('',(#890,#891,#892,#893));
#2237=EDGE_LOOP('',(#894));
#2238=EDGE_LOOP('',(#895));
#2239=EDGE_LOOP('',(#896));
#2240=EDGE_LOOP('',(#897));
#2241=EDGE_LOOP('',(#898));
#2242=EDGE_LOOP('',(#899));
#2243=EDGE_LOOP('',(#900));
#2244=EDGE_LOOP('',(#901));
#2245=EDGE_LOOP('',(#902));
#2246=EDGE_LOOP('',(#903,#904,#905,#906));
#2247=EDGE_LOOP('',(#907));
#2248=EDGE_LOOP('',(#908));
#2249=EDGE_LOOP('',(#909));
#2250=EDGE_LOOP('',(#910));
#2251=EDGE_LOOP('',(#911));
#2252=EDGE_LOOP('',(#912));
#2253=EDGE_LOOP('',(#913));
#2254=EDGE_LOOP('',(#914));
#2255=EDGE_LOOP('',(#915));
#2256=EDGE_LOOP('',(#916,#917,#918,#919));
#2257=EDGE_LOOP('',(#920));
#2258=EDGE_LOOP('',(#921));
#2259=EDGE_LOOP('',(#922));
#2260=EDGE_LOOP('',(#923));
#2261=EDGE_LOOP('',(#924));
#2262=EDGE_LOOP('',(#925));
#2263=EDGE_LOOP('',(#926));
#2264=EDGE_LOOP('',(#927));
#2265=EDGE_LOOP('',(#928));
#2266=EDGE_LOOP('',(#929,#930,#931,#932));
#2267=EDGE_LOOP('',(#933));
#2268=EDGE_LOOP('',(#934));
#2269=EDGE_LOOP('',(#935));
#2270=EDGE_LOOP('',(#936));
#2271=EDGE_LOOP('',(#937));
#2272=EDGE_LOOP('',(#938));
#2273=EDGE_LOOP('',(#939));
#2274=EDGE_LOOP('',(#940));
#2275=EDGE_LOOP('',(#941));
#2276=EDGE_LOOP('',(#942,#943,#944,#945));
#2277=EDGE_LOOP('',(#946,#947,#948,#949));
#2278=EDGE_LOOP('',(#950));
#2279=EDGE_LOOP('',(#951));
#2280=EDGE_LOOP('',(#952,#953,#954,#955));
#2281=EDGE_LOOP('',(#956,#957,#958,#959));
#2282=EDGE_LOOP('',(#960));
#2283=EDGE_LOOP('',(#961));
#2284=EDGE_LOOP('',(#962));
#2285=EDGE_LOOP('',(#963));
#2286=EDGE_LOOP('',(#964));
#2287=EDGE_LOOP('',(#965));
#2288=EDGE_LOOP('',(#966));
#2289=EDGE_LOOP('',(#967));
#2290=EDGE_LOOP('',(#968));
#2291=EDGE_LOOP('',(#969));
#2292=EDGE_LOOP('',(#970));
#2293=EDGE_LOOP('',(#971));
#2294=EDGE_LOOP('',(#972));
#2295=EDGE_LOOP('',(#973));
#2296=EDGE_LOOP('',(#974));
#2297=EDGE_LOOP('',(#975));
#2298=EDGE_LOOP('',(#976));
#2299=EDGE_LOOP('',(#977));
#2300=EDGE_LOOP('',(#978));
#2301=EDGE_LOOP('',(#979));
#2302=EDGE_LOOP('',(#980));
#2303=EDGE_LOOP('',(#981));
#2304=EDGE_LOOP('',(#982));
#2305=EDGE_LOOP('',(#983));
#2306=EDGE_LOOP('',(#984));
#2307=EDGE_LOOP('',(#985));
#2308=EDGE_LOOP('',(#986));
#2309=EDGE_LOOP('',(#987));
#2310=EDGE_LOOP('',(#988));
#2311=EDGE_LOOP('',(#989));
#2312=EDGE_LOOP('',(#990));
#2313=EDGE_LOOP('',(#991));
#2314=EDGE_LOOP('',(#992));
#2315=EDGE_LOOP('',(#993));
#2316=EDGE_LOOP('',(#994));
#2317=EDGE_LOOP('',(#995));
#2318=EDGE_LOOP('',(#996,#997,#998,#999));
#2319=EDGE_LOOP('',(#1000,#1001,#1002,#1003));
#2320=EDGE_LOOP('',(#1004,#1005,#1006,#1007));
#2321=EDGE_LOOP('',(#1008,#1009,#1010,#1011));
#2322=EDGE_LOOP('',(#1012,#1013,#1014,#1015));
#2323=EDGE_LOOP('',(#1016,#1017,#1018,#1019));
#2324=EDGE_LOOP('',(#1020,#1021,#1022,#1023));
#2325=EDGE_LOOP('',(#1024,#1025,#1026,#1027));
#2326=EDGE_LOOP('',(#1028,#1029,#1030,#1031));
#2327=EDGE_LOOP('',(#1032,#1033,#1034,#1035));
#2328=EDGE_LOOP('',(#1036,#1037,#1038,#1039));
#2329=EDGE_LOOP('',(#1040,#1041,#1042,#1043));
#2330=EDGE_LOOP('',(#1044,#1045,#1046,#1047));
#2331=EDGE_LOOP('',(#1048,#1049,#1050,#1051));
#2332=EDGE_LOOP('',(#1052,#1053,#1054,#1055));
#2333=EDGE_LOOP('',(#1056,#1057,#1058,#1059));
#2334=EDGE_LOOP('',(#1060,#1061,#1062,#1063));
#2335=EDGE_LOOP('',(#1064,#1065,#1066,#1067));
#2336=EDGE_LOOP('',(#1068,#1069,#1070,#1071));
#2337=EDGE_LOOP('',(#1072,#1073,#1074,#1075));
#2338=EDGE_LOOP('',(#1076,#1077,#1078,#1079));
#2339=EDGE_LOOP('',(#1080,#1081,#1082,#1083,#1084,#1085,#1086,#1087));
#2340=EDGE_LOOP('',(#1088,#1089,#1090,#1091,#1092,#1093,#1094,#1095));
#2341=EDGE_LOOP('',(#1096));
#2342=EDGE_LOOP('',(#1097));
#2343=EDGE_LOOP('',(#1098,#1099,#1100,#1101,#1102,#1103,#1104,#1105));
#2344=EDGE_LOOP('',(#1106,#1107,#1108,#1109));
#2345=EDGE_LOOP('',(#1110));
#2346=EDGE_LOOP('',(#1111,#1112,#1113,#1114));
#2347=EDGE_LOOP('',(#1115,#1116,#1117,#1118));
#2348=EDGE_LOOP('',(#1119,#1120,#1121,#1122));
#2349=EDGE_LOOP('',(#1123,#1124,#1125,#1126));
#2350=EDGE_LOOP('',(#1127));
#2351=EDGE_LOOP('',(#1128,#1129,#1130,#1131));
#2352=EDGE_LOOP('',(#1132,#1133,#1134,#1135));
#2353=EDGE_LOOP('',(#1136,#1137,#1138,#1139,#1140,#1141,#1142,#1143));
#2354=EDGE_LOOP('',(#1144,#1145,#1146,#1147));
#2355=EDGE_LOOP('',(#1148,#1149,#1150,#1151,#1152,#1153));
#2356=EDGE_LOOP('',(#1154,#1155,#1156,#1157));
#2357=EDGE_LOOP('',(#1158,#1159,#1160,#1161,#1162,#1163));
#2358=EDGE_LOOP('',(#1164,#1165,#1166,#1167));
#2359=EDGE_LOOP('',(#1168,#1169,#1170,#1171));
#2360=EDGE_LOOP('',(#1172,#1173,#1174,#1175));
#2361=EDGE_LOOP('',(#1176,#1177,#1178,#1179));
#2362=EDGE_LOOP('',(#1180,#1181,#1182,#1183));
#2363=EDGE_LOOP('',(#1184,#1185,#1186,#1187));
#2364=EDGE_LOOP('',(#1188,#1189,#1190,#1191));
#2365=EDGE_LOOP('',(#1192,#1193,#1194,#1195));
#2366=EDGE_LOOP('',(#1196,#1197,#1198,#1199));
#2367=EDGE_LOOP('',(#1200,#1201,#1202,#1203));
#2368=EDGE_LOOP('',(#1204,#1205,#1206,#1207));
#2369=EDGE_LOOP('',(#1208,#1209,#1210,#1211));
#2370=EDGE_LOOP('',(#1212,#1213,#1214,#1215));
#2371=EDGE_LOOP('',(#1216,#1217,#1218,#1219));
#2372=EDGE_LOOP('',(#1220,#1221,#1222,#1223));
#2373=EDGE_LOOP('',(#1224,#1225,#1226,#1227));
#2374=EDGE_LOOP('',(#1228,#1229,#1230,#1231));
#2375=EDGE_LOOP('',(#1232,#1233,#1234,#1235));
#2376=EDGE_LOOP('',(#1236,#1237,#1238,#1239));
#2377=EDGE_LOOP('',(#1240,#1241,#1242,#1243));
#2378=EDGE_LOOP('',(#1244,#1245,#1246,#1247));
#2379=EDGE_LOOP('',(#1248,#1249,#1250,#1251));
#2380=EDGE_LOOP('',(#1252,#1253,#1254,#1255));
#2381=EDGE_LOOP('',(#1256,#1257,#1258,#1259));
#2382=EDGE_LOOP('',(#1260,#1261,#1262,#1263));
#2383=EDGE_LOOP('',(#1264,#1265,#1266,#1267));
#2384=EDGE_LOOP('',(#1268,#1269,#1270,#1271));
#2385=EDGE_LOOP('',(#1272,#1273,#1274,#1275));
#2386=EDGE_LOOP('',(#1276,#1277,#1278,#1279));
#2387=EDGE_LOOP('',(#1280,#1281,#1282,#1283));
#2388=EDGE_LOOP('',(#1284,#1285,#1286,#1287));
#2389=EDGE_LOOP('',(#1288,#1289,#1290,#1291));
#2390=EDGE_LOOP('',(#1292,#1293,#1294,#1295));
#2391=EDGE_LOOP('',(#1296,#1297,#1298,#1299));
#2392=EDGE_LOOP('',(#1300,#1301,#1302,#1303));
#2393=EDGE_LOOP('',(#1304,#1305,#1306,#1307));
#2394=EDGE_LOOP('',(#1308,#1309,#1310,#1311));
#2395=EDGE_LOOP('',(#1312,#1313,#1314,#1315));
#2396=EDGE_LOOP('',(#1316,#1317,#1318,#1319));
#2397=EDGE_LOOP('',(#1320,#1321,#1322,#1323));
#2398=EDGE_LOOP('',(#1324,#1325,#1326,#1327));
#2399=EDGE_LOOP('',(#1328,#1329,#1330,#1331));
#2400=EDGE_LOOP('',(#1332,#1333,#1334,#1335));
#2401=EDGE_LOOP('',(#1336,#1337,#1338,#1339));
#2402=EDGE_LOOP('',(#1340,#1341,#1342,#1343));
#2403=EDGE_LOOP('',(#1344,#1345,#1346,#1347));
#2404=EDGE_LOOP('',(#1348,#1349,#1350,#1351));
#2405=EDGE_LOOP('',(#1352,#1353,#1354,#1355));
#2406=EDGE_LOOP('',(#1356,#1357,#1358,#1359));
#2407=EDGE_LOOP('',(#1360,#1361,#1362,#1363));
#2408=EDGE_LOOP('',(#1364));
#2409=EDGE_LOOP('',(#1365));
#2410=EDGE_LOOP('',(#1366));
#2411=EDGE_LOOP('',(#1367));
#2412=EDGE_LOOP('',(#1368));
#2413=EDGE_LOOP('',(#1369));
#2414=EDGE_LOOP('',(#1370));
#2415=EDGE_LOOP('',(#1371));
#2416=EDGE_LOOP('',(#1372,#1373,#1374,#1375));
#2417=EDGE_LOOP('',(#1376,#1377,#1378,#1379));
#2418=EDGE_LOOP('',(#1380));
#2419=EDGE_LOOP('',(#1381));
#2420=EDGE_LOOP('',(#1382));
#2421=EDGE_LOOP('',(#1383));
#2422=EDGE_LOOP('',(#1384));
#2423=EDGE_LOOP('',(#1385));
#2424=EDGE_LOOP('',(#1386));
#2425=EDGE_LOOP('',(#1387));
#2426=FACE_BOUND('',#2180,.T.);
#2427=FACE_BOUND('',#2181,.T.);
#2428=FACE_BOUND('',#2182,.T.);
#2429=FACE_BOUND('',#2183,.T.);
#2430=FACE_BOUND('',#2184,.T.);
#2431=FACE_BOUND('',#2185,.T.);
#2432=FACE_BOUND('',#2186,.T.);
#2433=FACE_BOUND('',#2187,.T.);
#2434=FACE_BOUND('',#2188,.T.);
#2435=FACE_BOUND('',#2189,.T.);
#2436=FACE_BOUND('',#2190,.T.);
#2437=FACE_BOUND('',#2191,.T.);
#2438=FACE_BOUND('',#2192,.T.);
#2439=FACE_BOUND('',#2193,.T.);
#2440=FACE_BOUND('',#2194,.T.);
#2441=FACE_BOUND('',#2195,.T.);
#2442=FACE_BOUND('',#2196,.T.);
#2443=FACE_BOUND('',#2197,.T.);
#2444=FACE_BOUND('',#2198,.T.);
#2445=FACE_BOUND('',#2199,.T.);
#2446=FACE_BOUND('',#2200,.T.);
#2447=FACE_BOUND('',#2201,.T.);
#2448=FACE_BOUND('',#2202,.T.);
#2449=FACE_BOUND('',#2203,.T.);
#2450=FACE_BOUND('',#2204,.T.);
#2451=FACE_BOUND('',#2205,.T.);
#2452=FACE_BOUND('',#2206,.T.);
#2453=FACE_BOUND('',#2207,.T.);
#2454=FACE_BOUND('',#2208,.T.);
#2455=FACE_BOUND('',#2209,.T.);
#2456=FACE_BOUND('',#2210,.T.);
#2457=FACE_BOUND('',#2211,.T.);
#2458=FACE_BOUND('',#2212,.T.);
#2459=FACE_BOUND('',#2213,.T.);
#2460=FACE_BOUND('',#2214,.T.);
#2461=FACE_BOUND('',#2215,.T.);
#2462=FACE_BOUND('',#2216,.T.);
#2463=FACE_BOUND('',#2217,.T.);
#2464=FACE_BOUND('',#2218,.T.);
#2465=FACE_BOUND('',#2219,.T.);
#2466=FACE_BOUND('',#2220,.T.);
#2467=FACE_BOUND('',#2221,.T.);
#2468=FACE_BOUND('',#2222,.T.);
#2469=FACE_BOUND('',#2223,.T.);
#2470=FACE_BOUND('',#2224,.T.);
#2471=FACE_BOUND('',#2225,.T.);
#2472=FACE_BOUND('',#2226,.T.);
#2473=FACE_BOUND('',#2227,.T.);
#2474=FACE_BOUND('',#2228,.T.);
#2475=FACE_BOUND('',#2229,.T.);
#2476=FACE_BOUND('',#2230,.T.);
#2477=FACE_BOUND('',#2231,.T.);
#2478=FACE_BOUND('',#2232,.T.);
#2479=FACE_BOUND('',#2233,.T.);
#2480=FACE_BOUND('',#2234,.T.);
#2481=FACE_BOUND('',#2235,.T.);
#2482=FACE_BOUND('',#2236,.T.);
#2483=FACE_BOUND('',#2237,.T.);
#2484=FACE_BOUND('',#2238,.T.);
#2485=FACE_BOUND('',#2239,.T.);
#2486=FACE_BOUND('',#2240,.T.);
#2487=FACE_BOUND('',#2241,.T.);
#2488=FACE_BOUND('',#2242,.T.);
#2489=FACE_BOUND('',#2243,.T.);
#2490=FACE_BOUND('',#2244,.T.);
#2491=FACE_BOUND('',#2245,.T.);
#2492=FACE_BOUND('',#2246,.T.);
#2493=FACE_BOUND('',#2247,.T.);
#2494=FACE_BOUND('',#2248,.T.);
#2495=FACE_BOUND('',#2249,.T.);
#2496=FACE_BOUND('',#2250,.T.);
#2497=FACE_BOUND('',#2251,.T.);
#2498=FACE_BOUND('',#2252,.T.);
#2499=FACE_BOUND('',#2253,.T.);
#2500=FACE_BOUND('',#2254,.T.);
#2501=FACE_BOUND('',#2255,.T.);
#2502=FACE_BOUND('',#2256,.T.);
#2503=FACE_BOUND('',#2257,.T.);
#2504=FACE_BOUND('',#2258,.T.);
#2505=FACE_BOUND('',#2259,.T.);
#2506=FACE_BOUND('',#2260,.T.);
#2507=FACE_BOUND('',#2261,.T.);
#2508=FACE_BOUND('',#2262,.T.);
#2509=FACE_BOUND('',#2263,.T.);
#2510=FACE_BOUND('',#2264,.T.);
#2511=FACE_BOUND('',#2265,.T.);
#2512=FACE_BOUND('',#2266,.T.);
#2513=FACE_BOUND('',#2267,.T.);
#2514=FACE_BOUND('',#2268,.T.);
#2515=FACE_BOUND('',#2269,.T.);
#2516=FACE_BOUND('',#2270,.T.);
#2517=FACE_BOUND('',#2271,.T.);
#2518=FACE_BOUND('',#2272,.T.);
#2519=FACE_BOUND('',#2273,.T.);
#2520=FACE_BOUND('',#2274,.T.);
#2521=FACE_BOUND('',#2275,.T.);
#2522=FACE_BOUND('',#2276,.T.);
#2523=FACE_BOUND('',#2277,.T.);
#2524=FACE_BOUND('',#2278,.T.);
#2525=FACE_BOUND('',#2279,.T.);
#2526=FACE_BOUND('',#2280,.T.);
#2527=FACE_BOUND('',#2281,.T.);
#2528=FACE_BOUND('',#2282,.T.);
#2529=FACE_BOUND('',#2283,.T.);
#2530=FACE_BOUND('',#2284,.T.);
#2531=FACE_BOUND('',#2285,.T.);
#2532=FACE_BOUND('',#2286,.T.);
#2533=FACE_BOUND('',#2287,.T.);
#2534=FACE_BOUND('',#2288,.T.);
#2535=FACE_BOUND('',#2289,.T.);
#2536=FACE_BOUND('',#2290,.T.);
#2537=FACE_BOUND('',#2291,.T.);
#2538=FACE_BOUND('',#2292,.T.);
#2539=FACE_BOUND('',#2293,.T.);
#2540=FACE_BOUND('',#2294,.T.);
#2541=FACE_BOUND('',#2295,.T.);
#2542=FACE_BOUND('',#2296,.T.);
#2543=FACE_BOUND('',#2297,.T.);
#2544=FACE_BOUND('',#2298,.T.);
#2545=FACE_BOUND('',#2299,.T.);
#2546=FACE_BOUND('',#2300,.T.);
#2547=FACE_BOUND('',#2301,.T.);
#2548=FACE_BOUND('',#2302,.T.);
#2549=FACE_BOUND('',#2303,.T.);
#2550=FACE_BOUND('',#2304,.T.);
#2551=FACE_BOUND('',#2305,.T.);
#2552=FACE_BOUND('',#2306,.T.);
#2553=FACE_BOUND('',#2307,.T.);
#2554=FACE_BOUND('',#2308,.T.);
#2555=FACE_BOUND('',#2309,.T.);
#2556=FACE_BOUND('',#2310,.T.);
#2557=FACE_BOUND('',#2311,.T.);
#2558=FACE_BOUND('',#2312,.T.);
#2559=FACE_BOUND('',#2313,.T.);
#2560=FACE_BOUND('',#2314,.T.);
#2561=FACE_BOUND('',#2315,.T.);
#2562=FACE_BOUND('',#2316,.T.);
#2563=FACE_BOUND('',#2317,.T.);
#2564=FACE_BOUND('',#2318,.T.);
#2565=FACE_BOUND('',#2319,.T.);
#2566=FACE_BOUND('',#2320,.T.);
#2567=FACE_BOUND('',#2321,.T.);
#2568=FACE_BOUND('',#2322,.T.);
#2569=FACE_BOUND('',#2323,.T.);
#2570=FACE_BOUND('',#2324,.T.);
#2571=FACE_BOUND('',#2325,.T.);
#2572=FACE_BOUND('',#2326,.T.);
#2573=FACE_BOUND('',#2327,.T.);
#2574=FACE_BOUND('',#2328,.T.);
#2575=FACE_BOUND('',#2329,.T.);
#2576=FACE_BOUND('',#2330,.T.);
#2577=FACE_BOUND('',#2331,.T.);
#2578=FACE_BOUND('',#2332,.T.);
#2579=FACE_BOUND('',#2333,.T.);
#2580=FACE_BOUND('',#2334,.T.);
#2581=FACE_BOUND('',#2335,.T.);
#2582=FACE_BOUND('',#2336,.T.);
#2583=FACE_BOUND('',#2337,.T.);
#2584=FACE_BOUND('',#2338,.T.);
#2585=FACE_BOUND('',#2339,.T.);
#2586=FACE_BOUND('',#2340,.T.);
#2587=FACE_BOUND('',#2341,.T.);
#2588=FACE_BOUND('',#2342,.T.);
#2589=FACE_BOUND('',#2343,.T.);
#2590=FACE_BOUND('',#2344,.T.);
#2591=FACE_BOUND('',#2345,.T.);
#2592=FACE_BOUND('',#2346,.T.);
#2593=FACE_BOUND('',#2347,.T.);
#2594=FACE_BOUND('',#2348,.T.);
#2595=FACE_BOUND('',#2349,.T.);
#2596=FACE_BOUND('',#2350,.T.);
#2597=FACE_BOUND('',#2351,.T.);
#2598=FACE_BOUND('',#2352,.T.);
#2599=FACE_BOUND('',#2353,.T.);
#2600=FACE_BOUND('',#2354,.T.);
#2601=FACE_BOUND('',#2355,.T.);
#2602=FACE_BOUND('',#2356,.T.);
#2603=FACE_BOUND('',#2357,.T.);
#2604=FACE_BOUND('',#2358,.T.);
#2605=FACE_BOUND('',#2359,.T.);
#2606=FACE_BOUND('',#2360,.T.);
#2607=FACE_BOUND('',#2361,.T.);
#2608=FACE_BOUND('',#2362,.T.);
#2609=FACE_BOUND('',#2363,.T.);
#2610=FACE_BOUND('',#2364,.T.);
#2611=FACE_BOUND('',#2365,.T.);
#2612=FACE_BOUND('',#2366,.T.);
#2613=FACE_BOUND('',#2367,.T.);
#2614=FACE_BOUND('',#2368,.T.);
#2615=FACE_BOUND('',#2369,.T.);
#2616=FACE_BOUND('',#2370,.T.);
#2617=FACE_BOUND('',#2371,.T.);
#2618=FACE_BOUND('',#2372,.T.);
#2619=FACE_BOUND('',#2373,.T.);
#2620=FACE_BOUND('',#2374,.T.);
#2621=FACE_BOUND('',#2375,.T.);
#2622=FACE_BOUND('',#2376,.T.);
#2623=FACE_BOUND('',#2377,.T.);
#2624=FACE_BOUND('',#2378,.T.);
#2625=FACE_BOUND('',#2379,.T.);
#2626=FACE_BOUND('',#2380,.T.);
#2627=FACE_BOUND('',#2381,.T.);
#2628=FACE_BOUND('',#2382,.T.);
#2629=FACE_BOUND('',#2383,.T.);
#2630=FACE_BOUND('',#2384,.T.);
#2631=FACE_BOUND('',#2385,.T.);
#2632=FACE_BOUND('',#2386,.T.);
#2633=FACE_BOUND('',#2387,.T.);
#2634=FACE_BOUND('',#2388,.T.);
#2635=FACE_BOUND('',#2389,.T.);
#2636=FACE_BOUND('',#2390,.T.);
#2637=FACE_BOUND('',#2391,.T.);
#2638=FACE_BOUND('',#2392,.T.);
#2639=FACE_BOUND('',#2393,.T.);
#2640=FACE_BOUND('',#2394,.T.);
#2641=FACE_BOUND('',#2395,.T.);
#2642=FACE_BOUND('',#2396,.T.);
#2643=FACE_BOUND('',#2397,.T.);
#2644=FACE_BOUND('',#2398,.T.);
#2645=FACE_BOUND('',#2399,.T.);
#2646=FACE_BOUND('',#2400,.T.);
#2647=FACE_BOUND('',#2401,.T.);
#2648=FACE_BOUND('',#2402,.T.);
#2649=FACE_BOUND('',#2403,.T.);
#2650=FACE_BOUND('',#2404,.T.);
#2651=FACE_BOUND('',#2405,.T.);
#2652=FACE_BOUND('',#2406,.T.);
#2653=FACE_BOUND('',#2407,.T.);
#2654=FACE_BOUND('',#2408,.T.);
#2655=FACE_BOUND('',#2409,.T.);
#2656=FACE_BOUND('',#2410,.T.);
#2657=FACE_BOUND('',#2411,.T.);
#2658=FACE_BOUND('',#2412,.T.);
#2659=FACE_BOUND('',#2413,.T.);
#2660=FACE_BOUND('',#2414,.T.);
#2661=FACE_BOUND('',#2415,.T.);
#2662=FACE_BOUND('',#2416,.T.);
#2663=FACE_BOUND('',#2417,.T.);
#2664=FACE_BOUND('',#2418,.T.);
#2665=FACE_BOUND('',#2419,.T.);
#2666=FACE_BOUND('',#2420,.T.);
#2667=FACE_BOUND('',#2421,.T.);
#2668=FACE_BOUND('',#2422,.T.);
#2669=FACE_BOUND('',#2423,.T.);
#2670=FACE_BOUND('',#2424,.T.);
#2671=FACE_BOUND('',#2425,.T.);
#2672=CYLINDRICAL_SURFACE('',#2893,0.001);
#2673=CYLINDRICAL_SURFACE('',#2896,0.001);
#2674=CYLINDRICAL_SURFACE('',#2899,0.001);
#2675=CYLINDRICAL_SURFACE('',#2902,0.001);
#2676=CYLINDRICAL_SURFACE('',#3045,0.004);
#2677=CYLINDRICAL_SURFACE('',#3046,0.001);
#2678=CYLINDRICAL_SURFACE('',#3047,0.001);
#2679=CYLINDRICAL_SURFACE('',#3048,0.001);
#2680=CYLINDRICAL_SURFACE('',#3049,0.001);
#2681=CYLINDRICAL_SURFACE('',#3050,0.001);
#2682=CYLINDRICAL_SURFACE('',#3051,0.001);
#2683=CYLINDRICAL_SURFACE('',#3052,0.001);
#2684=CYLINDRICAL_SURFACE('',#3053,0.001);
#2685=CYLINDRICAL_SURFACE('',#3054,0.004);
#2686=CYLINDRICAL_SURFACE('',#3055,0.001);
#2687=CYLINDRICAL_SURFACE('',#3056,0.001);
#2688=CYLINDRICAL_SURFACE('',#3057,0.001);
#2689=CYLINDRICAL_SURFACE('',#3058,0.001);
#2690=CYLINDRICAL_SURFACE('',#3059,0.001);
#2691=CYLINDRICAL_SURFACE('',#3060,0.001);
#2692=CYLINDRICAL_SURFACE('',#3061,0.001);
#2693=CYLINDRICAL_SURFACE('',#3062,0.001);
#2694=CYLINDRICAL_SURFACE('',#3063,0.0095);
#2695=CYLINDRICAL_SURFACE('',#3064,0.0095);
#2696=CYLINDRICAL_SURFACE('',#3065,0.005);
#2697=CYLINDRICAL_SURFACE('',#3066,0.005);
#2698=CYLINDRICAL_SURFACE('',#3067,0.005);
#2699=CYLINDRICAL_SURFACE('',#3068,0.005);
#2700=CYLINDRICAL_SURFACE('',#3069,0.005);
#2701=CYLINDRICAL_SURFACE('',#3070,0.005);
#2702=CYLINDRICAL_SURFACE('',#3118,0.0015);
#2703=CYLINDRICAL_SURFACE('',#3119,0.0015);
#2704=CYLINDRICAL_SURFACE('',#3120,0.0015);
#2705=CYLINDRICAL_SURFACE('',#3121,0.0015);
#2706=CYLINDRICAL_SURFACE('',#3122,0.0015);
#2707=CYLINDRICAL_SURFACE('',#3123,0.0015);
#2708=CYLINDRICAL_SURFACE('',#3124,0.0015);
#2709=CYLINDRICAL_SURFACE('',#3125,0.0015);
#2710=CYLINDRICAL_SURFACE('',#3126,0.0015);
#2711=CYLINDRICAL_SURFACE('',#3127,0.0015);
#2712=CYLINDRICAL_SURFACE('',#3128,0.0015);
#2713=CYLINDRICAL_SURFACE('',#3129,0.0015);
#2714=CYLINDRICAL_SURFACE('',#3130,0.0015);
#2715=CYLINDRICAL_SURFACE('',#3131,0.0015);
#2716=CYLINDRICAL_SURFACE('',#3132,0.0015);
#2717=CYLINDRICAL_SURFACE('',#3133,0.0015);
#2718=CYLINDRICAL_SURFACE('',#3134,0.0015);
#2719=CYLINDRICAL_SURFACE('',#3135,0.0015);
#2720=CYLINDRICAL_SURFACE('',#3136,0.0015);
#2721=CYLINDRICAL_SURFACE('',#3137,0.0015);
#2722=CYLINDRICAL_SURFACE('',#3138,0.0015);
#2723=CYLINDRICAL_SURFACE('',#3139,0.0015);
#2724=CYLINDRICAL_SURFACE('',#3140,0.0015);
#2725=CYLINDRICAL_SURFACE('',#3141,0.0015);
#2726=CYLINDRICAL_SURFACE('',#3142,0.0015);
#2727=CYLINDRICAL_SURFACE('',#3143,0.0015);
#2728=CYLINDRICAL_SURFACE('',#3144,0.0015);
#2729=CYLINDRICAL_SURFACE('',#3145,0.0015);
#2730=CYLINDRICAL_SURFACE('',#3151,0.002);
#2731=CYLINDRICAL_SURFACE('',#3154,0.002);
#2732=CYLINDRICAL_SURFACE('',#3157,0.003);
#2733=CYLINDRICAL_SURFACE('',#3158,0.003);
#2734=CYLINDRICAL_SURFACE('',#3161,0.002);
#2735=CYLINDRICAL_SURFACE('',#3164,0.002);
#2736=ADVANCED_FACE('',(#2426,#2427),#2672,.F.);
#2737=ADVANCED_FACE('',(#2428,#2429),#2673,.F.);
#2738=ADVANCED_FACE('',(#2430,#2431),#2674,.F.);
#2739=ADVANCED_FACE('',(#2432,#2433),#2675,.F.);
#2740=ADVANCED_FACE('',(#2434),#532,.T.);
#2741=ADVANCED_FACE('',(#2435),#533,.T.);
#2742=ADVANCED_FACE('',(#2436),#534,.F.);
#2743=ADVANCED_FACE('',(#2437,#2438),#535,.F.);
#2744=ADVANCED_FACE('',(#2439,#2440),#536,.F.);
#2745=ADVANCED_FACE('',(#2441,#2442),#537,.F.);
#2746=ADVANCED_FACE('',(#2443,#2444),#538,.F.);
#2747=ADVANCED_FACE('',(#2445,#2446),#539,.F.);
#2748=ADVANCED_FACE('',(#2447,#2448),#540,.F.);
#2749=ADVANCED_FACE('',(#2449,#2450),#541,.F.);
#2750=ADVANCED_FACE('',(#2451,#2452),#542,.F.);
#2751=ADVANCED_FACE('',(#2453,#2454),#543,.F.);
#2752=ADVANCED_FACE('',(#2455,#2456),#544,.F.);
#2753=ADVANCED_FACE('',(#2457,#2458),#545,.T.);
#2754=ADVANCED_FACE('',(#2459),#546,.T.);
#2755=ADVANCED_FACE('',(#2460,#2461,#2462,#2463,#2464,#2465,#2466,#2467,
#2468,#2469),#547,.T.);
#2756=ADVANCED_FACE('',(#2470,#2471,#2472,#2473,#2474,#2475,#2476,#2477,
#2478),#548,.F.);
#2757=ADVANCED_FACE('',(#2479,#2480,#2481),#549,.F.);
#2758=ADVANCED_FACE('',(#2482),#550,.T.);
#2759=ADVANCED_FACE('',(#2483,#2484,#2485,#2486,#2487,#2488,#2489,#2490,
#2491,#2492),#551,.F.);
#2760=ADVANCED_FACE('',(#2493,#2494,#2495,#2496,#2497,#2498,#2499,#2500,
#2501,#2502),#552,.T.);
#2761=ADVANCED_FACE('',(#2503,#2504,#2505,#2506,#2507,#2508,#2509,#2510,
#2511,#2512),#553,.F.);
#2762=ADVANCED_FACE('',(#2513,#2514,#2515,#2516,#2517,#2518,#2519,#2520,
#2521,#2522),#554,.T.);
#2763=ADVANCED_FACE('',(#2523),#555,.F.);
#2764=ADVANCED_FACE('',(#2524,#2525,#2526),#556,.T.);
#2765=ADVANCED_FACE('',(#2527),#557,.F.);
#2766=ADVANCED_FACE('',(#2528,#2529),#2676,.F.);
#2767=ADVANCED_FACE('',(#2530,#2531),#2677,.F.);
#2768=ADVANCED_FACE('',(#2532,#2533),#2678,.F.);
#2769=ADVANCED_FACE('',(#2534,#2535),#2679,.F.);
#2770=ADVANCED_FACE('',(#2536,#2537),#2680,.F.);
#2771=ADVANCED_FACE('',(#2538,#2539),#2681,.F.);
#2772=ADVANCED_FACE('',(#2540,#2541),#2682,.F.);
#2773=ADVANCED_FACE('',(#2542,#2543),#2683,.F.);
#2774=ADVANCED_FACE('',(#2544,#2545),#2684,.F.);
#2775=ADVANCED_FACE('',(#2546,#2547),#2685,.F.);
#2776=ADVANCED_FACE('',(#2548,#2549),#2686,.F.);
#2777=ADVANCED_FACE('',(#2550,#2551),#2687,.F.);
#2778=ADVANCED_FACE('',(#2552,#2553),#2688,.F.);
#2779=ADVANCED_FACE('',(#2554,#2555),#2689,.F.);
#2780=ADVANCED_FACE('',(#2556,#2557),#2690,.F.);
#2781=ADVANCED_FACE('',(#2558,#2559),#2691,.F.);
#2782=ADVANCED_FACE('',(#2560,#2561),#2692,.F.);
#2783=ADVANCED_FACE('',(#2562,#2563),#2693,.F.);
#2784=ADVANCED_FACE('',(#2564),#2694,.T.);
#2785=ADVANCED_FACE('',(#2565),#2695,.T.);
#2786=ADVANCED_FACE('',(#2566),#2696,.F.);
#2787=ADVANCED_FACE('',(#2567),#2697,.F.);
#2788=ADVANCED_FACE('',(#2568),#2698,.T.);
#2789=ADVANCED_FACE('',(#2569),#2699,.F.);
#2790=ADVANCED_FACE('',(#2570),#2700,.F.);
#2791=ADVANCED_FACE('',(#2571),#2701,.T.);
#2792=ADVANCED_FACE('',(#2572),#558,.F.);
#2793=ADVANCED_FACE('',(#2573),#559,.F.);
#2794=ADVANCED_FACE('',(#2574),#560,.F.);
#2795=ADVANCED_FACE('',(#2575),#561,.F.);
#2796=ADVANCED_FACE('',(#2576),#562,.F.);
#2797=ADVANCED_FACE('',(#2577),#563,.F.);
#2798=ADVANCED_FACE('',(#2578),#564,.T.);
#2799=ADVANCED_FACE('',(#2579),#565,.T.);
#2800=ADVANCED_FACE('',(#2580),#566,.T.);
#2801=ADVANCED_FACE('',(#2581),#567,.T.);
#2802=ADVANCED_FACE('',(#2582),#568,.T.);
#2803=ADVANCED_FACE('',(#2583),#569,.T.);
#2804=ADVANCED_FACE('',(#2584),#570,.T.);
#2805=ADVANCED_FACE('',(#2585),#571,.F.);
#2806=ADVANCED_FACE('',(#2586),#572,.F.);
#2807=ADVANCED_FACE('',(#2587,#2588,#2589),#573,.T.);
#2808=ADVANCED_FACE('',(#2590),#574,.F.);
#2809=ADVANCED_FACE('',(#2591,#2592),#575,.F.);
#2810=ADVANCED_FACE('',(#2593),#576,.T.);
#2811=ADVANCED_FACE('',(#2594),#577,.F.);
#2812=ADVANCED_FACE('',(#2595),#578,.F.);
#2813=ADVANCED_FACE('',(#2596,#2597),#579,.T.);
#2814=ADVANCED_FACE('',(#2598),#580,.T.);
#2815=ADVANCED_FACE('',(#2599),#581,.T.);
#2816=ADVANCED_FACE('',(#2600),#582,.F.);
#2817=ADVANCED_FACE('',(#2601),#583,.T.);
#2818=ADVANCED_FACE('',(#2602),#584,.F.);
#2819=ADVANCED_FACE('',(#2603),#585,.F.);
#2820=ADVANCED_FACE('',(#2604),#586,.T.);
#2821=ADVANCED_FACE('',(#2605),#587,.T.);
#2822=ADVANCED_FACE('',(#2606),#588,.F.);
#2823=ADVANCED_FACE('',(#2607),#589,.F.);
#2824=ADVANCED_FACE('',(#2608),#590,.T.);
#2825=ADVANCED_FACE('',(#2609),#591,.T.);
#2826=ADVANCED_FACE('',(#2610),#592,.F.);
#2827=ADVANCED_FACE('',(#2611),#593,.F.);
#2828=ADVANCED_FACE('',(#2612),#594,.T.);
#2829=ADVANCED_FACE('',(#2613),#595,.T.);
#2830=ADVANCED_FACE('',(#2614),#596,.F.);
#2831=ADVANCED_FACE('',(#2615),#597,.F.);
#2832=ADVANCED_FACE('',(#2616),#598,.T.);
#2833=ADVANCED_FACE('',(#2617),#599,.T.);
#2834=ADVANCED_FACE('',(#2618),#600,.F.);
#2835=ADVANCED_FACE('',(#2619),#601,.F.);
#2836=ADVANCED_FACE('',(#2620),#602,.T.);
#2837=ADVANCED_FACE('',(#2621),#2702,.F.);
#2838=ADVANCED_FACE('',(#2622),#2703,.F.);
#2839=ADVANCED_FACE('',(#2623),#2704,.F.);
#2840=ADVANCED_FACE('',(#2624),#2705,.F.);
#2841=ADVANCED_FACE('',(#2625),#2706,.F.);
#2842=ADVANCED_FACE('',(#2626),#2707,.F.);
#2843=ADVANCED_FACE('',(#2627),#2708,.F.);
#2844=ADVANCED_FACE('',(#2628),#2709,.F.);
#2845=ADVANCED_FACE('',(#2629),#2710,.F.);
#2846=ADVANCED_FACE('',(#2630),#2711,.F.);
#2847=ADVANCED_FACE('',(#2631),#2712,.F.);
#2848=ADVANCED_FACE('',(#2632),#2713,.F.);
#2849=ADVANCED_FACE('',(#2633),#2714,.F.);
#2850=ADVANCED_FACE('',(#2634),#2715,.F.);
#2851=ADVANCED_FACE('',(#2635),#2716,.F.);
#2852=ADVANCED_FACE('',(#2636),#2717,.F.);
#2853=ADVANCED_FACE('',(#2637),#2718,.F.);
#2854=ADVANCED_FACE('',(#2638),#2719,.F.);
#2855=ADVANCED_FACE('',(#2639),#2720,.F.);
#2856=ADVANCED_FACE('',(#2640),#2721,.F.);
#2857=ADVANCED_FACE('',(#2641),#2722,.F.);
#2858=ADVANCED_FACE('',(#2642),#2723,.F.);
#2859=ADVANCED_FACE('',(#2643),#2724,.F.);
#2860=ADVANCED_FACE('',(#2644),#2725,.F.);
#2861=ADVANCED_FACE('',(#2645),#2726,.F.);
#2862=ADVANCED_FACE('',(#2646),#2727,.F.);
#2863=ADVANCED_FACE('',(#2647),#2728,.F.);
#2864=ADVANCED_FACE('',(#2648),#2729,.F.);
#2865=ADVANCED_FACE('',(#2649),#603,.T.);
#2866=ADVANCED_FACE('',(#2650),#604,.F.);
#2867=ADVANCED_FACE('',(#2651),#605,.F.);
#2868=ADVANCED_FACE('',(#2652),#606,.T.);
#2869=ADVANCED_FACE('',(#2653),#607,.T.);
#2870=ADVANCED_FACE('',(#2654,#2655),#2730,.F.);
#2871=ADVANCED_FACE('',(#2656,#2657),#608,.T.);
#2872=ADVANCED_FACE('',(#2658,#2659),#2731,.F.);
#2873=ADVANCED_FACE('',(#2660,#2661),#609,.T.);
#2874=ADVANCED_FACE('',(#2662),#2732,.T.);
#2875=ADVANCED_FACE('',(#2663),#2733,.T.);
#2876=ADVANCED_FACE('',(#2664,#2665),#610,.T.);
#2877=ADVANCED_FACE('',(#2666,#2667),#2734,.F.);
#2878=ADVANCED_FACE('',(#2668,#2669),#611,.T.);
#2879=ADVANCED_FACE('',(#2670,#2671),#2735,.F.);
#2880=CLOSED_SHELL('',(#2736,#2737,#2738,#2739,#2740,#2741,#2742,#2743,
#2744,#2745,#2746,#2747,#2748,#2749,#2750,#2751,#2752,#2753,#2754,#2755,
#2756,#2757,#2758,#2759,#2760,#2761,#2762,#2763,#2764,#2765,#2766,#2767,
#2768,#2769,#2770,#2771,#2772,#2773,#2774,#2775,#2776,#2777,#2778,#2779,
#2780,#2781,#2782,#2783,#2784,#2785,#2786,#2787,#2788,#2789,#2790,#2791,
#2792,#2793,#2794,#2795,#2796,#2797,#2798,#2799,#2800,#2801,#2802,#2803,
#2804,#2805,#2806,#2807,#2808,#2809,#2810,#2811,#2812,#2813,#2814,#2815,
#2816,#2817,#2818,#2819,#2820,#2821,#2822,#2823,#2824,#2825,#2826,#2827,
#2828,#2829,#2830,#2831,#2832,#2833,#2834,#2835,#2836,#2837,#2838,#2839,
#2840,#2841,#2842,#2843,#2844,#2845,#2846,#2847,#2848,#2849,#2850,#2851,
#2852,#2853,#2854,#2855,#2856,#2857,#2858,#2859,#2860,#2861,#2862,#2863,
#2864,#2865,#2866,#2867,#2868,#2869,#2870,#2871,#2872,#2873,#2874,#2875,
#2876,#2877,#2878,#2879));
#2881=STYLED_ITEM('',(#2882),#2889);
#2882=PRESENTATION_STYLE_ASSIGNMENT((#2883));
#2883=SURFACE_STYLE_USAGE(.BOTH.,#2884);
#2884=SURFACE_SIDE_STYLE('',(#2885));
#2885=SURFACE_STYLE_FILL_AREA(#2886);
#2886=FILL_AREA_STYLE('',(#2887));
#2887=FILL_AREA_STYLE_COLOUR('',#2888);
#2888=COLOUR_RGB('',0.615686274509804,0.811764705882353,0.929411764705882);
#2889=MANIFOLD_SOLID_BREP('Part 1',#2880);
#2890=SHAPE_DEFINITION_REPRESENTATION(#4786,#2891);
#2891=SHAPE_REPRESENTATION('Part 1',(#2892),#4781);
#2892=AXIS2_PLACEMENT_3D('',#3971,#3165,#3166);
#2893=AXIS2_PLACEMENT_3D('',#3972,#3167,#3168);
#2894=AXIS2_PLACEMENT_3D('',#3973,#3169,#3170);
#2895=AXIS2_PLACEMENT_3D('',#3975,#3171,#3172);
#2896=AXIS2_PLACEMENT_3D('',#3977,#3173,#3174);
#2897=AXIS2_PLACEMENT_3D('',#3978,#3175,#3176);
#2898=AXIS2_PLACEMENT_3D('',#3980,#3177,#3178);
#2899=AXIS2_PLACEMENT_3D('',#3982,#3179,#3180);
#2900=AXIS2_PLACEMENT_3D('',#3983,#3181,#3182);
#2901=AXIS2_PLACEMENT_3D('',#3985,#3183,#3184);
#2902=AXIS2_PLACEMENT_3D('',#3987,#3185,#3186);
#2903=AXIS2_PLACEMENT_3D('',#3988,#3187,#3188);
#2904=AXIS2_PLACEMENT_3D('',#3990,#3189,#3190);
#2905=AXIS2_PLACEMENT_3D('',#3992,#3191,#3192);
#2906=AXIS2_PLACEMENT_3D('',#4001,#3197,#3198);
#2907=AXIS2_PLACEMENT_3D('',#4007,#3202,#3203);
#2908=AXIS2_PLACEMENT_3D('',#4013,#3207,#3208);
#2909=AXIS2_PLACEMENT_3D('',#4030,#3217,#3218);
#2910=AXIS2_PLACEMENT_3D('',#4047,#3227,#3228);
#2911=AXIS2_PLACEMENT_3D('',#4064,#3237,#3238);
#2912=AXIS2_PLACEMENT_3D('',#4081,#3247,#3248);
#2913=AXIS2_PLACEMENT_3D('',#4098,#3257,#3258);
#2914=AXIS2_PLACEMENT_3D('',#4115,#3267,#3268);
#2915=AXIS2_PLACEMENT_3D('',#4132,#3277,#3278);
#2916=AXIS2_PLACEMENT_3D('',#4149,#3287,#3288);
#2917=AXIS2_PLACEMENT_3D('',#4166,#3297,#3298);
#2918=AXIS2_PLACEMENT_3D('',#4183,#3307,#3308);
#2919=AXIS2_PLACEMENT_3D('',#4200,#3317,#3318);
#2920=AXIS2_PLACEMENT_3D('',#4209,#3323,#3324);
#2921=AXIS2_PLACEMENT_3D('',#4213,#3326,#3327);
#2922=AXIS2_PLACEMENT_3D('',#4214,#3328,#3329);
#2923=AXIS2_PLACEMENT_3D('',#4215,#3330,#3331);
#2924=AXIS2_PLACEMENT_3D('',#4216,#3332,#3333);
#2925=AXIS2_PLACEMENT_3D('',#4217,#3334,#3335);
#2926=AXIS2_PLACEMENT_3D('',#4221,#3337,#3338);
#2927=AXIS2_PLACEMENT_3D('',#4222,#3339,#3340);
#2928=AXIS2_PLACEMENT_3D('',#4226,#3342,#3343);
#2929=AXIS2_PLACEMENT_3D('',#4227,#3344,#3345);
#2930=AXIS2_PLACEMENT_3D('',#4228,#3346,#3347);
#2931=AXIS2_PLACEMENT_3D('',#4232,#3349,#3350);
#2932=AXIS2_PLACEMENT_3D('',#4236,#3352,#3353);
#2933=AXIS2_PLACEMENT_3D('',#4240,#3355,#3356);
#2934=AXIS2_PLACEMENT_3D('',#4241,#3357,#3358);
#2935=AXIS2_PLACEMENT_3D('',#4242,#3359,#3360);
#2936=AXIS2_PLACEMENT_3D('',#4246,#3362,#3363);
#2937=AXIS2_PLACEMENT_3D('',#4250,#3365,#3366);
#2938=AXIS2_PLACEMENT_3D('',#4254,#3368,#3369);
#2939=AXIS2_PLACEMENT_3D('',#4262,#3373,#3374);
#2940=AXIS2_PLACEMENT_3D('',#4263,#3375,#3376);
#2941=AXIS2_PLACEMENT_3D('',#4271,#3380,#3381);
#2942=AXIS2_PLACEMENT_3D('',#4275,#3383,#3384);
#2943=AXIS2_PLACEMENT_3D('',#4279,#3386,#3387);
#2944=AXIS2_PLACEMENT_3D('',#4283,#3389,#3390);
#2945=AXIS2_PLACEMENT_3D('',#4284,#3391,#3392);
#2946=AXIS2_PLACEMENT_3D('',#4288,#3394,#3395);
#2947=AXIS2_PLACEMENT_3D('',#4292,#3397,#3398);
#2948=AXIS2_PLACEMENT_3D('',#4296,#3400,#3401);
#2949=AXIS2_PLACEMENT_3D('',#4300,#3403,#3404);
#2950=AXIS2_PLACEMENT_3D('',#4304,#3406,#3407);
#2951=AXIS2_PLACEMENT_3D('',#4308,#3409,#3410);
#2952=AXIS2_PLACEMENT_3D('',#4312,#3412,#3413);
#2953=AXIS2_PLACEMENT_3D('',#4316,#3415,#3416);
#2954=AXIS2_PLACEMENT_3D('',#4317,#3417,#3418);
#2955=AXIS2_PLACEMENT_3D('',#4321,#3420,#3421);
#2956=AXIS2_PLACEMENT_3D('',#4339,#3431,#3432);
#2957=AXIS2_PLACEMENT_3D('',#4343,#3434,#3435);
#2958=AXIS2_PLACEMENT_3D('',#4347,#3437,#3438);
#2959=AXIS2_PLACEMENT_3D('',#4348,#3439,#3440);
#2960=AXIS2_PLACEMENT_3D('',#4352,#3442,#3443);
#2961=AXIS2_PLACEMENT_3D('',#4356,#3445,#3446);
#2962=AXIS2_PLACEMENT_3D('',#4360,#3448,#3449);
#2963=AXIS2_PLACEMENT_3D('',#4364,#3451,#3452);
#2964=AXIS2_PLACEMENT_3D('',#4368,#3454,#3455);
#2965=AXIS2_PLACEMENT_3D('',#4372,#3457,#3458);
#2966=AXIS2_PLACEMENT_3D('',#4376,#3460,#3461);
#2967=AXIS2_PLACEMENT_3D('',#4380,#3463,#3464);
#2968=AXIS2_PLACEMENT_3D('',#4384,#3466,#3467);
#2969=AXIS2_PLACEMENT_3D('',#4388,#3469,#3470);
#2970=AXIS2_PLACEMENT_3D('',#4396,#3474,#3475);
#2971=AXIS2_PLACEMENT_3D('',#4397,#3476,#3477);
#2972=AXIS2_PLACEMENT_3D('',#4405,#3481,#3482);
#2973=AXIS2_PLACEMENT_3D('',#4409,#3484,#3485);
#2974=AXIS2_PLACEMENT_3D('',#4410,#3486,#3487);
#2975=AXIS2_PLACEMENT_3D('',#4411,#3488,#3489);
#2976=AXIS2_PLACEMENT_3D('',#4415,#3491,#3492);
#2977=AXIS2_PLACEMENT_3D('',#4419,#3494,#3495);
#2978=AXIS2_PLACEMENT_3D('',#4423,#3497,#3498);
#2979=AXIS2_PLACEMENT_3D('',#4424,#3499,#3500);
#2980=AXIS2_PLACEMENT_3D('',#4425,#3501,#3502);
#2981=AXIS2_PLACEMENT_3D('',#4429,#3504,#3505);
#2982=AXIS2_PLACEMENT_3D('',#4430,#3506,#3507);
#2983=AXIS2_PLACEMENT_3D('',#4434,#3509,#3510);
#2984=AXIS2_PLACEMENT_3D('',#4435,#3511,#3512);
#2985=AXIS2_PLACEMENT_3D('',#4436,#3513,#3514);
#2986=AXIS2_PLACEMENT_3D('',#4437,#3515,#3516);
#2987=AXIS2_PLACEMENT_3D('',#4438,#3517,#3518);
#2988=AXIS2_PLACEMENT_3D('',#4442,#3520,#3521);
#2989=AXIS2_PLACEMENT_3D('',#4443,#3522,#3523);
#2990=AXIS2_PLACEMENT_3D('',#4447,#3525,#3526);
#2991=AXIS2_PLACEMENT_3D('',#4451,#3528,#3529);
#2992=AXIS2_PLACEMENT_3D('',#4452,#3530,#3531);
#2993=AXIS2_PLACEMENT_3D('',#4453,#3532,#3533);
#2994=AXIS2_PLACEMENT_3D('',#4455,#3534,#3535);
#2995=AXIS2_PLACEMENT_3D('',#4459,#3538,#3539);
#2996=AXIS2_PLACEMENT_3D('',#4462,#3542,#3543);
#2997=AXIS2_PLACEMENT_3D('',#4463,#3544,#3545);
#2998=AXIS2_PLACEMENT_3D('',#4465,#3546,#3547);
#2999=AXIS2_PLACEMENT_3D('',#4467,#3548,#3549);
#3000=AXIS2_PLACEMENT_3D('',#4469,#3550,#3551);
#3001=AXIS2_PLACEMENT_3D('',#4471,#3552,#3553);
#3002=AXIS2_PLACEMENT_3D('',#4473,#3554,#3555);
#3003=AXIS2_PLACEMENT_3D('',#4475,#3556,#3557);
#3004=AXIS2_PLACEMENT_3D('',#4477,#3558,#3559);
#3005=AXIS2_PLACEMENT_3D('',#4479,#3560,#3561);
#3006=AXIS2_PLACEMENT_3D('',#4482,#3563,#3564);
#3007=AXIS2_PLACEMENT_3D('',#4483,#3565,#3566);
#3008=AXIS2_PLACEMENT_3D('',#4484,#3567,#3568);
#3009=AXIS2_PLACEMENT_3D('',#4486,#3569,#3570);
#3010=AXIS2_PLACEMENT_3D('',#4488,#3571,#3572);
#3011=AXIS2_PLACEMENT_3D('',#4490,#3573,#3574);
#3012=AXIS2_PLACEMENT_3D('',#4492,#3575,#3576);
#3013=AXIS2_PLACEMENT_3D('',#4494,#3577,#3578);
#3014=AXIS2_PLACEMENT_3D('',#4496,#3579,#3580);
#3015=AXIS2_PLACEMENT_3D('',#4498,#3581,#3582);
#3016=AXIS2_PLACEMENT_3D('',#4500,#3583,#3584);
#3017=AXIS2_PLACEMENT_3D('',#4503,#3586,#3587);
#3018=AXIS2_PLACEMENT_3D('',#4504,#3588,#3589);
#3019=AXIS2_PLACEMENT_3D('',#4505,#3590,#3591);
#3020=AXIS2_PLACEMENT_3D('',#4507,#3592,#3593);
#3021=AXIS2_PLACEMENT_3D('',#4509,#3594,#3595);
#3022=AXIS2_PLACEMENT_3D('',#4511,#3596,#3597);
#3023=AXIS2_PLACEMENT_3D('',#4513,#3598,#3599);
#3024=AXIS2_PLACEMENT_3D('',#4515,#3600,#3601);
#3025=AXIS2_PLACEMENT_3D('',#4517,#3602,#3603);
#3026=AXIS2_PLACEMENT_3D('',#4519,#3604,#3605);
#3027=AXIS2_PLACEMENT_3D('',#4521,#3606,#3607);
#3028=AXIS2_PLACEMENT_3D('',#4524,#3609,#3610);
#3029=AXIS2_PLACEMENT_3D('',#4525,#3611,#3612);
#3030=AXIS2_PLACEMENT_3D('',#4526,#3613,#3614);
#3031=AXIS2_PLACEMENT_3D('',#4528,#3615,#3616);
#3032=AXIS2_PLACEMENT_3D('',#4530,#3617,#3618);
#3033=AXIS2_PLACEMENT_3D('',#4532,#3619,#3620);
#3034=AXIS2_PLACEMENT_3D('',#4534,#3621,#3622);
#3035=AXIS2_PLACEMENT_3D('',#4536,#3623,#3624);
#3036=AXIS2_PLACEMENT_3D('',#4538,#3625,#3626);
#3037=AXIS2_PLACEMENT_3D('',#4540,#3627,#3628);
#3038=AXIS2_PLACEMENT_3D('',#4542,#3629,#3630);
#3039=AXIS2_PLACEMENT_3D('',#4545,#3632,#3633);
#3040=AXIS2_PLACEMENT_3D('',#4546,#3634,#3635);
#3041=AXIS2_PLACEMENT_3D('',#4549,#3638,#3639);
#3042=AXIS2_PLACEMENT_3D('',#4550,#3640,#3641);
#3043=AXIS2_PLACEMENT_3D('',#4552,#3642,#3643);
#3044=AXIS2_PLACEMENT_3D('',#4556,#3646,#3647);
#3045=AXIS2_PLACEMENT_3D('',#4559,#3650,#3651);
#3046=AXIS2_PLACEMENT_3D('',#4560,#3652,#3653);
#3047=AXIS2_PLACEMENT_3D('',#4561,#3654,#3655);
#3048=AXIS2_PLACEMENT_3D('',#4562,#3656,#3657);
#3049=AXIS2_PLACEMENT_3D('',#4563,#3658,#3659);
#3050=AXIS2_PLACEMENT_3D('',#4564,#3660,#3661);
#3051=AXIS2_PLACEMENT_3D('',#4565,#3662,#3663);
#3052=AXIS2_PLACEMENT_3D('',#4566,#3664,#3665);
#3053=AXIS2_PLACEMENT_3D('',#4567,#3666,#3667);
#3054=AXIS2_PLACEMENT_3D('',#4568,#3668,#3669);
#3055=AXIS2_PLACEMENT_3D('',#4569,#3670,#3671);
#3056=AXIS2_PLACEMENT_3D('',#4570,#3672,#3673);
#3057=AXIS2_PLACEMENT_3D('',#4571,#3674,#3675);
#3058=AXIS2_PLACEMENT_3D('',#4572,#3676,#3677);
#3059=AXIS2_PLACEMENT_3D('',#4573,#3678,#3679);
#3060=AXIS2_PLACEMENT_3D('',#4574,#3680,#3681);
#3061=AXIS2_PLACEMENT_3D('',#4575,#3682,#3683);
#3062=AXIS2_PLACEMENT_3D('',#4576,#3684,#3685);
#3063=AXIS2_PLACEMENT_3D('',#4577,#3686,#3687);
#3064=AXIS2_PLACEMENT_3D('',#4578,#3688,#3689);
#3065=AXIS2_PLACEMENT_3D('',#4579,#3690,#3691);
#3066=AXIS2_PLACEMENT_3D('',#4580,#3692,#3693);
#3067=AXIS2_PLACEMENT_3D('',#4581,#3694,#3695);
#3068=AXIS2_PLACEMENT_3D('',#4582,#3696,#3697);
#3069=AXIS2_PLACEMENT_3D('',#4583,#3698,#3699);
#3070=AXIS2_PLACEMENT_3D('',#4584,#3700,#3701);
#3071=AXIS2_PLACEMENT_3D('',#4585,#3702,#3703);
#3072=AXIS2_PLACEMENT_3D('',#4588,#3706,#3707);
#3073=AXIS2_PLACEMENT_3D('',#4591,#3710,#3711);
#3074=AXIS2_PLACEMENT_3D('',#4594,#3714,#3715);
#3075=AXIS2_PLACEMENT_3D('',#4597,#3718,#3719);
#3076=AXIS2_PLACEMENT_3D('',#4600,#3722,#3723);
#3077=AXIS2_PLACEMENT_3D('',#4603,#3726,#3727);
#3078=AXIS2_PLACEMENT_3D('',#4606,#3730,#3731);
#3079=AXIS2_PLACEMENT_3D('',#4609,#3734,#3735);
#3080=AXIS2_PLACEMENT_3D('',#4612,#3738,#3739);
#3081=AXIS2_PLACEMENT_3D('',#4615,#3742,#3743);
#3082=AXIS2_PLACEMENT_3D('',#4618,#3746,#3747);
#3083=AXIS2_PLACEMENT_3D('',#4621,#3750,#3751);
#3084=AXIS2_PLACEMENT_3D('',#4624,#3754,#3755);
#3085=AXIS2_PLACEMENT_3D('',#4635,#3762,#3763);
#3086=AXIS2_PLACEMENT_3D('',#4646,#3770,#3771);
#3087=AXIS2_PLACEMENT_3D('',#4653,#3776,#3777);
#3088=AXIS2_PLACEMENT_3D('',#4657,#3780,#3781);
#3089=AXIS2_PLACEMENT_3D('',#4661,#3784,#3785);
#3090=AXIS2_PLACEMENT_3D('',#4665,#3788,#3789);
#3091=AXIS2_PLACEMENT_3D('',#4669,#3792,#3793);
#3092=AXIS2_PLACEMENT_3D('',#4673,#3796,#3797);
#3093=AXIS2_PLACEMENT_3D('',#4677,#3800,#3801);
#3094=AXIS2_PLACEMENT_3D('',#4679,#3803,#3804);
#3095=AXIS2_PLACEMENT_3D('',#4680,#3805,#3806);
#3096=AXIS2_PLACEMENT_3D('',#4683,#3809,#3810);
#3097=AXIS2_PLACEMENT_3D('',#4684,#3811,#3812);
#3098=AXIS2_PLACEMENT_3D('',#4687,#3815,#3816);
#3099=AXIS2_PLACEMENT_3D('',#4689,#3818,#3819);
#3100=AXIS2_PLACEMENT_3D('',#4691,#3821,#3822);
#3101=AXIS2_PLACEMENT_3D('',#4692,#3823,#3824);
#3102=AXIS2_PLACEMENT_3D('',#4693,#3825,#3826);
#3103=AXIS2_PLACEMENT_3D('',#4696,#3829,#3830);
#3104=AXIS2_PLACEMENT_3D('',#4698,#3832,#3833);
#3105=AXIS2_PLACEMENT_3D('',#4700,#3835,#3836);
#3106=AXIS2_PLACEMENT_3D('',#4701,#3837,#3838);
#3107=AXIS2_PLACEMENT_3D('',#4704,#3841,#3842);
#3108=AXIS2_PLACEMENT_3D('',#4706,#3844,#3845);
#3109=AXIS2_PLACEMENT_3D('',#4708,#3847,#3848);
#3110=AXIS2_PLACEMENT_3D('',#4709,#3849,#3850);
#3111=AXIS2_PLACEMENT_3D('',#4712,#3853,#3854);
#3112=AXIS2_PLACEMENT_3D('',#4714,#3856,#3857);
#3113=AXIS2_PLACEMENT_3D('',#4716,#3859,#3860);
#3114=AXIS2_PLACEMENT_3D('',#4717,#3861,#3862);
#3115=AXIS2_PLACEMENT_3D('',#4720,#3865,#3866);
#3116=AXIS2_PLACEMENT_3D('',#4722,#3868,#3869);
#3117=AXIS2_PLACEMENT_3D('',#4724,#3871,#3872);
#3118=AXIS2_PLACEMENT_3D('',#4725,#3873,#3874);
#3119=AXIS2_PLACEMENT_3D('',#4726,#3875,#3876);
#3120=AXIS2_PLACEMENT_3D('',#4727,#3877,#3878);
#3121=AXIS2_PLACEMENT_3D('',#4728,#3879,#3880);
#3122=AXIS2_PLACEMENT_3D('',#4729,#3881,#3882);
#3123=AXIS2_PLACEMENT_3D('',#4730,#3883,#3884);
#3124=AXIS2_PLACEMENT_3D('',#4731,#3885,#3886);
#3125=AXIS2_PLACEMENT_3D('',#4732,#3887,#3888);
#3126=AXIS2_PLACEMENT_3D('',#4733,#3889,#3890);
#3127=AXIS2_PLACEMENT_3D('',#4734,#3891,#3892);
#3128=AXIS2_PLACEMENT_3D('',#4735,#3893,#3894);
#3129=AXIS2_PLACEMENT_3D('',#4736,#3895,#3896);
#3130=AXIS2_PLACEMENT_3D('',#4737,#3897,#3898);
#3131=AXIS2_PLACEMENT_3D('',#4738,#3899,#3900);
#3132=AXIS2_PLACEMENT_3D('',#4739,#3901,#3902);
#3133=AXIS2_PLACEMENT_3D('',#4740,#3903,#3904);
#3134=AXIS2_PLACEMENT_3D('',#4741,#3905,#3906);
#3135=AXIS2_PLACEMENT_3D('',#4742,#3907,#3908);
#3136=AXIS2_PLACEMENT_3D('',#4743,#3909,#3910);
#3137=AXIS2_PLACEMENT_3D('',#4744,#3911,#3912);
#3138=AXIS2_PLACEMENT_3D('',#4745,#3913,#3914);
#3139=AXIS2_PLACEMENT_3D('',#4746,#3915,#3916);
#3140=AXIS2_PLACEMENT_3D('',#4747,#3917,#3918);
#3141=AXIS2_PLACEMENT_3D('',#4748,#3919,#3920);
#3142=AXIS2_PLACEMENT_3D('',#4749,#3921,#3922);
#3143=AXIS2_PLACEMENT_3D('',#4750,#3923,#3924);
#3144=AXIS2_PLACEMENT_3D('',#4751,#3925,#3926);
#3145=AXIS2_PLACEMENT_3D('',#4752,#3927,#3928);
#3146=AXIS2_PLACEMENT_3D('',#4753,#3929,#3930);
#3147=AXIS2_PLACEMENT_3D('',#4756,#3933,#3934);
#3148=AXIS2_PLACEMENT_3D('',#4758,#3936,#3937);
#3149=AXIS2_PLACEMENT_3D('',#4760,#3939,#3940);
#3150=AXIS2_PLACEMENT_3D('',#4761,#3941,#3942);
#3151=AXIS2_PLACEMENT_3D('',#4762,#3943,#3944);
#3152=AXIS2_PLACEMENT_3D('',#4763,#3945,#3946);
#3153=AXIS2_PLACEMENT_3D('',#4765,#3947,#3948);
#3154=AXIS2_PLACEMENT_3D('',#4766,#3949,#3950);
#3155=AXIS2_PLACEMENT_3D('',#4767,#3951,#3952);
#3156=AXIS2_PLACEMENT_3D('',#4769,#3953,#3954);
#3157=AXIS2_PLACEMENT_3D('',#4770,#3955,#3956);
#3158=AXIS2_PLACEMENT_3D('',#4771,#3957,#3958);
#3159=AXIS2_PLACEMENT_3D('',#4772,#3959,#3960);
#3160=AXIS2_PLACEMENT_3D('',#4773,#3961,#3962);
#3161=AXIS2_PLACEMENT_3D('',#4775,#3963,#3964);
#3162=AXIS2_PLACEMENT_3D('',#4776,#3965,#3966);
#3163=AXIS2_PLACEMENT_3D('',#4777,#3967,#3968);
#3164=AXIS2_PLACEMENT_3D('',#4779,#3969,#3970);
#3165=DIRECTION('',(0.,0.,1.));
#3166=DIRECTION('',(1.,0.,0.));
#3167=DIRECTION('',(1.,2.99520185778379E-16,0.));
#3168=DIRECTION('',(-2.99520185778379E-16,1.,0.));
#3169=DIRECTION('',(1.,0.,0.));
#3170=DIRECTION('',(0.,0.,-1.));
#3171=DIRECTION('',(-1.,-2.99520185778379E-16,0.));
#3172=DIRECTION('',(2.99520185778379E-16,-1.,0.));
#3173=DIRECTION('',(1.,2.99520185778379E-16,0.));
#3174=DIRECTION('',(-2.99520185778379E-16,1.,0.));
#3175=DIRECTION('',(-1.,0.,0.));
#3176=DIRECTION('',(0.,0.,1.));
#3177=DIRECTION('',(-1.,-2.99520185778379E-16,0.));
#3178=DIRECTION('',(2.99520185778379E-16,-1.,0.));
#3179=DIRECTION('',(1.,2.99520185778379E-16,0.));
#3180=DIRECTION('',(-2.99520185778379E-16,1.,0.));
#3181=DIRECTION('',(-1.,0.,0.));
#3182=DIRECTION('',(0.,0.,1.));
#3183=DIRECTION('',(1.,2.99520185778379E-16,0.));
#3184=DIRECTION('',(-2.99520185778379E-16,1.,0.));
#3185=DIRECTION('',(1.,2.99520185778379E-16,0.));
#3186=DIRECTION('',(-2.99520185778379E-16,1.,0.));
#3187=DIRECTION('',(-1.,0.,0.));
#3188=DIRECTION('',(0.,0.,1.));
#3189=DIRECTION('',(1.,2.99520185778379E-16,0.));
#3190=DIRECTION('',(-2.99520185778379E-16,1.,0.));
#3191=DIRECTION('',(0.,1.,0.));
#3192=DIRECTION('',(0.,0.,1.));
#3193=DIRECTION('',(0.,0.,1.));
#3194=DIRECTION('',(-1.,0.,0.));
#3195=DIRECTION('',(0.,0.,1.));
#3196=DIRECTION('',(-1.,0.,0.));
#3197=DIRECTION('',(-1.,0.,0.));
#3198=DIRECTION('',(0.,0.,1.));
#3199=DIRECTION('',(0.,0.,1.));
#3200=DIRECTION('',(0.,-1.,0.));
#3201=DIRECTION('',(0.,-1.,0.));
#3202=DIRECTION('',(0.,1.,0.));
#3203=DIRECTION('',(0.,0.,1.));
#3204=DIRECTION('',(-1.,0.,0.));
#3205=DIRECTION('',(-1.,0.,0.));
#3206=DIRECTION('',(0.,0.,1.));
#3207=DIRECTION('',(0.5,0.866025403784439,0.));
#3208=DIRECTION('',(-0.866025403784439,0.5,0.));
#3209=DIRECTION('',(-0.866025403784439,0.5,0.));
#3210=DIRECTION('',(0.,0.,1.));
#3211=DIRECTION('',(-0.866025403784439,0.5,0.));
#3212=DIRECTION('',(0.,0.,1.));
#3213=DIRECTION('',(0.,0.,1.));
#3214=DIRECTION('',(-0.866025403784439,0.5,0.));
#3215=DIRECTION('',(0.,0.,1.));
#3216=DIRECTION('',(-0.866025403784439,0.5,0.));
#3217=DIRECTION('',(-0.5,-0.866025403784439,0.));
#3218=DIRECTION('',(0.866025403784439,-0.5,0.));
#3219=DIRECTION('',(0.866025403784439,-0.5,0.));
#3220=DIRECTION('',(0.,0.,1.));
#3221=DIRECTION('',(0.866025403784439,-0.5,0.));
#3222=DIRECTION('',(0.,0.,1.));
#3223=DIRECTION('',(0.,0.,1.));
#3224=DIRECTION('',(-0.866025403784439,0.5,0.));
#3225=DIRECTION('',(0.,0.,1.));
#3226=DIRECTION('',(-0.866025403784439,0.5,0.));
#3227=DIRECTION('',(0.,1.,0.));
#3228=DIRECTION('',(0.,0.,1.));
#3229=DIRECTION('',(1.,0.,0.));
#3230=DIRECTION('',(0.,0.,-1.));
#3231=DIRECTION('',(1.,0.,0.));
#3232=DIRECTION('',(0.,0.,-1.));
#3233=DIRECTION('',(7.2280144832367E-17,0.,-1.));
#3234=DIRECTION('',(-1.,0.,-1.7347234759768E-16));
#3235=DIRECTION('',(6.12323399573677E-17,0.,-1.));
#3236=DIRECTION('',(-1.,0.,0.));
#3237=DIRECTION('',(0.5,-0.866025403784439,0.));
#3238=DIRECTION('',(0.866025403784439,0.5,0.));
#3239=DIRECTION('',(0.866025403784439,0.5,0.));
#3240=DIRECTION('',(0.,0.,1.));
#3241=DIRECTION('',(0.866025403784439,0.5,0.));
#3242=DIRECTION('',(0.,0.,1.));
#3243=DIRECTION('',(7.2280144832367E-17,4.17309610760322E-17,-1.));
#3244=DIRECTION('',(-0.866025403784439,-0.5,0.));
#3245=DIRECTION('',(6.12323399573677E-17,3.53525079574969E-17,-1.));
#3246=DIRECTION('',(-0.866025403784439,-0.5,-1.50231459873716E-16));
#3247=DIRECTION('',(-0.5,0.866025403784439,0.));
#3248=DIRECTION('',(-0.866025403784439,-0.5,0.));
#3249=DIRECTION('',(-0.866025403784439,-0.5,0.));
#3250=DIRECTION('',(0.,0.,1.));
#3251=DIRECTION('',(-0.866025403784439,-0.5,0.));
#3252=DIRECTION('',(0.,0.,1.));
#3253=DIRECTION('',(-7.2280144832367E-17,-4.17309610760322E-17,1.));
#3254=DIRECTION('',(0.866025403784439,0.5,1.50231459873716E-16));
#3255=DIRECTION('',(-6.12323399573677E-17,-3.53525079574969E-17,1.));
#3256=DIRECTION('',(0.866025403784439,0.5,0.));
#3257=DIRECTION('',(4.55711761116213E-16,-1.,0.));
#3258=DIRECTION('',(1.,4.55711761116213E-16,0.));
#3259=DIRECTION('',(1.,4.55711761116213E-16,0.));
#3260=DIRECTION('',(0.,0.,1.));
#3261=DIRECTION('',(1.,4.55711761116213E-16,0.));
#3262=DIRECTION('',(0.,0.,1.));
#3263=DIRECTION('',(7.2280144832367E-17,3.29389120952929E-32,-1.));
#3264=DIRECTION('',(-1.,-4.55711761116213E-16,0.));
#3265=DIRECTION('',(6.12323399573677E-17,2.79042974792386E-32,-1.));
#3266=DIRECTION('',(-1.,-4.55711761116213E-16,-1.7347234759768E-16));
#3267=DIRECTION('',(-0.5,-0.866025403784439,0.));
#3268=DIRECTION('',(0.866025403784439,-0.5,0.));
#3269=DIRECTION('',(0.866025403784439,-0.5,0.));
#3270=DIRECTION('',(0.,0.,1.));
#3271=DIRECTION('',(0.866025403784439,-0.5,0.));
#3272=DIRECTION('',(0.,0.,1.));
#3273=DIRECTION('',(7.2280144832367E-17,-4.17309610760322E-17,-1.));
#3274=DIRECTION('',(-0.866025403784439,0.5,0.));
#3275=DIRECTION('',(6.12323399573677E-17,-3.53525079574968E-17,-1.));
#3276=DIRECTION('',(-0.866025403784439,0.5,-1.50231459873716E-16));
#3277=DIRECTION('',(-0.5,0.866025403784439,0.));
#3278=DIRECTION('',(-0.866025403784439,-0.5,0.));
#3279=DIRECTION('',(-0.866025403784439,-0.5,0.));
#3280=DIRECTION('',(0.,0.,1.));
#3281=DIRECTION('',(-0.866025403784439,-0.5,0.));
#3282=DIRECTION('',(0.,0.,1.));
#3283=DIRECTION('',(-7.2280144832367E-17,-4.17309610760322E-17,1.));
#3284=DIRECTION('',(0.866025403784439,0.5,1.50231459873716E-16));
#3285=DIRECTION('',(-6.12323399573677E-17,-3.53525079574969E-17,1.));
#3286=DIRECTION('',(0.866025403784439,0.5,0.));
#3287=DIRECTION('',(0.5,-0.866025403784439,0.));
#3288=DIRECTION('',(0.866025403784439,0.5,0.));
#3289=DIRECTION('',(0.866025403784439,0.5,0.));
#3290=DIRECTION('',(0.,0.,1.));
#3291=DIRECTION('',(0.866025403784439,0.5,0.));
#3292=DIRECTION('',(0.,0.,1.));
#3293=DIRECTION('',(7.2280144832367E-17,4.17309610760322E-17,-1.));
#3294=DIRECTION('',(-0.866025403784439,-0.5,0.));
#3295=DIRECTION('',(6.12323399573677E-17,3.53525079574969E-17,-1.));
#3296=DIRECTION('',(-0.866025403784439,-0.5,-1.50231459873716E-16));
#3297=DIRECTION('',(0.5,0.866025403784439,0.));
#3298=DIRECTION('',(-0.866025403784439,0.5,0.));
#3299=DIRECTION('',(-0.866025403784439,0.5,0.));
#3300=DIRECTION('',(0.,0.,1.));
#3301=DIRECTION('',(-0.866025403784439,0.5,0.));
#3302=DIRECTION('',(0.,0.,1.));
#3303=DIRECTION('',(-7.2280144832367E-17,4.17309610760322E-17,1.));
#3304=DIRECTION('',(0.866025403784439,-0.5,1.50231459873716E-16));
#3305=DIRECTION('',(-6.12323399573677E-17,3.53525079574969E-17,1.));
#3306=DIRECTION('',(0.866025403784439,-0.5,0.));
#3307=DIRECTION('',(0.,-1.,0.));
#3308=DIRECTION('',(0.,0.,-1.));
#3309=DIRECTION('',(1.,0.,0.));
#3310=DIRECTION('',(0.,0.,1.));
#3311=DIRECTION('',(1.,0.,0.));
#3312=DIRECTION('',(0.,0.,1.));
#3313=DIRECTION('',(-1.,0.,0.));
#3314=DIRECTION('',(7.2280144832367E-17,0.,-1.));
#3315=DIRECTION('',(-1.,0.,-1.7347234759768E-16));
#3316=DIRECTION('',(6.12323399573677E-17,0.,-1.));
#3317=DIRECTION('',(-2.18185336431971E-16,1.,0.));
#3318=DIRECTION('',(-1.,-2.18185336431971E-16,0.));
#3319=DIRECTION('',(-1.,-2.18185336431971E-16,0.));
#3320=DIRECTION('',(0.,0.,1.));
#3321=DIRECTION('',(-1.,-2.18185336431971E-16,0.));
#3322=DIRECTION('',(0.,0.,1.));
#3323=DIRECTION('',(0.,0.,1.));
#3324=DIRECTION('',(1.,0.,0.));
#3325=DIRECTION('',(2.86155161664221E-16,-1.,0.));
#3326=DIRECTION('',(0.,0.,1.));
#3327=DIRECTION('',(1.,0.,0.));
#3328=DIRECTION('',(0.,0.,1.));
#3329=DIRECTION('',(1.,0.,0.));
#3330=DIRECTION('',(0.,0.,1.));
#3331=DIRECTION('',(1.,0.,0.));
#3332=DIRECTION('',(0.,0.,1.));
#3333=DIRECTION('',(1.,0.,0.));
#3334=DIRECTION('',(0.,0.,1.));
#3335=DIRECTION('',(1.,0.,0.));
#3336=DIRECTION('',(-1.90770107776147E-16,1.,0.));
#3337=DIRECTION('',(0.,0.,1.));
#3338=DIRECTION('',(1.,0.,0.));
#3339=DIRECTION('',(0.,0.,1.));
#3340=DIRECTION('',(1.,0.,0.));
#3341=DIRECTION('',(0.,1.,0.));
#3342=DIRECTION('',(0.,0.,1.));
#3343=DIRECTION('',(1.,0.,0.));
#3344=DIRECTION('',(0.,0.,1.));
#3345=DIRECTION('',(1.,0.,0.));
#3346=DIRECTION('',(0.,0.,1.));
#3347=DIRECTION('',(1.,0.,0.));
#3348=DIRECTION('',(-1.,0.,0.));
#3349=DIRECTION('',(0.,0.,1.));
#3350=DIRECTION('',(1.,0.,0.));
#3351=DIRECTION('',(0.,1.,0.));
#3352=DIRECTION('',(0.,0.,1.));
#3353=DIRECTION('',(1.,0.,0.));
#3354=DIRECTION('',(2.86155161664221E-16,-1.,0.));
#3355=DIRECTION('',(0.,0.,1.));
#3356=DIRECTION('',(1.,0.,0.));
#3357=DIRECTION('',(0.,0.,1.));
#3358=DIRECTION('',(1.,0.,0.));
#3359=DIRECTION('',(0.,0.,1.));
#3360=DIRECTION('',(1.,0.,0.));
#3361=DIRECTION('',(-1.,0.,0.));
#3362=DIRECTION('',(0.,0.,1.));
#3363=DIRECTION('',(1.,0.,0.));
#3364=DIRECTION('',(2.99520185778379E-16,-1.,0.));
#3365=DIRECTION('',(0.,0.,1.));
#3366=DIRECTION('',(1.,0.,0.));
#3367=DIRECTION('',(0.691666666666666,0.722216880322125,0.));
#3368=DIRECTION('',(0.,0.,1.));
#3369=DIRECTION('',(1.,0.,0.));
#3370=DIRECTION('',(0.,-1.,0.));
#3371=DIRECTION('',(-1.,0.,0.));
#3372=DIRECTION('',(0.,-1.,0.));
#3373=DIRECTION('',(0.,0.,1.));
#3374=DIRECTION('',(1.,0.,0.));
#3375=DIRECTION('',(0.,0.,1.));
#3376=DIRECTION('',(1.,0.,0.));
#3377=DIRECTION('',(4.62592926927149E-16,-1.,0.));
#3378=DIRECTION('',(-1.,0.,0.));
#3379=DIRECTION('',(0.,-1.,0.));
#3380=DIRECTION('',(0.,0.,1.));
#3381=DIRECTION('',(1.,0.,0.));
#3382=DIRECTION('',(-0.691666666666668,0.722216880322124,0.));
#3383=DIRECTION('',(0.,0.,1.));
#3384=DIRECTION('',(1.,0.,0.));
#3385=DIRECTION('',(2.99520185778379E-16,-1.,0.));
#3386=DIRECTION('',(0.,0.,1.));
#3387=DIRECTION('',(1.,0.,0.));
#3388=DIRECTION('',(0.,-1.,0.));
#3389=DIRECTION('',(0.,0.,1.));
#3390=DIRECTION('',(1.,0.,0.));
#3391=DIRECTION('',(0.,0.,1.));
#3392=DIRECTION('',(1.,0.,0.));
#3393=DIRECTION('',(1.18945966641202E-16,-1.,0.));
#3394=DIRECTION('',(0.,0.,1.));
#3395=DIRECTION('',(1.,0.,0.));
#3396=DIRECTION('',(0.529598215381614,0.848248625265382,0.));
#3397=DIRECTION('',(0.,0.,1.));
#3398=DIRECTION('',(1.,0.,0.));
#3399=DIRECTION('',(0.691666666666668,-0.722216880322124,0.));
#3400=DIRECTION('',(0.,0.,1.));
#3401=DIRECTION('',(1.,0.,0.));
#3402=DIRECTION('',(-1.,-2.18185336431971E-16,0.));
#3403=DIRECTION('',(0.,0.,1.));
#3404=DIRECTION('',(1.,0.,0.));
#3405=DIRECTION('',(0.,1.,0.));
#3406=DIRECTION('',(0.,0.,1.));
#3407=DIRECTION('',(1.,0.,0.));
#3408=DIRECTION('',(0.691666666666666,0.722216880322125,0.));
#3409=DIRECTION('',(0.,0.,1.));
#3410=DIRECTION('',(1.,0.,0.));
#3411=DIRECTION('',(0.529598215381615,-0.848248625265381,0.));
#3412=DIRECTION('',(0.,0.,1.));
#3413=DIRECTION('',(1.,0.,0.));
#3414=DIRECTION('',(0.529598215381615,-0.848248625265381,0.));
#3415=DIRECTION('',(0.,0.,1.));
#3416=DIRECTION('',(1.,0.,0.));
#3417=DIRECTION('',(0.,0.,1.));
#3418=DIRECTION('',(1.,0.,0.));
#3419=DIRECTION('',(0.529598215381614,0.848248625265382,0.));
#3420=DIRECTION('',(0.,0.,1.));
#3421=DIRECTION('',(1.,0.,0.));
#3422=DIRECTION('',(-1.,0.,0.));
#3423=DIRECTION('',(0.,-1.,0.));
#3424=DIRECTION('',(0.,1.,0.));
#3425=DIRECTION('',(-1.,0.,0.));
#3426=DIRECTION('',(0.,1.,0.));
#3427=DIRECTION('',(1.,0.,0.));
#3428=DIRECTION('',(0.,-1.,0.));
#3429=DIRECTION('',(1.,0.,0.));
#3430=DIRECTION('',(0.,-1.,0.));
#3431=DIRECTION('',(0.,0.,1.));
#3432=DIRECTION('',(1.,0.,0.));
#3433=DIRECTION('',(0.529598215381614,0.848248625265382,0.));
#3434=DIRECTION('',(0.,0.,1.));
#3435=DIRECTION('',(1.,0.,0.));
#3436=DIRECTION('',(1.18945966641202E-16,-1.,0.));
#3437=DIRECTION('',(0.,0.,1.));
#3438=DIRECTION('',(1.,0.,0.));
#3439=DIRECTION('',(0.,0.,1.));
#3440=DIRECTION('',(1.,0.,0.));
#3441=DIRECTION('',(0.,-1.,0.));
#3442=DIRECTION('',(0.,0.,1.));
#3443=DIRECTION('',(1.,0.,0.));
#3444=DIRECTION('',(0.691666666666668,-0.722216880322124,0.));
#3445=DIRECTION('',(0.,0.,1.));
#3446=DIRECTION('',(1.,0.,0.));
#3447=DIRECTION('',(0.691666666666666,0.722216880322125,0.));
#3448=DIRECTION('',(0.,0.,1.));
#3449=DIRECTION('',(1.,0.,0.));
#3450=DIRECTION('',(0.,1.,0.));
#3451=DIRECTION('',(0.,0.,1.));
#3452=DIRECTION('',(1.,0.,0.));
#3453=DIRECTION('',(-1.,-2.18185336431971E-16,0.));
#3454=DIRECTION('',(0.,0.,1.));
#3455=DIRECTION('',(1.,0.,0.));
#3456=DIRECTION('',(0.529598215381615,-0.848248625265381,0.));
#3457=DIRECTION('',(0.,0.,1.));
#3458=DIRECTION('',(1.,0.,0.));
#3459=DIRECTION('',(2.99520185778379E-16,-1.,0.));
#3460=DIRECTION('',(0.,0.,1.));
#3461=DIRECTION('',(1.,0.,0.));
#3462=DIRECTION('',(-1.,0.,0.));
#3463=DIRECTION('',(0.,0.,1.));
#3464=DIRECTION('',(1.,0.,0.));
#3465=DIRECTION('',(2.99520185778379E-16,-1.,0.));
#3466=DIRECTION('',(0.,0.,1.));
#3467=DIRECTION('',(1.,0.,0.));
#3468=DIRECTION('',(-0.691666666666668,0.722216880322124,0.));
#3469=DIRECTION('',(0.,0.,1.));
#3470=DIRECTION('',(1.,0.,0.));
#3471=DIRECTION('',(0.,-1.,0.));
#3472=DIRECTION('',(-1.,0.,0.));
#3473=DIRECTION('',(4.62592926927149E-16,-1.,0.));
#3474=DIRECTION('',(0.,0.,1.));
#3475=DIRECTION('',(1.,0.,0.));
#3476=DIRECTION('',(0.,0.,1.));
#3477=DIRECTION('',(1.,0.,0.));
#3478=DIRECTION('',(0.,-1.,0.));
#3479=DIRECTION('',(-1.,0.,0.));
#3480=DIRECTION('',(0.,-1.,0.));
#3481=DIRECTION('',(0.,0.,1.));
#3482=DIRECTION('',(1.,0.,0.));
#3483=DIRECTION('',(0.691666666666666,0.722216880322125,0.));
#3484=DIRECTION('',(0.,0.,1.));
#3485=DIRECTION('',(1.,0.,0.));
#3486=DIRECTION('',(0.,0.,1.));
#3487=DIRECTION('',(1.,0.,0.));
#3488=DIRECTION('',(0.,0.,1.));
#3489=DIRECTION('',(1.,0.,0.));
#3490=DIRECTION('',(2.86155161664221E-16,-1.,0.));
#3491=DIRECTION('',(0.,0.,1.));
#3492=DIRECTION('',(1.,0.,0.));
#3493=DIRECTION('',(0.,1.,0.));
#3494=DIRECTION('',(0.,0.,1.));
#3495=DIRECTION('',(1.,0.,0.));
#3496=DIRECTION('',(-1.,0.,0.));
#3497=DIRECTION('',(0.,0.,1.));
#3498=DIRECTION('',(1.,0.,0.));
#3499=DIRECTION('',(0.,0.,1.));
#3500=DIRECTION('',(1.,0.,0.));
#3501=DIRECTION('',(0.,0.,1.));
#3502=DIRECTION('',(1.,0.,0.));
#3503=DIRECTION('',(0.,1.,0.));
#3504=DIRECTION('',(0.,0.,1.));
#3505=DIRECTION('',(1.,0.,0.));
#3506=DIRECTION('',(0.,0.,1.));
#3507=DIRECTION('',(1.,0.,0.));
#3508=DIRECTION('',(-1.90770107776147E-16,1.,0.));
#3509=DIRECTION('',(0.,0.,1.));
#3510=DIRECTION('',(1.,0.,0.));
#3511=DIRECTION('',(0.,0.,1.));
#3512=DIRECTION('',(1.,0.,0.));
#3513=DIRECTION('',(0.,0.,1.));
#3514=DIRECTION('',(1.,0.,0.));
#3515=DIRECTION('',(0.,0.,1.));
#3516=DIRECTION('',(1.,0.,0.));
#3517=DIRECTION('',(0.,0.,1.));
#3518=DIRECTION('',(1.,0.,0.));
#3519=DIRECTION('',(2.86155161664221E-16,-1.,0.));
#3520=DIRECTION('',(0.,0.,1.));
#3521=DIRECTION('',(1.,0.,0.));
#3522=DIRECTION('',(0.,0.,1.));
#3523=DIRECTION('',(1.,0.,0.));
#3524=DIRECTION('',(0.529598215381615,-0.848248625265381,0.));
#3525=DIRECTION('',(0.,0.,1.));
#3526=DIRECTION('',(1.,0.,0.));
#3527=DIRECTION('',(0.529598215381614,0.848248625265382,0.));
#3528=DIRECTION('',(0.,0.,1.));
#3529=DIRECTION('',(1.,0.,0.));
#3530=DIRECTION('',(1.,2.99520185778379E-16,0.));
#3531=DIRECTION('',(-2.99520185778379E-16,1.,0.));
#3532=DIRECTION('',(-1.,-2.99520185778379E-16,0.));
#3533=DIRECTION('',(2.99520185778379E-16,-1.,0.));
#3534=DIRECTION('',(-1.,-2.99520185778379E-16,0.));
#3535=DIRECTION('',(2.99520185778379E-16,-1.,0.));
#3536=DIRECTION('',(0.,0.,-1.));
#3537=DIRECTION('',(0.,0.,-1.));
#3538=DIRECTION('',(-0.722216880322125,0.691666666666666,0.));
#3539=DIRECTION('',(-0.691666666666666,-0.722216880322125,0.));
#3540=DIRECTION('',(0.,0.,-1.));
#3541=DIRECTION('',(0.,0.,-1.));
#3542=DIRECTION('',(1.,0.,0.));
#3543=DIRECTION('',(0.,0.,-1.));
#3544=DIRECTION('',(1.,0.,0.));
#3545=DIRECTION('',(0.,0.,-1.));
#3546=DIRECTION('',(1.,0.,0.));
#3547=DIRECTION('',(0.,0.,-1.));
#3548=DIRECTION('',(1.,0.,0.));
#3549=DIRECTION('',(0.,0.,-1.));
#3550=DIRECTION('',(1.,0.,0.));
#3551=DIRECTION('',(0.,0.,-1.));
#3552=DIRECTION('',(1.,0.,0.));
#3553=DIRECTION('',(0.,0.,-1.));
#3554=DIRECTION('',(1.,0.,0.));
#3555=DIRECTION('',(0.,0.,-1.));
#3556=DIRECTION('',(1.,0.,0.));
#3557=DIRECTION('',(0.,0.,-1.));
#3558=DIRECTION('',(1.,0.,0.));
#3559=DIRECTION('',(0.,0.,-1.));
#3560=DIRECTION('',(1.,0.,0.));
#3561=DIRECTION('',(0.,0.,-1.));
#3562=DIRECTION('',(0.,0.,-1.));
#3563=DIRECTION('',(1.,0.,0.));
#3564=DIRECTION('',(0.,0.,-1.));
#3565=DIRECTION('',(1.,0.,0.));
#3566=DIRECTION('',(0.,0.,-1.));
#3567=DIRECTION('',(1.,0.,0.));
#3568=DIRECTION('',(0.,0.,-1.));
#3569=DIRECTION('',(1.,0.,0.));
#3570=DIRECTION('',(0.,0.,-1.));
#3571=DIRECTION('',(1.,0.,0.));
#3572=DIRECTION('',(0.,0.,-1.));
#3573=DIRECTION('',(1.,0.,0.));
#3574=DIRECTION('',(0.,0.,-1.));
#3575=DIRECTION('',(1.,0.,0.));
#3576=DIRECTION('',(0.,0.,-1.));
#3577=DIRECTION('',(1.,0.,0.));
#3578=DIRECTION('',(0.,0.,-1.));
#3579=DIRECTION('',(1.,0.,0.));
#3580=DIRECTION('',(0.,0.,-1.));
#3581=DIRECTION('',(1.,0.,0.));
#3582=DIRECTION('',(0.,0.,-1.));
#3583=DIRECTION('',(1.,0.,0.));
#3584=DIRECTION('',(0.,0.,-1.));
#3585=DIRECTION('',(0.,0.,-1.));
#3586=DIRECTION('',(1.,0.,0.));
#3587=DIRECTION('',(0.,0.,-1.));
#3588=DIRECTION('',(1.,4.62592926927149E-16,0.));
#3589=DIRECTION('',(-4.62592926927149E-16,1.,0.));
#3590=DIRECTION('',(1.,4.62592926927149E-16,0.));
#3591=DIRECTION('',(-4.62592926927149E-16,1.,0.));
#3592=DIRECTION('',(1.,4.62592926927149E-16,0.));
#3593=DIRECTION('',(-4.62592926927149E-16,1.,0.));
#3594=DIRECTION('',(1.,4.62592926927149E-16,0.));
#3595=DIRECTION('',(-4.62592926927149E-16,1.,0.));
#3596=DIRECTION('',(1.,4.62592926927149E-16,0.));
#3597=DIRECTION('',(-4.62592926927149E-16,1.,0.));
#3598=DIRECTION('',(1.,4.62592926927149E-16,0.));
#3599=DIRECTION('',(-4.62592926927149E-16,1.,0.));
#3600=DIRECTION('',(1.,4.62592926927149E-16,0.));
#3601=DIRECTION('',(-4.62592926927149E-16,1.,0.));
#3602=DIRECTION('',(1.,4.62592926927149E-16,0.));
#3603=DIRECTION('',(-4.62592926927149E-16,1.,0.));
#3604=DIRECTION('',(1.,4.62592926927149E-16,0.));
#3605=DIRECTION('',(-4.62592926927149E-16,1.,0.));
#3606=DIRECTION('',(1.,4.62592926927149E-16,0.));
#3607=DIRECTION('',(-4.62592926927149E-16,1.,0.));
#3608=DIRECTION('',(0.,0.,-1.));
#3609=DIRECTION('',(1.,4.62592926927149E-16,0.));
#3610=DIRECTION('',(-4.62592926927149E-16,1.,0.));
#3611=DIRECTION('',(1.,0.,0.));
#3612=DIRECTION('',(0.,0.,-1.));
#3613=DIRECTION('',(1.,0.,0.));
#3614=DIRECTION('',(0.,0.,-1.));
#3615=DIRECTION('',(1.,0.,0.));
#3616=DIRECTION('',(0.,0.,-1.));
#3617=DIRECTION('',(1.,0.,0.));
#3618=DIRECTION('',(0.,0.,-1.));
#3619=DIRECTION('',(1.,0.,0.));
#3620=DIRECTION('',(0.,0.,-1.));
#3621=DIRECTION('',(1.,0.,0.));
#3622=DIRECTION('',(0.,0.,-1.));
#3623=DIRECTION('',(1.,0.,0.));
#3624=DIRECTION('',(0.,0.,-1.));
#3625=DIRECTION('',(1.,0.,0.));
#3626=DIRECTION('',(0.,0.,-1.));
#3627=DIRECTION('',(1.,0.,0.));
#3628=DIRECTION('',(0.,0.,-1.));
#3629=DIRECTION('',(1.,0.,0.));
#3630=DIRECTION('',(0.,0.,-1.));
#3631=DIRECTION('',(0.,0.,-1.));
#3632=DIRECTION('',(1.,0.,0.));
#3633=DIRECTION('',(0.,0.,-1.));
#3634=DIRECTION('',(-0.722216880322124,-0.691666666666668,0.));
#3635=DIRECTION('',(0.691666666666668,-0.722216880322124,0.));
#3636=DIRECTION('',(0.,0.,-1.));
#3637=DIRECTION('',(0.,0.,-1.));
#3638=DIRECTION('',(1.,2.99520185778379E-16,0.));
#3639=DIRECTION('',(-2.99520185778379E-16,1.,0.));
#3640=DIRECTION('',(1.,2.99520185778379E-16,0.));
#3641=DIRECTION('',(-2.99520185778379E-16,1.,0.));
#3642=DIRECTION('',(1.,2.99520185778379E-16,0.));
#3643=DIRECTION('',(-2.99520185778379E-16,1.,0.));
#3644=DIRECTION('',(0.,0.,-1.));
#3645=DIRECTION('',(0.,0.,-1.));
#3646=DIRECTION('',(0.,-1.,0.));
#3647=DIRECTION('',(0.,0.,-1.));
#3648=DIRECTION('',(0.,0.,-1.));
#3649=DIRECTION('',(0.,0.,-1.));
#3650=DIRECTION('',(1.,0.,0.));
#3651=DIRECTION('',(0.,0.,-1.));
#3652=DIRECTION('',(1.,0.,0.));
#3653=DIRECTION('',(0.,0.,-1.));
#3654=DIRECTION('',(1.,0.,0.));
#3655=DIRECTION('',(0.,0.,-1.));
#3656=DIRECTION('',(1.,0.,0.));
#3657=DIRECTION('',(0.,0.,-1.));
#3658=DIRECTION('',(1.,0.,0.));
#3659=DIRECTION('',(0.,0.,-1.));
#3660=DIRECTION('',(1.,0.,0.));
#3661=DIRECTION('',(0.,0.,-1.));
#3662=DIRECTION('',(1.,0.,0.));
#3663=DIRECTION('',(0.,0.,-1.));
#3664=DIRECTION('',(1.,0.,0.));
#3665=DIRECTION('',(0.,0.,-1.));
#3666=DIRECTION('',(1.,0.,0.));
#3667=DIRECTION('',(0.,0.,-1.));
#3668=DIRECTION('',(1.,0.,0.));
#3669=DIRECTION('',(0.,0.,-1.));
#3670=DIRECTION('',(1.,0.,0.));
#3671=DIRECTION('',(0.,0.,-1.));
#3672=DIRECTION('',(1.,0.,0.));
#3673=DIRECTION('',(0.,0.,-1.));
#3674=DIRECTION('',(1.,0.,0.));
#3675=DIRECTION('',(0.,0.,-1.));
#3676=DIRECTION('',(1.,0.,0.));
#3677=DIRECTION('',(0.,0.,-1.));
#3678=DIRECTION('',(1.,0.,0.));
#3679=DIRECTION('',(0.,0.,-1.));
#3680=DIRECTION('',(1.,0.,0.));
#3681=DIRECTION('',(0.,0.,-1.));
#3682=DIRECTION('',(1.,0.,0.));
#3683=DIRECTION('',(0.,0.,-1.));
#3684=DIRECTION('',(1.,0.,0.));
#3685=DIRECTION('',(0.,0.,-1.));
#3686=DIRECTION('',(-1.,0.,0.));
#3687=DIRECTION('',(0.,0.,1.));
#3688=DIRECTION('',(-1.,0.,0.));
#3689=DIRECTION('',(0.,0.,1.));
#3690=DIRECTION('',(0.,0.,1.));
#3691=DIRECTION('',(1.,0.,0.));
#3692=DIRECTION('',(0.,0.,-1.));
#3693=DIRECTION('',(-1.,0.,0.));
#3694=DIRECTION('',(0.,0.,1.));
#3695=DIRECTION('',(1.,0.,0.));
#3696=DIRECTION('',(0.,0.,-1.));
#3697=DIRECTION('',(-1.,0.,0.));
#3698=DIRECTION('',(0.,0.,-1.));
#3699=DIRECTION('',(-1.,0.,0.));
#3700=DIRECTION('',(0.,0.,1.));
#3701=DIRECTION('',(1.,0.,0.));
#3702=DIRECTION('',(-1.,-2.86155161664221E-16,0.));
#3703=DIRECTION('',(2.86155161664221E-16,-1.,0.));
#3704=DIRECTION('',(0.,0.,1.));
#3705=DIRECTION('',(0.,0.,1.));
#3706=DIRECTION('',(1.,0.,0.));
#3707=DIRECTION('',(0.,0.,-1.));
#3708=DIRECTION('',(0.,0.,1.));
#3709=DIRECTION('',(0.,0.,1.));
#3710=DIRECTION('',(0.,1.,0.));
#3711=DIRECTION('',(0.,0.,1.));
#3712=DIRECTION('',(0.,0.,1.));
#3713=DIRECTION('',(0.,0.,1.));
#3714=DIRECTION('',(1.,0.,0.));
#3715=DIRECTION('',(0.,0.,-1.));
#3716=DIRECTION('',(0.,0.,1.));
#3717=DIRECTION('',(0.,0.,1.));
#3718=DIRECTION('',(1.,1.90770107776147E-16,0.));
#3719=DIRECTION('',(-1.90770107776147E-16,1.,0.));
#3720=DIRECTION('',(0.,0.,1.));
#3721=DIRECTION('',(0.,0.,1.));
#3722=DIRECTION('',(-1.,-2.86155161664221E-16,0.));
#3723=DIRECTION('',(2.86155161664221E-16,-1.,0.));
#3724=DIRECTION('',(0.,0.,1.));
#3725=DIRECTION('',(0.,0.,1.));
#3726=DIRECTION('',(0.848248625265382,-0.529598215381614,0.));
#3727=DIRECTION('',(0.529598215381614,0.848248625265382,0.));
#3728=DIRECTION('',(0.,0.,1.));
#3729=DIRECTION('',(0.,0.,1.));
#3730=DIRECTION('',(-1.,0.,0.));
#3731=DIRECTION('',(0.,0.,1.));
#3732=DIRECTION('',(0.,0.,1.));
#3733=DIRECTION('',(0.,0.,1.));
#3734=DIRECTION('',(-0.722216880322124,-0.691666666666668,0.));
#3735=DIRECTION('',(0.691666666666668,-0.722216880322124,0.));
#3736=DIRECTION('',(0.,0.,1.));
#3737=DIRECTION('',(0.,0.,1.));
#3738=DIRECTION('',(0.722216880322125,-0.691666666666666,0.));
#3739=DIRECTION('',(0.691666666666666,0.722216880322125,0.));
#3740=DIRECTION('',(0.,0.,1.));
#3741=DIRECTION('',(0.,0.,1.));
#3742=DIRECTION('',(1.,0.,0.));
#3743=DIRECTION('',(0.,0.,-1.));
#3744=DIRECTION('',(0.,0.,1.));
#3745=DIRECTION('',(0.,0.,1.));
#3746=DIRECTION('',(-2.18185336431971E-16,1.,0.));
#3747=DIRECTION('',(-1.,-2.18185336431971E-16,0.));
#3748=DIRECTION('',(0.,0.,1.));
#3749=DIRECTION('',(0.,0.,1.));
#3750=DIRECTION('',(-0.848248625265381,-0.529598215381615,0.));
#3751=DIRECTION('',(0.529598215381615,-0.848248625265381,0.));
#3752=DIRECTION('',(0.,0.,1.));
#3753=DIRECTION('',(0.,0.,1.));
#3754=DIRECTION('',(-0.848248625265381,-0.529598215381615,0.));
#3755=DIRECTION('',(0.529598215381615,-0.848248625265381,0.));
#3756=DIRECTION('',(0.,0.,1.));
#3757=DIRECTION('',(0.529598215381615,-0.848248625265381,0.));
#3758=DIRECTION('',(0.,0.,1.));
#3759=DIRECTION('',(-0.529598215381615,0.848248625265381,-9.1870645705791E-17));
#3760=DIRECTION('',(0.,0.,1.));
#3761=DIRECTION('',(0.,0.,1.));
#3762=DIRECTION('',(0.848248625265382,-0.529598215381614,0.));
#3763=DIRECTION('',(0.529598215381614,0.848248625265382,0.));
#3764=DIRECTION('',(-0.529598215381614,-0.848248625265382,0.));
#3765=DIRECTION('',(0.,0.,1.));
#3766=DIRECTION('',(0.,0.,1.));
#3767=DIRECTION('',(0.,0.,1.));
#3768=DIRECTION('',(-0.529598215381614,-0.848248625265382,-9.18706457057907E-17));
#3769=DIRECTION('',(7.2280144832367E-17,1.15769901988545E-16,-1.));
#3770=DIRECTION('',(-1.,0.,0.));
#3771=DIRECTION('',(0.,0.,1.));
#3772=DIRECTION('',(0.,0.,1.));
#3773=DIRECTION('',(0.,1.,0.));
#3774=DIRECTION('',(0.,0.,1.));
#3775=DIRECTION('',(0.,-1.,0.));
#3776=DIRECTION('',(0.,1.,0.));
#3777=DIRECTION('',(0.,0.,1.));
#3778=DIRECTION('',(0.,0.,1.));
#3779=DIRECTION('',(-1.,0.,0.));
#3780=DIRECTION('',(-1.,0.,0.));
#3781=DIRECTION('',(0.,0.,1.));
#3782=DIRECTION('',(0.,0.,1.));
#3783=DIRECTION('',(0.,-1.,0.));
#3784=DIRECTION('',(0.,-1.,0.));
#3785=DIRECTION('',(0.,0.,-1.));
#3786=DIRECTION('',(0.,0.,1.));
#3787=DIRECTION('',(1.,0.,0.));
#3788=DIRECTION('',(-1.,0.,0.));
#3789=DIRECTION('',(0.,0.,1.));
#3790=DIRECTION('',(0.,0.,1.));
#3791=DIRECTION('',(0.,-1.,0.));
#3792=DIRECTION('',(0.,-1.,0.));
#3793=DIRECTION('',(0.,0.,-1.));
#3794=DIRECTION('',(0.,0.,1.));
#3795=DIRECTION('',(1.,0.,0.));
#3796=DIRECTION('',(1.,0.,0.));
#3797=DIRECTION('',(0.,0.,-1.));
#3798=DIRECTION('',(0.,0.,1.));
#3799=DIRECTION('',(0.,1.,0.));
#3800=DIRECTION('',(0.,1.,0.));
#3801=DIRECTION('',(0.,0.,1.));
#3802=DIRECTION('',(-1.,0.,0.));
#3803=DIRECTION('',(0.,0.,1.));
#3804=DIRECTION('',(1.,0.,0.));
#3805=DIRECTION('',(-1.,-1.18945966641202E-16,0.));
#3806=DIRECTION('',(1.18945966641202E-16,-1.,0.));
#3807=DIRECTION('',(0.,0.,1.));
#3808=DIRECTION('',(0.,0.,1.));
#3809=DIRECTION('',(-1.7347234759768E-16,0.,1.));
#3810=DIRECTION('',(1.,0.,1.7347234759768E-16));
#3811=DIRECTION('',(-1.7347234759768E-16,0.,1.));
#3812=DIRECTION('',(1.,0.,1.7347234759768E-16));
#3813=DIRECTION('',(0.,-1.,0.));
#3814=DIRECTION('',(0.,-1.,0.));
#3815=DIRECTION('',(-1.,0.,-6.12323399573677E-17));
#3816=DIRECTION('',(-6.12323399573677E-17,0.,1.));
#3817=DIRECTION('',(0.,-1.,0.));
#3818=DIRECTION('',(0.,0.,1.));
#3819=DIRECTION('',(1.,0.,0.));
#3820=DIRECTION('',(0.,-1.,0.));
#3821=DIRECTION('',(0.,0.,1.));
#3822=DIRECTION('',(1.,0.,0.));
#3823=DIRECTION('',(-1.,0.,-7.2280144832367E-17));
#3824=DIRECTION('',(-7.2280144832367E-17,0.,1.));
#3825=DIRECTION('',(-1.7347234759768E-16,0.,1.));
#3826=DIRECTION('',(1.,0.,1.7347234759768E-16));
#3827=DIRECTION('',(0.,-1.,0.));
#3828=DIRECTION('',(0.,-1.,0.));
#3829=DIRECTION('',(-1.,0.,-6.12323399573677E-17));
#3830=DIRECTION('',(-6.12323399573677E-17,0.,1.));
#3831=DIRECTION('',(0.,-1.,0.));
#3832=DIRECTION('',(0.,0.,1.));
#3833=DIRECTION('',(1.,0.,0.));
#3834=DIRECTION('',(0.,-1.,0.));
#3835=DIRECTION('',(-1.,0.,-7.2280144832367E-17));
#3836=DIRECTION('',(-7.2280144832367E-17,0.,1.));
#3837=DIRECTION('',(-1.7347234759768E-16,0.,1.));
#3838=DIRECTION('',(1.,0.,1.7347234759768E-16));
#3839=DIRECTION('',(0.,-1.,0.));
#3840=DIRECTION('',(0.,-1.,0.));
#3841=DIRECTION('',(-1.,0.,-6.12323399573677E-17));
#3842=DIRECTION('',(-6.12323399573677E-17,0.,1.));
#3843=DIRECTION('',(0.,-1.,0.));
#3844=DIRECTION('',(0.,0.,1.));
#3845=DIRECTION('',(1.,0.,0.));
#3846=DIRECTION('',(0.,-1.,0.));
#3847=DIRECTION('',(-1.,0.,-7.2280144832367E-17));
#3848=DIRECTION('',(-7.2280144832367E-17,0.,1.));
#3849=DIRECTION('',(-1.7347234759768E-16,0.,1.));
#3850=DIRECTION('',(1.,0.,1.7347234759768E-16));
#3851=DIRECTION('',(0.,-1.,0.));
#3852=DIRECTION('',(0.,-1.,0.));
#3853=DIRECTION('',(-1.,0.,-6.12323399573677E-17));
#3854=DIRECTION('',(-6.12323399573677E-17,0.,1.));
#3855=DIRECTION('',(0.,-1.,0.));
#3856=DIRECTION('',(0.,0.,1.));
#3857=DIRECTION('',(1.,0.,0.));
#3858=DIRECTION('',(0.,-1.,0.));
#3859=DIRECTION('',(-1.,0.,-7.2280144832367E-17));
#3860=DIRECTION('',(-7.2280144832367E-17,0.,1.));
#3861=DIRECTION('',(-1.,0.,-7.2280144832367E-17));
#3862=DIRECTION('',(-7.2280144832367E-17,0.,1.));
#3863=DIRECTION('',(0.,-1.,0.));
#3864=DIRECTION('',(0.,-1.,0.));
#3865=DIRECTION('',(0.,0.,1.));
#3866=DIRECTION('',(1.,0.,0.));
#3867=DIRECTION('',(0.,-1.,0.));
#3868=DIRECTION('',(-1.,0.,-6.12323399573677E-17));
#3869=DIRECTION('',(-6.12323399573677E-17,0.,1.));
#3870=DIRECTION('',(0.,-1.,0.));
#3871=DIRECTION('',(-1.7347234759768E-16,0.,1.));
#3872=DIRECTION('',(1.,0.,1.7347234759768E-16));
#3873=DIRECTION('',(0.,0.,-1.));
#3874=DIRECTION('',(-1.,0.,0.));
#3875=DIRECTION('',(0.,0.,-1.));
#3876=DIRECTION('',(-1.,0.,0.));
#3877=DIRECTION('',(0.,0.,-1.));
#3878=DIRECTION('',(-1.,0.,0.));
#3879=DIRECTION('',(0.,0.,-1.));
#3880=DIRECTION('',(-1.,0.,0.));
#3881=DIRECTION('',(0.,0.,-1.));
#3882=DIRECTION('',(-1.,0.,0.));
#3883=DIRECTION('',(0.,0.,-1.));
#3884=DIRECTION('',(-1.,0.,0.));
#3885=DIRECTION('',(0.,0.,-1.));
#3886=DIRECTION('',(-1.,0.,0.));
#3887=DIRECTION('',(0.,0.,-1.));
#3888=DIRECTION('',(-1.,0.,0.));
#3889=DIRECTION('',(0.,0.,-1.));
#3890=DIRECTION('',(-1.,0.,0.));
#3891=DIRECTION('',(0.,0.,-1.));
#3892=DIRECTION('',(-1.,0.,0.));
#3893=DIRECTION('',(0.,0.,-1.));
#3894=DIRECTION('',(-1.,0.,0.));
#3895=DIRECTION('',(0.,0.,-1.));
#3896=DIRECTION('',(-1.,0.,0.));
#3897=DIRECTION('',(0.,0.,-1.));
#3898=DIRECTION('',(-1.,0.,0.));
#3899=DIRECTION('',(0.,0.,-1.));
#3900=DIRECTION('',(-1.,0.,0.));
#3901=DIRECTION('',(0.,0.,-1.));
#3902=DIRECTION('',(-1.,0.,0.));
#3903=DIRECTION('',(0.,0.,-1.));
#3904=DIRECTION('',(-1.,0.,0.));
#3905=DIRECTION('',(0.,0.,-1.));
#3906=DIRECTION('',(-1.,0.,0.));
#3907=DIRECTION('',(0.,0.,-1.));
#3908=DIRECTION('',(-1.,0.,0.));
#3909=DIRECTION('',(0.,0.,-1.));
#3910=DIRECTION('',(-1.,0.,0.));
#3911=DIRECTION('',(0.,0.,1.));
#3912=DIRECTION('',(1.,0.,0.));
#3913=DIRECTION('',(0.,0.,1.));
#3914=DIRECTION('',(1.,0.,0.));
#3915=DIRECTION('',(0.,0.,-1.));
#3916=DIRECTION('',(-1.,0.,0.));
#3917=DIRECTION('',(0.,0.,-1.));
#3918=DIRECTION('',(-1.,0.,0.));
#3919=DIRECTION('',(0.,0.,-1.));
#3920=DIRECTION('',(-1.,0.,0.));
#3921=DIRECTION('',(0.,0.,-1.));
#3922=DIRECTION('',(-1.,0.,0.));
#3923=DIRECTION('',(0.,0.,1.));
#3924=DIRECTION('',(1.,0.,0.));
#3925=DIRECTION('',(0.,0.,1.));
#3926=DIRECTION('',(1.,0.,0.));
#3927=DIRECTION('',(0.,0.,-1.));
#3928=DIRECTION('',(-1.,0.,0.));
#3929=DIRECTION('',(-0.866025403784439,0.5,0.));
#3930=DIRECTION('',(-0.5,-0.866025403784439,0.));
#3931=DIRECTION('',(0.5,0.866025403784439,0.));
#3932=DIRECTION('',(0.5,0.866025403784439,0.));
#3933=DIRECTION('',(0.,0.,-1.));
#3934=DIRECTION('',(-1.,0.,0.));
#3935=DIRECTION('',(0.5,0.866025403784439,0.));
#3936=DIRECTION('',(-0.866025403784439,0.5,0.));
#3937=DIRECTION('',(-0.5,-0.866025403784439,0.));
#3938=DIRECTION('',(0.5,0.866025403784439,0.));
#3939=DIRECTION('',(0.,0.,-1.));
#3940=DIRECTION('',(-1.,0.,0.));
#3941=DIRECTION('',(0.,0.,1.));
#3942=DIRECTION('',(1.,0.,0.));
#3943=DIRECTION('',(1.,2.99520185778379E-16,0.));
#3944=DIRECTION('',(-2.99520185778379E-16,1.,0.));
#3945=DIRECTION('',(1.,2.99520185778379E-16,0.));
#3946=DIRECTION('',(-2.99520185778379E-16,1.,0.));
#3947=DIRECTION('',(1.,2.99520185778379E-16,0.));
#3948=DIRECTION('',(-2.99520185778379E-16,1.,0.));
#3949=DIRECTION('',(1.,2.99520185778379E-16,0.));
#3950=DIRECTION('',(-2.99520185778379E-16,1.,0.));
#3951=DIRECTION('',(1.,2.99520185778379E-16,0.));
#3952=DIRECTION('',(-2.99520185778379E-16,1.,0.));
#3953=DIRECTION('',(1.,2.99520185778379E-16,0.));
#3954=DIRECTION('',(-2.99520185778379E-16,1.,0.));
#3955=DIRECTION('',(0.,0.,-1.));
#3956=DIRECTION('',(-1.,0.,0.));
#3957=DIRECTION('',(0.,0.,1.));
#3958=DIRECTION('',(1.,0.,0.));
#3959=DIRECTION('',(-1.,-2.99520185778379E-16,0.));
#3960=DIRECTION('',(2.99520185778379E-16,-1.,0.));
#3961=DIRECTION('',(-1.,-2.99520185778379E-16,0.));
#3962=DIRECTION('',(2.99520185778379E-16,-1.,0.));
#3963=DIRECTION('',(-1.,-2.99520185778379E-16,0.));
#3964=DIRECTION('',(2.99520185778379E-16,-1.,0.));
#3965=DIRECTION('',(-1.,-2.99520185778379E-16,0.));
#3966=DIRECTION('',(2.99520185778379E-16,-1.,0.));
#3967=DIRECTION('',(-1.,-2.99520185778379E-16,0.));
#3968=DIRECTION('',(2.99520185778379E-16,-1.,0.));
#3969=DIRECTION('',(-1.,-2.99520185778379E-16,0.));
#3970=DIRECTION('',(2.99520185778379E-16,-1.,0.));
#3971=CARTESIAN_POINT('',(0.,0.,0.));
#3972=CARTESIAN_POINT('',(-0.03,0.064,0.005));
#3973=CARTESIAN_POINT('',(-0.017,0.064,0.005));
#3974=CARTESIAN_POINT('',(-0.017,0.064,0.004));
#3975=CARTESIAN_POINT('',(-0.0187,0.064,0.005));
#3976=CARTESIAN_POINT('',(-0.0187,0.063,0.005));
#3977=CARTESIAN_POINT('',(-0.03,0.084,0.005));
#3978=CARTESIAN_POINT('',(-0.017,0.084,0.005));
#3979=CARTESIAN_POINT('',(-0.017,0.084,0.006));
#3980=CARTESIAN_POINT('',(-0.0187,0.084,0.005));
#3981=CARTESIAN_POINT('',(-0.0187,0.083,0.005));
#3982=CARTESIAN_POINT('',(-0.03,0.064,0.005));
#3983=CARTESIAN_POINT('',(0.016,0.064,0.005));
#3984=CARTESIAN_POINT('',(0.016,0.064,0.006));
#3985=CARTESIAN_POINT('',(0.0187,0.064,0.005));
#3986=CARTESIAN_POINT('',(0.0187,0.065,0.005));
#3987=CARTESIAN_POINT('',(-0.03,0.084,0.005));
#3988=CARTESIAN_POINT('',(0.016,0.084,0.005));
#3989=CARTESIAN_POINT('',(0.016,0.084,0.006));
#3990=CARTESIAN_POINT('',(0.0187,0.084,0.005));
#3991=CARTESIAN_POINT('',(0.0187,0.085,0.005));
#3992=CARTESIAN_POINT('',(0.017,0.0645,0.003));
#3993=CARTESIAN_POINT('',(0.018,0.0645,0.003));
#3994=CARTESIAN_POINT('',(0.018,0.0645,0.008));
#3995=CARTESIAN_POINT('',(0.018,0.0645,0.019));
#3996=CARTESIAN_POINT('',(0.017,0.0645,0.008));
#3997=CARTESIAN_POINT('',(0.016,0.0645,0.008));
#3998=CARTESIAN_POINT('',(0.016,0.0645,0.003));
#3999=CARTESIAN_POINT('',(0.016,0.0645,0.019));
#4000=CARTESIAN_POINT('',(0.017,0.0645,0.019));
#4001=CARTESIAN_POINT('',(0.018,0.074,0.003));
#4002=CARTESIAN_POINT('',(0.018,0.0835,0.003));
#4003=CARTESIAN_POINT('',(0.018,0.0835,0.008));
#4004=CARTESIAN_POINT('',(0.018,0.0835,0.019));
#4005=CARTESIAN_POINT('',(0.018,0.074,0.008));
#4006=CARTESIAN_POINT('',(0.018,0.074,0.019));
#4007=CARTESIAN_POINT('',(0.017,0.0835,0.003));
#4008=CARTESIAN_POINT('',(0.017,0.0835,0.008));
#4009=CARTESIAN_POINT('',(0.016,0.0835,0.008));
#4010=CARTESIAN_POINT('',(0.017,0.0835,0.019));
#4011=CARTESIAN_POINT('',(0.016,0.0835,0.019));
#4012=CARTESIAN_POINT('',(0.016,0.0835,0.003));
#4013=CARTESIAN_POINT('',(0.000249999999999977,0.0482798002192098,-0.006));
#4014=CARTESIAN_POINT('',(0.000249999999999977,0.0482798002192098,0.019));
#4015=CARTESIAN_POINT('',(0.01375,0.0404855715851499,0.019));
#4016=CARTESIAN_POINT('',(-0.01325,0.0560740288532698,0.019));
#4017=CARTESIAN_POINT('',(-0.01325,0.0560740288532698,0.));
#4018=CARTESIAN_POINT('',(-0.01325,0.0560740288532698,0.));
#4019=CARTESIAN_POINT('',(0.0209682667397366,0.0363181033398804,0.));
#4020=CARTESIAN_POINT('',(0.01375,0.0404855715851499,0.));
#4021=CARTESIAN_POINT('',(0.01375,0.0404855715851499,0.019));
#4022=CARTESIAN_POINT('',(0.00840063509461098,0.0435740288532697,-0.006));
#4023=CARTESIAN_POINT('',(0.00840063509461098,0.0435740288532697,0.0035));
#4024=CARTESIAN_POINT('',(0.00840063509461098,0.0435740288532697,0.0155));
#4025=CARTESIAN_POINT('',(0.000249999999999977,0.0482798002192098,0.0035));
#4026=CARTESIAN_POINT('',(0.00407050807568879,0.0460740288532697,0.0035));
#4027=CARTESIAN_POINT('',(0.00407050807568879,0.0460740288532697,-0.006));
#4028=CARTESIAN_POINT('',(0.00407050807568879,0.0460740288532697,0.0155));
#4029=CARTESIAN_POINT('',(0.000249999999999977,0.0482798002192098,0.0155));
#4030=CARTESIAN_POINT('',(0.00458012701892219,0.0507798002192098,-0.006));
#4031=CARTESIAN_POINT('',(0.00458012701892219,0.0507798002192098,0.019));
#4032=CARTESIAN_POINT('',(-0.00199166975080229,0.0545740288532697,0.019));
#4033=CARTESIAN_POINT('',(0.01375,0.0454855715851499,0.019));
#4034=CARTESIAN_POINT('',(0.01375,0.0454855715851499,0.));
#4035=CARTESIAN_POINT('',(0.01375,0.0454855715851499,0.));
#4036=CARTESIAN_POINT('',(0.0231333302491977,0.0400681033398804,0.));
#4037=CARTESIAN_POINT('',(-0.00199166975080228,0.0545740288532697,0.));
#4038=CARTESIAN_POINT('',(-0.00199166975080229,0.0545740288532697,0.019));
#4039=CARTESIAN_POINT('',(0.0105656986040721,0.0473240288532697,0.0095));
#4040=CARTESIAN_POINT('',(0.0105656986040721,0.0473240288532697,0.0035));
#4041=CARTESIAN_POINT('',(0.0105656986040721,0.0473240288532697,0.0155));
#4042=CARTESIAN_POINT('',(0.00840063509461098,0.0485740288532697,0.0155));
#4043=CARTESIAN_POINT('',(0.00623557158514987,0.0498240288532697,0.0155));
#4044=CARTESIAN_POINT('',(0.00623557158514988,0.0498240288532697,0.0095));
#4045=CARTESIAN_POINT('',(0.00623557158514988,0.0498240288532697,0.0035));
#4046=CARTESIAN_POINT('',(0.00840063509461098,0.0485740288532697,0.0035));
#4047=CARTESIAN_POINT('',(-0.028875,-0.06,0.019));
#4048=CARTESIAN_POINT('',(-0.028875,-0.06,0.));
#4049=CARTESIAN_POINT('',(-0.03275,-0.06,0.));
#4050=CARTESIAN_POINT('',(0.03275,-0.06,0.));
#4051=CARTESIAN_POINT('',(0.03275,-0.06,0.019));
#4052=CARTESIAN_POINT('',(0.03275,-0.06,0.019));
#4053=CARTESIAN_POINT('',(-0.028875,-0.06,0.019));
#4054=CARTESIAN_POINT('',(-0.03275,-0.06,0.019));
#4055=CARTESIAN_POINT('',(-0.03275,-0.06,0.019));
#4056=CARTESIAN_POINT('',(0.005,-0.06,0.0095));
#4057=CARTESIAN_POINT('',(0.005,-0.06,0.0155));
#4058=CARTESIAN_POINT('',(0.005,-0.06,0.0035));
#4059=CARTESIAN_POINT('',(0.0025,-0.06,0.0035));
#4060=CARTESIAN_POINT('',(3.46944695195361E-18,-0.06,0.0035));
#4061=CARTESIAN_POINT('',(6.76857428014844E-19,-0.06,0.0095));
#4062=CARTESIAN_POINT('',(3.09463388270638E-19,-0.06,0.0155));
#4063=CARTESIAN_POINT('',(0.0025,-0.06,0.0155));
#4064=CARTESIAN_POINT('',(0.000250000000000014,0.0300932667397366,-0.006));
#4065=CARTESIAN_POINT('',(-0.0129682667397366,0.0224616968793294,0.));
#4066=CARTESIAN_POINT('',(-0.01325,0.0222990381056767,0.));
#4067=CARTESIAN_POINT('',(0.01375,0.0378874953737965,0.));
#4068=CARTESIAN_POINT('',(-0.01325,0.0222990381056767,0.019));
#4069=CARTESIAN_POINT('',(-0.01325,0.0222990381056767,0.019));
#4070=CARTESIAN_POINT('',(0.000250000000000014,0.0300932667397366,0.019));
#4071=CARTESIAN_POINT('',(0.01375,0.0378874953737965,0.019));
#4072=CARTESIAN_POINT('',(0.01375,0.0378874953737965,0.));
#4073=CARTESIAN_POINT('',(0.005,0.0328356805183873,-0.006));
#4074=CARTESIAN_POINT('',(0.005,0.0328356805183873,0.0155));
#4075=CARTESIAN_POINT('',(0.005,0.0328356805183873,0.0035));
#4076=CARTESIAN_POINT('',(0.000250000000000014,0.0300932667397366,0.0155));
#4077=CARTESIAN_POINT('',(3.09463388270638E-19,0.0299489291724391,0.0155));
#4078=CARTESIAN_POINT('',(1.62630325872825E-18,0.0299489291724391,-0.006));
#4079=CARTESIAN_POINT('',(1.36238241755579E-18,0.0299489291724392,0.0035));
#4080=CARTESIAN_POINT('',(0.000250000000000013,0.0300932667397366,0.0035));
#4081=CARTESIAN_POINT('',(0.0045801270189222,-0.0187798002192099,-0.006));
#4082=CARTESIAN_POINT('',(0.0045801270189222,-0.0187798002192099,0.019));
#4083=CARTESIAN_POINT('',(0.01375,-0.0134855715851499,0.019));
#4084=CARTESIAN_POINT('',(-0.00199166975080229,-0.0225740288532698,0.019));
#4085=CARTESIAN_POINT('',(-0.00199166975080229,-0.0225740288532698,0.));
#4086=CARTESIAN_POINT('',(-0.00199166975080229,-0.0225740288532698,0.));
#4087=CARTESIAN_POINT('',(0.00927692378864671,-0.0160681033398804,0.));
#4088=CARTESIAN_POINT('',(0.01375,-0.0134855715851499,0.));
#4089=CARTESIAN_POINT('',(0.01375,-0.0134855715851499,0.019));
#4090=CARTESIAN_POINT('',(0.005,-0.0185373864405591,-0.006));
#4091=CARTESIAN_POINT('',(0.005,-0.0185373864405591,0.0035));
#4092=CARTESIAN_POINT('',(0.005,-0.0185373864405591,0.0155));
#4093=CARTESIAN_POINT('',(0.0045801270189222,-0.0187798002192099,0.0035));
#4094=CARTESIAN_POINT('',(8.67361737988404E-19,-0.0214241377865073,0.0035));
#4095=CARTESIAN_POINT('',(1.7347234759768E-18,-0.0214241377865073,-0.006));
#4096=CARTESIAN_POINT('',(3.09463388270638E-19,-0.0214241377865073,0.0155));
#4097=CARTESIAN_POINT('',(0.0045801270189222,-0.0187798002192099,0.0155));
#4098=CARTESIAN_POINT('',(0.0045801270189222,-0.0253730669589464,-0.006));
#4099=CARTESIAN_POINT('',(2.54405928365955E-17,-0.0253730669589464,0.));
#4100=CARTESIAN_POINT('',(-0.00124166975080229,-0.0253730669589464,0.));
#4101=CARTESIAN_POINT('',(0.0145,-0.0253730669589464,0.));
#4102=CARTESIAN_POINT('',(-0.00124166975080229,-0.0253730669589464,0.019));
#4103=CARTESIAN_POINT('',(-0.00124166975080229,-0.0253730669589464,0.019));
#4104=CARTESIAN_POINT('',(0.0045801270189222,-0.0253730669589464,0.019));
#4105=CARTESIAN_POINT('',(0.0145,-0.0253730669589464,0.019));
#4106=CARTESIAN_POINT('',(0.0145,-0.0253730669589464,0.));
#4107=CARTESIAN_POINT('',(0.005,-0.0253730669589464,-0.006));
#4108=CARTESIAN_POINT('',(0.005,-0.0253730669589464,0.0155));
#4109=CARTESIAN_POINT('',(0.005,-0.0253730669589464,0.0035));
#4110=CARTESIAN_POINT('',(0.0045801270189222,-0.0253730669589464,0.0155));
#4111=CARTESIAN_POINT('',(3.09463388270638E-19,-0.0253730669589464,0.0155));
#4112=CARTESIAN_POINT('',(1.7347234759768E-18,-0.0253730669589464,-0.006));
#4113=CARTESIAN_POINT('',(1.04425146775905E-18,-0.0253730669589464,0.0035));
#4114=CARTESIAN_POINT('',(0.0045801270189222,-0.0253730669589464,0.0035));
#4115=CARTESIAN_POINT('',(-0.000249999999999997,0.00690673326026338,-0.006));
#4116=CARTESIAN_POINT('',(0.00292820323027551,0.00507179676972448,0.));
#4117=CARTESIAN_POINT('',(-0.01375,0.0147009618943233,0.));
#4118=CARTESIAN_POINT('',(0.01325,-0.00088749537379657,0.));
#4119=CARTESIAN_POINT('',(-0.01375,0.0147009618943233,0.019));
#4120=CARTESIAN_POINT('',(-0.01375,0.0147009618943233,0.019));
#4121=CARTESIAN_POINT('',(-0.000249999999999997,0.00690673326026338,0.019));
#4122=CARTESIAN_POINT('',(0.01325,-0.00088749537379657,0.019));
#4123=CARTESIAN_POINT('',(0.01325,-0.00088749537379657,0.));
#4124=CARTESIAN_POINT('',(0.005,0.00387564434701785,-0.006));
#4125=CARTESIAN_POINT('',(0.005,0.00387564434701786,0.0155));
#4126=CARTESIAN_POINT('',(0.005,0.00387564434701785,0.0035));
#4127=CARTESIAN_POINT('',(-0.000249999999999997,0.00690673326026338,0.0155));
#4128=CARTESIAN_POINT('',(3.09463388270638E-19,0.00676239569296597,0.0155));
#4129=CARTESIAN_POINT('',(1.62630325872825E-18,0.00676239569296597,-0.006));
#4130=CARTESIAN_POINT('',(-2.63920841172466E-19,0.00676239569296598,0.0035));
#4131=CARTESIAN_POINT('',(-0.00025,0.00690673326026338,0.0035));
#4132=CARTESIAN_POINT('',(-0.000250000000000011,0.0250932667397366,-0.006));
#4133=CARTESIAN_POINT('',(-0.0109282032302755,0.0189282032302755,0.));
#4134=CARTESIAN_POINT('',(0.01325,0.0328874953737966,0.));
#4135=CARTESIAN_POINT('',(-0.01375,0.0172990381056767,0.));
#4136=CARTESIAN_POINT('',(0.01325,0.0328874953737966,0.019));
#4137=CARTESIAN_POINT('',(0.01325,0.0328874953737966,0.019));
#4138=CARTESIAN_POINT('',(-0.000250000000000011,0.0250932667397366,0.019));
#4139=CARTESIAN_POINT('',(-0.01375,0.0172990381056767,0.019));
#4140=CARTESIAN_POINT('',(-0.01375,0.0172990381056767,0.));
#4141=CARTESIAN_POINT('',(0.005,0.0281243556529822,-0.006));
#4142=CARTESIAN_POINT('',(0.005,0.0281243556529822,0.0035));
#4143=CARTESIAN_POINT('',(0.005,0.0281243556529822,0.0155));
#4144=CARTESIAN_POINT('',(-0.000250000000000012,0.0250932667397366,0.0035));
#4145=CARTESIAN_POINT('',(1.02999206386123E-18,0.0252376043070341,0.0035));
#4146=CARTESIAN_POINT('',(1.62630325872825E-18,0.025237604307034,-0.006));
#4147=CARTESIAN_POINT('',(3.09463388270638E-19,0.025237604307034,0.0155));
#4148=CARTESIAN_POINT('',(-0.000250000000000011,0.0250932667397366,0.0155));
#4149=CARTESIAN_POINT('',(0.000250000000000011,-0.0162798002192099,-0.006));
#4150=CARTESIAN_POINT('',(0.00711186027918561,-0.0123181033398804,0.));
#4151=CARTESIAN_POINT('',(-0.01325,-0.0240740288532698,0.));
#4152=CARTESIAN_POINT('',(0.01375,-0.00848557158514989,0.));
#4153=CARTESIAN_POINT('',(-0.01325,-0.0240740288532698,0.019));
#4154=CARTESIAN_POINT('',(-0.01325,-0.0240740288532698,0.019));
#4155=CARTESIAN_POINT('',(0.000250000000000011,-0.0162798002192099,0.019));
#4156=CARTESIAN_POINT('',(0.01375,-0.00848557158514989,0.019));
#4157=CARTESIAN_POINT('',(0.01375,-0.00848557158514989,0.));
#4158=CARTESIAN_POINT('',(0.005,-0.0135373864405591,-0.006));
#4159=CARTESIAN_POINT('',(0.005,-0.0135373864405591,0.0155));
#4160=CARTESIAN_POINT('',(0.005,-0.0135373864405591,0.0035));
#4161=CARTESIAN_POINT('',(0.000250000000000011,-0.0162798002192099,0.0155));
#4162=CARTESIAN_POINT('',(3.09463388270638E-19,-0.0164241377865073,0.0155));
#4163=CARTESIAN_POINT('',(1.62630325872825E-18,-0.0164241377865073,-0.006));
#4164=CARTESIAN_POINT('',(1.03712176581014E-18,-0.0164241377865073,0.0035));
#4165=CARTESIAN_POINT('',(0.000250000000000011,-0.0162798002192099,0.0035));
#4166=CARTESIAN_POINT('',(0.000249999999999995,0.00190673326026338,-0.006));
#4167=CARTESIAN_POINT('',(0.000249999999999995,0.00190673326026338,0.019));
#4168=CARTESIAN_POINT('',(0.01375,-0.00588749537379658,0.019));
#4169=CARTESIAN_POINT('',(-0.01325,0.00970096189432333,0.019));
#4170=CARTESIAN_POINT('',(-0.01325,0.00970096189432333,0.));
#4171=CARTESIAN_POINT('',(-0.01325,0.00970096189432333,0.));
#4172=CARTESIAN_POINT('',(0.000888139720814409,0.00153830312067058,0.));
#4173=CARTESIAN_POINT('',(0.01375,-0.00588749537379658,0.));
#4174=CARTESIAN_POINT('',(0.01375,-0.00588749537379658,0.019));
#4175=CARTESIAN_POINT('',(0.005,-0.000835680518387351,-0.006));
#4176=CARTESIAN_POINT('',(0.005,-0.000835680518387347,0.0035));
#4177=CARTESIAN_POINT('',(0.005,-0.000835680518387351,0.0155));
#4178=CARTESIAN_POINT('',(0.000249999999999994,0.00190673326026338,0.0035));
#4179=CARTESIAN_POINT('',(1.0842021724855E-18,0.00205107082756078,0.0035));
#4180=CARTESIAN_POINT('',(1.62630325872825E-18,0.00205107082756078,-0.006));
#4181=CARTESIAN_POINT('',(3.09463388270638E-19,0.00205107082756078,0.0155));
#4182=CARTESIAN_POINT('',(0.000249999999999995,0.00190673326026338,0.0155));
#4183=CARTESIAN_POINT('',(-2.08166817117217E-17,-0.0293730669589464,-0.006));
#4184=CARTESIAN_POINT('',(-2.08166817117217E-17,-0.0293730669589464,0.019));
#4185=CARTESIAN_POINT('',(-0.010797763234549,-0.0293730669589464,0.019));
#4186=CARTESIAN_POINT('',(0.0107977632345489,-0.0293730669589464,0.019));
#4187=CARTESIAN_POINT('',(-0.010797763234549,-0.0293730669589464,-0.006));
#4188=CARTESIAN_POINT('',(-0.010797763234549,-0.0293730669589464,0.));
#4189=CARTESIAN_POINT('',(1.38777878078145E-17,-0.0293730669589464,0.));
#4190=CARTESIAN_POINT('',(0.0107977632345489,-0.0293730669589464,0.));
#4191=CARTESIAN_POINT('',(0.0107977632345489,-0.0293730669589464,-0.006));
#4192=CARTESIAN_POINT('',(-2.08166817117217E-17,-0.0293730669589464,0.0155));
#4193=CARTESIAN_POINT('',(0.005,-0.0293730669589464,0.0155));
#4194=CARTESIAN_POINT('',(3.09463388270638E-19,-0.0293730669589464,0.0155));
#4195=CARTESIAN_POINT('',(0.005,-0.0293730669589464,-0.006));
#4196=CARTESIAN_POINT('',(0.005,-0.0293730669589464,0.0035));
#4197=CARTESIAN_POINT('',(-2.24646690138996E-17,-0.0293730669589464,0.0035));
#4198=CARTESIAN_POINT('',(1.04425398111062E-18,-0.0293730669589464,0.0035));
#4199=CARTESIAN_POINT('',(1.62595869735405E-18,-0.0293730669589464,-0.006));
#4200=CARTESIAN_POINT('',(0.0188486245515387,-0.055,-0.006));
#4201=CARTESIAN_POINT('',(2.58779813115729E-17,-0.055,0.));
#4202=CARTESIAN_POINT('',(0.03325,-0.055,0.));
#4203=CARTESIAN_POINT('',(0.009,-0.055,0.));
#4204=CARTESIAN_POINT('',(0.009,-0.055,-0.006));
#4205=CARTESIAN_POINT('',(0.009,-0.055,0.019));
#4206=CARTESIAN_POINT('',(0.0188486245515387,-0.055,0.019));
#4207=CARTESIAN_POINT('',(0.03325,-0.055,0.019));
#4208=CARTESIAN_POINT('',(0.03325,-0.055,0.));
#4209=CARTESIAN_POINT('',(1.38777878078145E-17,1.38777878078145E-17,0.019));
#4210=CARTESIAN_POINT('',(-0.0155,-0.00718653347947323,0.019));
#4211=CARTESIAN_POINT('',(-0.0155,0.00840192378864667,0.019));
#4212=CARTESIAN_POINT('',(-0.0155,-0.0227749907475932,0.019));
#4213=CARTESIAN_POINT('',(-0.014,0.00840192378864667,0.019));
#4214=CARTESIAN_POINT('',(0.013,-0.00718653347947323,0.019));
#4215=CARTESIAN_POINT('',(-0.014,-0.0227749907475932,0.019));
#4216=CARTESIAN_POINT('',(-0.013,0.016,0.019));
#4217=CARTESIAN_POINT('',(0.014,0.0315884572681199,0.019));
#4218=CARTESIAN_POINT('',(0.0155,0.0315884572681199,0.019));
#4219=CARTESIAN_POINT('',(0.0155,0.016,0.019));
#4220=CARTESIAN_POINT('',(0.0155,0.000411542731880088,0.019));
#4221=CARTESIAN_POINT('',(0.014,0.000411542731880088,0.019));
#4222=CARTESIAN_POINT('',(0.0145,-0.0147846096908265,0.019));
#4223=CARTESIAN_POINT('',(0.016,-0.0147846096908265,0.019));
#4224=CARTESIAN_POINT('',(0.016,-0.0187798002192098,0.019));
#4225=CARTESIAN_POINT('',(0.016,-0.0238730669589464,0.019));
#4226=CARTESIAN_POINT('',(0.0145,-0.0238730669589464,0.019));
#4227=CARTESIAN_POINT('',(-0.00124166975080229,-0.0238730669589464,0.019));
#4228=CARTESIAN_POINT('',(-0.00124166975080229,0.0558730669589464,0.019));
#4229=CARTESIAN_POINT('',(-0.00124166975080229,0.0573730669589464,0.019));
#4230=CARTESIAN_POINT('',(0.00458012701892219,0.0573730669589464,0.019));
#4231=CARTESIAN_POINT('',(0.0145,0.0573730669589464,0.019));
#4232=CARTESIAN_POINT('',(0.0145,0.0558730669589464,0.019));
#4233=CARTESIAN_POINT('',(0.016,0.0558730669589464,0.019));
#4234=CARTESIAN_POINT('',(0.016,0.0507798002192098,0.019));
#4235=CARTESIAN_POINT('',(0.016,0.0467846096908265,0.019));
#4236=CARTESIAN_POINT('',(0.0145,0.0467846096908265,0.019));
#4237=CARTESIAN_POINT('',(-0.0155,0.0391865334794732,0.019));
#4238=CARTESIAN_POINT('',(-0.0155,0.0547749907475931,0.019));
#4239=CARTESIAN_POINT('',(-0.0155,0.0235980762113533,0.019));
#4240=CARTESIAN_POINT('',(-0.014,0.0547749907475931,0.019));
#4241=CARTESIAN_POINT('',(0.013,0.0391865334794732,0.019));
#4242=CARTESIAN_POINT('',(-0.014,0.0235980762113533,0.019));
#4243=CARTESIAN_POINT('',(-3.46944695195361E-17,0.09,0.019));
#4244=CARTESIAN_POINT('',(0.017,0.09,0.019));
#4245=CARTESIAN_POINT('',(-0.017,0.09,0.019));
#4246=CARTESIAN_POINT('',(-0.017,0.087,0.019));
#4247=CARTESIAN_POINT('',(-0.02,0.087,0.019));
#4248=CARTESIAN_POINT('',(-0.02,0.0320832532048319,0.019));
#4249=CARTESIAN_POINT('',(-0.02,-0.0238254228456769,0.019));
#4250=CARTESIAN_POINT('',(-0.025,-0.0238254228456769,0.019));
#4251=CARTESIAN_POINT('',(-0.0213889155983894,-0.0272837561790103,0.019));
#4252=CARTESIAN_POINT('',(-0.030375,-0.0366667467951681,0.019));
#4253=CARTESIAN_POINT('',(-0.0393610844016106,-0.046049737411326,0.019));
#4254=CARTESIAN_POINT('',(-0.03575,-0.0495080707446593,0.019));
#4255=CARTESIAN_POINT('',(-0.04075,-0.0495080707446593,0.019));
#4256=CARTESIAN_POINT('',(-0.04075,-0.05375,0.019));
#4257=CARTESIAN_POINT('',(-0.04075,-0.0805,0.019));
#4258=CARTESIAN_POINT('',(1.38777878078145E-17,-0.0805,0.019));
#4259=CARTESIAN_POINT('',(-0.03775,-0.0805,0.019));
#4260=CARTESIAN_POINT('',(-0.03775,-0.075,0.019));
#4261=CARTESIAN_POINT('',(-0.03775,-0.065,0.019));
#4262=CARTESIAN_POINT('',(-0.03275,-0.065,0.019));
#4263=CARTESIAN_POINT('',(0.03275,-0.065,0.019));
#4264=CARTESIAN_POINT('',(0.03775,-0.065,0.019));
#4265=CARTESIAN_POINT('',(0.03775,-0.075,0.019));
#4266=CARTESIAN_POINT('',(0.03775,-0.0805,0.019));
#4267=CARTESIAN_POINT('',(1.38777878078145E-17,-0.0805,0.019));
#4268=CARTESIAN_POINT('',(0.04075,-0.0805,0.019));
#4269=CARTESIAN_POINT('',(0.04075,-0.05375,0.019));
#4270=CARTESIAN_POINT('',(0.04075,-0.0495080707446594,0.019));
#4271=CARTESIAN_POINT('',(0.03575,-0.0495080707446594,0.019));
#4272=CARTESIAN_POINT('',(0.0393610844016107,-0.046049737411326,0.019));
#4273=CARTESIAN_POINT('',(0.030375,-0.0366667467951682,0.019));
#4274=CARTESIAN_POINT('',(0.0213889155983894,-0.0272837561790103,0.019));
#4275=CARTESIAN_POINT('',(0.025,-0.0238254228456769,0.019));
#4276=CARTESIAN_POINT('',(0.02,-0.0238254228456769,0.019));
#4277=CARTESIAN_POINT('',(0.02,0.0320832532048319,0.019));
#4278=CARTESIAN_POINT('',(0.02,0.087,0.019));
#4279=CARTESIAN_POINT('',(0.017,0.087,0.019));
#4280=CARTESIAN_POINT('',(0.03475,-0.0519756177007068,0.019));
#4281=CARTESIAN_POINT('',(0.03475,-0.0495536566248115,0.019));
#4282=CARTESIAN_POINT('',(0.03475,-0.0535,0.019));
#4283=CARTESIAN_POINT('',(0.03325,-0.0535,0.019));
#4284=CARTESIAN_POINT('',(0.009,-0.0535,0.019));
#4285=CARTESIAN_POINT('',(0.0075,-0.0535,0.019));
#4286=CARTESIAN_POINT('',(0.0075,-0.051353967425374,0.019));
#4287=CARTESIAN_POINT('',(0.0075,-0.0481377457063943,0.019));
#4288=CARTESIAN_POINT('',(0.009,-0.0481377457063943,0.019));
#4289=CARTESIAN_POINT('',(0.00772762706210193,-0.0473433483833219,0.019));
#4290=CARTESIAN_POINT('',(0.0103656924338096,-0.0431180030934047,0.019));
#4291=CARTESIAN_POINT('',(0.0167625935815521,-0.0328721932569399,0.019));
#4292=CARTESIAN_POINT('',(0.0180349665194501,-0.0336665905800124,0.019));
#4293=CARTESIAN_POINT('',(0.0191182918399333,-0.0326290905800124,0.019));
#4294=CARTESIAN_POINT('',(0.0262670678822709,-0.0400936207941115,0.019));
#4295=CARTESIAN_POINT('',(0.0343333253204832,-0.0485161566248115,0.019));
#4296=CARTESIAN_POINT('',(0.03325,-0.0495536566248115,0.019));
#4297=CARTESIAN_POINT('',(-0.0188486245515387,-0.055,0.019));
#4298=CARTESIAN_POINT('',(-0.00565211328408866,-0.055,0.019));
#4299=CARTESIAN_POINT('',(-0.03325,-0.055,0.019));
#4300=CARTESIAN_POINT('',(-0.03325,-0.0535,0.019));
#4301=CARTESIAN_POINT('',(-0.03475,-0.0535,0.019));
#4302=CARTESIAN_POINT('',(-0.03475,-0.0519756177007068,0.019));
#4303=CARTESIAN_POINT('',(-0.03475,-0.0495536566248115,0.019));
#4304=CARTESIAN_POINT('',(-0.03325,-0.0495536566248115,0.019));
#4305=CARTESIAN_POINT('',(-0.0343333253204832,-0.0485161566248115,0.019));
#4306=CARTESIAN_POINT('',(-0.0262670678822709,-0.0400936207941116,0.019));
#4307=CARTESIAN_POINT('',(-0.0191182918399333,-0.0326290905800124,0.019));
#4308=CARTESIAN_POINT('',(-0.0180349665194501,-0.0336665905800124,0.019));
#4309=CARTESIAN_POINT('',(-0.0167625935815521,-0.0328721932569399,0.019));
#4310=CARTESIAN_POINT('',(-0.0103656924338096,-0.0431180030934047,0.019));
#4311=CARTESIAN_POINT('',(-0.00437974034619059,-0.0527056026769276,0.019));
#4312=CARTESIAN_POINT('',(-0.00565211328408866,-0.0535,0.019));
#4313=CARTESIAN_POINT('',(-0.00675131370778014,-0.0401865334794732,0.019));
#4314=CARTESIAN_POINT('',(-0.012070136172447,-0.0316674642820189,0.019));
#4315=CARTESIAN_POINT('',(-0.00127237293789807,-0.0489620614948273,0.019));
#4316=CARTESIAN_POINT('',(-0.010797763234549,-0.0308730669589464,0.019));
#4317=CARTESIAN_POINT('',(0.0107977632345489,-0.0308730669589464,0.019));
#4318=CARTESIAN_POINT('',(0.012070136172447,-0.0316674642820189,0.019));
#4319=CARTESIAN_POINT('',(0.00675131370778013,-0.0401865334794732,0.019));
#4320=CARTESIAN_POINT('',(0.00127237293789807,-0.0489620614948273,0.019));
#4321=CARTESIAN_POINT('',(0.,-0.0481676641717549,0.019));
#4322=CARTESIAN_POINT('',(-0.000500000000000007,0.087,0.019));
#4323=CARTESIAN_POINT('',(0.016,0.087,0.019));
#4324=CARTESIAN_POINT('',(-0.017,0.087,0.019));
#4325=CARTESIAN_POINT('',(0.016,0.08525,0.019));
#4326=CARTESIAN_POINT('',(0.016,0.06275,0.019));
#4327=CARTESIAN_POINT('',(0.016,0.061,0.019));
#4328=CARTESIAN_POINT('',(-0.0005,0.061,0.019));
#4329=CARTESIAN_POINT('',(-0.017,0.061,0.019));
#4330=CARTESIAN_POINT('',(-0.017,0.064,0.019));
#4331=CARTESIAN_POINT('',(-0.017,0.067,0.019));
#4332=CARTESIAN_POINT('',(-0.0175,0.067,0.019));
#4333=CARTESIAN_POINT('',(-0.018,0.067,0.019));
#4334=CARTESIAN_POINT('',(-0.018,0.074,0.019));
#4335=CARTESIAN_POINT('',(-0.018,0.081,0.019));
#4336=CARTESIAN_POINT('',(-0.0175,0.081,0.019));
#4337=CARTESIAN_POINT('',(-0.017,0.081,0.019));
#4338=CARTESIAN_POINT('',(-0.017,0.084,0.019));
#4339=CARTESIAN_POINT('',(1.38777878078145E-17,1.38777878078145E-17,0.));
#4340=CARTESIAN_POINT('',(0.0268283242608884,-0.0167500803739005,0.));
#4341=CARTESIAN_POINT('',(0.00772762706210192,-0.0473433483833219,0.));
#4342=CARTESIAN_POINT('',(0.0167625935815521,-0.0328721932569399,0.));
#4343=CARTESIAN_POINT('',(0.009,-0.0481377457063943,0.));
#4344=CARTESIAN_POINT('',(0.0075,-0.0481377457063943,0.));
#4345=CARTESIAN_POINT('',(0.0075,-0.051353967425374,0.));
#4346=CARTESIAN_POINT('',(0.0075,-0.0535,0.));
#4347=CARTESIAN_POINT('',(0.009,-0.0535,0.));
#4348=CARTESIAN_POINT('',(0.03325,-0.0535,0.));
#4349=CARTESIAN_POINT('',(0.03475,-0.0535,0.));
#4350=CARTESIAN_POINT('',(0.03475,1.38777878078145E-17,0.));
#4351=CARTESIAN_POINT('',(0.03475,-0.0495536566248115,0.));
#4352=CARTESIAN_POINT('',(0.03325,-0.0495536566248115,0.));
#4353=CARTESIAN_POINT('',(0.0343333253204832,-0.0485161566248115,0.));
#4354=CARTESIAN_POINT('',(-0.00632727075378116,-0.00605962334944783,0.));
#4355=CARTESIAN_POINT('',(0.0191182918399333,-0.0326290905800124,0.));
#4356=CARTESIAN_POINT('',(0.0180349665194501,-0.0336665905800124,0.));
#4357=CARTESIAN_POINT('',(0.00632727075378114,-0.00605962334944775,0.));
#4358=CARTESIAN_POINT('',(-0.0343333253204832,-0.0485161566248115,0.));
#4359=CARTESIAN_POINT('',(-0.0191182918399333,-0.0326290905800124,0.));
#4360=CARTESIAN_POINT('',(-0.03325,-0.0495536566248115,0.));
#4361=CARTESIAN_POINT('',(-0.03475,-0.0495536566248115,0.));
#4362=CARTESIAN_POINT('',(-0.03475,1.38777878078145E-17,0.));
#4363=CARTESIAN_POINT('',(-0.03475,-0.0535,0.));
#4364=CARTESIAN_POINT('',(-0.03325,-0.0535,0.));
#4365=CARTESIAN_POINT('',(-0.03325,-0.055,0.));
#4366=CARTESIAN_POINT('',(2.58779813115729E-17,-0.055,0.));
#4367=CARTESIAN_POINT('',(-0.00565211328408866,-0.055,0.));
#4368=CARTESIAN_POINT('',(-0.00565211328408866,-0.0535,0.));
#4369=CARTESIAN_POINT('',(-0.00437974034619059,-0.0527056026769276,0.));
#4370=CARTESIAN_POINT('',(-0.0268283242608884,-0.0167500803739005,0.));
#4371=CARTESIAN_POINT('',(-0.0167625935815521,-0.0328721932569399,0.));
#4372=CARTESIAN_POINT('',(-0.0180349665194501,-0.0336665905800124,0.));
#4373=CARTESIAN_POINT('',(-0.02,0.0320832532048319,0.));
#4374=CARTESIAN_POINT('',(-0.02,0.087,0.));
#4375=CARTESIAN_POINT('',(-0.02,-0.0238254228456769,0.));
#4376=CARTESIAN_POINT('',(-0.017,0.087,0.));
#4377=CARTESIAN_POINT('',(-0.017,0.09,0.));
#4378=CARTESIAN_POINT('',(-3.46944695195361E-17,0.09,0.));
#4379=CARTESIAN_POINT('',(0.017,0.09,0.));
#4380=CARTESIAN_POINT('',(0.017,0.087,0.));
#4381=CARTESIAN_POINT('',(0.02,0.087,0.));
#4382=CARTESIAN_POINT('',(0.02,0.0320832532048319,0.));
#4383=CARTESIAN_POINT('',(0.02,-0.0238254228456769,0.));
#4384=CARTESIAN_POINT('',(0.025,-0.0238254228456769,0.));
#4385=CARTESIAN_POINT('',(0.0213889155983894,-0.0272837561790103,0.));
#4386=CARTESIAN_POINT('',(0.030375,-0.0366667467951682,0.));
#4387=CARTESIAN_POINT('',(0.0393610844016107,-0.046049737411326,0.));
#4388=CARTESIAN_POINT('',(0.03575,-0.0495080707446594,0.));
#4389=CARTESIAN_POINT('',(0.04075,-0.0495080707446594,0.));
#4390=CARTESIAN_POINT('',(0.04075,-0.05375,0.));
#4391=CARTESIAN_POINT('',(0.04075,-0.0805,0.));
#4392=CARTESIAN_POINT('',(0.03775,-0.0805,0.));
#4393=CARTESIAN_POINT('',(0.03775,-0.0805,0.));
#4394=CARTESIAN_POINT('',(0.03775,-0.075,0.));
#4395=CARTESIAN_POINT('',(0.03775,-0.065,0.));
#4396=CARTESIAN_POINT('',(0.03275,-0.065,0.));
#4397=CARTESIAN_POINT('',(-0.03275,-0.065,0.));
#4398=CARTESIAN_POINT('',(-0.03775,-0.065,0.));
#4399=CARTESIAN_POINT('',(-0.03775,-0.075,0.));
#4400=CARTESIAN_POINT('',(-0.03775,-0.0805,0.));
#4401=CARTESIAN_POINT('',(-0.04075,-0.0805,0.));
#4402=CARTESIAN_POINT('',(-0.04075,-0.0805,0.));
#4403=CARTESIAN_POINT('',(-0.04075,-0.05375,0.));
#4404=CARTESIAN_POINT('',(-0.04075,-0.0495080707446593,0.));
#4405=CARTESIAN_POINT('',(-0.03575,-0.0495080707446593,0.));
#4406=CARTESIAN_POINT('',(-0.0393610844016106,-0.046049737411326,0.));
#4407=CARTESIAN_POINT('',(-0.030375,-0.0366667467951681,0.));
#4408=CARTESIAN_POINT('',(-0.0213889155983894,-0.0272837561790103,0.));
#4409=CARTESIAN_POINT('',(-0.025,-0.0238254228456769,0.));
#4410=CARTESIAN_POINT('',(0.013,0.0391865334794732,0.));
#4411=CARTESIAN_POINT('',(-0.014,0.0547749907475931,0.));
#4412=CARTESIAN_POINT('',(-0.0155,0.0547749907475931,0.));
#4413=CARTESIAN_POINT('',(-0.0155,9.44238280201903E-18,0.));
#4414=CARTESIAN_POINT('',(-0.0155,0.0235980762113533,0.));
#4415=CARTESIAN_POINT('',(-0.014,0.0235980762113533,0.));
#4416=CARTESIAN_POINT('',(0.016,1.38777878078145E-17,0.));
#4417=CARTESIAN_POINT('',(0.016,0.0467846096908265,0.));
#4418=CARTESIAN_POINT('',(0.016,0.0558730669589464,0.));
#4419=CARTESIAN_POINT('',(0.0145,0.0558730669589464,0.));
#4420=CARTESIAN_POINT('',(0.0145,0.0573730669589464,0.));
#4421=CARTESIAN_POINT('',(1.38777878078145E-17,0.0573730669589464,0.));
#4422=CARTESIAN_POINT('',(-0.00124166975080229,0.0573730669589464,0.));
#4423=CARTESIAN_POINT('',(-0.00124166975080229,0.0558730669589464,0.));
#4424=CARTESIAN_POINT('',(0.0145,0.0467846096908265,0.));
#4425=CARTESIAN_POINT('',(0.0145,-0.0238730669589464,0.));
#4426=CARTESIAN_POINT('',(0.016,-0.0238730669589464,0.));
#4427=CARTESIAN_POINT('',(0.016,1.38777878078145E-17,0.));
#4428=CARTESIAN_POINT('',(0.016,-0.0147846096908265,0.));
#4429=CARTESIAN_POINT('',(0.0145,-0.0147846096908265,0.));
#4430=CARTESIAN_POINT('',(-0.00124166975080229,-0.0238730669589464,0.));
#4431=CARTESIAN_POINT('',(0.0155,1.68347244783447E-17,0.));
#4432=CARTESIAN_POINT('',(0.0155,0.000411542731880089,0.));
#4433=CARTESIAN_POINT('',(0.0155,0.0315884572681199,0.));
#4434=CARTESIAN_POINT('',(0.014,0.0315884572681199,0.));
#4435=CARTESIAN_POINT('',(-0.013,0.016,0.));
#4436=CARTESIAN_POINT('',(0.014,0.000411542731880088,0.));
#4437=CARTESIAN_POINT('',(0.013,-0.00718653347947323,0.));
#4438=CARTESIAN_POINT('',(-0.014,0.00840192378864667,0.));
#4439=CARTESIAN_POINT('',(-0.0155,0.00840192378864667,0.));
#4440=CARTESIAN_POINT('',(-0.0155,9.44238280201903E-18,0.));
#4441=CARTESIAN_POINT('',(-0.0155,-0.0227749907475932,0.));
#4442=CARTESIAN_POINT('',(-0.014,-0.0227749907475932,0.));
#4443=CARTESIAN_POINT('',(-0.010797763234549,-0.0308730669589464,0.));
#4444=CARTESIAN_POINT('',(-0.012070136172447,-0.0316674642820189,0.));
#4445=CARTESIAN_POINT('',(-0.0229107788651631,-0.014304187756505,0.));
#4446=CARTESIAN_POINT('',(-0.00127237293789806,-0.0489620614948274,0.));
#4447=CARTESIAN_POINT('',(0.,-0.0481676641717549,0.));
#4448=CARTESIAN_POINT('',(0.00127237293789807,-0.0489620614948274,0.));
#4449=CARTESIAN_POINT('',(0.0229107788651631,-0.0143041877565049,0.));
#4450=CARTESIAN_POINT('',(0.012070136172447,-0.0316674642820189,0.));
#4451=CARTESIAN_POINT('',(0.0107977632345489,-0.0308730669589464,0.));
#4452=CARTESIAN_POINT('',(-0.02,0.0320832532048319,0.019));
#4453=CARTESIAN_POINT('',(-0.02,0.084,0.005));
#4454=CARTESIAN_POINT('',(-0.02,0.082,0.005));
#4455=CARTESIAN_POINT('',(-0.02,0.064,0.005));
#4456=CARTESIAN_POINT('',(-0.02,0.062,0.005));
#4457=CARTESIAN_POINT('',(-0.02,0.087,0.019));
#4458=CARTESIAN_POINT('',(-0.02,-0.0238254228456769,0.019));
#4459=CARTESIAN_POINT('',(-0.030375,-0.0366667467951681,0.019));
#4460=CARTESIAN_POINT('',(-0.0213889155983894,-0.0272837561790103,0.019));
#4461=CARTESIAN_POINT('',(-0.0393610844016106,-0.046049737411326,0.019));
#4462=CARTESIAN_POINT('',(-0.04075,-0.05375,0.019));
#4463=CARTESIAN_POINT('',(-0.04075,-0.0805,0.0165));
#4464=CARTESIAN_POINT('',(-0.04075,-0.0805,0.0155));
#4465=CARTESIAN_POINT('',(-0.04075,-0.0755502525316942,0.0144497474683058));
#4466=CARTESIAN_POINT('',(-0.04075,-0.0755502525316942,0.0134497474683058));
#4467=CARTESIAN_POINT('',(-0.04075,-0.0735,0.0095));
#4468=CARTESIAN_POINT('',(-0.04075,-0.0735,0.0085));
#4469=CARTESIAN_POINT('',(-0.04075,-0.0755502525316942,0.00455025253169417));
#4470=CARTESIAN_POINT('',(-0.04075,-0.0755502525316942,0.00355025253169417));
#4471=CARTESIAN_POINT('',(-0.04075,-0.0805,0.0025));
#4472=CARTESIAN_POINT('',(-0.04075,-0.0805,0.0015));
#4473=CARTESIAN_POINT('',(-0.04075,-0.0854497474683058,0.00455025253169416));
#4474=CARTESIAN_POINT('',(-0.04075,-0.0854497474683058,0.00355025253169416));
#4475=CARTESIAN_POINT('',(-0.04075,-0.0875,0.0095));
#4476=CARTESIAN_POINT('',(-0.04075,-0.0875,0.0085));
#4477=CARTESIAN_POINT('',(-0.04075,-0.0854497474683058,0.0144497474683058));
#4478=CARTESIAN_POINT('',(-0.04075,-0.0854497474683058,0.0134497474683058));
#4479=CARTESIAN_POINT('',(-0.04075,-0.0805,0.0095));
#4480=CARTESIAN_POINT('',(-0.04075,-0.0805,0.0055));
#4481=CARTESIAN_POINT('',(-0.04075,-0.0495080707446593,6.93889390390723E-18));
#4482=CARTESIAN_POINT('',(-0.04075,-0.0805,0.0095));
#4483=CARTESIAN_POINT('',(-0.03775,-0.075,0.019));
#4484=CARTESIAN_POINT('',(-0.03775,-0.0805,0.0165));
#4485=CARTESIAN_POINT('',(-0.03775,-0.0805,0.0155));
#4486=CARTESIAN_POINT('',(-0.03775,-0.0755502525316942,0.0144497474683058));
#4487=CARTESIAN_POINT('',(-0.03775,-0.0755502525316942,0.0134497474683058));
#4488=CARTESIAN_POINT('',(-0.03775,-0.0735,0.0095));
#4489=CARTESIAN_POINT('',(-0.03775,-0.0735,0.0085));
#4490=CARTESIAN_POINT('',(-0.03775,-0.0755502525316942,0.00455025253169417));
#4491=CARTESIAN_POINT('',(-0.03775,-0.0755502525316942,0.00355025253169417));
#4492=CARTESIAN_POINT('',(-0.03775,-0.0805,0.0025));
#4493=CARTESIAN_POINT('',(-0.03775,-0.0805,0.0015));
#4494=CARTESIAN_POINT('',(-0.03775,-0.0854497474683058,0.00455025253169416));
#4495=CARTESIAN_POINT('',(-0.03775,-0.0854497474683058,0.00355025253169416));
#4496=CARTESIAN_POINT('',(-0.03775,-0.0875,0.0095));
#4497=CARTESIAN_POINT('',(-0.03775,-0.0875,0.0085));
#4498=CARTESIAN_POINT('',(-0.03775,-0.0854497474683058,0.0144497474683058));
#4499=CARTESIAN_POINT('',(-0.03775,-0.0854497474683058,0.0134497474683058));
#4500=CARTESIAN_POINT('',(-0.03775,-0.0805,0.0095));
#4501=CARTESIAN_POINT('',(-0.03775,-0.0805,0.0055));
#4502=CARTESIAN_POINT('',(-0.03775,-0.065,0.019));
#4503=CARTESIAN_POINT('',(-0.03775,-0.0805,0.0095));
#4504=CARTESIAN_POINT('',(0.03775,-0.075,0.019));
#4505=CARTESIAN_POINT('',(0.03775,-0.0805,0.0165));
#4506=CARTESIAN_POINT('',(0.03775,-0.0795,0.0165));
#4507=CARTESIAN_POINT('',(0.03775,-0.0755502525316942,0.0144497474683058));
#4508=CARTESIAN_POINT('',(0.03775,-0.0745502525316942,0.0144497474683058));
#4509=CARTESIAN_POINT('',(0.03775,-0.0735,0.0095));
#4510=CARTESIAN_POINT('',(0.03775,-0.0725,0.0095));
#4511=CARTESIAN_POINT('',(0.03775,-0.0755502525316942,0.00455025253169417));
#4512=CARTESIAN_POINT('',(0.03775,-0.0745502525316942,0.00455025253169417));
#4513=CARTESIAN_POINT('',(0.03775,-0.0805,0.0025));
#4514=CARTESIAN_POINT('',(0.03775,-0.0795,0.0025));
#4515=CARTESIAN_POINT('',(0.03775,-0.0854497474683058,0.00455025253169416));
#4516=CARTESIAN_POINT('',(0.03775,-0.0844497474683058,0.00455025253169416));
#4517=CARTESIAN_POINT('',(0.03775,-0.0875,0.0095));
#4518=CARTESIAN_POINT('',(0.03775,-0.0865,0.0095));
#4519=CARTESIAN_POINT('',(0.03775,-0.0854497474683058,0.0144497474683058));
#4520=CARTESIAN_POINT('',(0.03775,-0.0844497474683058,0.0144497474683058));
#4521=CARTESIAN_POINT('',(0.03775,-0.0805,0.0095));
#4522=CARTESIAN_POINT('',(0.03775,-0.0765,0.0095));
#4523=CARTESIAN_POINT('',(0.03775,-0.065,0.));
#4524=CARTESIAN_POINT('',(0.03775,-0.0805,0.0095));
#4525=CARTESIAN_POINT('',(0.04075,-0.05375,0.019));
#4526=CARTESIAN_POINT('',(0.04075,-0.0805,0.0165));
#4527=CARTESIAN_POINT('',(0.04075,-0.0805,0.0155));
#4528=CARTESIAN_POINT('',(0.04075,-0.0755502525316942,0.0144497474683058));
#4529=CARTESIAN_POINT('',(0.04075,-0.0755502525316942,0.0134497474683058));
#4530=CARTESIAN_POINT('',(0.04075,-0.0735,0.0095));
#4531=CARTESIAN_POINT('',(0.04075,-0.0735,0.0085));
#4532=CARTESIAN_POINT('',(0.04075,-0.0755502525316942,0.00455025253169417));
#4533=CARTESIAN_POINT('',(0.04075,-0.0755502525316942,0.00355025253169417));
#4534=CARTESIAN_POINT('',(0.04075,-0.0805,0.0025));
#4535=CARTESIAN_POINT('',(0.04075,-0.0805,0.0015));
#4536=CARTESIAN_POINT('',(0.04075,-0.0854497474683058,0.00455025253169416));
#4537=CARTESIAN_POINT('',(0.04075,-0.0854497474683058,0.00355025253169416));
#4538=CARTESIAN_POINT('',(0.04075,-0.0875,0.0095));
#4539=CARTESIAN_POINT('',(0.04075,-0.0875,0.0085));
#4540=CARTESIAN_POINT('',(0.04075,-0.0854497474683058,0.0144497474683058));
#4541=CARTESIAN_POINT('',(0.04075,-0.0854497474683058,0.0134497474683058));
#4542=CARTESIAN_POINT('',(0.04075,-0.0805,0.0095));
#4543=CARTESIAN_POINT('',(0.04075,-0.0805,0.0055));
#4544=CARTESIAN_POINT('',(0.04075,-0.0495080707446594,0.019));
#4545=CARTESIAN_POINT('',(0.04075,-0.0805,0.0095));
#4546=CARTESIAN_POINT('',(0.030375,-0.0366667467951682,0.019));
#4547=CARTESIAN_POINT('',(0.0393610844016107,-0.046049737411326,0.));
#4548=CARTESIAN_POINT('',(0.0213889155983894,-0.0272837561790103,0.019));
#4549=CARTESIAN_POINT('',(0.02,0.0320832532048319,0.019));
#4550=CARTESIAN_POINT('',(0.02,0.064,0.005));
#4551=CARTESIAN_POINT('',(0.02,0.066,0.005));
#4552=CARTESIAN_POINT('',(0.02,0.084,0.005));
#4553=CARTESIAN_POINT('',(0.02,0.086,0.005));
#4554=CARTESIAN_POINT('',(0.02,0.087,0.019));
#4555=CARTESIAN_POINT('',(0.02,-0.0238254228456769,0.019));
#4556=CARTESIAN_POINT('',(-3.46944695195361E-17,0.09,0.019));
#4557=CARTESIAN_POINT('',(-0.017,0.09,0.019));
#4558=CARTESIAN_POINT('',(0.017,0.09,0.));
#4559=CARTESIAN_POINT('',(-0.05925,-0.0805,0.0095));
#4560=CARTESIAN_POINT('',(-0.05925,-0.0854497474683058,0.0144497474683058));
#4561=CARTESIAN_POINT('',(-0.05925,-0.0875,0.0095));
#4562=CARTESIAN_POINT('',(-0.05925,-0.0854497474683058,0.00455025253169416));
#4563=CARTESIAN_POINT('',(-0.05925,-0.0805,0.0025));
#4564=CARTESIAN_POINT('',(-0.05925,-0.0755502525316942,0.00455025253169417));
#4565=CARTESIAN_POINT('',(-0.05925,-0.0735,0.0095));
#4566=CARTESIAN_POINT('',(-0.05925,-0.0755502525316942,0.0144497474683058));
#4567=CARTESIAN_POINT('',(-0.05925,-0.0805,0.0165));
#4568=CARTESIAN_POINT('',(-0.05925,-0.0805,0.0095));
#4569=CARTESIAN_POINT('',(-0.05925,-0.0854497474683058,0.0144497474683058));
#4570=CARTESIAN_POINT('',(-0.05925,-0.0875,0.0095));
#4571=CARTESIAN_POINT('',(-0.05925,-0.0854497474683058,0.00455025253169416));
#4572=CARTESIAN_POINT('',(-0.05925,-0.0805,0.0025));
#4573=CARTESIAN_POINT('',(-0.05925,-0.0755502525316942,0.00455025253169417));
#4574=CARTESIAN_POINT('',(-0.05925,-0.0735,0.0095));
#4575=CARTESIAN_POINT('',(-0.05925,-0.0755502525316942,0.0144497474683058));
#4576=CARTESIAN_POINT('',(-0.05925,-0.0805,0.0165));
#4577=CARTESIAN_POINT('',(-0.03925,-0.0805,0.0095));
#4578=CARTESIAN_POINT('',(0.03925,-0.0805,0.0095));
#4579=CARTESIAN_POINT('',(0.03275,-0.065,0.019));
#4580=CARTESIAN_POINT('',(-0.03275,-0.065,0.019));
#4581=CARTESIAN_POINT('',(0.03575,-0.0495080707446594,0.019));
#4582=CARTESIAN_POINT('',(0.025,-0.0238254228456769,0.019));
#4583=CARTESIAN_POINT('',(-0.025,-0.0238254228456769,0.019));
#4584=CARTESIAN_POINT('',(-0.03575,-0.0495080707446593,0.019));
#4585=CARTESIAN_POINT('',(-0.0155,0.0391865334794732,-0.006));
#4586=CARTESIAN_POINT('',(-0.0155,0.0547749907475931,0.019));
#4587=CARTESIAN_POINT('',(-0.0155,0.0235980762113533,0.));
#4588=CARTESIAN_POINT('',(0.016,0.0507798002192098,-0.006));
#4589=CARTESIAN_POINT('',(0.016,0.0467846096908265,0.019));
#4590=CARTESIAN_POINT('',(0.016,0.0558730669589464,0.));
#4591=CARTESIAN_POINT('',(0.00458012701892219,0.0573730669589464,-0.006));
#4592=CARTESIAN_POINT('',(0.0145,0.0573730669589464,0.019));
#4593=CARTESIAN_POINT('',(-0.00124166975080229,0.0573730669589464,0.));
#4594=CARTESIAN_POINT('',(0.016,-0.0187798002192098,-0.006));
#4595=CARTESIAN_POINT('',(0.016,-0.0147846096908265,0.));
#4596=CARTESIAN_POINT('',(0.016,-0.0238730669589464,0.019));
#4597=CARTESIAN_POINT('',(0.0155,0.016,-0.006));
#4598=CARTESIAN_POINT('',(0.0155,0.0315884572681199,0.));
#4599=CARTESIAN_POINT('',(0.0155,0.000411542731880089,0.019));
#4600=CARTESIAN_POINT('',(-0.0155,-0.00718653347947323,-0.006));
#4601=CARTESIAN_POINT('',(-0.0155,0.00840192378864667,0.019));
#4602=CARTESIAN_POINT('',(-0.0155,-0.0227749907475932,0.));
#4603=CARTESIAN_POINT('',(0.0103656924338096,-0.0431180030934047,-0.006));
#4604=CARTESIAN_POINT('',(0.00772762706210193,-0.0473433483833219,-0.006));
#4605=CARTESIAN_POINT('',(0.0167625935815521,-0.0328721932569399,0.019));
#4606=CARTESIAN_POINT('',(0.03475,-0.0519756177007068,-0.006));
#4607=CARTESIAN_POINT('',(0.03475,-0.0495536566248115,0.));
#4608=CARTESIAN_POINT('',(0.03475,-0.0535,0.019));
#4609=CARTESIAN_POINT('',(0.0262670678822709,-0.0400936207941115,-0.006));
#4610=CARTESIAN_POINT('',(0.0343333253204832,-0.0485161566248115,0.019));
#4611=CARTESIAN_POINT('',(0.0191182918399333,-0.0326290905800124,0.));
#4612=CARTESIAN_POINT('',(-0.0262670678822709,-0.0400936207941116,-0.006));
#4613=CARTESIAN_POINT('',(-0.0343333253204832,-0.0485161566248115,-1.7347234759768E-18));
#4614=CARTESIAN_POINT('',(-0.0191182918399333,-0.0326290905800124,0.019));
#4615=CARTESIAN_POINT('',(-0.03475,-0.0519756177007068,-0.006));
#4616=CARTESIAN_POINT('',(-0.03475,-0.0535,0.));
#4617=CARTESIAN_POINT('',(-0.03475,-0.0495536566248115,0.019));
#4618=CARTESIAN_POINT('',(-0.0188486245515387,-0.055,-0.006));
#4619=CARTESIAN_POINT('',(-0.03325,-0.055,0.019));
#4620=CARTESIAN_POINT('',(-0.00565211328408866,-0.055,0.));
#4621=CARTESIAN_POINT('',(-0.0103656924338096,-0.0431180030934047,-0.006));
#4622=CARTESIAN_POINT('',(-0.0167625935815521,-0.0328721932569399,0.));
#4623=CARTESIAN_POINT('',(-0.00437974034619059,-0.0527056026769276,0.019));
#4624=CARTESIAN_POINT('',(-0.00675131370778014,-0.0401865334794732,-0.006));
#4625=CARTESIAN_POINT('',(-0.00127237293789807,-0.0489620614948273,0.0155));
#4626=CARTESIAN_POINT('',(-0.00127237293789807,-0.0489620614948273,0.0155));
#4627=CARTESIAN_POINT('',(-0.0401788315164428,0.0133537640587282,0.0155));
#4628=CARTESIAN_POINT('',(3.09463388270638E-19,-0.051,0.0155));
#4629=CARTESIAN_POINT('',(0.,-0.051,-0.006));
#4630=CARTESIAN_POINT('',(3.55789181683893E-18,-0.051,0.0035));
#4631=CARTESIAN_POINT('',(-0.00675131370778015,-0.0401865334794732,0.0035));
#4632=CARTESIAN_POINT('',(-0.00127237293789807,-0.0489620614948273,0.0035));
#4633=CARTESIAN_POINT('',(-0.00127237293789807,-0.0489620614948273,0.));
#4634=CARTESIAN_POINT('',(-0.012070136172447,-0.0316674642820189,-0.006));
#4635=CARTESIAN_POINT('',(0.00675131370778013,-0.0401865334794732,-0.006));
#4636=CARTESIAN_POINT('',(0.00675131370778013,-0.0401865334794732,0.0155));
#4637=CARTESIAN_POINT('',(0.005,-0.0429915834246707,0.0155));
#4638=CARTESIAN_POINT('',(0.00127237293789807,-0.0489620614948273,0.0155));
#4639=CARTESIAN_POINT('',(0.00127237293789807,-0.0489620614948273,0.019));
#4640=CARTESIAN_POINT('',(0.012070136172447,-0.0316674642820189,-0.006));
#4641=CARTESIAN_POINT('',(0.00127237293789807,-0.0489620614948273,0.0035));
#4642=CARTESIAN_POINT('',(0.00127237293789807,-0.0489620614948273,0.0035));
#4643=CARTESIAN_POINT('',(0.00675131370778013,-0.0401865334794732,0.0035));
#4644=CARTESIAN_POINT('',(0.005,-0.0429915834246707,0.0035));
#4645=CARTESIAN_POINT('',(0.005,-0.0429915834246707,-0.006));
#4646=CARTESIAN_POINT('',(0.016,0.08525,0.003));
#4647=CARTESIAN_POINT('',(0.016,0.087,0.003));
#4648=CARTESIAN_POINT('',(0.016,0.087,0.003));
#4649=CARTESIAN_POINT('',(0.016,0.06275,0.003));
#4650=CARTESIAN_POINT('',(0.016,0.061,0.003));
#4651=CARTESIAN_POINT('',(0.016,0.061,0.003));
#4652=CARTESIAN_POINT('',(0.016,0.074,0.008));
#4653=CARTESIAN_POINT('',(-0.000500000000000007,0.087,0.003));
#4654=CARTESIAN_POINT('',(-0.017,0.087,0.003));
#4655=CARTESIAN_POINT('',(-0.017,0.087,0.003));
#4656=CARTESIAN_POINT('',(-0.000500000000000007,0.087,0.003));
#4657=CARTESIAN_POINT('',(-0.017,0.084,0.003));
#4658=CARTESIAN_POINT('',(-0.017,0.081,0.003));
#4659=CARTESIAN_POINT('',(-0.017,0.081,0.003));
#4660=CARTESIAN_POINT('',(-0.017,0.084,0.003));
#4661=CARTESIAN_POINT('',(-0.0175,0.081,0.003));
#4662=CARTESIAN_POINT('',(-0.018,0.081,0.003));
#4663=CARTESIAN_POINT('',(-0.018,0.081,0.003));
#4664=CARTESIAN_POINT('',(-0.0175,0.081,0.003));
#4665=CARTESIAN_POINT('',(-0.018,0.074,0.003));
#4666=CARTESIAN_POINT('',(-0.018,0.067,0.003));
#4667=CARTESIAN_POINT('',(-0.018,0.067,0.003));
#4668=CARTESIAN_POINT('',(-0.018,0.074,0.003));
#4669=CARTESIAN_POINT('',(-0.0175,0.067,0.003));
#4670=CARTESIAN_POINT('',(-0.017,0.067,0.003));
#4671=CARTESIAN_POINT('',(-0.017,0.067,0.003));
#4672=CARTESIAN_POINT('',(-0.0175,0.067,0.003));
#4673=CARTESIAN_POINT('',(-0.017,0.064,0.003));
#4674=CARTESIAN_POINT('',(-0.017,0.061,0.003));
#4675=CARTESIAN_POINT('',(-0.017,0.061,0.003));
#4676=CARTESIAN_POINT('',(-0.017,0.064,0.003));
#4677=CARTESIAN_POINT('',(-0.0005,0.061,0.003));
#4678=CARTESIAN_POINT('',(-0.0005,0.061,0.003));
#4679=CARTESIAN_POINT('',(2.77555756156289E-17,0.00475,0.003));
#4680=CARTESIAN_POINT('',(0.0075,-0.051353967425374,0.));
#4681=CARTESIAN_POINT('',(0.0075,-0.0535,0.));
#4682=CARTESIAN_POINT('',(0.0075,-0.0481377457063943,0.));
#4683=CARTESIAN_POINT('',(0.0025,0.04,0.0035));
#4684=CARTESIAN_POINT('',(0.,-0.0481676641717549,0.0035));
#4685=CARTESIAN_POINT('',(1.04425146775905E-18,0.04,0.0035));
#4686=CARTESIAN_POINT('',(0.005,0.04,0.0035));
#4687=CARTESIAN_POINT('',(6.76857428014844E-19,0.04,0.0095));
#4688=CARTESIAN_POINT('',(3.09463388270638E-19,0.04,0.0155));
#4689=CARTESIAN_POINT('',(0.0025,0.04,0.0155));
#4690=CARTESIAN_POINT('',(0.005,0.04,0.0155));
#4691=CARTESIAN_POINT('',(0.,-0.0481676641717549,0.0155));
#4692=CARTESIAN_POINT('',(0.005,0.04,0.0095));
#4693=CARTESIAN_POINT('',(0.0025,0.04,0.0035));
#4694=CARTESIAN_POINT('',(1.04425146775905E-18,0.04,0.0035));
#4695=CARTESIAN_POINT('',(0.005,0.04,0.0035));
#4696=CARTESIAN_POINT('',(6.76857428014844E-19,0.04,0.0095));
#4697=CARTESIAN_POINT('',(3.09463388270638E-19,0.04,0.0155));
#4698=CARTESIAN_POINT('',(0.0025,0.04,0.0155));
#4699=CARTESIAN_POINT('',(0.005,0.04,0.0155));
#4700=CARTESIAN_POINT('',(0.005,0.04,0.0095));
#4701=CARTESIAN_POINT('',(0.0025,0.04,0.0035));
#4702=CARTESIAN_POINT('',(1.04425146775905E-18,0.04,0.0035));
#4703=CARTESIAN_POINT('',(0.005,0.04,0.0035));
#4704=CARTESIAN_POINT('',(6.76857428014844E-19,0.04,0.0095));
#4705=CARTESIAN_POINT('',(3.09463388270638E-19,0.04,0.0155));
#4706=CARTESIAN_POINT('',(0.0025,0.04,0.0155));
#4707=CARTESIAN_POINT('',(0.005,0.04,0.0155));
#4708=CARTESIAN_POINT('',(0.005,0.04,0.0095));
#4709=CARTESIAN_POINT('',(0.0025,0.04,0.0035));
#4710=CARTESIAN_POINT('',(0.005,0.04,0.0035));
#4711=CARTESIAN_POINT('',(1.04425146775905E-18,0.04,0.0035));
#4712=CARTESIAN_POINT('',(6.76857428014844E-19,0.04,0.0095));
#4713=CARTESIAN_POINT('',(3.09463388270638E-19,0.04,0.0155));
#4714=CARTESIAN_POINT('',(0.0025,0.04,0.0155));
#4715=CARTESIAN_POINT('',(0.005,0.04,0.0155));
#4716=CARTESIAN_POINT('',(0.005,0.04,0.0095));
#4717=CARTESIAN_POINT('',(0.005,0.04,0.0095));
#4718=CARTESIAN_POINT('',(0.005,0.04,0.0035));
#4719=CARTESIAN_POINT('',(0.005,0.04,0.0155));
#4720=CARTESIAN_POINT('',(0.0025,0.04,0.0155));
#4721=CARTESIAN_POINT('',(3.09463388270638E-19,0.04,0.0155));
#4722=CARTESIAN_POINT('',(6.76857428014844E-19,0.04,0.0095));
#4723=CARTESIAN_POINT('',(1.04425146775905E-18,0.04,0.0035));
#4724=CARTESIAN_POINT('',(0.0025,0.04,0.0035));
#4725=CARTESIAN_POINT('',(0.0145,0.0467846096908265,-0.006));
#4726=CARTESIAN_POINT('',(0.0145,0.0558730669589464,-0.006));
#4727=CARTESIAN_POINT('',(-0.00124166975080229,0.0558730669589464,-0.006));
#4728=CARTESIAN_POINT('',(-0.014,0.0547749907475931,-0.006));
#4729=CARTESIAN_POINT('',(-0.014,0.0235980762113533,-0.006));
#4730=CARTESIAN_POINT('',(0.013,0.0391865334794732,-0.006));
#4731=CARTESIAN_POINT('',(0.014,0.0315884572681199,-0.006));
#4732=CARTESIAN_POINT('',(-0.013,0.016,-0.006));
#4733=CARTESIAN_POINT('',(0.014,0.000411542731880088,-0.006));
#4734=CARTESIAN_POINT('',(-0.014,0.00840192378864667,-0.006));
#4735=CARTESIAN_POINT('',(-0.014,-0.0227749907475932,-0.006));
#4736=CARTESIAN_POINT('',(0.013,-0.00718653347947323,-0.006));
#4737=CARTESIAN_POINT('',(-0.00124166975080229,-0.0238730669589464,-0.006));
#4738=CARTESIAN_POINT('',(0.0145,-0.0147846096908265,-0.006));
#4739=CARTESIAN_POINT('',(0.0145,-0.0238730669589464,-0.006));
#4740=CARTESIAN_POINT('',(-0.03325,-0.0535,-0.006));
#4741=CARTESIAN_POINT('',(-0.03325,-0.0495536566248115,-0.006));
#4742=CARTESIAN_POINT('',(-0.0180349665194501,-0.0336665905800124,-0.006));
#4743=CARTESIAN_POINT('',(-0.00565211328408866,-0.0535,-0.006));
#4744=CARTESIAN_POINT('',(0.009,-0.0535,-0.006));
#4745=CARTESIAN_POINT('',(0.009,-0.0481377457063943,0.));
#4746=CARTESIAN_POINT('',(0.03325,-0.0495536566248115,-0.006));
#4747=CARTESIAN_POINT('',(0.03325,-0.0535,-0.006));
#4748=CARTESIAN_POINT('',(0.,-0.0481676641717549,-0.006));
#4749=CARTESIAN_POINT('',(0.,-0.0481676641717549,-0.006));
#4750=CARTESIAN_POINT('',(-0.010797763234549,-0.0308730669589464,-0.006));
#4751=CARTESIAN_POINT('',(0.0107977632345489,-0.0308730669589464,-0.006));
#4752=CARTESIAN_POINT('',(0.0180349665194501,-0.0336665905800124,-0.006));
#4753=CARTESIAN_POINT('',(0.00806569860407208,0.0429939018343476,0.0095));
#4754=CARTESIAN_POINT('',(0.00806569860407208,0.0429939018343476,0.0155));
#4755=CARTESIAN_POINT('',(0.00806569860407208,0.0429939018343476,0.0035));
#4756=CARTESIAN_POINT('',(0.00590063509461098,0.0442439018343476,0.0035));
#4757=CARTESIAN_POINT('',(0.00373557158514988,0.0454939018343475,0.0035));
#4758=CARTESIAN_POINT('',(0.00373557158514988,0.0454939018343475,0.0095));
#4759=CARTESIAN_POINT('',(0.00373557158514988,0.0454939018343475,0.0155));
#4760=CARTESIAN_POINT('',(0.00590063509461098,0.0442439018343476,0.0155));
#4761=CARTESIAN_POINT('',(-6.93889390390723E-18,0.074,0.008));
#4762=CARTESIAN_POINT('',(0.0187,0.084,0.005));
#4763=CARTESIAN_POINT('',(0.0187,0.084,0.005));
#4764=CARTESIAN_POINT('',(0.0187,0.086,0.005));
#4765=CARTESIAN_POINT('',(0.0187,0.0330872885771615,0.0095));
#4766=CARTESIAN_POINT('',(0.0187,0.064,0.005));
#4767=CARTESIAN_POINT('',(0.0187,0.064,0.005));
#4768=CARTESIAN_POINT('',(0.0187,0.066,0.005));
#4769=CARTESIAN_POINT('',(0.0187,0.0330872885771615,0.0095));
#4770=CARTESIAN_POINT('',(-0.017,0.087,0.019));
#4771=CARTESIAN_POINT('',(0.017,0.087,0.019));
#4772=CARTESIAN_POINT('',(-0.0187,0.0315872885771615,0.0095));
#4773=CARTESIAN_POINT('',(-0.0187,0.084,0.005));
#4774=CARTESIAN_POINT('',(-0.0187,0.082,0.005));
#4775=CARTESIAN_POINT('',(-0.0187,0.084,0.005));
#4776=CARTESIAN_POINT('',(-0.0187,0.0315872885771615,0.0095));
#4777=CARTESIAN_POINT('',(-0.0187,0.064,0.005));
#4778=CARTESIAN_POINT('',(-0.0187,0.062,0.005));
#4779=CARTESIAN_POINT('',(-0.0187,0.064,0.005));
#4780=MECHANICAL_DESIGN_GEOMETRIC_PRESENTATION_REPRESENTATION('',(#2881),
#4781);
#4781=(
GEOMETRIC_REPRESENTATION_CONTEXT(3)
GLOBAL_UNCERTAINTY_ASSIGNED_CONTEXT((#4782))
GLOBAL_UNIT_ASSIGNED_CONTEXT((#4785,#4784,#4783))
REPRESENTATION_CONTEXT('Part 1','TOP_LEVEL_ASSEMBLY_PART')
);
#4782=UNCERTAINTY_MEASURE_WITH_UNIT(LENGTH_MEASURE(1.E-8),#4785,
'DISTANCE_ACCURACY_VALUE','Maximum Tolerance applied to model');
#4783=(
NAMED_UNIT(*)
SI_UNIT($,.STERADIAN.)
SOLID_ANGLE_UNIT()
);
#4784=(
NAMED_UNIT(*)
PLANE_ANGLE_UNIT()
SI_UNIT($,.RADIAN.)
);
#4785=(
LENGTH_UNIT()
NAMED_UNIT(*)
SI_UNIT($,.METRE.)
);
#4786=PRODUCT_DEFINITION_SHAPE('','',#4787);
#4787=PRODUCT_DEFINITION('','',#4789,#4788);
#4788=PRODUCT_DEFINITION_CONTEXT('',#4795,'design');
#4789=PRODUCT_DEFINITION_FORMATION_WITH_SPECIFIED_SOURCE('','',#4791,
 .NOT_KNOWN.);
#4790=PRODUCT_RELATED_PRODUCT_CATEGORY('','',(#4791));
#4791=PRODUCT('Part 1','Part 1','Part 1',(#4793));
#4792=PRODUCT_CATEGORY('','');
#4793=PRODUCT_CONTEXT('',#4795,'mechanical');
#4794=APPLICATION_PROTOCOL_DEFINITION('international standard',
'ap242_managed_model_based_3d_engineering',2020,#4795);
#4795=APPLICATION_CONTEXT('managed model based 3d engineering');
ENDSEC;
END-ISO-10303-21;
