ISO-10303-21;
HEADER;
/* Generated by software containing ST-Developer
 * from STEP Tools, Inc. (www.steptools.com) 
 */
/* OPTION: using custom renumber hook */

FILE_DESCRIPTION(
/* description */ ('STEP AP242 Edition 2',
'CAx-IF Rec.Pracs.---Representation and Presentation of Product Manufa
cturing Information (PMI)---4.0---2014-10-13',
'CAx-IF Rec.Pracs.---3D Tessellated Geometry---0.4---2014-09-14','2;1',
'CAx-IF Rec.Pracs.---User Defined Attributes---1.5---2016-08-15'),
/* implementation_level */ '2;1');

FILE_NAME(
/* name */ 'Handle',
/* time_stamp */ '2026-08-02T02:27:26Z',
/* author */ (''),
/* organization */ (''),
/* preprocessor_version */ 'ST-DEVELOPER v20',
/* originating_system */ 'ONSHAPE BY PTC INC, 1.218',
/* authorisation */ '  ');

FILE_SCHEMA (('AP242_MANAGED_MODEL_BASED_3D_ENGINEERING_MIM_LF { 1 0 10303 442 3 1 4 }'));
ENDSEC;

DATA;
#10=SHAPE_REPRESENTATION_RELATIONSHIP('','',#3139,#11);
#11=ADVANCED_BREP_SHAPE_REPRESENTATION('',(#3137),#5240);
#12=ELLIPSE('',#3383,0.00282842712474619,0.002);
#13=ELLIPSE('',#3384,0.00282842712474619,0.002);
#14=ELLIPSE('',#3386,0.00282842712474619,0.002);
#15=ELLIPSE('',#3388,0.00282842712474619,0.002);
#16=ELLIPSE('',#3391,0.00282842712474619,0.002);
#17=ELLIPSE('',#3392,0.00282842712474619,0.002);
#18=ELLIPSE('',#3394,0.00282842712474619,0.002);
#19=ELLIPSE('',#3396,0.00282842712474619,0.002);
#20=SPHERICAL_SURFACE('',#3345,0.005);
#21=SPHERICAL_SURFACE('',#3348,0.005);
#22=SPHERICAL_SURFACE('',#3361,0.005);
#23=SPHERICAL_SURFACE('',#3363,0.005);
#24=SPHERICAL_SURFACE('',#3365,0.005);
#25=SPHERICAL_SURFACE('',#3367,0.005);
#26=SPHERICAL_SURFACE('',#3377,0.005);
#27=SPHERICAL_SURFACE('',#3378,0.005);
#28=CYLINDRICAL_SURFACE('',#3158,0.005);
#29=CYLINDRICAL_SURFACE('',#3167,0.005);
#30=CYLINDRICAL_SURFACE('',#3197,0.00125);
#31=CYLINDRICAL_SURFACE('',#3200,0.00125);
#32=CYLINDRICAL_SURFACE('',#3206,0.00325);
#33=CYLINDRICAL_SURFACE('',#3214,0.00325);
#34=CYLINDRICAL_SURFACE('',#3220,0.00325);
#35=CYLINDRICAL_SURFACE('',#3228,0.00325);
#36=CYLINDRICAL_SURFACE('',#3241,0.0015);
#37=CYLINDRICAL_SURFACE('',#3244,0.0015);
#38=CYLINDRICAL_SURFACE('',#3247,0.0015);
#39=CYLINDRICAL_SURFACE('',#3250,0.0015);
#40=CYLINDRICAL_SURFACE('',#3254,0.002);
#41=CYLINDRICAL_SURFACE('',#3255,0.002);
#42=CYLINDRICAL_SURFACE('',#3258,0.00225);
#43=CYLINDRICAL_SURFACE('',#3266,0.00225);
#44=CYLINDRICAL_SURFACE('',#3275,0.00125);
#45=CYLINDRICAL_SURFACE('',#3278,0.00125);
#46=CYLINDRICAL_SURFACE('',#3287,0.0025);
#47=CYLINDRICAL_SURFACE('',#3295,0.0025);
#48=CYLINDRICAL_SURFACE('',#3310,0.0015);
#49=CYLINDRICAL_SURFACE('',#3313,0.0015);
#50=CYLINDRICAL_SURFACE('',#3334,0.0015);
#51=CYLINDRICAL_SURFACE('',#3337,0.0015);
#52=CYLINDRICAL_SURFACE('',#3340,0.005);
#53=CYLINDRICAL_SURFACE('',#3342,0.005);
#54=CYLINDRICAL_SURFACE('',#3350,0.005);
#55=CYLINDRICAL_SURFACE('',#3352,0.005);
#56=CYLINDRICAL_SURFACE('',#3354,0.005);
#57=CYLINDRICAL_SURFACE('',#3356,0.005);
#58=CYLINDRICAL_SURFACE('',#3358,0.005);
#59=CYLINDRICAL_SURFACE('',#3369,0.005);
#60=CYLINDRICAL_SURFACE('',#3371,0.005);
#61=CYLINDRICAL_SURFACE('',#3373,0.005);
#62=CYLINDRICAL_SURFACE('',#3375,0.005);
#63=CYLINDRICAL_SURFACE('',#3380,0.005);
#64=CYLINDRICAL_SURFACE('',#3382,0.002);
#65=CYLINDRICAL_SURFACE('',#3385,0.002);
#66=CYLINDRICAL_SURFACE('',#3387,0.002);
#67=CYLINDRICAL_SURFACE('',#3389,0.002);
#68=CYLINDRICAL_SURFACE('',#3390,0.002);
#69=CYLINDRICAL_SURFACE('',#3393,0.002);
#70=CYLINDRICAL_SURFACE('',#3395,0.002);
#71=CYLINDRICAL_SURFACE('',#3397,0.002);
#72=CYLINDRICAL_SURFACE('',#3400,0.0035);
#73=CYLINDRICAL_SURFACE('',#3401,0.0035);
#74=CYLINDRICAL_SURFACE('',#3407,0.001);
#75=CYLINDRICAL_SURFACE('',#3408,0.001);
#76=CYLINDRICAL_SURFACE('',#3413,0.003);
#77=CYLINDRICAL_SURFACE('',#3414,0.003);
#78=CYLINDRICAL_SURFACE('',#3416,0.003);
#79=CYLINDRICAL_SURFACE('',#3423,0.003);
#80=CYLINDRICAL_SURFACE('',#3429,0.0015);
#81=CYLINDRICAL_SURFACE('',#3432,0.0015);
#82=CIRCLE('',#3142,0.003);
#83=CIRCLE('',#3143,0.003);
#84=CIRCLE('',#3144,0.003);
#85=CIRCLE('',#3146,0.002);
#86=CIRCLE('',#3147,0.002);
#87=CIRCLE('',#3148,0.003);
#88=CIRCLE('',#3149,0.003);
#89=CIRCLE('',#3151,0.005);
#90=CIRCLE('',#3152,0.005);
#91=CIRCLE('',#3156,0.005);
#92=CIRCLE('',#3159,0.005);
#93=CIRCLE('',#3160,0.005);
#94=CIRCLE('',#3161,0.005);
#95=CIRCLE('',#3162,0.005);
#96=CIRCLE('',#3165,0.0035);
#97=CIRCLE('',#3166,0.005);
#98=CIRCLE('',#3168,0.005);
#99=CIRCLE('',#3169,0.005);
#100=CIRCLE('',#3185,0.002);
#101=CIRCLE('',#3186,0.002);
#102=CIRCLE('',#3192,0.005);
#103=CIRCLE('',#3193,0.005);
#104=CIRCLE('',#3195,0.00125);
#105=CIRCLE('',#3196,0.00125);
#106=CIRCLE('',#3198,0.00125);
#107=CIRCLE('',#3201,0.00125);
#108=CIRCLE('',#3207,0.00325);
#109=CIRCLE('',#3208,0.00325);
#110=CIRCLE('',#3210,0.0035);
#111=CIRCLE('',#3211,0.0035);
#112=CIRCLE('',#3212,0.005);
#113=CIRCLE('',#3213,0.005);
#114=CIRCLE('',#3215,0.00325);
#115=CIRCLE('',#3216,0.00325);
#116=CIRCLE('',#3221,0.00325);
#117=CIRCLE('',#3222,0.00325);
#118=CIRCLE('',#3225,0.005);
#119=CIRCLE('',#3226,0.005);
#120=CIRCLE('',#3229,0.00325);
#121=CIRCLE('',#3230,0.00325);
#122=CIRCLE('',#3234,0.0015);
#123=CIRCLE('',#3236,0.0015);
#124=CIRCLE('',#3238,0.0015);
#125=CIRCLE('',#3240,0.0015);
#126=CIRCLE('',#3242,0.0015);
#127=CIRCLE('',#3245,0.0015);
#128=CIRCLE('',#3248,0.0015);
#129=CIRCLE('',#3251,0.0015);
#130=CIRCLE('',#3259,0.00225);
#131=CIRCLE('',#3260,0.00225);
#132=CIRCLE('',#3267,0.00225);
#133=CIRCLE('',#3268,0.00225);
#134=CIRCLE('',#3272,0.00125);
#135=CIRCLE('',#3274,0.00125);
#136=CIRCLE('',#3276,0.00125);
#137=CIRCLE('',#3279,0.00125);
#138=CIRCLE('',#3282,0.0035);
#139=CIRCLE('',#3283,0.005);
#140=CIRCLE('',#3288,0.0025);
#141=CIRCLE('',#3289,0.0025);
#142=CIRCLE('',#3292,0.005);
#143=CIRCLE('',#3293,0.005);
#144=CIRCLE('',#3296,0.0025);
#145=CIRCLE('',#3297,0.0025);
#146=CIRCLE('',#3303,0.0015);
#147=CIRCLE('',#3305,0.0015);
#148=CIRCLE('',#3309,0.0015);
#149=CIRCLE('',#3312,0.0015);
#150=CIRCLE('',#3315,0.005);
#151=CIRCLE('',#3317,0.005);
#152=CIRCLE('',#3320,0.005);
#153=CIRCLE('',#3321,0.005);
#154=CIRCLE('',#3324,0.005);
#155=CIRCLE('',#3327,0.001);
#156=CIRCLE('',#3328,0.001);
#157=CIRCLE('',#3329,0.005);
#158=CIRCLE('',#3332,0.0015);
#159=CIRCLE('',#3333,0.0015);
#160=CIRCLE('',#3335,0.0015);
#161=CIRCLE('',#3338,0.0015);
#162=CIRCLE('',#3341,0.005);
#163=CIRCLE('',#3343,0.005);
#164=CIRCLE('',#3344,0.005);
#165=CIRCLE('',#3346,0.005);
#166=CIRCLE('',#3347,0.005);
#167=CIRCLE('',#3349,0.005);
#168=CIRCLE('',#3351,0.005);
#169=CIRCLE('',#3353,0.005);
#170=CIRCLE('',#3355,0.005);
#171=CIRCLE('',#3357,0.005);
#172=CIRCLE('',#3359,0.005);
#173=CIRCLE('',#3360,0.005);
#174=CIRCLE('',#3362,0.005);
#175=CIRCLE('',#3364,0.005);
#176=CIRCLE('',#3366,0.005);
#177=CIRCLE('',#3368,0.005);
#178=CIRCLE('',#3370,0.005);
#179=CIRCLE('',#3372,0.005);
#180=CIRCLE('',#3374,0.005);
#181=CIRCLE('',#3376,0.005);
#182=CIRCLE('',#3379,0.005);
#183=CIRCLE('',#3403,0.001);
#184=CIRCLE('',#3404,0.001);
#185=CIRCLE('',#3411,0.003);
#186=CIRCLE('',#3412,0.003);
#187=CIRCLE('',#3417,0.003);
#188=CIRCLE('',#3420,0.0015);
#189=CIRCLE('',#3424,0.003);
#190=CIRCLE('',#3426,0.0015);
#191=CIRCLE('',#3428,0.0015);
#192=CIRCLE('',#3431,0.0015);
#193=ORIENTED_EDGE('',*,*,#1069,.T.);
#194=ORIENTED_EDGE('',*,*,#1070,.F.);
#195=ORIENTED_EDGE('',*,*,#1071,.F.);
#196=ORIENTED_EDGE('',*,*,#1072,.T.);
#197=ORIENTED_EDGE('',*,*,#1073,.F.);
#198=ORIENTED_EDGE('',*,*,#1074,.F.);
#199=ORIENTED_EDGE('',*,*,#1075,.T.);
#200=ORIENTED_EDGE('',*,*,#1076,.T.);
#201=ORIENTED_EDGE('',*,*,#1077,.T.);
#202=ORIENTED_EDGE('',*,*,#1078,.T.);
#203=ORIENTED_EDGE('',*,*,#1079,.T.);
#204=ORIENTED_EDGE('',*,*,#1080,.F.);
#205=ORIENTED_EDGE('',*,*,#1081,.T.);
#206=ORIENTED_EDGE('',*,*,#1082,.T.);
#207=ORIENTED_EDGE('',*,*,#1083,.F.);
#208=ORIENTED_EDGE('',*,*,#1084,.F.);
#209=ORIENTED_EDGE('',*,*,#1085,.F.);
#210=ORIENTED_EDGE('',*,*,#1086,.F.);
#211=ORIENTED_EDGE('',*,*,#1087,.T.);
#212=ORIENTED_EDGE('',*,*,#1088,.F.);
#213=ORIENTED_EDGE('',*,*,#1089,.T.);
#214=ORIENTED_EDGE('',*,*,#1090,.T.);
#215=ORIENTED_EDGE('',*,*,#1091,.T.);
#216=ORIENTED_EDGE('',*,*,#1092,.T.);
#217=ORIENTED_EDGE('',*,*,#1093,.T.);
#218=ORIENTED_EDGE('',*,*,#1094,.T.);
#219=ORIENTED_EDGE('',*,*,#1095,.F.);
#220=ORIENTED_EDGE('',*,*,#1096,.T.);
#221=ORIENTED_EDGE('',*,*,#1097,.T.);
#222=ORIENTED_EDGE('',*,*,#1098,.T.);
#223=ORIENTED_EDGE('',*,*,#1099,.T.);
#224=ORIENTED_EDGE('',*,*,#1100,.T.);
#225=ORIENTED_EDGE('',*,*,#1101,.T.);
#226=ORIENTED_EDGE('',*,*,#1102,.T.);
#227=ORIENTED_EDGE('',*,*,#1084,.T.);
#228=ORIENTED_EDGE('',*,*,#1103,.T.);
#229=ORIENTED_EDGE('',*,*,#1104,.T.);
#230=ORIENTED_EDGE('',*,*,#1105,.F.);
#231=ORIENTED_EDGE('',*,*,#1106,.T.);
#232=ORIENTED_EDGE('',*,*,#1107,.F.);
#233=ORIENTED_EDGE('',*,*,#1088,.T.);
#234=ORIENTED_EDGE('',*,*,#1108,.F.);
#235=ORIENTED_EDGE('',*,*,#1107,.T.);
#236=ORIENTED_EDGE('',*,*,#1109,.T.);
#237=ORIENTED_EDGE('',*,*,#1110,.T.);
#238=ORIENTED_EDGE('',*,*,#1111,.T.);
#239=ORIENTED_EDGE('',*,*,#1112,.T.);
#240=ORIENTED_EDGE('',*,*,#1113,.F.);
#241=ORIENTED_EDGE('',*,*,#1114,.F.);
#242=ORIENTED_EDGE('',*,*,#1115,.T.);
#243=ORIENTED_EDGE('',*,*,#1116,.F.);
#244=ORIENTED_EDGE('',*,*,#1117,.F.);
#245=ORIENTED_EDGE('',*,*,#1118,.F.);
#246=ORIENTED_EDGE('',*,*,#1089,.F.);
#247=ORIENTED_EDGE('',*,*,#1119,.F.);
#248=ORIENTED_EDGE('',*,*,#1120,.F.);
#249=ORIENTED_EDGE('',*,*,#1121,.T.);
#250=ORIENTED_EDGE('',*,*,#1122,.T.);
#251=ORIENTED_EDGE('',*,*,#1123,.F.);
#252=ORIENTED_EDGE('',*,*,#1124,.T.);
#253=ORIENTED_EDGE('',*,*,#1125,.T.);
#254=ORIENTED_EDGE('',*,*,#1126,.F.);
#255=ORIENTED_EDGE('',*,*,#1127,.T.);
#256=ORIENTED_EDGE('',*,*,#1128,.T.);
#257=ORIENTED_EDGE('',*,*,#1129,.T.);
#258=ORIENTED_EDGE('',*,*,#1130,.T.);
#259=ORIENTED_EDGE('',*,*,#1131,.F.);
#260=ORIENTED_EDGE('',*,*,#1132,.F.);
#261=ORIENTED_EDGE('',*,*,#1133,.T.);
#262=ORIENTED_EDGE('',*,*,#1134,.T.);
#263=ORIENTED_EDGE('',*,*,#1135,.T.);
#264=ORIENTED_EDGE('',*,*,#1136,.F.);
#265=ORIENTED_EDGE('',*,*,#1137,.F.);
#266=ORIENTED_EDGE('',*,*,#1138,.T.);
#267=ORIENTED_EDGE('',*,*,#1139,.T.);
#268=ORIENTED_EDGE('',*,*,#1140,.T.);
#269=ORIENTED_EDGE('',*,*,#1137,.T.);
#270=ORIENTED_EDGE('',*,*,#1141,.T.);
#271=ORIENTED_EDGE('',*,*,#1142,.F.);
#272=ORIENTED_EDGE('',*,*,#1143,.F.);
#273=ORIENTED_EDGE('',*,*,#1144,.T.);
#274=ORIENTED_EDGE('',*,*,#1145,.T.);
#275=ORIENTED_EDGE('',*,*,#1146,.F.);
#276=ORIENTED_EDGE('',*,*,#1147,.F.);
#277=ORIENTED_EDGE('',*,*,#1148,.F.);
#278=ORIENTED_EDGE('',*,*,#1149,.T.);
#279=ORIENTED_EDGE('',*,*,#1135,.F.);
#280=ORIENTED_EDGE('',*,*,#1150,.F.);
#281=ORIENTED_EDGE('',*,*,#1151,.F.);
#282=ORIENTED_EDGE('',*,*,#1152,.F.);
#283=ORIENTED_EDGE('',*,*,#1127,.F.);
#284=ORIENTED_EDGE('',*,*,#1153,.F.);
#285=ORIENTED_EDGE('',*,*,#1154,.T.);
#286=ORIENTED_EDGE('',*,*,#1155,.T.);
#287=ORIENTED_EDGE('',*,*,#1156,.F.);
#288=ORIENTED_EDGE('',*,*,#1157,.T.);
#289=ORIENTED_EDGE('',*,*,#1158,.T.);
#290=ORIENTED_EDGE('',*,*,#1159,.T.);
#291=ORIENTED_EDGE('',*,*,#1154,.F.);
#292=ORIENTED_EDGE('',*,*,#1160,.T.);
#293=ORIENTED_EDGE('',*,*,#1161,.F.);
#294=ORIENTED_EDGE('',*,*,#1121,.F.);
#295=ORIENTED_EDGE('',*,*,#1162,.F.);
#296=ORIENTED_EDGE('',*,*,#1129,.F.);
#297=ORIENTED_EDGE('',*,*,#1163,.T.);
#298=ORIENTED_EDGE('',*,*,#1111,.F.);
#299=ORIENTED_EDGE('',*,*,#1164,.T.);
#300=ORIENTED_EDGE('',*,*,#1165,.T.);
#301=ORIENTED_EDGE('',*,*,#1166,.T.);
#302=ORIENTED_EDGE('',*,*,#1167,.T.);
#303=ORIENTED_EDGE('',*,*,#1168,.T.);
#304=ORIENTED_EDGE('',*,*,#1169,.T.);
#305=ORIENTED_EDGE('',*,*,#1170,.T.);
#306=ORIENTED_EDGE('',*,*,#1171,.F.);
#307=ORIENTED_EDGE('',*,*,#1172,.T.);
#308=ORIENTED_EDGE('',*,*,#1173,.T.);
#309=ORIENTED_EDGE('',*,*,#1174,.T.);
#310=ORIENTED_EDGE('',*,*,#1175,.T.);
#311=ORIENTED_EDGE('',*,*,#1176,.T.);
#312=ORIENTED_EDGE('',*,*,#1140,.F.);
#313=ORIENTED_EDGE('',*,*,#1177,.T.);
#314=ORIENTED_EDGE('',*,*,#1178,.T.);
#315=ORIENTED_EDGE('',*,*,#1179,.T.);
#316=ORIENTED_EDGE('',*,*,#1180,.T.);
#317=ORIENTED_EDGE('',*,*,#1181,.F.);
#318=ORIENTED_EDGE('',*,*,#1182,.T.);
#319=ORIENTED_EDGE('',*,*,#1181,.T.);
#320=ORIENTED_EDGE('',*,*,#1183,.T.);
#321=ORIENTED_EDGE('',*,*,#1184,.F.);
#322=ORIENTED_EDGE('',*,*,#1185,.T.);
#323=ORIENTED_EDGE('',*,*,#1184,.T.);
#324=ORIENTED_EDGE('',*,*,#1186,.T.);
#325=ORIENTED_EDGE('',*,*,#1187,.F.);
#326=ORIENTED_EDGE('',*,*,#1188,.T.);
#327=ORIENTED_EDGE('',*,*,#1187,.T.);
#328=ORIENTED_EDGE('',*,*,#1189,.T.);
#329=ORIENTED_EDGE('',*,*,#1179,.F.);
#330=ORIENTED_EDGE('',*,*,#1190,.T.);
#331=ORIENTED_EDGE('',*,*,#1151,.T.);
#332=ORIENTED_EDGE('',*,*,#1191,.T.);
#333=ORIENTED_EDGE('',*,*,#1192,.F.);
#334=ORIENTED_EDGE('',*,*,#1193,.T.);
#335=ORIENTED_EDGE('',*,*,#1194,.F.);
#336=ORIENTED_EDGE('',*,*,#1195,.T.);
#337=ORIENTED_EDGE('',*,*,#1095,.T.);
#338=ORIENTED_EDGE('',*,*,#1196,.T.);
#339=ORIENTED_EDGE('',*,*,#1099,.F.);
#340=ORIENTED_EDGE('',*,*,#1197,.T.);
#341=ORIENTED_EDGE('',*,*,#1198,.T.);
#342=ORIENTED_EDGE('',*,*,#1199,.F.);
#343=ORIENTED_EDGE('',*,*,#1113,.T.);
#344=ORIENTED_EDGE('',*,*,#1200,.T.);
#345=ORIENTED_EDGE('',*,*,#1201,.F.);
#346=ORIENTED_EDGE('',*,*,#1202,.F.);
#347=ORIENTED_EDGE('',*,*,#1203,.T.);
#348=ORIENTED_EDGE('',*,*,#1204,.T.);
#349=ORIENTED_EDGE('',*,*,#1205,.F.);
#350=ORIENTED_EDGE('',*,*,#1206,.F.);
#351=ORIENTED_EDGE('',*,*,#1116,.T.);
#352=ORIENTED_EDGE('',*,*,#1207,.T.);
#353=ORIENTED_EDGE('',*,*,#1208,.T.);
#354=ORIENTED_EDGE('',*,*,#1209,.T.);
#355=ORIENTED_EDGE('',*,*,#1210,.T.);
#356=ORIENTED_EDGE('',*,*,#1211,.T.);
#357=ORIENTED_EDGE('',*,*,#1212,.T.);
#358=ORIENTED_EDGE('',*,*,#1213,.T.);
#359=ORIENTED_EDGE('',*,*,#1214,.T.);
#360=ORIENTED_EDGE('',*,*,#1215,.T.);
#361=ORIENTED_EDGE('',*,*,#1216,.F.);
#362=ORIENTED_EDGE('',*,*,#1217,.T.);
#363=ORIENTED_EDGE('',*,*,#1218,.T.);
#364=ORIENTED_EDGE('',*,*,#1219,.T.);
#365=ORIENTED_EDGE('',*,*,#1220,.F.);
#366=ORIENTED_EDGE('',*,*,#1221,.T.);
#367=ORIENTED_EDGE('',*,*,#1090,.F.);
#368=ORIENTED_EDGE('',*,*,#1118,.T.);
#369=ORIENTED_EDGE('',*,*,#1222,.T.);
#370=ORIENTED_EDGE('',*,*,#1223,.F.);
#371=ORIENTED_EDGE('',*,*,#1224,.F.);
#372=ORIENTED_EDGE('',*,*,#1198,.F.);
#373=ORIENTED_EDGE('',*,*,#1225,.T.);
#374=ORIENTED_EDGE('',*,*,#1226,.F.);
#375=ORIENTED_EDGE('',*,*,#1227,.T.);
#376=ORIENTED_EDGE('',*,*,#1194,.T.);
#377=ORIENTED_EDGE('',*,*,#1228,.F.);
#378=ORIENTED_EDGE('',*,*,#1229,.T.);
#379=ORIENTED_EDGE('',*,*,#1230,.T.);
#380=ORIENTED_EDGE('',*,*,#1231,.F.);
#381=ORIENTED_EDGE('',*,*,#1082,.F.);
#382=ORIENTED_EDGE('',*,*,#1232,.F.);
#383=ORIENTED_EDGE('',*,*,#1223,.T.);
#384=ORIENTED_EDGE('',*,*,#1233,.T.);
#385=ORIENTED_EDGE('',*,*,#1234,.F.);
#386=ORIENTED_EDGE('',*,*,#1235,.F.);
#387=ORIENTED_EDGE('',*,*,#1234,.T.);
#388=ORIENTED_EDGE('',*,*,#1236,.T.);
#389=ORIENTED_EDGE('',*,*,#1237,.F.);
#390=ORIENTED_EDGE('',*,*,#1238,.F.);
#391=ORIENTED_EDGE('',*,*,#1239,.F.);
#392=ORIENTED_EDGE('',*,*,#1229,.F.);
#393=ORIENTED_EDGE('',*,*,#1240,.T.);
#394=ORIENTED_EDGE('',*,*,#1237,.T.);
#395=ORIENTED_EDGE('',*,*,#1100,.F.);
#396=ORIENTED_EDGE('',*,*,#1199,.T.);
#397=ORIENTED_EDGE('',*,*,#1224,.T.);
#398=ORIENTED_EDGE('',*,*,#1235,.T.);
#399=ORIENTED_EDGE('',*,*,#1238,.T.);
#400=ORIENTED_EDGE('',*,*,#1240,.F.);
#401=ORIENTED_EDGE('',*,*,#1228,.T.);
#402=ORIENTED_EDGE('',*,*,#1196,.F.);
#403=ORIENTED_EDGE('',*,*,#1241,.F.);
#404=ORIENTED_EDGE('',*,*,#1242,.T.);
#405=ORIENTED_EDGE('',*,*,#1103,.F.);
#406=ORIENTED_EDGE('',*,*,#1083,.T.);
#407=ORIENTED_EDGE('',*,*,#1231,.T.);
#408=ORIENTED_EDGE('',*,*,#1243,.T.);
#409=ORIENTED_EDGE('',*,*,#1205,.T.);
#410=ORIENTED_EDGE('',*,*,#1244,.T.);
#411=ORIENTED_EDGE('',*,*,#1245,.T.);
#412=ORIENTED_EDGE('',*,*,#1201,.T.);
#413=ORIENTED_EDGE('',*,*,#1246,.T.);
#414=ORIENTED_EDGE('',*,*,#1165,.F.);
#415=ORIENTED_EDGE('',*,*,#1247,.F.);
#416=ORIENTED_EDGE('',*,*,#1230,.F.);
#417=ORIENTED_EDGE('',*,*,#1239,.T.);
#418=ORIENTED_EDGE('',*,*,#1236,.F.);
#419=ORIENTED_EDGE('',*,*,#1233,.F.);
#420=ORIENTED_EDGE('',*,*,#1222,.F.);
#421=ORIENTED_EDGE('',*,*,#1117,.T.);
#422=ORIENTED_EDGE('',*,*,#1206,.T.);
#423=ORIENTED_EDGE('',*,*,#1243,.F.);
#424=ORIENTED_EDGE('',*,*,#1248,.F.);
#425=ORIENTED_EDGE('',*,*,#1247,.T.);
#426=ORIENTED_EDGE('',*,*,#1249,.F.);
#427=ORIENTED_EDGE('',*,*,#1249,.T.);
#428=ORIENTED_EDGE('',*,*,#1248,.T.);
#429=ORIENTED_EDGE('',*,*,#1250,.F.);
#430=ORIENTED_EDGE('',*,*,#1250,.T.);
#431=ORIENTED_EDGE('',*,*,#1245,.F.);
#432=ORIENTED_EDGE('',*,*,#1251,.T.);
#433=ORIENTED_EDGE('',*,*,#1114,.T.);
#434=ORIENTED_EDGE('',*,*,#1202,.T.);
#435=ORIENTED_EDGE('',*,*,#1252,.T.);
#436=ORIENTED_EDGE('',*,*,#1253,.T.);
#437=ORIENTED_EDGE('',*,*,#1254,.F.);
#438=ORIENTED_EDGE('',*,*,#1255,.T.);
#439=ORIENTED_EDGE('',*,*,#1256,.F.);
#440=ORIENTED_EDGE('',*,*,#1257,.T.);
#441=ORIENTED_EDGE('',*,*,#1258,.T.);
#442=ORIENTED_EDGE('',*,*,#1259,.T.);
#443=ORIENTED_EDGE('',*,*,#1260,.F.);
#444=ORIENTED_EDGE('',*,*,#1261,.F.);
#445=ORIENTED_EDGE('',*,*,#1262,.T.);
#446=ORIENTED_EDGE('',*,*,#1256,.T.);
#447=ORIENTED_EDGE('',*,*,#1263,.F.);
#448=ORIENTED_EDGE('',*,*,#1264,.F.);
#449=ORIENTED_EDGE('',*,*,#1265,.T.);
#450=ORIENTED_EDGE('',*,*,#1261,.T.);
#451=ORIENTED_EDGE('',*,*,#1156,.T.);
#452=ORIENTED_EDGE('',*,*,#1266,.T.);
#453=ORIENTED_EDGE('',*,*,#1267,.F.);
#454=ORIENTED_EDGE('',*,*,#1268,.T.);
#455=ORIENTED_EDGE('',*,*,#1269,.T.);
#456=ORIENTED_EDGE('',*,*,#1270,.T.);
#457=ORIENTED_EDGE('',*,*,#1171,.T.);
#458=ORIENTED_EDGE('',*,*,#1271,.T.);
#459=ORIENTED_EDGE('',*,*,#1272,.F.);
#460=ORIENTED_EDGE('',*,*,#1273,.F.);
#461=ORIENTED_EDGE('',*,*,#1274,.F.);
#462=ORIENTED_EDGE('',*,*,#1275,.F.);
#463=ORIENTED_EDGE('',*,*,#1264,.T.);
#464=ORIENTED_EDGE('',*,*,#1276,.F.);
#465=ORIENTED_EDGE('',*,*,#1254,.T.);
#466=ORIENTED_EDGE('',*,*,#1277,.T.);
#467=ORIENTED_EDGE('',*,*,#1278,.F.);
#468=ORIENTED_EDGE('',*,*,#1279,.F.);
#469=ORIENTED_EDGE('',*,*,#1280,.T.);
#470=ORIENTED_EDGE('',*,*,#1274,.T.);
#471=ORIENTED_EDGE('',*,*,#1281,.F.);
#472=ORIENTED_EDGE('',*,*,#1282,.F.);
#473=ORIENTED_EDGE('',*,*,#1283,.T.);
#474=ORIENTED_EDGE('',*,*,#1279,.T.);
#475=ORIENTED_EDGE('',*,*,#1284,.T.);
#476=ORIENTED_EDGE('',*,*,#1285,.T.);
#477=ORIENTED_EDGE('',*,*,#1286,.F.);
#478=ORIENTED_EDGE('',*,*,#1287,.F.);
#479=ORIENTED_EDGE('',*,*,#1288,.F.);
#480=ORIENTED_EDGE('',*,*,#1289,.F.);
#481=ORIENTED_EDGE('',*,*,#1282,.T.);
#482=ORIENTED_EDGE('',*,*,#1290,.F.);
#483=ORIENTED_EDGE('',*,*,#1272,.T.);
#484=ORIENTED_EDGE('',*,*,#1291,.T.);
#485=ORIENTED_EDGE('',*,*,#1292,.F.);
#486=ORIENTED_EDGE('',*,*,#1293,.T.);
#487=ORIENTED_EDGE('',*,*,#1288,.T.);
#488=ORIENTED_EDGE('',*,*,#1294,.T.);
#489=ORIENTED_EDGE('',*,*,#1295,.F.);
#490=ORIENTED_EDGE('',*,*,#1296,.F.);
#491=ORIENTED_EDGE('',*,*,#1297,.F.);
#492=ORIENTED_EDGE('',*,*,#1298,.F.);
#493=ORIENTED_EDGE('',*,*,#1299,.T.);
#494=ORIENTED_EDGE('',*,*,#1295,.T.);
#495=ORIENTED_EDGE('',*,*,#1298,.T.);
#496=ORIENTED_EDGE('',*,*,#1300,.T.);
#497=ORIENTED_EDGE('',*,*,#1301,.F.);
#498=ORIENTED_EDGE('',*,*,#1302,.F.);
#499=ORIENTED_EDGE('',*,*,#1286,.T.);
#500=ORIENTED_EDGE('',*,*,#1303,.T.);
#501=ORIENTED_EDGE('',*,*,#1168,.F.);
#502=ORIENTED_EDGE('',*,*,#1304,.T.);
#503=ORIENTED_EDGE('',*,*,#1252,.F.);
#504=ORIENTED_EDGE('',*,*,#1305,.T.);
#505=ORIENTED_EDGE('',*,*,#1306,.F.);
#506=ORIENTED_EDGE('',*,*,#1307,.T.);
#507=ORIENTED_EDGE('',*,*,#1301,.T.);
#508=ORIENTED_EDGE('',*,*,#1308,.T.);
#509=ORIENTED_EDGE('',*,*,#1309,.F.);
#510=ORIENTED_EDGE('',*,*,#1310,.F.);
#511=ORIENTED_EDGE('',*,*,#1311,.T.);
#512=ORIENTED_EDGE('',*,*,#1306,.T.);
#513=ORIENTED_EDGE('',*,*,#1312,.F.);
#514=ORIENTED_EDGE('',*,*,#1313,.F.);
#515=ORIENTED_EDGE('',*,*,#1314,.T.);
#516=ORIENTED_EDGE('',*,*,#1310,.T.);
#517=ORIENTED_EDGE('',*,*,#1313,.T.);
#518=ORIENTED_EDGE('',*,*,#1315,.T.);
#519=ORIENTED_EDGE('',*,*,#1258,.F.);
#520=ORIENTED_EDGE('',*,*,#1316,.F.);
#521=ORIENTED_EDGE('',*,*,#1257,.F.);
#522=ORIENTED_EDGE('',*,*,#1262,.F.);
#523=ORIENTED_EDGE('',*,*,#1265,.F.);
#524=ORIENTED_EDGE('',*,*,#1275,.T.);
#525=ORIENTED_EDGE('',*,*,#1280,.F.);
#526=ORIENTED_EDGE('',*,*,#1283,.F.);
#527=ORIENTED_EDGE('',*,*,#1289,.T.);
#528=ORIENTED_EDGE('',*,*,#1296,.T.);
#529=ORIENTED_EDGE('',*,*,#1299,.F.);
#530=ORIENTED_EDGE('',*,*,#1302,.T.);
#531=ORIENTED_EDGE('',*,*,#1307,.F.);
#532=ORIENTED_EDGE('',*,*,#1311,.F.);
#533=ORIENTED_EDGE('',*,*,#1314,.F.);
#534=ORIENTED_EDGE('',*,*,#1316,.T.);
#535=ORIENTED_EDGE('',*,*,#1317,.F.);
#536=ORIENTED_EDGE('',*,*,#1259,.F.);
#537=ORIENTED_EDGE('',*,*,#1315,.F.);
#538=ORIENTED_EDGE('',*,*,#1312,.T.);
#539=ORIENTED_EDGE('',*,*,#1309,.T.);
#540=ORIENTED_EDGE('',*,*,#1305,.F.);
#541=ORIENTED_EDGE('',*,*,#1318,.F.);
#542=ORIENTED_EDGE('',*,*,#1308,.F.);
#543=ORIENTED_EDGE('',*,*,#1300,.F.);
#544=ORIENTED_EDGE('',*,*,#1297,.T.);
#545=ORIENTED_EDGE('',*,*,#1294,.F.);
#546=ORIENTED_EDGE('',*,*,#1287,.T.);
#547=ORIENTED_EDGE('',*,*,#1319,.F.);
#548=ORIENTED_EDGE('',*,*,#1278,.T.);
#549=ORIENTED_EDGE('',*,*,#1273,.T.);
#550=ORIENTED_EDGE('',*,*,#1290,.T.);
#551=ORIENTED_EDGE('',*,*,#1281,.T.);
#552=ORIENTED_EDGE('',*,*,#1320,.F.);
#553=ORIENTED_EDGE('',*,*,#1255,.F.);
#554=ORIENTED_EDGE('',*,*,#1276,.T.);
#555=ORIENTED_EDGE('',*,*,#1263,.T.);
#556=ORIENTED_EDGE('',*,*,#1260,.T.);
#557=ORIENTED_EDGE('',*,*,#1320,.T.);
#558=ORIENTED_EDGE('',*,*,#1321,.F.);
#559=ORIENTED_EDGE('',*,*,#1321,.T.);
#560=ORIENTED_EDGE('',*,*,#1319,.T.);
#561=ORIENTED_EDGE('',*,*,#1322,.F.);
#562=ORIENTED_EDGE('',*,*,#1322,.T.);
#563=ORIENTED_EDGE('',*,*,#1318,.T.);
#564=ORIENTED_EDGE('',*,*,#1323,.F.);
#565=ORIENTED_EDGE('',*,*,#1323,.T.);
#566=ORIENTED_EDGE('',*,*,#1317,.T.);
#567=ORIENTED_EDGE('',*,*,#1324,.F.);
#568=ORIENTED_EDGE('',*,*,#1324,.T.);
#569=ORIENTED_EDGE('',*,*,#1226,.T.);
#570=ORIENTED_EDGE('',*,*,#1325,.T.);
#571=ORIENTED_EDGE('',*,*,#1097,.F.);
#572=ORIENTED_EDGE('',*,*,#1326,.T.);
#573=ORIENTED_EDGE('',*,*,#1098,.F.);
#574=ORIENTED_EDGE('',*,*,#1325,.F.);
#575=ORIENTED_EDGE('',*,*,#1225,.F.);
#576=ORIENTED_EDGE('',*,*,#1197,.F.);
#577=ORIENTED_EDGE('',*,*,#1096,.F.);
#578=ORIENTED_EDGE('',*,*,#1195,.F.);
#579=ORIENTED_EDGE('',*,*,#1227,.F.);
#580=ORIENTED_EDGE('',*,*,#1326,.F.);
#581=ORIENTED_EDGE('',*,*,#1069,.F.);
#582=ORIENTED_EDGE('',*,*,#1327,.F.);
#583=ORIENTED_EDGE('',*,*,#1328,.T.);
#584=ORIENTED_EDGE('',*,*,#1329,.T.);
#585=ORIENTED_EDGE('',*,*,#1330,.T.);
#586=ORIENTED_EDGE('',*,*,#1331,.F.);
#587=ORIENTED_EDGE('',*,*,#1332,.T.);
#588=ORIENTED_EDGE('',*,*,#1333,.T.);
#589=ORIENTED_EDGE('',*,*,#1334,.T.);
#590=ORIENTED_EDGE('',*,*,#1335,.F.);
#591=ORIENTED_EDGE('',*,*,#1336,.T.);
#592=ORIENTED_EDGE('',*,*,#1337,.T.);
#593=ORIENTED_EDGE('',*,*,#1338,.F.);
#594=ORIENTED_EDGE('',*,*,#1339,.F.);
#595=ORIENTED_EDGE('',*,*,#1340,.T.);
#596=ORIENTED_EDGE('',*,*,#1331,.T.);
#597=ORIENTED_EDGE('',*,*,#1341,.F.);
#598=ORIENTED_EDGE('',*,*,#1342,.F.);
#599=ORIENTED_EDGE('',*,*,#1343,.T.);
#600=ORIENTED_EDGE('',*,*,#1339,.T.);
#601=ORIENTED_EDGE('',*,*,#1342,.T.);
#602=ORIENTED_EDGE('',*,*,#1344,.T.);
#603=ORIENTED_EDGE('',*,*,#1329,.F.);
#604=ORIENTED_EDGE('',*,*,#1345,.F.);
#605=ORIENTED_EDGE('',*,*,#1072,.F.);
#606=ORIENTED_EDGE('',*,*,#1346,.F.);
#607=ORIENTED_EDGE('',*,*,#1347,.T.);
#608=ORIENTED_EDGE('',*,*,#1327,.T.);
#609=ORIENTED_EDGE('',*,*,#1071,.T.);
#610=ORIENTED_EDGE('',*,*,#1348,.F.);
#611=ORIENTED_EDGE('',*,*,#1349,.F.);
#612=ORIENTED_EDGE('',*,*,#1346,.T.);
#613=ORIENTED_EDGE('',*,*,#1070,.T.);
#614=ORIENTED_EDGE('',*,*,#1337,.F.);
#615=ORIENTED_EDGE('',*,*,#1350,.F.);
#616=ORIENTED_EDGE('',*,*,#1348,.T.);
#617=ORIENTED_EDGE('',*,*,#1351,.F.);
#618=ORIENTED_EDGE('',*,*,#1352,.F.);
#619=ORIENTED_EDGE('',*,*,#1353,.T.);
#620=ORIENTED_EDGE('',*,*,#1335,.T.);
#621=ORIENTED_EDGE('',*,*,#1354,.F.);
#622=ORIENTED_EDGE('',*,*,#1355,.F.);
#623=ORIENTED_EDGE('',*,*,#1356,.T.);
#624=ORIENTED_EDGE('',*,*,#1352,.T.);
#625=ORIENTED_EDGE('',*,*,#1355,.T.);
#626=ORIENTED_EDGE('',*,*,#1357,.T.);
#627=ORIENTED_EDGE('',*,*,#1333,.F.);
#628=ORIENTED_EDGE('',*,*,#1358,.F.);
#629=ORIENTED_EDGE('',*,*,#1332,.F.);
#630=ORIENTED_EDGE('',*,*,#1340,.F.);
#631=ORIENTED_EDGE('',*,*,#1343,.F.);
#632=ORIENTED_EDGE('',*,*,#1345,.T.);
#633=ORIENTED_EDGE('',*,*,#1328,.F.);
#634=ORIENTED_EDGE('',*,*,#1347,.F.);
#635=ORIENTED_EDGE('',*,*,#1349,.T.);
#636=ORIENTED_EDGE('',*,*,#1350,.T.);
#637=ORIENTED_EDGE('',*,*,#1336,.F.);
#638=ORIENTED_EDGE('',*,*,#1353,.F.);
#639=ORIENTED_EDGE('',*,*,#1356,.F.);
#640=ORIENTED_EDGE('',*,*,#1358,.T.);
#641=ORIENTED_EDGE('',*,*,#1330,.F.);
#642=ORIENTED_EDGE('',*,*,#1344,.F.);
#643=ORIENTED_EDGE('',*,*,#1341,.T.);
#644=ORIENTED_EDGE('',*,*,#1338,.T.);
#645=ORIENTED_EDGE('',*,*,#1359,.F.);
#646=ORIENTED_EDGE('',*,*,#1360,.F.);
#647=ORIENTED_EDGE('',*,*,#1354,.T.);
#648=ORIENTED_EDGE('',*,*,#1351,.T.);
#649=ORIENTED_EDGE('',*,*,#1334,.F.);
#650=ORIENTED_EDGE('',*,*,#1357,.F.);
#651=ORIENTED_EDGE('',*,*,#1360,.T.);
#652=ORIENTED_EDGE('',*,*,#1361,.F.);
#653=ORIENTED_EDGE('',*,*,#1361,.T.);
#654=ORIENTED_EDGE('',*,*,#1359,.T.);
#655=ORIENTED_EDGE('',*,*,#1362,.F.);
#656=ORIENTED_EDGE('',*,*,#1362,.T.);
#657=ORIENTED_EDGE('',*,*,#1173,.F.);
#658=ORIENTED_EDGE('',*,*,#1363,.T.);
#659=ORIENTED_EDGE('',*,*,#1364,.T.);
#660=ORIENTED_EDGE('',*,*,#1365,.T.);
#661=ORIENTED_EDGE('',*,*,#1366,.T.);
#662=ORIENTED_EDGE('',*,*,#1367,.T.);
#663=ORIENTED_EDGE('',*,*,#1368,.T.);
#664=ORIENTED_EDGE('',*,*,#1369,.F.);
#665=ORIENTED_EDGE('',*,*,#1370,.F.);
#666=ORIENTED_EDGE('',*,*,#1161,.T.);
#667=ORIENTED_EDGE('',*,*,#1371,.T.);
#668=ORIENTED_EDGE('',*,*,#1372,.F.);
#669=ORIENTED_EDGE('',*,*,#1373,.T.);
#670=ORIENTED_EDGE('',*,*,#1374,.F.);
#671=ORIENTED_EDGE('',*,*,#1375,.T.);
#672=ORIENTED_EDGE('',*,*,#1369,.T.);
#673=ORIENTED_EDGE('',*,*,#1376,.T.);
#674=ORIENTED_EDGE('',*,*,#1377,.F.);
#675=ORIENTED_EDGE('',*,*,#1378,.F.);
#676=ORIENTED_EDGE('',*,*,#1379,.T.);
#677=ORIENTED_EDGE('',*,*,#1374,.T.);
#678=ORIENTED_EDGE('',*,*,#1380,.F.);
#679=ORIENTED_EDGE('',*,*,#1381,.F.);
#680=ORIENTED_EDGE('',*,*,#1382,.T.);
#681=ORIENTED_EDGE('',*,*,#1378,.T.);
#682=ORIENTED_EDGE('',*,*,#1381,.T.);
#683=ORIENTED_EDGE('',*,*,#1383,.T.);
#684=ORIENTED_EDGE('',*,*,#1384,.F.);
#685=ORIENTED_EDGE('',*,*,#1385,.F.);
#686=ORIENTED_EDGE('',*,*,#1192,.T.);
#687=ORIENTED_EDGE('',*,*,#1386,.T.);
#688=ORIENTED_EDGE('',*,*,#1387,.F.);
#689=ORIENTED_EDGE('',*,*,#1388,.F.);
#690=ORIENTED_EDGE('',*,*,#1389,.F.);
#691=ORIENTED_EDGE('',*,*,#1390,.F.);
#692=ORIENTED_EDGE('',*,*,#1384,.T.);
#693=ORIENTED_EDGE('',*,*,#1391,.F.);
#694=ORIENTED_EDGE('',*,*,#1372,.T.);
#695=ORIENTED_EDGE('',*,*,#1392,.T.);
#696=ORIENTED_EDGE('',*,*,#1393,.F.);
#697=ORIENTED_EDGE('',*,*,#1394,.F.);
#698=ORIENTED_EDGE('',*,*,#1395,.T.);
#699=ORIENTED_EDGE('',*,*,#1389,.T.);
#700=ORIENTED_EDGE('',*,*,#1396,.F.);
#701=ORIENTED_EDGE('',*,*,#1397,.F.);
#702=ORIENTED_EDGE('',*,*,#1398,.T.);
#703=ORIENTED_EDGE('',*,*,#1394,.T.);
#704=ORIENTED_EDGE('',*,*,#1397,.T.);
#705=ORIENTED_EDGE('',*,*,#1399,.T.);
#706=ORIENTED_EDGE('',*,*,#1400,.F.);
#707=ORIENTED_EDGE('',*,*,#1401,.F.);
#708=ORIENTED_EDGE('',*,*,#1387,.T.);
#709=ORIENTED_EDGE('',*,*,#1402,.T.);
#710=ORIENTED_EDGE('',*,*,#1365,.F.);
#711=ORIENTED_EDGE('',*,*,#1403,.F.);
#712=ORIENTED_EDGE('',*,*,#1404,.F.);
#713=ORIENTED_EDGE('',*,*,#1405,.F.);
#714=ORIENTED_EDGE('',*,*,#1400,.T.);
#715=ORIENTED_EDGE('',*,*,#1406,.F.);
#716=ORIENTED_EDGE('',*,*,#1404,.T.);
#717=ORIENTED_EDGE('',*,*,#1407,.T.);
#718=ORIENTED_EDGE('',*,*,#1408,.F.);
#719=ORIENTED_EDGE('',*,*,#1409,.F.);
#720=ORIENTED_EDGE('',*,*,#1409,.T.);
#721=ORIENTED_EDGE('',*,*,#1410,.T.);
#722=ORIENTED_EDGE('',*,*,#1268,.F.);
#723=ORIENTED_EDGE('',*,*,#1411,.F.);
#724=ORIENTED_EDGE('',*,*,#1370,.T.);
#725=ORIENTED_EDGE('',*,*,#1375,.F.);
#726=ORIENTED_EDGE('',*,*,#1379,.F.);
#727=ORIENTED_EDGE('',*,*,#1382,.F.);
#728=ORIENTED_EDGE('',*,*,#1385,.T.);
#729=ORIENTED_EDGE('',*,*,#1390,.T.);
#730=ORIENTED_EDGE('',*,*,#1395,.F.);
#731=ORIENTED_EDGE('',*,*,#1398,.F.);
#732=ORIENTED_EDGE('',*,*,#1401,.T.);
#733=ORIENTED_EDGE('',*,*,#1405,.T.);
#734=ORIENTED_EDGE('',*,*,#1412,.F.);
#735=ORIENTED_EDGE('',*,*,#1388,.T.);
#736=ORIENTED_EDGE('',*,*,#1406,.T.);
#737=ORIENTED_EDGE('',*,*,#1399,.F.);
#738=ORIENTED_EDGE('',*,*,#1396,.T.);
#739=ORIENTED_EDGE('',*,*,#1393,.T.);
#740=ORIENTED_EDGE('',*,*,#1383,.F.);
#741=ORIENTED_EDGE('',*,*,#1380,.T.);
#742=ORIENTED_EDGE('',*,*,#1377,.T.);
#743=ORIENTED_EDGE('',*,*,#1373,.F.);
#744=ORIENTED_EDGE('',*,*,#1391,.T.);
#745=ORIENTED_EDGE('',*,*,#1413,.F.);
#746=ORIENTED_EDGE('',*,*,#1407,.F.);
#747=ORIENTED_EDGE('',*,*,#1403,.T.);
#748=ORIENTED_EDGE('',*,*,#1364,.F.);
#749=ORIENTED_EDGE('',*,*,#1376,.F.);
#750=ORIENTED_EDGE('',*,*,#1368,.F.);
#751=ORIENTED_EDGE('',*,*,#1158,.F.);
#752=ORIENTED_EDGE('',*,*,#1414,.T.);
#753=ORIENTED_EDGE('',*,*,#1414,.F.);
#754=ORIENTED_EDGE('',*,*,#1412,.T.);
#755=ORIENTED_EDGE('',*,*,#1415,.T.);
#756=ORIENTED_EDGE('',*,*,#1415,.F.);
#757=ORIENTED_EDGE('',*,*,#1413,.T.);
#758=ORIENTED_EDGE('',*,*,#1416,.T.);
#759=ORIENTED_EDGE('',*,*,#1417,.T.);
#760=ORIENTED_EDGE('',*,*,#1284,.F.);
#761=ORIENTED_EDGE('',*,*,#1292,.T.);
#762=ORIENTED_EDGE('',*,*,#1418,.T.);
#763=ORIENTED_EDGE('',*,*,#1419,.F.);
#764=ORIENTED_EDGE('',*,*,#1416,.F.);
#765=ORIENTED_EDGE('',*,*,#1293,.F.);
#766=ORIENTED_EDGE('',*,*,#1419,.T.);
#767=ORIENTED_EDGE('',*,*,#1216,.T.);
#768=ORIENTED_EDGE('',*,*,#1420,.T.);
#769=ORIENTED_EDGE('',*,*,#1421,.T.);
#770=ORIENTED_EDGE('',*,*,#1422,.T.);
#771=ORIENTED_EDGE('',*,*,#1423,.T.);
#772=ORIENTED_EDGE('',*,*,#1077,.F.);
#773=ORIENTED_EDGE('',*,*,#1424,.T.);
#774=ORIENTED_EDGE('',*,*,#1425,.F.);
#775=ORIENTED_EDGE('',*,*,#1146,.T.);
#776=ORIENTED_EDGE('',*,*,#1426,.T.);
#777=ORIENTED_EDGE('',*,*,#1427,.T.);
#778=ORIENTED_EDGE('',*,*,#1425,.T.);
#779=ORIENTED_EDGE('',*,*,#1428,.T.);
#780=ORIENTED_EDGE('',*,*,#1138,.F.);
#781=ORIENTED_EDGE('',*,*,#1147,.T.);
#782=ORIENTED_EDGE('',*,*,#1144,.F.);
#783=ORIENTED_EDGE('',*,*,#1429,.T.);
#784=ORIENTED_EDGE('',*,*,#1123,.T.);
#785=ORIENTED_EDGE('',*,*,#1430,.T.);
#786=ORIENTED_EDGE('',*,*,#1431,.F.);
#787=ORIENTED_EDGE('',*,*,#1431,.T.);
#788=ORIENTED_EDGE('',*,*,#1432,.T.);
#789=ORIENTED_EDGE('',*,*,#1426,.F.);
#790=ORIENTED_EDGE('',*,*,#1145,.F.);
#791=ORIENTED_EDGE('',*,*,#1433,.F.);
#792=ORIENTED_EDGE('',*,*,#1434,.F.);
#793=ORIENTED_EDGE('',*,*,#1435,.T.);
#794=ORIENTED_EDGE('',*,*,#1436,.F.);
#795=ORIENTED_EDGE('',*,*,#1437,.T.);
#796=ORIENTED_EDGE('',*,*,#1124,.F.);
#797=ORIENTED_EDGE('',*,*,#1149,.F.);
#798=ORIENTED_EDGE('',*,*,#1438,.T.);
#799=ORIENTED_EDGE('',*,*,#1141,.F.);
#800=ORIENTED_EDGE('',*,*,#1136,.T.);
#801=ORIENTED_EDGE('',*,*,#1176,.F.);
#802=ORIENTED_EDGE('',*,*,#1175,.F.);
#803=ORIENTED_EDGE('',*,*,#1439,.T.);
#804=ORIENTED_EDGE('',*,*,#1132,.T.);
#805=ORIENTED_EDGE('',*,*,#1440,.F.);
#806=ORIENTED_EDGE('',*,*,#1131,.T.);
#807=ORIENTED_EDGE('',*,*,#1441,.F.);
#808=ORIENTED_EDGE('',*,*,#1442,.F.);
#809=ORIENTED_EDGE('',*,*,#1440,.T.);
#810=ORIENTED_EDGE('',*,*,#1443,.F.);
#811=ORIENTED_EDGE('',*,*,#1444,.F.);
#812=ORIENTED_EDGE('',*,*,#1445,.F.);
#813=ORIENTED_EDGE('',*,*,#1433,.T.);
#814=ORIENTED_EDGE('',*,*,#1442,.T.);
#815=ORIENTED_EDGE('',*,*,#1446,.F.);
#816=ORIENTED_EDGE('',*,*,#1444,.T.);
#817=ORIENTED_EDGE('',*,*,#1447,.F.);
#818=ORIENTED_EDGE('',*,*,#1447,.T.);
#819=ORIENTED_EDGE('',*,*,#1443,.T.);
#820=ORIENTED_EDGE('',*,*,#1448,.F.);
#821=ORIENTED_EDGE('',*,*,#1448,.T.);
#822=ORIENTED_EDGE('',*,*,#1417,.F.);
#823=ORIENTED_EDGE('',*,*,#1215,.F.);
#824=ORIENTED_EDGE('',*,*,#1449,.F.);
#825=ORIENTED_EDGE('',*,*,#1169,.F.);
#826=ORIENTED_EDGE('',*,*,#1303,.F.);
#827=ORIENTED_EDGE('',*,*,#1285,.F.);
#828=ORIENTED_EDGE('',*,*,#1450,.F.);
#829=ORIENTED_EDGE('',*,*,#1166,.F.);
#830=ORIENTED_EDGE('',*,*,#1246,.F.);
#831=ORIENTED_EDGE('',*,*,#1200,.F.);
#832=ORIENTED_EDGE('',*,*,#1112,.F.);
#833=ORIENTED_EDGE('',*,*,#1170,.F.);
#834=ORIENTED_EDGE('',*,*,#1451,.F.);
#835=ORIENTED_EDGE('',*,*,#1207,.F.);
#836=ORIENTED_EDGE('',*,*,#1115,.F.);
#837=ORIENTED_EDGE('',*,*,#1251,.F.);
#838=ORIENTED_EDGE('',*,*,#1244,.F.);
#839=ORIENTED_EDGE('',*,*,#1204,.F.);
#840=ORIENTED_EDGE('',*,*,#1452,.F.);
#841=ORIENTED_EDGE('',*,*,#1450,.T.);
#842=ORIENTED_EDGE('',*,*,#1453,.F.);
#843=ORIENTED_EDGE('',*,*,#1451,.T.);
#844=ORIENTED_EDGE('',*,*,#1449,.T.);
#845=ORIENTED_EDGE('',*,*,#1454,.F.);
#846=ORIENTED_EDGE('',*,*,#1453,.T.);
#847=ORIENTED_EDGE('',*,*,#1203,.F.);
#848=ORIENTED_EDGE('',*,*,#1455,.F.);
#849=ORIENTED_EDGE('',*,*,#1212,.F.);
#850=ORIENTED_EDGE('',*,*,#1452,.T.);
#851=ORIENTED_EDGE('',*,*,#1211,.F.);
#852=ORIENTED_EDGE('',*,*,#1456,.F.);
#853=ORIENTED_EDGE('',*,*,#1193,.F.);
#854=ORIENTED_EDGE('',*,*,#1392,.F.);
#855=ORIENTED_EDGE('',*,*,#1371,.F.);
#856=ORIENTED_EDGE('',*,*,#1160,.F.);
#857=ORIENTED_EDGE('',*,*,#1157,.F.);
#858=ORIENTED_EDGE('',*,*,#1277,.F.);
#859=ORIENTED_EDGE('',*,*,#1253,.F.);
#860=ORIENTED_EDGE('',*,*,#1304,.F.);
#861=ORIENTED_EDGE('',*,*,#1167,.F.);
#862=ORIENTED_EDGE('',*,*,#1386,.F.);
#863=ORIENTED_EDGE('',*,*,#1191,.F.);
#864=ORIENTED_EDGE('',*,*,#1457,.F.);
#865=ORIENTED_EDGE('',*,*,#1217,.F.);
#866=ORIENTED_EDGE('',*,*,#1418,.F.);
#867=ORIENTED_EDGE('',*,*,#1291,.F.);
#868=ORIENTED_EDGE('',*,*,#1271,.F.);
#869=ORIENTED_EDGE('',*,*,#1174,.F.);
#870=ORIENTED_EDGE('',*,*,#1366,.F.);
#871=ORIENTED_EDGE('',*,*,#1402,.F.);
#872=ORIENTED_EDGE('',*,*,#1454,.T.);
#873=ORIENTED_EDGE('',*,*,#1214,.F.);
#874=ORIENTED_EDGE('',*,*,#1458,.F.);
#875=ORIENTED_EDGE('',*,*,#1208,.F.);
#876=ORIENTED_EDGE('',*,*,#1459,.F.);
#877=ORIENTED_EDGE('',*,*,#1209,.F.);
#878=ORIENTED_EDGE('',*,*,#1460,.F.);
#879=ORIENTED_EDGE('',*,*,#1075,.F.);
#880=ORIENTED_EDGE('',*,*,#1079,.F.);
#881=ORIENTED_EDGE('',*,*,#1455,.T.);
#882=ORIENTED_EDGE('',*,*,#1459,.T.);
#883=ORIENTED_EDGE('',*,*,#1461,.F.);
#884=ORIENTED_EDGE('',*,*,#1152,.T.);
#885=ORIENTED_EDGE('',*,*,#1456,.T.);
#886=ORIENTED_EDGE('',*,*,#1462,.F.);
#887=ORIENTED_EDGE('',*,*,#1457,.T.);
#888=ORIENTED_EDGE('',*,*,#1150,.T.);
#889=ORIENTED_EDGE('',*,*,#1463,.F.);
#890=ORIENTED_EDGE('',*,*,#1460,.T.);
#891=ORIENTED_EDGE('',*,*,#1458,.T.);
#892=ORIENTED_EDGE('',*,*,#1464,.F.);
#893=ORIENTED_EDGE('',*,*,#1430,.F.);
#894=ORIENTED_EDGE('',*,*,#1122,.F.);
#895=ORIENTED_EDGE('',*,*,#1465,.F.);
#896=ORIENTED_EDGE('',*,*,#1213,.F.);
#897=ORIENTED_EDGE('',*,*,#1461,.T.);
#898=ORIENTED_EDGE('',*,*,#1078,.F.);
#899=ORIENTED_EDGE('',*,*,#1427,.F.);
#900=ORIENTED_EDGE('',*,*,#1432,.F.);
#901=ORIENTED_EDGE('',*,*,#1462,.T.);
#902=ORIENTED_EDGE('',*,*,#1210,.F.);
#903=ORIENTED_EDGE('',*,*,#1466,.F.);
#904=ORIENTED_EDGE('',*,*,#1128,.F.);
#905=ORIENTED_EDGE('',*,*,#1463,.T.);
#906=ORIENTED_EDGE('',*,*,#1134,.F.);
#907=ORIENTED_EDGE('',*,*,#1467,.F.);
#908=ORIENTED_EDGE('',*,*,#1218,.F.);
#909=ORIENTED_EDGE('',*,*,#1464,.T.);
#910=ORIENTED_EDGE('',*,*,#1219,.F.);
#911=ORIENTED_EDGE('',*,*,#1468,.F.);
#912=ORIENTED_EDGE('',*,*,#1177,.F.);
#913=ORIENTED_EDGE('',*,*,#1139,.F.);
#914=ORIENTED_EDGE('',*,*,#1428,.F.);
#915=ORIENTED_EDGE('',*,*,#1424,.F.);
#916=ORIENTED_EDGE('',*,*,#1076,.F.);
#917=ORIENTED_EDGE('',*,*,#1466,.T.);
#918=ORIENTED_EDGE('',*,*,#1465,.T.);
#919=ORIENTED_EDGE('',*,*,#1163,.F.);
#920=ORIENTED_EDGE('',*,*,#1468,.T.);
#921=ORIENTED_EDGE('',*,*,#1467,.T.);
#922=ORIENTED_EDGE('',*,*,#1469,.F.);
#923=ORIENTED_EDGE('',*,*,#1439,.F.);
#924=ORIENTED_EDGE('',*,*,#1178,.F.);
#925=ORIENTED_EDGE('',*,*,#1469,.T.);
#926=ORIENTED_EDGE('',*,*,#1133,.F.);
#927=ORIENTED_EDGE('',*,*,#1470,.F.);
#928=ORIENTED_EDGE('',*,*,#1471,.T.);
#929=ORIENTED_EDGE('',*,*,#1434,.T.);
#930=ORIENTED_EDGE('',*,*,#1445,.T.);
#931=ORIENTED_EDGE('',*,*,#1472,.F.);
#932=ORIENTED_EDGE('',*,*,#1094,.F.);
#933=ORIENTED_EDGE('',*,*,#1473,.F.);
#934=ORIENTED_EDGE('',*,*,#1186,.F.);
#935=ORIENTED_EDGE('',*,*,#1473,.T.);
#936=ORIENTED_EDGE('',*,*,#1093,.F.);
#937=ORIENTED_EDGE('',*,*,#1474,.F.);
#938=ORIENTED_EDGE('',*,*,#1189,.F.);
#939=ORIENTED_EDGE('',*,*,#1472,.T.);
#940=ORIENTED_EDGE('',*,*,#1183,.F.);
#941=ORIENTED_EDGE('',*,*,#1475,.F.);
#942=ORIENTED_EDGE('',*,*,#1091,.F.);
#943=ORIENTED_EDGE('',*,*,#1474,.T.);
#944=ORIENTED_EDGE('',*,*,#1092,.F.);
#945=ORIENTED_EDGE('',*,*,#1475,.T.);
#946=ORIENTED_EDGE('',*,*,#1180,.F.);
#947=ORIENTED_EDGE('',*,*,#1476,.F.);
#948=ORIENTED_EDGE('',*,*,#1423,.F.);
#949=ORIENTED_EDGE('',*,*,#1477,.F.);
#950=ORIENTED_EDGE('',*,*,#1185,.F.);
#951=ORIENTED_EDGE('',*,*,#1477,.T.);
#952=ORIENTED_EDGE('',*,*,#1422,.F.);
#953=ORIENTED_EDGE('',*,*,#1478,.F.);
#954=ORIENTED_EDGE('',*,*,#1182,.F.);
#955=ORIENTED_EDGE('',*,*,#1476,.T.);
#956=ORIENTED_EDGE('',*,*,#1188,.F.);
#957=ORIENTED_EDGE('',*,*,#1479,.F.);
#958=ORIENTED_EDGE('',*,*,#1420,.F.);
#959=ORIENTED_EDGE('',*,*,#1478,.T.);
#960=ORIENTED_EDGE('',*,*,#1421,.F.);
#961=ORIENTED_EDGE('',*,*,#1479,.T.);
#962=ORIENTED_EDGE('',*,*,#1190,.F.);
#963=ORIENTED_EDGE('',*,*,#1408,.T.);
#964=ORIENTED_EDGE('',*,*,#1480,.T.);
#965=ORIENTED_EDGE('',*,*,#1269,.F.);
#966=ORIENTED_EDGE('',*,*,#1410,.F.);
#967=ORIENTED_EDGE('',*,*,#1267,.T.);
#968=ORIENTED_EDGE('',*,*,#1481,.T.);
#969=ORIENTED_EDGE('',*,*,#1367,.F.);
#970=ORIENTED_EDGE('',*,*,#1411,.T.);
#971=ORIENTED_EDGE('',*,*,#1159,.F.);
#972=ORIENTED_EDGE('',*,*,#1481,.F.);
#973=ORIENTED_EDGE('',*,*,#1266,.F.);
#974=ORIENTED_EDGE('',*,*,#1155,.F.);
#975=ORIENTED_EDGE('',*,*,#1363,.F.);
#976=ORIENTED_EDGE('',*,*,#1172,.F.);
#977=ORIENTED_EDGE('',*,*,#1270,.F.);
#978=ORIENTED_EDGE('',*,*,#1480,.F.);
#979=ORIENTED_EDGE('',*,*,#1143,.T.);
#980=ORIENTED_EDGE('',*,*,#1482,.F.);
#981=ORIENTED_EDGE('',*,*,#1153,.T.);
#982=ORIENTED_EDGE('',*,*,#1126,.T.);
#983=ORIENTED_EDGE('',*,*,#1483,.T.);
#984=ORIENTED_EDGE('',*,*,#1484,.T.);
#985=ORIENTED_EDGE('',*,*,#1485,.T.);
#986=ORIENTED_EDGE('',*,*,#1470,.T.);
#987=ORIENTED_EDGE('',*,*,#1446,.T.);
#988=ORIENTED_EDGE('',*,*,#1441,.T.);
#989=ORIENTED_EDGE('',*,*,#1130,.F.);
#990=ORIENTED_EDGE('',*,*,#1162,.T.);
#991=ORIENTED_EDGE('',*,*,#1120,.T.);
#992=ORIENTED_EDGE('',*,*,#1119,.T.);
#993=ORIENTED_EDGE('',*,*,#1429,.F.);
#994=ORIENTED_EDGE('',*,*,#1436,.T.);
#995=ORIENTED_EDGE('',*,*,#1486,.T.);
#996=ORIENTED_EDGE('',*,*,#1484,.F.);
#997=ORIENTED_EDGE('',*,*,#1487,.T.);
#998=ORIENTED_EDGE('',*,*,#1142,.T.);
#999=ORIENTED_EDGE('',*,*,#1438,.F.);
#1000=ORIENTED_EDGE('',*,*,#1148,.T.);
#1001=ORIENTED_EDGE('',*,*,#1482,.T.);
#1002=ORIENTED_EDGE('',*,*,#1435,.F.);
#1003=ORIENTED_EDGE('',*,*,#1471,.F.);
#1004=ORIENTED_EDGE('',*,*,#1485,.F.);
#1005=ORIENTED_EDGE('',*,*,#1486,.F.);
#1006=ORIENTED_EDGE('',*,*,#1483,.F.);
#1007=ORIENTED_EDGE('',*,*,#1125,.F.);
#1008=ORIENTED_EDGE('',*,*,#1437,.F.);
#1009=ORIENTED_EDGE('',*,*,#1487,.F.);
#1010=ORIENTED_EDGE('',*,*,#1105,.T.);
#1011=ORIENTED_EDGE('',*,*,#1488,.T.);
#1012=ORIENTED_EDGE('',*,*,#1489,.F.);
#1013=ORIENTED_EDGE('',*,*,#1490,.T.);
#1014=ORIENTED_EDGE('',*,*,#1110,.F.);
#1015=ORIENTED_EDGE('',*,*,#1491,.T.);
#1016=ORIENTED_EDGE('',*,*,#1489,.T.);
#1017=ORIENTED_EDGE('',*,*,#1492,.T.);
#1018=ORIENTED_EDGE('',*,*,#1241,.T.);
#1019=ORIENTED_EDGE('',*,*,#1164,.F.);
#1020=ORIENTED_EDGE('',*,*,#1492,.F.);
#1021=ORIENTED_EDGE('',*,*,#1488,.F.);
#1022=ORIENTED_EDGE('',*,*,#1104,.F.);
#1023=ORIENTED_EDGE('',*,*,#1242,.F.);
#1024=ORIENTED_EDGE('',*,*,#1491,.F.);
#1025=ORIENTED_EDGE('',*,*,#1109,.F.);
#1026=ORIENTED_EDGE('',*,*,#1106,.F.);
#1027=ORIENTED_EDGE('',*,*,#1490,.F.);
#1028=ORIENTED_EDGE('',*,*,#1087,.F.);
#1029=ORIENTED_EDGE('',*,*,#1493,.F.);
#1030=ORIENTED_EDGE('',*,*,#1494,.T.);
#1031=ORIENTED_EDGE('',*,*,#1108,.T.);
#1032=ORIENTED_EDGE('',*,*,#1086,.T.);
#1033=ORIENTED_EDGE('',*,*,#1495,.F.);
#1034=ORIENTED_EDGE('',*,*,#1496,.F.);
#1035=ORIENTED_EDGE('',*,*,#1493,.T.);
#1036=ORIENTED_EDGE('',*,*,#1085,.T.);
#1037=ORIENTED_EDGE('',*,*,#1102,.F.);
#1038=ORIENTED_EDGE('',*,*,#1497,.F.);
#1039=ORIENTED_EDGE('',*,*,#1495,.T.);
#1040=ORIENTED_EDGE('',*,*,#1498,.F.);
#1041=ORIENTED_EDGE('',*,*,#1101,.F.);
#1042=ORIENTED_EDGE('',*,*,#1494,.F.);
#1043=ORIENTED_EDGE('',*,*,#1496,.T.);
#1044=ORIENTED_EDGE('',*,*,#1497,.T.);
#1045=ORIENTED_EDGE('',*,*,#1073,.T.);
#1046=ORIENTED_EDGE('',*,*,#1221,.F.);
#1047=ORIENTED_EDGE('',*,*,#1499,.F.);
#1048=ORIENTED_EDGE('',*,*,#1500,.T.);
#1049=ORIENTED_EDGE('',*,*,#1081,.F.);
#1050=ORIENTED_EDGE('',*,*,#1501,.F.);
#1051=ORIENTED_EDGE('',*,*,#1502,.T.);
#1052=ORIENTED_EDGE('',*,*,#1232,.T.);
#1053=ORIENTED_EDGE('',*,*,#1080,.T.);
#1054=ORIENTED_EDGE('',*,*,#1074,.T.);
#1055=ORIENTED_EDGE('',*,*,#1500,.F.);
#1056=ORIENTED_EDGE('',*,*,#1503,.F.);
#1057=ORIENTED_EDGE('',*,*,#1501,.T.);
#1058=ORIENTED_EDGE('',*,*,#1499,.T.);
#1059=ORIENTED_EDGE('',*,*,#1220,.T.);
#1060=ORIENTED_EDGE('',*,*,#1502,.F.);
#1061=ORIENTED_EDGE('',*,*,#1503,.T.);
#1062=ORIENTED_EDGE('',*,*,#1504,.F.);
#1063=ORIENTED_EDGE('',*,*,#1505,.T.);
#1064=ORIENTED_EDGE('',*,*,#1505,.F.);
#1065=ORIENTED_EDGE('',*,*,#1498,.T.);
#1066=ORIENTED_EDGE('',*,*,#1506,.T.);
#1067=ORIENTED_EDGE('',*,*,#1506,.F.);
#1068=ORIENTED_EDGE('',*,*,#1504,.T.);
#1069=EDGE_CURVE('',#1507,#1508,#1796,.T.);
#1070=EDGE_CURVE('',#1509,#1508,#1797,.T.);
#1071=EDGE_CURVE('',#1510,#1509,#1798,.T.);
#1072=EDGE_CURVE('',#1510,#1507,#1799,.T.);
#1073=EDGE_CURVE('',#1511,#1512,#1800,.T.);
#1074=EDGE_CURVE('',#1513,#1511,#82,.T.);
#1075=EDGE_CURVE('',#1513,#1514,#1801,.T.);
#1076=EDGE_CURVE('',#1514,#1515,#1802,.F.);
#1077=EDGE_CURVE('',#1515,#1516,#1803,.T.);
#1078=EDGE_CURVE('',#1516,#1517,#1804,.T.);
#1079=EDGE_CURVE('',#1517,#1513,#1805,.T.);
#1080=EDGE_CURVE('',#1518,#1513,#83,.T.);
#1081=EDGE_CURVE('',#1518,#1519,#1806,.T.);
#1082=EDGE_CURVE('',#1519,#1520,#1807,.T.);
#1083=EDGE_CURVE('',#1521,#1520,#1808,.T.);
#1084=EDGE_CURVE('',#1522,#1521,#1809,.T.);
#1085=EDGE_CURVE('',#1523,#1522,#1810,.T.);
#1086=EDGE_CURVE('',#1524,#1523,#84,.T.);
#1087=EDGE_CURVE('',#1524,#1525,#1811,.T.);
#1088=EDGE_CURVE('',#1526,#1525,#1812,.T.);
#1089=EDGE_CURVE('',#1526,#1527,#1813,.T.);
#1090=EDGE_CURVE('',#1527,#1512,#1814,.T.);
#1091=EDGE_CURVE('',#1528,#1529,#1815,.F.);
#1092=EDGE_CURVE('',#1529,#1530,#1816,.F.);
#1093=EDGE_CURVE('',#1530,#1531,#1817,.T.);
#1094=EDGE_CURVE('',#1531,#1528,#1818,.T.);
#1095=EDGE_CURVE('',#1532,#1533,#1819,.T.);
#1096=EDGE_CURVE('',#1532,#1534,#85,.F.);
#1097=EDGE_CURVE('',#1534,#1535,#1820,.T.);
#1098=EDGE_CURVE('',#1535,#1536,#86,.F.);
#1099=EDGE_CURVE('',#1536,#1537,#1821,.T.);
#1100=EDGE_CURVE('',#1537,#1533,#1822,.T.);
#1101=EDGE_CURVE('',#1538,#1539,#1823,.T.);
#1102=EDGE_CURVE('',#1539,#1522,#1824,.T.);
#1103=EDGE_CURVE('',#1521,#1540,#1825,.T.);
#1104=EDGE_CURVE('',#1540,#1541,#87,.T.);
#1105=EDGE_CURVE('',#1542,#1541,#1826,.T.);
#1106=EDGE_CURVE('',#1542,#1543,#88,.T.);
#1107=EDGE_CURVE('',#1526,#1543,#1827,.T.);
#1108=EDGE_CURVE('',#1538,#1525,#1828,.T.);
#1109=EDGE_CURVE('',#1543,#1544,#1829,.F.);
#1110=EDGE_CURVE('',#1544,#1545,#1830,.T.);
#1111=EDGE_CURVE('',#1545,#1546,#1831,.T.);
#1112=EDGE_CURVE('',#1546,#1547,#89,.F.);
#1113=EDGE_CURVE('',#1548,#1547,#1832,.T.);
#1114=EDGE_CURVE('',#1549,#1548,#1833,.T.);
#1115=EDGE_CURVE('',#1549,#1550,#90,.F.);
#1116=EDGE_CURVE('',#1551,#1550,#1834,.T.);
#1117=EDGE_CURVE('',#1552,#1551,#1835,.T.);
#1118=EDGE_CURVE('',#1527,#1552,#1836,.T.);
#1119=EDGE_CURVE('',#1553,#1554,#1837,.T.);
#1120=EDGE_CURVE('',#1555,#1553,#1838,.T.);
#1121=EDGE_CURVE('',#1555,#1556,#1839,.T.);
#1122=EDGE_CURVE('',#1556,#1557,#1840,.T.);
#1123=EDGE_CURVE('',#1554,#1557,#1841,.T.);
#1124=EDGE_CURVE('',#1558,#1559,#1842,.F.);
#1125=EDGE_CURVE('',#1559,#1560,#1843,.F.);
#1126=EDGE_CURVE('',#1561,#1560,#1844,.F.);
#1127=EDGE_CURVE('',#1561,#1562,#1845,.F.);
#1128=EDGE_CURVE('',#1562,#1563,#1846,.F.);
#1129=EDGE_CURVE('',#1563,#1564,#1847,.T.);
#1130=EDGE_CURVE('',#1564,#1565,#1848,.T.);
#1131=EDGE_CURVE('',#1566,#1565,#1849,.T.);
#1132=EDGE_CURVE('',#1567,#1566,#1850,.T.);
#1133=EDGE_CURVE('',#1567,#1568,#1851,.T.);
#1134=EDGE_CURVE('',#1568,#1569,#1852,.F.);
#1135=EDGE_CURVE('',#1569,#1558,#1853,.F.);
#1136=EDGE_CURVE('',#1570,#1571,#1854,.T.);
#1137=EDGE_CURVE('',#1572,#1570,#1855,.T.);
#1138=EDGE_CURVE('',#1572,#1573,#1856,.T.);
#1139=EDGE_CURVE('',#1573,#1574,#91,.F.);
#1140=EDGE_CURVE('',#1574,#1571,#1857,.T.);
#1141=EDGE_CURVE('',#1570,#1575,#1858,.T.);
#1142=EDGE_CURVE('',#1576,#1575,#1859,.T.);
#1143=EDGE_CURVE('',#1577,#1576,#1860,.T.);
#1144=EDGE_CURVE('',#1577,#1578,#1861,.T.);
#1145=EDGE_CURVE('',#1578,#1579,#1862,.T.);
#1146=EDGE_CURVE('',#1580,#1579,#1863,.T.);
#1147=EDGE_CURVE('',#1572,#1580,#1864,.T.);
#1148=EDGE_CURVE('',#1581,#1582,#1865,.T.);
#1149=EDGE_CURVE('',#1581,#1558,#92,.F.);
#1150=EDGE_CURVE('',#1583,#1569,#93,.T.);
#1151=EDGE_CURVE('',#1584,#1583,#1866,.F.);
#1152=EDGE_CURVE('',#1562,#1584,#94,.T.);
#1153=EDGE_CURVE('',#1582,#1561,#95,.F.);
#1154=EDGE_CURVE('',#1585,#1586,#1867,.T.);
#1155=EDGE_CURVE('',#1586,#1587,#1868,.T.);
#1156=EDGE_CURVE('',#1588,#1587,#1869,.T.);
#1157=EDGE_CURVE('',#1588,#1585,#1870,.F.);
#1158=EDGE_CURVE('',#1589,#1590,#1871,.T.);
#1159=EDGE_CURVE('',#1590,#1586,#96,.T.);
#1160=EDGE_CURVE('',#1585,#1591,#97,.T.);
#1161=EDGE_CURVE('',#1589,#1591,#1872,.T.);
#1162=EDGE_CURVE('',#1564,#1555,#98,.T.);
#1163=EDGE_CURVE('',#1563,#1556,#99,.F.);
#1164=EDGE_CURVE('',#1545,#1592,#1873,.T.);
#1165=EDGE_CURVE('',#1592,#1593,#1874,.T.);
#1166=EDGE_CURVE('',#1593,#1594,#1875,.F.);
#1167=EDGE_CURVE('',#1594,#1595,#1876,.F.);
#1168=EDGE_CURVE('',#1595,#1596,#1877,.T.);
#1169=EDGE_CURVE('',#1596,#1597,#1878,.T.);
#1170=EDGE_CURVE('',#1597,#1546,#1879,.F.);
#1171=EDGE_CURVE('',#1598,#1599,#1880,.T.);
#1172=EDGE_CURVE('',#1598,#1600,#1881,.F.);
#1173=EDGE_CURVE('',#1600,#1601,#1882,.T.);
#1174=EDGE_CURVE('',#1601,#1599,#1883,.T.);
#1175=EDGE_CURVE('',#1602,#1603,#1884,.T.);
#1176=EDGE_CURVE('',#1603,#1571,#1885,.T.);
#1177=EDGE_CURVE('',#1574,#1604,#1886,.F.);
#1178=EDGE_CURVE('',#1604,#1602,#1887,.T.);
#1179=EDGE_CURVE('',#1605,#1606,#1888,.T.);
#1180=EDGE_CURVE('',#1606,#1607,#1889,.T.);
#1181=EDGE_CURVE('',#1608,#1607,#1890,.T.);
#1182=EDGE_CURVE('',#1608,#1605,#1891,.F.);
#1183=EDGE_CURVE('',#1607,#1609,#1892,.T.);
#1184=EDGE_CURVE('',#1610,#1609,#1893,.T.);
#1185=EDGE_CURVE('',#1610,#1608,#1894,.F.);
#1186=EDGE_CURVE('',#1609,#1611,#1895,.F.);
#1187=EDGE_CURVE('',#1612,#1611,#1896,.T.);
#1188=EDGE_CURVE('',#1612,#1610,#1897,.T.);
#1189=EDGE_CURVE('',#1611,#1606,#1898,.F.);
#1190=EDGE_CURVE('',#1605,#1612,#1899,.T.);
#1191=EDGE_CURVE('',#1583,#1613,#1900,.T.);
#1192=EDGE_CURVE('',#1614,#1613,#1901,.T.);
#1193=EDGE_CURVE('',#1614,#1584,#1902,.F.);
#1194=EDGE_CURVE('',#1615,#1616,#1903,.T.);
#1195=EDGE_CURVE('',#1615,#1532,#1904,.F.);
#1196=EDGE_CURVE('',#1533,#1616,#1905,.T.);
#1197=EDGE_CURVE('',#1536,#1617,#1906,.T.);
#1198=EDGE_CURVE('',#1617,#1618,#1907,.T.);
#1199=EDGE_CURVE('',#1537,#1618,#1908,.T.);
#1200=EDGE_CURVE('',#1547,#1619,#1909,.T.);
#1201=EDGE_CURVE('',#1620,#1619,#1910,.T.);
#1202=EDGE_CURVE('',#1548,#1620,#1911,.T.);
#1203=EDGE_CURVE('',#1621,#1622,#1912,.T.);
#1204=EDGE_CURVE('',#1622,#1623,#1913,.T.);
#1205=EDGE_CURVE('',#1624,#1623,#1914,.T.);
#1206=EDGE_CURVE('',#1551,#1624,#1915,.T.);
#1207=EDGE_CURVE('',#1550,#1625,#1916,.T.);
#1208=EDGE_CURVE('',#1625,#1626,#1917,.F.);
#1209=EDGE_CURVE('',#1626,#1621,#1918,.F.);
#1210=EDGE_CURVE('',#1627,#1628,#1919,.F.);
#1211=EDGE_CURVE('',#1628,#1629,#1920,.T.);
#1212=EDGE_CURVE('',#1629,#1630,#1921,.F.);
#1213=EDGE_CURVE('',#1630,#1627,#1922,.F.);
#1214=EDGE_CURVE('',#1631,#1632,#1923,.T.);
#1215=EDGE_CURVE('',#1632,#1633,#1924,.F.);
#1216=EDGE_CURVE('',#1634,#1633,#1925,.T.);
#1217=EDGE_CURVE('',#1634,#1635,#1926,.F.);
#1218=EDGE_CURVE('',#1635,#1636,#1927,.F.);
#1219=EDGE_CURVE('',#1636,#1631,#1928,.T.);
#1220=EDGE_CURVE('',#1637,#1638,#1929,.T.);
#1221=EDGE_CURVE('',#1637,#1512,#1930,.T.);
#1222=EDGE_CURVE('',#1552,#1639,#1931,.T.);
#1223=EDGE_CURVE('',#1640,#1639,#1932,.T.);
#1224=EDGE_CURVE('',#1618,#1640,#1933,.T.);
#1225=EDGE_CURVE('',#1617,#1641,#100,.T.);
#1226=EDGE_CURVE('',#1642,#1641,#1934,.T.);
#1227=EDGE_CURVE('',#1642,#1615,#101,.T.);
#1228=EDGE_CURVE('',#1643,#1616,#1935,.T.);
#1229=EDGE_CURVE('',#1643,#1644,#1936,.T.);
#1230=EDGE_CURVE('',#1644,#1645,#1937,.T.);
#1231=EDGE_CURVE('',#1520,#1645,#1938,.T.);
#1232=EDGE_CURVE('',#1638,#1519,#1939,.T.);
#1233=EDGE_CURVE('',#1639,#1646,#1940,.T.);
#1234=EDGE_CURVE('',#1647,#1646,#1941,.T.);
#1235=EDGE_CURVE('',#1640,#1647,#1942,.T.);
#1236=EDGE_CURVE('',#1646,#1648,#1943,.T.);
#1237=EDGE_CURVE('',#1649,#1648,#1944,.T.);
#1238=EDGE_CURVE('',#1647,#1649,#1945,.T.);
#1239=EDGE_CURVE('',#1644,#1648,#1946,.T.);
#1240=EDGE_CURVE('',#1643,#1649,#1947,.T.);
#1241=EDGE_CURVE('',#1650,#1592,#1948,.T.);
#1242=EDGE_CURVE('',#1650,#1540,#1949,.T.);
#1243=EDGE_CURVE('',#1645,#1624,#1950,.T.);
#1244=EDGE_CURVE('',#1623,#1651,#102,.T.);
#1245=EDGE_CURVE('',#1651,#1620,#1951,.T.);
#1246=EDGE_CURVE('',#1619,#1593,#103,.T.);
#1247=EDGE_CURVE('',#1652,#1652,#104,.T.);
#1248=EDGE_CURVE('',#1653,#1653,#105,.T.);
#1249=EDGE_CURVE('',#1654,#1654,#106,.T.);
#1250=EDGE_CURVE('',#1655,#1655,#107,.T.);
#1251=EDGE_CURVE('',#1651,#1549,#1952,.F.);
#1252=EDGE_CURVE('',#1656,#1657,#1953,.T.);
#1253=EDGE_CURVE('',#1657,#1658,#1954,.F.);
#1254=EDGE_CURVE('',#1659,#1658,#1955,.T.);
#1255=EDGE_CURVE('',#1659,#1660,#1956,.T.);
#1256=EDGE_CURVE('',#1661,#1660,#1957,.T.);
#1257=EDGE_CURVE('',#1661,#1662,#1958,.T.);
#1258=EDGE_CURVE('',#1662,#1663,#1959,.T.);
#1259=EDGE_CURVE('',#1663,#1656,#1960,.T.);
#1260=EDGE_CURVE('',#1664,#1660,#1961,.T.);
#1261=EDGE_CURVE('',#1665,#1664,#1962,.T.);
#1262=EDGE_CURVE('',#1665,#1661,#1963,.T.);
#1263=EDGE_CURVE('',#1666,#1664,#108,.T.);
#1264=EDGE_CURVE('',#1667,#1666,#1964,.T.);
#1265=EDGE_CURVE('',#1667,#1665,#109,.T.);
#1266=EDGE_CURVE('',#1587,#1668,#110,.F.);
#1267=EDGE_CURVE('',#1669,#1668,#1965,.T.);
#1268=EDGE_CURVE('',#1669,#1670,#1966,.T.);
#1269=EDGE_CURVE('',#1670,#1671,#1967,.T.);
#1270=EDGE_CURVE('',#1671,#1598,#111,.F.);
#1271=EDGE_CURVE('',#1599,#1672,#112,.F.);
#1272=EDGE_CURVE('',#1673,#1672,#1968,.T.);
#1273=EDGE_CURVE('',#1674,#1673,#1969,.T.);
#1274=EDGE_CURVE('',#1675,#1674,#1970,.T.);
#1275=EDGE_CURVE('',#1667,#1675,#1971,.T.);
#1276=EDGE_CURVE('',#1659,#1666,#1972,.T.);
#1277=EDGE_CURVE('',#1658,#1588,#113,.F.);
#1278=EDGE_CURVE('',#1676,#1674,#114,.T.);
#1279=EDGE_CURVE('',#1677,#1676,#1973,.T.);
#1280=EDGE_CURVE('',#1677,#1675,#115,.T.);
#1281=EDGE_CURVE('',#1678,#1676,#1974,.T.);
#1282=EDGE_CURVE('',#1679,#1678,#1975,.T.);
#1283=EDGE_CURVE('',#1679,#1677,#1976,.T.);
#1284=EDGE_CURVE('',#1680,#1681,#1977,.T.);
#1285=EDGE_CURVE('',#1681,#1682,#1978,.F.);
#1286=EDGE_CURVE('',#1683,#1682,#1979,.T.);
#1287=EDGE_CURVE('',#1684,#1683,#1980,.T.);
#1288=EDGE_CURVE('',#1685,#1684,#1981,.T.);
#1289=EDGE_CURVE('',#1679,#1685,#1982,.T.);
#1290=EDGE_CURVE('',#1673,#1678,#1983,.T.);
#1291=EDGE_CURVE('',#1672,#1686,#1984,.F.);
#1292=EDGE_CURVE('',#1687,#1686,#1985,.T.);
#1293=EDGE_CURVE('',#1687,#1680,#1986,.T.);
#1294=EDGE_CURVE('',#1684,#1688,#1987,.T.);
#1295=EDGE_CURVE('',#1689,#1688,#1988,.T.);
#1296=EDGE_CURVE('',#1685,#1689,#1989,.T.);
#1297=EDGE_CURVE('',#1690,#1688,#116,.T.);
#1298=EDGE_CURVE('',#1691,#1690,#1990,.T.);
#1299=EDGE_CURVE('',#1691,#1689,#117,.T.);
#1300=EDGE_CURVE('',#1690,#1692,#1991,.T.);
#1301=EDGE_CURVE('',#1693,#1692,#1992,.T.);
#1302=EDGE_CURVE('',#1691,#1693,#1993,.T.);
#1303=EDGE_CURVE('',#1682,#1596,#118,.T.);
#1304=EDGE_CURVE('',#1595,#1657,#119,.T.);
#1305=EDGE_CURVE('',#1656,#1694,#1994,.T.);
#1306=EDGE_CURVE('',#1695,#1694,#1995,.T.);
#1307=EDGE_CURVE('',#1695,#1693,#1996,.T.);
#1308=EDGE_CURVE('',#1692,#1683,#1997,.T.);
#1309=EDGE_CURVE('',#1696,#1694,#1998,.T.);
#1310=EDGE_CURVE('',#1697,#1696,#1999,.T.);
#1311=EDGE_CURVE('',#1697,#1695,#2000,.T.);
#1312=EDGE_CURVE('',#1698,#1696,#120,.T.);
#1313=EDGE_CURVE('',#1699,#1698,#2001,.T.);
#1314=EDGE_CURVE('',#1699,#1697,#121,.T.);
#1315=EDGE_CURVE('',#1698,#1663,#2002,.T.);
#1316=EDGE_CURVE('',#1699,#1662,#2003,.T.);
#1317=EDGE_CURVE('',#1700,#1700,#122,.T.);
#1318=EDGE_CURVE('',#1701,#1701,#123,.T.);
#1319=EDGE_CURVE('',#1702,#1702,#124,.T.);
#1320=EDGE_CURVE('',#1703,#1703,#125,.T.);
#1321=EDGE_CURVE('',#1704,#1704,#126,.T.);
#1322=EDGE_CURVE('',#1705,#1705,#127,.T.);
#1323=EDGE_CURVE('',#1706,#1706,#128,.T.);
#1324=EDGE_CURVE('',#1707,#1707,#129,.T.);
#1325=EDGE_CURVE('',#1641,#1535,#2004,.F.);
#1326=EDGE_CURVE('',#1534,#1642,#2005,.T.);
#1327=EDGE_CURVE('',#1708,#1507,#2006,.T.);
#1328=EDGE_CURVE('',#1708,#1709,#2007,.T.);
#1329=EDGE_CURVE('',#1709,#1710,#2008,.T.);
#1330=EDGE_CURVE('',#1710,#1711,#2009,.T.);
#1331=EDGE_CURVE('',#1712,#1711,#2010,.T.);
#1332=EDGE_CURVE('',#1712,#1713,#2011,.T.);
#1333=EDGE_CURVE('',#1713,#1714,#2012,.T.);
#1334=EDGE_CURVE('',#1714,#1715,#2013,.T.);
#1335=EDGE_CURVE('',#1716,#1715,#2014,.T.);
#1336=EDGE_CURVE('',#1716,#1717,#2015,.T.);
#1337=EDGE_CURVE('',#1717,#1508,#2016,.T.);
#1338=EDGE_CURVE('',#1718,#1711,#2017,.T.);
#1339=EDGE_CURVE('',#1719,#1718,#2018,.T.);
#1340=EDGE_CURVE('',#1719,#1712,#2019,.T.);
#1341=EDGE_CURVE('',#1720,#1718,#130,.T.);
#1342=EDGE_CURVE('',#1721,#1720,#2020,.T.);
#1343=EDGE_CURVE('',#1721,#1719,#131,.T.);
#1344=EDGE_CURVE('',#1720,#1710,#2021,.T.);
#1345=EDGE_CURVE('',#1721,#1709,#2022,.T.);
#1346=EDGE_CURVE('',#1722,#1510,#2023,.T.);
#1347=EDGE_CURVE('',#1722,#1708,#2024,.T.);
#1348=EDGE_CURVE('',#1723,#1509,#2025,.T.);
#1349=EDGE_CURVE('',#1722,#1723,#2026,.T.);
#1350=EDGE_CURVE('',#1723,#1717,#2027,.T.);
#1351=EDGE_CURVE('',#1724,#1715,#2028,.T.);
#1352=EDGE_CURVE('',#1725,#1724,#2029,.T.);
#1353=EDGE_CURVE('',#1725,#1716,#2030,.T.);
#1354=EDGE_CURVE('',#1726,#1724,#132,.T.);
#1355=EDGE_CURVE('',#1727,#1726,#2031,.T.);
#1356=EDGE_CURVE('',#1727,#1725,#133,.T.);
#1357=EDGE_CURVE('',#1726,#1714,#2032,.T.);
#1358=EDGE_CURVE('',#1727,#1713,#2033,.T.);
#1359=EDGE_CURVE('',#1728,#1728,#134,.T.);
#1360=EDGE_CURVE('',#1729,#1729,#135,.T.);
#1361=EDGE_CURVE('',#1730,#1730,#136,.T.);
#1362=EDGE_CURVE('',#1731,#1731,#137,.T.);
#1363=EDGE_CURVE('',#1600,#1732,#138,.T.);
#1364=EDGE_CURVE('',#1732,#1733,#2034,.T.);
#1365=EDGE_CURVE('',#1733,#1734,#2035,.T.);
#1366=EDGE_CURVE('',#1734,#1601,#139,.T.);
#1367=EDGE_CURVE('',#1735,#1590,#2036,.T.);
#1368=EDGE_CURVE('',#1590,#1736,#2037,.T.);
#1369=EDGE_CURVE('',#1737,#1736,#2038,.T.);
#1370=EDGE_CURVE('',#1735,#1737,#2039,.T.);
#1371=EDGE_CURVE('',#1591,#1738,#2040,.F.);
#1372=EDGE_CURVE('',#1739,#1738,#2041,.T.);
#1373=EDGE_CURVE('',#1739,#1740,#2042,.T.);
#1374=EDGE_CURVE('',#1741,#1740,#2043,.T.);
#1375=EDGE_CURVE('',#1741,#1737,#2044,.T.);
#1376=EDGE_CURVE('',#1736,#1589,#2045,.T.);
#1377=EDGE_CURVE('',#1742,#1740,#2046,.T.);
#1378=EDGE_CURVE('',#1743,#1742,#2047,.T.);
#1379=EDGE_CURVE('',#1743,#1741,#2048,.T.);
#1380=EDGE_CURVE('',#1744,#1742,#140,.T.);
#1381=EDGE_CURVE('',#1745,#1744,#2049,.T.);
#1382=EDGE_CURVE('',#1745,#1743,#141,.T.);
#1383=EDGE_CURVE('',#1744,#1746,#2050,.T.);
#1384=EDGE_CURVE('',#1747,#1746,#2051,.T.);
#1385=EDGE_CURVE('',#1745,#1747,#2052,.T.);
#1386=EDGE_CURVE('',#1613,#1748,#142,.F.);
#1387=EDGE_CURVE('',#1749,#1748,#2053,.T.);
#1388=EDGE_CURVE('',#1750,#1749,#2054,.T.);
#1389=EDGE_CURVE('',#1751,#1750,#2055,.T.);
#1390=EDGE_CURVE('',#1747,#1751,#2056,.T.);
#1391=EDGE_CURVE('',#1739,#1746,#2057,.T.);
#1392=EDGE_CURVE('',#1738,#1614,#143,.F.);
#1393=EDGE_CURVE('',#1752,#1750,#2058,.T.);
#1394=EDGE_CURVE('',#1753,#1752,#2059,.T.);
#1395=EDGE_CURVE('',#1753,#1751,#2060,.T.);
#1396=EDGE_CURVE('',#1754,#1752,#144,.T.);
#1397=EDGE_CURVE('',#1755,#1754,#2061,.T.);
#1398=EDGE_CURVE('',#1755,#1753,#145,.T.);
#1399=EDGE_CURVE('',#1754,#1756,#2062,.T.);
#1400=EDGE_CURVE('',#1757,#1756,#2063,.T.);
#1401=EDGE_CURVE('',#1755,#1757,#2064,.T.);
#1402=EDGE_CURVE('',#1748,#1734,#2065,.F.);
#1403=EDGE_CURVE('',#1758,#1733,#2066,.T.);
#1404=EDGE_CURVE('',#1759,#1758,#2067,.T.);
#1405=EDGE_CURVE('',#1757,#1759,#2068,.T.);
#1406=EDGE_CURVE('',#1749,#1756,#2069,.T.);
#1407=EDGE_CURVE('',#1758,#1732,#2070,.T.);
#1408=EDGE_CURVE('',#1760,#1732,#2071,.T.);
#1409=EDGE_CURVE('',#1759,#1760,#2072,.T.);
#1410=EDGE_CURVE('',#1760,#1670,#2073,.T.);
#1411=EDGE_CURVE('',#1735,#1669,#2074,.T.);
#1412=EDGE_CURVE('',#1761,#1761,#146,.T.);
#1413=EDGE_CURVE('',#1762,#1762,#147,.T.);
#1414=EDGE_CURVE('',#1763,#1763,#148,.T.);
#1415=EDGE_CURVE('',#1764,#1764,#149,.T.);
#1416=EDGE_CURVE('',#1680,#1633,#2075,.T.);
#1417=EDGE_CURVE('',#1633,#1681,#150,.T.);
#1418=EDGE_CURVE('',#1686,#1634,#151,.F.);
#1419=EDGE_CURVE('',#1687,#1634,#2076,.T.);
#1420=EDGE_CURVE('',#1765,#1766,#2077,.F.);
#1421=EDGE_CURVE('',#1766,#1767,#2078,.F.);
#1422=EDGE_CURVE('',#1767,#1768,#2079,.T.);
#1423=EDGE_CURVE('',#1768,#1765,#2080,.T.);
#1424=EDGE_CURVE('',#1515,#1769,#152,.T.);
#1425=EDGE_CURVE('',#1580,#1769,#2081,.T.);
#1426=EDGE_CURVE('',#1579,#1770,#2082,.T.);
#1427=EDGE_CURVE('',#1770,#1516,#153,.T.);
#1428=EDGE_CURVE('',#1769,#1573,#2083,.F.);
#1429=EDGE_CURVE('',#1577,#1554,#2084,.T.);
#1430=EDGE_CURVE('',#1557,#1771,#154,.F.);
#1431=EDGE_CURVE('',#1578,#1771,#2085,.T.);
#1432=EDGE_CURVE('',#1771,#1770,#2086,.F.);
#1433=EDGE_CURVE('',#1772,#1773,#2087,.T.);
#1434=EDGE_CURVE('',#1774,#1772,#2088,.T.);
#1435=EDGE_CURVE('',#1774,#1775,#155,.T.);
#1436=EDGE_CURVE('',#1776,#1775,#2089,.T.);
#1437=EDGE_CURVE('',#1776,#1559,#156,.F.);
#1438=EDGE_CURVE('',#1581,#1575,#2090,.T.);
#1439=EDGE_CURVE('',#1602,#1567,#157,.F.);
#1440=EDGE_CURVE('',#1773,#1566,#2091,.T.);
#1441=EDGE_CURVE('',#1777,#1565,#2092,.T.);
#1442=EDGE_CURVE('',#1773,#1777,#2093,.T.);
#1443=EDGE_CURVE('',#1778,#1778,#158,.T.);
#1444=EDGE_CURVE('',#1779,#1779,#159,.T.);
#1445=EDGE_CURVE('',#1772,#1780,#2094,.T.);
#1446=EDGE_CURVE('',#1780,#1777,#2095,.T.);
#1447=EDGE_CURVE('',#1781,#1781,#160,.T.);
#1448=EDGE_CURVE('',#1782,#1782,#161,.T.);
#1449=EDGE_CURVE('',#1597,#1632,#162,.T.);
#1450=EDGE_CURVE('',#1594,#1622,#163,.T.);
#1451=EDGE_CURVE('',#1625,#1597,#164,.T.);
#1452=EDGE_CURVE('',#1594,#1629,#165,.F.);
#1453=EDGE_CURVE('',#1629,#1622,#166,.F.);
#1454=EDGE_CURVE('',#1625,#1632,#167,.F.);
#1455=EDGE_CURVE('',#1630,#1621,#168,.T.);
#1456=EDGE_CURVE('',#1584,#1628,#169,.T.);
#1457=EDGE_CURVE('',#1635,#1583,#170,.T.);
#1458=EDGE_CURVE('',#1626,#1631,#171,.T.);
#1459=EDGE_CURVE('',#1621,#1517,#172,.T.);
#1460=EDGE_CURVE('',#1514,#1626,#173,.T.);
#1461=EDGE_CURVE('',#1630,#1517,#174,.F.);
#1462=EDGE_CURVE('',#1562,#1628,#175,.F.);
#1463=EDGE_CURVE('',#1635,#1569,#176,.F.);
#1464=EDGE_CURVE('',#1514,#1631,#177,.F.);
#1465=EDGE_CURVE('',#1627,#1556,#178,.T.);
#1466=EDGE_CURVE('',#1563,#1627,#179,.T.);
#1467=EDGE_CURVE('',#1636,#1568,#180,.T.);
#1468=EDGE_CURVE('',#1604,#1636,#181,.T.);
#1469=EDGE_CURVE('',#1604,#1568,#182,.F.);
#1470=EDGE_CURVE('',#1783,#1780,#2096,.T.);
#1471=EDGE_CURVE('',#1783,#1774,#2097,.F.);
#1472=EDGE_CURVE('',#1528,#1609,#12,.T.);
#1473=EDGE_CURVE('',#1611,#1531,#13,.F.);
#1474=EDGE_CURVE('',#1606,#1530,#14,.F.);
#1475=EDGE_CURVE('',#1529,#1607,#15,.T.);
#1476=EDGE_CURVE('',#1765,#1610,#16,.F.);
#1477=EDGE_CURVE('',#1608,#1768,#17,.T.);
#1478=EDGE_CURVE('',#1605,#1767,#18,.T.);
#1479=EDGE_CURVE('',#1766,#1612,#19,.F.);
#1480=EDGE_CURVE('',#1732,#1671,#2098,.T.);
#1481=EDGE_CURVE('',#1668,#1590,#2099,.F.);
#1482=EDGE_CURVE('',#1582,#1576,#2100,.T.);
#1483=EDGE_CURVE('',#1560,#1784,#183,.T.);
#1484=EDGE_CURVE('',#1784,#1785,#2101,.T.);
#1485=EDGE_CURVE('',#1785,#1783,#184,.T.);
#1486=EDGE_CURVE('',#1775,#1785,#2102,.T.);
#1487=EDGE_CURVE('',#1784,#1776,#2103,.F.);
#1488=EDGE_CURVE('',#1541,#1786,#2104,.F.);
#1489=EDGE_CURVE('',#1787,#1786,#2105,.T.);
#1490=EDGE_CURVE('',#1787,#1542,#2106,.T.);
#1491=EDGE_CURVE('',#1544,#1787,#185,.F.);
#1492=EDGE_CURVE('',#1786,#1650,#186,.F.);
#1493=EDGE_CURVE('',#1788,#1524,#2107,.T.);
#1494=EDGE_CURVE('',#1788,#1538,#2108,.T.);
#1495=EDGE_CURVE('',#1789,#1523,#2109,.T.);
#1496=EDGE_CURVE('',#1788,#1789,#187,.T.);
#1497=EDGE_CURVE('',#1789,#1539,#2110,.T.);
#1498=EDGE_CURVE('',#1790,#1790,#188,.T.);
#1499=EDGE_CURVE('',#1791,#1637,#2111,.T.);
#1500=EDGE_CURVE('',#1791,#1511,#2112,.T.);
#1501=EDGE_CURVE('',#1792,#1518,#2113,.T.);
#1502=EDGE_CURVE('',#1792,#1638,#2114,.T.);
#1503=EDGE_CURVE('',#1792,#1791,#189,.T.);
#1504=EDGE_CURVE('',#1793,#1793,#190,.T.);
#1505=EDGE_CURVE('',#1794,#1794,#191,.T.);
#1506=EDGE_CURVE('',#1795,#1795,#192,.T.);
#1507=VERTEX_POINT('',#4341);
#1508=VERTEX_POINT('',#4342);
#1509=VERTEX_POINT('',#4344);
#1510=VERTEX_POINT('',#4346);
#1511=VERTEX_POINT('',#4349);
#1512=VERTEX_POINT('',#4350);
#1513=VERTEX_POINT('',#4352);
#1514=VERTEX_POINT('',#4354);
#1515=VERTEX_POINT('',#4356);
#1516=VERTEX_POINT('',#4358);
#1517=VERTEX_POINT('',#4360);
#1518=VERTEX_POINT('',#4363);
#1519=VERTEX_POINT('',#4365);
#1520=VERTEX_POINT('',#4367);
#1521=VERTEX_POINT('',#4369);
#1522=VERTEX_POINT('',#4371);
#1523=VERTEX_POINT('',#4373);
#1524=VERTEX_POINT('',#4375);
#1525=VERTEX_POINT('',#4377);
#1526=VERTEX_POINT('',#4379);
#1527=VERTEX_POINT('',#4381);
#1528=VERTEX_POINT('',#4385);
#1529=VERTEX_POINT('',#4386);
#1530=VERTEX_POINT('',#4388);
#1531=VERTEX_POINT('',#4390);
#1532=VERTEX_POINT('',#4393);
#1533=VERTEX_POINT('',#4394);
#1534=VERTEX_POINT('',#4396);
#1535=VERTEX_POINT('',#4398);
#1536=VERTEX_POINT('',#4400);
#1537=VERTEX_POINT('',#4402);
#1538=VERTEX_POINT('',#4405);
#1539=VERTEX_POINT('',#4406);
#1540=VERTEX_POINT('',#4409);
#1541=VERTEX_POINT('',#4411);
#1542=VERTEX_POINT('',#4413);
#1543=VERTEX_POINT('',#4415);
#1544=VERTEX_POINT('',#4420);
#1545=VERTEX_POINT('',#4422);
#1546=VERTEX_POINT('',#4424);
#1547=VERTEX_POINT('',#4426);
#1548=VERTEX_POINT('',#4428);
#1549=VERTEX_POINT('',#4430);
#1550=VERTEX_POINT('',#4432);
#1551=VERTEX_POINT('',#4434);
#1552=VERTEX_POINT('',#4436);
#1553=VERTEX_POINT('',#4440);
#1554=VERTEX_POINT('',#4441);
#1555=VERTEX_POINT('',#4443);
#1556=VERTEX_POINT('',#4445);
#1557=VERTEX_POINT('',#4447);
#1558=VERTEX_POINT('',#4451);
#1559=VERTEX_POINT('',#4452);
#1560=VERTEX_POINT('',#4454);
#1561=VERTEX_POINT('',#4456);
#1562=VERTEX_POINT('',#4458);
#1563=VERTEX_POINT('',#4460);
#1564=VERTEX_POINT('',#4462);
#1565=VERTEX_POINT('',#4464);
#1566=VERTEX_POINT('',#4466);
#1567=VERTEX_POINT('',#4468);
#1568=VERTEX_POINT('',#4470);
#1569=VERTEX_POINT('',#4472);
#1570=VERTEX_POINT('',#4476);
#1571=VERTEX_POINT('',#4477);
#1572=VERTEX_POINT('',#4479);
#1573=VERTEX_POINT('',#4481);
#1574=VERTEX_POINT('',#4483);
#1575=VERTEX_POINT('',#4487);
#1576=VERTEX_POINT('',#4489);
#1577=VERTEX_POINT('',#4491);
#1578=VERTEX_POINT('',#4493);
#1579=VERTEX_POINT('',#4495);
#1580=VERTEX_POINT('',#4497);
#1581=VERTEX_POINT('',#4501);
#1582=VERTEX_POINT('',#4502);
#1583=VERTEX_POINT('',#4505);
#1584=VERTEX_POINT('',#4507);
#1585=VERTEX_POINT('',#4512);
#1586=VERTEX_POINT('',#4513);
#1587=VERTEX_POINT('',#4515);
#1588=VERTEX_POINT('',#4517);
#1589=VERTEX_POINT('',#4521);
#1590=VERTEX_POINT('',#4522);
#1591=VERTEX_POINT('',#4525);
#1592=VERTEX_POINT('',#4532);
#1593=VERTEX_POINT('',#4534);
#1594=VERTEX_POINT('',#4536);
#1595=VERTEX_POINT('',#4538);
#1596=VERTEX_POINT('',#4540);
#1597=VERTEX_POINT('',#4542);
#1598=VERTEX_POINT('',#4546);
#1599=VERTEX_POINT('',#4547);
#1600=VERTEX_POINT('',#4549);
#1601=VERTEX_POINT('',#4551);
#1602=VERTEX_POINT('',#4555);
#1603=VERTEX_POINT('',#4556);
#1604=VERTEX_POINT('',#4559);
#1605=VERTEX_POINT('',#4563);
#1606=VERTEX_POINT('',#4564);
#1607=VERTEX_POINT('',#4566);
#1608=VERTEX_POINT('',#4568);
#1609=VERTEX_POINT('',#4572);
#1610=VERTEX_POINT('',#4574);
#1611=VERTEX_POINT('',#4578);
#1612=VERTEX_POINT('',#4580);
#1613=VERTEX_POINT('',#4587);
#1614=VERTEX_POINT('',#4589);
#1615=VERTEX_POINT('',#4593);
#1616=VERTEX_POINT('',#4594);
#1617=VERTEX_POINT('',#4599);
#1618=VERTEX_POINT('',#4601);
#1619=VERTEX_POINT('',#4605);
#1620=VERTEX_POINT('',#4607);
#1621=VERTEX_POINT('',#4611);
#1622=VERTEX_POINT('',#4612);
#1623=VERTEX_POINT('',#4614);
#1624=VERTEX_POINT('',#4616);
#1625=VERTEX_POINT('',#4619);
#1626=VERTEX_POINT('',#4621);
#1627=VERTEX_POINT('',#4625);
#1628=VERTEX_POINT('',#4626);
#1629=VERTEX_POINT('',#4628);
#1630=VERTEX_POINT('',#4630);
#1631=VERTEX_POINT('',#4634);
#1632=VERTEX_POINT('',#4635);
#1633=VERTEX_POINT('',#4637);
#1634=VERTEX_POINT('',#4639);
#1635=VERTEX_POINT('',#4641);
#1636=VERTEX_POINT('',#4643);
#1637=VERTEX_POINT('',#4647);
#1638=VERTEX_POINT('',#4648);
#1639=VERTEX_POINT('',#4651);
#1640=VERTEX_POINT('',#4653);
#1641=VERTEX_POINT('',#4656);
#1642=VERTEX_POINT('',#4658);
#1643=VERTEX_POINT('',#4661);
#1644=VERTEX_POINT('',#4663);
#1645=VERTEX_POINT('',#4665);
#1646=VERTEX_POINT('',#4670);
#1647=VERTEX_POINT('',#4672);
#1648=VERTEX_POINT('',#4676);
#1649=VERTEX_POINT('',#4678);
#1650=VERTEX_POINT('',#4686);
#1651=VERTEX_POINT('',#4690);
#1652=VERTEX_POINT('',#4695);
#1653=VERTEX_POINT('',#4697);
#1654=VERTEX_POINT('',#4700);
#1655=VERTEX_POINT('',#4704);
#1656=VERTEX_POINT('',#4710);
#1657=VERTEX_POINT('',#4711);
#1658=VERTEX_POINT('',#4713);
#1659=VERTEX_POINT('',#4715);
#1660=VERTEX_POINT('',#4717);
#1661=VERTEX_POINT('',#4719);
#1662=VERTEX_POINT('',#4721);
#1663=VERTEX_POINT('',#4723);
#1664=VERTEX_POINT('',#4727);
#1665=VERTEX_POINT('',#4729);
#1666=VERTEX_POINT('',#4733);
#1667=VERTEX_POINT('',#4735);
#1668=VERTEX_POINT('',#4739);
#1669=VERTEX_POINT('',#4741);
#1670=VERTEX_POINT('',#4743);
#1671=VERTEX_POINT('',#4745);
#1672=VERTEX_POINT('',#4748);
#1673=VERTEX_POINT('',#4750);
#1674=VERTEX_POINT('',#4752);
#1675=VERTEX_POINT('',#4754);
#1676=VERTEX_POINT('',#4760);
#1677=VERTEX_POINT('',#4762);
#1678=VERTEX_POINT('',#4766);
#1679=VERTEX_POINT('',#4768);
#1680=VERTEX_POINT('',#4772);
#1681=VERTEX_POINT('',#4773);
#1682=VERTEX_POINT('',#4775);
#1683=VERTEX_POINT('',#4777);
#1684=VERTEX_POINT('',#4779);
#1685=VERTEX_POINT('',#4781);
#1686=VERTEX_POINT('',#4785);
#1687=VERTEX_POINT('',#4787);
#1688=VERTEX_POINT('',#4791);
#1689=VERTEX_POINT('',#4793);
#1690=VERTEX_POINT('',#4797);
#1691=VERTEX_POINT('',#4799);
#1692=VERTEX_POINT('',#4803);
#1693=VERTEX_POINT('',#4805);
#1694=VERTEX_POINT('',#4811);
#1695=VERTEX_POINT('',#4813);
#1696=VERTEX_POINT('',#4818);
#1697=VERTEX_POINT('',#4820);
#1698=VERTEX_POINT('',#4824);
#1699=VERTEX_POINT('',#4826);
#1700=VERTEX_POINT('',#4834);
#1701=VERTEX_POINT('',#4837);
#1702=VERTEX_POINT('',#4840);
#1703=VERTEX_POINT('',#4843);
#1704=VERTEX_POINT('',#4846);
#1705=VERTEX_POINT('',#4850);
#1706=VERTEX_POINT('',#4854);
#1707=VERTEX_POINT('',#4858);
#1708=VERTEX_POINT('',#4867);
#1709=VERTEX_POINT('',#4869);
#1710=VERTEX_POINT('',#4871);
#1711=VERTEX_POINT('',#4873);
#1712=VERTEX_POINT('',#4875);
#1713=VERTEX_POINT('',#4877);
#1714=VERTEX_POINT('',#4879);
#1715=VERTEX_POINT('',#4881);
#1716=VERTEX_POINT('',#4883);
#1717=VERTEX_POINT('',#4885);
#1718=VERTEX_POINT('',#4889);
#1719=VERTEX_POINT('',#4891);
#1720=VERTEX_POINT('',#4895);
#1721=VERTEX_POINT('',#4897);
#1722=VERTEX_POINT('',#4904);
#1723=VERTEX_POINT('',#4908);
#1724=VERTEX_POINT('',#4914);
#1725=VERTEX_POINT('',#4916);
#1726=VERTEX_POINT('',#4920);
#1727=VERTEX_POINT('',#4922);
#1728=VERTEX_POINT('',#4930);
#1729=VERTEX_POINT('',#4933);
#1730=VERTEX_POINT('',#4936);
#1731=VERTEX_POINT('',#4940);
#1732=VERTEX_POINT('',#4944);
#1733=VERTEX_POINT('',#4946);
#1734=VERTEX_POINT('',#4948);
#1735=VERTEX_POINT('',#4952);
#1736=VERTEX_POINT('',#4954);
#1737=VERTEX_POINT('',#4956);
#1738=VERTEX_POINT('',#4960);
#1739=VERTEX_POINT('',#4962);
#1740=VERTEX_POINT('',#4964);
#1741=VERTEX_POINT('',#4966);
#1742=VERTEX_POINT('',#4971);
#1743=VERTEX_POINT('',#4973);
#1744=VERTEX_POINT('',#4977);
#1745=VERTEX_POINT('',#4979);
#1746=VERTEX_POINT('',#4983);
#1747=VERTEX_POINT('',#4985);
#1748=VERTEX_POINT('',#4989);
#1749=VERTEX_POINT('',#4991);
#1750=VERTEX_POINT('',#4993);
#1751=VERTEX_POINT('',#4995);
#1752=VERTEX_POINT('',#5001);
#1753=VERTEX_POINT('',#5003);
#1754=VERTEX_POINT('',#5007);
#1755=VERTEX_POINT('',#5009);
#1756=VERTEX_POINT('',#5013);
#1757=VERTEX_POINT('',#5015);
#1758=VERTEX_POINT('',#5020);
#1759=VERTEX_POINT('',#5022);
#1760=VERTEX_POINT('',#5028);
#1761=VERTEX_POINT('',#5035);
#1762=VERTEX_POINT('',#5038);
#1763=VERTEX_POINT('',#5043);
#1764=VERTEX_POINT('',#5047);
#1765=VERTEX_POINT('',#5058);
#1766=VERTEX_POINT('',#5059);
#1767=VERTEX_POINT('',#5061);
#1768=VERTEX_POINT('',#5063);
#1769=VERTEX_POINT('',#5066);
#1770=VERTEX_POINT('',#5069);
#1771=VERTEX_POINT('',#5076);
#1772=VERTEX_POINT('',#5082);
#1773=VERTEX_POINT('',#5083);
#1774=VERTEX_POINT('',#5085);
#1775=VERTEX_POINT('',#5087);
#1776=VERTEX_POINT('',#5089);
#1777=VERTEX_POINT('',#5096);
#1778=VERTEX_POINT('',#5100);
#1779=VERTEX_POINT('',#5102);
#1780=VERTEX_POINT('',#5104);
#1781=VERTEX_POINT('',#5108);
#1782=VERTEX_POINT('',#5112);
#1783=VERTEX_POINT('',#5157);
#1784=VERTEX_POINT('',#5184);
#1785=VERTEX_POINT('',#5186);
#1786=VERTEX_POINT('',#5196);
#1787=VERTEX_POINT('',#5198);
#1788=VERTEX_POINT('',#5207);
#1789=VERTEX_POINT('',#5211);
#1790=VERTEX_POINT('',#5217);
#1791=VERTEX_POINT('',#5220);
#1792=VERTEX_POINT('',#5224);
#1793=VERTEX_POINT('',#5230);
#1794=VERTEX_POINT('',#5233);
#1795=VERTEX_POINT('',#5237);
#1796=LINE('',#4340,#2115);
#1797=LINE('',#4343,#2116);
#1798=LINE('',#4345,#2117);
#1799=LINE('',#4347,#2118);
#1800=LINE('',#4348,#2119);
#1801=LINE('',#4353,#2120);
#1802=LINE('',#4355,#2121);
#1803=LINE('',#4357,#2122);
#1804=LINE('',#4359,#2123);
#1805=LINE('',#4361,#2124);
#1806=LINE('',#4364,#2125);
#1807=LINE('',#4366,#2126);
#1808=LINE('',#4368,#2127);
#1809=LINE('',#4370,#2128);
#1810=LINE('',#4372,#2129);
#1811=LINE('',#4376,#2130);
#1812=LINE('',#4378,#2131);
#1813=LINE('',#4380,#2132);
#1814=LINE('',#4382,#2133);
#1815=LINE('',#4384,#2134);
#1816=LINE('',#4387,#2135);
#1817=LINE('',#4389,#2136);
#1818=LINE('',#4391,#2137);
#1819=LINE('',#4392,#2138);
#1820=LINE('',#4397,#2139);
#1821=LINE('',#4401,#2140);
#1822=LINE('',#4403,#2141);
#1823=LINE('',#4404,#2142);
#1824=LINE('',#4407,#2143);
#1825=LINE('',#4408,#2144);
#1826=LINE('',#4412,#2145);
#1827=LINE('',#4416,#2146);
#1828=LINE('',#4417,#2147);
#1829=LINE('',#4419,#2148);
#1830=LINE('',#4421,#2149);
#1831=LINE('',#4423,#2150);
#1832=LINE('',#4427,#2151);
#1833=LINE('',#4429,#2152);
#1834=LINE('',#4433,#2153);
#1835=LINE('',#4435,#2154);
#1836=LINE('',#4437,#2155);
#1837=LINE('',#4439,#2156);
#1838=LINE('',#4442,#2157);
#1839=LINE('',#4444,#2158);
#1840=LINE('',#4446,#2159);
#1841=LINE('',#4448,#2160);
#1842=LINE('',#4450,#2161);
#1843=LINE('',#4453,#2162);
#1844=LINE('',#4455,#2163);
#1845=LINE('',#4457,#2164);
#1846=LINE('',#4459,#2165);
#1847=LINE('',#4461,#2166);
#1848=LINE('',#4463,#2167);
#1849=LINE('',#4465,#2168);
#1850=LINE('',#4467,#2169);
#1851=LINE('',#4469,#2170);
#1852=LINE('',#4471,#2171);
#1853=LINE('',#4473,#2172);
#1854=LINE('',#4475,#2173);
#1855=LINE('',#4478,#2174);
#1856=LINE('',#4480,#2175);
#1857=LINE('',#4484,#2176);
#1858=LINE('',#4486,#2177);
#1859=LINE('',#4488,#2178);
#1860=LINE('',#4490,#2179);
#1861=LINE('',#4492,#2180);
#1862=LINE('',#4494,#2181);
#1863=LINE('',#4496,#2182);
#1864=LINE('',#4498,#2183);
#1865=LINE('',#4500,#2184);
#1866=LINE('',#4506,#2185);
#1867=LINE('',#4511,#2186);
#1868=LINE('',#4514,#2187);
#1869=LINE('',#4516,#2188);
#1870=LINE('',#4518,#2189);
#1871=LINE('',#4520,#2190);
#1872=LINE('',#4526,#2191);
#1873=LINE('',#4531,#2192);
#1874=LINE('',#4533,#2193);
#1875=LINE('',#4535,#2194);
#1876=LINE('',#4537,#2195);
#1877=LINE('',#4539,#2196);
#1878=LINE('',#4541,#2197);
#1879=LINE('',#4543,#2198);
#1880=LINE('',#4545,#2199);
#1881=LINE('',#4548,#2200);
#1882=LINE('',#4550,#2201);
#1883=LINE('',#4552,#2202);
#1884=LINE('',#4554,#2203);
#1885=LINE('',#4557,#2204);
#1886=LINE('',#4558,#2205);
#1887=LINE('',#4560,#2206);
#1888=LINE('',#4562,#2207);
#1889=LINE('',#4565,#2208);
#1890=LINE('',#4567,#2209);
#1891=LINE('',#4569,#2210);
#1892=LINE('',#4571,#2211);
#1893=LINE('',#4573,#2212);
#1894=LINE('',#4575,#2213);
#1895=LINE('',#4577,#2214);
#1896=LINE('',#4579,#2215);
#1897=LINE('',#4581,#2216);
#1898=LINE('',#4583,#2217);
#1899=LINE('',#4584,#2218);
#1900=LINE('',#4586,#2219);
#1901=LINE('',#4588,#2220);
#1902=LINE('',#4590,#2221);
#1903=LINE('',#4592,#2222);
#1904=LINE('',#4595,#2223);
#1905=LINE('',#4596,#2224);
#1906=LINE('',#4598,#2225);
#1907=LINE('',#4600,#2226);
#1908=LINE('',#4602,#2227);
#1909=LINE('',#4604,#2228);
#1910=LINE('',#4606,#2229);
#1911=LINE('',#4608,#2230);
#1912=LINE('',#4610,#2231);
#1913=LINE('',#4613,#2232);
#1914=LINE('',#4615,#2233);
#1915=LINE('',#4617,#2234);
#1916=LINE('',#4618,#2235);
#1917=LINE('',#4620,#2236);
#1918=LINE('',#4622,#2237);
#1919=LINE('',#4624,#2238);
#1920=LINE('',#4627,#2239);
#1921=LINE('',#4629,#2240);
#1922=LINE('',#4631,#2241);
#1923=LINE('',#4633,#2242);
#1924=LINE('',#4636,#2243);
#1925=LINE('',#4638,#2244);
#1926=LINE('',#4640,#2245);
#1927=LINE('',#4642,#2246);
#1928=LINE('',#4644,#2247);
#1929=LINE('',#4646,#2248);
#1930=LINE('',#4649,#2249);
#1931=LINE('',#4650,#2250);
#1932=LINE('',#4652,#2251);
#1933=LINE('',#4654,#2252);
#1934=LINE('',#4657,#2253);
#1935=LINE('',#4660,#2254);
#1936=LINE('',#4662,#2255);
#1937=LINE('',#4664,#2256);
#1938=LINE('',#4666,#2257);
#1939=LINE('',#4667,#2258);
#1940=LINE('',#4669,#2259);
#1941=LINE('',#4671,#2260);
#1942=LINE('',#4673,#2261);
#1943=LINE('',#4675,#2262);
#1944=LINE('',#4677,#2263);
#1945=LINE('',#4679,#2264);
#1946=LINE('',#4681,#2265);
#1947=LINE('',#4682,#2266);
#1948=LINE('',#4685,#2267);
#1949=LINE('',#4687,#2268);
#1950=LINE('',#4688,#2269);
#1951=LINE('',#4691,#2270);
#1952=LINE('',#4707,#2271);
#1953=LINE('',#4709,#2272);
#1954=LINE('',#4712,#2273);
#1955=LINE('',#4714,#2274);
#1956=LINE('',#4716,#2275);
#1957=LINE('',#4718,#2276);
#1958=LINE('',#4720,#2277);
#1959=LINE('',#4722,#2278);
#1960=LINE('',#4724,#2279);
#1961=LINE('',#4726,#2280);
#1962=LINE('',#4728,#2281);
#1963=LINE('',#4730,#2282);
#1964=LINE('',#4734,#2283);
#1965=LINE('',#4740,#2284);
#1966=LINE('',#4742,#2285);
#1967=LINE('',#4744,#2286);
#1968=LINE('',#4749,#2287);
#1969=LINE('',#4751,#2288);
#1970=LINE('',#4753,#2289);
#1971=LINE('',#4755,#2290);
#1972=LINE('',#4756,#2291);
#1973=LINE('',#4761,#2292);
#1974=LINE('',#4765,#2293);
#1975=LINE('',#4767,#2294);
#1976=LINE('',#4769,#2295);
#1977=LINE('',#4771,#2296);
#1978=LINE('',#4774,#2297);
#1979=LINE('',#4776,#2298);
#1980=LINE('',#4778,#2299);
#1981=LINE('',#4780,#2300);
#1982=LINE('',#4782,#2301);
#1983=LINE('',#4783,#2302);
#1984=LINE('',#4784,#2303);
#1985=LINE('',#4786,#2304);
#1986=LINE('',#4788,#2305);
#1987=LINE('',#4790,#2306);
#1988=LINE('',#4792,#2307);
#1989=LINE('',#4794,#2308);
#1990=LINE('',#4798,#2309);
#1991=LINE('',#4802,#2310);
#1992=LINE('',#4804,#2311);
#1993=LINE('',#4806,#2312);
#1994=LINE('',#4810,#2313);
#1995=LINE('',#4812,#2314);
#1996=LINE('',#4814,#2315);
#1997=LINE('',#4815,#2316);
#1998=LINE('',#4817,#2317);
#1999=LINE('',#4819,#2318);
#2000=LINE('',#4821,#2319);
#2001=LINE('',#4825,#2320);
#2002=LINE('',#4829,#2321);
#2003=LINE('',#4830,#2322);
#2004=LINE('',#4861,#2323);
#2005=LINE('',#4862,#2324);
#2006=LINE('',#4866,#2325);
#2007=LINE('',#4868,#2326);
#2008=LINE('',#4870,#2327);
#2009=LINE('',#4872,#2328);
#2010=LINE('',#4874,#2329);
#2011=LINE('',#4876,#2330);
#2012=LINE('',#4878,#2331);
#2013=LINE('',#4880,#2332);
#2014=LINE('',#4882,#2333);
#2015=LINE('',#4884,#2334);
#2016=LINE('',#4886,#2335);
#2017=LINE('',#4888,#2336);
#2018=LINE('',#4890,#2337);
#2019=LINE('',#4892,#2338);
#2020=LINE('',#4896,#2339);
#2021=LINE('',#4900,#2340);
#2022=LINE('',#4901,#2341);
#2023=LINE('',#4903,#2342);
#2024=LINE('',#4905,#2343);
#2025=LINE('',#4907,#2344);
#2026=LINE('',#4909,#2345);
#2027=LINE('',#4911,#2346);
#2028=LINE('',#4913,#2347);
#2029=LINE('',#4915,#2348);
#2030=LINE('',#4917,#2349);
#2031=LINE('',#4921,#2350);
#2032=LINE('',#4925,#2351);
#2033=LINE('',#4926,#2352);
#2034=LINE('',#4945,#2353);
#2035=LINE('',#4947,#2354);
#2036=LINE('',#4951,#2355);
#2037=LINE('',#4953,#2356);
#2038=LINE('',#4955,#2357);
#2039=LINE('',#4957,#2358);
#2040=LINE('',#4959,#2359);
#2041=LINE('',#4961,#2360);
#2042=LINE('',#4963,#2361);
#2043=LINE('',#4965,#2362);
#2044=LINE('',#4967,#2363);
#2045=LINE('',#4968,#2364);
#2046=LINE('',#4970,#2365);
#2047=LINE('',#4972,#2366);
#2048=LINE('',#4974,#2367);
#2049=LINE('',#4978,#2368);
#2050=LINE('',#4982,#2369);
#2051=LINE('',#4984,#2370);
#2052=LINE('',#4986,#2371);
#2053=LINE('',#4990,#2372);
#2054=LINE('',#4992,#2373);
#2055=LINE('',#4994,#2374);
#2056=LINE('',#4996,#2375);
#2057=LINE('',#4997,#2376);
#2058=LINE('',#5000,#2377);
#2059=LINE('',#5002,#2378);
#2060=LINE('',#5004,#2379);
#2061=LINE('',#5008,#2380);
#2062=LINE('',#5012,#2381);
#2063=LINE('',#5014,#2382);
#2064=LINE('',#5016,#2383);
#2065=LINE('',#5018,#2384);
#2066=LINE('',#5019,#2385);
#2067=LINE('',#5021,#2386);
#2068=LINE('',#5023,#2387);
#2069=LINE('',#5024,#2388);
#2070=LINE('',#5026,#2389);
#2071=LINE('',#5027,#2390);
#2072=LINE('',#5029,#2391);
#2073=LINE('',#5031,#2392);
#2074=LINE('',#5032,#2393);
#2075=LINE('',#5050,#2394);
#2076=LINE('',#5054,#2395);
#2077=LINE('',#5057,#2396);
#2078=LINE('',#5060,#2397);
#2079=LINE('',#5062,#2398);
#2080=LINE('',#5064,#2399);
#2081=LINE('',#5067,#2400);
#2082=LINE('',#5068,#2401);
#2083=LINE('',#5072,#2402);
#2084=LINE('',#5074,#2403);
#2085=LINE('',#5077,#2404);
#2086=LINE('',#5079,#2405);
#2087=LINE('',#5081,#2406);
#2088=LINE('',#5084,#2407);
#2089=LINE('',#5088,#2408);
#2090=LINE('',#5091,#2409);
#2091=LINE('',#5093,#2410);
#2092=LINE('',#5095,#2411);
#2093=LINE('',#5097,#2412);
#2094=LINE('',#5103,#2413);
#2095=LINE('',#5105,#2414);
#2096=LINE('',#5156,#2415);
#2097=LINE('',#5158,#2416);
#2098=LINE('',#5176,#2417);
#2099=LINE('',#5178,#2418);
#2100=LINE('',#5182,#2419);
#2101=LINE('',#5185,#2420);
#2102=LINE('',#5189,#2421);
#2103=LINE('',#5190,#2422);
#2104=LINE('',#5195,#2423);
#2105=LINE('',#5197,#2424);
#2106=LINE('',#5199,#2425);
#2107=LINE('',#5206,#2426);
#2108=LINE('',#5208,#2427);
#2109=LINE('',#5210,#2428);
#2110=LINE('',#5214,#2429);
#2111=LINE('',#5219,#2430);
#2112=LINE('',#5221,#2431);
#2113=LINE('',#5223,#2432);
#2114=LINE('',#5225,#2433);
#2115=VECTOR('',#3437,1.);
#2116=VECTOR('',#3438,1.);
#2117=VECTOR('',#3439,1.);
#2118=VECTOR('',#3440,1.);
#2119=VECTOR('',#3441,1.);
#2120=VECTOR('',#3444,1.);
#2121=VECTOR('',#3445,1.);
#2122=VECTOR('',#3446,1.);
#2123=VECTOR('',#3447,1.);
#2124=VECTOR('',#3448,1.);
#2125=VECTOR('',#3451,1.);
#2126=VECTOR('',#3452,1.);
#2127=VECTOR('',#3453,1.);
#2128=VECTOR('',#3454,1.);
#2129=VECTOR('',#3455,1.);
#2130=VECTOR('',#3458,1.);
#2131=VECTOR('',#3459,1.);
#2132=VECTOR('',#3460,1.);
#2133=VECTOR('',#3461,1.);
#2134=VECTOR('',#3464,1.);
#2135=VECTOR('',#3465,1.);
#2136=VECTOR('',#3466,1.);
#2137=VECTOR('',#3467,1.);
#2138=VECTOR('',#3468,1.);
#2139=VECTOR('',#3471,1.);
#2140=VECTOR('',#3474,1.);
#2141=VECTOR('',#3475,1.);
#2142=VECTOR('',#3476,1.);
#2143=VECTOR('',#3477,1.);
#2144=VECTOR('',#3478,1.);
#2145=VECTOR('',#3481,1.);
#2146=VECTOR('',#3484,1.);
#2147=VECTOR('',#3485,1.);
#2148=VECTOR('',#3488,1.);
#2149=VECTOR('',#3489,1.);
#2150=VECTOR('',#3490,1.);
#2151=VECTOR('',#3493,1.);
#2152=VECTOR('',#3494,1.);
#2153=VECTOR('',#3497,1.);
#2154=VECTOR('',#3498,1.);
#2155=VECTOR('',#3499,1.);
#2156=VECTOR('',#3502,1.);
#2157=VECTOR('',#3503,1.);
#2158=VECTOR('',#3504,1.);
#2159=VECTOR('',#3505,1.);
#2160=VECTOR('',#3506,1.);
#2161=VECTOR('',#3509,1.);
#2162=VECTOR('',#3510,1.);
#2163=VECTOR('',#3511,1.);
#2164=VECTOR('',#3512,1.);
#2165=VECTOR('',#3513,1.);
#2166=VECTOR('',#3514,1.);
#2167=VECTOR('',#3515,1.);
#2168=VECTOR('',#3516,1.);
#2169=VECTOR('',#3517,1.);
#2170=VECTOR('',#3518,1.);
#2171=VECTOR('',#3519,1.);
#2172=VECTOR('',#3520,1.);
#2173=VECTOR('',#3523,1.);
#2174=VECTOR('',#3524,1.);
#2175=VECTOR('',#3525,1.);
#2176=VECTOR('',#3528,1.);
#2177=VECTOR('',#3531,1.);
#2178=VECTOR('',#3532,1.);
#2179=VECTOR('',#3533,1.);
#2180=VECTOR('',#3534,1.);
#2181=VECTOR('',#3535,1.);
#2182=VECTOR('',#3536,1.);
#2183=VECTOR('',#3537,1.);
#2184=VECTOR('',#3540,1.);
#2185=VECTOR('',#3545,1.);
#2186=VECTOR('',#3552,1.);
#2187=VECTOR('',#3553,1.);
#2188=VECTOR('',#3554,1.);
#2189=VECTOR('',#3555,1.);
#2190=VECTOR('',#3558,1.);
#2191=VECTOR('',#3563,1.);
#2192=VECTOR('',#3572,1.);
#2193=VECTOR('',#3573,1.);
#2194=VECTOR('',#3574,1.);
#2195=VECTOR('',#3575,1.);
#2196=VECTOR('',#3576,1.);
#2197=VECTOR('',#3577,1.);
#2198=VECTOR('',#3578,1.);
#2199=VECTOR('',#3581,1.);
#2200=VECTOR('',#3582,1.);
#2201=VECTOR('',#3583,1.);
#2202=VECTOR('',#3584,1.);
#2203=VECTOR('',#3587,1.);
#2204=VECTOR('',#3588,1.);
#2205=VECTOR('',#3589,1.);
#2206=VECTOR('',#3590,1.);
#2207=VECTOR('',#3593,1.);
#2208=VECTOR('',#3594,1.);
#2209=VECTOR('',#3595,1.);
#2210=VECTOR('',#3596,1.);
#2211=VECTOR('',#3599,1.);
#2212=VECTOR('',#3600,1.);
#2213=VECTOR('',#3601,1.);
#2214=VECTOR('',#3604,1.);
#2215=VECTOR('',#3605,1.);
#2216=VECTOR('',#3606,1.);
#2217=VECTOR('',#3609,1.);
#2218=VECTOR('',#3610,1.);
#2219=VECTOR('',#3613,1.);
#2220=VECTOR('',#3614,1.);
#2221=VECTOR('',#3615,1.);
#2222=VECTOR('',#3618,1.);
#2223=VECTOR('',#3619,1.);
#2224=VECTOR('',#3620,1.);
#2225=VECTOR('',#3623,1.);
#2226=VECTOR('',#3624,1.);
#2227=VECTOR('',#3625,1.);
#2228=VECTOR('',#3628,1.);
#2229=VECTOR('',#3629,1.);
#2230=VECTOR('',#3630,1.);
#2231=VECTOR('',#3633,1.);
#2232=VECTOR('',#3634,1.);
#2233=VECTOR('',#3635,1.);
#2234=VECTOR('',#3636,1.);
#2235=VECTOR('',#3637,1.);
#2236=VECTOR('',#3638,1.);
#2237=VECTOR('',#3639,1.);
#2238=VECTOR('',#3642,1.);
#2239=VECTOR('',#3643,1.);
#2240=VECTOR('',#3644,1.);
#2241=VECTOR('',#3645,1.);
#2242=VECTOR('',#3648,1.);
#2243=VECTOR('',#3649,1.);
#2244=VECTOR('',#3650,1.);
#2245=VECTOR('',#3651,1.);
#2246=VECTOR('',#3652,1.);
#2247=VECTOR('',#3653,1.);
#2248=VECTOR('',#3656,1.);
#2249=VECTOR('',#3657,1.);
#2250=VECTOR('',#3658,1.);
#2251=VECTOR('',#3659,1.);
#2252=VECTOR('',#3660,1.);
#2253=VECTOR('',#3663,1.);
#2254=VECTOR('',#3666,1.);
#2255=VECTOR('',#3667,1.);
#2256=VECTOR('',#3668,1.);
#2257=VECTOR('',#3669,1.);
#2258=VECTOR('',#3670,1.);
#2259=VECTOR('',#3673,1.);
#2260=VECTOR('',#3674,1.);
#2261=VECTOR('',#3675,1.);
#2262=VECTOR('',#3678,1.);
#2263=VECTOR('',#3679,1.);
#2264=VECTOR('',#3680,1.);
#2265=VECTOR('',#3683,1.);
#2266=VECTOR('',#3684,1.);
#2267=VECTOR('',#3689,1.);
#2268=VECTOR('',#3690,1.);
#2269=VECTOR('',#3691,1.);
#2270=VECTOR('',#3694,1.);
#2271=VECTOR('',#3717,1.);
#2272=VECTOR('',#3720,1.);
#2273=VECTOR('',#3721,1.);
#2274=VECTOR('',#3722,1.);
#2275=VECTOR('',#3723,1.);
#2276=VECTOR('',#3724,1.);
#2277=VECTOR('',#3725,1.);
#2278=VECTOR('',#3726,1.);
#2279=VECTOR('',#3727,1.);
#2280=VECTOR('',#3730,1.);
#2281=VECTOR('',#3731,1.);
#2282=VECTOR('',#3732,1.);
#2283=VECTOR('',#3737,1.);
#2284=VECTOR('',#3744,1.);
#2285=VECTOR('',#3745,1.);
#2286=VECTOR('',#3746,1.);
#2287=VECTOR('',#3751,1.);
#2288=VECTOR('',#3752,1.);
#2289=VECTOR('',#3753,1.);
#2290=VECTOR('',#3754,1.);
#2291=VECTOR('',#3755,1.);
#2292=VECTOR('',#3762,1.);
#2293=VECTOR('',#3767,1.);
#2294=VECTOR('',#3768,1.);
#2295=VECTOR('',#3769,1.);
#2296=VECTOR('',#3772,1.);
#2297=VECTOR('',#3773,1.);
#2298=VECTOR('',#3774,1.);
#2299=VECTOR('',#3775,1.);
#2300=VECTOR('',#3776,1.);
#2301=VECTOR('',#3777,1.);
#2302=VECTOR('',#3778,1.);
#2303=VECTOR('',#3779,1.);
#2304=VECTOR('',#3780,1.);
#2305=VECTOR('',#3781,1.);
#2306=VECTOR('',#3784,1.);
#2307=VECTOR('',#3785,1.);
#2308=VECTOR('',#3786,1.);
#2309=VECTOR('',#3791,1.);
#2310=VECTOR('',#3796,1.);
#2311=VECTOR('',#3797,1.);
#2312=VECTOR('',#3798,1.);
#2313=VECTOR('',#3805,1.);
#2314=VECTOR('',#3806,1.);
#2315=VECTOR('',#3807,1.);
#2316=VECTOR('',#3808,1.);
#2317=VECTOR('',#3811,1.);
#2318=VECTOR('',#3812,1.);
#2319=VECTOR('',#3813,1.);
#2320=VECTOR('',#3818,1.);
#2321=VECTOR('',#3823,1.);
#2322=VECTOR('',#3824,1.);
#2323=VECTOR('',#3869,1.);
#2324=VECTOR('',#3870,1.);
#2325=VECTOR('',#3877,1.);
#2326=VECTOR('',#3878,1.);
#2327=VECTOR('',#3879,1.);
#2328=VECTOR('',#3880,1.);
#2329=VECTOR('',#3881,1.);
#2330=VECTOR('',#3882,1.);
#2331=VECTOR('',#3883,1.);
#2332=VECTOR('',#3884,1.);
#2333=VECTOR('',#3885,1.);
#2334=VECTOR('',#3886,1.);
#2335=VECTOR('',#3887,1.);
#2336=VECTOR('',#3890,1.);
#2337=VECTOR('',#3891,1.);
#2338=VECTOR('',#3892,1.);
#2339=VECTOR('',#3897,1.);
#2340=VECTOR('',#3902,1.);
#2341=VECTOR('',#3903,1.);
#2342=VECTOR('',#3906,1.);
#2343=VECTOR('',#3907,1.);
#2344=VECTOR('',#3910,1.);
#2345=VECTOR('',#3911,1.);
#2346=VECTOR('',#3914,1.);
#2347=VECTOR('',#3917,1.);
#2348=VECTOR('',#3918,1.);
#2349=VECTOR('',#3919,1.);
#2350=VECTOR('',#3924,1.);
#2351=VECTOR('',#3929,1.);
#2352=VECTOR('',#3930,1.);
#2353=VECTOR('',#3957,1.);
#2354=VECTOR('',#3958,1.);
#2355=VECTOR('',#3963,1.);
#2356=VECTOR('',#3964,1.);
#2357=VECTOR('',#3965,1.);
#2358=VECTOR('',#3966,1.);
#2359=VECTOR('',#3969,1.);
#2360=VECTOR('',#3970,1.);
#2361=VECTOR('',#3971,1.);
#2362=VECTOR('',#3972,1.);
#2363=VECTOR('',#3973,1.);
#2364=VECTOR('',#3974,1.);
#2365=VECTOR('',#3977,1.);
#2366=VECTOR('',#3978,1.);
#2367=VECTOR('',#3979,1.);
#2368=VECTOR('',#3984,1.);
#2369=VECTOR('',#3989,1.);
#2370=VECTOR('',#3990,1.);
#2371=VECTOR('',#3991,1.);
#2372=VECTOR('',#3996,1.);
#2373=VECTOR('',#3997,1.);
#2374=VECTOR('',#3998,1.);
#2375=VECTOR('',#3999,1.);
#2376=VECTOR('',#4000,1.);
#2377=VECTOR('',#4005,1.);
#2378=VECTOR('',#4006,1.);
#2379=VECTOR('',#4007,1.);
#2380=VECTOR('',#4012,1.);
#2381=VECTOR('',#4017,1.);
#2382=VECTOR('',#4018,1.);
#2383=VECTOR('',#4019,1.);
#2384=VECTOR('',#4022,1.);
#2385=VECTOR('',#4023,1.);
#2386=VECTOR('',#4024,1.);
#2387=VECTOR('',#4025,1.);
#2388=VECTOR('',#4026,1.);
#2389=VECTOR('',#4029,1.);
#2390=VECTOR('',#4030,1.);
#2391=VECTOR('',#4031,1.);
#2392=VECTOR('',#4034,1.);
#2393=VECTOR('',#4035,1.);
#2394=VECTOR('',#4062,1.);
#2395=VECTOR('',#4069,1.);
#2396=VECTOR('',#4074,1.);
#2397=VECTOR('',#4075,1.);
#2398=VECTOR('',#4076,1.);
#2399=VECTOR('',#4077,1.);
#2400=VECTOR('',#4080,1.);
#2401=VECTOR('',#4081,1.);
#2402=VECTOR('',#4086,1.);
#2403=VECTOR('',#4089,1.);
#2404=VECTOR('',#4092,1.);
#2405=VECTOR('',#4095,1.);
#2406=VECTOR('',#4098,1.);
#2407=VECTOR('',#4099,1.);
#2408=VECTOR('',#4102,1.);
#2409=VECTOR('',#4105,1.);
#2410=VECTOR('',#4108,1.);
#2411=VECTOR('',#4111,1.);
#2412=VECTOR('',#4112,1.);
#2413=VECTOR('',#4119,1.);
#2414=VECTOR('',#4120,1.);
#2415=VECTOR('',#4217,1.);
#2416=VECTOR('',#4218,1.);
#2417=VECTOR('',#4253,1.);
#2418=VECTOR('',#4256,1.);
#2419=VECTOR('',#4263,1.);
#2420=VECTOR('',#4266,1.);
#2421=VECTOR('',#4271,1.);
#2422=VECTOR('',#4272,1.);
#2423=VECTOR('',#4281,1.);
#2424=VECTOR('',#4282,1.);
#2425=VECTOR('',#4283,1.);
#2426=VECTOR('',#4296,1.);
#2427=VECTOR('',#4297,1.);
#2428=VECTOR('',#4300,1.);
#2429=VECTOR('',#4305,1.);
#2430=VECTOR('',#4312,1.);
#2431=VECTOR('',#4313,1.);
#2432=VECTOR('',#4316,1.);
#2433=VECTOR('',#4317,1.);
#2434=EDGE_LOOP('',(#193,#194,#195,#196));
#2435=EDGE_LOOP('',(#197,#198,#199,#200,#201,#202,#203,#204,#205,#206,#207,
#208,#209,#210,#211,#212,#213,#214));
#2436=EDGE_LOOP('',(#215,#216,#217,#218));
#2437=EDGE_LOOP('',(#219,#220,#221,#222,#223,#224));
#2438=EDGE_LOOP('',(#225,#226,#227,#228,#229,#230,#231,#232,#233,#234));
#2439=EDGE_LOOP('',(#235,#236,#237,#238,#239,#240,#241,#242,#243,#244,#245,
#246));
#2440=EDGE_LOOP('',(#247,#248,#249,#250,#251));
#2441=EDGE_LOOP('',(#252,#253,#254,#255,#256,#257,#258,#259,#260,#261,#262,
#263));
#2442=EDGE_LOOP('',(#264,#265,#266,#267,#268));
#2443=EDGE_LOOP('',(#269,#270,#271,#272,#273,#274,#275,#276));
#2444=EDGE_LOOP('',(#277,#278,#279,#280,#281,#282,#283,#284));
#2445=EDGE_LOOP('',(#285,#286,#287,#288));
#2446=EDGE_LOOP('',(#289,#290,#291,#292,#293));
#2447=EDGE_LOOP('',(#294,#295,#296,#297));
#2448=EDGE_LOOP('',(#298,#299,#300,#301,#302,#303,#304,#305));
#2449=EDGE_LOOP('',(#306,#307,#308,#309));
#2450=EDGE_LOOP('',(#310,#311,#312,#313,#314));
#2451=EDGE_LOOP('',(#315,#316,#317,#318));
#2452=EDGE_LOOP('',(#319,#320,#321,#322));
#2453=EDGE_LOOP('',(#323,#324,#325,#326));
#2454=EDGE_LOOP('',(#327,#328,#329,#330));
#2455=EDGE_LOOP('',(#331,#332,#333,#334));
#2456=EDGE_LOOP('',(#335,#336,#337,#338));
#2457=EDGE_LOOP('',(#339,#340,#341,#342));
#2458=EDGE_LOOP('',(#343,#344,#345,#346));
#2459=EDGE_LOOP('',(#347,#348,#349,#350,#351,#352,#353,#354));
#2460=EDGE_LOOP('',(#355,#356,#357,#358));
#2461=EDGE_LOOP('',(#359,#360,#361,#362,#363,#364));
#2462=EDGE_LOOP('',(#365,#366,#367,#368,#369,#370,#371,#372,#373,#374,#375,
#376,#377,#378,#379,#380,#381,#382));
#2463=EDGE_LOOP('',(#383,#384,#385,#386));
#2464=EDGE_LOOP('',(#387,#388,#389,#390));
#2465=EDGE_LOOP('',(#391,#392,#393,#394));
#2466=EDGE_LOOP('',(#395,#396,#397,#398,#399,#400,#401,#402));
#2467=EDGE_LOOP('',(#403,#404,#405,#406,#407,#408,#409,#410,#411,#412,#413,
#414));
#2468=EDGE_LOOP('',(#415));
#2469=EDGE_LOOP('',(#416,#417,#418,#419,#420,#421,#422,#423));
#2470=EDGE_LOOP('',(#424));
#2471=EDGE_LOOP('',(#425));
#2472=EDGE_LOOP('',(#426));
#2473=EDGE_LOOP('',(#427));
#2474=EDGE_LOOP('',(#428));
#2475=EDGE_LOOP('',(#429));
#2476=EDGE_LOOP('',(#430));
#2477=EDGE_LOOP('',(#431,#432,#433,#434));
#2478=EDGE_LOOP('',(#435,#436,#437,#438,#439,#440,#441,#442));
#2479=EDGE_LOOP('',(#443,#444,#445,#446));
#2480=EDGE_LOOP('',(#447,#448,#449,#450));
#2481=EDGE_LOOP('',(#451,#452,#453,#454,#455,#456,#457,#458,#459,#460,#461,
#462,#463,#464,#465,#466));
#2482=EDGE_LOOP('',(#467,#468,#469,#470));
#2483=EDGE_LOOP('',(#471,#472,#473,#474));
#2484=EDGE_LOOP('',(#475,#476,#477,#478,#479,#480,#481,#482,#483,#484,#485,
#486));
#2485=EDGE_LOOP('',(#487,#488,#489,#490));
#2486=EDGE_LOOP('',(#491,#492,#493,#494));
#2487=EDGE_LOOP('',(#495,#496,#497,#498));
#2488=EDGE_LOOP('',(#499,#500,#501,#502,#503,#504,#505,#506,#507,#508));
#2489=EDGE_LOOP('',(#509,#510,#511,#512));
#2490=EDGE_LOOP('',(#513,#514,#515,#516));
#2491=EDGE_LOOP('',(#517,#518,#519,#520));
#2492=EDGE_LOOP('',(#521,#522,#523,#524,#525,#526,#527,#528,#529,#530,#531,
#532,#533,#534));
#2493=EDGE_LOOP('',(#535));
#2494=EDGE_LOOP('',(#536,#537,#538,#539,#540));
#2495=EDGE_LOOP('',(#541));
#2496=EDGE_LOOP('',(#542,#543,#544,#545,#546));
#2497=EDGE_LOOP('',(#547));
#2498=EDGE_LOOP('',(#548,#549,#550,#551));
#2499=EDGE_LOOP('',(#552));
#2500=EDGE_LOOP('',(#553,#554,#555,#556));
#2501=EDGE_LOOP('',(#557));
#2502=EDGE_LOOP('',(#558));
#2503=EDGE_LOOP('',(#559));
#2504=EDGE_LOOP('',(#560));
#2505=EDGE_LOOP('',(#561));
#2506=EDGE_LOOP('',(#562));
#2507=EDGE_LOOP('',(#563));
#2508=EDGE_LOOP('',(#564));
#2509=EDGE_LOOP('',(#565));
#2510=EDGE_LOOP('',(#566));
#2511=EDGE_LOOP('',(#567));
#2512=EDGE_LOOP('',(#568));
#2513=EDGE_LOOP('',(#569,#570,#571,#572));
#2514=EDGE_LOOP('',(#573,#574,#575,#576));
#2515=EDGE_LOOP('',(#577,#578,#579,#580));
#2516=EDGE_LOOP('',(#581,#582,#583,#584,#585,#586,#587,#588,#589,#590,#591,
#592));
#2517=EDGE_LOOP('',(#593,#594,#595,#596));
#2518=EDGE_LOOP('',(#597,#598,#599,#600));
#2519=EDGE_LOOP('',(#601,#602,#603,#604));
#2520=EDGE_LOOP('',(#605,#606,#607,#608));
#2521=EDGE_LOOP('',(#609,#610,#611,#612));
#2522=EDGE_LOOP('',(#613,#614,#615,#616));
#2523=EDGE_LOOP('',(#617,#618,#619,#620));
#2524=EDGE_LOOP('',(#621,#622,#623,#624));
#2525=EDGE_LOOP('',(#625,#626,#627,#628));
#2526=EDGE_LOOP('',(#629,#630,#631,#632,#633,#634,#635,#636,#637,#638,#639,
#640));
#2527=EDGE_LOOP('',(#641,#642,#643,#644));
#2528=EDGE_LOOP('',(#645));
#2529=EDGE_LOOP('',(#646));
#2530=EDGE_LOOP('',(#647,#648,#649,#650));
#2531=EDGE_LOOP('',(#651));
#2532=EDGE_LOOP('',(#652));
#2533=EDGE_LOOP('',(#653));
#2534=EDGE_LOOP('',(#654));
#2535=EDGE_LOOP('',(#655));
#2536=EDGE_LOOP('',(#656));
#2537=EDGE_LOOP('',(#657,#658,#659,#660,#661));
#2538=EDGE_LOOP('',(#662,#663,#664,#665));
#2539=EDGE_LOOP('',(#666,#667,#668,#669,#670,#671,#672,#673));
#2540=EDGE_LOOP('',(#674,#675,#676,#677));
#2541=EDGE_LOOP('',(#678,#679,#680,#681));
#2542=EDGE_LOOP('',(#682,#683,#684,#685));
#2543=EDGE_LOOP('',(#686,#687,#688,#689,#690,#691,#692,#693,#694,#695));
#2544=EDGE_LOOP('',(#696,#697,#698,#699));
#2545=EDGE_LOOP('',(#700,#701,#702,#703));
#2546=EDGE_LOOP('',(#704,#705,#706,#707));
#2547=EDGE_LOOP('',(#708,#709,#710,#711,#712,#713,#714,#715));
#2548=EDGE_LOOP('',(#716,#717,#718,#719));
#2549=EDGE_LOOP('',(#720,#721,#722,#723,#724,#725,#726,#727,#728,#729,#730,
#731,#732,#733));
#2550=EDGE_LOOP('',(#734));
#2551=EDGE_LOOP('',(#735,#736,#737,#738,#739));
#2552=EDGE_LOOP('',(#740,#741,#742,#743,#744));
#2553=EDGE_LOOP('',(#745));
#2554=EDGE_LOOP('',(#746,#747,#748));
#2555=EDGE_LOOP('',(#749,#750,#751));
#2556=EDGE_LOOP('',(#752));
#2557=EDGE_LOOP('',(#753));
#2558=EDGE_LOOP('',(#754));
#2559=EDGE_LOOP('',(#755));
#2560=EDGE_LOOP('',(#756));
#2561=EDGE_LOOP('',(#757));
#2562=EDGE_LOOP('',(#758,#759,#760));
#2563=EDGE_LOOP('',(#761,#762,#763));
#2564=EDGE_LOOP('',(#764,#765,#766,#767));
#2565=EDGE_LOOP('',(#768,#769,#770,#771));
#2566=EDGE_LOOP('',(#772,#773,#774,#775,#776,#777));
#2567=EDGE_LOOP('',(#778,#779,#780,#781));
#2568=EDGE_LOOP('',(#782,#783,#784,#785,#786));
#2569=EDGE_LOOP('',(#787,#788,#789,#790));
#2570=EDGE_LOOP('',(#791,#792,#793,#794,#795,#796,#797,#798,#799,#800,#801,
#802,#803,#804,#805));
#2571=EDGE_LOOP('',(#806,#807,#808,#809));
#2572=EDGE_LOOP('',(#810));
#2573=EDGE_LOOP('',(#811));
#2574=EDGE_LOOP('',(#812,#813,#814,#815));
#2575=EDGE_LOOP('',(#816));
#2576=EDGE_LOOP('',(#817));
#2577=EDGE_LOOP('',(#818));
#2578=EDGE_LOOP('',(#819));
#2579=EDGE_LOOP('',(#820));
#2580=EDGE_LOOP('',(#821));
#2581=EDGE_LOOP('',(#822,#823,#824,#825,#826,#827));
#2582=EDGE_LOOP('',(#828,#829,#830,#831,#832,#833,#834,#835,#836,#837,#838,
#839));
#2583=EDGE_LOOP('',(#840,#841,#842));
#2584=EDGE_LOOP('',(#843,#844,#845));
#2585=EDGE_LOOP('',(#846,#847,#848,#849));
#2586=EDGE_LOOP('',(#850,#851,#852,#853,#854,#855,#856,#857,#858,#859,#860,
#861));
#2587=EDGE_LOOP('',(#862,#863,#864,#865,#866,#867,#868,#869,#870,#871));
#2588=EDGE_LOOP('',(#872,#873,#874,#875));
#2589=EDGE_LOOP('',(#876,#877,#878,#879,#880));
#2590=EDGE_LOOP('',(#881,#882,#883));
#2591=EDGE_LOOP('',(#884,#885,#886));
#2592=EDGE_LOOP('',(#887,#888,#889));
#2593=EDGE_LOOP('',(#890,#891,#892));
#2594=EDGE_LOOP('',(#893,#894,#895,#896,#897,#898,#899,#900));
#2595=EDGE_LOOP('',(#901,#902,#903,#904));
#2596=EDGE_LOOP('',(#905,#906,#907,#908));
#2597=EDGE_LOOP('',(#909,#910,#911,#912,#913,#914,#915,#916));
#2598=EDGE_LOOP('',(#917,#918,#919));
#2599=EDGE_LOOP('',(#920,#921,#922));
#2600=EDGE_LOOP('',(#923,#924,#925,#926));
#2601=EDGE_LOOP('',(#927,#928,#929,#930));
#2602=EDGE_LOOP('',(#931,#932,#933,#934));
#2603=EDGE_LOOP('',(#935,#936,#937,#938));
#2604=EDGE_LOOP('',(#939,#940,#941,#942));
#2605=EDGE_LOOP('',(#943,#944,#945,#946));
#2606=EDGE_LOOP('',(#947,#948,#949,#950));
#2607=EDGE_LOOP('',(#951,#952,#953,#954));
#2608=EDGE_LOOP('',(#955,#956,#957,#958));
#2609=EDGE_LOOP('',(#959,#960,#961,#962));
#2610=EDGE_LOOP('',(#963,#964,#965,#966));
#2611=EDGE_LOOP('',(#967,#968,#969,#970));
#2612=EDGE_LOOP('',(#971,#972,#973,#974));
#2613=EDGE_LOOP('',(#975,#976,#977,#978));
#2614=EDGE_LOOP('',(#979,#980,#981,#982,#983,#984,#985,#986,#987,#988,#989,
#990,#991,#992,#993));
#2615=EDGE_LOOP('',(#994,#995,#996,#997));
#2616=EDGE_LOOP('',(#998,#999,#1000,#1001));
#2617=EDGE_LOOP('',(#1002,#1003,#1004,#1005));
#2618=EDGE_LOOP('',(#1006,#1007,#1008,#1009));
#2619=EDGE_LOOP('',(#1010,#1011,#1012,#1013));
#2620=EDGE_LOOP('',(#1014,#1015,#1016,#1017,#1018,#1019));
#2621=EDGE_LOOP('',(#1020,#1021,#1022,#1023));
#2622=EDGE_LOOP('',(#1024,#1025,#1026,#1027));
#2623=EDGE_LOOP('',(#1028,#1029,#1030,#1031));
#2624=EDGE_LOOP('',(#1032,#1033,#1034,#1035));
#2625=EDGE_LOOP('',(#1036,#1037,#1038,#1039));
#2626=EDGE_LOOP('',(#1040));
#2627=EDGE_LOOP('',(#1041,#1042,#1043,#1044));
#2628=EDGE_LOOP('',(#1045,#1046,#1047,#1048));
#2629=EDGE_LOOP('',(#1049,#1050,#1051,#1052));
#2630=EDGE_LOOP('',(#1053,#1054,#1055,#1056,#1057));
#2631=EDGE_LOOP('',(#1058,#1059,#1060,#1061));
#2632=EDGE_LOOP('',(#1062));
#2633=EDGE_LOOP('',(#1063));
#2634=EDGE_LOOP('',(#1064));
#2635=EDGE_LOOP('',(#1065));
#2636=EDGE_LOOP('',(#1066));
#2637=EDGE_LOOP('',(#1067));
#2638=EDGE_LOOP('',(#1068));
#2639=FACE_BOUND('',#2434,.T.);
#2640=FACE_BOUND('',#2435,.T.);
#2641=FACE_BOUND('',#2436,.T.);
#2642=FACE_BOUND('',#2437,.T.);
#2643=FACE_BOUND('',#2438,.T.);
#2644=FACE_BOUND('',#2439,.T.);
#2645=FACE_BOUND('',#2440,.T.);
#2646=FACE_BOUND('',#2441,.T.);
#2647=FACE_BOUND('',#2442,.T.);
#2648=FACE_BOUND('',#2443,.T.);
#2649=FACE_BOUND('',#2444,.T.);
#2650=FACE_BOUND('',#2445,.T.);
#2651=FACE_BOUND('',#2446,.T.);
#2652=FACE_BOUND('',#2447,.T.);
#2653=FACE_BOUND('',#2448,.T.);
#2654=FACE_BOUND('',#2449,.T.);
#2655=FACE_BOUND('',#2450,.T.);
#2656=FACE_BOUND('',#2451,.T.);
#2657=FACE_BOUND('',#2452,.T.);
#2658=FACE_BOUND('',#2453,.T.);
#2659=FACE_BOUND('',#2454,.T.);
#2660=FACE_BOUND('',#2455,.T.);
#2661=FACE_BOUND('',#2456,.T.);
#2662=FACE_BOUND('',#2457,.T.);
#2663=FACE_BOUND('',#2458,.T.);
#2664=FACE_BOUND('',#2459,.T.);
#2665=FACE_BOUND('',#2460,.T.);
#2666=FACE_BOUND('',#2461,.T.);
#2667=FACE_BOUND('',#2462,.T.);
#2668=FACE_BOUND('',#2463,.T.);
#2669=FACE_BOUND('',#2464,.T.);
#2670=FACE_BOUND('',#2465,.T.);
#2671=FACE_BOUND('',#2466,.T.);
#2672=FACE_BOUND('',#2467,.T.);
#2673=FACE_BOUND('',#2468,.T.);
#2674=FACE_BOUND('',#2469,.T.);
#2675=FACE_BOUND('',#2470,.T.);
#2676=FACE_BOUND('',#2471,.T.);
#2677=FACE_BOUND('',#2472,.T.);
#2678=FACE_BOUND('',#2473,.T.);
#2679=FACE_BOUND('',#2474,.T.);
#2680=FACE_BOUND('',#2475,.T.);
#2681=FACE_BOUND('',#2476,.T.);
#2682=FACE_BOUND('',#2477,.T.);
#2683=FACE_BOUND('',#2478,.T.);
#2684=FACE_BOUND('',#2479,.T.);
#2685=FACE_BOUND('',#2480,.T.);
#2686=FACE_BOUND('',#2481,.T.);
#2687=FACE_BOUND('',#2482,.T.);
#2688=FACE_BOUND('',#2483,.T.);
#2689=FACE_BOUND('',#2484,.T.);
#2690=FACE_BOUND('',#2485,.T.);
#2691=FACE_BOUND('',#2486,.T.);
#2692=FACE_BOUND('',#2487,.T.);
#2693=FACE_BOUND('',#2488,.T.);
#2694=FACE_BOUND('',#2489,.T.);
#2695=FACE_BOUND('',#2490,.T.);
#2696=FACE_BOUND('',#2491,.T.);
#2697=FACE_BOUND('',#2492,.T.);
#2698=FACE_BOUND('',#2493,.T.);
#2699=FACE_BOUND('',#2494,.T.);
#2700=FACE_BOUND('',#2495,.T.);
#2701=FACE_BOUND('',#2496,.T.);
#2702=FACE_BOUND('',#2497,.T.);
#2703=FACE_BOUND('',#2498,.T.);
#2704=FACE_BOUND('',#2499,.T.);
#2705=FACE_BOUND('',#2500,.T.);
#2706=FACE_BOUND('',#2501,.T.);
#2707=FACE_BOUND('',#2502,.T.);
#2708=FACE_BOUND('',#2503,.T.);
#2709=FACE_BOUND('',#2504,.T.);
#2710=FACE_BOUND('',#2505,.T.);
#2711=FACE_BOUND('',#2506,.T.);
#2712=FACE_BOUND('',#2507,.T.);
#2713=FACE_BOUND('',#2508,.T.);
#2714=FACE_BOUND('',#2509,.T.);
#2715=FACE_BOUND('',#2510,.T.);
#2716=FACE_BOUND('',#2511,.T.);
#2717=FACE_BOUND('',#2512,.T.);
#2718=FACE_BOUND('',#2513,.T.);
#2719=FACE_BOUND('',#2514,.T.);
#2720=FACE_BOUND('',#2515,.T.);
#2721=FACE_BOUND('',#2516,.T.);
#2722=FACE_BOUND('',#2517,.T.);
#2723=FACE_BOUND('',#2518,.T.);
#2724=FACE_BOUND('',#2519,.T.);
#2725=FACE_BOUND('',#2520,.T.);
#2726=FACE_BOUND('',#2521,.T.);
#2727=FACE_BOUND('',#2522,.T.);
#2728=FACE_BOUND('',#2523,.T.);
#2729=FACE_BOUND('',#2524,.T.);
#2730=FACE_BOUND('',#2525,.T.);
#2731=FACE_BOUND('',#2526,.T.);
#2732=FACE_BOUND('',#2527,.T.);
#2733=FACE_BOUND('',#2528,.T.);
#2734=FACE_BOUND('',#2529,.T.);
#2735=FACE_BOUND('',#2530,.T.);
#2736=FACE_BOUND('',#2531,.T.);
#2737=FACE_BOUND('',#2532,.T.);
#2738=FACE_BOUND('',#2533,.T.);
#2739=FACE_BOUND('',#2534,.T.);
#2740=FACE_BOUND('',#2535,.T.);
#2741=FACE_BOUND('',#2536,.T.);
#2742=FACE_BOUND('',#2537,.T.);
#2743=FACE_BOUND('',#2538,.T.);
#2744=FACE_BOUND('',#2539,.T.);
#2745=FACE_BOUND('',#2540,.T.);
#2746=FACE_BOUND('',#2541,.T.);
#2747=FACE_BOUND('',#2542,.T.);
#2748=FACE_BOUND('',#2543,.T.);
#2749=FACE_BOUND('',#2544,.T.);
#2750=FACE_BOUND('',#2545,.T.);
#2751=FACE_BOUND('',#2546,.T.);
#2752=FACE_BOUND('',#2547,.T.);
#2753=FACE_BOUND('',#2548,.T.);
#2754=FACE_BOUND('',#2549,.T.);
#2755=FACE_BOUND('',#2550,.T.);
#2756=FACE_BOUND('',#2551,.T.);
#2757=FACE_BOUND('',#2552,.T.);
#2758=FACE_BOUND('',#2553,.T.);
#2759=FACE_BOUND('',#2554,.T.);
#2760=FACE_BOUND('',#2555,.T.);
#2761=FACE_BOUND('',#2556,.T.);
#2762=FACE_BOUND('',#2557,.T.);
#2763=FACE_BOUND('',#2558,.T.);
#2764=FACE_BOUND('',#2559,.T.);
#2765=FACE_BOUND('',#2560,.T.);
#2766=FACE_BOUND('',#2561,.T.);
#2767=FACE_BOUND('',#2562,.T.);
#2768=FACE_BOUND('',#2563,.T.);
#2769=FACE_BOUND('',#2564,.T.);
#2770=FACE_BOUND('',#2565,.T.);
#2771=FACE_BOUND('',#2566,.T.);
#2772=FACE_BOUND('',#2567,.T.);
#2773=FACE_BOUND('',#2568,.T.);
#2774=FACE_BOUND('',#2569,.T.);
#2775=FACE_BOUND('',#2570,.T.);
#2776=FACE_BOUND('',#2571,.T.);
#2777=FACE_BOUND('',#2572,.T.);
#2778=FACE_BOUND('',#2573,.T.);
#2779=FACE_BOUND('',#2574,.T.);
#2780=FACE_BOUND('',#2575,.T.);
#2781=FACE_BOUND('',#2576,.T.);
#2782=FACE_BOUND('',#2577,.T.);
#2783=FACE_BOUND('',#2578,.T.);
#2784=FACE_BOUND('',#2579,.T.);
#2785=FACE_BOUND('',#2580,.T.);
#2786=FACE_BOUND('',#2581,.T.);
#2787=FACE_BOUND('',#2582,.T.);
#2788=FACE_BOUND('',#2583,.T.);
#2789=FACE_BOUND('',#2584,.T.);
#2790=FACE_BOUND('',#2585,.T.);
#2791=FACE_BOUND('',#2586,.T.);
#2792=FACE_BOUND('',#2587,.T.);
#2793=FACE_BOUND('',#2588,.T.);
#2794=FACE_BOUND('',#2589,.T.);
#2795=FACE_BOUND('',#2590,.T.);
#2796=FACE_BOUND('',#2591,.T.);
#2797=FACE_BOUND('',#2592,.T.);
#2798=FACE_BOUND('',#2593,.T.);
#2799=FACE_BOUND('',#2594,.T.);
#2800=FACE_BOUND('',#2595,.T.);
#2801=FACE_BOUND('',#2596,.T.);
#2802=FACE_BOUND('',#2597,.T.);
#2803=FACE_BOUND('',#2598,.T.);
#2804=FACE_BOUND('',#2599,.T.);
#2805=FACE_BOUND('',#2600,.T.);
#2806=FACE_BOUND('',#2601,.T.);
#2807=FACE_BOUND('',#2602,.T.);
#2808=FACE_BOUND('',#2603,.T.);
#2809=FACE_BOUND('',#2604,.T.);
#2810=FACE_BOUND('',#2605,.T.);
#2811=FACE_BOUND('',#2606,.T.);
#2812=FACE_BOUND('',#2607,.T.);
#2813=FACE_BOUND('',#2608,.T.);
#2814=FACE_BOUND('',#2609,.T.);
#2815=FACE_BOUND('',#2610,.T.);
#2816=FACE_BOUND('',#2611,.T.);
#2817=FACE_BOUND('',#2612,.T.);
#2818=FACE_BOUND('',#2613,.T.);
#2819=FACE_BOUND('',#2614,.T.);
#2820=FACE_BOUND('',#2615,.T.);
#2821=FACE_BOUND('',#2616,.T.);
#2822=FACE_BOUND('',#2617,.T.);
#2823=FACE_BOUND('',#2618,.T.);
#2824=FACE_BOUND('',#2619,.T.);
#2825=FACE_BOUND('',#2620,.T.);
#2826=FACE_BOUND('',#2621,.T.);
#2827=FACE_BOUND('',#2622,.T.);
#2828=FACE_BOUND('',#2623,.T.);
#2829=FACE_BOUND('',#2624,.T.);
#2830=FACE_BOUND('',#2625,.T.);
#2831=FACE_BOUND('',#2626,.T.);
#2832=FACE_BOUND('',#2627,.T.);
#2833=FACE_BOUND('',#2628,.T.);
#2834=FACE_BOUND('',#2629,.T.);
#2835=FACE_BOUND('',#2630,.T.);
#2836=FACE_BOUND('',#2631,.T.);
#2837=FACE_BOUND('',#2632,.T.);
#2838=FACE_BOUND('',#2633,.T.);
#2839=FACE_BOUND('',#2634,.T.);
#2840=FACE_BOUND('',#2635,.T.);
#2841=FACE_BOUND('',#2636,.T.);
#2842=FACE_BOUND('',#2637,.T.);
#2843=FACE_BOUND('',#2638,.T.);
#2844=PLANE('',#3141);
#2845=PLANE('',#3145);
#2846=PLANE('',#3150);
#2847=PLANE('',#3153);
#2848=PLANE('',#3154);
#2849=PLANE('',#3155);
#2850=PLANE('',#3157);
#2851=PLANE('',#3163);
#2852=PLANE('',#3164);
#2853=PLANE('',#3170);
#2854=PLANE('',#3171);
#2855=PLANE('',#3172);
#2856=PLANE('',#3173);
#2857=PLANE('',#3174);
#2858=PLANE('',#3175);
#2859=PLANE('',#3176);
#2860=PLANE('',#3177);
#2861=PLANE('',#3178);
#2862=PLANE('',#3179);
#2863=PLANE('',#3180);
#2864=PLANE('',#3181);
#2865=PLANE('',#3182);
#2866=PLANE('',#3183);
#2867=PLANE('',#3184);
#2868=PLANE('',#3187);
#2869=PLANE('',#3188);
#2870=PLANE('',#3189);
#2871=PLANE('',#3190);
#2872=PLANE('',#3191);
#2873=PLANE('',#3194);
#2874=PLANE('',#3199);
#2875=PLANE('',#3202);
#2876=PLANE('',#3203);
#2877=PLANE('',#3204);
#2878=PLANE('',#3205);
#2879=PLANE('',#3209);
#2880=PLANE('',#3217);
#2881=PLANE('',#3218);
#2882=PLANE('',#3219);
#2883=PLANE('',#3223);
#2884=PLANE('',#3224);
#2885=PLANE('',#3227);
#2886=PLANE('',#3231);
#2887=PLANE('',#3232);
#2888=PLANE('',#3233);
#2889=PLANE('',#3235);
#2890=PLANE('',#3237);
#2891=PLANE('',#3239);
#2892=PLANE('',#3243);
#2893=PLANE('',#3246);
#2894=PLANE('',#3249);
#2895=PLANE('',#3252);
#2896=PLANE('',#3253);
#2897=PLANE('',#3256);
#2898=PLANE('',#3257);
#2899=PLANE('',#3261);
#2900=PLANE('',#3262);
#2901=PLANE('',#3263);
#2902=PLANE('',#3264);
#2903=PLANE('',#3265);
#2904=PLANE('',#3269);
#2905=PLANE('',#3270);
#2906=PLANE('',#3271);
#2907=PLANE('',#3273);
#2908=PLANE('',#3277);
#2909=PLANE('',#3280);
#2910=PLANE('',#3281);
#2911=PLANE('',#3284);
#2912=PLANE('',#3285);
#2913=PLANE('',#3286);
#2914=PLANE('',#3290);
#2915=PLANE('',#3291);
#2916=PLANE('',#3294);
#2917=PLANE('',#3298);
#2918=PLANE('',#3299);
#2919=PLANE('',#3300);
#2920=PLANE('',#3301);
#2921=PLANE('',#3302);
#2922=PLANE('',#3304);
#2923=PLANE('',#3306);
#2924=PLANE('',#3307);
#2925=PLANE('',#3308);
#2926=PLANE('',#3311);
#2927=PLANE('',#3314);
#2928=PLANE('',#3316);
#2929=PLANE('',#3318);
#2930=PLANE('',#3319);
#2931=PLANE('',#3322);
#2932=PLANE('',#3323);
#2933=PLANE('',#3325);
#2934=PLANE('',#3326);
#2935=PLANE('',#3330);
#2936=PLANE('',#3331);
#2937=PLANE('',#3336);
#2938=PLANE('',#3339);
#2939=PLANE('',#3381);
#2940=PLANE('',#3398);
#2941=PLANE('',#3399);
#2942=PLANE('',#3402);
#2943=PLANE('',#3405);
#2944=PLANE('',#3406);
#2945=PLANE('',#3409);
#2946=PLANE('',#3410);
#2947=PLANE('',#3415);
#2948=PLANE('',#3418);
#2949=PLANE('',#3419);
#2950=PLANE('',#3421);
#2951=PLANE('',#3422);
#2952=PLANE('',#3425);
#2953=PLANE('',#3427);
#2954=PLANE('',#3430);
#2955=ADVANCED_FACE('',(#2639,#2640),#2844,.F.);
#2956=ADVANCED_FACE('',(#2641,#2642,#2643),#2845,.T.);
#2957=ADVANCED_FACE('',(#2644),#2846,.F.);
#2958=ADVANCED_FACE('',(#2645),#2847,.F.);
#2959=ADVANCED_FACE('',(#2646),#2848,.F.);
#2960=ADVANCED_FACE('',(#2647),#2849,.F.);
#2961=ADVANCED_FACE('',(#2648),#2850,.T.);
#2962=ADVANCED_FACE('',(#2649),#28,.T.);
#2963=ADVANCED_FACE('',(#2650),#2851,.T.);
#2964=ADVANCED_FACE('',(#2651),#2852,.T.);
#2965=ADVANCED_FACE('',(#2652),#29,.T.);
#2966=ADVANCED_FACE('',(#2653),#2853,.T.);
#2967=ADVANCED_FACE('',(#2654),#2854,.T.);
#2968=ADVANCED_FACE('',(#2655),#2855,.F.);
#2969=ADVANCED_FACE('',(#2656),#2856,.F.);
#2970=ADVANCED_FACE('',(#2657),#2857,.F.);
#2971=ADVANCED_FACE('',(#2658),#2858,.T.);
#2972=ADVANCED_FACE('',(#2659),#2859,.T.);
#2973=ADVANCED_FACE('',(#2660),#2860,.T.);
#2974=ADVANCED_FACE('',(#2661),#2861,.F.);
#2975=ADVANCED_FACE('',(#2662),#2862,.T.);
#2976=ADVANCED_FACE('',(#2663),#2863,.F.);
#2977=ADVANCED_FACE('',(#2664),#2864,.F.);
#2978=ADVANCED_FACE('',(#2665),#2865,.T.);
#2979=ADVANCED_FACE('',(#2666),#2866,.F.);
#2980=ADVANCED_FACE('',(#2667),#2867,.F.);
#2981=ADVANCED_FACE('',(#2668),#2868,.F.);
#2982=ADVANCED_FACE('',(#2669),#2869,.F.);
#2983=ADVANCED_FACE('',(#2670),#2870,.T.);
#2984=ADVANCED_FACE('',(#2671),#2871,.T.);
#2985=ADVANCED_FACE('',(#2672),#2872,.T.);
#2986=ADVANCED_FACE('',(#2673,#2674,#2675),#2873,.T.);
#2987=ADVANCED_FACE('',(#2676,#2677),#30,.F.);
#2988=ADVANCED_FACE('',(#2678),#2874,.T.);
#2989=ADVANCED_FACE('',(#2679,#2680),#31,.F.);
#2990=ADVANCED_FACE('',(#2681),#2875,.T.);
#2991=ADVANCED_FACE('',(#2682),#2876,.F.);
#2992=ADVANCED_FACE('',(#2683),#2877,.T.);
#2993=ADVANCED_FACE('',(#2684),#2878,.T.);
#2994=ADVANCED_FACE('',(#2685),#32,.T.);
#2995=ADVANCED_FACE('',(#2686),#2879,.F.);
#2996=ADVANCED_FACE('',(#2687),#33,.T.);
#2997=ADVANCED_FACE('',(#2688),#2880,.T.);
#2998=ADVANCED_FACE('',(#2689),#2881,.F.);
#2999=ADVANCED_FACE('',(#2690),#2882,.F.);
#3000=ADVANCED_FACE('',(#2691),#34,.T.);
#3001=ADVANCED_FACE('',(#2692),#2883,.F.);
#3002=ADVANCED_FACE('',(#2693),#2884,.T.);
#3003=ADVANCED_FACE('',(#2694),#2885,.T.);
#3004=ADVANCED_FACE('',(#2695),#35,.T.);
#3005=ADVANCED_FACE('',(#2696),#2886,.F.);
#3006=ADVANCED_FACE('',(#2697),#2887,.T.);
#3007=ADVANCED_FACE('',(#2698,#2699),#2888,.T.);
#3008=ADVANCED_FACE('',(#2700,#2701),#2889,.T.);
#3009=ADVANCED_FACE('',(#2702,#2703),#2890,.T.);
#3010=ADVANCED_FACE('',(#2704,#2705),#2891,.T.);
#3011=ADVANCED_FACE('',(#2706,#2707),#36,.F.);
#3012=ADVANCED_FACE('',(#2708),#2892,.T.);
#3013=ADVANCED_FACE('',(#2709,#2710),#37,.F.);
#3014=ADVANCED_FACE('',(#2711),#2893,.T.);
#3015=ADVANCED_FACE('',(#2712,#2713),#38,.F.);
#3016=ADVANCED_FACE('',(#2714),#2894,.T.);
#3017=ADVANCED_FACE('',(#2715,#2716),#39,.F.);
#3018=ADVANCED_FACE('',(#2717),#2895,.T.);
#3019=ADVANCED_FACE('',(#2718),#2896,.T.);
#3020=ADVANCED_FACE('',(#2719),#40,.T.);
#3021=ADVANCED_FACE('',(#2720),#41,.T.);
#3022=ADVANCED_FACE('',(#2721),#2897,.T.);
#3023=ADVANCED_FACE('',(#2722),#2898,.T.);
#3024=ADVANCED_FACE('',(#2723),#42,.T.);
#3025=ADVANCED_FACE('',(#2724),#2899,.F.);
#3026=ADVANCED_FACE('',(#2725),#2900,.T.);
#3027=ADVANCED_FACE('',(#2726),#2901,.F.);
#3028=ADVANCED_FACE('',(#2727),#2902,.F.);
#3029=ADVANCED_FACE('',(#2728),#2903,.T.);
#3030=ADVANCED_FACE('',(#2729),#43,.T.);
#3031=ADVANCED_FACE('',(#2730),#2904,.F.);
#3032=ADVANCED_FACE('',(#2731),#2905,.T.);
#3033=ADVANCED_FACE('',(#2732,#2733),#2906,.T.);
#3034=ADVANCED_FACE('',(#2734,#2735),#2907,.T.);
#3035=ADVANCED_FACE('',(#2736,#2737),#44,.F.);
#3036=ADVANCED_FACE('',(#2738),#2908,.T.);
#3037=ADVANCED_FACE('',(#2739,#2740),#45,.F.);
#3038=ADVANCED_FACE('',(#2741),#2909,.T.);
#3039=ADVANCED_FACE('',(#2742),#2910,.T.);
#3040=ADVANCED_FACE('',(#2743),#2911,.F.);
#3041=ADVANCED_FACE('',(#2744),#2912,.T.);
#3042=ADVANCED_FACE('',(#2745),#2913,.T.);
#3043=ADVANCED_FACE('',(#2746),#46,.T.);
#3044=ADVANCED_FACE('',(#2747),#2914,.F.);
#3045=ADVANCED_FACE('',(#2748),#2915,.F.);
#3046=ADVANCED_FACE('',(#2749),#2916,.T.);
#3047=ADVANCED_FACE('',(#2750),#47,.T.);
#3048=ADVANCED_FACE('',(#2751),#2917,.F.);
#3049=ADVANCED_FACE('',(#2752),#2918,.F.);
#3050=ADVANCED_FACE('',(#2753),#2919,.F.);
#3051=ADVANCED_FACE('',(#2754),#2920,.T.);
#3052=ADVANCED_FACE('',(#2755,#2756),#2921,.T.);
#3053=ADVANCED_FACE('',(#2757,#2758),#2922,.T.);
#3054=ADVANCED_FACE('',(#2759),#2923,.T.);
#3055=ADVANCED_FACE('',(#2760),#2924,.T.);
#3056=ADVANCED_FACE('',(#2761),#2925,.T.);
#3057=ADVANCED_FACE('',(#2762,#2763),#48,.F.);
#3058=ADVANCED_FACE('',(#2764),#2926,.T.);
#3059=ADVANCED_FACE('',(#2765,#2766),#49,.F.);
#3060=ADVANCED_FACE('',(#2767),#2927,.T.);
#3061=ADVANCED_FACE('',(#2768),#2928,.F.);
#3062=ADVANCED_FACE('',(#2769),#2929,.T.);
#3063=ADVANCED_FACE('',(#2770,#2771),#2930,.T.);
#3064=ADVANCED_FACE('',(#2772),#2931,.T.);
#3065=ADVANCED_FACE('',(#2773),#2932,.F.);
#3066=ADVANCED_FACE('',(#2774),#2933,.F.);
#3067=ADVANCED_FACE('',(#2775),#2934,.F.);
#3068=ADVANCED_FACE('',(#2776),#2935,.F.);
#3069=ADVANCED_FACE('',(#2777,#2778,#2779),#2936,.T.);
#3070=ADVANCED_FACE('',(#2780,#2781),#50,.F.);
#3071=ADVANCED_FACE('',(#2782),#2937,.F.);
#3072=ADVANCED_FACE('',(#2783,#2784),#51,.F.);
#3073=ADVANCED_FACE('',(#2785),#2938,.F.);
#3074=ADVANCED_FACE('',(#2786),#52,.T.);
#3075=ADVANCED_FACE('',(#2787),#53,.T.);
#3076=ADVANCED_FACE('',(#2788),#20,.T.);
#3077=ADVANCED_FACE('',(#2789),#21,.T.);
#3078=ADVANCED_FACE('',(#2790),#54,.T.);
#3079=ADVANCED_FACE('',(#2791),#55,.T.);
#3080=ADVANCED_FACE('',(#2792),#56,.T.);
#3081=ADVANCED_FACE('',(#2793),#57,.T.);
#3082=ADVANCED_FACE('',(#2794),#58,.T.);
#3083=ADVANCED_FACE('',(#2795),#22,.T.);
#3084=ADVANCED_FACE('',(#2796),#23,.T.);
#3085=ADVANCED_FACE('',(#2797),#24,.T.);
#3086=ADVANCED_FACE('',(#2798),#25,.T.);
#3087=ADVANCED_FACE('',(#2799),#59,.T.);
#3088=ADVANCED_FACE('',(#2800),#60,.T.);
#3089=ADVANCED_FACE('',(#2801),#61,.T.);
#3090=ADVANCED_FACE('',(#2802),#62,.T.);
#3091=ADVANCED_FACE('',(#2803),#26,.T.);
#3092=ADVANCED_FACE('',(#2804),#27,.T.);
#3093=ADVANCED_FACE('',(#2805),#63,.T.);
#3094=ADVANCED_FACE('',(#2806),#2939,.F.);
#3095=ADVANCED_FACE('',(#2807),#64,.T.);
#3096=ADVANCED_FACE('',(#2808),#65,.T.);
#3097=ADVANCED_FACE('',(#2809),#66,.T.);
#3098=ADVANCED_FACE('',(#2810),#67,.T.);
#3099=ADVANCED_FACE('',(#2811),#68,.T.);
#3100=ADVANCED_FACE('',(#2812),#69,.T.);
#3101=ADVANCED_FACE('',(#2813),#70,.T.);
#3102=ADVANCED_FACE('',(#2814),#71,.T.);
#3103=ADVANCED_FACE('',(#2815),#2940,.F.);
#3104=ADVANCED_FACE('',(#2816),#2941,.T.);
#3105=ADVANCED_FACE('',(#2817),#72,.T.);
#3106=ADVANCED_FACE('',(#2818),#73,.T.);
#3107=ADVANCED_FACE('',(#2819),#2942,.F.);
#3108=ADVANCED_FACE('',(#2820),#2943,.F.);
#3109=ADVANCED_FACE('',(#2821),#2944,.F.);
#3110=ADVANCED_FACE('',(#2822),#74,.T.);
#3111=ADVANCED_FACE('',(#2823),#75,.T.);
#3112=ADVANCED_FACE('',(#2824),#2945,.F.);
#3113=ADVANCED_FACE('',(#2825),#2946,.T.);
#3114=ADVANCED_FACE('',(#2826),#76,.F.);
#3115=ADVANCED_FACE('',(#2827),#77,.F.);
#3116=ADVANCED_FACE('',(#2828),#2947,.T.);
#3117=ADVANCED_FACE('',(#2829),#78,.F.);
#3118=ADVANCED_FACE('',(#2830),#2948,.F.);
#3119=ADVANCED_FACE('',(#2831,#2832),#2949,.T.);
#3120=ADVANCED_FACE('',(#2833),#2950,.F.);
#3121=ADVANCED_FACE('',(#2834),#2951,.T.);
#3122=ADVANCED_FACE('',(#2835),#79,.F.);
#3123=ADVANCED_FACE('',(#2836,#2837),#2952,.T.);
#3124=ADVANCED_FACE('',(#2838),#2953,.T.);
#3125=ADVANCED_FACE('',(#2839,#2840),#80,.F.);
#3126=ADVANCED_FACE('',(#2841),#2954,.T.);
#3127=ADVANCED_FACE('',(#2842,#2843),#81,.F.);
#3128=CLOSED_SHELL('',(#2955,#2956,#2957,#2958,#2959,#2960,#2961,#2962,
#2963,#2964,#2965,#2966,#2967,#2968,#2969,#2970,#2971,#2972,#2973,#2974,
#2975,#2976,#2977,#2978,#2979,#2980,#2981,#2982,#2983,#2984,#2985,#2986,
#2987,#2988,#2989,#2990,#2991,#2992,#2993,#2994,#2995,#2996,#2997,#2998,
#2999,#3000,#3001,#3002,#3003,#3004,#3005,#3006,#3007,#3008,#3009,#3010,
#3011,#3012,#3013,#3014,#3015,#3016,#3017,#3018,#3019,#3020,#3021,#3022,
#3023,#3024,#3025,#3026,#3027,#3028,#3029,#3030,#3031,#3032,#3033,#3034,
#3035,#3036,#3037,#3038,#3039,#3040,#3041,#3042,#3043,#3044,#3045,#3046,
#3047,#3048,#3049,#3050,#3051,#3052,#3053,#3054,#3055,#3056,#3057,#3058,
#3059,#3060,#3061,#3062,#3063,#3064,#3065,#3066,#3067,#3068,#3069,#3070,
#3071,#3072,#3073,#3074,#3075,#3076,#3077,#3078,#3079,#3080,#3081,#3082,
#3083,#3084,#3085,#3086,#3087,#3088,#3089,#3090,#3091,#3092,#3093,#3094,
#3095,#3096,#3097,#3098,#3099,#3100,#3101,#3102,#3103,#3104,#3105,#3106,
#3107,#3108,#3109,#3110,#3111,#3112,#3113,#3114,#3115,#3116,#3117,#3118,
#3119,#3120,#3121,#3122,#3123,#3124,#3125,#3126,#3127));
#3129=STYLED_ITEM('',(#3130),#3137);
#3130=PRESENTATION_STYLE_ASSIGNMENT((#3131));
#3131=SURFACE_STYLE_USAGE(.BOTH.,#3132);
#3132=SURFACE_SIDE_STYLE('',(#3133));
#3133=SURFACE_STYLE_FILL_AREA(#3134);
#3134=FILL_AREA_STYLE('',(#3135));
#3135=FILL_AREA_STYLE_COLOUR('',#3136);
#3136=COLOUR_RGB('',0.615686274509804,0.811764705882353,0.929411764705882);
#3137=MANIFOLD_SOLID_BREP('Part 1',#3128);
#3138=SHAPE_DEFINITION_REPRESENTATION(#5245,#3139);
#3139=SHAPE_REPRESENTATION('Part 1',(#3140),#5240);
#3140=AXIS2_PLACEMENT_3D('',#4338,#3433,#3434);
#3141=AXIS2_PLACEMENT_3D('',#4339,#3435,#3436);
#3142=AXIS2_PLACEMENT_3D('',#4351,#3442,#3443);
#3143=AXIS2_PLACEMENT_3D('',#4362,#3449,#3450);
#3144=AXIS2_PLACEMENT_3D('',#4374,#3456,#3457);
#3145=AXIS2_PLACEMENT_3D('',#4383,#3462,#3463);
#3146=AXIS2_PLACEMENT_3D('',#4395,#3469,#3470);
#3147=AXIS2_PLACEMENT_3D('',#4399,#3472,#3473);
#3148=AXIS2_PLACEMENT_3D('',#4410,#3479,#3480);
#3149=AXIS2_PLACEMENT_3D('',#4414,#3482,#3483);
#3150=AXIS2_PLACEMENT_3D('',#4418,#3486,#3487);
#3151=AXIS2_PLACEMENT_3D('',#4425,#3491,#3492);
#3152=AXIS2_PLACEMENT_3D('',#4431,#3495,#3496);
#3153=AXIS2_PLACEMENT_3D('',#4438,#3500,#3501);
#3154=AXIS2_PLACEMENT_3D('',#4449,#3507,#3508);
#3155=AXIS2_PLACEMENT_3D('',#4474,#3521,#3522);
#3156=AXIS2_PLACEMENT_3D('',#4482,#3526,#3527);
#3157=AXIS2_PLACEMENT_3D('',#4485,#3529,#3530);
#3158=AXIS2_PLACEMENT_3D('',#4499,#3538,#3539);
#3159=AXIS2_PLACEMENT_3D('',#4503,#3541,#3542);
#3160=AXIS2_PLACEMENT_3D('',#4504,#3543,#3544);
#3161=AXIS2_PLACEMENT_3D('',#4508,#3546,#3547);
#3162=AXIS2_PLACEMENT_3D('',#4509,#3548,#3549);
#3163=AXIS2_PLACEMENT_3D('',#4510,#3550,#3551);
#3164=AXIS2_PLACEMENT_3D('',#4519,#3556,#3557);
#3165=AXIS2_PLACEMENT_3D('',#4523,#3559,#3560);
#3166=AXIS2_PLACEMENT_3D('',#4524,#3561,#3562);
#3167=AXIS2_PLACEMENT_3D('',#4527,#3564,#3565);
#3168=AXIS2_PLACEMENT_3D('',#4528,#3566,#3567);
#3169=AXIS2_PLACEMENT_3D('',#4529,#3568,#3569);
#3170=AXIS2_PLACEMENT_3D('',#4530,#3570,#3571);
#3171=AXIS2_PLACEMENT_3D('',#4544,#3579,#3580);
#3172=AXIS2_PLACEMENT_3D('',#4553,#3585,#3586);
#3173=AXIS2_PLACEMENT_3D('',#4561,#3591,#3592);
#3174=AXIS2_PLACEMENT_3D('',#4570,#3597,#3598);
#3175=AXIS2_PLACEMENT_3D('',#4576,#3602,#3603);
#3176=AXIS2_PLACEMENT_3D('',#4582,#3607,#3608);
#3177=AXIS2_PLACEMENT_3D('',#4585,#3611,#3612);
#3178=AXIS2_PLACEMENT_3D('',#4591,#3616,#3617);
#3179=AXIS2_PLACEMENT_3D('',#4597,#3621,#3622);
#3180=AXIS2_PLACEMENT_3D('',#4603,#3626,#3627);
#3181=AXIS2_PLACEMENT_3D('',#4609,#3631,#3632);
#3182=AXIS2_PLACEMENT_3D('',#4623,#3640,#3641);
#3183=AXIS2_PLACEMENT_3D('',#4632,#3646,#3647);
#3184=AXIS2_PLACEMENT_3D('',#4645,#3654,#3655);
#3185=AXIS2_PLACEMENT_3D('',#4655,#3661,#3662);
#3186=AXIS2_PLACEMENT_3D('',#4659,#3664,#3665);
#3187=AXIS2_PLACEMENT_3D('',#4668,#3671,#3672);
#3188=AXIS2_PLACEMENT_3D('',#4674,#3676,#3677);
#3189=AXIS2_PLACEMENT_3D('',#4680,#3681,#3682);
#3190=AXIS2_PLACEMENT_3D('',#4683,#3685,#3686);
#3191=AXIS2_PLACEMENT_3D('',#4684,#3687,#3688);
#3192=AXIS2_PLACEMENT_3D('',#4689,#3692,#3693);
#3193=AXIS2_PLACEMENT_3D('',#4692,#3695,#3696);
#3194=AXIS2_PLACEMENT_3D('',#4693,#3697,#3698);
#3195=AXIS2_PLACEMENT_3D('',#4694,#3699,#3700);
#3196=AXIS2_PLACEMENT_3D('',#4696,#3701,#3702);
#3197=AXIS2_PLACEMENT_3D('',#4698,#3703,#3704);
#3198=AXIS2_PLACEMENT_3D('',#4699,#3705,#3706);
#3199=AXIS2_PLACEMENT_3D('',#4701,#3707,#3708);
#3200=AXIS2_PLACEMENT_3D('',#4702,#3709,#3710);
#3201=AXIS2_PLACEMENT_3D('',#4703,#3711,#3712);
#3202=AXIS2_PLACEMENT_3D('',#4705,#3713,#3714);
#3203=AXIS2_PLACEMENT_3D('',#4706,#3715,#3716);
#3204=AXIS2_PLACEMENT_3D('',#4708,#3718,#3719);
#3205=AXIS2_PLACEMENT_3D('',#4725,#3728,#3729);
#3206=AXIS2_PLACEMENT_3D('',#4731,#3733,#3734);
#3207=AXIS2_PLACEMENT_3D('',#4732,#3735,#3736);
#3208=AXIS2_PLACEMENT_3D('',#4736,#3738,#3739);
#3209=AXIS2_PLACEMENT_3D('',#4737,#3740,#3741);
#3210=AXIS2_PLACEMENT_3D('',#4738,#3742,#3743);
#3211=AXIS2_PLACEMENT_3D('',#4746,#3747,#3748);
#3212=AXIS2_PLACEMENT_3D('',#4747,#3749,#3750);
#3213=AXIS2_PLACEMENT_3D('',#4757,#3756,#3757);
#3214=AXIS2_PLACEMENT_3D('',#4758,#3758,#3759);
#3215=AXIS2_PLACEMENT_3D('',#4759,#3760,#3761);
#3216=AXIS2_PLACEMENT_3D('',#4763,#3763,#3764);
#3217=AXIS2_PLACEMENT_3D('',#4764,#3765,#3766);
#3218=AXIS2_PLACEMENT_3D('',#4770,#3770,#3771);
#3219=AXIS2_PLACEMENT_3D('',#4789,#3782,#3783);
#3220=AXIS2_PLACEMENT_3D('',#4795,#3787,#3788);
#3221=AXIS2_PLACEMENT_3D('',#4796,#3789,#3790);
#3222=AXIS2_PLACEMENT_3D('',#4800,#3792,#3793);
#3223=AXIS2_PLACEMENT_3D('',#4801,#3794,#3795);
#3224=AXIS2_PLACEMENT_3D('',#4807,#3799,#3800);
#3225=AXIS2_PLACEMENT_3D('',#4808,#3801,#3802);
#3226=AXIS2_PLACEMENT_3D('',#4809,#3803,#3804);
#3227=AXIS2_PLACEMENT_3D('',#4816,#3809,#3810);
#3228=AXIS2_PLACEMENT_3D('',#4822,#3814,#3815);
#3229=AXIS2_PLACEMENT_3D('',#4823,#3816,#3817);
#3230=AXIS2_PLACEMENT_3D('',#4827,#3819,#3820);
#3231=AXIS2_PLACEMENT_3D('',#4828,#3821,#3822);
#3232=AXIS2_PLACEMENT_3D('',#4831,#3825,#3826);
#3233=AXIS2_PLACEMENT_3D('',#4832,#3827,#3828);
#3234=AXIS2_PLACEMENT_3D('',#4833,#3829,#3830);
#3235=AXIS2_PLACEMENT_3D('',#4835,#3831,#3832);
#3236=AXIS2_PLACEMENT_3D('',#4836,#3833,#3834);
#3237=AXIS2_PLACEMENT_3D('',#4838,#3835,#3836);
#3238=AXIS2_PLACEMENT_3D('',#4839,#3837,#3838);
#3239=AXIS2_PLACEMENT_3D('',#4841,#3839,#3840);
#3240=AXIS2_PLACEMENT_3D('',#4842,#3841,#3842);
#3241=AXIS2_PLACEMENT_3D('',#4844,#3843,#3844);
#3242=AXIS2_PLACEMENT_3D('',#4845,#3845,#3846);
#3243=AXIS2_PLACEMENT_3D('',#4847,#3847,#3848);
#3244=AXIS2_PLACEMENT_3D('',#4848,#3849,#3850);
#3245=AXIS2_PLACEMENT_3D('',#4849,#3851,#3852);
#3246=AXIS2_PLACEMENT_3D('',#4851,#3853,#3854);
#3247=AXIS2_PLACEMENT_3D('',#4852,#3855,#3856);
#3248=AXIS2_PLACEMENT_3D('',#4853,#3857,#3858);
#3249=AXIS2_PLACEMENT_3D('',#4855,#3859,#3860);
#3250=AXIS2_PLACEMENT_3D('',#4856,#3861,#3862);
#3251=AXIS2_PLACEMENT_3D('',#4857,#3863,#3864);
#3252=AXIS2_PLACEMENT_3D('',#4859,#3865,#3866);
#3253=AXIS2_PLACEMENT_3D('',#4860,#3867,#3868);
#3254=AXIS2_PLACEMENT_3D('',#4863,#3871,#3872);
#3255=AXIS2_PLACEMENT_3D('',#4864,#3873,#3874);
#3256=AXIS2_PLACEMENT_3D('',#4865,#3875,#3876);
#3257=AXIS2_PLACEMENT_3D('',#4887,#3888,#3889);
#3258=AXIS2_PLACEMENT_3D('',#4893,#3893,#3894);
#3259=AXIS2_PLACEMENT_3D('',#4894,#3895,#3896);
#3260=AXIS2_PLACEMENT_3D('',#4898,#3898,#3899);
#3261=AXIS2_PLACEMENT_3D('',#4899,#3900,#3901);
#3262=AXIS2_PLACEMENT_3D('',#4902,#3904,#3905);
#3263=AXIS2_PLACEMENT_3D('',#4906,#3908,#3909);
#3264=AXIS2_PLACEMENT_3D('',#4910,#3912,#3913);
#3265=AXIS2_PLACEMENT_3D('',#4912,#3915,#3916);
#3266=AXIS2_PLACEMENT_3D('',#4918,#3920,#3921);
#3267=AXIS2_PLACEMENT_3D('',#4919,#3922,#3923);
#3268=AXIS2_PLACEMENT_3D('',#4923,#3925,#3926);
#3269=AXIS2_PLACEMENT_3D('',#4924,#3927,#3928);
#3270=AXIS2_PLACEMENT_3D('',#4927,#3931,#3932);
#3271=AXIS2_PLACEMENT_3D('',#4928,#3933,#3934);
#3272=AXIS2_PLACEMENT_3D('',#4929,#3935,#3936);
#3273=AXIS2_PLACEMENT_3D('',#4931,#3937,#3938);
#3274=AXIS2_PLACEMENT_3D('',#4932,#3939,#3940);
#3275=AXIS2_PLACEMENT_3D('',#4934,#3941,#3942);
#3276=AXIS2_PLACEMENT_3D('',#4935,#3943,#3944);
#3277=AXIS2_PLACEMENT_3D('',#4937,#3945,#3946);
#3278=AXIS2_PLACEMENT_3D('',#4938,#3947,#3948);
#3279=AXIS2_PLACEMENT_3D('',#4939,#3949,#3950);
#3280=AXIS2_PLACEMENT_3D('',#4941,#3951,#3952);
#3281=AXIS2_PLACEMENT_3D('',#4942,#3953,#3954);
#3282=AXIS2_PLACEMENT_3D('',#4943,#3955,#3956);
#3283=AXIS2_PLACEMENT_3D('',#4949,#3959,#3960);
#3284=AXIS2_PLACEMENT_3D('',#4950,#3961,#3962);
#3285=AXIS2_PLACEMENT_3D('',#4958,#3967,#3968);
#3286=AXIS2_PLACEMENT_3D('',#4969,#3975,#3976);
#3287=AXIS2_PLACEMENT_3D('',#4975,#3980,#3981);
#3288=AXIS2_PLACEMENT_3D('',#4976,#3982,#3983);
#3289=AXIS2_PLACEMENT_3D('',#4980,#3985,#3986);
#3290=AXIS2_PLACEMENT_3D('',#4981,#3987,#3988);
#3291=AXIS2_PLACEMENT_3D('',#4987,#3992,#3993);
#3292=AXIS2_PLACEMENT_3D('',#4988,#3994,#3995);
#3293=AXIS2_PLACEMENT_3D('',#4998,#4001,#4002);
#3294=AXIS2_PLACEMENT_3D('',#4999,#4003,#4004);
#3295=AXIS2_PLACEMENT_3D('',#5005,#4008,#4009);
#3296=AXIS2_PLACEMENT_3D('',#5006,#4010,#4011);
#3297=AXIS2_PLACEMENT_3D('',#5010,#4013,#4014);
#3298=AXIS2_PLACEMENT_3D('',#5011,#4015,#4016);
#3299=AXIS2_PLACEMENT_3D('',#5017,#4020,#4021);
#3300=AXIS2_PLACEMENT_3D('',#5025,#4027,#4028);
#3301=AXIS2_PLACEMENT_3D('',#5030,#4032,#4033);
#3302=AXIS2_PLACEMENT_3D('',#5033,#4036,#4037);
#3303=AXIS2_PLACEMENT_3D('',#5034,#4038,#4039);
#3304=AXIS2_PLACEMENT_3D('',#5036,#4040,#4041);
#3305=AXIS2_PLACEMENT_3D('',#5037,#4042,#4043);
#3306=AXIS2_PLACEMENT_3D('',#5039,#4044,#4045);
#3307=AXIS2_PLACEMENT_3D('',#5040,#4046,#4047);
#3308=AXIS2_PLACEMENT_3D('',#5041,#4048,#4049);
#3309=AXIS2_PLACEMENT_3D('',#5042,#4050,#4051);
#3310=AXIS2_PLACEMENT_3D('',#5044,#4052,#4053);
#3311=AXIS2_PLACEMENT_3D('',#5045,#4054,#4055);
#3312=AXIS2_PLACEMENT_3D('',#5046,#4056,#4057);
#3313=AXIS2_PLACEMENT_3D('',#5048,#4058,#4059);
#3314=AXIS2_PLACEMENT_3D('',#5049,#4060,#4061);
#3315=AXIS2_PLACEMENT_3D('',#5051,#4063,#4064);
#3316=AXIS2_PLACEMENT_3D('',#5052,#4065,#4066);
#3317=AXIS2_PLACEMENT_3D('',#5053,#4067,#4068);
#3318=AXIS2_PLACEMENT_3D('',#5055,#4070,#4071);
#3319=AXIS2_PLACEMENT_3D('',#5056,#4072,#4073);
#3320=AXIS2_PLACEMENT_3D('',#5065,#4078,#4079);
#3321=AXIS2_PLACEMENT_3D('',#5070,#4082,#4083);
#3322=AXIS2_PLACEMENT_3D('',#5071,#4084,#4085);
#3323=AXIS2_PLACEMENT_3D('',#5073,#4087,#4088);
#3324=AXIS2_PLACEMENT_3D('',#5075,#4090,#4091);
#3325=AXIS2_PLACEMENT_3D('',#5078,#4093,#4094);
#3326=AXIS2_PLACEMENT_3D('',#5080,#4096,#4097);
#3327=AXIS2_PLACEMENT_3D('',#5086,#4100,#4101);
#3328=AXIS2_PLACEMENT_3D('',#5090,#4103,#4104);
#3329=AXIS2_PLACEMENT_3D('',#5092,#4106,#4107);
#3330=AXIS2_PLACEMENT_3D('',#5094,#4109,#4110);
#3331=AXIS2_PLACEMENT_3D('',#5098,#4113,#4114);
#3332=AXIS2_PLACEMENT_3D('',#5099,#4115,#4116);
#3333=AXIS2_PLACEMENT_3D('',#5101,#4117,#4118);
#3334=AXIS2_PLACEMENT_3D('',#5106,#4121,#4122);
#3335=AXIS2_PLACEMENT_3D('',#5107,#4123,#4124);
#3336=AXIS2_PLACEMENT_3D('',#5109,#4125,#4126);
#3337=AXIS2_PLACEMENT_3D('',#5110,#4127,#4128);
#3338=AXIS2_PLACEMENT_3D('',#5111,#4129,#4130);
#3339=AXIS2_PLACEMENT_3D('',#5113,#4131,#4132);
#3340=AXIS2_PLACEMENT_3D('',#5114,#4133,#4134);
#3341=AXIS2_PLACEMENT_3D('',#5115,#4135,#4136);
#3342=AXIS2_PLACEMENT_3D('',#5116,#4137,#4138);
#3343=AXIS2_PLACEMENT_3D('',#5117,#4139,#4140);
#3344=AXIS2_PLACEMENT_3D('',#5118,#4141,#4142);
#3345=AXIS2_PLACEMENT_3D('',#5119,#4143,#4144);
#3346=AXIS2_PLACEMENT_3D('',#5120,#4145,#4146);
#3347=AXIS2_PLACEMENT_3D('',#5121,#4147,#4148);
#3348=AXIS2_PLACEMENT_3D('',#5122,#4149,#4150);
#3349=AXIS2_PLACEMENT_3D('',#5123,#4151,#4152);
#3350=AXIS2_PLACEMENT_3D('',#5124,#4153,#4154);
#3351=AXIS2_PLACEMENT_3D('',#5125,#4155,#4156);
#3352=AXIS2_PLACEMENT_3D('',#5126,#4157,#4158);
#3353=AXIS2_PLACEMENT_3D('',#5127,#4159,#4160);
#3354=AXIS2_PLACEMENT_3D('',#5128,#4161,#4162);
#3355=AXIS2_PLACEMENT_3D('',#5129,#4163,#4164);
#3356=AXIS2_PLACEMENT_3D('',#5130,#4165,#4166);
#3357=AXIS2_PLACEMENT_3D('',#5131,#4167,#4168);
#3358=AXIS2_PLACEMENT_3D('',#5132,#4169,#4170);
#3359=AXIS2_PLACEMENT_3D('',#5133,#4171,#4172);
#3360=AXIS2_PLACEMENT_3D('',#5134,#4173,#4174);
#3361=AXIS2_PLACEMENT_3D('',#5135,#4175,#4176);
#3362=AXIS2_PLACEMENT_3D('',#5136,#4177,#4178);
#3363=AXIS2_PLACEMENT_3D('',#5137,#4179,#4180);
#3364=AXIS2_PLACEMENT_3D('',#5138,#4181,#4182);
#3365=AXIS2_PLACEMENT_3D('',#5139,#4183,#4184);
#3366=AXIS2_PLACEMENT_3D('',#5140,#4185,#4186);
#3367=AXIS2_PLACEMENT_3D('',#5141,#4187,#4188);
#3368=AXIS2_PLACEMENT_3D('',#5142,#4189,#4190);
#3369=AXIS2_PLACEMENT_3D('',#5143,#4191,#4192);
#3370=AXIS2_PLACEMENT_3D('',#5144,#4193,#4194);
#3371=AXIS2_PLACEMENT_3D('',#5145,#4195,#4196);
#3372=AXIS2_PLACEMENT_3D('',#5146,#4197,#4198);
#3373=AXIS2_PLACEMENT_3D('',#5147,#4199,#4200);
#3374=AXIS2_PLACEMENT_3D('',#5148,#4201,#4202);
#3375=AXIS2_PLACEMENT_3D('',#5149,#4203,#4204);
#3376=AXIS2_PLACEMENT_3D('',#5150,#4205,#4206);
#3377=AXIS2_PLACEMENT_3D('',#5151,#4207,#4208);
#3378=AXIS2_PLACEMENT_3D('',#5152,#4209,#4210);
#3379=AXIS2_PLACEMENT_3D('',#5153,#4211,#4212);
#3380=AXIS2_PLACEMENT_3D('',#5154,#4213,#4214);
#3381=AXIS2_PLACEMENT_3D('',#5155,#4215,#4216);
#3382=AXIS2_PLACEMENT_3D('',#5159,#4219,#4220);
#3383=AXIS2_PLACEMENT_3D('',#5160,#4221,#4222);
#3384=AXIS2_PLACEMENT_3D('',#5161,#4223,#4224);
#3385=AXIS2_PLACEMENT_3D('',#5162,#4225,#4226);
#3386=AXIS2_PLACEMENT_3D('',#5163,#4227,#4228);
#3387=AXIS2_PLACEMENT_3D('',#5164,#4229,#4230);
#3388=AXIS2_PLACEMENT_3D('',#5165,#4231,#4232);
#3389=AXIS2_PLACEMENT_3D('',#5166,#4233,#4234);
#3390=AXIS2_PLACEMENT_3D('',#5167,#4235,#4236);
#3391=AXIS2_PLACEMENT_3D('',#5168,#4237,#4238);
#3392=AXIS2_PLACEMENT_3D('',#5169,#4239,#4240);
#3393=AXIS2_PLACEMENT_3D('',#5170,#4241,#4242);
#3394=AXIS2_PLACEMENT_3D('',#5171,#4243,#4244);
#3395=AXIS2_PLACEMENT_3D('',#5172,#4245,#4246);
#3396=AXIS2_PLACEMENT_3D('',#5173,#4247,#4248);
#3397=AXIS2_PLACEMENT_3D('',#5174,#4249,#4250);
#3398=AXIS2_PLACEMENT_3D('',#5175,#4251,#4252);
#3399=AXIS2_PLACEMENT_3D('',#5177,#4254,#4255);
#3400=AXIS2_PLACEMENT_3D('',#5179,#4257,#4258);
#3401=AXIS2_PLACEMENT_3D('',#5180,#4259,#4260);
#3402=AXIS2_PLACEMENT_3D('',#5181,#4261,#4262);
#3403=AXIS2_PLACEMENT_3D('',#5183,#4264,#4265);
#3404=AXIS2_PLACEMENT_3D('',#5187,#4267,#4268);
#3405=AXIS2_PLACEMENT_3D('',#5188,#4269,#4270);
#3406=AXIS2_PLACEMENT_3D('',#5191,#4273,#4274);
#3407=AXIS2_PLACEMENT_3D('',#5192,#4275,#4276);
#3408=AXIS2_PLACEMENT_3D('',#5193,#4277,#4278);
#3409=AXIS2_PLACEMENT_3D('',#5194,#4279,#4280);
#3410=AXIS2_PLACEMENT_3D('',#5200,#4284,#4285);
#3411=AXIS2_PLACEMENT_3D('',#5201,#4286,#4287);
#3412=AXIS2_PLACEMENT_3D('',#5202,#4288,#4289);
#3413=AXIS2_PLACEMENT_3D('',#5203,#4290,#4291);
#3414=AXIS2_PLACEMENT_3D('',#5204,#4292,#4293);
#3415=AXIS2_PLACEMENT_3D('',#5205,#4294,#4295);
#3416=AXIS2_PLACEMENT_3D('',#5209,#4298,#4299);
#3417=AXIS2_PLACEMENT_3D('',#5212,#4301,#4302);
#3418=AXIS2_PLACEMENT_3D('',#5213,#4303,#4304);
#3419=AXIS2_PLACEMENT_3D('',#5215,#4306,#4307);
#3420=AXIS2_PLACEMENT_3D('',#5216,#4308,#4309);
#3421=AXIS2_PLACEMENT_3D('',#5218,#4310,#4311);
#3422=AXIS2_PLACEMENT_3D('',#5222,#4314,#4315);
#3423=AXIS2_PLACEMENT_3D('',#5226,#4318,#4319);
#3424=AXIS2_PLACEMENT_3D('',#5227,#4320,#4321);
#3425=AXIS2_PLACEMENT_3D('',#5228,#4322,#4323);
#3426=AXIS2_PLACEMENT_3D('',#5229,#4324,#4325);
#3427=AXIS2_PLACEMENT_3D('',#5231,#4326,#4327);
#3428=AXIS2_PLACEMENT_3D('',#5232,#4328,#4329);
#3429=AXIS2_PLACEMENT_3D('',#5234,#4330,#4331);
#3430=AXIS2_PLACEMENT_3D('',#5235,#4332,#4333);
#3431=AXIS2_PLACEMENT_3D('',#5236,#4334,#4335);
#3432=AXIS2_PLACEMENT_3D('',#5238,#4336,#4337);
#3433=DIRECTION('',(0.,0.,1.));
#3434=DIRECTION('',(1.,0.,0.));
#3435=DIRECTION('',(0.,-1.,0.));
#3436=DIRECTION('',(0.,0.,-1.));
#3437=DIRECTION('',(5.78241158658937E-16,0.,-1.));
#3438=DIRECTION('',(-1.,0.,0.));
#3439=DIRECTION('',(5.23690105955263E-16,0.,-1.));
#3440=DIRECTION('',(-1.,0.,0.));
#3441=DIRECTION('',(0.,0.,1.));
#3442=DIRECTION('',(0.,1.,0.));
#3443=DIRECTION('',(0.,0.,1.));
#3444=DIRECTION('',(-1.,0.,0.));
#3445=DIRECTION('',(0.,0.,-1.));
#3446=DIRECTION('',(1.,0.,0.));
#3447=DIRECTION('',(0.,0.,-1.));
#3448=DIRECTION('',(-1.,0.,0.));
#3449=DIRECTION('',(0.,1.,0.));
#3450=DIRECTION('',(0.,0.,1.));
#3451=DIRECTION('',(0.,0.,1.));
#3452=DIRECTION('',(1.,0.,0.));
#3453=DIRECTION('',(-1.7203869183241E-16,0.,-1.));
#3454=DIRECTION('',(1.,0.,0.));
#3455=DIRECTION('',(-1.7347234759768E-16,0.,-1.));
#3456=DIRECTION('',(0.,1.,0.));
#3457=DIRECTION('',(0.,0.,1.));
#3458=DIRECTION('',(0.,0.,-1.));
#3459=DIRECTION('',(1.,0.,0.));
#3460=DIRECTION('',(-1.7203869183241E-16,0.,-1.));
#3461=DIRECTION('',(1.,0.,0.));
#3462=DIRECTION('',(0.,0.,-1.));
#3463=DIRECTION('',(-1.,0.,0.));
#3464=DIRECTION('',(1.,0.,0.));
#3465=DIRECTION('',(0.,1.,0.));
#3466=DIRECTION('',(1.,0.,0.));
#3467=DIRECTION('',(0.,1.,0.));
#3468=DIRECTION('',(0.,-1.,0.));
#3469=DIRECTION('',(0.,0.,-1.));
#3470=DIRECTION('',(-1.,0.,0.));
#3471=DIRECTION('',(-1.,0.,0.));
#3472=DIRECTION('',(0.,0.,-1.));
#3473=DIRECTION('',(-1.,0.,0.));
#3474=DIRECTION('',(0.,-1.,0.));
#3475=DIRECTION('',(1.,0.,0.));
#3476=DIRECTION('',(1.,0.,0.));
#3477=DIRECTION('',(0.,1.,0.));
#3478=DIRECTION('',(0.,-1.,0.));
#3479=DIRECTION('',(0.,0.,-1.));
#3480=DIRECTION('',(-1.,0.,0.));
#3481=DIRECTION('',(1.,0.,0.));
#3482=DIRECTION('',(0.,0.,-1.));
#3483=DIRECTION('',(-1.,0.,0.));
#3484=DIRECTION('',(0.,-1.,0.));
#3485=DIRECTION('',(0.,1.,0.));
#3486=DIRECTION('',(-1.,0.,1.7203869183241E-16));
#3487=DIRECTION('',(1.7203869183241E-16,0.,1.));
#3488=DIRECTION('',(1.7203869183241E-16,0.,1.));
#3489=DIRECTION('',(0.,-1.,0.));
#3490=DIRECTION('',(-1.7203869183241E-16,0.,-1.));
#3491=DIRECTION('',(-1.,0.,1.7203869183241E-16));
#3492=DIRECTION('',(1.7203869183241E-16,0.,1.));
#3493=DIRECTION('',(0.,-1.,0.));
#3494=DIRECTION('',(0.,0.,1.));
#3495=DIRECTION('',(-1.,0.,1.7203869183241E-16));
#3496=DIRECTION('',(1.7203869183241E-16,0.,1.));
#3497=DIRECTION('',(0.,-1.,0.));
#3498=DIRECTION('',(-2.31296463463574E-16,0.,-1.));
#3499=DIRECTION('',(0.,-1.,0.));
#3500=DIRECTION('',(0.,-1.,0.));
#3501=DIRECTION('',(0.,0.,-1.));
#3502=DIRECTION('',(0.,0.,-1.));
#3503=DIRECTION('',(0.,0.,-1.));
#3504=DIRECTION('',(1.,0.,0.));
#3505=DIRECTION('',(0.,0.,-1.));
#3506=DIRECTION('',(1.,0.,0.));
#3507=DIRECTION('',(0.,0.393919298579168,-0.919145030018058));
#3508=DIRECTION('',(-1.,0.,0.));
#3509=DIRECTION('',(0.,-0.919145030018058,-0.393919298579168));
#3510=DIRECTION('',(-1.,0.,0.));
#3511=DIRECTION('',(0.,-0.919145030018058,-0.393919298579168));
#3512=DIRECTION('',(-1.,0.,0.));
#3513=DIRECTION('',(0.,-0.919145030018058,-0.393919298579168));
#3514=DIRECTION('',(-1.,0.,0.));
#3515=DIRECTION('',(0.,-0.919145030018058,-0.393919298579168));
#3516=DIRECTION('',(1.,0.,0.));
#3517=DIRECTION('',(0.,-0.919145030018058,-0.393919298579168));
#3518=DIRECTION('',(-1.,0.,0.));
#3519=DIRECTION('',(0.,0.919145030018058,0.393919298579168));
#3520=DIRECTION('',(-1.,0.,0.));
#3521=DIRECTION('',(0.,0.,1.));
#3522=DIRECTION('',(1.,0.,0.));
#3523=DIRECTION('',(0.,1.,0.));
#3524=DIRECTION('',(1.,0.,0.));
#3525=DIRECTION('',(0.,1.,0.));
#3526=DIRECTION('',(0.,0.,1.));
#3527=DIRECTION('',(1.,0.,0.));
#3528=DIRECTION('',(1.,0.,0.));
#3529=DIRECTION('',(0.,1.,0.));
#3530=DIRECTION('',(-1.,0.,0.));
#3531=DIRECTION('',(0.,0.,-1.));
#3532=DIRECTION('',(-1.,0.,0.));
#3533=DIRECTION('',(0.,0.,-1.));
#3534=DIRECTION('',(1.,0.,0.));
#3535=DIRECTION('',(0.,0.,-1.));
#3536=DIRECTION('',(1.,0.,0.));
#3537=DIRECTION('',(0.,0.,-1.));
#3538=DIRECTION('',(1.,0.,0.));
#3539=DIRECTION('',(0.,0.,-1.));
#3540=DIRECTION('',(1.,0.,0.));
#3541=DIRECTION('',(1.,0.,0.));
#3542=DIRECTION('',(0.,0.,-1.));
#3543=DIRECTION('',(-1.,0.,0.));
#3544=DIRECTION('',(0.,0.,1.));
#3545=DIRECTION('',(1.,0.,0.));
#3546=DIRECTION('',(1.,0.,0.));
#3547=DIRECTION('',(0.,0.,-1.));
#3548=DIRECTION('',(1.,0.,0.));
#3549=DIRECTION('',(0.,0.,-1.));
#3550=DIRECTION('',(0.,-1.,0.));
#3551=DIRECTION('',(0.,0.,-1.));
#3552=DIRECTION('',(-1.,0.,0.));
#3553=DIRECTION('',(0.,0.,-1.));
#3554=DIRECTION('',(-1.,0.,0.));
#3555=DIRECTION('',(0.,0.,-1.));
#3556=DIRECTION('',(0.,0.,1.));
#3557=DIRECTION('',(1.,0.,0.));
#3558=DIRECTION('',(-1.,0.,0.));
#3559=DIRECTION('',(0.,0.,1.));
#3560=DIRECTION('',(1.,0.,0.));
#3561=DIRECTION('',(0.,0.,1.));
#3562=DIRECTION('',(1.,0.,0.));
#3563=DIRECTION('',(0.,-1.,0.));
#3564=DIRECTION('',(-1.,0.,0.));
#3565=DIRECTION('',(0.,0.,1.));
#3566=DIRECTION('',(-1.,0.,0.));
#3567=DIRECTION('',(0.,0.,1.));
#3568=DIRECTION('',(1.,0.,0.));
#3569=DIRECTION('',(0.,0.,-1.));
#3570=DIRECTION('',(0.,-1.,0.));
#3571=DIRECTION('',(0.,0.,-1.));
#3572=DIRECTION('',(1.,0.,0.));
#3573=DIRECTION('',(-1.7203869183241E-16,0.,-1.));
#3574=DIRECTION('',(-1.,0.,0.));
#3575=DIRECTION('',(0.,0.,-1.));
#3576=DIRECTION('',(-1.,0.,0.));
#3577=DIRECTION('',(0.,0.,-1.));
#3578=DIRECTION('',(-1.,0.,0.));
#3579=DIRECTION('',(0.,-1.,0.));
#3580=DIRECTION('',(0.,0.,-1.));
#3581=DIRECTION('',(-1.,0.,0.));
#3582=DIRECTION('',(0.,0.,-1.));
#3583=DIRECTION('',(-1.,0.,0.));
#3584=DIRECTION('',(0.,0.,-1.));
#3585=DIRECTION('',(0.,-1.,0.));
#3586=DIRECTION('',(0.,0.,-1.));
#3587=DIRECTION('',(0.,0.,-1.));
#3588=DIRECTION('',(0.,0.,-1.));
#3589=DIRECTION('',(0.,0.,-1.));
#3590=DIRECTION('',(1.,0.,0.));
#3591=DIRECTION('',(-1.,0.,0.));
#3592=DIRECTION('',(0.,0.,1.));
#3593=DIRECTION('',(0.,0.,-1.));
#3594=DIRECTION('',(0.,1.,0.));
#3595=DIRECTION('',(0.,0.,-1.));
#3596=DIRECTION('',(0.,1.,0.));
#3597=DIRECTION('',(0.,1.,0.));
#3598=DIRECTION('',(0.,0.,1.));
#3599=DIRECTION('',(1.,0.,0.));
#3600=DIRECTION('',(0.,0.,-1.));
#3601=DIRECTION('',(1.,0.,0.));
#3602=DIRECTION('',(-1.,0.,0.));
#3603=DIRECTION('',(0.,0.,1.));
#3604=DIRECTION('',(0.,1.,0.));
#3605=DIRECTION('',(0.,0.,-1.));
#3606=DIRECTION('',(0.,1.,0.));
#3607=DIRECTION('',(0.,1.,0.));
#3608=DIRECTION('',(0.,0.,1.));
#3609=DIRECTION('',(1.,0.,0.));
#3610=DIRECTION('',(1.,0.,0.));
#3611=DIRECTION('',(0.,-1.,0.));
#3612=DIRECTION('',(0.,0.,-1.));
#3613=DIRECTION('',(0.,0.,-1.));
#3614=DIRECTION('',(-1.,0.,0.));
#3615=DIRECTION('',(0.,0.,-1.));
#3616=DIRECTION('',(-1.,0.,-5.44789190802634E-16));
#3617=DIRECTION('',(-5.44789190802634E-16,0.,1.));
#3618=DIRECTION('',(0.,-1.,0.));
#3619=DIRECTION('',(5.44789190802634E-16,0.,-1.));
#3620=DIRECTION('',(5.44789190802634E-16,0.,-1.));
#3621=DIRECTION('',(-1.,0.,-3.1540426835942E-16));
#3622=DIRECTION('',(-3.1540426835942E-16,0.,1.));
#3623=DIRECTION('',(3.1540426835942E-16,0.,-1.));
#3624=DIRECTION('',(0.,-1.,0.));
#3625=DIRECTION('',(3.1540426835942E-16,0.,-1.));
#3626=DIRECTION('',(0.,0.,-1.));
#3627=DIRECTION('',(-1.,0.,0.));
#3628=DIRECTION('',(1.,0.,0.));
#3629=DIRECTION('',(0.,-1.,0.));
#3630=DIRECTION('',(1.,0.,0.));
#3631=DIRECTION('',(0.,0.,1.));
#3632=DIRECTION('',(1.,0.,0.));
#3633=DIRECTION('',(0.,-1.,0.));
#3634=DIRECTION('',(-1.,0.,0.));
#3635=DIRECTION('',(0.,-1.,0.));
#3636=DIRECTION('',(1.,0.,0.));
#3637=DIRECTION('',(-1.,0.,0.));
#3638=DIRECTION('',(0.,-1.,0.));
#3639=DIRECTION('',(-1.,0.,0.));
#3640=DIRECTION('',(1.,0.,0.));
#3641=DIRECTION('',(0.,0.,-1.));
#3642=DIRECTION('',(0.,0.919145030018058,0.393919298579168));
#3643=DIRECTION('',(0.,0.,-1.));
#3644=DIRECTION('',(0.,-1.,0.));
#3645=DIRECTION('',(0.,0.,-1.));
#3646=DIRECTION('',(1.,0.,0.));
#3647=DIRECTION('',(0.,0.,-1.));
#3648=DIRECTION('',(0.,-1.,0.));
#3649=DIRECTION('',(0.,0.,-1.));
#3650=DIRECTION('',(0.,0.,-1.));
#3651=DIRECTION('',(0.,0.,-1.));
#3652=DIRECTION('',(0.,-0.919145030018058,-0.393919298579168));
#3653=DIRECTION('',(0.,0.,-1.));
#3654=DIRECTION('',(0.,0.,-1.));
#3655=DIRECTION('',(-1.,0.,0.));
#3656=DIRECTION('',(1.,0.,0.));
#3657=DIRECTION('',(0.,1.,0.));
#3658=DIRECTION('',(1.,0.,0.));
#3659=DIRECTION('',(0.,-1.,0.));
#3660=DIRECTION('',(1.,0.,0.));
#3661=DIRECTION('',(0.,0.,-1.));
#3662=DIRECTION('',(-1.,0.,0.));
#3663=DIRECTION('',(-1.,0.,0.));
#3664=DIRECTION('',(0.,0.,-1.));
#3665=DIRECTION('',(-1.,0.,0.));
#3666=DIRECTION('',(1.,0.,0.));
#3667=DIRECTION('',(0.,-1.,0.));
#3668=DIRECTION('',(1.,0.,0.));
#3669=DIRECTION('',(0.,-1.,0.));
#3670=DIRECTION('',(0.,1.,0.));
#3671=DIRECTION('',(-1.,0.,-4.62592926927149E-16));
#3672=DIRECTION('',(-4.62592926927149E-16,0.,1.));
#3673=DIRECTION('',(4.62592926927149E-16,0.,-1.));
#3674=DIRECTION('',(0.,-1.,0.));
#3675=DIRECTION('',(4.62592926927149E-16,0.,-1.));
#3676=DIRECTION('',(0.,0.,-1.));
#3677=DIRECTION('',(-1.,0.,0.));
#3678=DIRECTION('',(1.,0.,0.));
#3679=DIRECTION('',(0.,-1.,0.));
#3680=DIRECTION('',(1.,0.,0.));
#3681=DIRECTION('',(-1.,0.,0.));
#3682=DIRECTION('',(0.,0.,1.));
#3683=DIRECTION('',(0.,0.,-1.));
#3684=DIRECTION('',(0.,0.,-1.));
#3685=DIRECTION('',(0.,-1.,0.));
#3686=DIRECTION('',(1.,0.,0.));
#3687=DIRECTION('',(-1.,0.,1.7203869183241E-16));
#3688=DIRECTION('',(1.7203869183241E-16,0.,1.));
#3689=DIRECTION('',(0.,-1.,0.));
#3690=DIRECTION('',(1.7203869183241E-16,0.,1.));
#3691=DIRECTION('',(-2.31296463463574E-16,0.,-1.));
#3692=DIRECTION('',(-1.,0.,1.7203869183241E-16));
#3693=DIRECTION('',(1.7203869183241E-16,0.,1.));
#3694=DIRECTION('',(0.,0.,1.));
#3695=DIRECTION('',(-1.,0.,1.7203869183241E-16));
#3696=DIRECTION('',(1.7203869183241E-16,0.,1.));
#3697=DIRECTION('',(0.,-1.,0.));
#3698=DIRECTION('',(1.,0.,0.));
#3699=DIRECTION('',(0.,-1.,0.));
#3700=DIRECTION('',(0.,0.,-1.));
#3701=DIRECTION('',(0.,-1.,0.));
#3702=DIRECTION('',(0.,0.,-1.));
#3703=DIRECTION('',(0.,-1.,0.));
#3704=DIRECTION('',(0.,0.,-1.));
#3705=DIRECTION('',(0.,-1.,0.));
#3706=DIRECTION('',(0.,0.,-1.));
#3707=DIRECTION('',(0.,-1.,0.));
#3708=DIRECTION('',(1.,0.,0.));
#3709=DIRECTION('',(0.,-1.,0.));
#3710=DIRECTION('',(0.,0.,-1.));
#3711=DIRECTION('',(0.,-1.,0.));
#3712=DIRECTION('',(0.,0.,-1.));
#3713=DIRECTION('',(0.,-1.,0.));
#3714=DIRECTION('',(1.,0.,0.));
#3715=DIRECTION('',(0.,-1.,0.));
#3716=DIRECTION('',(0.,0.,-1.));
#3717=DIRECTION('',(1.,0.,0.));
#3718=DIRECTION('',(-1.,0.,0.));
#3719=DIRECTION('',(0.,0.,1.));
#3720=DIRECTION('',(0.,-1.,0.));
#3721=DIRECTION('',(0.,0.,-1.));
#3722=DIRECTION('',(0.,-1.,0.));
#3723=DIRECTION('',(0.,0.,-1.));
#3724=DIRECTION('',(0.,-1.,0.));
#3725=DIRECTION('',(0.,0.,-1.));
#3726=DIRECTION('',(0.,-1.,0.));
#3727=DIRECTION('',(0.,0.,-1.));
#3728=DIRECTION('',(0.,0.,-1.));
#3729=DIRECTION('',(-1.,0.,0.));
#3730=DIRECTION('',(1.,0.,0.));
#3731=DIRECTION('',(0.,-1.,0.));
#3732=DIRECTION('',(1.,0.,0.));
#3733=DIRECTION('',(0.,-1.,0.));
#3734=DIRECTION('',(0.,0.,-1.));
#3735=DIRECTION('',(0.,-1.,0.));
#3736=DIRECTION('',(0.,0.,-1.));
#3737=DIRECTION('',(0.,-1.,0.));
#3738=DIRECTION('',(0.,-1.,0.));
#3739=DIRECTION('',(0.,0.,-1.));
#3740=DIRECTION('',(0.,0.,1.));
#3741=DIRECTION('',(1.,0.,0.));
#3742=DIRECTION('',(0.,0.,1.));
#3743=DIRECTION('',(1.,0.,0.));
#3744=DIRECTION('',(0.,-1.,0.));
#3745=DIRECTION('',(-1.,0.,0.));
#3746=DIRECTION('',(0.,-1.,0.));
#3747=DIRECTION('',(0.,0.,1.));
#3748=DIRECTION('',(1.,0.,0.));
#3749=DIRECTION('',(0.,0.,1.));
#3750=DIRECTION('',(1.,0.,0.));
#3751=DIRECTION('',(0.,-1.,0.));
#3752=DIRECTION('',(-1.,0.,0.));
#3753=DIRECTION('',(0.,-1.,0.));
#3754=DIRECTION('',(-1.,0.,0.));
#3755=DIRECTION('',(-1.,0.,0.));
#3756=DIRECTION('',(0.,0.,1.));
#3757=DIRECTION('',(1.,0.,0.));
#3758=DIRECTION('',(0.,-1.,0.));
#3759=DIRECTION('',(0.,0.,-1.));
#3760=DIRECTION('',(0.,-1.,0.));
#3761=DIRECTION('',(0.,0.,-1.));
#3762=DIRECTION('',(0.,-1.,0.));
#3763=DIRECTION('',(0.,-1.,0.));
#3764=DIRECTION('',(0.,0.,-1.));
#3765=DIRECTION('',(0.,0.,-1.));
#3766=DIRECTION('',(-1.,0.,0.));
#3767=DIRECTION('',(1.,0.,0.));
#3768=DIRECTION('',(0.,-1.,0.));
#3769=DIRECTION('',(1.,0.,0.));
#3770=DIRECTION('',(-1.,0.,0.));
#3771=DIRECTION('',(0.,0.,1.));
#3772=DIRECTION('',(0.,-1.,0.));
#3773=DIRECTION('',(0.,0.,1.));
#3774=DIRECTION('',(0.,-1.,0.));
#3775=DIRECTION('',(0.,0.,-1.));
#3776=DIRECTION('',(0.,-1.,0.));
#3777=DIRECTION('',(0.,0.,-1.));
#3778=DIRECTION('',(0.,0.,-1.));
#3779=DIRECTION('',(0.,0.,1.));
#3780=DIRECTION('',(0.,-1.,0.));
#3781=DIRECTION('',(0.,0.,-1.));
#3782=DIRECTION('',(0.,0.,-1.));
#3783=DIRECTION('',(-1.,0.,0.));
#3784=DIRECTION('',(1.,0.,0.));
#3785=DIRECTION('',(0.,-1.,0.));
#3786=DIRECTION('',(1.,0.,0.));
#3787=DIRECTION('',(0.,-1.,0.));
#3788=DIRECTION('',(0.,0.,-1.));
#3789=DIRECTION('',(0.,-1.,0.));
#3790=DIRECTION('',(0.,0.,-1.));
#3791=DIRECTION('',(0.,-1.,0.));
#3792=DIRECTION('',(0.,-1.,0.));
#3793=DIRECTION('',(0.,0.,-1.));
#3794=DIRECTION('',(-1.,0.,0.));
#3795=DIRECTION('',(0.,0.,1.));
#3796=DIRECTION('',(0.,0.,-1.));
#3797=DIRECTION('',(0.,-1.,0.));
#3798=DIRECTION('',(0.,0.,-1.));
#3799=DIRECTION('',(0.,0.,1.));
#3800=DIRECTION('',(1.,0.,0.));
#3801=DIRECTION('',(0.,0.,1.));
#3802=DIRECTION('',(1.,0.,0.));
#3803=DIRECTION('',(0.,0.,1.));
#3804=DIRECTION('',(1.,0.,0.));
#3805=DIRECTION('',(-1.,0.,0.));
#3806=DIRECTION('',(0.,-1.,0.));
#3807=DIRECTION('',(-1.,0.,0.));
#3808=DIRECTION('',(-1.,0.,0.));
#3809=DIRECTION('',(-1.,0.,0.));
#3810=DIRECTION('',(0.,0.,1.));
#3811=DIRECTION('',(0.,0.,-1.));
#3812=DIRECTION('',(0.,-1.,0.));
#3813=DIRECTION('',(0.,0.,-1.));
#3814=DIRECTION('',(0.,-1.,0.));
#3815=DIRECTION('',(0.,0.,-1.));
#3816=DIRECTION('',(0.,-1.,0.));
#3817=DIRECTION('',(0.,0.,-1.));
#3818=DIRECTION('',(0.,-1.,0.));
#3819=DIRECTION('',(0.,-1.,0.));
#3820=DIRECTION('',(0.,0.,-1.));
#3821=DIRECTION('',(0.,0.,-1.));
#3822=DIRECTION('',(-1.,0.,0.));
#3823=DIRECTION('',(1.,0.,0.));
#3824=DIRECTION('',(1.,0.,0.));
#3825=DIRECTION('',(0.,-1.,0.));
#3826=DIRECTION('',(1.,0.,0.));
#3827=DIRECTION('',(0.,-1.,0.));
#3828=DIRECTION('',(1.,0.,0.));
#3829=DIRECTION('',(0.,-1.,0.));
#3830=DIRECTION('',(0.,0.,-1.));
#3831=DIRECTION('',(0.,-1.,0.));
#3832=DIRECTION('',(1.,0.,0.));
#3833=DIRECTION('',(0.,-1.,0.));
#3834=DIRECTION('',(0.,0.,-1.));
#3835=DIRECTION('',(0.,-1.,0.));
#3836=DIRECTION('',(1.,0.,0.));
#3837=DIRECTION('',(0.,-1.,0.));
#3838=DIRECTION('',(0.,0.,-1.));
#3839=DIRECTION('',(0.,-1.,0.));
#3840=DIRECTION('',(1.,0.,0.));
#3841=DIRECTION('',(0.,-1.,0.));
#3842=DIRECTION('',(0.,0.,-1.));
#3843=DIRECTION('',(0.,-1.,0.));
#3844=DIRECTION('',(0.,0.,-1.));
#3845=DIRECTION('',(0.,-1.,0.));
#3846=DIRECTION('',(0.,0.,-1.));
#3847=DIRECTION('',(0.,-1.,0.));
#3848=DIRECTION('',(1.,0.,0.));
#3849=DIRECTION('',(0.,-1.,0.));
#3850=DIRECTION('',(0.,0.,-1.));
#3851=DIRECTION('',(0.,-1.,0.));
#3852=DIRECTION('',(0.,0.,-1.));
#3853=DIRECTION('',(0.,-1.,0.));
#3854=DIRECTION('',(1.,0.,0.));
#3855=DIRECTION('',(0.,-1.,0.));
#3856=DIRECTION('',(0.,0.,-1.));
#3857=DIRECTION('',(0.,-1.,0.));
#3858=DIRECTION('',(0.,0.,-1.));
#3859=DIRECTION('',(0.,-1.,0.));
#3860=DIRECTION('',(1.,0.,0.));
#3861=DIRECTION('',(0.,-1.,0.));
#3862=DIRECTION('',(0.,0.,-1.));
#3863=DIRECTION('',(0.,-1.,0.));
#3864=DIRECTION('',(0.,0.,-1.));
#3865=DIRECTION('',(0.,-1.,0.));
#3866=DIRECTION('',(1.,0.,0.));
#3867=DIRECTION('',(0.,1.,0.));
#3868=DIRECTION('',(-1.,0.,0.));
#3869=DIRECTION('',(3.1540426835942E-16,0.,-1.));
#3870=DIRECTION('',(5.44789190802634E-16,0.,-1.));
#3871=DIRECTION('',(3.1540426835942E-16,0.,-1.));
#3872=DIRECTION('',(-1.,0.,-3.1540426835942E-16));
#3873=DIRECTION('',(-5.44789190802634E-16,0.,1.));
#3874=DIRECTION('',(1.,0.,5.44789190802634E-16));
#3875=DIRECTION('',(1.,0.,5.78241158658937E-16));
#3876=DIRECTION('',(5.78241158658937E-16,0.,-1.));
#3877=DIRECTION('',(0.,1.,0.));
#3878=DIRECTION('',(3.46944695195361E-16,0.,-1.));
#3879=DIRECTION('',(0.,1.,0.));
#3880=DIRECTION('',(7.70988211545247E-16,0.,-1.));
#3881=DIRECTION('',(0.,1.,0.));
#3882=DIRECTION('',(5.78241158658937E-16,0.,-1.));
#3883=DIRECTION('',(0.,1.,0.));
#3884=DIRECTION('',(7.70988211545247E-16,0.,-1.));
#3885=DIRECTION('',(0.,1.,0.));
#3886=DIRECTION('',(4.95635278850516E-16,0.,-1.));
#3887=DIRECTION('',(0.,1.,0.));
#3888=DIRECTION('',(0.,0.,-1.));
#3889=DIRECTION('',(-1.,0.,0.));
#3890=DIRECTION('',(-1.,0.,0.));
#3891=DIRECTION('',(0.,1.,0.));
#3892=DIRECTION('',(-1.,0.,0.));
#3893=DIRECTION('',(0.,1.,0.));
#3894=DIRECTION('',(0.,0.,1.));
#3895=DIRECTION('',(0.,1.,0.));
#3896=DIRECTION('',(0.,0.,1.));
#3897=DIRECTION('',(0.,1.,0.));
#3898=DIRECTION('',(0.,1.,0.));
#3899=DIRECTION('',(0.,0.,1.));
#3900=DIRECTION('',(0.,0.,-1.));
#3901=DIRECTION('',(-1.,0.,0.));
#3902=DIRECTION('',(-1.,0.,0.));
#3903=DIRECTION('',(-1.,0.,0.));
#3904=DIRECTION('',(0.,0.,-1.));
#3905=DIRECTION('',(-1.,0.,0.));
#3906=DIRECTION('',(0.,1.,0.));
#3907=DIRECTION('',(-1.,0.,0.));
#3908=DIRECTION('',(1.,0.,5.23690105955263E-16));
#3909=DIRECTION('',(5.23690105955263E-16,0.,-1.));
#3910=DIRECTION('',(0.,1.,0.));
#3911=DIRECTION('',(5.23690105955263E-16,0.,-1.));
#3912=DIRECTION('',(0.,0.,-1.));
#3913=DIRECTION('',(-1.,0.,0.));
#3914=DIRECTION('',(-1.,0.,0.));
#3915=DIRECTION('',(0.,0.,-1.));
#3916=DIRECTION('',(-1.,0.,0.));
#3917=DIRECTION('',(-1.,0.,0.));
#3918=DIRECTION('',(0.,1.,0.));
#3919=DIRECTION('',(-1.,0.,0.));
#3920=DIRECTION('',(0.,1.,0.));
#3921=DIRECTION('',(0.,0.,1.));
#3922=DIRECTION('',(0.,1.,0.));
#3923=DIRECTION('',(0.,0.,1.));
#3924=DIRECTION('',(0.,1.,0.));
#3925=DIRECTION('',(0.,1.,0.));
#3926=DIRECTION('',(0.,0.,1.));
#3927=DIRECTION('',(0.,0.,-1.));
#3928=DIRECTION('',(-1.,0.,0.));
#3929=DIRECTION('',(-1.,0.,0.));
#3930=DIRECTION('',(-1.,0.,0.));
#3931=DIRECTION('',(0.,1.,0.));
#3932=DIRECTION('',(-1.,0.,0.));
#3933=DIRECTION('',(0.,1.,0.));
#3934=DIRECTION('',(-1.,0.,0.));
#3935=DIRECTION('',(0.,1.,0.));
#3936=DIRECTION('',(0.,0.,1.));
#3937=DIRECTION('',(0.,1.,0.));
#3938=DIRECTION('',(-1.,0.,0.));
#3939=DIRECTION('',(0.,1.,0.));
#3940=DIRECTION('',(0.,0.,1.));
#3941=DIRECTION('',(0.,1.,0.));
#3942=DIRECTION('',(0.,0.,1.));
#3943=DIRECTION('',(0.,1.,0.));
#3944=DIRECTION('',(0.,0.,1.));
#3945=DIRECTION('',(0.,1.,0.));
#3946=DIRECTION('',(-1.,0.,0.));
#3947=DIRECTION('',(0.,1.,0.));
#3948=DIRECTION('',(0.,0.,1.));
#3949=DIRECTION('',(0.,1.,0.));
#3950=DIRECTION('',(0.,0.,1.));
#3951=DIRECTION('',(0.,1.,0.));
#3952=DIRECTION('',(-1.,0.,0.));
#3953=DIRECTION('',(0.,0.,1.));
#3954=DIRECTION('',(1.,0.,0.));
#3955=DIRECTION('',(0.,0.,1.));
#3956=DIRECTION('',(1.,0.,0.));
#3957=DIRECTION('',(-1.,0.,0.));
#3958=DIRECTION('',(0.,-1.,0.));
#3959=DIRECTION('',(0.,0.,1.));
#3960=DIRECTION('',(1.,0.,0.));
#3961=DIRECTION('',(0.707106781186548,0.,-0.707106781186548));
#3962=DIRECTION('',(-0.707106781186548,0.,-0.707106781186548));
#3963=DIRECTION('',(0.,-1.,0.));
#3964=DIRECTION('',(0.707106781186548,0.,0.707106781186548));
#3965=DIRECTION('',(0.,-1.,0.));
#3966=DIRECTION('',(0.707106781186548,0.,0.707106781186548));
#3967=DIRECTION('',(-1.,0.,0.));
#3968=DIRECTION('',(0.,0.,1.));
#3969=DIRECTION('',(0.,0.,-1.));
#3970=DIRECTION('',(0.,-1.,0.));
#3971=DIRECTION('',(0.,0.,-1.));
#3972=DIRECTION('',(0.,-1.,0.));
#3973=DIRECTION('',(0.,0.,-1.));
#3974=DIRECTION('',(0.,0.,-1.));
#3975=DIRECTION('',(0.,0.,-1.));
#3976=DIRECTION('',(-1.,0.,0.));
#3977=DIRECTION('',(1.,0.,0.));
#3978=DIRECTION('',(0.,-1.,0.));
#3979=DIRECTION('',(1.,0.,0.));
#3980=DIRECTION('',(0.,-1.,0.));
#3981=DIRECTION('',(0.,0.,-1.));
#3982=DIRECTION('',(0.,-1.,0.));
#3983=DIRECTION('',(0.,0.,-1.));
#3984=DIRECTION('',(0.,-1.,0.));
#3985=DIRECTION('',(0.,-1.,0.));
#3986=DIRECTION('',(0.,0.,-1.));
#3987=DIRECTION('',(1.,0.,0.));
#3988=DIRECTION('',(0.,0.,-1.));
#3989=DIRECTION('',(0.,0.,1.));
#3990=DIRECTION('',(0.,-1.,0.));
#3991=DIRECTION('',(0.,0.,1.));
#3992=DIRECTION('',(0.,0.,1.));
#3993=DIRECTION('',(1.,0.,0.));
#3994=DIRECTION('',(0.,0.,1.));
#3995=DIRECTION('',(1.,0.,0.));
#3996=DIRECTION('',(0.,-1.,0.));
#3997=DIRECTION('',(-1.,0.,0.));
#3998=DIRECTION('',(0.,-1.,0.));
#3999=DIRECTION('',(-1.,0.,0.));
#4000=DIRECTION('',(-1.,0.,0.));
#4001=DIRECTION('',(0.,0.,1.));
#4002=DIRECTION('',(1.,0.,0.));
#4003=DIRECTION('',(1.,0.,0.));
#4004=DIRECTION('',(0.,0.,-1.));
#4005=DIRECTION('',(0.,0.,1.));
#4006=DIRECTION('',(0.,-1.,0.));
#4007=DIRECTION('',(0.,0.,1.));
#4008=DIRECTION('',(0.,-1.,0.));
#4009=DIRECTION('',(0.,0.,-1.));
#4010=DIRECTION('',(0.,-1.,0.));
#4011=DIRECTION('',(0.,0.,-1.));
#4012=DIRECTION('',(0.,-1.,0.));
#4013=DIRECTION('',(0.,-1.,0.));
#4014=DIRECTION('',(0.,0.,-1.));
#4015=DIRECTION('',(0.,0.,1.));
#4016=DIRECTION('',(1.,0.,0.));
#4017=DIRECTION('',(-1.,0.,0.));
#4018=DIRECTION('',(0.,-1.,0.));
#4019=DIRECTION('',(-1.,0.,0.));
#4020=DIRECTION('',(-1.,0.,0.));
#4021=DIRECTION('',(0.,0.,1.));
#4022=DIRECTION('',(0.,0.,1.));
#4023=DIRECTION('',(0.,0.,-1.));
#4024=DIRECTION('',(0.,-1.,0.));
#4025=DIRECTION('',(0.,0.,-1.));
#4026=DIRECTION('',(0.,0.,-1.));
#4027=DIRECTION('',(-0.707106781186548,0.,-0.707106781186548));
#4028=DIRECTION('',(-0.707106781186548,0.,0.707106781186548));
#4029=DIRECTION('',(0.707106781186548,0.,-0.707106781186548));
#4030=DIRECTION('',(0.,-1.,0.));
#4031=DIRECTION('',(0.707106781186548,0.,-0.707106781186548));
#4032=DIRECTION('',(0.,-1.,0.));
#4033=DIRECTION('',(1.,0.,0.));
#4034=DIRECTION('',(0.,0.,-1.));
#4035=DIRECTION('',(0.,0.,-1.));
#4036=DIRECTION('',(0.,-1.,0.));
#4037=DIRECTION('',(1.,0.,0.));
#4038=DIRECTION('',(0.,-1.,0.));
#4039=DIRECTION('',(0.,0.,-1.));
#4040=DIRECTION('',(0.,-1.,0.));
#4041=DIRECTION('',(1.,0.,0.));
#4042=DIRECTION('',(0.,-1.,0.));
#4043=DIRECTION('',(0.,0.,-1.));
#4044=DIRECTION('',(0.,-1.,0.));
#4045=DIRECTION('',(1.,0.,0.));
#4046=DIRECTION('',(0.,-1.,0.));
#4047=DIRECTION('',(1.,0.,0.));
#4048=DIRECTION('',(0.,-1.,0.));
#4049=DIRECTION('',(1.,0.,0.));
#4050=DIRECTION('',(0.,-1.,0.));
#4051=DIRECTION('',(0.,0.,-1.));
#4052=DIRECTION('',(0.,-1.,0.));
#4053=DIRECTION('',(0.,0.,-1.));
#4054=DIRECTION('',(0.,-1.,0.));
#4055=DIRECTION('',(1.,0.,0.));
#4056=DIRECTION('',(0.,-1.,0.));
#4057=DIRECTION('',(0.,0.,-1.));
#4058=DIRECTION('',(0.,-1.,0.));
#4059=DIRECTION('',(0.,0.,-1.));
#4060=DIRECTION('',(0.,0.,1.));
#4061=DIRECTION('',(1.,0.,0.));
#4062=DIRECTION('',(-1.,0.,0.));
#4063=DIRECTION('',(0.,0.,1.));
#4064=DIRECTION('',(1.,0.,0.));
#4065=DIRECTION('',(0.,0.,1.));
#4066=DIRECTION('',(1.,0.,0.));
#4067=DIRECTION('',(0.,0.,1.));
#4068=DIRECTION('',(1.,0.,0.));
#4069=DIRECTION('',(-1.,0.,0.));
#4070=DIRECTION('',(0.,-1.,0.));
#4071=DIRECTION('',(1.,0.,0.));
#4072=DIRECTION('',(0.,0.,1.));
#4073=DIRECTION('',(1.,0.,0.));
#4074=DIRECTION('',(0.,1.,0.));
#4075=DIRECTION('',(1.,0.,0.));
#4076=DIRECTION('',(0.,1.,0.));
#4077=DIRECTION('',(1.,0.,0.));
#4078=DIRECTION('',(0.,0.,1.));
#4079=DIRECTION('',(1.,0.,0.));
#4080=DIRECTION('',(0.,1.,0.));
#4081=DIRECTION('',(0.,1.,0.));
#4082=DIRECTION('',(0.,0.,1.));
#4083=DIRECTION('',(1.,0.,0.));
#4084=DIRECTION('',(1.,0.,0.));
#4085=DIRECTION('',(0.,0.,-1.));
#4086=DIRECTION('',(0.,0.,-1.));
#4087=DIRECTION('',(0.,0.,1.));
#4088=DIRECTION('',(1.,0.,0.));
#4089=DIRECTION('',(0.,1.,0.));
#4090=DIRECTION('',(0.,0.,1.));
#4091=DIRECTION('',(1.,0.,0.));
#4092=DIRECTION('',(0.,1.,0.));
#4093=DIRECTION('',(1.,0.,0.));
#4094=DIRECTION('',(0.,0.,-1.));
#4095=DIRECTION('',(0.,0.,1.));
#4096=DIRECTION('',(-1.,0.,0.));
#4097=DIRECTION('',(0.,0.,1.));
#4098=DIRECTION('',(0.,-0.919145030018058,-0.393919298579168));
#4099=DIRECTION('',(0.,-0.393919298579168,0.919145030018058));
#4100=DIRECTION('',(-1.,0.,0.));
#4101=DIRECTION('',(0.,0.,1.));
#4102=DIRECTION('',(0.,1.,0.));
#4103=DIRECTION('',(1.,0.,0.));
#4104=DIRECTION('',(0.,0.,-1.));
#4105=DIRECTION('',(0.,1.,0.));
#4106=DIRECTION('',(-1.,0.,0.));
#4107=DIRECTION('',(0.,0.,1.));
#4108=DIRECTION('',(0.,-0.393919298579168,0.919145030018058));
#4109=DIRECTION('',(0.,-0.919145030018058,-0.393919298579168));
#4110=DIRECTION('',(0.,0.393919298579168,-0.919145030018058));
#4111=DIRECTION('',(0.,-0.393919298579168,0.919145030018058));
#4112=DIRECTION('',(1.,0.,0.));
#4113=DIRECTION('',(0.,-0.393919298579168,0.919145030018058));
#4114=DIRECTION('',(1.,0.,0.));
#4115=DIRECTION('',(0.,-0.393919298579168,0.919145030018058));
#4116=DIRECTION('',(0.,-0.919145030018058,-0.393919298579168));
#4117=DIRECTION('',(0.,-0.393919298579168,0.919145030018058));
#4118=DIRECTION('',(0.,-0.919145030018058,-0.393919298579168));
#4119=DIRECTION('',(1.,0.,0.));
#4120=DIRECTION('',(0.,-0.919145030018058,-0.393919298579168));
#4121=DIRECTION('',(0.,-0.393919298579168,0.919145030018058));
#4122=DIRECTION('',(0.,-0.919145030018058,-0.393919298579168));
#4123=DIRECTION('',(0.,-0.393919298579168,0.919145030018058));
#4124=DIRECTION('',(0.,-0.919145030018058,-0.393919298579168));
#4125=DIRECTION('',(0.,0.393919298579168,-0.919145030018058));
#4126=DIRECTION('',(-1.,0.,0.));
#4127=DIRECTION('',(0.,-0.393919298579168,0.919145030018058));
#4128=DIRECTION('',(0.,-0.919145030018058,-0.393919298579168));
#4129=DIRECTION('',(0.,-0.393919298579168,0.919145030018058));
#4130=DIRECTION('',(0.,-0.919145030018058,-0.393919298579168));
#4131=DIRECTION('',(0.,0.393919298579168,-0.919145030018058));
#4132=DIRECTION('',(-1.,0.,0.));
#4133=DIRECTION('',(0.,0.,1.));
#4134=DIRECTION('',(1.,0.,0.));
#4135=DIRECTION('',(-8.67361737988403E-16,0.,-1.));
#4136=DIRECTION('',(-1.,0.,8.67361737988403E-16));
#4137=DIRECTION('',(1.,0.,0.));
#4138=DIRECTION('',(0.,0.,-1.));
#4139=DIRECTION('',(1.,0.,0.));
#4140=DIRECTION('',(0.,0.,-1.));
#4141=DIRECTION('',(-1.,0.,0.));
#4142=DIRECTION('',(0.,0.,1.));
#4143=DIRECTION('',(0.,0.,-1.));
#4144=DIRECTION('',(-1.,0.,0.));
#4145=DIRECTION('',(0.,0.,-1.));
#4146=DIRECTION('',(-1.,0.,0.));
#4147=DIRECTION('',(0.,-1.,0.));
#4148=DIRECTION('',(0.,0.,-1.));
#4149=DIRECTION('',(0.,-1.,0.));
#4150=DIRECTION('',(0.,0.,-1.));
#4151=DIRECTION('',(0.,-1.,0.));
#4152=DIRECTION('',(0.,0.,-1.));
#4153=DIRECTION('',(0.,1.,0.));
#4154=DIRECTION('',(0.,0.,1.));
#4155=DIRECTION('',(0.,1.,0.));
#4156=DIRECTION('',(0.,0.,1.));
#4157=DIRECTION('',(0.,0.,-1.));
#4158=DIRECTION('',(-1.,0.,0.));
#4159=DIRECTION('',(0.,0.,1.));
#4160=DIRECTION('',(1.,0.,0.));
#4161=DIRECTION('',(0.,0.,1.));
#4162=DIRECTION('',(1.,0.,0.));
#4163=DIRECTION('',(0.,5.55111512312578E-15,1.));
#4164=DIRECTION('',(0.,-1.,5.55111512312578E-15));
#4165=DIRECTION('',(0.,-1.,0.));
#4166=DIRECTION('',(0.,0.,-1.));
#4167=DIRECTION('',(0.,1.,0.));
#4168=DIRECTION('',(0.,0.,1.));
#4169=DIRECTION('',(-1.,0.,0.));
#4170=DIRECTION('',(0.,0.,1.));
#4171=DIRECTION('',(1.,0.,0.));
#4172=DIRECTION('',(0.,0.,-1.));
#4173=DIRECTION('',(-1.,0.,0.));
#4174=DIRECTION('',(0.,0.,1.));
#4175=DIRECTION('',(0.,0.,-1.));
#4176=DIRECTION('',(-1.,0.,0.));
#4177=DIRECTION('',(-8.67361737988403E-16,0.,-1.));
#4178=DIRECTION('',(-1.,0.,8.67361737988403E-16));
#4179=DIRECTION('',(1.,-3.46944695195362E-16,0.));
#4180=DIRECTION('',(3.46944695195362E-16,1.,0.));
#4181=DIRECTION('',(0.,-0.919145030018058,-0.393919298579166));
#4182=DIRECTION('',(0.,0.393919298579167,-0.919145030018058));
#4183=DIRECTION('',(-1.,-6.93889390390723E-16,-5.55111512312578E-15));
#4184=DIRECTION('',(-5.55111512312578E-15,0.,1.));
#4185=DIRECTION('',(3.4622613447537E-15,-0.919145030018058,-0.393919298579167));
#4186=DIRECTION('',(0.,0.393919298579167,-0.919145030018058));
#4187=DIRECTION('',(0.,0.,-1.));
#4188=DIRECTION('',(-1.,0.,0.));
#4189=DIRECTION('',(0.,0.,-1.));
#4190=DIRECTION('',(-1.,0.,0.));
#4191=DIRECTION('',(0.,0.,1.));
#4192=DIRECTION('',(1.,0.,0.));
#4193=DIRECTION('',(0.,0.,1.));
#4194=DIRECTION('',(1.,0.,0.));
#4195=DIRECTION('',(0.,0.919145030018058,0.393919298579168));
#4196=DIRECTION('',(0.,-0.393919298579168,0.919145030018058));
#4197=DIRECTION('',(-1.59446246139973E-15,0.919145030018058,0.393919298579167));
#4198=DIRECTION('',(0.,-0.393919298579167,0.919145030018058));
#4199=DIRECTION('',(0.,0.919145030018058,0.393919298579168));
#4200=DIRECTION('',(0.,-0.393919298579168,0.919145030018058));
#4201=DIRECTION('',(0.,0.919145030018058,0.393919298579168));
#4202=DIRECTION('',(0.,-0.393919298579168,0.919145030018058));
#4203=DIRECTION('',(0.,0.,-1.));
#4204=DIRECTION('',(-1.,0.,0.));
#4205=DIRECTION('',(0.,0.,1.));
#4206=DIRECTION('',(1.,0.,0.));
#4207=DIRECTION('',(1.,6.93889390390723E-16,0.));
#4208=DIRECTION('',(-6.93889390390723E-16,1.,0.));
#4209=DIRECTION('',(-1.,6.93889390390723E-16,0.));
#4210=DIRECTION('',(-6.93889390390723E-16,-1.,0.));
#4211=DIRECTION('',(-1.,0.,0.));
#4212=DIRECTION('',(0.,0.,1.));
#4213=DIRECTION('',(-1.,0.,0.));
#4214=DIRECTION('',(0.,0.,1.));
#4215=DIRECTION('',(0.,-0.919145030018058,-0.393919298579168));
#4216=DIRECTION('',(0.,0.393919298579168,-0.919145030018058));
#4217=DIRECTION('',(0.,-0.393919298579168,0.919145030018058));
#4218=DIRECTION('',(1.,0.,0.));
#4219=DIRECTION('',(0.,1.,0.));
#4220=DIRECTION('',(0.,0.,1.));
#4221=DIRECTION('',(-0.707106781186548,0.707106781186548,0.));
#4222=DIRECTION('',(-0.707106781186548,-0.707106781186548,0.));
#4223=DIRECTION('',(0.707106781186548,0.707106781186548,0.));
#4224=DIRECTION('',(0.707106781186548,-0.707106781186548,0.));
#4225=DIRECTION('',(1.,0.,0.));
#4226=DIRECTION('',(0.,0.,-1.));
#4227=DIRECTION('',(0.707106781186548,-0.707106781186548,0.));
#4228=DIRECTION('',(-0.707106781186548,-0.707106781186548,0.));
#4229=DIRECTION('',(-1.,0.,0.));
#4230=DIRECTION('',(0.,0.,1.));
#4231=DIRECTION('',(-0.707106781186548,-0.707106781186548,0.));
#4232=DIRECTION('',(0.707106781186548,-0.707106781186548,0.));
#4233=DIRECTION('',(0.,-1.,0.));
#4234=DIRECTION('',(0.,0.,-1.));
#4235=DIRECTION('',(-1.,0.,0.));
#4236=DIRECTION('',(0.,0.,1.));
#4237=DIRECTION('',(-0.707106781186548,0.707106781186548,0.));
#4238=DIRECTION('',(-0.707106781186548,-0.707106781186548,0.));
#4239=DIRECTION('',(-0.707106781186548,-0.707106781186548,0.));
#4240=DIRECTION('',(0.707106781186548,-0.707106781186548,0.));
#4241=DIRECTION('',(0.,-1.,0.));
#4242=DIRECTION('',(0.,0.,-1.));
#4243=DIRECTION('',(0.707106781186548,-0.707106781186548,0.));
#4244=DIRECTION('',(0.707106781186548,0.707106781186548,0.));
#4245=DIRECTION('',(0.,1.,0.));
#4246=DIRECTION('',(0.,0.,1.));
#4247=DIRECTION('',(0.707106781186548,0.707106781186548,0.));
#4248=DIRECTION('',(0.707106781186548,-0.707106781186548,0.));
#4249=DIRECTION('',(1.,0.,0.));
#4250=DIRECTION('',(0.,0.,-1.));
#4251=DIRECTION('',(-1.,0.,0.));
#4252=DIRECTION('',(0.,0.,1.));
#4253=DIRECTION('',(0.,0.,-1.));
#4254=DIRECTION('',(-1.,0.,0.));
#4255=DIRECTION('',(0.,0.,1.));
#4256=DIRECTION('',(0.,0.,-1.));
#4257=DIRECTION('',(0.,0.,-1.));
#4258=DIRECTION('',(-1.,0.,0.));
#4259=DIRECTION('',(0.,0.,1.));
#4260=DIRECTION('',(1.,0.,0.));
#4261=DIRECTION('',(1.,0.,0.));
#4262=DIRECTION('',(0.,0.,-1.));
#4263=DIRECTION('',(0.,1.,0.));
#4264=DIRECTION('',(1.,0.,0.));
#4265=DIRECTION('',(0.,0.,-1.));
#4266=DIRECTION('',(0.,1.,0.));
#4267=DIRECTION('',(1.,0.,0.));
#4268=DIRECTION('',(0.,0.,-1.));
#4269=DIRECTION('',(0.,0.,1.));
#4270=DIRECTION('',(1.,0.,0.));
#4271=DIRECTION('',(1.,0.,0.));
#4272=DIRECTION('',(1.,0.,0.));
#4273=DIRECTION('',(0.,0.,-1.));
#4274=DIRECTION('',(-1.,0.,0.));
#4275=DIRECTION('',(1.,0.,0.));
#4276=DIRECTION('',(0.,0.,-1.));
#4277=DIRECTION('',(-1.,0.,0.));
#4278=DIRECTION('',(0.,0.,1.));
#4279=DIRECTION('',(0.,-1.,0.));
#4280=DIRECTION('',(0.,0.,-1.));
#4281=DIRECTION('',(1.7203869183241E-16,0.,1.));
#4282=DIRECTION('',(1.,0.,0.));
#4283=DIRECTION('',(1.7203869183241E-16,0.,1.));
#4284=DIRECTION('',(0.,0.,-1.));
#4285=DIRECTION('',(1.,0.,0.));
#4286=DIRECTION('',(0.,0.,-1.));
#4287=DIRECTION('',(-1.,0.,0.));
#4288=DIRECTION('',(0.,0.,-1.));
#4289=DIRECTION('',(-1.,0.,0.));
#4290=DIRECTION('',(1.7203869183241E-16,0.,1.));
#4291=DIRECTION('',(1.,0.,-1.7203869183241E-16));
#4292=DIRECTION('',(-1.7203869183241E-16,0.,-1.));
#4293=DIRECTION('',(-1.,0.,1.7203869183241E-16));
#4294=DIRECTION('',(1.,0.,0.));
#4295=DIRECTION('',(0.,0.,-1.));
#4296=DIRECTION('',(0.,1.,0.));
#4297=DIRECTION('',(0.,0.,-1.));
#4298=DIRECTION('',(0.,1.,0.));
#4299=DIRECTION('',(0.,0.,1.));
#4300=DIRECTION('',(0.,1.,0.));
#4301=DIRECTION('',(0.,1.,0.));
#4302=DIRECTION('',(0.,0.,1.));
#4303=DIRECTION('',(1.,0.,-1.7347234759768E-16));
#4304=DIRECTION('',(-1.7347234759768E-16,0.,-1.));
#4305=DIRECTION('',(-1.7347234759768E-16,0.,-1.));
#4306=DIRECTION('',(0.,1.,0.));
#4307=DIRECTION('',(-1.,0.,0.));
#4308=DIRECTION('',(0.,1.,0.));
#4309=DIRECTION('',(0.,0.,1.));
#4310=DIRECTION('',(-1.,0.,0.));
#4311=DIRECTION('',(0.,0.,1.));
#4312=DIRECTION('',(0.,0.,1.));
#4313=DIRECTION('',(0.,1.,0.));
#4314=DIRECTION('',(-1.,0.,0.));
#4315=DIRECTION('',(0.,0.,1.));
#4316=DIRECTION('',(0.,1.,0.));
#4317=DIRECTION('',(0.,0.,1.));
#4318=DIRECTION('',(0.,1.,0.));
#4319=DIRECTION('',(0.,0.,1.));
#4320=DIRECTION('',(0.,1.,0.));
#4321=DIRECTION('',(0.,0.,1.));
#4322=DIRECTION('',(0.,1.,0.));
#4323=DIRECTION('',(-1.,0.,0.));
#4324=DIRECTION('',(0.,1.,0.));
#4325=DIRECTION('',(0.,0.,1.));
#4326=DIRECTION('',(0.,1.,0.));
#4327=DIRECTION('',(-1.,0.,0.));
#4328=DIRECTION('',(0.,1.,0.));
#4329=DIRECTION('',(0.,0.,1.));
#4330=DIRECTION('',(0.,1.,0.));
#4331=DIRECTION('',(0.,0.,1.));
#4332=DIRECTION('',(0.,1.,0.));
#4333=DIRECTION('',(-1.,0.,0.));
#4334=DIRECTION('',(0.,1.,0.));
#4335=DIRECTION('',(0.,0.,1.));
#4336=DIRECTION('',(0.,1.,0.));
#4337=DIRECTION('',(0.,0.,1.));
#4338=CARTESIAN_POINT('',(0.,0.,0.));
#4339=CARTESIAN_POINT('',(0.,0.0175,0.155));
#4340=CARTESIAN_POINT('',(-0.0095,0.0175,0.0905));
#4341=CARTESIAN_POINT('',(-0.0095,0.0175,0.1045));
#4342=CARTESIAN_POINT('',(-0.0095,0.0175,0.078));
#4343=CARTESIAN_POINT('',(3.46944695195361E-18,0.0175,0.078));
#4344=CARTESIAN_POINT('',(0.0095,0.0175,0.078));
#4345=CARTESIAN_POINT('',(0.0095,0.0175,0.09125));
#4346=CARTESIAN_POINT('',(0.0095,0.0175,0.1045));
#4347=CARTESIAN_POINT('',(-1.04083408558608E-17,0.0175,0.1045));
#4348=CARTESIAN_POINT('',(-0.003,0.0175,0.00925));
#4349=CARTESIAN_POINT('',(-0.003,0.0175,0.008));
#4350=CARTESIAN_POINT('',(-0.003,0.0175,0.0105));
#4351=CARTESIAN_POINT('',(0.,0.0175,0.008));
#4352=CARTESIAN_POINT('',(0.,0.0175,0.005));
#4353=CARTESIAN_POINT('',(0.,0.0175,0.005));
#4354=CARTESIAN_POINT('',(-0.015,0.0175,0.005));
#4355=CARTESIAN_POINT('',(-0.015,0.0175,0.155));
#4356=CARTESIAN_POINT('',(-0.015,0.0175,0.1095));
#4357=CARTESIAN_POINT('',(-3.46944695195361E-18,0.0175,0.1095));
#4358=CARTESIAN_POINT('',(0.015,0.0175,0.1095));
#4359=CARTESIAN_POINT('',(0.015,0.0175,0.));
#4360=CARTESIAN_POINT('',(0.015,0.0175,0.005));
#4361=CARTESIAN_POINT('',(0.,0.0175,0.005));
#4362=CARTESIAN_POINT('',(0.,0.0175,0.008));
#4363=CARTESIAN_POINT('',(0.003,0.0175,0.008));
#4364=CARTESIAN_POINT('',(0.003,0.0175,0.00925));
#4365=CARTESIAN_POINT('',(0.003,0.0175,0.0105));
#4366=CARTESIAN_POINT('',(-0.01225,0.0175,0.0105));
#4367=CARTESIAN_POINT('',(0.01425,0.0175,0.0105));
#4368=CARTESIAN_POINT('',(0.01425,0.0175,0.04075));
#4369=CARTESIAN_POINT('',(0.01425,0.0175,0.071));
#4370=CARTESIAN_POINT('',(-0.01225,0.0175,0.071));
#4371=CARTESIAN_POINT('',(0.003,0.0175,0.071));
#4372=CARTESIAN_POINT('',(0.003,0.0175,0.07225));
#4373=CARTESIAN_POINT('',(0.003,0.0175,0.0735));
#4374=CARTESIAN_POINT('',(0.,0.0175,0.0735));
#4375=CARTESIAN_POINT('',(-0.003,0.0175,0.0735));
#4376=CARTESIAN_POINT('',(-0.003,0.0175,0.07225));
#4377=CARTESIAN_POINT('',(-0.003,0.0175,0.071));
#4378=CARTESIAN_POINT('',(-0.01225,0.0175,0.071));
#4379=CARTESIAN_POINT('',(-0.01425,0.0175,0.071));
#4380=CARTESIAN_POINT('',(-0.01425,0.0175,0.04075));
#4381=CARTESIAN_POINT('',(-0.01425,0.0175,0.0105));
#4382=CARTESIAN_POINT('',(-0.01225,0.0175,0.0105));
#4383=CARTESIAN_POINT('',(-1.38777878078145E-17,-0.0075,0.071));
#4384=CARTESIAN_POINT('',(-0.011,0.012,0.071));
#4385=CARTESIAN_POINT('',(0.013,0.012,0.071));
#4386=CARTESIAN_POINT('',(-0.013,0.012,0.071));
#4387=CARTESIAN_POINT('',(-0.013,0.,0.071));
#4388=CARTESIAN_POINT('',(-0.013,-0.002,0.071));
#4389=CARTESIAN_POINT('',(-1.38777878078145E-17,-0.002,0.071));
#4390=CARTESIAN_POINT('',(0.013,-0.002,0.071));
#4391=CARTESIAN_POINT('',(0.013,-0.0075,0.071));
#4392=CARTESIAN_POINT('',(0.01025,0.0175,0.071));
#4393=CARTESIAN_POINT('',(0.01025,-0.0045,0.071));
#4394=CARTESIAN_POINT('',(0.01025,-0.0075,0.071));
#4395=CARTESIAN_POINT('',(0.00825,-0.0045,0.071));
#4396=CARTESIAN_POINT('',(0.00825,-0.0025,0.071));
#4397=CARTESIAN_POINT('',(-1.21430643318376E-17,-0.0025,0.071));
#4398=CARTESIAN_POINT('',(-0.00825,-0.0025,0.071));
#4399=CARTESIAN_POINT('',(-0.00825,-0.0045,0.071));
#4400=CARTESIAN_POINT('',(-0.01025,-0.0045,0.071));
#4401=CARTESIAN_POINT('',(-0.01025,0.0175,0.071));
#4402=CARTESIAN_POINT('',(-0.01025,-0.0075,0.071));
#4403=CARTESIAN_POINT('',(-1.38777878078145E-17,-0.0075,0.071));
#4404=CARTESIAN_POINT('',(-0.01225,0.016,0.071));
#4405=CARTESIAN_POINT('',(-0.003,0.016,0.071));
#4406=CARTESIAN_POINT('',(0.003,0.016,0.071));
#4407=CARTESIAN_POINT('',(0.003,0.016,0.071));
#4408=CARTESIAN_POINT('',(0.01425,0.0175,0.071));
#4409=CARTESIAN_POINT('',(0.01425,-0.009,0.071));
#4410=CARTESIAN_POINT('',(0.01125,-0.009,0.071));
#4411=CARTESIAN_POINT('',(0.01125,-0.012,0.071));
#4412=CARTESIAN_POINT('',(8.67361737988404E-18,-0.012,0.071));
#4413=CARTESIAN_POINT('',(-0.01125,-0.012,0.071));
#4414=CARTESIAN_POINT('',(-0.01125,-0.009,0.071));
#4415=CARTESIAN_POINT('',(-0.01425,-0.009,0.071));
#4416=CARTESIAN_POINT('',(-0.01425,0.0175,0.071));
#4417=CARTESIAN_POINT('',(-0.003,0.016,0.071));
#4418=CARTESIAN_POINT('',(-0.01425,0.0175,0.04075));
#4419=CARTESIAN_POINT('',(-0.01425,-0.009,0.069));
#4420=CARTESIAN_POINT('',(-0.01425,-0.009,0.069));
#4421=CARTESIAN_POINT('',(-0.01425,0.0175,0.069));
#4422=CARTESIAN_POINT('',(-0.01425,-0.0175,0.069));
#4423=CARTESIAN_POINT('',(-0.01425,-0.0175,0.04075));
#4424=CARTESIAN_POINT('',(-0.01425,-0.0175,0.005));
#4425=CARTESIAN_POINT('',(-0.01425,-0.0125,0.005));
#4426=CARTESIAN_POINT('',(-0.01425,-0.0170825756949559,0.003));
#4427=CARTESIAN_POINT('',(-0.01425,-0.0095,0.003));
#4428=CARTESIAN_POINT('',(-0.01425,-0.0145,0.003));
#4429=CARTESIAN_POINT('',(-0.01425,-0.0145,-8.67361737988404E-19));
#4430=CARTESIAN_POINT('',(-0.01425,-0.0145,0.00041742430504416));
#4431=CARTESIAN_POINT('',(-0.01425,-0.0125,0.005));
#4432=CARTESIAN_POINT('',(-0.01425,-0.0125,-8.67361737988404E-19));
#4433=CARTESIAN_POINT('',(-0.01425,-0.0095,-8.67361737988404E-19));
#4434=CARTESIAN_POINT('',(-0.01425,-0.0095,-8.67361737988404E-19));
#4435=CARTESIAN_POINT('',(-0.01425,-0.0095,0.00675));
#4436=CARTESIAN_POINT('',(-0.01425,-0.0095,0.0105));
#4437=CARTESIAN_POINT('',(-0.01425,0.0175,0.0105));
#4438=CARTESIAN_POINT('',(0.,0.0175,0.155));
#4439=CARTESIAN_POINT('',(0.01325,0.0175,0.154835848657994));
#4440=CARTESIAN_POINT('',(0.01325,0.0175,0.156460848657995));
#4441=CARTESIAN_POINT('',(0.01325,0.0175,0.1555));
#4442=CARTESIAN_POINT('',(0.01325,0.0175,0.155));
#4443=CARTESIAN_POINT('',(0.01325,0.0175,0.162417304924383));
#4444=CARTESIAN_POINT('',(0.02,0.0175,0.162417304924383));
#4445=CARTESIAN_POINT('',(0.015,0.0175,0.162417304924383));
#4446=CARTESIAN_POINT('',(0.015,0.0175,0.));
#4447=CARTESIAN_POINT('',(0.015,0.0175,0.1555));
#4448=CARTESIAN_POINT('',(-3.46944695195361E-18,0.0175,0.1555));
#4449=CARTESIAN_POINT('',(0.,-0.0175,0.155));
#4450=CARTESIAN_POINT('',(-0.01325,-0.0175,0.155));
#4451=CARTESIAN_POINT('',(-0.01325,-0.0144695964928958,0.156298744360187));
#4452=CARTESIAN_POINT('',(-0.01325,-0.00961334806130396,0.158379993688012));
#4453=CARTESIAN_POINT('',(0.01325,-0.00961334806130396,0.158379993688012));
#4454=CARTESIAN_POINT('',(0.01325,-0.00961334806130396,0.158379993688012));
#4455=CARTESIAN_POINT('',(0.01325,-0.0175,0.155));
#4456=CARTESIAN_POINT('',(0.01325,-0.0144695964928958,0.156298744360187));
#4457=CARTESIAN_POINT('',(0.,-0.0144695964928958,0.156298744360187));
#4458=CARTESIAN_POINT('',(0.015,-0.0144695964928958,0.156298744360187));
#4459=CARTESIAN_POINT('',(0.015,-0.0175,0.155));
#4460=CARTESIAN_POINT('',(0.015,0.0105304035071041,0.167013030074473));
#4461=CARTESIAN_POINT('',(-0.02,0.0105304035071041,0.167013030074473));
#4462=CARTESIAN_POINT('',(0.01325,0.0105304035071042,0.167013030074473));
#4463=CARTESIAN_POINT('',(0.01325,0.00708303846540335,0.165535587913745));
#4464=CARTESIAN_POINT('',(0.01325,0.00156818345118799,0.163172078621937));
#4465=CARTESIAN_POINT('',(1.7347234759768E-18,0.00156818345118801,0.163172078621937));
#4466=CARTESIAN_POINT('',(-0.01325,0.00156818345118801,0.163172078621937));
#4467=CARTESIAN_POINT('',(-0.01325,0.00708303846540335,0.165535587913745));
#4468=CARTESIAN_POINT('',(-0.01325,0.0105304035071042,0.167013030074473));
#4469=CARTESIAN_POINT('',(-0.02,0.0105304035071041,0.167013030074473));
#4470=CARTESIAN_POINT('',(-0.015,0.0105304035071041,0.167013030074473));
#4471=CARTESIAN_POINT('',(-0.015,-0.0175,0.155));
#4472=CARTESIAN_POINT('',(-0.015,-0.0144695964928958,0.156298744360187));
#4473=CARTESIAN_POINT('',(0.,-0.0144695964928958,0.156298744360187));
#4474=CARTESIAN_POINT('',(-3.46944695195361E-18,-0.0085,0.1555));
#4475=CARTESIAN_POINT('',(-0.01325,-0.0085,0.1555));
#4476=CARTESIAN_POINT('',(-0.01325,-0.0085,0.1555));
#4477=CARTESIAN_POINT('',(-0.01325,0.0175,0.1555));
#4478=CARTESIAN_POINT('',(-3.46944695195361E-18,-0.0085,0.1555));
#4479=CARTESIAN_POINT('',(-0.0175,-0.0085,0.1555));
#4480=CARTESIAN_POINT('',(-0.0175,-0.0085,0.1555));
#4481=CARTESIAN_POINT('',(-0.0175,0.0168301270189222,0.1555));
#4482=CARTESIAN_POINT('',(-0.015,0.0125,0.1555));
#4483=CARTESIAN_POINT('',(-0.015,0.0175,0.1555));
#4484=CARTESIAN_POINT('',(-3.46944695195361E-18,0.0175,0.1555));
#4485=CARTESIAN_POINT('',(0.,-0.0085,0.085));
#4486=CARTESIAN_POINT('',(-0.01325,-0.0085,0.085));
#4487=CARTESIAN_POINT('',(-0.01325,-0.0085,0.153210848657995));
#4488=CARTESIAN_POINT('',(0.,-0.0085,0.153210848657995));
#4489=CARTESIAN_POINT('',(0.01325,-0.0085,0.153210848657995));
#4490=CARTESIAN_POINT('',(0.01325,-0.0085,0.085));
#4491=CARTESIAN_POINT('',(0.01325,-0.0085,0.1555));
#4492=CARTESIAN_POINT('',(-3.46944695195361E-18,-0.0085,0.1555));
#4493=CARTESIAN_POINT('',(0.0175,-0.0085,0.1555));
#4494=CARTESIAN_POINT('',(0.0175,-0.0085,0.1325));
#4495=CARTESIAN_POINT('',(0.0175,-0.0085,0.1095));
#4496=CARTESIAN_POINT('',(-3.46944695195361E-18,-0.0085,0.1095));
#4497=CARTESIAN_POINT('',(-0.0175,-0.0085,0.1095));
#4498=CARTESIAN_POINT('',(-0.0175,-0.0085,0.1325));
#4499=CARTESIAN_POINT('',(0.,-0.0125,0.151703019210097));
#4500=CARTESIAN_POINT('',(0.,-0.0172672266944266,0.153210848657995));
#4501=CARTESIAN_POINT('',(-0.01325,-0.0172672266944266,0.153210848657995));
#4502=CARTESIAN_POINT('',(0.01325,-0.0172672266944266,0.153210848657995));
#4503=CARTESIAN_POINT('',(-0.01325,-0.0125,0.151703019210097));
#4504=CARTESIAN_POINT('',(-0.015,-0.0125,0.151703019210097));
#4505=CARTESIAN_POINT('',(-0.015,-0.0175,0.151703019210097));
#4506=CARTESIAN_POINT('',(0.,-0.0175,0.151703019210097));
#4507=CARTESIAN_POINT('',(0.015,-0.0175,0.151703019210097));
#4508=CARTESIAN_POINT('',(0.015,-0.0125,0.151703019210097));
#4509=CARTESIAN_POINT('',(0.01325,-0.0125,0.151703019210097));
#4510=CARTESIAN_POINT('',(0.,-0.0175,0.155));
#4511=CARTESIAN_POINT('',(6.93889390390723E-18,-0.0175,0.1055));
#4512=CARTESIAN_POINT('',(0.015,-0.0175,0.1055));
#4513=CARTESIAN_POINT('',(0.01475,-0.0175,0.1055));
#4514=CARTESIAN_POINT('',(0.01475,-0.0175,0.155));
#4515=CARTESIAN_POINT('',(0.01475,-0.0175,0.1));
#4516=CARTESIAN_POINT('',(0.00125,-0.0175,0.1));
#4517=CARTESIAN_POINT('',(0.015,-0.0175,0.1));
#4518=CARTESIAN_POINT('',(0.015,-0.0175,0.155));
#4519=CARTESIAN_POINT('',(6.93889390390723E-18,-0.0125,0.1055));
#4520=CARTESIAN_POINT('',(0.01375,-0.014,0.1055));
#4521=CARTESIAN_POINT('',(0.01625,-0.014,0.1055));
#4522=CARTESIAN_POINT('',(0.01125,-0.014,0.1055));
#4523=CARTESIAN_POINT('',(0.01475,-0.014,0.1055));
#4524=CARTESIAN_POINT('',(0.015,-0.0125,0.1055));
#4525=CARTESIAN_POINT('',(0.01625,-0.0173412291827593,0.1055));
#4526=CARTESIAN_POINT('',(0.01625,-0.014,0.1055));
#4527=CARTESIAN_POINT('',(0.,0.0125,0.162417304924383));
#4528=CARTESIAN_POINT('',(0.01325,0.0125,0.162417304924383));
#4529=CARTESIAN_POINT('',(0.015,0.0125,0.162417304924383));
#4530=CARTESIAN_POINT('',(0.,-0.0175,0.155));
#4531=CARTESIAN_POINT('',(-1.38777878078145E-17,-0.0175,0.069));
#4532=CARTESIAN_POINT('',(0.01425,-0.0175,0.069));
#4533=CARTESIAN_POINT('',(0.01425,-0.0175,0.04075));
#4534=CARTESIAN_POINT('',(0.01425,-0.0175,0.005));
#4535=CARTESIAN_POINT('',(0.02,-0.0175,0.005));
#4536=CARTESIAN_POINT('',(0.015,-0.0175,0.005));
#4537=CARTESIAN_POINT('',(0.015,-0.0175,0.155));
#4538=CARTESIAN_POINT('',(0.015,-0.0175,0.073));
#4539=CARTESIAN_POINT('',(0.00125,-0.0175,0.073));
#4540=CARTESIAN_POINT('',(-0.015,-0.0175,0.073));
#4541=CARTESIAN_POINT('',(-0.015,-0.0175,0.));
#4542=CARTESIAN_POINT('',(-0.015,-0.0175,0.005));
#4543=CARTESIAN_POINT('',(0.02,-0.0175,0.005));
#4544=CARTESIAN_POINT('',(0.,-0.0175,0.155));
#4545=CARTESIAN_POINT('',(0.00125,-0.0175,0.1));
#4546=CARTESIAN_POINT('',(-0.01475,-0.0175,0.1));
#4547=CARTESIAN_POINT('',(-0.015,-0.0175,0.1));
#4548=CARTESIAN_POINT('',(-0.01475,-0.0175,0.1055));
#4549=CARTESIAN_POINT('',(-0.01475,-0.0175,0.1055));
#4550=CARTESIAN_POINT('',(6.93889390390723E-18,-0.0175,0.1055));
#4551=CARTESIAN_POINT('',(-0.015,-0.0175,0.1055));
#4552=CARTESIAN_POINT('',(-0.015,-0.0175,0.09355));
#4553=CARTESIAN_POINT('',(0.,0.0175,0.155));
#4554=CARTESIAN_POINT('',(-0.01325,0.0175,0.155));
#4555=CARTESIAN_POINT('',(-0.01325,0.0175,0.162417304924383));
#4556=CARTESIAN_POINT('',(-0.01325,0.0175,0.156460848657995));
#4557=CARTESIAN_POINT('',(-0.01325,0.0175,0.154835848657994));
#4558=CARTESIAN_POINT('',(-0.015,0.0175,0.155));
#4559=CARTESIAN_POINT('',(-0.015,0.0175,0.162417304924383));
#4560=CARTESIAN_POINT('',(0.02,0.0175,0.162417304924383));
#4561=CARTESIAN_POINT('',(-0.011,0.005,0.111));
#4562=CARTESIAN_POINT('',(-0.011,0.,0.111));
#4563=CARTESIAN_POINT('',(-0.011,0.,0.1075));
#4564=CARTESIAN_POINT('',(-0.011,0.,0.073));
#4565=CARTESIAN_POINT('',(-0.011,0.01,0.073));
#4566=CARTESIAN_POINT('',(-0.011,0.01,0.073));
#4567=CARTESIAN_POINT('',(-0.011,0.01,0.111));
#4568=CARTESIAN_POINT('',(-0.011,0.01,0.1075));
#4569=CARTESIAN_POINT('',(-0.011,0.,0.1075));
#4570=CARTESIAN_POINT('',(0.0055,0.01,0.111));
#4571=CARTESIAN_POINT('',(0.011,0.01,0.073));
#4572=CARTESIAN_POINT('',(0.011,0.01,0.073));
#4573=CARTESIAN_POINT('',(0.011,0.01,0.111));
#4574=CARTESIAN_POINT('',(0.011,0.01,0.1075));
#4575=CARTESIAN_POINT('',(-0.011,0.01,0.1075));
#4576=CARTESIAN_POINT('',(0.011,0.005,0.111));
#4577=CARTESIAN_POINT('',(0.011,0.005,0.073));
#4578=CARTESIAN_POINT('',(0.011,0.,0.073));
#4579=CARTESIAN_POINT('',(0.011,0.,0.111));
#4580=CARTESIAN_POINT('',(0.011,0.,0.1075));
#4581=CARTESIAN_POINT('',(0.011,0.005,0.1075));
#4582=CARTESIAN_POINT('',(0.0055,0.,0.111));
#4583=CARTESIAN_POINT('',(0.0055,0.,0.073));
#4584=CARTESIAN_POINT('',(0.0055,0.,0.1075));
#4585=CARTESIAN_POINT('',(0.,-0.0175,0.155));
#4586=CARTESIAN_POINT('',(-0.015,-0.0175,0.09355));
#4587=CARTESIAN_POINT('',(-0.015,-0.0175,0.1445));
#4588=CARTESIAN_POINT('',(1.7347234759768E-18,-0.0175,0.1445));
#4589=CARTESIAN_POINT('',(0.015,-0.0175,0.1445));
#4590=CARTESIAN_POINT('',(0.015,-0.0175,0.155));
#4591=CARTESIAN_POINT('',(0.01025,0.0175,0.04075));
#4592=CARTESIAN_POINT('',(0.01025,0.0175,0.0105));
#4593=CARTESIAN_POINT('',(0.01025,-0.0045,0.0105));
#4594=CARTESIAN_POINT('',(0.01025,-0.0075,0.0105));
#4595=CARTESIAN_POINT('',(0.01025,-0.0045,0.071));
#4596=CARTESIAN_POINT('',(0.01025,-0.0075,0.04075));
#4597=CARTESIAN_POINT('',(-0.01025,0.0175,0.04075));
#4598=CARTESIAN_POINT('',(-0.01025,-0.0045,0.04075));
#4599=CARTESIAN_POINT('',(-0.01025,-0.0045,0.0105));
#4600=CARTESIAN_POINT('',(-0.01025,0.0175,0.0105));
#4601=CARTESIAN_POINT('',(-0.01025,-0.0075,0.0105));
#4602=CARTESIAN_POINT('',(-0.01025,-0.0075,0.04075));
#4603=CARTESIAN_POINT('',(8.67361737988404E-18,-0.0075,0.003));
#4604=CARTESIAN_POINT('',(-0.01425,-0.0170825756949559,0.003));
#4605=CARTESIAN_POINT('',(0.01425,-0.0170825756949559,0.003));
#4606=CARTESIAN_POINT('',(0.01425,-0.0095,0.003));
#4607=CARTESIAN_POINT('',(0.01425,-0.0145,0.003));
#4608=CARTESIAN_POINT('',(-5.20417042793042E-18,-0.0145,0.003));
#4609=CARTESIAN_POINT('',(0.,0.,0.));
#4610=CARTESIAN_POINT('',(0.015,-0.0175,0.));
#4611=CARTESIAN_POINT('',(0.015,0.0125,0.));
#4612=CARTESIAN_POINT('',(0.015,-0.0125,0.));
#4613=CARTESIAN_POINT('',(-0.02,-0.0125,0.));
#4614=CARTESIAN_POINT('',(0.01425,-0.0125,-8.67361737988404E-19));
#4615=CARTESIAN_POINT('',(0.01425,-0.0095,-8.67361737988404E-19));
#4616=CARTESIAN_POINT('',(0.01425,-0.0095,0.));
#4617=CARTESIAN_POINT('',(-5.20417042793042E-18,-0.0095,0.));
#4618=CARTESIAN_POINT('',(-0.02,-0.0125,0.));
#4619=CARTESIAN_POINT('',(-0.015,-0.0125,0.));
#4620=CARTESIAN_POINT('',(-0.015,0.,0.));
#4621=CARTESIAN_POINT('',(-0.015,0.0125,0.));
#4622=CARTESIAN_POINT('',(0.,0.0125,0.));
#4623=CARTESIAN_POINT('',(0.02,0.,0.155));
#4624=CARTESIAN_POINT('',(0.02,-0.000745920748483462,0.156740481746461));
#4625=CARTESIAN_POINT('',(0.02,0.0125,0.162417304924383));
#4626=CARTESIAN_POINT('',(0.02,-0.0125,0.151703019210097));
#4627=CARTESIAN_POINT('',(0.02,-0.0125,0.155));
#4628=CARTESIAN_POINT('',(0.02,-0.0125,0.005));
#4629=CARTESIAN_POINT('',(0.02,0.0175,0.005));
#4630=CARTESIAN_POINT('',(0.02,0.0125,0.005));
#4631=CARTESIAN_POINT('',(0.02,0.0125,0.17));
#4632=CARTESIAN_POINT('',(-0.02,0.,0.155));
#4633=CARTESIAN_POINT('',(-0.02,0.,0.005));
#4634=CARTESIAN_POINT('',(-0.02,0.0125,0.005));
#4635=CARTESIAN_POINT('',(-0.02,-0.0125,0.005));
#4636=CARTESIAN_POINT('',(-0.02,-0.0125,0.07995));
#4637=CARTESIAN_POINT('',(-0.02,-0.0125,0.07995));
#4638=CARTESIAN_POINT('',(-0.02,-0.0125,0.155));
#4639=CARTESIAN_POINT('',(-0.02,-0.0125,0.09355));
#4640=CARTESIAN_POINT('',(-0.02,-0.0125,0.155));
#4641=CARTESIAN_POINT('',(-0.02,-0.0125,0.151703019210097));
#4642=CARTESIAN_POINT('',(-0.02,0.0194695964928959,0.165404274849909));
#4643=CARTESIAN_POINT('',(-0.02,0.0125,0.162417304924383));
#4644=CARTESIAN_POINT('',(-0.02,0.0125,0.155));
#4645=CARTESIAN_POINT('',(-0.00925,-0.0075,0.0105));
#4646=CARTESIAN_POINT('',(-0.01225,0.016,0.0105));
#4647=CARTESIAN_POINT('',(-0.003,0.016,0.0105));
#4648=CARTESIAN_POINT('',(0.003,0.016,0.0105));
#4649=CARTESIAN_POINT('',(-0.003,0.016,0.0105));
#4650=CARTESIAN_POINT('',(-0.01225,-0.0095,0.0105));
#4651=CARTESIAN_POINT('',(-0.00825,-0.0095,0.0105));
#4652=CARTESIAN_POINT('',(-0.00825,-0.0075,0.0105));
#4653=CARTESIAN_POINT('',(-0.00825,-0.0075,0.0105));
#4654=CARTESIAN_POINT('',(-0.00925,-0.0075,0.0105));
#4655=CARTESIAN_POINT('',(-0.00825,-0.0045,0.0105));
#4656=CARTESIAN_POINT('',(-0.00825,-0.0025,0.0105));
#4657=CARTESIAN_POINT('',(-6.93889390390723E-18,-0.0025,0.0105));
#4658=CARTESIAN_POINT('',(0.00825,-0.0025,0.0105));
#4659=CARTESIAN_POINT('',(0.00825,-0.0045,0.0105));
#4660=CARTESIAN_POINT('',(0.00925,-0.0075,0.0105));
#4661=CARTESIAN_POINT('',(0.00825,-0.0075,0.0105));
#4662=CARTESIAN_POINT('',(0.00825,-0.0075,0.0105));
#4663=CARTESIAN_POINT('',(0.00825,-0.0095,0.0105));
#4664=CARTESIAN_POINT('',(0.01225,-0.0095,0.0105));
#4665=CARTESIAN_POINT('',(0.01425,-0.0095,0.0105));
#4666=CARTESIAN_POINT('',(0.01425,0.0175,0.0105));
#4667=CARTESIAN_POINT('',(0.003,0.016,0.0105));
#4668=CARTESIAN_POINT('',(-0.00825,-0.0075,0.00675));
#4669=CARTESIAN_POINT('',(-0.00825,-0.0095,0.00675));
#4670=CARTESIAN_POINT('',(-0.00825,-0.0095,0.003));
#4671=CARTESIAN_POINT('',(-0.00825,-0.0075,0.003));
#4672=CARTESIAN_POINT('',(-0.00825,-0.0075,0.003));
#4673=CARTESIAN_POINT('',(-0.00825,-0.0075,0.00675));
#4674=CARTESIAN_POINT('',(8.67361737988404E-18,-0.0075,0.003));
#4675=CARTESIAN_POINT('',(-5.20417042793042E-18,-0.0095,0.003));
#4676=CARTESIAN_POINT('',(0.00825,-0.0095,0.003));
#4677=CARTESIAN_POINT('',(0.00825,-0.0075,0.003));
#4678=CARTESIAN_POINT('',(0.00825,-0.0075,0.003));
#4679=CARTESIAN_POINT('',(8.67361737988404E-18,-0.0075,0.003));
#4680=CARTESIAN_POINT('',(0.00825,-0.0075,0.00675));
#4681=CARTESIAN_POINT('',(0.00825,-0.0095,0.00675));
#4682=CARTESIAN_POINT('',(0.00825,-0.0075,0.00675));
#4683=CARTESIAN_POINT('',(0.,-0.0075,0.0775));
#4684=CARTESIAN_POINT('',(0.01425,0.0175,0.04075));
#4685=CARTESIAN_POINT('',(0.01425,0.0175,0.069));
#4686=CARTESIAN_POINT('',(0.01425,-0.009,0.069));
#4687=CARTESIAN_POINT('',(0.01425,-0.009,0.04075));
#4688=CARTESIAN_POINT('',(0.01425,-0.0095,0.00675));
#4689=CARTESIAN_POINT('',(0.01425,-0.0125,0.005));
#4690=CARTESIAN_POINT('',(0.01425,-0.0145,0.00041742430504416));
#4691=CARTESIAN_POINT('',(0.01425,-0.0145,-8.67361737988404E-19));
#4692=CARTESIAN_POINT('',(0.01425,-0.0125,0.005));
#4693=CARTESIAN_POINT('',(0.,-0.0095,0.0775));
#4694=CARTESIAN_POINT('',(0.01205,-0.0095,0.0055));
#4695=CARTESIAN_POINT('',(0.01205,-0.0095,0.00425));
#4696=CARTESIAN_POINT('',(-0.01205,-0.0095,0.0055));
#4697=CARTESIAN_POINT('',(-0.01205,-0.0095,0.00425));
#4698=CARTESIAN_POINT('',(0.01205,-0.0025,0.0055));
#4699=CARTESIAN_POINT('',(0.01205,-0.0025,0.0055));
#4700=CARTESIAN_POINT('',(0.01205,-0.0025,0.00425));
#4701=CARTESIAN_POINT('',(0.,-0.0025,0.0775));
#4702=CARTESIAN_POINT('',(-0.01205,-0.0025,0.0055));
#4703=CARTESIAN_POINT('',(-0.01205,-0.0025,0.0055));
#4704=CARTESIAN_POINT('',(-0.01205,-0.0025,0.00425));
#4705=CARTESIAN_POINT('',(0.,-0.0025,0.0775));
#4706=CARTESIAN_POINT('',(-5.20417042793042E-18,-0.0145,0.));
#4707=CARTESIAN_POINT('',(0.01425,-0.0145,0.00041742430504416));
#4708=CARTESIAN_POINT('',(0.01725,-0.0055,0.08675));
#4709=CARTESIAN_POINT('',(0.01725,-0.0075,0.073));
#4710=CARTESIAN_POINT('',(0.01725,-0.0075,0.073));
#4711=CARTESIAN_POINT('',(0.01725,-0.0169651427748729,0.073));
#4712=CARTESIAN_POINT('',(0.01725,-0.0169651427748729,0.073));
#4713=CARTESIAN_POINT('',(0.01725,-0.0169651427748729,0.1));
#4714=CARTESIAN_POINT('',(0.01725,-0.0075,0.1));
#4715=CARTESIAN_POINT('',(0.01725,-0.0075,0.1));
#4716=CARTESIAN_POINT('',(0.01725,-0.0075,0.0968));
#4717=CARTESIAN_POINT('',(0.01725,-0.0075,0.09355));
#4718=CARTESIAN_POINT('',(0.01725,-0.0055,0.09355));
#4719=CARTESIAN_POINT('',(0.01725,-0.0055,0.09355));
#4720=CARTESIAN_POINT('',(0.01725,-0.0055,0.08675));
#4721=CARTESIAN_POINT('',(0.01725,-0.0055,0.07995));
#4722=CARTESIAN_POINT('',(0.01725,-0.0055,0.07995));
#4723=CARTESIAN_POINT('',(0.01725,-0.0075,0.07995));
#4724=CARTESIAN_POINT('',(0.01725,-0.0075,0.0767));
#4725=CARTESIAN_POINT('',(0.015875,-0.0055,0.09355));
#4726=CARTESIAN_POINT('',(0.015875,-0.0075,0.09355));
#4727=CARTESIAN_POINT('',(0.0145,-0.0075,0.09355));
#4728=CARTESIAN_POINT('',(0.0145,-0.0055,0.09355));
#4729=CARTESIAN_POINT('',(0.0145,-0.0055,0.09355));
#4730=CARTESIAN_POINT('',(0.015875,-0.0055,0.09355));
#4731=CARTESIAN_POINT('',(0.0145,-0.0055,0.0968));
#4732=CARTESIAN_POINT('',(0.0145,-0.0075,0.0968));
#4733=CARTESIAN_POINT('',(0.0139321091654199,-0.0075,0.1));
#4734=CARTESIAN_POINT('',(0.0139321091654199,-0.0055,0.1));
#4735=CARTESIAN_POINT('',(0.0139321091654199,-0.0055,0.1));
#4736=CARTESIAN_POINT('',(0.0145,-0.0055,0.0968));
#4737=CARTESIAN_POINT('',(0.00125,-0.0055,0.1));
#4738=CARTESIAN_POINT('',(0.01475,-0.014,0.1));
#4739=CARTESIAN_POINT('',(0.01125,-0.014,0.1));
#4740=CARTESIAN_POINT('',(0.01125,-0.0125,0.1));
#4741=CARTESIAN_POINT('',(0.01125,-0.0125,0.1));
#4742=CARTESIAN_POINT('',(0.00125,-0.0125,0.1));
#4743=CARTESIAN_POINT('',(-0.01125,-0.0125,0.1));
#4744=CARTESIAN_POINT('',(-0.01125,-0.0125,0.1));
#4745=CARTESIAN_POINT('',(-0.01125,-0.014,0.1));
#4746=CARTESIAN_POINT('',(-0.01475,-0.014,0.1));
#4747=CARTESIAN_POINT('',(-0.015,-0.0125,0.1));
#4748=CARTESIAN_POINT('',(-0.01725,-0.0169651427748729,0.1));
#4749=CARTESIAN_POINT('',(-0.01725,-0.0075,0.1));
#4750=CARTESIAN_POINT('',(-0.01725,-0.0075,0.1));
#4751=CARTESIAN_POINT('',(-0.012,-0.0075,0.1));
#4752=CARTESIAN_POINT('',(-0.0114321091654199,-0.0075,0.1));
#4753=CARTESIAN_POINT('',(-0.0114321091654199,-0.0055,0.1));
#4754=CARTESIAN_POINT('',(-0.0114321091654199,-0.0055,0.1));
#4755=CARTESIAN_POINT('',(0.00125,-0.0055,0.1));
#4756=CARTESIAN_POINT('',(0.0145,-0.0075,0.1));
#4757=CARTESIAN_POINT('',(0.015,-0.0125,0.1));
#4758=CARTESIAN_POINT('',(-0.012,-0.0055,0.0968));
#4759=CARTESIAN_POINT('',(-0.012,-0.0075,0.0968));
#4760=CARTESIAN_POINT('',(-0.012,-0.0075,0.09355));
#4761=CARTESIAN_POINT('',(-0.012,-0.0055,0.09355));
#4762=CARTESIAN_POINT('',(-0.012,-0.0055,0.09355));
#4763=CARTESIAN_POINT('',(-0.012,-0.0055,0.0968));
#4764=CARTESIAN_POINT('',(-0.014625,-0.0055,0.09355));
#4765=CARTESIAN_POINT('',(-0.014625,-0.0075,0.09355));
#4766=CARTESIAN_POINT('',(-0.01725,-0.0075,0.09355));
#4767=CARTESIAN_POINT('',(-0.01725,-0.0055,0.09355));
#4768=CARTESIAN_POINT('',(-0.01725,-0.0055,0.09355));
#4769=CARTESIAN_POINT('',(-0.014625,-0.0055,0.09355));
#4770=CARTESIAN_POINT('',(-0.01725,-0.0055,0.08675));
#4771=CARTESIAN_POINT('',(-0.01725,-0.0125,0.07995));
#4772=CARTESIAN_POINT('',(-0.01725,-0.0125,0.07995));
#4773=CARTESIAN_POINT('',(-0.01725,-0.0169651427748729,0.07995));
#4774=CARTESIAN_POINT('',(-0.01725,-0.0169651427748729,0.07995));
#4775=CARTESIAN_POINT('',(-0.01725,-0.0169651427748729,0.073));
#4776=CARTESIAN_POINT('',(-0.01725,-0.0075,0.073));
#4777=CARTESIAN_POINT('',(-0.01725,-0.0075,0.073));
#4778=CARTESIAN_POINT('',(-0.01725,-0.0075,0.076475));
#4779=CARTESIAN_POINT('',(-0.01725,-0.0075,0.07995));
#4780=CARTESIAN_POINT('',(-0.01725,-0.0055,0.07995));
#4781=CARTESIAN_POINT('',(-0.01725,-0.0055,0.07995));
#4782=CARTESIAN_POINT('',(-0.01725,-0.0055,0.08675));
#4783=CARTESIAN_POINT('',(-0.01725,-0.0075,0.096775));
#4784=CARTESIAN_POINT('',(-0.01725,-0.0169651427748729,0.1));
#4785=CARTESIAN_POINT('',(-0.01725,-0.0169651427748729,0.09355));
#4786=CARTESIAN_POINT('',(-0.01725,-0.0125,0.09355));
#4787=CARTESIAN_POINT('',(-0.01725,-0.0125,0.09355));
#4788=CARTESIAN_POINT('',(-0.01725,-0.0125,0.08675));
#4789=CARTESIAN_POINT('',(-0.014625,-0.0055,0.07995));
#4790=CARTESIAN_POINT('',(-0.014625,-0.0075,0.07995));
#4791=CARTESIAN_POINT('',(-0.012,-0.0075,0.07995));
#4792=CARTESIAN_POINT('',(-0.012,-0.0055,0.07995));
#4793=CARTESIAN_POINT('',(-0.012,-0.0055,0.07995));
#4794=CARTESIAN_POINT('',(-0.014625,-0.0055,0.07995));
#4795=CARTESIAN_POINT('',(-0.012,-0.0055,0.0767));
#4796=CARTESIAN_POINT('',(-0.012,-0.0075,0.0767));
#4797=CARTESIAN_POINT('',(-0.00875,-0.0075,0.0767));
#4798=CARTESIAN_POINT('',(-0.00875,-0.0055,0.0767));
#4799=CARTESIAN_POINT('',(-0.00875,-0.0055,0.0767));
#4800=CARTESIAN_POINT('',(-0.012,-0.0055,0.0767));
#4801=CARTESIAN_POINT('',(-0.00875,-0.0055,0.07485));
#4802=CARTESIAN_POINT('',(-0.00875,-0.0075,0.07485));
#4803=CARTESIAN_POINT('',(-0.00875,-0.0075,0.073));
#4804=CARTESIAN_POINT('',(-0.00875,-0.0055,0.073));
#4805=CARTESIAN_POINT('',(-0.00875,-0.0055,0.073));
#4806=CARTESIAN_POINT('',(-0.00875,-0.0055,0.07485));
#4807=CARTESIAN_POINT('',(0.00125,-0.0055,0.073));
#4808=CARTESIAN_POINT('',(-0.015,-0.0125,0.073));
#4809=CARTESIAN_POINT('',(0.015,-0.0125,0.073));
#4810=CARTESIAN_POINT('',(0.01425,-0.0075,0.073));
#4811=CARTESIAN_POINT('',(0.01125,-0.0075,0.073));
#4812=CARTESIAN_POINT('',(0.01125,-0.0055,0.073));
#4813=CARTESIAN_POINT('',(0.01125,-0.0055,0.073));
#4814=CARTESIAN_POINT('',(0.00125,-0.0055,0.073));
#4815=CARTESIAN_POINT('',(-0.013,-0.0075,0.073));
#4816=CARTESIAN_POINT('',(0.01125,-0.0055,0.07485));
#4817=CARTESIAN_POINT('',(0.01125,-0.0075,0.07485));
#4818=CARTESIAN_POINT('',(0.01125,-0.0075,0.0767));
#4819=CARTESIAN_POINT('',(0.01125,-0.0055,0.0767));
#4820=CARTESIAN_POINT('',(0.01125,-0.0055,0.0767));
#4821=CARTESIAN_POINT('',(0.01125,-0.0055,0.07485));
#4822=CARTESIAN_POINT('',(0.0145,-0.0055,0.0767));
#4823=CARTESIAN_POINT('',(0.0145,-0.0075,0.0767));
#4824=CARTESIAN_POINT('',(0.0145,-0.0075,0.07995));
#4825=CARTESIAN_POINT('',(0.0145,-0.0055,0.07995));
#4826=CARTESIAN_POINT('',(0.0145,-0.0055,0.07995));
#4827=CARTESIAN_POINT('',(0.0145,-0.0055,0.0767));
#4828=CARTESIAN_POINT('',(0.015875,-0.0055,0.07995));
#4829=CARTESIAN_POINT('',(0.015875,-0.0075,0.07995));
#4830=CARTESIAN_POINT('',(0.015875,-0.0055,0.07995));
#4831=CARTESIAN_POINT('',(0.,-0.0055,0.0775));
#4832=CARTESIAN_POINT('',(0.,-0.0075,0.0775));
#4833=CARTESIAN_POINT('',(0.0145,-0.0075,0.0767));
#4834=CARTESIAN_POINT('',(0.0145,-0.0075,0.0752));
#4835=CARTESIAN_POINT('',(0.,-0.0075,0.0775));
#4836=CARTESIAN_POINT('',(-0.012,-0.0075,0.0767));
#4837=CARTESIAN_POINT('',(-0.012,-0.0075,0.0752));
#4838=CARTESIAN_POINT('',(0.,-0.0075,0.0775));
#4839=CARTESIAN_POINT('',(-0.012,-0.0075,0.0968));
#4840=CARTESIAN_POINT('',(-0.012,-0.0075,0.0953));
#4841=CARTESIAN_POINT('',(0.,-0.0075,0.0775));
#4842=CARTESIAN_POINT('',(0.0145,-0.0075,0.0968));
#4843=CARTESIAN_POINT('',(0.0145,-0.0075,0.0953));
#4844=CARTESIAN_POINT('',(0.0145,-0.005,0.0968));
#4845=CARTESIAN_POINT('',(0.0145,-0.005,0.0968));
#4846=CARTESIAN_POINT('',(0.0145,-0.005,0.0953));
#4847=CARTESIAN_POINT('',(0.,-0.005,0.0775));
#4848=CARTESIAN_POINT('',(-0.012,-0.005,0.0968));
#4849=CARTESIAN_POINT('',(-0.012,-0.005,0.0968));
#4850=CARTESIAN_POINT('',(-0.012,-0.005,0.0953));
#4851=CARTESIAN_POINT('',(0.,-0.005,0.0775));
#4852=CARTESIAN_POINT('',(-0.012,-0.005,0.0767));
#4853=CARTESIAN_POINT('',(-0.012,-0.005,0.0767));
#4854=CARTESIAN_POINT('',(-0.012,-0.005,0.0752));
#4855=CARTESIAN_POINT('',(0.,-0.005,0.0775));
#4856=CARTESIAN_POINT('',(0.0145,-0.005,0.0767));
#4857=CARTESIAN_POINT('',(0.0145,-0.005,0.0767));
#4858=CARTESIAN_POINT('',(0.0145,-0.005,0.0752));
#4859=CARTESIAN_POINT('',(0.,-0.005,0.0775));
#4860=CARTESIAN_POINT('',(0.,-0.0025,0.0775));
#4861=CARTESIAN_POINT('',(-0.00825,-0.0025,0.0775));
#4862=CARTESIAN_POINT('',(0.00825,-0.0025,0.0105));
#4863=CARTESIAN_POINT('',(-0.00825,-0.0045,0.04075));
#4864=CARTESIAN_POINT('',(0.00825,-0.0045,0.0775));
#4865=CARTESIAN_POINT('',(-0.0095,0.0125,0.0905));
#4866=CARTESIAN_POINT('',(-0.0095,0.0125,0.1045));
#4867=CARTESIAN_POINT('',(-0.0095,0.0125,0.1045));
#4868=CARTESIAN_POINT('',(-0.0095,0.0125,0.102));
#4869=CARTESIAN_POINT('',(-0.0095,0.0125,0.0995));
#4870=CARTESIAN_POINT('',(-0.0095,0.0125,0.0995));
#4871=CARTESIAN_POINT('',(-0.0095,0.014,0.0995));
#4872=CARTESIAN_POINT('',(-0.0095,0.014,0.096125));
#4873=CARTESIAN_POINT('',(-0.0095,0.014,0.095));
#4874=CARTESIAN_POINT('',(-0.0095,0.0125,0.095));
#4875=CARTESIAN_POINT('',(-0.0095,0.0125,0.095));
#4876=CARTESIAN_POINT('',(-0.0095,0.0125,0.0905));
#4877=CARTESIAN_POINT('',(-0.0095,0.0125,0.086));
#4878=CARTESIAN_POINT('',(-0.0095,0.0125,0.086));
#4879=CARTESIAN_POINT('',(-0.0095,0.014,0.086));
#4880=CARTESIAN_POINT('',(-0.0095,0.014,0.082625));
#4881=CARTESIAN_POINT('',(-0.0095,0.014,0.0815));
#4882=CARTESIAN_POINT('',(-0.0095,0.0125,0.0815));
#4883=CARTESIAN_POINT('',(-0.0095,0.0125,0.0815));
#4884=CARTESIAN_POINT('',(-0.0095,0.0125,0.07975));
#4885=CARTESIAN_POINT('',(-0.0095,0.0125,0.078));
#4886=CARTESIAN_POINT('',(-0.0095,0.0125,0.078));
#4887=CARTESIAN_POINT('',(-0.008375,0.0125,0.095));
#4888=CARTESIAN_POINT('',(-0.008375,0.014,0.095));
#4889=CARTESIAN_POINT('',(-0.00725,0.014,0.095));
#4890=CARTESIAN_POINT('',(-0.00725,0.0125,0.095));
#4891=CARTESIAN_POINT('',(-0.00725,0.0125,0.095));
#4892=CARTESIAN_POINT('',(-0.008375,0.0125,0.095));
#4893=CARTESIAN_POINT('',(-0.00725,0.0125,0.09725));
#4894=CARTESIAN_POINT('',(-0.00725,0.014,0.09725));
#4895=CARTESIAN_POINT('',(-0.00725,0.014,0.0995));
#4896=CARTESIAN_POINT('',(-0.00725,0.0125,0.0995));
#4897=CARTESIAN_POINT('',(-0.00725,0.0125,0.0995));
#4898=CARTESIAN_POINT('',(-0.00725,0.0125,0.09725));
#4899=CARTESIAN_POINT('',(-0.008375,0.0125,0.0995));
#4900=CARTESIAN_POINT('',(-0.008375,0.014,0.0995));
#4901=CARTESIAN_POINT('',(-0.008375,0.0125,0.0995));
#4902=CARTESIAN_POINT('',(-1.04083408558608E-17,0.0125,0.1045));
#4903=CARTESIAN_POINT('',(0.0095,0.0125,0.1045));
#4904=CARTESIAN_POINT('',(0.0095,0.0125,0.1045));
#4905=CARTESIAN_POINT('',(-1.04083408558608E-17,0.0125,0.1045));
#4906=CARTESIAN_POINT('',(0.0095,0.0125,0.09125));
#4907=CARTESIAN_POINT('',(0.0095,0.0125,0.078));
#4908=CARTESIAN_POINT('',(0.0095,0.0125,0.078));
#4909=CARTESIAN_POINT('',(0.0095,0.0125,0.09125));
#4910=CARTESIAN_POINT('',(3.46944695195361E-18,0.0125,0.078));
#4911=CARTESIAN_POINT('',(3.46944695195361E-18,0.0125,0.078));
#4912=CARTESIAN_POINT('',(-0.008375,0.0125,0.0815));
#4913=CARTESIAN_POINT('',(-0.008375,0.014,0.0815));
#4914=CARTESIAN_POINT('',(-0.00725,0.014,0.0815));
#4915=CARTESIAN_POINT('',(-0.00725,0.0125,0.0815));
#4916=CARTESIAN_POINT('',(-0.00725,0.0125,0.0815));
#4917=CARTESIAN_POINT('',(-0.008375,0.0125,0.0815));
#4918=CARTESIAN_POINT('',(-0.00725,0.0125,0.08375));
#4919=CARTESIAN_POINT('',(-0.00725,0.014,0.08375));
#4920=CARTESIAN_POINT('',(-0.00725,0.014,0.086));
#4921=CARTESIAN_POINT('',(-0.00725,0.0125,0.086));
#4922=CARTESIAN_POINT('',(-0.00725,0.0125,0.086));
#4923=CARTESIAN_POINT('',(-0.00725,0.0125,0.08375));
#4924=CARTESIAN_POINT('',(-0.008375,0.0125,0.086));
#4925=CARTESIAN_POINT('',(-0.008375,0.014,0.086));
#4926=CARTESIAN_POINT('',(-0.008375,0.0125,0.086));
#4927=CARTESIAN_POINT('',(0.,0.0125,0.0775));
#4928=CARTESIAN_POINT('',(0.,0.014,0.0775));
#4929=CARTESIAN_POINT('',(-0.00725,0.014,0.09725));
#4930=CARTESIAN_POINT('',(-0.00725,0.014,0.0985));
#4931=CARTESIAN_POINT('',(0.,0.014,0.0775));
#4932=CARTESIAN_POINT('',(-0.00725,0.014,0.08375));
#4933=CARTESIAN_POINT('',(-0.00725,0.014,0.085));
#4934=CARTESIAN_POINT('',(-0.00725,0.0115,0.08375));
#4935=CARTESIAN_POINT('',(-0.00725,0.0115,0.08375));
#4936=CARTESIAN_POINT('',(-0.00725,0.0115,0.085));
#4937=CARTESIAN_POINT('',(0.,0.0115,0.0775));
#4938=CARTESIAN_POINT('',(-0.00725,0.0115,0.09725));
#4939=CARTESIAN_POINT('',(-0.00725,0.0115,0.09725));
#4940=CARTESIAN_POINT('',(-0.00725,0.0115,0.0985));
#4941=CARTESIAN_POINT('',(0.,0.0115,0.0775));
#4942=CARTESIAN_POINT('',(6.93889390390723E-18,-0.0125,0.1055));
#4943=CARTESIAN_POINT('',(-0.01475,-0.014,0.1055));
#4944=CARTESIAN_POINT('',(-0.01125,-0.014,0.1055));
#4945=CARTESIAN_POINT('',(-0.01375,-0.014,0.1055));
#4946=CARTESIAN_POINT('',(-0.01625,-0.014,0.1055));
#4947=CARTESIAN_POINT('',(-0.01625,-0.014,0.1055));
#4948=CARTESIAN_POINT('',(-0.01625,-0.0173412291827593,0.1055));
#4949=CARTESIAN_POINT('',(-0.015,-0.0125,0.1055));
#4950=CARTESIAN_POINT('',(0.01375,-0.0125,0.108));
#4951=CARTESIAN_POINT('',(0.01125,-0.0125,0.1055));
#4952=CARTESIAN_POINT('',(0.01125,-0.0125,0.1055));
#4953=CARTESIAN_POINT('',(0.01375,-0.014,0.108));
#4954=CARTESIAN_POINT('',(0.01625,-0.014,0.1105));
#4955=CARTESIAN_POINT('',(0.01625,-0.0125,0.1105));
#4956=CARTESIAN_POINT('',(0.01625,-0.0125,0.1105));
#4957=CARTESIAN_POINT('',(0.01375,-0.0125,0.108));
#4958=CARTESIAN_POINT('',(0.01625,-0.0125,0.125));
#4959=CARTESIAN_POINT('',(0.01625,-0.0173412291827593,0.1055));
#4960=CARTESIAN_POINT('',(0.01625,-0.0173412291827593,0.1445));
#4961=CARTESIAN_POINT('',(0.01625,-0.014,0.1445));
#4962=CARTESIAN_POINT('',(0.01625,-0.014,0.1445));
#4963=CARTESIAN_POINT('',(0.01625,-0.014,0.142));
#4964=CARTESIAN_POINT('',(0.01625,-0.014,0.1395));
#4965=CARTESIAN_POINT('',(0.01625,-0.0125,0.1395));
#4966=CARTESIAN_POINT('',(0.01625,-0.0125,0.1395));
#4967=CARTESIAN_POINT('',(0.01625,-0.0125,0.125));
#4968=CARTESIAN_POINT('',(0.01625,-0.014,0.108));
#4969=CARTESIAN_POINT('',(0.014875,-0.0125,0.1395));
#4970=CARTESIAN_POINT('',(0.014875,-0.014,0.1395));
#4971=CARTESIAN_POINT('',(0.0135,-0.014,0.1395));
#4972=CARTESIAN_POINT('',(0.0135,-0.0125,0.1395));
#4973=CARTESIAN_POINT('',(0.0135,-0.0125,0.1395));
#4974=CARTESIAN_POINT('',(0.014875,-0.0125,0.1395));
#4975=CARTESIAN_POINT('',(0.0135,-0.0125,0.142));
#4976=CARTESIAN_POINT('',(0.0135,-0.014,0.142));
#4977=CARTESIAN_POINT('',(0.011,-0.014,0.142));
#4978=CARTESIAN_POINT('',(0.011,-0.0125,0.142));
#4979=CARTESIAN_POINT('',(0.011,-0.0125,0.142));
#4980=CARTESIAN_POINT('',(0.0135,-0.0125,0.142));
#4981=CARTESIAN_POINT('',(0.011,-0.0125,0.14325));
#4982=CARTESIAN_POINT('',(0.011,-0.014,0.14325));
#4983=CARTESIAN_POINT('',(0.011,-0.014,0.1445));
#4984=CARTESIAN_POINT('',(0.011,-0.0125,0.1445));
#4985=CARTESIAN_POINT('',(0.011,-0.0125,0.1445));
#4986=CARTESIAN_POINT('',(0.011,-0.0125,0.14325));
#4987=CARTESIAN_POINT('',(1.7347234759768E-18,-0.0125,0.1445));
#4988=CARTESIAN_POINT('',(-0.015,-0.0125,0.1445));
#4989=CARTESIAN_POINT('',(-0.01625,-0.0173412291827593,0.1445));
#4990=CARTESIAN_POINT('',(-0.01625,-0.014,0.1445));
#4991=CARTESIAN_POINT('',(-0.01625,-0.014,0.1445));
#4992=CARTESIAN_POINT('',(-0.01225,-0.014,0.1445));
#4993=CARTESIAN_POINT('',(-0.011,-0.014,0.1445));
#4994=CARTESIAN_POINT('',(-0.011,-0.0125,0.1445));
#4995=CARTESIAN_POINT('',(-0.011,-0.0125,0.1445));
#4996=CARTESIAN_POINT('',(1.7347234759768E-18,-0.0125,0.1445));
#4997=CARTESIAN_POINT('',(0.014875,-0.014,0.1445));
#4998=CARTESIAN_POINT('',(0.015,-0.0125,0.1445));
#4999=CARTESIAN_POINT('',(-0.011,-0.0125,0.14325));
#5000=CARTESIAN_POINT('',(-0.011,-0.014,0.14325));
#5001=CARTESIAN_POINT('',(-0.011,-0.014,0.142));
#5002=CARTESIAN_POINT('',(-0.011,-0.0125,0.142));
#5003=CARTESIAN_POINT('',(-0.011,-0.0125,0.142));
#5004=CARTESIAN_POINT('',(-0.011,-0.0125,0.14325));
#5005=CARTESIAN_POINT('',(-0.0135,-0.0125,0.142));
#5006=CARTESIAN_POINT('',(-0.0135,-0.014,0.142));
#5007=CARTESIAN_POINT('',(-0.0135,-0.014,0.1395));
#5008=CARTESIAN_POINT('',(-0.0135,-0.0125,0.1395));
#5009=CARTESIAN_POINT('',(-0.0135,-0.0125,0.1395));
#5010=CARTESIAN_POINT('',(-0.0135,-0.0125,0.142));
#5011=CARTESIAN_POINT('',(-0.014875,-0.0125,0.1395));
#5012=CARTESIAN_POINT('',(-0.014875,-0.014,0.1395));
#5013=CARTESIAN_POINT('',(-0.01625,-0.014,0.1395));
#5014=CARTESIAN_POINT('',(-0.01625,-0.0125,0.1395));
#5015=CARTESIAN_POINT('',(-0.01625,-0.0125,0.1395));
#5016=CARTESIAN_POINT('',(-0.014875,-0.0125,0.1395));
#5017=CARTESIAN_POINT('',(-0.01625,-0.0125,0.125));
#5018=CARTESIAN_POINT('',(-0.01625,-0.0173412291827593,0.1445));
#5019=CARTESIAN_POINT('',(-0.01625,-0.014,0.108));
#5020=CARTESIAN_POINT('',(-0.01625,-0.014,0.1105));
#5021=CARTESIAN_POINT('',(-0.01625,-0.0125,0.1105));
#5022=CARTESIAN_POINT('',(-0.01625,-0.0125,0.1105));
#5023=CARTESIAN_POINT('',(-0.01625,-0.0125,0.125));
#5024=CARTESIAN_POINT('',(-0.01625,-0.014,0.142));
#5025=CARTESIAN_POINT('',(-0.01375,-0.0125,0.108));
#5026=CARTESIAN_POINT('',(-0.01375,-0.014,0.108));
#5027=CARTESIAN_POINT('',(-0.01125,-0.0125,0.1055));
#5028=CARTESIAN_POINT('',(-0.01125,-0.0125,0.1055));
#5029=CARTESIAN_POINT('',(-0.01375,-0.0125,0.108));
#5030=CARTESIAN_POINT('',(0.,-0.0125,0.0775));
#5031=CARTESIAN_POINT('',(-0.01125,-0.0125,0.10275));
#5032=CARTESIAN_POINT('',(0.01125,-0.0125,0.10275));
#5033=CARTESIAN_POINT('',(0.,-0.014,0.0775));
#5034=CARTESIAN_POINT('',(-0.0135,-0.014,0.142));
#5035=CARTESIAN_POINT('',(-0.0135,-0.014,0.1405));
#5036=CARTESIAN_POINT('',(0.,-0.014,0.0775));
#5037=CARTESIAN_POINT('',(0.0135,-0.014,0.142));
#5038=CARTESIAN_POINT('',(0.0135,-0.014,0.1405));
#5039=CARTESIAN_POINT('',(0.,-0.014,0.0775));
#5040=CARTESIAN_POINT('',(0.,-0.014,0.0775));
#5041=CARTESIAN_POINT('',(0.,-0.01,0.0775));
#5042=CARTESIAN_POINT('',(-0.0135,-0.01,0.142));
#5043=CARTESIAN_POINT('',(-0.0135,-0.01,0.1405));
#5044=CARTESIAN_POINT('',(-0.0135,-0.01,0.142));
#5045=CARTESIAN_POINT('',(0.,-0.01,0.0775));
#5046=CARTESIAN_POINT('',(0.0135,-0.01,0.142));
#5047=CARTESIAN_POINT('',(0.0135,-0.01,0.1405));
#5048=CARTESIAN_POINT('',(0.0135,-0.01,0.142));
#5049=CARTESIAN_POINT('',(-0.018625,-0.0125,0.07995));
#5050=CARTESIAN_POINT('',(-0.018625,-0.0125,0.07995));
#5051=CARTESIAN_POINT('',(-0.015,-0.0125,0.07995));
#5052=CARTESIAN_POINT('',(-0.018625,-0.0125,0.09355));
#5053=CARTESIAN_POINT('',(-0.015,-0.0125,0.09355));
#5054=CARTESIAN_POINT('',(-0.018625,-0.0125,0.09355));
#5055=CARTESIAN_POINT('',(0.,-0.0125,0.0775));
#5056=CARTESIAN_POINT('',(-3.46944695195361E-18,-0.0085,0.1095));
#5057=CARTESIAN_POINT('',(0.013,-0.0085,0.1095));
#5058=CARTESIAN_POINT('',(0.013,0.012,0.1095));
#5059=CARTESIAN_POINT('',(0.013,-0.002,0.1095));
#5060=CARTESIAN_POINT('',(-3.46944695195361E-18,-0.002,0.1095));
#5061=CARTESIAN_POINT('',(-0.013,-0.002,0.1095));
#5062=CARTESIAN_POINT('',(-0.013,0.01,0.1095));
#5063=CARTESIAN_POINT('',(-0.013,0.012,0.1095));
#5064=CARTESIAN_POINT('',(0.011,0.012,0.1095));
#5065=CARTESIAN_POINT('',(-0.015,0.0125,0.1095));
#5066=CARTESIAN_POINT('',(-0.0175,0.0168301270189222,0.1095));
#5067=CARTESIAN_POINT('',(-0.0175,-0.0085,0.1095));
#5068=CARTESIAN_POINT('',(0.0175,-0.0085,0.1095));
#5069=CARTESIAN_POINT('',(0.0175,0.0168301270189222,0.1095));
#5070=CARTESIAN_POINT('',(0.015,0.0125,0.1095));
#5071=CARTESIAN_POINT('',(-0.0175,-0.0085,0.1325));
#5072=CARTESIAN_POINT('',(-0.0175,0.0168301270189222,0.1095));
#5073=CARTESIAN_POINT('',(-3.46944695195361E-18,-0.0085,0.1555));
#5074=CARTESIAN_POINT('',(0.01325,-0.0085,0.1555));
#5075=CARTESIAN_POINT('',(0.015,0.0125,0.1555));
#5076=CARTESIAN_POINT('',(0.0175,0.0168301270189222,0.1555));
#5077=CARTESIAN_POINT('',(0.0175,-0.0085,0.1555));
#5078=CARTESIAN_POINT('',(0.0175,-0.0085,0.1325));
#5079=CARTESIAN_POINT('',(0.0175,0.0168301270189222,0.1555));
#5080=CARTESIAN_POINT('',(-0.01325,0.00826479636114085,0.16277815282369));
#5081=CARTESIAN_POINT('',(-0.01325,0.00826479636114085,0.16277815282369));
#5082=CARTESIAN_POINT('',(-0.01325,0.0137796513753562,0.165141662115496));
#5083=CARTESIAN_POINT('',(-0.01325,0.00274994134692551,0.160414643531884));
#5084=CARTESIAN_POINT('',(-0.01325,0.020476279451202,0.14951619660519));
#5085=CARTESIAN_POINT('',(-0.01325,0.0169026060148947,0.157854767956573));
#5086=CARTESIAN_POINT('',(-0.01325,0.0159834609848766,0.157460848657995));
#5087=CARTESIAN_POINT('',(-0.01325,0.0159834609848765,0.156460848657995));
#5088=CARTESIAN_POINT('',(-0.01325,-0.0175,0.156460848657995));
#5089=CARTESIAN_POINT('',(-0.01325,-0.0092194287627248,0.156460848657995));
#5090=CARTESIAN_POINT('',(-0.01325,-0.0092194287627248,0.157460848657995));
#5091=CARTESIAN_POINT('',(-0.01325,-0.0175,0.153210848657995));
#5092=CARTESIAN_POINT('',(-0.01325,0.0125,0.162417304924383));
#5093=CARTESIAN_POINT('',(-0.01325,0.00274994134692551,0.160414643531884));
#5094=CARTESIAN_POINT('',(1.7347234759768E-18,0.00274994134692551,0.160414643531884));
#5095=CARTESIAN_POINT('',(0.01325,0.00274994134692549,0.160414643531884));
#5096=CARTESIAN_POINT('',(0.01325,0.00274994134692549,0.160414643531884));
#5097=CARTESIAN_POINT('',(1.7347234759768E-18,0.00274994134692551,0.160414643531884));
#5098=CARTESIAN_POINT('',(0.,0.00118175789573752,0.159742564909946));
#5099=CARTESIAN_POINT('',(-0.01,0.00504780392197065,0.161399441778332));
#5100=CARTESIAN_POINT('',(-0.01,0.00366908637694356,0.160808562830463));
#5101=CARTESIAN_POINT('',(0.01,0.00504780392197065,0.161399441778332));
#5102=CARTESIAN_POINT('',(0.01,0.00366908637694356,0.160808562830463));
#5103=CARTESIAN_POINT('',(1.7347234759768E-18,0.0137796513753562,0.165141662115496));
#5104=CARTESIAN_POINT('',(0.01325,0.0137796513753562,0.165141662115496));
#5105=CARTESIAN_POINT('',(0.01325,0.00826479636114085,0.16277815282369));
#5106=CARTESIAN_POINT('',(0.01,0.00603260216841857,0.159101579203287));
#5107=CARTESIAN_POINT('',(0.01,0.00603260216841857,0.159101579203287));
#5108=CARTESIAN_POINT('',(0.01,0.00465388462339148,0.158510700255418));
#5109=CARTESIAN_POINT('',(0.,-0.0153334438578146,0.149944702334901));
#5110=CARTESIAN_POINT('',(-0.01,0.00603260216841857,0.159101579203287));
#5111=CARTESIAN_POINT('',(-0.01,0.00603260216841857,0.159101579203287));
#5112=CARTESIAN_POINT('',(-0.01,0.00465388462339148,0.158510700255418));
#5113=CARTESIAN_POINT('',(0.,-0.0153334438578146,0.149944702334901));
#5114=CARTESIAN_POINT('',(-0.015,-0.0125,0.155));
#5115=CARTESIAN_POINT('',(-0.015,-0.0125,0.005));
#5116=CARTESIAN_POINT('',(0.,-0.0125,0.005));
#5117=CARTESIAN_POINT('',(0.015,-0.0125,0.005));
#5118=CARTESIAN_POINT('',(-0.015,-0.0125,0.005));
#5119=CARTESIAN_POINT('',(0.015,-0.0125,0.005));
#5120=CARTESIAN_POINT('',(0.015,-0.0125,0.005));
#5121=CARTESIAN_POINT('',(0.015,-0.0125,0.005));
#5122=CARTESIAN_POINT('',(-0.015,-0.0125,0.005));
#5123=CARTESIAN_POINT('',(-0.015,-0.0125,0.005));
#5124=CARTESIAN_POINT('',(0.015,0.,0.005));
#5125=CARTESIAN_POINT('',(0.015,0.0125,0.005));
#5126=CARTESIAN_POINT('',(0.015,-0.0125,0.155));
#5127=CARTESIAN_POINT('',(0.015,-0.0125,0.151703019210097));
#5128=CARTESIAN_POINT('',(-0.015,-0.0125,0.155));
#5129=CARTESIAN_POINT('',(-0.015,-0.0125,0.151703019210097));
#5130=CARTESIAN_POINT('',(-0.015,0.,0.005));
#5131=CARTESIAN_POINT('',(-0.015,0.0125,0.005));
#5132=CARTESIAN_POINT('',(0.,0.0125,0.005));
#5133=CARTESIAN_POINT('',(0.015,0.0125,0.005));
#5134=CARTESIAN_POINT('',(-0.015,0.0125,0.005));
#5135=CARTESIAN_POINT('',(0.015,0.0125,0.005));
#5136=CARTESIAN_POINT('',(0.015,0.0125,0.005));
#5137=CARTESIAN_POINT('',(0.015,-0.0125,0.151703019210097));
#5138=CARTESIAN_POINT('',(0.015,-0.0125,0.151703019210097));
#5139=CARTESIAN_POINT('',(-0.015,-0.0125,0.151703019210097));
#5140=CARTESIAN_POINT('',(-0.015,-0.0125,0.151703019210097));
#5141=CARTESIAN_POINT('',(-0.015,0.0125,0.005));
#5142=CARTESIAN_POINT('',(-0.015,0.0125,0.005));
#5143=CARTESIAN_POINT('',(0.015,0.0125,0.155));
#5144=CARTESIAN_POINT('',(0.015,0.0125,0.162417304924383));
#5145=CARTESIAN_POINT('',(0.015,-0.000745920748483462,0.156740481746461));
#5146=CARTESIAN_POINT('',(0.015,0.0125,0.162417304924383));
#5147=CARTESIAN_POINT('',(-0.015,-0.000745920748483462,0.156740481746461));
#5148=CARTESIAN_POINT('',(-0.015,0.0125,0.162417304924383));
#5149=CARTESIAN_POINT('',(-0.015,0.0125,0.155));
#5150=CARTESIAN_POINT('',(-0.015,0.0125,0.162417304924383));
#5151=CARTESIAN_POINT('',(0.015,0.0125,0.162417304924383));
#5152=CARTESIAN_POINT('',(-0.015,0.0125,0.162417304924383));
#5153=CARTESIAN_POINT('',(-0.015,0.0125,0.162417304924383));
#5154=CARTESIAN_POINT('',(0.,0.0125,0.162417304924383));
#5155=CARTESIAN_POINT('',(1.7347234759768E-18,0.020476279451202,0.14951619660519));
#5156=CARTESIAN_POINT('',(0.01325,0.020476279451202,0.14951619660519));
#5157=CARTESIAN_POINT('',(0.01325,0.0169026060148947,0.157854767956573));
#5158=CARTESIAN_POINT('',(1.7347234759768E-18,0.0169026060148947,0.157854767956573));
#5159=CARTESIAN_POINT('',(0.013,-0.0075,0.073));
#5160=CARTESIAN_POINT('',(0.013,0.012,0.073));
#5161=CARTESIAN_POINT('',(0.013,-0.002,0.073));
#5162=CARTESIAN_POINT('',(-1.38777878078145E-17,-0.002,0.073));
#5163=CARTESIAN_POINT('',(-0.013,-0.002,0.073));
#5164=CARTESIAN_POINT('',(0.0055,0.012,0.073));
#5165=CARTESIAN_POINT('',(-0.013,0.012,0.073));
#5166=CARTESIAN_POINT('',(-0.013,0.005,0.073));
#5167=CARTESIAN_POINT('',(-3.46944695195361E-18,0.012,0.1075));
#5168=CARTESIAN_POINT('',(0.013,0.012,0.1075));
#5169=CARTESIAN_POINT('',(-0.013,0.012,0.1075));
#5170=CARTESIAN_POINT('',(-0.013,-0.0085,0.1075));
#5171=CARTESIAN_POINT('',(-0.013,-0.002,0.1075));
#5172=CARTESIAN_POINT('',(0.013,0.005,0.1075));
#5173=CARTESIAN_POINT('',(0.013,-0.002,0.1075));
#5174=CARTESIAN_POINT('',(0.0055,-0.002,0.1075));
#5175=CARTESIAN_POINT('',(-0.01125,-0.0125,0.10275));
#5176=CARTESIAN_POINT('',(-0.01125,-0.014,0.1));
#5177=CARTESIAN_POINT('',(0.01125,-0.0125,0.10275));
#5178=CARTESIAN_POINT('',(0.01125,-0.014,0.10275));
#5179=CARTESIAN_POINT('',(0.01475,-0.014,0.155));
#5180=CARTESIAN_POINT('',(-0.01475,-0.014,0.10275));
#5181=CARTESIAN_POINT('',(0.01325,-0.0175,0.154835848657994));
#5182=CARTESIAN_POINT('',(0.01325,-0.0175,0.153210848657995));
#5183=CARTESIAN_POINT('',(0.01325,-0.0092194287627248,0.157460848657995));
#5184=CARTESIAN_POINT('',(0.01325,-0.0092194287627248,0.156460848657995));
#5185=CARTESIAN_POINT('',(0.01325,-0.0175,0.156460848657995));
#5186=CARTESIAN_POINT('',(0.01325,0.0159834609848766,0.156460848657995));
#5187=CARTESIAN_POINT('',(0.01325,0.0159834609848766,0.157460848657995));
#5188=CARTESIAN_POINT('',(0.,-0.0175,0.156460848657995));
#5189=CARTESIAN_POINT('',(0.,0.0159834609848766,0.156460848657995));
#5190=CARTESIAN_POINT('',(-0.01325,-0.0092194287627248,0.156460848657995));
#5191=CARTESIAN_POINT('',(0.,-0.0175,0.153210848657995));
#5192=CARTESIAN_POINT('',(0.,0.0159834609848766,0.157460848657995));
#5193=CARTESIAN_POINT('',(0.,-0.0092194287627248,0.157460848657995));
#5194=CARTESIAN_POINT('',(8.67361737988404E-18,-0.012,0.069));
#5195=CARTESIAN_POINT('',(0.01125,-0.012,0.069));
#5196=CARTESIAN_POINT('',(0.01125,-0.012,0.069));
#5197=CARTESIAN_POINT('',(8.67361737988404E-18,-0.012,0.069));
#5198=CARTESIAN_POINT('',(-0.01125,-0.012,0.069));
#5199=CARTESIAN_POINT('',(-0.01125,-0.012,0.071));
#5200=CARTESIAN_POINT('',(6.93889390390723E-18,0.,0.069));
#5201=CARTESIAN_POINT('',(-0.01125,-0.009,0.069));
#5202=CARTESIAN_POINT('',(0.01125,-0.009,0.069));
#5203=CARTESIAN_POINT('',(0.01125,-0.009,0.04075));
#5204=CARTESIAN_POINT('',(-0.01125,-0.009,0.069));
#5205=CARTESIAN_POINT('',(-0.003,0.016,0.07225));
#5206=CARTESIAN_POINT('',(-0.003,0.016,0.0735));
#5207=CARTESIAN_POINT('',(-0.003,0.016,0.0735));
#5208=CARTESIAN_POINT('',(-0.003,0.016,0.07225));
#5209=CARTESIAN_POINT('',(0.,0.016,0.0735));
#5210=CARTESIAN_POINT('',(0.003,0.016,0.0735));
#5211=CARTESIAN_POINT('',(0.003,0.016,0.0735));
#5212=CARTESIAN_POINT('',(0.,0.016,0.0735));
#5213=CARTESIAN_POINT('',(0.003,0.016,0.07225));
#5214=CARTESIAN_POINT('',(0.003,0.016,0.07225));
#5215=CARTESIAN_POINT('',(0.,0.016,0.05725));
#5216=CARTESIAN_POINT('',(0.,0.016,0.0735));
#5217=CARTESIAN_POINT('',(0.,0.016,0.075));
#5218=CARTESIAN_POINT('',(-0.003,0.016,0.00925));
#5219=CARTESIAN_POINT('',(-0.003,0.016,0.00925));
#5220=CARTESIAN_POINT('',(-0.003,0.016,0.008));
#5221=CARTESIAN_POINT('',(-0.003,0.016,0.008));
#5222=CARTESIAN_POINT('',(0.003,0.016,0.00925));
#5223=CARTESIAN_POINT('',(0.003,0.016,0.008));
#5224=CARTESIAN_POINT('',(0.003,0.016,0.008));
#5225=CARTESIAN_POINT('',(0.003,0.016,0.00925));
#5226=CARTESIAN_POINT('',(0.,0.016,0.008));
#5227=CARTESIAN_POINT('',(0.,0.016,0.008));
#5228=CARTESIAN_POINT('',(0.,0.016,0.05725));
#5229=CARTESIAN_POINT('',(0.,0.016,0.008));
#5230=CARTESIAN_POINT('',(0.,0.016,0.0095));
#5231=CARTESIAN_POINT('',(0.,0.0115,0.05725));
#5232=CARTESIAN_POINT('',(0.,0.0115,0.0735));
#5233=CARTESIAN_POINT('',(0.,0.0115,0.075));
#5234=CARTESIAN_POINT('',(0.,0.0115,0.0735));
#5235=CARTESIAN_POINT('',(0.,0.0115,0.05725));
#5236=CARTESIAN_POINT('',(0.,0.0115,0.008));
#5237=CARTESIAN_POINT('',(0.,0.0115,0.0095));
#5238=CARTESIAN_POINT('',(0.,0.0115,0.008));
#5239=MECHANICAL_DESIGN_GEOMETRIC_PRESENTATION_REPRESENTATION('',(#3129),
#5240);
#5240=(
GEOMETRIC_REPRESENTATION_CONTEXT(3)
GLOBAL_UNCERTAINTY_ASSIGNED_CONTEXT((#5241))
GLOBAL_UNIT_ASSIGNED_CONTEXT((#5244,#5243,#5242))
REPRESENTATION_CONTEXT('Part 1','TOP_LEVEL_ASSEMBLY_PART')
);
#5241=UNCERTAINTY_MEASURE_WITH_UNIT(LENGTH_MEASURE(1.E-8),#5244,
'DISTANCE_ACCURACY_VALUE','Maximum Tolerance applied to model');
#5242=(
NAMED_UNIT(*)
SI_UNIT($,.STERADIAN.)
SOLID_ANGLE_UNIT()
);
#5243=(
NAMED_UNIT(*)
PLANE_ANGLE_UNIT()
SI_UNIT($,.RADIAN.)
);
#5244=(
LENGTH_UNIT()
NAMED_UNIT(*)
SI_UNIT($,.METRE.)
);
#5245=PRODUCT_DEFINITION_SHAPE('','',#5246);
#5246=PRODUCT_DEFINITION('','',#5248,#5247);
#5247=PRODUCT_DEFINITION_CONTEXT('',#5254,'design');
#5248=PRODUCT_DEFINITION_FORMATION_WITH_SPECIFIED_SOURCE('','',#5250,
 .NOT_KNOWN.);
#5249=PRODUCT_RELATED_PRODUCT_CATEGORY('','',(#5250));
#5250=PRODUCT('Part 1','Part 1','Part 1',(#5252));
#5251=PRODUCT_CATEGORY('','');
#5252=PRODUCT_CONTEXT('',#5254,'mechanical');
#5253=APPLICATION_PROTOCOL_DEFINITION('international standard',
'ap242_managed_model_based_3d_engineering',2020,#5254);
#5254=APPLICATION_CONTEXT('managed model based 3d engineering');
ENDSEC;
END-ISO-10303-21;
