ISO-10303-21;
HEADER;
/* Generated by software containing ST-Developer
 * from STEP Tools, Inc. (www.steptools.com) 
 */
/* OPTION: using custom renumber hook */

FILE_DESCRIPTION(
/* description */ ('STEP AP242 Edition 2',
'CAx-IF Rec.Pracs.---Representation and Presentation of Product Manufa
cturing Information (PMI)---4.0---2014-10-13',
'CAx-IF Rec.Pracs.---3D Tessellated Geometry---0.4---2014-09-14','2;1',
'CAx-IF Rec.Pracs.---User Defined Attributes---1.5---2016-08-15'),
/* implementation_level */ '2;1');

FILE_NAME(
/* name */ 'Knob',
/* time_stamp */ '2026-08-02T02:27:14Z',
/* author */ (''),
/* organization */ (''),
/* preprocessor_version */ 'ST-DEVELOPER v20',
/* originating_system */ 'ONSHAPE BY PTC INC, 1.218',
/* authorisation */ '  ');

FILE_SCHEMA (('AP242_MANAGED_MODEL_BASED_3D_ENGINEERING_MIM_LF { 1 0 10303 442 3 1 4 }'));
ENDSEC;

DATA;
#10=SHAPE_REPRESENTATION_RELATIONSHIP('','',#4543,#11);
#11=ADVANCED_BREP_SHAPE_REPRESENTATION('',(#4541),#9801);
#12=TOROIDAL_SURFACE('',#4752,0.0053,0.0013);
#13=(
BOUNDED_SURFACE()
B_SPLINE_SURFACE(2,3,((#7361,#7362,#7363,#7364),(#7365,#7366,#7367,#7368),
(#7369,#7370,#7371,#7372)),.UNSPECIFIED.,.F.,.F.,.F.)
B_SPLINE_SURFACE_WITH_KNOTS((3,3),(4,4),(0.,1.),(2.88891239844772,3.39427290873187),
 .PIECEWISE_BEZIER_KNOTS.)
GEOMETRIC_REPRESENTATION_ITEM()
RATIONAL_B_SPLINE_SURFACE(((1.,1.,1.,1.),(0.793353340291235,0.796911845203811,
0.79691184520381,0.793353340291235),(1.,1.,1.,1.)))
REPRESENTATION_ITEM('')
SURFACE()
);
#14=(
BOUNDED_SURFACE()
B_SPLINE_SURFACE(2,3,((#7378,#7379,#7380,#7381,#7382,#7383),(#7384,#7385,
#7386,#7387,#7388,#7389),(#7390,#7391,#7392,#7393,#7394,#7395)),
 .UNSPECIFIED.,.F.,.F.,.F.)
B_SPLINE_SURFACE_WITH_KNOTS((3,3),(4,2,4),(0.,1.),(2.63755737799269,3.1415926535898,
3.6456279291869),.UNSPECIFIED.)
GEOMETRIC_REPRESENTATION_ITEM()
RATIONAL_B_SPLINE_SURFACE(((1.,1.,1.,1.,1.,1.),(0.793353340291235,0.800931641152751,
0.804853007764692,0.804853007764629,0.800931641152798,0.793353340291235),
(1.,1.,1.,1.,1.,1.)))
REPRESENTATION_ITEM('')
SURFACE()
);
#15=(
BOUNDED_SURFACE()
B_SPLINE_SURFACE(2,3,((#7431,#7432,#7433,#7434,#7435,#7436),(#7437,#7438,
#7439,#7440,#7441,#7442),(#7443,#7444,#7445,#7446,#7447,#7448)),
 .UNSPECIFIED.,.F.,.F.,.F.)
B_SPLINE_SURFACE_WITH_KNOTS((3,3),(4,2,4),(0.,1.),(2.63755737799269,3.1415926535898,
3.6456279291869),.UNSPECIFIED.)
GEOMETRIC_REPRESENTATION_ITEM()
RATIONAL_B_SPLINE_SURFACE(((1.,1.,1.,1.,1.,1.),(0.793353340291235,0.800931641152774,
0.80485300776466,0.80485300776466,0.800931641152775,0.793353340291235),
(1.,1.,1.,1.,1.,1.)))
REPRESENTATION_ITEM('')
SURFACE()
);
#16=(
BOUNDED_SURFACE()
B_SPLINE_SURFACE(2,3,((#7454,#7455,#7456,#7457),(#7458,#7459,#7460,#7461),
(#7462,#7463,#7464,#7465)),.UNSPECIFIED.,.F.,.F.,.F.)
B_SPLINE_SURFACE_WITH_KNOTS((3,3),(4,4),(0.,1.),(2.88891239844772,3.39427290873187),
 .PIECEWISE_BEZIER_KNOTS.)
GEOMETRIC_REPRESENTATION_ITEM()
RATIONAL_B_SPLINE_SURFACE(((1.,1.,1.,1.),(0.793353340291235,0.796911845203811,
0.796911845203811,0.793353340291235),(1.,1.,1.,1.)))
REPRESENTATION_ITEM('')
SURFACE()
);
#17=(
BOUNDED_SURFACE()
B_SPLINE_SURFACE(2,3,((#7501,#7502,#7503,#7504),(#7505,#7506,#7507,#7508),
(#7509,#7510,#7511,#7512)),.UNSPECIFIED.,.F.,.F.,.F.)
B_SPLINE_SURFACE_WITH_KNOTS((3,3),(4,4),(0.,1.),(2.88891239844772,3.39427290873187),
 .PIECEWISE_BEZIER_KNOTS.)
GEOMETRIC_REPRESENTATION_ITEM()
RATIONAL_B_SPLINE_SURFACE(((1.,1.,1.,1.),(0.793353340291235,0.79691184520381,
0.796911845203811,0.793353340291235),(1.,1.,1.,1.)))
REPRESENTATION_ITEM('')
SURFACE()
);
#18=(
BOUNDED_SURFACE()
B_SPLINE_SURFACE(2,3,((#7518,#7519,#7520,#7521,#7522,#7523),(#7524,#7525,
#7526,#7527,#7528,#7529),(#7530,#7531,#7532,#7533,#7534,#7535)),
 .UNSPECIFIED.,.F.,.F.,.F.)
B_SPLINE_SURFACE_WITH_KNOTS((3,3),(4,2,4),(0.,1.),(2.63755737799269,3.1415926535898,
3.6456279291869),.UNSPECIFIED.)
GEOMETRIC_REPRESENTATION_ITEM()
RATIONAL_B_SPLINE_SURFACE(((1.,1.,1.,1.,1.,1.),(0.793353340291235,0.800931641152774,
0.80485300776466,0.80485300776466,0.800931641152774,0.793353340291235),
(1.,1.,1.,1.,1.,1.)))
REPRESENTATION_ITEM('')
SURFACE()
);
#19=(
BOUNDED_SURFACE()
B_SPLINE_SURFACE(2,3,((#7571,#7572,#7573,#7574,#7575,#7576),(#7577,#7578,
#7579,#7580,#7581,#7582),(#7583,#7584,#7585,#7586,#7587,#7588)),
 .UNSPECIFIED.,.F.,.F.,.F.)
B_SPLINE_SURFACE_WITH_KNOTS((3,3),(4,2,4),(0.,1.),(2.63755737799269,3.1415926535898,
3.6456279291869),.UNSPECIFIED.)
GEOMETRIC_REPRESENTATION_ITEM()
RATIONAL_B_SPLINE_SURFACE(((1.,1.,1.,1.,1.,1.),(0.793353340291235,0.800931641152775,
0.804853007764661,0.804853007764661,0.800931641152774,0.793353340291236),
(1.,1.,1.,1.,1.,1.)))
REPRESENTATION_ITEM('')
SURFACE()
);
#20=(
BOUNDED_SURFACE()
B_SPLINE_SURFACE(2,3,((#7594,#7595,#7596,#7597),(#7598,#7599,#7600,#7601),
(#7602,#7603,#7604,#7605)),.UNSPECIFIED.,.F.,.F.,.F.)
B_SPLINE_SURFACE_WITH_KNOTS((3,3),(4,4),(0.,1.),(2.88891239844772,3.39427290873187),
 .PIECEWISE_BEZIER_KNOTS.)
GEOMETRIC_REPRESENTATION_ITEM()
RATIONAL_B_SPLINE_SURFACE(((1.,1.,1.,1.),(0.793353340291235,0.79691184520381,
0.796911845203811,0.793353340291235),(1.,1.,1.,1.)))
REPRESENTATION_ITEM('')
SURFACE()
);
#21=(
BOUNDED_SURFACE()
B_SPLINE_SURFACE(2,3,((#7641,#7642,#7643,#7644),(#7645,#7646,#7647,#7648),
(#7649,#7650,#7651,#7652)),.UNSPECIFIED.,.F.,.F.,.F.)
B_SPLINE_SURFACE_WITH_KNOTS((3,3),(4,4),(0.,1.),(2.88891239844772,3.39427290873187),
 .PIECEWISE_BEZIER_KNOTS.)
GEOMETRIC_REPRESENTATION_ITEM()
RATIONAL_B_SPLINE_SURFACE(((1.,1.,1.,1.),(0.793353340291235,0.796911845203811,
0.79691184520381,0.793353340291235),(1.,1.,1.,1.)))
REPRESENTATION_ITEM('')
SURFACE()
);
#22=(
BOUNDED_SURFACE()
B_SPLINE_SURFACE(2,3,((#7658,#7659,#7660,#7661,#7662,#7663),(#7664,#7665,
#7666,#7667,#7668,#7669),(#7670,#7671,#7672,#7673,#7674,#7675)),
 .UNSPECIFIED.,.F.,.F.,.F.)
B_SPLINE_SURFACE_WITH_KNOTS((3,3),(4,2,4),(0.,1.),(2.63755737799269,3.1415926535898,
3.6456279291869),.UNSPECIFIED.)
GEOMETRIC_REPRESENTATION_ITEM()
RATIONAL_B_SPLINE_SURFACE(((1.,1.,1.,1.,1.,1.),(0.793353340291235,0.800931641152774,
0.804853007764661,0.804853007764661,0.800931641152774,0.793353340291235),
(1.,1.,1.,1.,1.,1.)))
REPRESENTATION_ITEM('')
SURFACE()
);
#23=(
BOUNDED_SURFACE()
B_SPLINE_SURFACE(2,3,((#7711,#7712,#7713,#7714,#7715,#7716),(#7717,#7718,
#7719,#7720,#7721,#7722),(#7723,#7724,#7725,#7726,#7727,#7728)),
 .UNSPECIFIED.,.F.,.F.,.F.)
B_SPLINE_SURFACE_WITH_KNOTS((3,3),(4,2,4),(0.,1.),(2.63755737799269,3.1415926535898,
3.6456279291869),.UNSPECIFIED.)
GEOMETRIC_REPRESENTATION_ITEM()
RATIONAL_B_SPLINE_SURFACE(((1.,1.,1.,1.,1.,1.),(0.793353340291235,0.80093164115275,
0.804853007764692,0.804853007764629,0.800931641152798,0.793353340291235),
(1.,1.,1.,1.,1.,1.)))
REPRESENTATION_ITEM('')
SURFACE()
);
#24=(
BOUNDED_SURFACE()
B_SPLINE_SURFACE(2,3,((#7734,#7735,#7736,#7737),(#7738,#7739,#7740,#7741),
(#7742,#7743,#7744,#7745)),.UNSPECIFIED.,.F.,.F.,.F.)
B_SPLINE_SURFACE_WITH_KNOTS((3,3),(4,4),(0.,1.),(2.88891239844772,3.39427290873187),
 .PIECEWISE_BEZIER_KNOTS.)
GEOMETRIC_REPRESENTATION_ITEM()
RATIONAL_B_SPLINE_SURFACE(((1.,1.,1.,1.),(0.793353340291235,0.796911845203812,
0.796911845203809,0.793353340291235),(1.,1.,1.,1.)))
REPRESENTATION_ITEM('')
SURFACE()
);
#25=(
BOUNDED_SURFACE()
B_SPLINE_SURFACE(2,3,((#7781,#7782,#7783,#7784),(#7785,#7786,#7787,#7788),
(#7789,#7790,#7791,#7792)),.UNSPECIFIED.,.F.,.F.,.F.)
B_SPLINE_SURFACE_WITH_KNOTS((3,3),(4,4),(0.,1.),(2.88891239844772,3.39427290873187),
 .PIECEWISE_BEZIER_KNOTS.)
GEOMETRIC_REPRESENTATION_ITEM()
RATIONAL_B_SPLINE_SURFACE(((1.,1.,1.,1.),(0.793353340291235,0.796911845203811,
0.79691184520381,0.793353340291235),(1.,1.,1.,1.)))
REPRESENTATION_ITEM('')
SURFACE()
);
#26=(
BOUNDED_SURFACE()
B_SPLINE_SURFACE(2,3,((#7798,#7799,#7800,#7801,#7802,#7803),(#7804,#7805,
#7806,#7807,#7808,#7809),(#7810,#7811,#7812,#7813,#7814,#7815)),
 .UNSPECIFIED.,.F.,.F.,.F.)
B_SPLINE_SURFACE_WITH_KNOTS((3,3),(4,2,4),(0.,1.),(2.63755737799269,3.1415926535898,
3.6456279291869),.UNSPECIFIED.)
GEOMETRIC_REPRESENTATION_ITEM()
RATIONAL_B_SPLINE_SURFACE(((1.,1.,1.,1.,1.,1.),(0.793353340291235,0.800931641152798,
0.804853007764629,0.804853007764692,0.80093164115275,0.793353340291235),
(1.,1.,1.,1.,1.,1.)))
REPRESENTATION_ITEM('')
SURFACE()
);
#27=(
BOUNDED_SURFACE()
B_SPLINE_SURFACE(2,3,((#7851,#7852,#7853,#7854,#7855,#7856),(#7857,#7858,
#7859,#7860,#7861,#7862),(#7863,#7864,#7865,#7866,#7867,#7868)),
 .UNSPECIFIED.,.F.,.F.,.F.)
B_SPLINE_SURFACE_WITH_KNOTS((3,3),(4,2,4),(0.,1.),(2.63755737799269,3.1415926535898,
3.6456279291869),.UNSPECIFIED.)
GEOMETRIC_REPRESENTATION_ITEM()
RATIONAL_B_SPLINE_SURFACE(((1.,1.,1.,1.,1.,1.),(0.793353340291235,0.800931641152774,
0.804853007764661,0.804853007764661,0.800931641152774,0.793353340291235),
(1.,1.,1.,1.,1.,1.)))
REPRESENTATION_ITEM('')
SURFACE()
);
#28=(
BOUNDED_SURFACE()
B_SPLINE_SURFACE(2,3,((#7874,#7875,#7876,#7877),(#7878,#7879,#7880,#7881),
(#7882,#7883,#7884,#7885)),.UNSPECIFIED.,.F.,.F.,.F.)
B_SPLINE_SURFACE_WITH_KNOTS((3,3),(4,4),(0.,1.),(2.88891239844772,3.39427290873187),
 .PIECEWISE_BEZIER_KNOTS.)
GEOMETRIC_REPRESENTATION_ITEM()
RATIONAL_B_SPLINE_SURFACE(((1.,1.,1.,1.),(0.793353340291235,0.796911845203811,
0.796911845203811,0.793353340291235),(1.,1.,1.,1.)))
REPRESENTATION_ITEM('')
SURFACE()
);
#29=(
BOUNDED_SURFACE()
B_SPLINE_SURFACE(2,3,((#7921,#7922,#7923,#7924),(#7925,#7926,#7927,#7928),
(#7929,#7930,#7931,#7932)),.UNSPECIFIED.,.F.,.F.,.F.)
B_SPLINE_SURFACE_WITH_KNOTS((3,3),(4,4),(0.,1.),(2.88891239844772,3.39427290873187),
 .PIECEWISE_BEZIER_KNOTS.)
GEOMETRIC_REPRESENTATION_ITEM()
RATIONAL_B_SPLINE_SURFACE(((1.,1.,1.,1.),(0.793353340291235,0.796911845203811,
0.796911845203811,0.793353340291235),(1.,1.,1.,1.)))
REPRESENTATION_ITEM('')
SURFACE()
);
#30=(
BOUNDED_SURFACE()
B_SPLINE_SURFACE(2,3,((#7938,#7939,#7940,#7941,#7942,#7943),(#7944,#7945,
#7946,#7947,#7948,#7949),(#7950,#7951,#7952,#7953,#7954,#7955)),
 .UNSPECIFIED.,.F.,.F.,.F.)
B_SPLINE_SURFACE_WITH_KNOTS((3,3),(4,2,4),(0.,1.),(2.63755737799269,3.1415926535898,
3.6456279291869),.UNSPECIFIED.)
GEOMETRIC_REPRESENTATION_ITEM()
RATIONAL_B_SPLINE_SURFACE(((1.,1.,1.,1.,1.,1.),(0.793353340291235,0.800931641152774,
0.804853007764661,0.804853007764661,0.800931641152774,0.793353340291235),
(1.,1.,1.,1.,1.,1.)))
REPRESENTATION_ITEM('')
SURFACE()
);
#31=(
BOUNDED_SURFACE()
B_SPLINE_SURFACE(2,3,((#7991,#7992,#7993,#7994,#7995,#7996),(#7997,#7998,
#7999,#8000,#8001,#8002),(#8003,#8004,#8005,#8006,#8007,#8008)),
 .UNSPECIFIED.,.F.,.F.,.F.)
B_SPLINE_SURFACE_WITH_KNOTS((3,3),(4,2,4),(0.,1.),(2.63755737799269,3.1415926535898,
3.6456279291869),.UNSPECIFIED.)
GEOMETRIC_REPRESENTATION_ITEM()
RATIONAL_B_SPLINE_SURFACE(((1.,1.,1.,1.,1.,1.),(0.793353340291235,0.800931641152774,
0.804853007764661,0.804853007764661,0.800931641152774,0.793353340291236),
(1.,1.,1.,1.,1.,1.)))
REPRESENTATION_ITEM('')
SURFACE()
);
#32=(
BOUNDED_SURFACE()
B_SPLINE_SURFACE(2,3,((#8014,#8015,#8016,#8017),(#8018,#8019,#8020,#8021),
(#8022,#8023,#8024,#8025)),.UNSPECIFIED.,.F.,.F.,.F.)
B_SPLINE_SURFACE_WITH_KNOTS((3,3),(4,4),(0.,1.),(2.88891239844772,3.39427290873187),
 .PIECEWISE_BEZIER_KNOTS.)
GEOMETRIC_REPRESENTATION_ITEM()
RATIONAL_B_SPLINE_SURFACE(((1.,1.,1.,1.),(0.793353340291235,0.796911845203811,
0.79691184520381,0.793353340291235),(1.,1.,1.,1.)))
REPRESENTATION_ITEM('')
SURFACE()
);
#33=(
BOUNDED_SURFACE()
B_SPLINE_SURFACE(2,3,((#8061,#8062,#8063,#8064),(#8065,#8066,#8067,#8068),
(#8069,#8070,#8071,#8072)),.UNSPECIFIED.,.F.,.F.,.F.)
B_SPLINE_SURFACE_WITH_KNOTS((3,3),(4,4),(0.,1.),(2.88891239844772,3.39427290873187),
 .PIECEWISE_BEZIER_KNOTS.)
GEOMETRIC_REPRESENTATION_ITEM()
RATIONAL_B_SPLINE_SURFACE(((1.,1.,1.,1.),(0.793353340291235,0.79691184520381,
0.796911845203811,0.793353340291235),(1.,1.,1.,1.)))
REPRESENTATION_ITEM('')
SURFACE()
);
#34=(
BOUNDED_SURFACE()
B_SPLINE_SURFACE(2,3,((#8078,#8079,#8080,#8081,#8082,#8083),(#8084,#8085,
#8086,#8087,#8088,#8089),(#8090,#8091,#8092,#8093,#8094,#8095)),
 .UNSPECIFIED.,.F.,.F.,.F.)
B_SPLINE_SURFACE_WITH_KNOTS((3,3),(4,2,4),(0.,1.),(2.63755737799269,3.14159265358979,
3.6456279291869),.UNSPECIFIED.)
GEOMETRIC_REPRESENTATION_ITEM()
RATIONAL_B_SPLINE_SURFACE(((1.,1.,1.,1.,1.,1.),(0.793353340291235,0.800931641152774,
0.80485300776466,0.80485300776466,0.800931641152775,0.793353340291235),
(1.,1.,1.,1.,1.,1.)))
REPRESENTATION_ITEM('')
SURFACE()
);
#35=(
BOUNDED_SURFACE()
B_SPLINE_SURFACE(2,3,((#8131,#8132,#8133,#8134,#8135,#8136),(#8137,#8138,
#8139,#8140,#8141,#8142),(#8143,#8144,#8145,#8146,#8147,#8148)),
 .UNSPECIFIED.,.F.,.F.,.F.)
B_SPLINE_SURFACE_WITH_KNOTS((3,3),(4,2,4),(0.,1.),(2.63755737799269,3.14159265358979,
3.6456279291869),.UNSPECIFIED.)
GEOMETRIC_REPRESENTATION_ITEM()
RATIONAL_B_SPLINE_SURFACE(((1.,1.,1.,1.,1.,1.),(0.793353340291235,0.800931641152774,
0.80485300776466,0.80485300776466,0.800931641152775,0.793353340291235),
(1.,1.,1.,1.,1.,1.)))
REPRESENTATION_ITEM('')
SURFACE()
);
#36=(
BOUNDED_SURFACE()
B_SPLINE_SURFACE(2,3,((#8154,#8155,#8156,#8157),(#8158,#8159,#8160,#8161),
(#8162,#8163,#8164,#8165)),.UNSPECIFIED.,.F.,.F.,.F.)
B_SPLINE_SURFACE_WITH_KNOTS((3,3),(4,4),(0.,1.),(2.88891239844772,3.39427290873187),
 .PIECEWISE_BEZIER_KNOTS.)
GEOMETRIC_REPRESENTATION_ITEM()
RATIONAL_B_SPLINE_SURFACE(((1.,1.,1.,1.),(0.793353340291235,0.796911845203811,
0.796911845203811,0.793353340291235),(1.,1.,1.,1.)))
REPRESENTATION_ITEM('')
SURFACE()
);
#37=(
BOUNDED_SURFACE()
B_SPLINE_SURFACE(2,3,((#8201,#8202,#8203,#8204),(#8205,#8206,#8207,#8208),
(#8209,#8210,#8211,#8212)),.UNSPECIFIED.,.F.,.F.,.F.)
B_SPLINE_SURFACE_WITH_KNOTS((3,3),(4,4),(0.,1.),(-0.25594860783807,0.255948607838071),
 .PIECEWISE_BEZIER_KNOTS.)
GEOMETRIC_REPRESENTATION_ITEM()
RATIONAL_B_SPLINE_SURFACE(((1.,1.,1.,1.),(0.777145961456973,0.780142812564299,
0.780142812564298,0.777145961456973),(1.,1.,1.,1.)))
REPRESENTATION_ITEM('')
SURFACE()
);
#38=(
BOUNDED_SURFACE()
B_SPLINE_SURFACE(2,3,((#8218,#8219,#8220,#8221,#8222,#8223),(#8224,#8225,
#8226,#8227,#8228,#8229),(#8230,#8231,#8232,#8233,#8234,#8235)),
 .UNSPECIFIED.,.F.,.F.,.F.)
B_SPLINE_SURFACE_WITH_KNOTS((3,3),(4,2,4),(0.,1.),(5.77215773110183,6.28318530717959,
6.79421288325734),.UNSPECIFIED.)
GEOMETRIC_REPRESENTATION_ITEM()
RATIONAL_B_SPLINE_SURFACE(((1.,1.,1.,1.,1.,1.),(0.777145961456971,0.783553315214446,
0.786881368126752,0.786881368126752,0.783553315214446,0.777145961456971),
(1.,1.,1.,1.,1.,1.)))
REPRESENTATION_ITEM('')
SURFACE()
);
#39=(
BOUNDED_SURFACE()
B_SPLINE_SURFACE(2,3,((#8271,#8272,#8273,#8274,#8275,#8276),(#8277,#8278,
#8279,#8280,#8281,#8282),(#8283,#8284,#8285,#8286,#8287,#8288)),
 .UNSPECIFIED.,.F.,.F.,.F.)
B_SPLINE_SURFACE_WITH_KNOTS((3,3),(4,2,4),(0.,1.),(5.77215773110183,6.28318530717959,
6.79421288325734),.UNSPECIFIED.)
GEOMETRIC_REPRESENTATION_ITEM()
RATIONAL_B_SPLINE_SURFACE(((1.,1.,1.,1.,1.,1.),(0.777145961456971,0.783553315214486,
0.786881368126699,0.786881368126805,0.783553315214406,0.777145961456971),
(1.,1.,1.,1.,1.,1.)))
REPRESENTATION_ITEM('')
SURFACE()
);
#40=(
BOUNDED_SURFACE()
B_SPLINE_SURFACE(2,3,((#8294,#8295,#8296,#8297),(#8298,#8299,#8300,#8301),
(#8302,#8303,#8304,#8305)),.UNSPECIFIED.,.F.,.F.,.F.)
B_SPLINE_SURFACE_WITH_KNOTS((3,3),(4,4),(0.,1.),(-0.25594860783807,0.255948607838071),
 .PIECEWISE_BEZIER_KNOTS.)
GEOMETRIC_REPRESENTATION_ITEM()
RATIONAL_B_SPLINE_SURFACE(((1.,1.,1.,1.),(0.777145961456971,0.780142812564297,
0.780142812564298,0.777145961456971),(1.,1.,1.,1.)))
REPRESENTATION_ITEM('')
SURFACE()
);
#41=(
BOUNDED_SURFACE()
B_SPLINE_SURFACE(2,3,((#8341,#8342,#8343,#8344),(#8345,#8346,#8347,#8348),
(#8349,#8350,#8351,#8352)),.UNSPECIFIED.,.F.,.F.,.F.)
B_SPLINE_SURFACE_WITH_KNOTS((3,3),(4,4),(0.,1.),(-0.255948607838068,0.25594860783807),
 .PIECEWISE_BEZIER_KNOTS.)
GEOMETRIC_REPRESENTATION_ITEM()
RATIONAL_B_SPLINE_SURFACE(((1.,1.,1.,1.),(0.777145961456971,0.780142812564298,
0.780142812564296,0.777145961456971),(1.,1.,1.,1.)))
REPRESENTATION_ITEM('')
SURFACE()
);
#42=(
BOUNDED_SURFACE()
B_SPLINE_SURFACE(2,3,((#8358,#8359,#8360,#8361,#8362,#8363),(#8364,#8365,
#8366,#8367,#8368,#8369),(#8370,#8371,#8372,#8373,#8374,#8375)),
 .UNSPECIFIED.,.F.,.F.,.F.)
B_SPLINE_SURFACE_WITH_KNOTS((3,3),(4,2,4),(0.,1.),(5.77215773110183,6.28318530717959,
6.79421288325734),.UNSPECIFIED.)
GEOMETRIC_REPRESENTATION_ITEM()
RATIONAL_B_SPLINE_SURFACE(((1.,1.,1.,1.,1.,1.),(0.777145961456971,0.783553315214486,
0.786881368126699,0.786881368126805,0.783553315214406,0.777145961456971),
(1.,1.,1.,1.,1.,1.)))
REPRESENTATION_ITEM('')
SURFACE()
);
#43=(
BOUNDED_SURFACE()
B_SPLINE_SURFACE(2,3,((#8411,#8412,#8413,#8414,#8415,#8416),(#8417,#8418,
#8419,#8420,#8421,#8422),(#8423,#8424,#8425,#8426,#8427,#8428)),
 .UNSPECIFIED.,.F.,.F.,.F.)
B_SPLINE_SURFACE_WITH_KNOTS((3,3),(4,2,4),(0.,1.),(5.77215773110183,6.28318530717959,
6.79421288325734),.UNSPECIFIED.)
GEOMETRIC_REPRESENTATION_ITEM()
RATIONAL_B_SPLINE_SURFACE(((1.,1.,1.,1.,1.,1.),(0.777145961456971,0.783553315214485,
0.786881368126699,0.786881368126805,0.783553315214406,0.777145961456971),
(1.,1.,1.,1.,1.,1.)))
REPRESENTATION_ITEM('')
SURFACE()
);
#44=(
BOUNDED_SURFACE()
B_SPLINE_SURFACE(2,3,((#8434,#8435,#8436,#8437),(#8438,#8439,#8440,#8441),
(#8442,#8443,#8444,#8445)),.UNSPECIFIED.,.F.,.F.,.F.)
B_SPLINE_SURFACE_WITH_KNOTS((3,3),(4,4),(0.,1.),(-0.255948607838068,0.25594860783807),
 .PIECEWISE_BEZIER_KNOTS.)
GEOMETRIC_REPRESENTATION_ITEM()
RATIONAL_B_SPLINE_SURFACE(((1.,1.,1.,1.),(0.777145961456971,0.780142812564297,
0.780142812564298,0.777145961456971),(1.,1.,1.,1.)))
REPRESENTATION_ITEM('')
SURFACE()
);
#45=(
BOUNDED_SURFACE()
B_SPLINE_SURFACE(2,3,((#8481,#8482,#8483,#8484),(#8485,#8486,#8487,#8488),
(#8489,#8490,#8491,#8492)),.UNSPECIFIED.,.F.,.F.,.F.)
B_SPLINE_SURFACE_WITH_KNOTS((3,3),(4,4),(0.,1.),(-0.25594860783807,0.25594860783807),
 .PIECEWISE_BEZIER_KNOTS.)
GEOMETRIC_REPRESENTATION_ITEM()
RATIONAL_B_SPLINE_SURFACE(((1.,1.,1.,1.),(0.777145961456971,0.780142812564297,
0.780142812564297,0.777145961456971),(1.,1.,1.,1.)))
REPRESENTATION_ITEM('')
SURFACE()
);
#46=(
BOUNDED_SURFACE()
B_SPLINE_SURFACE(2,3,((#8498,#8499,#8500,#8501,#8502,#8503),(#8504,#8505,
#8506,#8507,#8508,#8509),(#8510,#8511,#8512,#8513,#8514,#8515)),
 .UNSPECIFIED.,.F.,.F.,.F.)
B_SPLINE_SURFACE_WITH_KNOTS((3,3),(4,2,4),(0.,1.),(5.77215773110183,6.28318530717959,
6.79421288325734),.UNSPECIFIED.)
GEOMETRIC_REPRESENTATION_ITEM()
RATIONAL_B_SPLINE_SURFACE(((1.,1.,1.,1.,1.,1.),(0.777145961456971,0.783553315214445,
0.786881368126752,0.786881368126752,0.783553315214445,0.777145961456971),
(1.,1.,1.,1.,1.,1.)))
REPRESENTATION_ITEM('')
SURFACE()
);
#47=(
BOUNDED_SURFACE()
B_SPLINE_SURFACE(2,3,((#8551,#8552,#8553,#8554,#8555,#8556),(#8557,#8558,
#8559,#8560,#8561,#8562),(#8563,#8564,#8565,#8566,#8567,#8568)),
 .UNSPECIFIED.,.F.,.F.,.F.)
B_SPLINE_SURFACE_WITH_KNOTS((3,3),(4,2,4),(0.,1.),(5.77215773110183,6.28318530717959,
6.79421288325734),.UNSPECIFIED.)
GEOMETRIC_REPRESENTATION_ITEM()
RATIONAL_B_SPLINE_SURFACE(((1.,1.,1.,1.,1.,1.),(0.777145961456971,0.783553315214486,
0.786881368126699,0.786881368126805,0.783553315214406,0.777145961456971),
(1.,1.,1.,1.,1.,1.)))
REPRESENTATION_ITEM('')
SURFACE()
);
#48=(
BOUNDED_SURFACE()
B_SPLINE_SURFACE(2,3,((#8574,#8575,#8576,#8577),(#8578,#8579,#8580,#8581),
(#8582,#8583,#8584,#8585)),.UNSPECIFIED.,.F.,.F.,.F.)
B_SPLINE_SURFACE_WITH_KNOTS((3,3),(4,4),(0.,1.),(-0.255948607838069,0.25594860783807),
 .PIECEWISE_BEZIER_KNOTS.)
GEOMETRIC_REPRESENTATION_ITEM()
RATIONAL_B_SPLINE_SURFACE(((1.,1.,1.,1.),(0.77714596145697,0.780142812564298,
0.780142812564297,0.777145961456971),(1.,1.,1.,1.)))
REPRESENTATION_ITEM('')
SURFACE()
);
#49=(
BOUNDED_SURFACE()
B_SPLINE_SURFACE(2,3,((#8621,#8622,#8623,#8624),(#8625,#8626,#8627,#8628),
(#8629,#8630,#8631,#8632)),.UNSPECIFIED.,.F.,.F.,.F.)
B_SPLINE_SURFACE_WITH_KNOTS((3,3),(4,4),(0.,1.),(-0.25594860783807,0.255948607838072),
 .PIECEWISE_BEZIER_KNOTS.)
GEOMETRIC_REPRESENTATION_ITEM()
RATIONAL_B_SPLINE_SURFACE(((1.,1.,1.,1.),(0.777145961456971,0.780142812564296,
0.780142812564298,0.777145961456971),(1.,1.,1.,1.)))
REPRESENTATION_ITEM('')
SURFACE()
);
#50=(
BOUNDED_SURFACE()
B_SPLINE_SURFACE(2,3,((#8638,#8639,#8640,#8641,#8642,#8643),(#8644,#8645,
#8646,#8647,#8648,#8649),(#8650,#8651,#8652,#8653,#8654,#8655)),
 .UNSPECIFIED.,.F.,.F.,.F.)
B_SPLINE_SURFACE_WITH_KNOTS((3,3),(4,2,4),(0.,1.),(5.77215773110183,6.28318530717959,
6.79421288325734),.UNSPECIFIED.)
GEOMETRIC_REPRESENTATION_ITEM()
RATIONAL_B_SPLINE_SURFACE(((1.,1.,1.,1.,1.,1.),(0.777145961456971,0.783553315214486,
0.786881368126699,0.786881368126805,0.783553315214406,0.777145961456971),
(1.,1.,1.,1.,1.,1.)))
REPRESENTATION_ITEM('')
SURFACE()
);
#51=(
BOUNDED_SURFACE()
B_SPLINE_SURFACE(2,3,((#8691,#8692,#8693,#8694,#8695,#8696),(#8697,#8698,
#8699,#8700,#8701,#8702),(#8703,#8704,#8705,#8706,#8707,#8708)),
 .UNSPECIFIED.,.F.,.F.,.F.)
B_SPLINE_SURFACE_WITH_KNOTS((3,3),(4,2,4),(0.,1.),(5.77215773110183,6.28318530717959,
6.79421288325734),.UNSPECIFIED.)
GEOMETRIC_REPRESENTATION_ITEM()
RATIONAL_B_SPLINE_SURFACE(((1.,1.,1.,1.,1.,1.),(0.777145961456971,0.783553315214446,
0.786881368126752,0.786881368126752,0.783553315214446,0.777145961456971),
(1.,1.,1.,1.,1.,1.)))
REPRESENTATION_ITEM('')
SURFACE()
);
#52=(
BOUNDED_SURFACE()
B_SPLINE_SURFACE(2,3,((#8714,#8715,#8716,#8717),(#8718,#8719,#8720,#8721),
(#8722,#8723,#8724,#8725)),.UNSPECIFIED.,.F.,.F.,.F.)
B_SPLINE_SURFACE_WITH_KNOTS((3,3),(4,4),(0.,1.),(-0.255948607838069,0.25594860783807),
 .PIECEWISE_BEZIER_KNOTS.)
GEOMETRIC_REPRESENTATION_ITEM()
RATIONAL_B_SPLINE_SURFACE(((1.,1.,1.,1.),(0.777145961456972,0.780142812564298,
0.780142812564297,0.777145961456972),(1.,1.,1.,1.)))
REPRESENTATION_ITEM('')
SURFACE()
);
#53=(
BOUNDED_SURFACE()
B_SPLINE_SURFACE(2,3,((#8761,#8762,#8763,#8764),(#8765,#8766,#8767,#8768),
(#8769,#8770,#8771,#8772)),.UNSPECIFIED.,.F.,.F.,.F.)
B_SPLINE_SURFACE_WITH_KNOTS((3,3),(4,4),(0.,1.),(-0.255948607838068,0.25594860783807),
 .PIECEWISE_BEZIER_KNOTS.)
GEOMETRIC_REPRESENTATION_ITEM()
RATIONAL_B_SPLINE_SURFACE(((1.,1.,1.,1.),(0.777145961456972,0.780142812564298,
0.780142812564298,0.777145961456971),(1.,1.,1.,1.)))
REPRESENTATION_ITEM('')
SURFACE()
);
#54=(
BOUNDED_SURFACE()
B_SPLINE_SURFACE(2,3,((#8778,#8779,#8780,#8781,#8782,#8783),(#8784,#8785,
#8786,#8787,#8788,#8789),(#8790,#8791,#8792,#8793,#8794,#8795)),
 .UNSPECIFIED.,.F.,.F.,.F.)
B_SPLINE_SURFACE_WITH_KNOTS((3,3),(4,2,4),(0.,1.),(5.77215773110183,6.28318530717959,
6.79421288325734),.UNSPECIFIED.)
GEOMETRIC_REPRESENTATION_ITEM()
RATIONAL_B_SPLINE_SURFACE(((1.,1.,1.,1.,1.,1.),(0.777145961456971,0.783553315214445,
0.786881368126752,0.786881368126752,0.783553315214446,0.777145961456971),
(1.,1.,1.,1.,1.,1.)))
REPRESENTATION_ITEM('')
SURFACE()
);
#55=(
BOUNDED_SURFACE()
B_SPLINE_SURFACE(2,3,((#8831,#8832,#8833,#8834,#8835,#8836),(#8837,#8838,
#8839,#8840,#8841,#8842),(#8843,#8844,#8845,#8846,#8847,#8848)),
 .UNSPECIFIED.,.F.,.F.,.F.)
B_SPLINE_SURFACE_WITH_KNOTS((3,3),(4,2,4),(0.,1.),(5.77215773110183,6.28318530717959,
6.79421288325734),.UNSPECIFIED.)
GEOMETRIC_REPRESENTATION_ITEM()
RATIONAL_B_SPLINE_SURFACE(((1.,1.,1.,1.,1.,1.),(0.777145961456971,0.783553315214446,
0.786881368126752,0.786881368126752,0.783553315214446,0.777145961456971),
(1.,1.,1.,1.,1.,1.)))
REPRESENTATION_ITEM('')
SURFACE()
);
#56=(
BOUNDED_SURFACE()
B_SPLINE_SURFACE(2,3,((#8854,#8855,#8856,#8857),(#8858,#8859,#8860,#8861),
(#8862,#8863,#8864,#8865)),.UNSPECIFIED.,.F.,.F.,.F.)
B_SPLINE_SURFACE_WITH_KNOTS((3,3),(4,4),(0.,1.),(6.02723669934152,6.53913391501766),
 .PIECEWISE_BEZIER_KNOTS.)
GEOMETRIC_REPRESENTATION_ITEM()
RATIONAL_B_SPLINE_SURFACE(((1.,1.,1.,1.),(0.777145961456971,0.780142812564296,
0.780142812564299,0.777145961456971),(1.,1.,1.,1.)))
REPRESENTATION_ITEM('')
SURFACE()
);
#57=(
BOUNDED_SURFACE()
B_SPLINE_SURFACE(2,3,((#8901,#8902,#8903,#8904),(#8905,#8906,#8907,#8908),
(#8909,#8910,#8911,#8912)),.UNSPECIFIED.,.F.,.F.,.F.)
B_SPLINE_SURFACE_WITH_KNOTS((3,3),(4,4),(0.,1.),(-0.25594860783807,0.255948607838074),
 .PIECEWISE_BEZIER_KNOTS.)
GEOMETRIC_REPRESENTATION_ITEM()
RATIONAL_B_SPLINE_SURFACE(((1.,1.,1.,1.),(0.777145961456971,0.780142812564299,
0.780142812564297,0.777145961456971),(1.,1.,1.,1.)))
REPRESENTATION_ITEM('')
SURFACE()
);
#58=(
BOUNDED_SURFACE()
B_SPLINE_SURFACE(2,3,((#8918,#8919,#8920,#8921,#8922,#8923),(#8924,#8925,
#8926,#8927,#8928,#8929),(#8930,#8931,#8932,#8933,#8934,#8935)),
 .UNSPECIFIED.,.F.,.F.,.F.)
B_SPLINE_SURFACE_WITH_KNOTS((3,3),(4,2,4),(0.,1.),(-0.511027576077756,1.94289029309403E-15,
0.51102757607776),.UNSPECIFIED.)
GEOMETRIC_REPRESENTATION_ITEM()
RATIONAL_B_SPLINE_SURFACE(((1.,1.,1.,1.,1.,1.),(0.777145961456971,0.783553315214486,
0.786881368126699,0.786881368126805,0.783553315214406,0.777145961456971),
(1.,1.,1.,1.,1.,1.)))
REPRESENTATION_ITEM('')
SURFACE()
);
#59=(
BOUNDED_SURFACE()
B_SPLINE_SURFACE(2,3,((#8971,#8972,#8973,#8974,#8975,#8976),(#8977,#8978,
#8979,#8980,#8981,#8982),(#8983,#8984,#8985,#8986,#8987,#8988)),
 .UNSPECIFIED.,.F.,.F.,.F.)
B_SPLINE_SURFACE_WITH_KNOTS((3,3),(4,2,4),(0.,1.),(5.77215773110183,6.28318530717959,
6.79421288325734),.UNSPECIFIED.)
GEOMETRIC_REPRESENTATION_ITEM()
RATIONAL_B_SPLINE_SURFACE(((1.,1.,1.,1.,1.,1.),(0.777145961456971,0.783553315214406,
0.786881368126805,0.786881368126699,0.783553315214485,0.777145961456971),
(1.,1.,1.,1.,1.,1.)))
REPRESENTATION_ITEM('')
SURFACE()
);
#60=(
BOUNDED_SURFACE()
B_SPLINE_SURFACE(2,3,((#8994,#8995,#8996,#8997),(#8998,#8999,#9000,#9001),
(#9002,#9003,#9004,#9005)),.UNSPECIFIED.,.F.,.F.,.F.)
B_SPLINE_SURFACE_WITH_KNOTS((3,3),(4,4),(0.,1.),(-0.255948607838072,0.255948607838069),
 .PIECEWISE_BEZIER_KNOTS.)
GEOMETRIC_REPRESENTATION_ITEM()
RATIONAL_B_SPLINE_SURFACE(((1.,1.,1.,1.),(0.777145961456972,0.780142812564299,
0.780142812564297,0.777145961456972),(1.,1.,1.,1.)))
REPRESENTATION_ITEM('')
SURFACE()
);
#61=(
BOUNDED_SURFACE()
B_SPLINE_SURFACE(3,2,((#9047,#9048,#9049),(#9050,#9051,#9052),(#9053,#9054,
#9055),(#9056,#9057,#9058),(#9059,#9060,#9061)),.UNSPECIFIED.,.F.,.F.,.F.)
B_SPLINE_SURFACE_WITH_KNOTS((4,1,4),(3,3),(2.63755737799268,3.14159265358979,
3.6456279291869),(0.,1.),.UNSPECIFIED.)
GEOMETRIC_REPRESENTATION_ITEM()
RATIONAL_B_SPLINE_SURFACE(((1.,0.608761429008719,1.),(1.,0.598911873057829,
1.),(1.,0.588036543499765,1.),(1.,0.598911873057941,1.),(1.,0.608761429008719,
1.)))
REPRESENTATION_ITEM('')
SURFACE()
);
#62=(
BOUNDED_SURFACE()
B_SPLINE_SURFACE(3,2,((#9063,#9064,#9065),(#9066,#9067,#9068),(#9069,#9070,
#9071),(#9072,#9073,#9074)),.UNSPECIFIED.,.F.,.F.,.F.)
B_SPLINE_SURFACE_WITH_KNOTS((4,4),(3,3),(2.88891239844771,3.39427290873187),
(0.,1.),.PIECEWISE_BEZIER_KNOTS.)
GEOMETRIC_REPRESENTATION_ITEM()
RATIONAL_B_SPLINE_SURFACE(((1.,0.60876142900872,1.),(1.,0.604138432755375,
1.),(1.,0.604138432756544,1.),(1.,0.60876142900872,1.)))
REPRESENTATION_ITEM('')
SURFACE()
);
#63=(
BOUNDED_SURFACE()
B_SPLINE_SURFACE(3,2,((#9080,#9081,#9082),(#9083,#9084,#9085),(#9086,#9087,
#9088),(#9089,#9090,#9091)),.UNSPECIFIED.,.F.,.F.,.F.)
B_SPLINE_SURFACE_WITH_KNOTS((4,4),(3,3),(2.88891239844771,3.39427290873187),
(0.,1.),.PIECEWISE_BEZIER_KNOTS.)
GEOMETRIC_REPRESENTATION_ITEM()
RATIONAL_B_SPLINE_SURFACE(((1.,0.60876142900872,1.),(1.,0.604138432756745,
1.),(1.,0.604138432755295,1.),(1.,0.608761429008721,1.)))
REPRESENTATION_ITEM('')
SURFACE()
);
#64=(
BOUNDED_SURFACE()
B_SPLINE_SURFACE(3,2,((#9093,#9094,#9095),(#9096,#9097,#9098),(#9099,#9100,
#9101),(#9102,#9103,#9104),(#9105,#9106,#9107)),.UNSPECIFIED.,.F.,.F.,.F.)
B_SPLINE_SURFACE_WITH_KNOTS((4,1,4),(3,3),(2.63755737799268,3.14159265358979,
3.6456279291869),(0.,1.),.UNSPECIFIED.)
GEOMETRIC_REPRESENTATION_ITEM()
RATIONAL_B_SPLINE_SURFACE(((1.,0.60876142900872,1.),(1.,0.598911873058133,
1.),(1.,0.588036543499679,1.),(1.,0.598911873057813,1.),(1.,0.60876142900872,
1.)))
REPRESENTATION_ITEM('')
SURFACE()
);
#65=(
BOUNDED_SURFACE()
B_SPLINE_SURFACE(3,2,((#9113,#9114,#9115),(#9116,#9117,#9118),(#9119,#9120,
#9121),(#9122,#9123,#9124),(#9125,#9126,#9127)),.UNSPECIFIED.,.F.,.F.,.F.)
B_SPLINE_SURFACE_WITH_KNOTS((4,1,4),(3,3),(2.63755737799268,3.14159265358979,
3.6456279291869),(0.,1.),.UNSPECIFIED.)
GEOMETRIC_REPRESENTATION_ITEM()
RATIONAL_B_SPLINE_SURFACE(((1.,0.608761429008719,1.),(1.,0.598911873057973,
1.),(1.,0.588036543499684,1.),(1.,0.598911873057957,1.),(1.,0.608761429008719,
1.)))
REPRESENTATION_ITEM('')
SURFACE()
);
#66=(
BOUNDED_SURFACE()
B_SPLINE_SURFACE(3,2,((#9129,#9130,#9131),(#9132,#9133,#9134),(#9135,#9136,
#9137),(#9138,#9139,#9140)),.UNSPECIFIED.,.F.,.F.,.F.)
B_SPLINE_SURFACE_WITH_KNOTS((4,4),(3,3),(2.88891239844771,3.39427290873187),
(0.,1.),.PIECEWISE_BEZIER_KNOTS.)
GEOMETRIC_REPRESENTATION_ITEM()
RATIONAL_B_SPLINE_SURFACE(((1.,0.608761429008721,1.),(1.,0.604138432755416,
1.),(1.,0.60413843275602,1.),(1.,0.60876142900872,1.)))
REPRESENTATION_ITEM('')
SURFACE()
);
#67=(
BOUNDED_SURFACE()
B_SPLINE_SURFACE(3,2,((#9146,#9147,#9148),(#9149,#9150,#9151),(#9152,#9153,
#9154),(#9155,#9156,#9157)),.UNSPECIFIED.,.F.,.F.,.F.)
B_SPLINE_SURFACE_WITH_KNOTS((4,4),(3,3),(2.88891239844771,3.39427290873187),
(0.,1.),.PIECEWISE_BEZIER_KNOTS.)
GEOMETRIC_REPRESENTATION_ITEM()
RATIONAL_B_SPLINE_SURFACE(((1.,0.60876142900872,1.),(1.,0.604138432756544,
1.),(1.,0.604138432755052,1.),(1.,0.60876142900872,1.)))
REPRESENTATION_ITEM('')
SURFACE()
);
#68=(
BOUNDED_SURFACE()
B_SPLINE_SURFACE(3,2,((#9159,#9160,#9161),(#9162,#9163,#9164),(#9165,#9166,
#9167),(#9168,#9169,#9170),(#9171,#9172,#9173)),.UNSPECIFIED.,.F.,.F.,.F.)
B_SPLINE_SURFACE_WITH_KNOTS((4,1,4),(3,3),(2.63755737799268,3.14159265358979,
3.6456279291869),(0.,1.),.UNSPECIFIED.)
GEOMETRIC_REPRESENTATION_ITEM()
RATIONAL_B_SPLINE_SURFACE(((1.,0.60876142900872,1.),(1.,0.598911873057797,
1.),(1.,0.588036543499983,1.),(1.,0.59891187305754,1.),(1.,0.60876142900872,
1.)))
REPRESENTATION_ITEM('')
SURFACE()
);
#69=(
BOUNDED_SURFACE()
B_SPLINE_SURFACE(3,2,((#9179,#9180,#9181),(#9182,#9183,#9184),(#9185,#9186,
#9187),(#9188,#9189,#9190),(#9191,#9192,#9193)),.UNSPECIFIED.,.F.,.F.,.F.)
B_SPLINE_SURFACE_WITH_KNOTS((4,1,4),(3,3),(2.63755737799269,3.14159265358979,
3.6456279291869),(0.,1.),.UNSPECIFIED.)
GEOMETRIC_REPRESENTATION_ITEM()
RATIONAL_B_SPLINE_SURFACE(((1.,0.60876142900872,1.),(1.,0.598911873057813,
1.),(1.,0.588036543499892,1.),(1.,0.598911873057701,1.),(1.,0.60876142900872,
1.)))
REPRESENTATION_ITEM('')
SURFACE()
);
#70=(
BOUNDED_SURFACE()
B_SPLINE_SURFACE(3,2,((#9195,#9196,#9197),(#9198,#9199,#9200),(#9201,#9202,
#9203),(#9204,#9205,#9206)),.UNSPECIFIED.,.F.,.F.,.F.)
B_SPLINE_SURFACE_WITH_KNOTS((4,4),(3,3),(2.88891239844771,3.39427290873187),
(0.,1.),.PIECEWISE_BEZIER_KNOTS.)
GEOMETRIC_REPRESENTATION_ITEM()
RATIONAL_B_SPLINE_SURFACE(((1.,0.60876142900872,1.),(1.,0.604138432756826,
1.),(1.,0.60413843275602,1.),(1.,0.60876142900872,1.)))
REPRESENTATION_ITEM('')
SURFACE()
);
#71=(
BOUNDED_SURFACE()
B_SPLINE_SURFACE(3,2,((#9212,#9213,#9214),(#9215,#9216,#9217),(#9218,#9219,
#9220),(#9221,#9222,#9223)),.UNSPECIFIED.,.F.,.F.,.F.)
B_SPLINE_SURFACE_WITH_KNOTS((4,4),(3,3),(2.88891239844771,3.39427290873187),
(0.,1.),.PIECEWISE_BEZIER_KNOTS.)
GEOMETRIC_REPRESENTATION_ITEM()
RATIONAL_B_SPLINE_SURFACE(((1.,0.60876142900872,1.),(1.,0.604138432755052,
1.),(1.,0.604138432755294,1.),(1.,0.60876142900872,1.)))
REPRESENTATION_ITEM('')
SURFACE()
);
#72=(
BOUNDED_SURFACE()
B_SPLINE_SURFACE(3,2,((#9225,#9226,#9227),(#9228,#9229,#9230),(#9231,#9232,
#9233),(#9234,#9235,#9236),(#9237,#9238,#9239)),.UNSPECIFIED.,.F.,.F.,.F.)
B_SPLINE_SURFACE_WITH_KNOTS((4,1,4),(3,3),(2.63755737799268,3.14159265358979,
3.6456279291869),(0.,1.),.UNSPECIFIED.)
GEOMETRIC_REPRESENTATION_ITEM()
RATIONAL_B_SPLINE_SURFACE(((1.,0.60876142900872,1.),(1.,0.598911873057925,
1.),(1.,0.588036543499806,1.),(1.,0.598911873057765,1.),(1.,0.60876142900872,
1.)))
REPRESENTATION_ITEM('')
SURFACE()
);
#73=(
BOUNDED_SURFACE()
B_SPLINE_SURFACE(3,2,((#9245,#9246,#9247),(#9248,#9249,#9250),(#9251,#9252,
#9253),(#9254,#9255,#9256),(#9257,#9258,#9259)),.UNSPECIFIED.,.F.,.F.,.F.)
B_SPLINE_SURFACE_WITH_KNOTS((4,1,4),(3,3),(2.63755737799268,3.14159265358979,
3.6456279291869),(0.,1.),.UNSPECIFIED.)
GEOMETRIC_REPRESENTATION_ITEM()
RATIONAL_B_SPLINE_SURFACE(((1.,0.608761429008719,1.),(1.,0.598911873057877,
1.),(1.,0.588036543499604,1.),(1.,0.598911873058213,1.),(1.,0.608761429008719,
1.)))
REPRESENTATION_ITEM('')
SURFACE()
);
#74=(
BOUNDED_SURFACE()
B_SPLINE_SURFACE(3,2,((#9261,#9262,#9263),(#9264,#9265,#9266),(#9267,#9268,
#9269),(#9270,#9271,#9272)),.UNSPECIFIED.,.F.,.F.,.F.)
B_SPLINE_SURFACE_WITH_KNOTS((4,4),(3,3),(2.88891239844771,3.39427290873187),
(0.,1.),.PIECEWISE_BEZIER_KNOTS.)
GEOMETRIC_REPRESENTATION_ITEM()
RATIONAL_B_SPLINE_SURFACE(((1.,0.60876142900872,1.),(1.,0.604138432755052,
1.),(1.,0.604138432755214,1.),(1.,0.60876142900872,1.)))
REPRESENTATION_ITEM('')
SURFACE()
);
#75=(
BOUNDED_SURFACE()
B_SPLINE_SURFACE(3,2,((#9278,#9279,#9280),(#9281,#9282,#9283),(#9284,#9285,
#9286),(#9287,#9288,#9289)),.UNSPECIFIED.,.F.,.F.,.F.)
B_SPLINE_SURFACE_WITH_KNOTS((4,4),(3,3),(2.88891239844771,3.39427290873187),
(0.,1.),.PIECEWISE_BEZIER_KNOTS.)
GEOMETRIC_REPRESENTATION_ITEM()
RATIONAL_B_SPLINE_SURFACE(((1.,0.60876142900872,1.),(1.,0.604138432756342,
1.),(1.,0.604138432755698,1.),(1.,0.608761429008721,1.)))
REPRESENTATION_ITEM('')
SURFACE()
);
#76=(
BOUNDED_SURFACE()
B_SPLINE_SURFACE(3,2,((#9291,#9292,#9293),(#9294,#9295,#9296),(#9297,#9298,
#9299),(#9300,#9301,#9302),(#9303,#9304,#9305)),.UNSPECIFIED.,.F.,.F.,.F.)
B_SPLINE_SURFACE_WITH_KNOTS((4,1,4),(3,3),(2.63755737799268,3.14159265358979,
3.6456279291869),(0.,1.),.UNSPECIFIED.)
GEOMETRIC_REPRESENTATION_ITEM()
RATIONAL_B_SPLINE_SURFACE(((1.,0.60876142900872,1.),(1.,0.598911873057781,
1.),(1.,0.588036543499813,1.),(1.,0.598911873057894,1.),(1.,0.60876142900872,
1.)))
REPRESENTATION_ITEM('')
SURFACE()
);
#77=(
BOUNDED_SURFACE()
B_SPLINE_SURFACE(3,2,((#9311,#9312,#9313),(#9314,#9315,#9316),(#9317,#9318,
#9319),(#9320,#9321,#9322),(#9323,#9324,#9325)),.UNSPECIFIED.,.F.,.F.,.F.)
B_SPLINE_SURFACE_WITH_KNOTS((4,1,4),(3,3),(2.63755737799269,3.1415926535898,
3.64562792918691),(0.,1.),.UNSPECIFIED.)
GEOMETRIC_REPRESENTATION_ITEM()
RATIONAL_B_SPLINE_SURFACE(((1.,0.608761429008719,1.),(1.,0.598911873057796,
1.),(1.,0.588036543499838,1.),(1.,0.598911873057829,1.),(1.,0.60876142900872,
1.)))
REPRESENTATION_ITEM('')
SURFACE()
);
#78=(
BOUNDED_SURFACE()
B_SPLINE_SURFACE(3,2,((#9327,#9328,#9329),(#9330,#9331,#9332),(#9333,#9334,
#9335),(#9336,#9337,#9338)),.UNSPECIFIED.,.F.,.F.,.F.)
B_SPLINE_SURFACE_WITH_KNOTS((4,4),(3,3),(2.88891239844771,3.39427290873187),
(0.,1.),.PIECEWISE_BEZIER_KNOTS.)
GEOMETRIC_REPRESENTATION_ITEM()
RATIONAL_B_SPLINE_SURFACE(((1.,0.60876142900872,1.),(1.,0.604138432756664,
1.),(1.,0.604138432756503,1.),(1.,0.60876142900872,1.)))
REPRESENTATION_ITEM('')
SURFACE()
);
#79=(
BOUNDED_SURFACE()
B_SPLINE_SURFACE(3,2,((#9344,#9345,#9346),(#9347,#9348,#9349),(#9350,#9351,
#9352),(#9353,#9354,#9355)),.UNSPECIFIED.,.F.,.F.,.F.)
B_SPLINE_SURFACE_WITH_KNOTS((4,4),(3,3),(2.88891239844771,3.39427290873187),
(0.,1.),.PIECEWISE_BEZIER_KNOTS.)
GEOMETRIC_REPRESENTATION_ITEM()
RATIONAL_B_SPLINE_SURFACE(((1.,0.608761429008721,1.),(1.,0.604138432756383,
1.),(1.,0.604138432755375,1.),(1.,0.60876142900872,1.)))
REPRESENTATION_ITEM('')
SURFACE()
);
#80=(
BOUNDED_SURFACE()
B_SPLINE_SURFACE(3,2,((#9357,#9358,#9359),(#9360,#9361,#9362),(#9363,#9364,
#9365),(#9366,#9367,#9368),(#9369,#9370,#9371)),.UNSPECIFIED.,.F.,.F.,.F.)
B_SPLINE_SURFACE_WITH_KNOTS((4,1,4),(3,3),(2.63755737799268,3.14159265358979,
3.6456279291869),(0.,1.),.UNSPECIFIED.)
GEOMETRIC_REPRESENTATION_ITEM()
RATIONAL_B_SPLINE_SURFACE(((1.,0.60876142900872,1.),(1.,0.598911873057894,
1.),(1.,0.588036543499748,1.),(1.,0.598911873057909,1.),(1.,0.60876142900872,
1.)))
REPRESENTATION_ITEM('')
SURFACE()
);
#81=(
BOUNDED_SURFACE()
B_SPLINE_SURFACE(3,2,((#9377,#9378,#9379),(#9380,#9381,#9382),(#9383,#9384,
#9385),(#9386,#9387,#9388),(#9389,#9390,#9391)),.UNSPECIFIED.,.F.,.F.,.F.)
B_SPLINE_SURFACE_WITH_KNOTS((4,1,4),(3,3),(2.63755737799269,3.14159265358979,
3.6456279291869),(0.,1.),.UNSPECIFIED.)
GEOMETRIC_REPRESENTATION_ITEM()
RATIONAL_B_SPLINE_SURFACE(((1.,0.60876142900872,1.),(1.,0.598911873057797,
1.),(1.,0.588036543499884,1.),(1.,0.598911873057733,1.),(1.,0.60876142900872,
1.)))
REPRESENTATION_ITEM('')
SURFACE()
);
#82=(
BOUNDED_SURFACE()
B_SPLINE_SURFACE(3,2,((#9393,#9394,#9395),(#9396,#9397,#9398),(#9399,#9400,
#9401),(#9402,#9403,#9404)),.UNSPECIFIED.,.F.,.F.,.F.)
B_SPLINE_SURFACE_WITH_KNOTS((4,4),(3,3),(2.88891239844771,3.39427290873187),
(0.,1.),.PIECEWISE_BEZIER_KNOTS.)
GEOMETRIC_REPRESENTATION_ITEM()
RATIONAL_B_SPLINE_SURFACE(((1.,0.60876142900872,1.),(1.,0.60413843275606,
1.),(1.,0.60413843275598,1.),(1.,0.608761429008721,1.)))
REPRESENTATION_ITEM('')
SURFACE()
);
#83=(
BOUNDED_SURFACE()
B_SPLINE_SURFACE(3,2,((#9410,#9411,#9412),(#9413,#9414,#9415),(#9416,#9417,
#9418),(#9419,#9420,#9421)),.UNSPECIFIED.,.F.,.F.,.F.)
B_SPLINE_SURFACE_WITH_KNOTS((4,4),(3,3),(2.88891239844771,3.39427290873187),
(0.,1.),.PIECEWISE_BEZIER_KNOTS.)
GEOMETRIC_REPRESENTATION_ITEM()
RATIONAL_B_SPLINE_SURFACE(((1.,0.60876142900872,1.),(1.,0.604138432755294,
1.),(1.,0.604138432755375,1.),(1.,0.60876142900872,1.)))
REPRESENTATION_ITEM('')
SURFACE()
);
#84=(
BOUNDED_SURFACE()
B_SPLINE_SURFACE(3,2,((#9423,#9424,#9425),(#9426,#9427,#9428),(#9429,#9430,
#9431),(#9432,#9433,#9434),(#9435,#9436,#9437)),.UNSPECIFIED.,.F.,.F.,.F.)
B_SPLINE_SURFACE_WITH_KNOTS((4,1,4),(3,3),(2.63755737799268,3.14159265358979,
3.6456279291869),(0.,1.),.UNSPECIFIED.)
GEOMETRIC_REPRESENTATION_ITEM()
RATIONAL_B_SPLINE_SURFACE(((1.,0.60876142900872,1.),(1.,0.598911873057861,
1.),(1.,0.588036543499894,1.),(1.,0.598911873057653,1.),(1.,0.60876142900872,
1.)))
REPRESENTATION_ITEM('')
SURFACE()
);
#85=(
BOUNDED_SURFACE()
B_SPLINE_SURFACE(3,2,((#9443,#9444,#9445),(#9446,#9447,#9448),(#9449,#9450,
#9451),(#9452,#9453,#9454)),.UNSPECIFIED.,.F.,.F.,.F.)
B_SPLINE_SURFACE_WITH_KNOTS((4,4),(3,3),(5.77215773110182,6.79421288325734),
(0.,1.),.PIECEWISE_BEZIER_KNOTS.)
GEOMETRIC_REPRESENTATION_ITEM()
RATIONAL_B_SPLINE_SURFACE(((1.,0.777145961456975,1.),(1.,0.789922317922031,
1.),(1.,0.789922317921603,1.),(1.,0.777145961456976,1.)))
REPRESENTATION_ITEM('')
SURFACE()
);
#86=(
BOUNDED_SURFACE()
B_SPLINE_SURFACE(3,2,((#9456,#9457,#9458),(#9459,#9460,#9461),(#9462,#9463,
#9464),(#9465,#9466,#9467)),.UNSPECIFIED.,.F.,.F.,.F.)
B_SPLINE_SURFACE_WITH_KNOTS((4,4),(3,3),(6.02723669934152,6.53913391501766),
(0.,1.),.PIECEWISE_BEZIER_KNOTS.)
GEOMETRIC_REPRESENTATION_ITEM()
RATIONAL_B_SPLINE_SURFACE(((1.,0.777145961456973,1.),(1.,0.780132456586032,
1.),(1.,0.780132456586387,1.),(1.,0.777145961456972,1.)))
REPRESENTATION_ITEM('')
SURFACE()
);
#87=(
BOUNDED_SURFACE()
B_SPLINE_SURFACE(3,2,((#9473,#9474,#9475),(#9476,#9477,#9478),(#9479,#9480,
#9481),(#9482,#9483,#9484)),.UNSPECIFIED.,.F.,.F.,.F.)
B_SPLINE_SURFACE_WITH_KNOTS((4,4),(3,3),(6.02723669934151,6.53913391501766),
(0.,1.),.PIECEWISE_BEZIER_KNOTS.)
GEOMETRIC_REPRESENTATION_ITEM()
RATIONAL_B_SPLINE_SURFACE(((1.,0.777145961456972,1.),(1.,0.780132456586387,
1.),(1.,0.780132456586292,1.),(1.,0.777145961456972,1.)))
REPRESENTATION_ITEM('')
SURFACE()
);
#88=(
BOUNDED_SURFACE()
B_SPLINE_SURFACE(3,2,((#9486,#9487,#9488),(#9489,#9490,#9491),(#9492,#9493,
#9494),(#9495,#9496,#9497)),.UNSPECIFIED.,.F.,.F.,.F.)
B_SPLINE_SURFACE_WITH_KNOTS((4,4),(3,3),(5.77215773110183,6.79421288325734),
(0.,1.),.PIECEWISE_BEZIER_KNOTS.)
GEOMETRIC_REPRESENTATION_ITEM()
RATIONAL_B_SPLINE_SURFACE(((1.,0.777145961456975,1.),(1.,0.78992231792203,
1.),(1.,0.789922317922049,1.),(1.,0.777145961456975,1.)))
REPRESENTATION_ITEM('')
SURFACE()
);
#89=(
BOUNDED_SURFACE()
B_SPLINE_SURFACE(3,2,((#9503,#9504,#9505),(#9506,#9507,#9508),(#9509,#9510,
#9511),(#9512,#9513,#9514)),.UNSPECIFIED.,.F.,.F.,.F.)
B_SPLINE_SURFACE_WITH_KNOTS((4,4),(3,3),(5.77215773110183,6.79421288325734),
(0.,1.),.PIECEWISE_BEZIER_KNOTS.)
GEOMETRIC_REPRESENTATION_ITEM()
RATIONAL_B_SPLINE_SURFACE(((1.,0.777145961456976,1.),(1.,0.789922317922021,
1.),(1.,0.789922317922031,1.),(1.,0.777145961456975,1.)))
REPRESENTATION_ITEM('')
SURFACE()
);
#90=(
BOUNDED_SURFACE()
B_SPLINE_SURFACE(3,2,((#9516,#9517,#9518),(#9519,#9520,#9521),(#9522,#9523,
#9524),(#9525,#9526,#9527)),.UNSPECIFIED.,.F.,.F.,.F.)
B_SPLINE_SURFACE_WITH_KNOTS((4,4),(3,3),(6.02723669934151,6.53913391501766),
(0.,1.),.PIECEWISE_BEZIER_KNOTS.)
GEOMETRIC_REPRESENTATION_ITEM()
RATIONAL_B_SPLINE_SURFACE(((1.,0.777145961456972,1.),(1.,0.780132456586292,
1.),(1.,0.780132456586387,1.),(1.,0.777145961456972,1.)))
REPRESENTATION_ITEM('')
SURFACE()
);
#91=(
BOUNDED_SURFACE()
B_SPLINE_SURFACE(3,2,((#9533,#9534,#9535),(#9536,#9537,#9538),(#9539,#9540,
#9541),(#9542,#9543,#9544)),.UNSPECIFIED.,.F.,.F.,.F.)
B_SPLINE_SURFACE_WITH_KNOTS((4,4),(3,3),(6.02723669934152,6.53913391501766),
(0.,1.),.PIECEWISE_BEZIER_KNOTS.)
GEOMETRIC_REPRESENTATION_ITEM()
RATIONAL_B_SPLINE_SURFACE(((1.,0.777145961456972,1.),(1.,0.780132456586387,
1.),(1.,0.780132456586032,1.),(1.,0.777145961456973,1.)))
REPRESENTATION_ITEM('')
SURFACE()
);
#92=(
BOUNDED_SURFACE()
B_SPLINE_SURFACE(3,2,((#9546,#9547,#9548),(#9549,#9550,#9551),(#9552,#9553,
#9554),(#9555,#9556,#9557)),.UNSPECIFIED.,.F.,.F.,.F.)
B_SPLINE_SURFACE_WITH_KNOTS((4,4),(3,3),(5.77215773110183,6.79421288325734),
(0.,1.),.PIECEWISE_BEZIER_KNOTS.)
GEOMETRIC_REPRESENTATION_ITEM()
RATIONAL_B_SPLINE_SURFACE(((1.,0.777145961456974,1.),(1.,0.789922317922029,
1.),(1.,0.789922317921735,1.),(1.,0.777145961456975,1.)))
REPRESENTATION_ITEM('')
SURFACE()
);
#93=(
BOUNDED_SURFACE()
B_SPLINE_SURFACE(3,2,((#9563,#9564,#9565),(#9566,#9567,#9568),(#9569,#9570,
#9571),(#9572,#9573,#9574)),.UNSPECIFIED.,.F.,.F.,.F.)
B_SPLINE_SURFACE_WITH_KNOTS((4,4),(3,3),(5.77215773110183,6.79421288325735),
(0.,1.),.PIECEWISE_BEZIER_KNOTS.)
GEOMETRIC_REPRESENTATION_ITEM()
RATIONAL_B_SPLINE_SURFACE(((1.,0.777145961456974,1.),(1.,0.789922317922001,
1.),(1.,0.789922317922058,1.),(1.,0.777145961456974,1.)))
REPRESENTATION_ITEM('')
SURFACE()
);
#94=(
BOUNDED_SURFACE()
B_SPLINE_SURFACE(3,2,((#9576,#9577,#9578),(#9579,#9580,#9581),(#9582,#9583,
#9584),(#9585,#9586,#9587)),.UNSPECIFIED.,.F.,.F.,.F.)
B_SPLINE_SURFACE_WITH_KNOTS((4,4),(3,3),(6.02723669934152,6.53913391501766),
(0.,1.),.PIECEWISE_BEZIER_KNOTS.)
GEOMETRIC_REPRESENTATION_ITEM()
RATIONAL_B_SPLINE_SURFACE(((1.,0.777145961456972,1.),(1.,0.780132456586387,
1.),(1.,0.780132456586316,1.),(1.,0.777145961456972,1.)))
REPRESENTATION_ITEM('')
SURFACE()
);
#95=(
BOUNDED_SURFACE()
B_SPLINE_SURFACE(3,2,((#9593,#9594,#9595),(#9596,#9597,#9598),(#9599,#9600,
#9601),(#9602,#9603,#9604)),.UNSPECIFIED.,.F.,.F.,.F.)
B_SPLINE_SURFACE_WITH_KNOTS((4,4),(3,3),(6.02723669934152,6.53913391501766),
(0.,1.),.PIECEWISE_BEZIER_KNOTS.)
GEOMETRIC_REPRESENTATION_ITEM()
RATIONAL_B_SPLINE_SURFACE(((1.,0.777145961456973,1.),(1.,0.780132456586032,
1.),(1.,0.780132456585913,1.),(1.,0.777145961456973,1.)))
REPRESENTATION_ITEM('')
SURFACE()
);
#96=(
BOUNDED_SURFACE()
B_SPLINE_SURFACE(3,2,((#9606,#9607,#9608),(#9609,#9610,#9611),(#9612,#9613,
#9614),(#9615,#9616,#9617)),.UNSPECIFIED.,.F.,.F.,.F.)
B_SPLINE_SURFACE_WITH_KNOTS((4,4),(3,3),(5.77215773110182,6.79421288325735),
(0.,1.),.PIECEWISE_BEZIER_KNOTS.)
GEOMETRIC_REPRESENTATION_ITEM()
RATIONAL_B_SPLINE_SURFACE(((1.,0.777145961456975,1.),(1.,0.789922317922021,
1.),(1.,0.78992231792203,1.),(1.,0.777145961456975,1.)))
REPRESENTATION_ITEM('')
SURFACE()
);
#97=(
BOUNDED_SURFACE()
B_SPLINE_SURFACE(3,2,((#9623,#9624,#9625),(#9626,#9627,#9628),(#9629,#9630,
#9631),(#9632,#9633,#9634)),.UNSPECIFIED.,.F.,.F.,.F.)
B_SPLINE_SURFACE_WITH_KNOTS((4,4),(3,3),(5.77215773110183,6.79421288325735),
(0.,1.),.PIECEWISE_BEZIER_KNOTS.)
GEOMETRIC_REPRESENTATION_ITEM()
RATIONAL_B_SPLINE_SURFACE(((1.,0.777145961456974,1.),(1.,0.789922317922153,
1.),(1.,0.789922317922438,1.),(1.,0.777145961456973,1.)))
REPRESENTATION_ITEM('')
SURFACE()
);
#98=(
BOUNDED_SURFACE()
B_SPLINE_SURFACE(3,2,((#9636,#9637,#9638),(#9639,#9640,#9641),(#9642,#9643,
#9644),(#9645,#9646,#9647)),.UNSPECIFIED.,.F.,.F.,.F.)
B_SPLINE_SURFACE_WITH_KNOTS((4,4),(3,3),(6.02723669934152,6.53913391501766),
(0.,1.),.PIECEWISE_BEZIER_KNOTS.)
GEOMETRIC_REPRESENTATION_ITEM()
RATIONAL_B_SPLINE_SURFACE(((1.,0.777145961456972,1.),(1.,0.780132456586387,
1.),(1.,0.780132456586387,1.),(1.,0.777145961456972,1.)))
REPRESENTATION_ITEM('')
SURFACE()
);
#99=(
BOUNDED_SURFACE()
B_SPLINE_SURFACE(3,2,((#9653,#9654,#9655),(#9656,#9657,#9658),(#9659,#9660,
#9661),(#9662,#9663,#9664)),.UNSPECIFIED.,.F.,.F.,.F.)
B_SPLINE_SURFACE_WITH_KNOTS((4,4),(3,3),(6.02723669934152,6.53913391501766),
(0.,1.),.PIECEWISE_BEZIER_KNOTS.)
GEOMETRIC_REPRESENTATION_ITEM()
RATIONAL_B_SPLINE_SURFACE(((1.,0.777145961456972,1.),(1.,0.780132456586387,
1.),(1.,0.780132456585961,1.),(1.,0.777145961456973,1.)))
REPRESENTATION_ITEM('')
SURFACE()
);
#100=(
BOUNDED_SURFACE()
B_SPLINE_SURFACE(3,2,((#9666,#9667,#9668),(#9669,#9670,#9671),(#9672,#9673,
#9674),(#9675,#9676,#9677)),.UNSPECIFIED.,.F.,.F.,.F.)
B_SPLINE_SURFACE_WITH_KNOTS((4,4),(3,3),(5.77215773110182,6.79421288325734),
(0.,1.),.PIECEWISE_BEZIER_KNOTS.)
GEOMETRIC_REPRESENTATION_ITEM()
RATIONAL_B_SPLINE_SURFACE(((1.,0.777145961456973,1.),(1.,0.789922317922057,
1.),(1.,0.789922317921678,1.),(1.,0.777145961456975,1.)))
REPRESENTATION_ITEM('')
SURFACE()
);
#101=(
BOUNDED_SURFACE()
B_SPLINE_SURFACE(3,2,((#9683,#9684,#9685),(#9686,#9687,#9688),(#9689,#9690,
#9691),(#9692,#9693,#9694)),.UNSPECIFIED.,.F.,.F.,.F.)
B_SPLINE_SURFACE_WITH_KNOTS((4,4),(3,3),(5.77215773110183,6.79421288325734),
(0.,1.),.PIECEWISE_BEZIER_KNOTS.)
GEOMETRIC_REPRESENTATION_ITEM()
RATIONAL_B_SPLINE_SURFACE(((1.,0.777145961456975,1.),(1.,0.789922317921649,
1.),(1.,0.78992231792204,1.),(1.,0.777145961456975,1.)))
REPRESENTATION_ITEM('')
SURFACE()
);
#102=(
BOUNDED_SURFACE()
B_SPLINE_SURFACE(3,2,((#9696,#9697,#9698),(#9699,#9700,#9701),(#9702,#9703,
#9704),(#9705,#9706,#9707)),.UNSPECIFIED.,.F.,.F.,.F.)
B_SPLINE_SURFACE_WITH_KNOTS((4,4),(3,3),(6.02723669934152,6.53913391501766),
(0.,1.),.PIECEWISE_BEZIER_KNOTS.)
GEOMETRIC_REPRESENTATION_ITEM()
RATIONAL_B_SPLINE_SURFACE(((1.,0.777145961456973,1.),(1.,0.780132456585937,
1.),(1.,0.780132456585913,1.),(1.,0.777145961456973,1.)))
REPRESENTATION_ITEM('')
SURFACE()
);
#103=(
BOUNDED_SURFACE()
B_SPLINE_SURFACE(3,2,((#9713,#9714,#9715),(#9716,#9717,#9718),(#9719,#9720,
#9721),(#9722,#9723,#9724)),.UNSPECIFIED.,.F.,.F.,.F.)
B_SPLINE_SURFACE_WITH_KNOTS((4,4),(3,3),(6.02723669934151,6.53913391501766),
(0.,1.),.PIECEWISE_BEZIER_KNOTS.)
GEOMETRIC_REPRESENTATION_ITEM()
RATIONAL_B_SPLINE_SURFACE(((1.,0.777145961456973,1.),(1.,0.780132456586032,
1.),(1.,0.780132456586032,1.),(1.,0.777145961456973,1.)))
REPRESENTATION_ITEM('')
SURFACE()
);
#104=(
BOUNDED_SURFACE()
B_SPLINE_SURFACE(3,2,((#9726,#9727,#9728),(#9729,#9730,#9731),(#9732,#9733,
#9734),(#9735,#9736,#9737)),.UNSPECIFIED.,.F.,.F.,.F.)
B_SPLINE_SURFACE_WITH_KNOTS((4,4),(3,3),(5.77215773110183,6.79421288325734),
(0.,1.),.PIECEWISE_BEZIER_KNOTS.)
GEOMETRIC_REPRESENTATION_ITEM()
RATIONAL_B_SPLINE_SURFACE(((1.,0.777145961456974,1.),(1.,0.789922317922086,
1.),(1.,0.789922317922021,1.),(1.,0.777145961456975,1.)))
REPRESENTATION_ITEM('')
SURFACE()
);
#105=(
BOUNDED_SURFACE()
B_SPLINE_SURFACE(3,2,((#9743,#9744,#9745),(#9746,#9747,#9748),(#9749,#9750,
#9751),(#9752,#9753,#9754)),.UNSPECIFIED.,.F.,.F.,.F.)
B_SPLINE_SURFACE_WITH_KNOTS((4,4),(3,3),(5.77215773110183,6.79421288325734),
(0.,1.),.PIECEWISE_BEZIER_KNOTS.)
GEOMETRIC_REPRESENTATION_ITEM()
RATIONAL_B_SPLINE_SURFACE(((1.,0.777145961456974,1.),(1.,0.789922317922067,
1.),(1.,0.78992231792202,1.),(1.,0.777145961456975,1.)))
REPRESENTATION_ITEM('')
SURFACE()
);
#106=(
BOUNDED_SURFACE()
B_SPLINE_SURFACE(3,2,((#9756,#9757,#9758),(#9759,#9760,#9761),(#9762,#9763,
#9764),(#9765,#9766,#9767)),.UNSPECIFIED.,.F.,.F.,.F.)
B_SPLINE_SURFACE_WITH_KNOTS((4,4),(3,3),(6.02723669934152,6.53913391501766),
(0.,1.),.PIECEWISE_BEZIER_KNOTS.)
GEOMETRIC_REPRESENTATION_ITEM()
RATIONAL_B_SPLINE_SURFACE(((1.,0.777145961456969,1.),(1.,0.780132456586384,
1.),(1.,0.780132456586384,1.),(1.,0.777145961456969,1.)))
REPRESENTATION_ITEM('')
SURFACE()
);
#107=(
BOUNDED_SURFACE()
B_SPLINE_SURFACE(3,2,((#9773,#9774,#9775),(#9776,#9777,#9778),(#9779,#9780,
#9781),(#9782,#9783,#9784)),.UNSPECIFIED.,.F.,.F.,.F.)
B_SPLINE_SURFACE_WITH_KNOTS((4,4),(3,3),(6.02723669934151,6.53913391501766),
(0.,1.),.PIECEWISE_BEZIER_KNOTS.)
GEOMETRIC_REPRESENTATION_ITEM()
RATIONAL_B_SPLINE_SURFACE(((1.,0.777145961456973,1.),(1.,0.780132456586032,
1.),(1.,0.780132456586032,1.),(1.,0.777145961456973,1.)))
REPRESENTATION_ITEM('')
SURFACE()
);
#108=(
BOUNDED_SURFACE()
B_SPLINE_SURFACE(3,2,((#9786,#9787,#9788),(#9789,#9790,#9791),(#9792,#9793,
#9794),(#9795,#9796,#9797)),.UNSPECIFIED.,.F.,.F.,.F.)
B_SPLINE_SURFACE_WITH_KNOTS((4,4),(3,3),(5.77215773110183,6.79421288325735),
(0.,1.),.PIECEWISE_BEZIER_KNOTS.)
GEOMETRIC_REPRESENTATION_ITEM()
RATIONAL_B_SPLINE_SURFACE(((1.,0.777145961456976,1.),(1.,0.789922317922022,
1.),(1.,0.789922317921641,1.),(1.,0.777145961456976,1.)))
REPRESENTATION_ITEM('')
SURFACE()
);
#109=B_SPLINE_SURFACE_WITH_KNOTS('',3,1,((#7341,#7342),(#7343,#7344),(#7345,
#7346),(#7347,#7348),(#7349,#7350)),.SURF_OF_LINEAR_EXTRUSION.,.F.,.F.,
 .F.,(4,1,4),(2,2),(9.52935254143742E-15,0.500000000000084,1.00000000000016),
(0.,1.),.UNSPECIFIED.);
#110=B_SPLINE_SURFACE_WITH_KNOTS('',3,1,((#7401,#7402),(#7403,#7404),(#7405,
#7406),(#7407,#7408),(#7409,#7410)),.SURF_OF_LINEAR_EXTRUSION.,.F.,.F.,
 .F.,(4,1,4),(2,2),(-2.07346102647503E-14,0.499999999999882,0.999999999999786),
(0.,1.),.UNSPECIFIED.);
#111=B_SPLINE_SURFACE_WITH_KNOTS('',3,1,((#7416,#7417),(#7418,#7419),(#7420,
#7421),(#7422,#7423),(#7424,#7425)),.SURF_OF_LINEAR_EXTRUSION.,.F.,.F.,
 .F.,(4,1,4),(2,2),(-7.91932712617566E-15,0.499999999999998,1.),(0.,1.),
 .UNSPECIFIED.);
#112=B_SPLINE_SURFACE_WITH_KNOTS('',3,1,((#7471,#7472),(#7473,#7474),(#7475,
#7476),(#7477,#7478),(#7479,#7480)),.SURF_OF_LINEAR_EXTRUSION.,.F.,.F.,
 .F.,(4,1,4),(2,2),(-7.03540737937812E-15,0.499999999999999,1.),(0.,1.),
 .UNSPECIFIED.);
#113=B_SPLINE_SURFACE_WITH_KNOTS('',3,1,((#7486,#7487),(#7488,#7489),(#7490,
#7491),(#7492,#7493),(#7494,#7495)),.SURF_OF_LINEAR_EXTRUSION.,.F.,.F.,
 .F.,(4,1,4),(2,2),(-1.02535267769738E-15,0.500000000000009,1.00000000000002),
(0.,1.),.UNSPECIFIED.);
#114=B_SPLINE_SURFACE_WITH_KNOTS('',3,1,((#7541,#7542),(#7543,#7544),(#7545,
#7546),(#7547,#7548),(#7549,#7550)),.SURF_OF_LINEAR_EXTRUSION.,.F.,.F.,
 .F.,(4,1,4),(2,2),(1.88075266821129E-14,0.500000000000017,1.00000000000002),
(0.,1.),.UNSPECIFIED.);
#115=B_SPLINE_SURFACE_WITH_KNOTS('',3,1,((#7556,#7557),(#7558,#7559),(#7560,
#7561),(#7562,#7563),(#7564,#7565)),.SURF_OF_LINEAR_EXTRUSION.,.F.,.F.,
 .F.,(4,1,4),(2,2),(9.69551220995372E-15,0.500000000000172,1.00000000000033),
(0.,1.),.UNSPECIFIED.);
#116=B_SPLINE_SURFACE_WITH_KNOTS('',3,1,((#7611,#7612),(#7613,#7614),(#7615,
#7616),(#7617,#7618),(#7619,#7620)),.SURF_OF_LINEAR_EXTRUSION.,.F.,.F.,
 .F.,(4,1,4),(2,2),(-8.94109636862131E-16,0.500000000000017,1.00000000000003),
(0.,1.),.UNSPECIFIED.);
#117=B_SPLINE_SURFACE_WITH_KNOTS('',3,1,((#7626,#7627),(#7628,#7629),(#7630,
#7631),(#7632,#7633),(#7634,#7635)),.SURF_OF_LINEAR_EXTRUSION.,.F.,.F.,
 .F.,(4,1,4),(2,2),(-2.56112237508366E-15,0.499999999999999,1.),(0.,1.),
 .UNSPECIFIED.);
#118=B_SPLINE_SURFACE_WITH_KNOTS('',3,1,((#7681,#7682),(#7683,#7684),(#7685,
#7686),(#7687,#7688),(#7689,#7690)),.SURF_OF_LINEAR_EXTRUSION.,.F.,.F.,
 .F.,(4,1,4),(2,2),(-1.48136926928599E-15,0.500000000000001,1.),(0.,1.),
 .UNSPECIFIED.);
#119=B_SPLINE_SURFACE_WITH_KNOTS('',3,1,((#7696,#7697),(#7698,#7699),(#7700,
#7701),(#7702,#7703),(#7704,#7705)),.SURF_OF_LINEAR_EXTRUSION.,.F.,.F.,
 .F.,(4,1,4),(2,2),(2.38614563398071E-13,0.500000000000106,0.999999999999974),
(0.,1.),.UNSPECIFIED.);
#120=B_SPLINE_SURFACE_WITH_KNOTS('',3,1,((#7751,#7752),(#7753,#7754),(#7755,
#7756),(#7757,#7758),(#7759,#7760)),.SURF_OF_LINEAR_EXTRUSION.,.F.,.F.,
 .F.,(4,1,4),(2,2),(-7.01811912509951E-15,0.49999999999991,0.999999999999826),
(0.,1.),.UNSPECIFIED.);
#121=B_SPLINE_SURFACE_WITH_KNOTS('',3,1,((#7766,#7767),(#7768,#7769),(#7770,
#7771),(#7772,#7773),(#7774,#7775)),.SURF_OF_LINEAR_EXTRUSION.,.F.,.F.,
 .F.,(4,1,4),(2,2),(2.45776706177039E-16,0.499999999999996,0.999999999999991),
(0.,1.),.UNSPECIFIED.);
#122=B_SPLINE_SURFACE_WITH_KNOTS('',3,1,((#7821,#7822),(#7823,#7824),(#7825,
#7826),(#7827,#7828),(#7829,#7830)),.SURF_OF_LINEAR_EXTRUSION.,.F.,.F.,
 .F.,(4,1,4),(2,2),(7.09190647553174E-15,0.499999999999907,0.999999999999807),
(0.,1.),.UNSPECIFIED.);
#123=B_SPLINE_SURFACE_WITH_KNOTS('',3,1,((#7836,#7837),(#7838,#7839),(#7840,
#7841),(#7842,#7843),(#7844,#7845)),.SURF_OF_LINEAR_EXTRUSION.,.F.,.F.,
 .F.,(4,1,4),(2,2),(-1.04576531855148E-15,0.5,1.),(0.,1.),.UNSPECIFIED.);
#124=B_SPLINE_SURFACE_WITH_KNOTS('',3,1,((#7891,#7892),(#7893,#7894),(#7895,
#7896),(#7897,#7898),(#7899,#7900)),.SURF_OF_LINEAR_EXTRUSION.,.F.,.F.,
 .F.,(4,1,4),(2,2),(-3.04363559496391E-16,0.5,1.),(0.,1.),.UNSPECIFIED.);
#125=B_SPLINE_SURFACE_WITH_KNOTS('',3,1,((#7906,#7907),(#7908,#7909),(#7910,
#7911),(#7912,#7913),(#7914,#7915)),.SURF_OF_LINEAR_EXTRUSION.,.F.,.F.,
 .F.,(4,1,4),(2,2),(3.36668976639593E-13,0.500000000000177,1.00000000000002),
(0.,1.),.UNSPECIFIED.);
#126=B_SPLINE_SURFACE_WITH_KNOTS('',3,1,((#7961,#7962),(#7963,#7964),(#7965,
#7966),(#7967,#7968),(#7969,#7970)),.SURF_OF_LINEAR_EXTRUSION.,.F.,.F.,
 .F.,(4,1,4),(2,2),(-9.41575000508803E-17,0.500000000000007,1.00000000000001),
(0.,1.),.UNSPECIFIED.);
#127=B_SPLINE_SURFACE_WITH_KNOTS('',3,1,((#7976,#7977),(#7978,#7979),(#7980,
#7981),(#7982,#7983),(#7984,#7985)),.SURF_OF_LINEAR_EXTRUSION.,.F.,.F.,
 .F.,(4,1,4),(2,2),(3.23909214931639E-13,0.500000000000173,1.00000000000002),
(0.,1.),.UNSPECIFIED.);
#128=B_SPLINE_SURFACE_WITH_KNOTS('',3,1,((#8031,#8032),(#8033,#8034),(#8035,
#8036),(#8037,#8038),(#8039,#8040)),.SURF_OF_LINEAR_EXTRUSION.,.F.,.F.,
 .F.,(4,1,4),(2,2),(-8.45744209298614E-17,0.50000000000001,1.00000000000002),
(0.,1.),.UNSPECIFIED.);
#129=B_SPLINE_SURFACE_WITH_KNOTS('',3,1,((#8046,#8047),(#8048,#8049),(#8050,
#8051),(#8052,#8053),(#8054,#8055)),.SURF_OF_LINEAR_EXTRUSION.,.F.,.F.,
 .F.,(4,1,4),(2,2),(-6.46853422451481E-16,0.5,1.),(0.,1.),.UNSPECIFIED.);
#130=B_SPLINE_SURFACE_WITH_KNOTS('',3,1,((#8101,#8102),(#8103,#8104),(#8105,
#8106),(#8107,#8108),(#8109,#8110)),.SURF_OF_LINEAR_EXTRUSION.,.F.,.F.,
 .F.,(4,1,4),(2,2),(2.61070197424573E-14,0.500000000000016,1.00000000000001),
(0.,1.),.UNSPECIFIED.);
#131=B_SPLINE_SURFACE_WITH_KNOTS('',3,1,((#8116,#8117),(#8118,#8119),(#8120,
#8121),(#8122,#8123),(#8124,#8125)),.SURF_OF_LINEAR_EXTRUSION.,.F.,.F.,
 .F.,(4,1,4),(2,2),(-9.43205362991986E-14,0.499999999999933,0.99999999999996),
(0.,1.),.UNSPECIFIED.);
#132=B_SPLINE_SURFACE_WITH_KNOTS('',3,1,((#8171,#8172),(#8173,#8174),(#8175,
#8176),(#8177,#8178),(#8179,#8180)),.SURF_OF_LINEAR_EXTRUSION.,.F.,.F.,
 .F.,(4,1,4),(2,2),(3.75197267273203E-14,0.500000000000021,1.),(0.,1.),
 .UNSPECIFIED.);
#133=B_SPLINE_SURFACE_WITH_KNOTS('',3,1,((#8181,#8182),(#8183,#8184),(#8185,
#8186),(#8187,#8188),(#8189,#8190)),.SURF_OF_LINEAR_EXTRUSION.,.F.,.F.,
 .F.,(4,1,4),(2,2),(3.10860847064873E-13,0.500000000000164,1.00000000000002),
(0.,1.),.UNSPECIFIED.);
#134=B_SPLINE_SURFACE_WITH_KNOTS('',3,1,((#8241,#8242),(#8243,#8244),(#8245,
#8246),(#8247,#8248),(#8249,#8250)),.SURF_OF_LINEAR_EXTRUSION.,.F.,.F.,
 .F.,(4,1,4),(2,2),(-2.57859521620087E-13,0.499999999999867,0.999999999999992),
(0.,1.),.UNSPECIFIED.);
#135=B_SPLINE_SURFACE_WITH_KNOTS('',3,1,((#8256,#8257),(#8258,#8259),(#8260,
#8261),(#8262,#8263),(#8264,#8265)),.SURF_OF_LINEAR_EXTRUSION.,.F.,.F.,
 .F.,(4,1,4),(2,2),(-5.98932448543414E-17,0.5,1.),(0.,1.),.UNSPECIFIED.);
#136=B_SPLINE_SURFACE_WITH_KNOTS('',3,1,((#8311,#8312),(#8313,#8314),(#8315,
#8316),(#8317,#8318),(#8319,#8320)),.SURF_OF_LINEAR_EXTRUSION.,.F.,.F.,
 .F.,(4,1,4),(2,2),(-1.48174201990728E-15,0.499999999999999,1.),(0.,1.),
 .UNSPECIFIED.);
#137=B_SPLINE_SURFACE_WITH_KNOTS('',3,1,((#8326,#8327),(#8328,#8329),(#8330,
#8331),(#8332,#8333),(#8334,#8335)),.SURF_OF_LINEAR_EXTRUSION.,.F.,.F.,
 .F.,(4,1,4),(2,2),(-4.07629133648087E-15,0.499999999999998,1.),(0.,1.),
 .UNSPECIFIED.);
#138=B_SPLINE_SURFACE_WITH_KNOTS('',3,1,((#8381,#8382),(#8383,#8384),(#8385,
#8386),(#8387,#8388),(#8389,#8390)),.SURF_OF_LINEAR_EXTRUSION.,.F.,.F.,
 .F.,(4,1,4),(2,2),(1.22382519380254E-13,0.500000000000065,1.00000000000001),
(0.,1.),.UNSPECIFIED.);
#139=B_SPLINE_SURFACE_WITH_KNOTS('',3,1,((#8396,#8397),(#8398,#8399),(#8400,
#8401),(#8402,#8403),(#8404,#8405)),.SURF_OF_LINEAR_EXTRUSION.,.F.,.F.,
 .F.,(4,1,4),(2,2),(-2.44792196988402E-15,0.499999999999999,1.),(0.,1.),
 .UNSPECIFIED.);
#140=B_SPLINE_SURFACE_WITH_KNOTS('',3,1,((#8451,#8452),(#8453,#8454),(#8455,
#8456),(#8457,#8458),(#8459,#8460)),.SURF_OF_LINEAR_EXTRUSION.,.F.,.F.,
 .F.,(4,1,4),(2,2),(3.26285441296832E-13,0.500000000000172,1.00000000000002),
(0.,1.),.UNSPECIFIED.);
#141=B_SPLINE_SURFACE_WITH_KNOTS('',3,1,((#8466,#8467),(#8468,#8469),(#8470,
#8471),(#8472,#8473),(#8474,#8475)),.SURF_OF_LINEAR_EXTRUSION.,.F.,.F.,
 .F.,(4,1,4),(2,2),(6.22625080900195E-15,0.500000000000003,1.),(0.,1.),
 .UNSPECIFIED.);
#142=B_SPLINE_SURFACE_WITH_KNOTS('',3,1,((#8521,#8522),(#8523,#8524),(#8525,
#8526),(#8527,#8528),(#8529,#8530)),.SURF_OF_LINEAR_EXTRUSION.,.F.,.F.,
 .F.,(4,1,4),(2,2),(3.82216511762008E-16,0.5,1.),(0.,1.),.UNSPECIFIED.);
#143=B_SPLINE_SURFACE_WITH_KNOTS('',3,1,((#8536,#8537),(#8538,#8539),(#8540,
#8541),(#8542,#8543),(#8544,#8545)),.SURF_OF_LINEAR_EXTRUSION.,.F.,.F.,
 .F.,(4,1,4),(2,2),(8.54795800863872E-15,0.500000000000095,1.00000000000018),
(0.,1.),.UNSPECIFIED.);
#144=B_SPLINE_SURFACE_WITH_KNOTS('',3,1,((#8591,#8592),(#8593,#8594),(#8595,
#8596),(#8597,#8598),(#8599,#8600)),.SURF_OF_LINEAR_EXTRUSION.,.F.,.F.,
 .F.,(4,1,4),(2,2),(3.39688964695467E-14,0.500000000000018,1.),(0.,1.),
 .UNSPECIFIED.);
#145=B_SPLINE_SURFACE_WITH_KNOTS('',3,1,((#8606,#8607),(#8608,#8609),(#8610,
#8611),(#8612,#8613),(#8614,#8615)),.SURF_OF_LINEAR_EXTRUSION.,.F.,.F.,
 .F.,(4,1,4),(2,2),(-1.02044723110003E-14,0.499999999999903,0.999999999999816),
(0.,1.),.UNSPECIFIED.);
#146=B_SPLINE_SURFACE_WITH_KNOTS('',3,1,((#8661,#8662),(#8663,#8664),(#8665,
#8666),(#8667,#8668),(#8669,#8670)),.SURF_OF_LINEAR_EXTRUSION.,.F.,.F.,
 .F.,(4,1,4),(2,2),(-1.30784660629054E-13,0.499999999999931,0.999999999999994),
(0.,1.),.UNSPECIFIED.);
#147=B_SPLINE_SURFACE_WITH_KNOTS('',3,1,((#8676,#8677),(#8678,#8679),(#8680,
#8681),(#8682,#8683),(#8684,#8685)),.SURF_OF_LINEAR_EXTRUSION.,.F.,.F.,
 .F.,(4,1,4),(2,2),(-6.01330810764136E-16,0.500000000000001,1.),(0.,1.),
 .UNSPECIFIED.);
#148=B_SPLINE_SURFACE_WITH_KNOTS('',3,1,((#8731,#8732),(#8733,#8734),(#8735,
#8736),(#8737,#8738),(#8739,#8740)),.SURF_OF_LINEAR_EXTRUSION.,.F.,.F.,
 .F.,(4,1,4),(2,2),(-4.87992406608494E-16,0.5,1.),(0.,1.),.UNSPECIFIED.);
#149=B_SPLINE_SURFACE_WITH_KNOTS('',3,1,((#8746,#8747),(#8748,#8749),(#8750,
#8751),(#8752,#8753),(#8754,#8755)),.SURF_OF_LINEAR_EXTRUSION.,.F.,.F.,
 .F.,(4,1,4),(2,2),(4.13145514711115E-14,0.500000000000188,1.00000000000033),
(0.,1.),.UNSPECIFIED.);
#150=B_SPLINE_SURFACE_WITH_KNOTS('',3,1,((#8801,#8802),(#8803,#8804),(#8805,
#8806),(#8807,#8808),(#8809,#8810)),.SURF_OF_LINEAR_EXTRUSION.,.F.,.F.,
 .F.,(4,1,4),(2,2),(1.25754808634176E-15,0.5,0.999999999999998),(0.,1.),
 .UNSPECIFIED.);
#151=B_SPLINE_SURFACE_WITH_KNOTS('',3,1,((#8816,#8817),(#8818,#8819),(#8820,
#8821),(#8822,#8823),(#8824,#8825)),.SURF_OF_LINEAR_EXTRUSION.,.F.,.F.,
 .F.,(4,1,4),(2,2),(-3.14524109248661E-16,0.499999999999999,0.999999999999998),
(0.,1.),.UNSPECIFIED.);
#152=B_SPLINE_SURFACE_WITH_KNOTS('',3,1,((#8871,#8872),(#8873,#8874),(#8875,
#8876),(#8877,#8878),(#8879,#8880)),.SURF_OF_LINEAR_EXTRUSION.,.F.,.F.,
 .F.,(4,1,4),(2,2),(4.10384039806636E-14,0.500000000000022,1.),(0.,1.),
 .UNSPECIFIED.);
#153=B_SPLINE_SURFACE_WITH_KNOTS('',3,1,((#8886,#8887),(#8888,#8889),(#8890,
#8891),(#8892,#8893),(#8894,#8895)),.SURF_OF_LINEAR_EXTRUSION.,.F.,.F.,
 .F.,(4,1,4),(2,2),(-1.68509572468653E-16,0.5,1.),(0.,1.),.UNSPECIFIED.);
#154=B_SPLINE_SURFACE_WITH_KNOTS('',3,1,((#8941,#8942),(#8943,#8944),(#8945,
#8946),(#8947,#8948),(#8949,#8950)),.SURF_OF_LINEAR_EXTRUSION.,.F.,.F.,
 .F.,(4,1,4),(2,2),(-1.73594860534969E-15,0.499999999999999,1.),(0.,1.),
 .UNSPECIFIED.);
#155=B_SPLINE_SURFACE_WITH_KNOTS('',3,1,((#8956,#8957),(#8958,#8959),(#8960,
#8961),(#8962,#8963),(#8964,#8965)),.SURF_OF_LINEAR_EXTRUSION.,.F.,.F.,
 .F.,(4,1,4),(2,2),(5.90474365322239E-15,0.49999999999989,0.999999999999774),
(0.,1.),.UNSPECIFIED.);
#156=B_SPLINE_SURFACE_WITH_KNOTS('',3,1,((#9011,#9012),(#9013,#9014),(#9015,
#9016),(#9017,#9018),(#9019,#9020)),.SURF_OF_LINEAR_EXTRUSION.,.F.,.F.,
 .F.,(4,1,4),(2,2),(-1.8793012804212E-13,0.499999999999901,0.99999999999999),
(0.,1.),.UNSPECIFIED.);
#157=CIRCLE('',#4668,0.0053);
#158=CIRCLE('',#4742,0.004);
#159=CIRCLE('',#4743,0.003125);
#160=CIRCLE('',#4745,0.004);
#161=CIRCLE('',#4747,0.003125);
#162=CIRCLE('',#4750,0.003125);
#163=CIRCLE('',#4754,0.0013);
#164=CIRCLE('',#4755,0.0013);
#165=CIRCLE('',#4756,0.0013);
#166=CIRCLE('',#4757,0.0013);
#167=CIRCLE('',#4759,0.0013);
#168=CIRCLE('',#4761,0.0013);
#169=CIRCLE('',#4762,0.0013);
#170=CIRCLE('',#4763,0.0013);
#171=CIRCLE('',#4765,0.0013);
#172=CIRCLE('',#4767,0.0013);
#173=CIRCLE('',#4768,0.0013);
#174=CIRCLE('',#4769,0.0013);
#175=CIRCLE('',#4771,0.0013);
#176=CIRCLE('',#4773,0.0013);
#177=CIRCLE('',#4774,0.0013);
#178=CIRCLE('',#4775,0.0013);
#179=CIRCLE('',#4777,0.0013);
#180=CIRCLE('',#4779,0.0013);
#181=CIRCLE('',#4780,0.0013);
#182=CIRCLE('',#4781,0.0013);
#183=CIRCLE('',#4783,0.0013);
#184=CIRCLE('',#4785,0.0013);
#185=CIRCLE('',#4786,0.0013);
#186=CIRCLE('',#4787,0.0013);
#187=CIRCLE('',#4789,0.0013);
#188=CIRCLE('',#4791,0.0013);
#189=CIRCLE('',#4792,0.0013);
#190=CIRCLE('',#4793,0.0013);
#191=CIRCLE('',#4795,0.0013);
#192=CIRCLE('',#4797,0.0013);
#193=CIRCLE('',#4798,0.0013);
#194=CIRCLE('',#4799,0.0013);
#195=CIRCLE('',#4801,0.0013);
#196=CIRCLE('',#4803,0.0013);
#197=CIRCLE('',#4804,0.0013);
#198=CIRCLE('',#4805,0.0013);
#199=CIRCLE('',#4807,0.0013);
#200=CIRCLE('',#4809,0.0013);
#201=CIRCLE('',#4810,0.0013);
#202=CIRCLE('',#4811,0.0013);
#203=CIRCLE('',#4813,0.0013);
#204=CIRCLE('',#4815,0.0013);
#205=CIRCLE('',#4816,0.0013);
#206=CIRCLE('',#4817,0.0013);
#207=CIRCLE('',#4819,0.0013);
#208=CIRCLE('',#4821,0.0013);
#209=CIRCLE('',#4822,0.0013);
#210=CIRCLE('',#4823,0.0013);
#211=CIRCLE('',#4826,0.001);
#212=CIRCLE('',#4827,0.001);
#213=CIRCLE('',#4828,0.001);
#214=CIRCLE('',#4829,0.001);
#215=CIRCLE('',#4831,0.001);
#216=CIRCLE('',#4833,0.001);
#217=CIRCLE('',#4834,0.001);
#218=CIRCLE('',#4835,0.001);
#219=CIRCLE('',#4837,0.001);
#220=CIRCLE('',#4839,0.001);
#221=CIRCLE('',#4840,0.001);
#222=CIRCLE('',#4841,0.001);
#223=CIRCLE('',#4843,0.001);
#224=CIRCLE('',#4845,0.001);
#225=CIRCLE('',#4846,0.001);
#226=CIRCLE('',#4847,0.001);
#227=CIRCLE('',#4849,0.001);
#228=CIRCLE('',#4851,0.001);
#229=CIRCLE('',#4852,0.001);
#230=CIRCLE('',#4853,0.001);
#231=CIRCLE('',#4855,0.001);
#232=CIRCLE('',#4857,0.001);
#233=CIRCLE('',#4858,0.001);
#234=CIRCLE('',#4859,0.001);
#235=CIRCLE('',#4861,0.001);
#236=CIRCLE('',#4863,0.001);
#237=CIRCLE('',#4864,0.001);
#238=CIRCLE('',#4865,0.001);
#239=CIRCLE('',#4867,0.001);
#240=CIRCLE('',#4869,0.001);
#241=CIRCLE('',#4870,0.001);
#242=CIRCLE('',#4871,0.001);
#243=CIRCLE('',#4873,0.001);
#244=CIRCLE('',#4875,0.001);
#245=CIRCLE('',#4876,0.001);
#246=CIRCLE('',#4877,0.001);
#247=CIRCLE('',#4879,0.001);
#248=CIRCLE('',#4881,0.001);
#249=CIRCLE('',#4882,0.001);
#250=CIRCLE('',#4883,0.001);
#251=CIRCLE('',#4885,0.001);
#252=CIRCLE('',#4887,0.001);
#253=CIRCLE('',#4888,0.001);
#254=CIRCLE('',#4889,0.001);
#255=CIRCLE('',#4891,0.001);
#256=CIRCLE('',#4893,0.001);
#257=CIRCLE('',#4894,0.001);
#258=CIRCLE('',#4895,0.001);
#259=CYLINDRICAL_SURFACE('',#4594,0.0015);
#260=CYLINDRICAL_SURFACE('',#4596,0.0015);
#261=CYLINDRICAL_SURFACE('',#4598,0.0015);
#262=CYLINDRICAL_SURFACE('',#4600,0.0015);
#263=CYLINDRICAL_SURFACE('',#4602,0.0015);
#264=CYLINDRICAL_SURFACE('',#4604,0.0015);
#265=CYLINDRICAL_SURFACE('',#4606,0.0015);
#266=CYLINDRICAL_SURFACE('',#4608,0.0015);
#267=CYLINDRICAL_SURFACE('',#4610,0.0015);
#268=CYLINDRICAL_SURFACE('',#4612,0.0015);
#269=CYLINDRICAL_SURFACE('',#4614,0.0015);
#270=CYLINDRICAL_SURFACE('',#4616,0.0015);
#271=CYLINDRICAL_SURFACE('',#4618,0.0015);
#272=CYLINDRICAL_SURFACE('',#4620,0.0015);
#273=CYLINDRICAL_SURFACE('',#4622,0.0015);
#274=CYLINDRICAL_SURFACE('',#4624,0.0015);
#275=CYLINDRICAL_SURFACE('',#4626,0.0015);
#276=CYLINDRICAL_SURFACE('',#4628,0.0015);
#277=CYLINDRICAL_SURFACE('',#4630,0.0015);
#278=CYLINDRICAL_SURFACE('',#4632,0.0015);
#279=CYLINDRICAL_SURFACE('',#4634,0.0015);
#280=CYLINDRICAL_SURFACE('',#4636,0.0015);
#281=CYLINDRICAL_SURFACE('',#4638,0.0015);
#282=CYLINDRICAL_SURFACE('',#4640,0.0015);
#283=CYLINDRICAL_SURFACE('',#4693,0.003);
#284=CYLINDRICAL_SURFACE('',#4695,0.003);
#285=CYLINDRICAL_SURFACE('',#4697,0.003);
#286=CYLINDRICAL_SURFACE('',#4699,0.003);
#287=CYLINDRICAL_SURFACE('',#4701,0.003);
#288=CYLINDRICAL_SURFACE('',#4703,0.003);
#289=CYLINDRICAL_SURFACE('',#4705,0.003);
#290=CYLINDRICAL_SURFACE('',#4707,0.003);
#291=CYLINDRICAL_SURFACE('',#4709,0.003);
#292=CYLINDRICAL_SURFACE('',#4711,0.003);
#293=CYLINDRICAL_SURFACE('',#4713,0.003);
#294=CYLINDRICAL_SURFACE('',#4715,0.003);
#295=CYLINDRICAL_SURFACE('',#4717,0.003);
#296=CYLINDRICAL_SURFACE('',#4719,0.003);
#297=CYLINDRICAL_SURFACE('',#4721,0.003);
#298=CYLINDRICAL_SURFACE('',#4723,0.003);
#299=CYLINDRICAL_SURFACE('',#4725,0.003);
#300=CYLINDRICAL_SURFACE('',#4727,0.003);
#301=CYLINDRICAL_SURFACE('',#4729,0.003);
#302=CYLINDRICAL_SURFACE('',#4731,0.003);
#303=CYLINDRICAL_SURFACE('',#4733,0.003);
#304=CYLINDRICAL_SURFACE('',#4735,0.003);
#305=CYLINDRICAL_SURFACE('',#4737,0.003);
#306=CYLINDRICAL_SURFACE('',#4739,0.003);
#307=CYLINDRICAL_SURFACE('',#4744,0.004);
#308=CYLINDRICAL_SURFACE('',#4751,0.003125);
#309=CYLINDRICAL_SURFACE('',#4753,0.0013);
#310=CYLINDRICAL_SURFACE('',#4758,0.0013);
#311=CYLINDRICAL_SURFACE('',#4760,0.0013);
#312=CYLINDRICAL_SURFACE('',#4764,0.0013);
#313=CYLINDRICAL_SURFACE('',#4766,0.0013);
#314=CYLINDRICAL_SURFACE('',#4770,0.0013);
#315=CYLINDRICAL_SURFACE('',#4772,0.0013);
#316=CYLINDRICAL_SURFACE('',#4776,0.0013);
#317=CYLINDRICAL_SURFACE('',#4778,0.0013);
#318=CYLINDRICAL_SURFACE('',#4782,0.0013);
#319=CYLINDRICAL_SURFACE('',#4784,0.0013);
#320=CYLINDRICAL_SURFACE('',#4788,0.0013);
#321=CYLINDRICAL_SURFACE('',#4790,0.0013);
#322=CYLINDRICAL_SURFACE('',#4794,0.0013);
#323=CYLINDRICAL_SURFACE('',#4796,0.0013);
#324=CYLINDRICAL_SURFACE('',#4800,0.0013);
#325=CYLINDRICAL_SURFACE('',#4802,0.0013);
#326=CYLINDRICAL_SURFACE('',#4806,0.0013);
#327=CYLINDRICAL_SURFACE('',#4808,0.0013);
#328=CYLINDRICAL_SURFACE('',#4812,0.0013);
#329=CYLINDRICAL_SURFACE('',#4814,0.0013);
#330=CYLINDRICAL_SURFACE('',#4818,0.0013);
#331=CYLINDRICAL_SURFACE('',#4820,0.0013);
#332=CYLINDRICAL_SURFACE('',#4824,0.0013);
#333=CYLINDRICAL_SURFACE('',#4825,0.001);
#334=CYLINDRICAL_SURFACE('',#4830,0.001);
#335=CYLINDRICAL_SURFACE('',#4832,0.001);
#336=CYLINDRICAL_SURFACE('',#4836,0.001);
#337=CYLINDRICAL_SURFACE('',#4838,0.001);
#338=CYLINDRICAL_SURFACE('',#4842,0.001);
#339=CYLINDRICAL_SURFACE('',#4844,0.001);
#340=CYLINDRICAL_SURFACE('',#4848,0.001);
#341=CYLINDRICAL_SURFACE('',#4850,0.001);
#342=CYLINDRICAL_SURFACE('',#4854,0.001);
#343=CYLINDRICAL_SURFACE('',#4856,0.001);
#344=CYLINDRICAL_SURFACE('',#4860,0.001);
#345=CYLINDRICAL_SURFACE('',#4862,0.001);
#346=CYLINDRICAL_SURFACE('',#4866,0.001);
#347=CYLINDRICAL_SURFACE('',#4868,0.001);
#348=CYLINDRICAL_SURFACE('',#4872,0.001);
#349=CYLINDRICAL_SURFACE('',#4874,0.001);
#350=CYLINDRICAL_SURFACE('',#4878,0.001);
#351=CYLINDRICAL_SURFACE('',#4880,0.001);
#352=CYLINDRICAL_SURFACE('',#4884,0.001);
#353=CYLINDRICAL_SURFACE('',#4886,0.001);
#354=CYLINDRICAL_SURFACE('',#4890,0.001);
#355=CYLINDRICAL_SURFACE('',#4892,0.001);
#356=CYLINDRICAL_SURFACE('',#4896,0.001);
#357=ELLIPSE('',#4570,0.00255981455739871,0.0025);
#358=ELLIPSE('',#4571,0.000514839875401075,0.0005);
#359=ELLIPSE('',#4572,0.00255981455739871,0.0025);
#360=ELLIPSE('',#4573,0.000514839875401075,0.0005);
#361=ELLIPSE('',#4574,0.00255981455739871,0.0025);
#362=ELLIPSE('',#4575,0.000514839875401075,0.0005);
#363=ELLIPSE('',#4576,0.00255981455739871,0.0025);
#364=ELLIPSE('',#4577,0.000514839875401075,0.0005);
#365=ELLIPSE('',#4578,0.00255981455739871,0.0025);
#366=ELLIPSE('',#4579,0.000514839875401075,0.0005);
#367=ELLIPSE('',#4580,0.00255981455739871,0.0025);
#368=ELLIPSE('',#4581,0.000514839875401075,0.0005);
#369=ELLIPSE('',#4582,0.00255981455739871,0.0025);
#370=ELLIPSE('',#4583,0.000514839875401075,0.0005);
#371=ELLIPSE('',#4584,0.00255981455739871,0.0025);
#372=ELLIPSE('',#4585,0.000514839875401075,0.0005);
#373=ELLIPSE('',#4586,0.00255981455739871,0.0025);
#374=ELLIPSE('',#4587,0.000514839875401075,0.0005);
#375=ELLIPSE('',#4588,0.00255981455739871,0.0025);
#376=ELLIPSE('',#4589,0.000514839875401075,0.0005);
#377=ELLIPSE('',#4590,0.00255981455739871,0.0025);
#378=ELLIPSE('',#4591,0.000514839875401075,0.0005);
#379=ELLIPSE('',#4592,0.00255981455739871,0.0025);
#380=ELLIPSE('',#4593,0.000514839875401075,0.0005);
#381=ELLIPSE('',#4595,0.00159770165183314,0.0015);
#382=ELLIPSE('',#4597,0.00150501166018838,0.0015);
#383=ELLIPSE('',#4599,0.00159770165183314,0.0015);
#384=ELLIPSE('',#4601,0.00150501166018838,0.0015);
#385=ELLIPSE('',#4603,0.00159770165183314,0.0015);
#386=ELLIPSE('',#4605,0.00150501166018838,0.0015);
#387=ELLIPSE('',#4607,0.00159770165183314,0.0015);
#388=ELLIPSE('',#4609,0.00150501166018838,0.0015);
#389=ELLIPSE('',#4611,0.00159770165183314,0.0015);
#390=ELLIPSE('',#4613,0.00150501166018838,0.0015);
#391=ELLIPSE('',#4615,0.00159770165183314,0.0015);
#392=ELLIPSE('',#4617,0.00150501166018838,0.0015);
#393=ELLIPSE('',#4619,0.00159770165183314,0.0015);
#394=ELLIPSE('',#4621,0.00150501166018838,0.0015);
#395=ELLIPSE('',#4623,0.00159770165183314,0.0015);
#396=ELLIPSE('',#4625,0.00150501166018838,0.0015);
#397=ELLIPSE('',#4627,0.00159770165183314,0.0015);
#398=ELLIPSE('',#4629,0.00150501166018838,0.0015);
#399=ELLIPSE('',#4631,0.00159770165183314,0.0015);
#400=ELLIPSE('',#4633,0.00150501166018838,0.0015);
#401=ELLIPSE('',#4635,0.00159770165183314,0.0015);
#402=ELLIPSE('',#4637,0.00159770165183314,0.0015);
#403=ELLIPSE('',#4639,0.00150501166018838,0.0015);
#404=ELLIPSE('',#4641,0.00150501166018838,0.0015);
#405=ELLIPSE('',#4669,0.0044623798676365,0.0043);
#406=ELLIPSE('',#4670,0.00177951029387443,0.0017);
#407=ELLIPSE('',#4671,0.0044623798676365,0.0043);
#408=ELLIPSE('',#4672,0.00177951029387443,0.0017);
#409=ELLIPSE('',#4673,0.0044623798676365,0.0043);
#410=ELLIPSE('',#4674,0.00177951029387443,0.0017);
#411=ELLIPSE('',#4675,0.0044623798676365,0.0043);
#412=ELLIPSE('',#4676,0.00177951029387443,0.0017);
#413=ELLIPSE('',#4677,0.0044623798676365,0.0043);
#414=ELLIPSE('',#4678,0.00177951029387443,0.0017);
#415=ELLIPSE('',#4679,0.0044623798676365,0.0043);
#416=ELLIPSE('',#4680,0.00177951029387443,0.0017);
#417=ELLIPSE('',#4681,0.0044623798676365,0.0043);
#418=ELLIPSE('',#4682,0.00177951029387443,0.0017);
#419=ELLIPSE('',#4683,0.0044623798676365,0.0043);
#420=ELLIPSE('',#4684,0.00177951029387443,0.0017);
#421=ELLIPSE('',#4685,0.0044623798676365,0.0043);
#422=ELLIPSE('',#4686,0.00177951029387443,0.0017);
#423=ELLIPSE('',#4687,0.0044623798676365,0.0043);
#424=ELLIPSE('',#4688,0.00177951029387443,0.0017);
#425=ELLIPSE('',#4689,0.0044623798676365,0.0043);
#426=ELLIPSE('',#4690,0.00177951029387443,0.0017);
#427=ELLIPSE('',#4691,0.0044623798676365,0.0043);
#428=ELLIPSE('',#4692,0.00177951029387443,0.0017);
#429=ELLIPSE('',#4694,0.00304576047745141,0.003);
#430=ELLIPSE('',#4696,0.00322844143250075,0.003);
#431=ELLIPSE('',#4698,0.00304576047745141,0.003);
#432=ELLIPSE('',#4700,0.00322844143250075,0.003);
#433=ELLIPSE('',#4702,0.00304576047745141,0.003);
#434=ELLIPSE('',#4704,0.00322844143250075,0.003);
#435=ELLIPSE('',#4706,0.00304576047745141,0.003);
#436=ELLIPSE('',#4708,0.00322844143250075,0.003);
#437=ELLIPSE('',#4710,0.00304576047745141,0.003);
#438=ELLIPSE('',#4712,0.00322844143250075,0.003);
#439=ELLIPSE('',#4714,0.00304576047745141,0.003);
#440=ELLIPSE('',#4716,0.00322844143250075,0.003);
#441=ELLIPSE('',#4718,0.00304576047745141,0.003);
#442=ELLIPSE('',#4720,0.00322844143250075,0.003);
#443=ELLIPSE('',#4722,0.00304576047745141,0.003);
#444=ELLIPSE('',#4724,0.00322844143250075,0.003);
#445=ELLIPSE('',#4726,0.00304576047745141,0.003);
#446=ELLIPSE('',#4728,0.00322844143250075,0.003);
#447=ELLIPSE('',#4730,0.00304576047745141,0.003);
#448=ELLIPSE('',#4732,0.00322844143250075,0.003);
#449=ELLIPSE('',#4734,0.00304576047745141,0.003);
#450=ELLIPSE('',#4736,0.00322844143250075,0.003);
#451=ELLIPSE('',#4738,0.00304576047745141,0.003);
#452=ELLIPSE('',#4740,0.00322844143250075,0.003);
#453=B_SPLINE_CURVE_WITH_KNOTS('',3,(#5808,#5809,#5810,#5811),
 .UNSPECIFIED.,.F.,.F.,(4,4),(0.,1.),.UNSPECIFIED.);
#454=B_SPLINE_CURVE_WITH_KNOTS('',3,(#5820,#5821,#5822,#5823),
 .UNSPECIFIED.,.F.,.F.,(4,4),(0.,1.),.UNSPECIFIED.);
#455=B_SPLINE_CURVE_WITH_KNOTS('',3,(#5832,#5833,#5834,#5835),
 .UNSPECIFIED.,.F.,.F.,(4,4),(0.,1.),.UNSPECIFIED.);
#456=B_SPLINE_CURVE_WITH_KNOTS('',3,(#5844,#5845,#5846,#5847),
 .UNSPECIFIED.,.F.,.F.,(4,4),(0.,1.),.UNSPECIFIED.);
#457=B_SPLINE_CURVE_WITH_KNOTS('',3,(#5856,#5857,#5858,#5859),
 .UNSPECIFIED.,.F.,.F.,(4,4),(0.,1.),.UNSPECIFIED.);
#458=B_SPLINE_CURVE_WITH_KNOTS('',3,(#5868,#5869,#5870,#5871),
 .UNSPECIFIED.,.F.,.F.,(4,4),(0.,1.),.UNSPECIFIED.);
#459=B_SPLINE_CURVE_WITH_KNOTS('',3,(#5880,#5881,#5882,#5883),
 .UNSPECIFIED.,.F.,.F.,(4,4),(0.,1.),.UNSPECIFIED.);
#460=B_SPLINE_CURVE_WITH_KNOTS('',3,(#5892,#5893,#5894,#5895),
 .UNSPECIFIED.,.F.,.F.,(4,4),(0.,1.),.UNSPECIFIED.);
#461=B_SPLINE_CURVE_WITH_KNOTS('',3,(#5904,#5905,#5906,#5907),
 .UNSPECIFIED.,.F.,.F.,(4,4),(0.,1.),.UNSPECIFIED.);
#462=B_SPLINE_CURVE_WITH_KNOTS('',3,(#5916,#5917,#5918,#5919),
 .UNSPECIFIED.,.F.,.F.,(4,4),(0.,1.),.UNSPECIFIED.);
#463=B_SPLINE_CURVE_WITH_KNOTS('',3,(#5928,#5929,#5930,#5931),
 .UNSPECIFIED.,.F.,.F.,(4,4),(0.,1.),.UNSPECIFIED.);
#464=B_SPLINE_CURVE_WITH_KNOTS('',3,(#5940,#5941,#5942,#5943),
 .UNSPECIFIED.,.F.,.F.,(4,4),(0.,1.),.UNSPECIFIED.);
#465=B_SPLINE_CURVE_WITH_KNOTS('',3,(#5952,#5953,#5954,#5955),
 .UNSPECIFIED.,.F.,.F.,(4,4),(0.,1.),.UNSPECIFIED.);
#466=B_SPLINE_CURVE_WITH_KNOTS('',3,(#5964,#5965,#5966,#5967),
 .UNSPECIFIED.,.F.,.F.,(4,4),(0.,1.),.UNSPECIFIED.);
#467=B_SPLINE_CURVE_WITH_KNOTS('',3,(#5976,#5977,#5978,#5979),
 .UNSPECIFIED.,.F.,.F.,(4,4),(0.,1.),.UNSPECIFIED.);
#468=B_SPLINE_CURVE_WITH_KNOTS('',3,(#5988,#5989,#5990,#5991),
 .UNSPECIFIED.,.F.,.F.,(4,4),(0.,1.),.UNSPECIFIED.);
#469=B_SPLINE_CURVE_WITH_KNOTS('',3,(#6000,#6001,#6002,#6003),
 .UNSPECIFIED.,.F.,.F.,(4,4),(0.,1.),.UNSPECIFIED.);
#470=B_SPLINE_CURVE_WITH_KNOTS('',3,(#6012,#6013,#6014,#6015),
 .UNSPECIFIED.,.F.,.F.,(4,4),(0.,1.),.UNSPECIFIED.);
#471=B_SPLINE_CURVE_WITH_KNOTS('',3,(#6024,#6025,#6026,#6027),
 .UNSPECIFIED.,.F.,.F.,(4,4),(0.,1.),.UNSPECIFIED.);
#472=B_SPLINE_CURVE_WITH_KNOTS('',3,(#6036,#6037,#6038,#6039),
 .UNSPECIFIED.,.F.,.F.,(4,4),(0.,1.),.UNSPECIFIED.);
#473=B_SPLINE_CURVE_WITH_KNOTS('',3,(#6048,#6049,#6050,#6051),
 .UNSPECIFIED.,.F.,.F.,(4,4),(0.,1.),.UNSPECIFIED.);
#474=B_SPLINE_CURVE_WITH_KNOTS('',3,(#6060,#6061,#6062,#6063),
 .UNSPECIFIED.,.F.,.F.,(4,4),(0.,1.),.UNSPECIFIED.);
#475=B_SPLINE_CURVE_WITH_KNOTS('',3,(#6072,#6073,#6074,#6075),
 .UNSPECIFIED.,.F.,.F.,(4,4),(0.,1.),.UNSPECIFIED.);
#476=B_SPLINE_CURVE_WITH_KNOTS('',3,(#6084,#6085,#6086,#6087),
 .UNSPECIFIED.,.F.,.F.,(4,4),(0.,1.),.UNSPECIFIED.);
#477=B_SPLINE_CURVE_WITH_KNOTS('',3,(#6187,#6188,#6189,#6190),
 .UNSPECIFIED.,.F.,.F.,(4,4),(0.,1.),.UNSPECIFIED.);
#478=B_SPLINE_CURVE_WITH_KNOTS('',3,(#6193,#6194,#6195,#6196),
 .UNSPECIFIED.,.F.,.F.,(4,4),(0.,1.),.UNSPECIFIED.);
#479=B_SPLINE_CURVE_WITH_KNOTS('',3,(#6199,#6200,#6201,#6202),
 .UNSPECIFIED.,.F.,.F.,(4,4),(0.,1.),.UNSPECIFIED.);
#480=B_SPLINE_CURVE_WITH_KNOTS('',3,(#6205,#6206,#6207,#6208),
 .UNSPECIFIED.,.F.,.F.,(4,4),(0.,1.),.UNSPECIFIED.);
#481=B_SPLINE_CURVE_WITH_KNOTS('',3,(#6211,#6212,#6213,#6214),
 .UNSPECIFIED.,.F.,.F.,(4,4),(0.,1.),.UNSPECIFIED.);
#482=B_SPLINE_CURVE_WITH_KNOTS('',3,(#6217,#6218,#6219,#6220),
 .UNSPECIFIED.,.F.,.F.,(4,4),(0.,1.),.UNSPECIFIED.);
#483=B_SPLINE_CURVE_WITH_KNOTS('',3,(#6223,#6224,#6225,#6226),
 .UNSPECIFIED.,.F.,.F.,(4,4),(0.,1.),.UNSPECIFIED.);
#484=B_SPLINE_CURVE_WITH_KNOTS('',3,(#6229,#6230,#6231,#6232),
 .UNSPECIFIED.,.F.,.F.,(4,4),(0.,1.),.UNSPECIFIED.);
#485=B_SPLINE_CURVE_WITH_KNOTS('',3,(#6235,#6236,#6237,#6238),
 .UNSPECIFIED.,.F.,.F.,(4,4),(0.,1.),.UNSPECIFIED.);
#486=B_SPLINE_CURVE_WITH_KNOTS('',3,(#6241,#6242,#6243,#6244),
 .UNSPECIFIED.,.F.,.F.,(4,4),(0.,1.),.UNSPECIFIED.);
#487=B_SPLINE_CURVE_WITH_KNOTS('',3,(#6247,#6248,#6249,#6250),
 .UNSPECIFIED.,.F.,.F.,(4,4),(0.,1.),.UNSPECIFIED.);
#488=B_SPLINE_CURVE_WITH_KNOTS('',3,(#6253,#6254,#6255,#6256),
 .UNSPECIFIED.,.F.,.F.,(4,4),(0.,1.),.UNSPECIFIED.);
#489=B_SPLINE_CURVE_WITH_KNOTS('',3,(#6259,#6260,#6261,#6262),
 .UNSPECIFIED.,.F.,.F.,(4,4),(0.,1.),.UNSPECIFIED.);
#490=B_SPLINE_CURVE_WITH_KNOTS('',3,(#6265,#6266,#6267,#6268),
 .UNSPECIFIED.,.F.,.F.,(4,4),(0.,1.),.UNSPECIFIED.);
#491=B_SPLINE_CURVE_WITH_KNOTS('',3,(#6271,#6272,#6273,#6274),
 .UNSPECIFIED.,.F.,.F.,(4,4),(0.,1.),.UNSPECIFIED.);
#492=B_SPLINE_CURVE_WITH_KNOTS('',3,(#6277,#6278,#6279,#6280),
 .UNSPECIFIED.,.F.,.F.,(4,4),(0.,1.),.UNSPECIFIED.);
#493=B_SPLINE_CURVE_WITH_KNOTS('',3,(#6283,#6284,#6285,#6286),
 .UNSPECIFIED.,.F.,.F.,(4,4),(0.,1.),.UNSPECIFIED.);
#494=B_SPLINE_CURVE_WITH_KNOTS('',3,(#6289,#6290,#6291,#6292),
 .UNSPECIFIED.,.F.,.F.,(4,4),(0.,1.),.UNSPECIFIED.);
#495=B_SPLINE_CURVE_WITH_KNOTS('',3,(#6295,#6296,#6297,#6298),
 .UNSPECIFIED.,.F.,.F.,(4,4),(0.,1.),.UNSPECIFIED.);
#496=B_SPLINE_CURVE_WITH_KNOTS('',3,(#6301,#6302,#6303,#6304),
 .UNSPECIFIED.,.F.,.F.,(4,4),(0.,1.),.UNSPECIFIED.);
#497=B_SPLINE_CURVE_WITH_KNOTS('',3,(#6307,#6308,#6309,#6310),
 .UNSPECIFIED.,.F.,.F.,(4,4),(0.,1.),.UNSPECIFIED.);
#498=B_SPLINE_CURVE_WITH_KNOTS('',3,(#6313,#6314,#6315,#6316),
 .UNSPECIFIED.,.F.,.F.,(4,4),(0.,1.),.UNSPECIFIED.);
#499=B_SPLINE_CURVE_WITH_KNOTS('',3,(#6319,#6320,#6321,#6322),
 .UNSPECIFIED.,.F.,.F.,(4,4),(0.,1.),.UNSPECIFIED.);
#500=B_SPLINE_CURVE_WITH_KNOTS('',3,(#6325,#6326,#6327,#6328),
 .UNSPECIFIED.,.F.,.F.,(4,4),(0.,1.),.UNSPECIFIED.);
#501=B_SPLINE_CURVE_WITH_KNOTS('',3,(#6330,#6331,#6332,#6333),
 .UNSPECIFIED.,.F.,.F.,(4,4),(0.,1.),.UNSPECIFIED.);
#502=B_SPLINE_CURVE_WITH_KNOTS('',3,(#6336,#6337,#6338,#6339),
 .UNSPECIFIED.,.F.,.F.,(4,4),(0.,1.),.UNSPECIFIED.);
#503=B_SPLINE_CURVE_WITH_KNOTS('',3,(#6341,#6342,#6343,#6344),
 .UNSPECIFIED.,.F.,.F.,(4,4),(0.,1.),.UNSPECIFIED.);
#504=B_SPLINE_CURVE_WITH_KNOTS('',3,(#6346,#6347,#6348,#6349),
 .UNSPECIFIED.,.F.,.F.,(4,4),(0.,1.),.UNSPECIFIED.);
#505=B_SPLINE_CURVE_WITH_KNOTS('',3,(#6351,#6352,#6353,#6354),
 .UNSPECIFIED.,.F.,.F.,(4,4),(0.,1.),.UNSPECIFIED.);
#506=B_SPLINE_CURVE_WITH_KNOTS('',3,(#6356,#6357,#6358,#6359),
 .UNSPECIFIED.,.F.,.F.,(4,4),(0.,1.),.UNSPECIFIED.);
#507=B_SPLINE_CURVE_WITH_KNOTS('',3,(#6361,#6362,#6363,#6364),
 .UNSPECIFIED.,.F.,.F.,(4,4),(0.,1.),.UNSPECIFIED.);
#508=B_SPLINE_CURVE_WITH_KNOTS('',3,(#6366,#6367,#6368,#6369),
 .UNSPECIFIED.,.F.,.F.,(4,4),(0.,1.),.UNSPECIFIED.);
#509=B_SPLINE_CURVE_WITH_KNOTS('',3,(#6371,#6372,#6373,#6374),
 .UNSPECIFIED.,.F.,.F.,(4,4),(0.,1.),.UNSPECIFIED.);
#510=B_SPLINE_CURVE_WITH_KNOTS('',3,(#6376,#6377,#6378,#6379),
 .UNSPECIFIED.,.F.,.F.,(4,4),(0.,1.),.UNSPECIFIED.);
#511=B_SPLINE_CURVE_WITH_KNOTS('',3,(#6381,#6382,#6383,#6384),
 .UNSPECIFIED.,.F.,.F.,(4,4),(0.,1.),.UNSPECIFIED.);
#512=B_SPLINE_CURVE_WITH_KNOTS('',3,(#6386,#6387,#6388,#6389),
 .UNSPECIFIED.,.F.,.F.,(4,4),(0.,1.),.UNSPECIFIED.);
#513=B_SPLINE_CURVE_WITH_KNOTS('',3,(#6391,#6392,#6393,#6394),
 .UNSPECIFIED.,.F.,.F.,(4,4),(0.,1.),.UNSPECIFIED.);
#514=B_SPLINE_CURVE_WITH_KNOTS('',3,(#6396,#6397,#6398,#6399),
 .UNSPECIFIED.,.F.,.F.,(4,4),(0.,1.),.UNSPECIFIED.);
#515=B_SPLINE_CURVE_WITH_KNOTS('',3,(#6401,#6402,#6403,#6404),
 .UNSPECIFIED.,.F.,.F.,(4,4),(0.,1.),.UNSPECIFIED.);
#516=B_SPLINE_CURVE_WITH_KNOTS('',3,(#6406,#6407,#6408,#6409),
 .UNSPECIFIED.,.F.,.F.,(4,4),(0.,1.),.UNSPECIFIED.);
#517=B_SPLINE_CURVE_WITH_KNOTS('',3,(#6411,#6412,#6413,#6414),
 .UNSPECIFIED.,.F.,.F.,(4,4),(0.,1.),.UNSPECIFIED.);
#518=B_SPLINE_CURVE_WITH_KNOTS('',3,(#6416,#6417,#6418,#6419),
 .UNSPECIFIED.,.F.,.F.,(4,4),(0.,1.),.UNSPECIFIED.);
#519=B_SPLINE_CURVE_WITH_KNOTS('',3,(#6421,#6422,#6423,#6424),
 .UNSPECIFIED.,.F.,.F.,(4,4),(0.,1.),.UNSPECIFIED.);
#520=B_SPLINE_CURVE_WITH_KNOTS('',3,(#6426,#6427,#6428,#6429),
 .UNSPECIFIED.,.F.,.F.,(4,4),(0.,1.),.UNSPECIFIED.);
#521=B_SPLINE_CURVE_WITH_KNOTS('',3,(#6431,#6432,#6433,#6434),
 .UNSPECIFIED.,.F.,.F.,(4,4),(0.,1.),.UNSPECIFIED.);
#522=B_SPLINE_CURVE_WITH_KNOTS('',3,(#6436,#6437,#6438,#6439),
 .UNSPECIFIED.,.F.,.F.,(4,4),(0.,1.),.UNSPECIFIED.);
#523=B_SPLINE_CURVE_WITH_KNOTS('',3,(#6441,#6442,#6443,#6444),
 .UNSPECIFIED.,.F.,.F.,(4,4),(0.,1.),.UNSPECIFIED.);
#524=B_SPLINE_CURVE_WITH_KNOTS('',3,(#6446,#6447,#6448,#6449),
 .UNSPECIFIED.,.F.,.F.,(4,4),(0.,1.),.UNSPECIFIED.);
#525=B_SPLINE_CURVE_WITH_KNOTS('',3,(#6451,#6452,#6453,#6454),
 .UNSPECIFIED.,.F.,.F.,(4,4),(0.,1.),.UNSPECIFIED.);
#526=B_SPLINE_CURVE_WITH_KNOTS('',3,(#6456,#6457,#6458,#6459),
 .UNSPECIFIED.,.F.,.F.,(4,4),(0.,1.),.UNSPECIFIED.);
#527=B_SPLINE_CURVE_WITH_KNOTS('',3,(#6461,#6462,#6463,#6464),
 .UNSPECIFIED.,.F.,.F.,(4,4),(0.,1.),.UNSPECIFIED.);
#528=B_SPLINE_CURVE_WITH_KNOTS('',3,(#6466,#6467,#6468,#6469),
 .UNSPECIFIED.,.F.,.F.,(4,4),(0.,1.),.UNSPECIFIED.);
#529=B_SPLINE_CURVE_WITH_KNOTS('',3,(#6471,#6472,#6473,#6474),
 .UNSPECIFIED.,.F.,.F.,(4,4),(0.,1.),.UNSPECIFIED.);
#530=B_SPLINE_CURVE_WITH_KNOTS('',3,(#6476,#6477,#6478,#6479),
 .UNSPECIFIED.,.F.,.F.,(4,4),(0.,1.),.UNSPECIFIED.);
#531=B_SPLINE_CURVE_WITH_KNOTS('',3,(#6481,#6482,#6483,#6484),
 .UNSPECIFIED.,.F.,.F.,(4,4),(0.,1.),.UNSPECIFIED.);
#532=B_SPLINE_CURVE_WITH_KNOTS('',3,(#6486,#6487,#6488,#6489),
 .UNSPECIFIED.,.F.,.F.,(4,4),(0.,1.),.UNSPECIFIED.);
#533=B_SPLINE_CURVE_WITH_KNOTS('',3,(#6491,#6492,#6493,#6494),
 .UNSPECIFIED.,.F.,.F.,(4,4),(0.,1.),.UNSPECIFIED.);
#534=B_SPLINE_CURVE_WITH_KNOTS('',3,(#6496,#6497,#6498,#6499),
 .UNSPECIFIED.,.F.,.F.,(4,4),(0.,1.),.UNSPECIFIED.);
#535=B_SPLINE_CURVE_WITH_KNOTS('',3,(#6501,#6502,#6503,#6504),
 .UNSPECIFIED.,.F.,.F.,(4,4),(0.,1.),.UNSPECIFIED.);
#536=B_SPLINE_CURVE_WITH_KNOTS('',3,(#6506,#6507,#6508,#6509),
 .UNSPECIFIED.,.F.,.F.,(4,4),(0.,1.),.UNSPECIFIED.);
#537=B_SPLINE_CURVE_WITH_KNOTS('',3,(#6511,#6512,#6513,#6514),
 .UNSPECIFIED.,.F.,.F.,(4,4),(0.,1.),.UNSPECIFIED.);
#538=B_SPLINE_CURVE_WITH_KNOTS('',3,(#6516,#6517,#6518,#6519),
 .UNSPECIFIED.,.F.,.F.,(4,4),(0.,1.),.UNSPECIFIED.);
#539=B_SPLINE_CURVE_WITH_KNOTS('',3,(#6521,#6522,#6523,#6524),
 .UNSPECIFIED.,.F.,.F.,(4,4),(0.,1.),.UNSPECIFIED.);
#540=B_SPLINE_CURVE_WITH_KNOTS('',3,(#6526,#6527,#6528,#6529),
 .UNSPECIFIED.,.F.,.F.,(4,4),(0.,1.),.UNSPECIFIED.);
#541=B_SPLINE_CURVE_WITH_KNOTS('',3,(#6531,#6532,#6533,#6534),
 .UNSPECIFIED.,.F.,.F.,(4,4),(0.,1.),.UNSPECIFIED.);
#542=B_SPLINE_CURVE_WITH_KNOTS('',3,(#6536,#6537,#6538,#6539),
 .UNSPECIFIED.,.F.,.F.,(4,4),(0.,1.),.UNSPECIFIED.);
#543=B_SPLINE_CURVE_WITH_KNOTS('',3,(#6541,#6542,#6543,#6544),
 .UNSPECIFIED.,.F.,.F.,(4,4),(0.,1.),.UNSPECIFIED.);
#544=B_SPLINE_CURVE_WITH_KNOTS('',3,(#6546,#6547,#6548,#6549),
 .UNSPECIFIED.,.F.,.F.,(4,4),(0.,1.),.UNSPECIFIED.);
#545=B_SPLINE_CURVE_WITH_KNOTS('',3,(#6551,#6552,#6553,#6554),
 .UNSPECIFIED.,.F.,.F.,(4,4),(0.,1.),.UNSPECIFIED.);
#546=B_SPLINE_CURVE_WITH_KNOTS('',3,(#6556,#6557,#6558,#6559),
 .UNSPECIFIED.,.F.,.F.,(4,4),(0.,1.),.UNSPECIFIED.);
#547=B_SPLINE_CURVE_WITH_KNOTS('',3,(#6561,#6562,#6563,#6564),
 .UNSPECIFIED.,.F.,.F.,(4,4),(0.,1.),.UNSPECIFIED.);
#548=B_SPLINE_CURVE_WITH_KNOTS('',3,(#6566,#6567,#6568,#6569),
 .UNSPECIFIED.,.F.,.F.,(4,4),(0.,1.),.UNSPECIFIED.);
#549=B_SPLINE_CURVE_WITH_KNOTS('',3,(#6570,#6571,#6572,#6573),
 .UNSPECIFIED.,.F.,.F.,(4,4),(0.,1.),.UNSPECIFIED.);
#550=B_SPLINE_CURVE_WITH_KNOTS('',3,(#6576,#6577,#6578,#6579),
 .UNSPECIFIED.,.F.,.F.,(4,4),(0.,1.),.UNSPECIFIED.);
#551=B_SPLINE_CURVE_WITH_KNOTS('',3,(#6581,#6582,#6583,#6584),
 .UNSPECIFIED.,.F.,.F.,(4,4),(0.,1.),.UNSPECIFIED.);
#552=B_SPLINE_CURVE_WITH_KNOTS('',3,(#6586,#6587,#6588,#6589),
 .UNSPECIFIED.,.F.,.F.,(4,4),(0.,1.),.UNSPECIFIED.);
#553=B_SPLINE_CURVE_WITH_KNOTS('',3,(#6591,#6592,#6593,#6594),
 .UNSPECIFIED.,.F.,.F.,(4,4),(0.,1.),.UNSPECIFIED.);
#554=B_SPLINE_CURVE_WITH_KNOTS('',3,(#6596,#6597,#6598,#6599),
 .UNSPECIFIED.,.F.,.F.,(4,4),(0.,1.),.UNSPECIFIED.);
#555=B_SPLINE_CURVE_WITH_KNOTS('',3,(#6601,#6602,#6603,#6604),
 .UNSPECIFIED.,.F.,.F.,(4,4),(0.,1.),.UNSPECIFIED.);
#556=B_SPLINE_CURVE_WITH_KNOTS('',3,(#6606,#6607,#6608,#6609),
 .UNSPECIFIED.,.F.,.F.,(4,4),(0.,1.),.UNSPECIFIED.);
#557=B_SPLINE_CURVE_WITH_KNOTS('',3,(#6611,#6612,#6613,#6614),
 .UNSPECIFIED.,.F.,.F.,(4,4),(0.,1.),.UNSPECIFIED.);
#558=B_SPLINE_CURVE_WITH_KNOTS('',3,(#6616,#6617,#6618,#6619),
 .UNSPECIFIED.,.F.,.F.,(4,4),(0.,1.),.UNSPECIFIED.);
#559=B_SPLINE_CURVE_WITH_KNOTS('',3,(#6621,#6622,#6623,#6624),
 .UNSPECIFIED.,.F.,.F.,(4,4),(0.,1.),.UNSPECIFIED.);
#560=B_SPLINE_CURVE_WITH_KNOTS('',3,(#6626,#6627,#6628,#6629),
 .UNSPECIFIED.,.F.,.F.,(4,4),(0.,1.),.UNSPECIFIED.);
#561=B_SPLINE_CURVE_WITH_KNOTS('',3,(#6631,#6632,#6633,#6634),
 .UNSPECIFIED.,.F.,.F.,(4,4),(0.,1.),.UNSPECIFIED.);
#562=B_SPLINE_CURVE_WITH_KNOTS('',3,(#6636,#6637,#6638,#6639),
 .UNSPECIFIED.,.F.,.F.,(4,4),(0.,1.),.UNSPECIFIED.);
#563=B_SPLINE_CURVE_WITH_KNOTS('',3,(#6641,#6642,#6643,#6644),
 .UNSPECIFIED.,.F.,.F.,(4,4),(0.,1.),.UNSPECIFIED.);
#564=B_SPLINE_CURVE_WITH_KNOTS('',3,(#6646,#6647,#6648,#6649),
 .UNSPECIFIED.,.F.,.F.,(4,4),(0.,1.),.UNSPECIFIED.);
#565=B_SPLINE_CURVE_WITH_KNOTS('',3,(#6651,#6652,#6653,#6654),
 .UNSPECIFIED.,.F.,.F.,(4,4),(0.,1.),.UNSPECIFIED.);
#566=B_SPLINE_CURVE_WITH_KNOTS('',3,(#6656,#6657,#6658,#6659),
 .UNSPECIFIED.,.F.,.F.,(4,4),(0.,1.),.UNSPECIFIED.);
#567=B_SPLINE_CURVE_WITH_KNOTS('',3,(#6661,#6662,#6663,#6664),
 .UNSPECIFIED.,.F.,.F.,(4,4),(0.,1.),.UNSPECIFIED.);
#568=B_SPLINE_CURVE_WITH_KNOTS('',3,(#6666,#6667,#6668,#6669),
 .UNSPECIFIED.,.F.,.F.,(4,4),(0.,1.),.UNSPECIFIED.);
#569=B_SPLINE_CURVE_WITH_KNOTS('',3,(#6671,#6672,#6673,#6674),
 .UNSPECIFIED.,.F.,.F.,(4,4),(0.,1.),.UNSPECIFIED.);
#570=B_SPLINE_CURVE_WITH_KNOTS('',3,(#6676,#6677,#6678,#6679),
 .UNSPECIFIED.,.F.,.F.,(4,4),(0.,1.),.UNSPECIFIED.);
#571=B_SPLINE_CURVE_WITH_KNOTS('',3,(#6681,#6682,#6683,#6684),
 .UNSPECIFIED.,.F.,.F.,(4,4),(0.,1.),.UNSPECIFIED.);
#572=B_SPLINE_CURVE_WITH_KNOTS('',3,(#6686,#6687,#6688,#6689),
 .UNSPECIFIED.,.F.,.F.,(4,4),(0.,1.),.UNSPECIFIED.);
#573=B_SPLINE_CURVE_WITH_KNOTS('',3,(#6691,#6692,#6693,#6694),
 .UNSPECIFIED.,.F.,.F.,(4,4),(0.,1.),.UNSPECIFIED.);
#574=B_SPLINE_CURVE_WITH_KNOTS('',3,(#6696,#6697,#6698,#6699),
 .UNSPECIFIED.,.F.,.F.,(4,4),(0.,1.),.UNSPECIFIED.);
#575=B_SPLINE_CURVE_WITH_KNOTS('',3,(#6701,#6702,#6703,#6704),
 .UNSPECIFIED.,.F.,.F.,(4,4),(0.,1.),.UNSPECIFIED.);
#576=B_SPLINE_CURVE_WITH_KNOTS('',3,(#6706,#6707,#6708,#6709),
 .UNSPECIFIED.,.F.,.F.,(4,4),(0.,1.),.UNSPECIFIED.);
#577=B_SPLINE_CURVE_WITH_KNOTS('',3,(#6711,#6712,#6713,#6714),
 .UNSPECIFIED.,.F.,.F.,(4,4),(0.,1.),.UNSPECIFIED.);
#578=B_SPLINE_CURVE_WITH_KNOTS('',3,(#6716,#6717,#6718,#6719),
 .UNSPECIFIED.,.F.,.F.,(4,4),(0.,1.),.UNSPECIFIED.);
#579=B_SPLINE_CURVE_WITH_KNOTS('',3,(#6721,#6722,#6723,#6724),
 .UNSPECIFIED.,.F.,.F.,(4,4),(0.,1.),.UNSPECIFIED.);
#580=B_SPLINE_CURVE_WITH_KNOTS('',3,(#6726,#6727,#6728,#6729),
 .UNSPECIFIED.,.F.,.F.,(4,4),(0.,1.),.UNSPECIFIED.);
#581=B_SPLINE_CURVE_WITH_KNOTS('',3,(#6731,#6732,#6733,#6734),
 .UNSPECIFIED.,.F.,.F.,(4,4),(0.,1.),.UNSPECIFIED.);
#582=B_SPLINE_CURVE_WITH_KNOTS('',3,(#6736,#6737,#6738,#6739),
 .UNSPECIFIED.,.F.,.F.,(4,4),(0.,1.),.UNSPECIFIED.);
#583=B_SPLINE_CURVE_WITH_KNOTS('',3,(#6741,#6742,#6743,#6744),
 .UNSPECIFIED.,.F.,.F.,(4,4),(0.,1.),.UNSPECIFIED.);
#584=B_SPLINE_CURVE_WITH_KNOTS('',3,(#6746,#6747,#6748,#6749),
 .UNSPECIFIED.,.F.,.F.,(4,4),(0.,1.),.UNSPECIFIED.);
#585=B_SPLINE_CURVE_WITH_KNOTS('',3,(#6751,#6752,#6753,#6754),
 .UNSPECIFIED.,.F.,.F.,(4,4),(0.,1.),.UNSPECIFIED.);
#586=B_SPLINE_CURVE_WITH_KNOTS('',3,(#6756,#6757,#6758,#6759),
 .UNSPECIFIED.,.F.,.F.,(4,4),(0.,1.),.UNSPECIFIED.);
#587=B_SPLINE_CURVE_WITH_KNOTS('',3,(#6761,#6762,#6763,#6764),
 .UNSPECIFIED.,.F.,.F.,(4,4),(0.,1.),.UNSPECIFIED.);
#588=B_SPLINE_CURVE_WITH_KNOTS('',3,(#6766,#6767,#6768,#6769),
 .UNSPECIFIED.,.F.,.F.,(4,4),(0.,1.),.UNSPECIFIED.);
#589=B_SPLINE_CURVE_WITH_KNOTS('',3,(#6771,#6772,#6773,#6774),
 .UNSPECIFIED.,.F.,.F.,(4,4),(0.,1.),.UNSPECIFIED.);
#590=B_SPLINE_CURVE_WITH_KNOTS('',3,(#6776,#6777,#6778,#6779),
 .UNSPECIFIED.,.F.,.F.,(4,4),(0.,1.),.UNSPECIFIED.);
#591=B_SPLINE_CURVE_WITH_KNOTS('',3,(#6781,#6782,#6783,#6784),
 .UNSPECIFIED.,.F.,.F.,(4,4),(0.,1.),.UNSPECIFIED.);
#592=B_SPLINE_CURVE_WITH_KNOTS('',3,(#6786,#6787,#6788,#6789),
 .UNSPECIFIED.,.F.,.F.,(4,4),(0.,1.),.UNSPECIFIED.);
#593=B_SPLINE_CURVE_WITH_KNOTS('',3,(#6791,#6792,#6793,#6794),
 .UNSPECIFIED.,.F.,.F.,(4,4),(0.,1.),.UNSPECIFIED.);
#594=B_SPLINE_CURVE_WITH_KNOTS('',3,(#6796,#6797,#6798,#6799),
 .UNSPECIFIED.,.F.,.F.,(4,4),(0.,1.),.UNSPECIFIED.);
#595=B_SPLINE_CURVE_WITH_KNOTS('',3,(#6801,#6802,#6803,#6804),
 .UNSPECIFIED.,.F.,.F.,(4,4),(0.,1.),.UNSPECIFIED.);
#596=B_SPLINE_CURVE_WITH_KNOTS('',3,(#6806,#6807,#6808,#6809),
 .UNSPECIFIED.,.F.,.F.,(4,4),(0.,1.),.UNSPECIFIED.);
#597=B_SPLINE_CURVE_WITH_KNOTS('',3,(#6818,#6819,#6820,#6821),
 .UNSPECIFIED.,.F.,.F.,(4,4),(0.,1.),.UNSPECIFIED.);
#598=B_SPLINE_CURVE_WITH_KNOTS('',3,(#6830,#6831,#6832,#6833),
 .UNSPECIFIED.,.F.,.F.,(4,4),(0.,1.),.UNSPECIFIED.);
#599=B_SPLINE_CURVE_WITH_KNOTS('',3,(#6842,#6843,#6844,#6845),
 .UNSPECIFIED.,.F.,.F.,(4,4),(0.,1.),.UNSPECIFIED.);
#600=B_SPLINE_CURVE_WITH_KNOTS('',3,(#6854,#6855,#6856,#6857),
 .UNSPECIFIED.,.F.,.F.,(4,4),(0.,1.),.UNSPECIFIED.);
#601=B_SPLINE_CURVE_WITH_KNOTS('',3,(#6866,#6867,#6868,#6869),
 .UNSPECIFIED.,.F.,.F.,(4,4),(0.,1.),.UNSPECIFIED.);
#602=B_SPLINE_CURVE_WITH_KNOTS('',3,(#6878,#6879,#6880,#6881),
 .UNSPECIFIED.,.F.,.F.,(4,4),(0.,1.),.UNSPECIFIED.);
#603=B_SPLINE_CURVE_WITH_KNOTS('',3,(#6890,#6891,#6892,#6893),
 .UNSPECIFIED.,.F.,.F.,(4,4),(0.,1.),.UNSPECIFIED.);
#604=B_SPLINE_CURVE_WITH_KNOTS('',3,(#6902,#6903,#6904,#6905),
 .UNSPECIFIED.,.F.,.F.,(4,4),(0.,1.),.UNSPECIFIED.);
#605=B_SPLINE_CURVE_WITH_KNOTS('',3,(#6914,#6915,#6916,#6917),
 .UNSPECIFIED.,.F.,.F.,(4,4),(0.,1.),.UNSPECIFIED.);
#606=B_SPLINE_CURVE_WITH_KNOTS('',3,(#6926,#6927,#6928,#6929),
 .UNSPECIFIED.,.F.,.F.,(4,4),(0.,1.),.UNSPECIFIED.);
#607=B_SPLINE_CURVE_WITH_KNOTS('',3,(#6938,#6939,#6940,#6941),
 .UNSPECIFIED.,.F.,.F.,(4,4),(0.,1.),.UNSPECIFIED.);
#608=B_SPLINE_CURVE_WITH_KNOTS('',3,(#6950,#6951,#6952,#6953),
 .UNSPECIFIED.,.F.,.F.,(4,4),(0.,1.),.UNSPECIFIED.);
#609=B_SPLINE_CURVE_WITH_KNOTS('',3,(#6962,#6963,#6964,#6965),
 .UNSPECIFIED.,.F.,.F.,(4,4),(0.,1.),.UNSPECIFIED.);
#610=B_SPLINE_CURVE_WITH_KNOTS('',3,(#6974,#6975,#6976,#6977),
 .UNSPECIFIED.,.F.,.F.,(4,4),(0.,1.),.UNSPECIFIED.);
#611=B_SPLINE_CURVE_WITH_KNOTS('',3,(#6986,#6987,#6988,#6989),
 .UNSPECIFIED.,.F.,.F.,(4,4),(0.,1.),.UNSPECIFIED.);
#612=B_SPLINE_CURVE_WITH_KNOTS('',3,(#6998,#6999,#7000,#7001),
 .UNSPECIFIED.,.F.,.F.,(4,4),(0.,1.),.UNSPECIFIED.);
#613=B_SPLINE_CURVE_WITH_KNOTS('',3,(#7010,#7011,#7012,#7013),
 .UNSPECIFIED.,.F.,.F.,(4,4),(0.,1.),.UNSPECIFIED.);
#614=B_SPLINE_CURVE_WITH_KNOTS('',3,(#7022,#7023,#7024,#7025),
 .UNSPECIFIED.,.F.,.F.,(4,4),(0.,1.),.UNSPECIFIED.);
#615=B_SPLINE_CURVE_WITH_KNOTS('',3,(#7034,#7035,#7036,#7037),
 .UNSPECIFIED.,.F.,.F.,(4,4),(0.,1.),.UNSPECIFIED.);
#616=B_SPLINE_CURVE_WITH_KNOTS('',3,(#7046,#7047,#7048,#7049),
 .UNSPECIFIED.,.F.,.F.,(4,4),(0.,1.),.UNSPECIFIED.);
#617=B_SPLINE_CURVE_WITH_KNOTS('',3,(#7058,#7059,#7060,#7061),
 .UNSPECIFIED.,.F.,.F.,(4,4),(0.,1.),.UNSPECIFIED.);
#618=B_SPLINE_CURVE_WITH_KNOTS('',3,(#7070,#7071,#7072,#7073),
 .UNSPECIFIED.,.F.,.F.,(4,4),(0.,1.),.UNSPECIFIED.);
#619=B_SPLINE_CURVE_WITH_KNOTS('',3,(#7082,#7083,#7084,#7085),
 .UNSPECIFIED.,.F.,.F.,(4,4),(0.,1.),.UNSPECIFIED.);
#620=B_SPLINE_CURVE_WITH_KNOTS('',3,(#7094,#7095,#7096,#7097),
 .UNSPECIFIED.,.F.,.F.,(4,4),(0.,1.),.UNSPECIFIED.);
#621=B_SPLINE_CURVE_WITH_KNOTS('',3,(#7199,#7200,#7201,#7202),
 .UNSPECIFIED.,.F.,.F.,(4,4),(0.,1.),.UNSPECIFIED.);
#622=B_SPLINE_CURVE_WITH_KNOTS('',3,(#7205,#7206,#7207,#7208),
 .UNSPECIFIED.,.F.,.F.,(4,4),(0.,1.),.UNSPECIFIED.);
#623=B_SPLINE_CURVE_WITH_KNOTS('',3,(#7211,#7212,#7213,#7214),
 .UNSPECIFIED.,.F.,.F.,(4,4),(0.,1.),.UNSPECIFIED.);
#624=B_SPLINE_CURVE_WITH_KNOTS('',3,(#7217,#7218,#7219,#7220),
 .UNSPECIFIED.,.F.,.F.,(4,4),(0.,1.),.UNSPECIFIED.);
#625=B_SPLINE_CURVE_WITH_KNOTS('',3,(#7223,#7224,#7225,#7226),
 .UNSPECIFIED.,.F.,.F.,(4,4),(0.,1.),.UNSPECIFIED.);
#626=B_SPLINE_CURVE_WITH_KNOTS('',3,(#7229,#7230,#7231,#7232),
 .UNSPECIFIED.,.F.,.F.,(4,4),(0.,1.),.UNSPECIFIED.);
#627=B_SPLINE_CURVE_WITH_KNOTS('',3,(#7235,#7236,#7237,#7238),
 .UNSPECIFIED.,.F.,.F.,(4,4),(0.,1.),.UNSPECIFIED.);
#628=B_SPLINE_CURVE_WITH_KNOTS('',3,(#7241,#7242,#7243,#7244),
 .UNSPECIFIED.,.F.,.F.,(4,4),(0.,1.),.UNSPECIFIED.);
#629=B_SPLINE_CURVE_WITH_KNOTS('',3,(#7247,#7248,#7249,#7250),
 .UNSPECIFIED.,.F.,.F.,(4,4),(0.,1.),.UNSPECIFIED.);
#630=B_SPLINE_CURVE_WITH_KNOTS('',3,(#7253,#7254,#7255,#7256),
 .UNSPECIFIED.,.F.,.F.,(4,4),(0.,1.),.UNSPECIFIED.);
#631=B_SPLINE_CURVE_WITH_KNOTS('',3,(#7259,#7260,#7261,#7262),
 .UNSPECIFIED.,.F.,.F.,(4,4),(0.,1.),.UNSPECIFIED.);
#632=B_SPLINE_CURVE_WITH_KNOTS('',3,(#7265,#7266,#7267,#7268),
 .UNSPECIFIED.,.F.,.F.,(4,4),(0.,1.),.UNSPECIFIED.);
#633=B_SPLINE_CURVE_WITH_KNOTS('',3,(#7271,#7272,#7273,#7274),
 .UNSPECIFIED.,.F.,.F.,(4,4),(0.,1.),.UNSPECIFIED.);
#634=B_SPLINE_CURVE_WITH_KNOTS('',3,(#7277,#7278,#7279,#7280),
 .UNSPECIFIED.,.F.,.F.,(4,4),(0.,1.),.UNSPECIFIED.);
#635=B_SPLINE_CURVE_WITH_KNOTS('',3,(#7283,#7284,#7285,#7286),
 .UNSPECIFIED.,.F.,.F.,(4,4),(0.,1.),.UNSPECIFIED.);
#636=B_SPLINE_CURVE_WITH_KNOTS('',3,(#7289,#7290,#7291,#7292),
 .UNSPECIFIED.,.F.,.F.,(4,4),(0.,1.),.UNSPECIFIED.);
#637=B_SPLINE_CURVE_WITH_KNOTS('',3,(#7295,#7296,#7297,#7298),
 .UNSPECIFIED.,.F.,.F.,(4,4),(0.,1.),.UNSPECIFIED.);
#638=B_SPLINE_CURVE_WITH_KNOTS('',3,(#7301,#7302,#7303,#7304),
 .UNSPECIFIED.,.F.,.F.,(4,4),(0.,1.),.UNSPECIFIED.);
#639=B_SPLINE_CURVE_WITH_KNOTS('',3,(#7307,#7308,#7309,#7310),
 .UNSPECIFIED.,.F.,.F.,(4,4),(0.,1.),.UNSPECIFIED.);
#640=B_SPLINE_CURVE_WITH_KNOTS('',3,(#7313,#7314,#7315,#7316),
 .UNSPECIFIED.,.F.,.F.,(4,4),(0.,1.),.UNSPECIFIED.);
#641=B_SPLINE_CURVE_WITH_KNOTS('',3,(#7319,#7320,#7321,#7322),
 .UNSPECIFIED.,.F.,.F.,(4,4),(0.,1.),.UNSPECIFIED.);
#642=B_SPLINE_CURVE_WITH_KNOTS('',3,(#7325,#7326,#7327,#7328),
 .UNSPECIFIED.,.F.,.F.,(4,4),(0.,1.),.UNSPECIFIED.);
#643=B_SPLINE_CURVE_WITH_KNOTS('',3,(#7331,#7332,#7333,#7334),
 .UNSPECIFIED.,.F.,.F.,(4,4),(0.,1.),.UNSPECIFIED.);
#644=B_SPLINE_CURVE_WITH_KNOTS('',3,(#7337,#7338,#7339,#7340),
 .UNSPECIFIED.,.F.,.F.,(4,4),(0.,1.),.UNSPECIFIED.);
#645=B_SPLINE_CURVE_WITH_KNOTS('',3,(#7351,#7352,#7353,#7354,#7355),
 .UNSPECIFIED.,.F.,.F.,(4,1,4),(0.,0.5,1.),.UNSPECIFIED.);
#646=B_SPLINE_CURVE_WITH_KNOTS('',3,(#7356,#7357,#7358,#7359,#7360),
 .UNSPECIFIED.,.F.,.F.,(4,1,4),(0.,0.5,1.),.UNSPECIFIED.);
#647=B_SPLINE_CURVE_WITH_KNOTS('',3,(#7373,#7374,#7375,#7376,#7377),
 .UNSPECIFIED.,.F.,.F.,(4,1,4),(0.,0.5,1.),.UNSPECIFIED.);
#648=B_SPLINE_CURVE_WITH_KNOTS('',3,(#7396,#7397,#7398,#7399,#7400),
 .UNSPECIFIED.,.F.,.F.,(4,1,4),(0.,0.5,1.),.UNSPECIFIED.);
#649=B_SPLINE_CURVE_WITH_KNOTS('',3,(#7411,#7412,#7413,#7414,#7415),
 .UNSPECIFIED.,.F.,.F.,(4,1,4),(0.,0.5,1.),.UNSPECIFIED.);
#650=B_SPLINE_CURVE_WITH_KNOTS('',3,(#7426,#7427,#7428,#7429,#7430),
 .UNSPECIFIED.,.F.,.F.,(4,1,4),(0.,0.5,1.),.UNSPECIFIED.);
#651=B_SPLINE_CURVE_WITH_KNOTS('',3,(#7449,#7450,#7451,#7452,#7453),
 .UNSPECIFIED.,.F.,.F.,(4,1,4),(0.,0.5,1.),.UNSPECIFIED.);
#652=B_SPLINE_CURVE_WITH_KNOTS('',3,(#7466,#7467,#7468,#7469,#7470),
 .UNSPECIFIED.,.F.,.F.,(4,1,4),(0.,0.5,1.),.UNSPECIFIED.);
#653=B_SPLINE_CURVE_WITH_KNOTS('',3,(#7481,#7482,#7483,#7484,#7485),
 .UNSPECIFIED.,.F.,.F.,(4,1,4),(0.,0.5,1.),.UNSPECIFIED.);
#654=B_SPLINE_CURVE_WITH_KNOTS('',3,(#7496,#7497,#7498,#7499,#7500),
 .UNSPECIFIED.,.F.,.F.,(4,1,4),(0.,0.5,1.),.UNSPECIFIED.);
#655=B_SPLINE_CURVE_WITH_KNOTS('',3,(#7513,#7514,#7515,#7516,#7517),
 .UNSPECIFIED.,.F.,.F.,(4,1,4),(0.,0.5,1.),.UNSPECIFIED.);
#656=B_SPLINE_CURVE_WITH_KNOTS('',3,(#7536,#7537,#7538,#7539,#7540),
 .UNSPECIFIED.,.F.,.F.,(4,1,4),(0.,0.5,1.),.UNSPECIFIED.);
#657=B_SPLINE_CURVE_WITH_KNOTS('',3,(#7551,#7552,#7553,#7554,#7555),
 .UNSPECIFIED.,.F.,.F.,(4,1,4),(0.,0.5,1.),.UNSPECIFIED.);
#658=B_SPLINE_CURVE_WITH_KNOTS('',3,(#7566,#7567,#7568,#7569,#7570),
 .UNSPECIFIED.,.F.,.F.,(4,1,4),(0.,0.5,1.),.UNSPECIFIED.);
#659=B_SPLINE_CURVE_WITH_KNOTS('',3,(#7589,#7590,#7591,#7592,#7593),
 .UNSPECIFIED.,.F.,.F.,(4,1,4),(0.,0.5,1.),.UNSPECIFIED.);
#660=B_SPLINE_CURVE_WITH_KNOTS('',3,(#7606,#7607,#7608,#7609,#7610),
 .UNSPECIFIED.,.F.,.F.,(4,1,4),(0.,0.5,1.),.UNSPECIFIED.);
#661=B_SPLINE_CURVE_WITH_KNOTS('',3,(#7621,#7622,#7623,#7624,#7625),
 .UNSPECIFIED.,.F.,.F.,(4,1,4),(0.,0.5,1.),.UNSPECIFIED.);
#662=B_SPLINE_CURVE_WITH_KNOTS('',3,(#7636,#7637,#7638,#7639,#7640),
 .UNSPECIFIED.,.F.,.F.,(4,1,4),(0.,0.5,1.),.UNSPECIFIED.);
#663=B_SPLINE_CURVE_WITH_KNOTS('',3,(#7653,#7654,#7655,#7656,#7657),
 .UNSPECIFIED.,.F.,.F.,(4,1,4),(0.,0.5,1.),.UNSPECIFIED.);
#664=B_SPLINE_CURVE_WITH_KNOTS('',3,(#7676,#7677,#7678,#7679,#7680),
 .UNSPECIFIED.,.F.,.F.,(4,1,4),(0.,0.5,1.),.UNSPECIFIED.);
#665=B_SPLINE_CURVE_WITH_KNOTS('',3,(#7691,#7692,#7693,#7694,#7695),
 .UNSPECIFIED.,.F.,.F.,(4,1,4),(0.,0.5,1.),.UNSPECIFIED.);
#666=B_SPLINE_CURVE_WITH_KNOTS('',3,(#7706,#7707,#7708,#7709,#7710),
 .UNSPECIFIED.,.F.,.F.,(4,1,4),(0.,0.5,1.),.UNSPECIFIED.);
#667=B_SPLINE_CURVE_WITH_KNOTS('',3,(#7729,#7730,#7731,#7732,#7733),
 .UNSPECIFIED.,.F.,.F.,(4,1,4),(0.,0.5,1.),.UNSPECIFIED.);
#668=B_SPLINE_CURVE_WITH_KNOTS('',3,(#7746,#7747,#7748,#7749,#7750),
 .UNSPECIFIED.,.F.,.F.,(4,1,4),(0.,0.5,1.),.UNSPECIFIED.);
#669=B_SPLINE_CURVE_WITH_KNOTS('',3,(#7761,#7762,#7763,#7764,#7765),
 .UNSPECIFIED.,.F.,.F.,(4,1,4),(0.,0.5,1.),.UNSPECIFIED.);
#670=B_SPLINE_CURVE_WITH_KNOTS('',3,(#7776,#7777,#7778,#7779,#7780),
 .UNSPECIFIED.,.F.,.F.,(4,1,4),(0.,0.5,1.),.UNSPECIFIED.);
#671=B_SPLINE_CURVE_WITH_KNOTS('',3,(#7793,#7794,#7795,#7796,#7797),
 .UNSPECIFIED.,.F.,.F.,(4,1,4),(0.,0.5,1.),.UNSPECIFIED.);
#672=B_SPLINE_CURVE_WITH_KNOTS('',3,(#7816,#7817,#7818,#7819,#7820),
 .UNSPECIFIED.,.F.,.F.,(4,1,4),(0.,0.5,1.),.UNSPECIFIED.);
#673=B_SPLINE_CURVE_WITH_KNOTS('',3,(#7831,#7832,#7833,#7834,#7835),
 .UNSPECIFIED.,.F.,.F.,(4,1,4),(0.,0.5,1.),.UNSPECIFIED.);
#674=B_SPLINE_CURVE_WITH_KNOTS('',3,(#7846,#7847,#7848,#7849,#7850),
 .UNSPECIFIED.,.F.,.F.,(4,1,4),(0.,0.5,1.),.UNSPECIFIED.);
#675=B_SPLINE_CURVE_WITH_KNOTS('',3,(#7869,#7870,#7871,#7872,#7873),
 .UNSPECIFIED.,.F.,.F.,(4,1,4),(0.,0.5,1.),.UNSPECIFIED.);
#676=B_SPLINE_CURVE_WITH_KNOTS('',3,(#7886,#7887,#7888,#7889,#7890),
 .UNSPECIFIED.,.F.,.F.,(4,1,4),(0.,0.5,1.),.UNSPECIFIED.);
#677=B_SPLINE_CURVE_WITH_KNOTS('',3,(#7901,#7902,#7903,#7904,#7905),
 .UNSPECIFIED.,.F.,.F.,(4,1,4),(0.,0.5,1.),.UNSPECIFIED.);
#678=B_SPLINE_CURVE_WITH_KNOTS('',3,(#7916,#7917,#7918,#7919,#7920),
 .UNSPECIFIED.,.F.,.F.,(4,1,4),(0.,0.5,1.),.UNSPECIFIED.);
#679=B_SPLINE_CURVE_WITH_KNOTS('',3,(#7933,#7934,#7935,#7936,#7937),
 .UNSPECIFIED.,.F.,.F.,(4,1,4),(0.,0.5,1.),.UNSPECIFIED.);
#680=B_SPLINE_CURVE_WITH_KNOTS('',3,(#7956,#7957,#7958,#7959,#7960),
 .UNSPECIFIED.,.F.,.F.,(4,1,4),(0.,0.5,1.),.UNSPECIFIED.);
#681=B_SPLINE_CURVE_WITH_KNOTS('',3,(#7971,#7972,#7973,#7974,#7975),
 .UNSPECIFIED.,.F.,.F.,(4,1,4),(0.,0.5,1.),.UNSPECIFIED.);
#682=B_SPLINE_CURVE_WITH_KNOTS('',3,(#7986,#7987,#7988,#7989,#7990),
 .UNSPECIFIED.,.F.,.F.,(4,1,4),(0.,0.5,1.),.UNSPECIFIED.);
#683=B_SPLINE_CURVE_WITH_KNOTS('',3,(#8009,#8010,#8011,#8012,#8013),
 .UNSPECIFIED.,.F.,.F.,(4,1,4),(0.,0.5,1.),.UNSPECIFIED.);
#684=B_SPLINE_CURVE_WITH_KNOTS('',3,(#8026,#8027,#8028,#8029,#8030),
 .UNSPECIFIED.,.F.,.F.,(4,1,4),(0.,0.5,1.),.UNSPECIFIED.);
#685=B_SPLINE_CURVE_WITH_KNOTS('',3,(#8041,#8042,#8043,#8044,#8045),
 .UNSPECIFIED.,.F.,.F.,(4,1,4),(0.,0.5,1.),.UNSPECIFIED.);
#686=B_SPLINE_CURVE_WITH_KNOTS('',3,(#8056,#8057,#8058,#8059,#8060),
 .UNSPECIFIED.,.F.,.F.,(4,1,4),(0.,0.5,1.),.UNSPECIFIED.);
#687=B_SPLINE_CURVE_WITH_KNOTS('',3,(#8073,#8074,#8075,#8076,#8077),
 .UNSPECIFIED.,.F.,.F.,(4,1,4),(0.,0.5,1.),.UNSPECIFIED.);
#688=B_SPLINE_CURVE_WITH_KNOTS('',3,(#8096,#8097,#8098,#8099,#8100),
 .UNSPECIFIED.,.F.,.F.,(4,1,4),(0.,0.5,1.),.UNSPECIFIED.);
#689=B_SPLINE_CURVE_WITH_KNOTS('',3,(#8111,#8112,#8113,#8114,#8115),
 .UNSPECIFIED.,.F.,.F.,(4,1,4),(0.,0.5,1.),.UNSPECIFIED.);
#690=B_SPLINE_CURVE_WITH_KNOTS('',3,(#8126,#8127,#8128,#8129,#8130),
 .UNSPECIFIED.,.F.,.F.,(4,1,4),(0.,0.5,1.),.UNSPECIFIED.);
#691=B_SPLINE_CURVE_WITH_KNOTS('',3,(#8149,#8150,#8151,#8152,#8153),
 .UNSPECIFIED.,.F.,.F.,(4,1,4),(0.,0.5,1.),.UNSPECIFIED.);
#692=B_SPLINE_CURVE_WITH_KNOTS('',3,(#8166,#8167,#8168,#8169,#8170),
 .UNSPECIFIED.,.F.,.F.,(4,1,4),(0.,0.5,1.),.UNSPECIFIED.);
#693=B_SPLINE_CURVE_WITH_KNOTS('',3,(#8191,#8192,#8193,#8194,#8195),
 .UNSPECIFIED.,.F.,.F.,(4,1,4),(0.,0.5,1.),.UNSPECIFIED.);
#694=B_SPLINE_CURVE_WITH_KNOTS('',3,(#8196,#8197,#8198,#8199,#8200),
 .UNSPECIFIED.,.F.,.F.,(4,1,4),(0.,0.5,1.),.UNSPECIFIED.);
#695=B_SPLINE_CURVE_WITH_KNOTS('',3,(#8213,#8214,#8215,#8216,#8217),
 .UNSPECIFIED.,.F.,.F.,(4,1,4),(0.,0.5,1.),.UNSPECIFIED.);
#696=B_SPLINE_CURVE_WITH_KNOTS('',3,(#8236,#8237,#8238,#8239,#8240),
 .UNSPECIFIED.,.F.,.F.,(4,1,4),(0.,0.5,1.),.UNSPECIFIED.);
#697=B_SPLINE_CURVE_WITH_KNOTS('',3,(#8251,#8252,#8253,#8254,#8255),
 .UNSPECIFIED.,.F.,.F.,(4,1,4),(0.,0.5,1.),.UNSPECIFIED.);
#698=B_SPLINE_CURVE_WITH_KNOTS('',3,(#8266,#8267,#8268,#8269,#8270),
 .UNSPECIFIED.,.F.,.F.,(4,1,4),(0.,0.5,1.),.UNSPECIFIED.);
#699=B_SPLINE_CURVE_WITH_KNOTS('',3,(#8289,#8290,#8291,#8292,#8293),
 .UNSPECIFIED.,.F.,.F.,(4,1,4),(0.,0.5,1.),.UNSPECIFIED.);
#700=B_SPLINE_CURVE_WITH_KNOTS('',3,(#8306,#8307,#8308,#8309,#8310),
 .UNSPECIFIED.,.F.,.F.,(4,1,4),(0.,0.5,1.),.UNSPECIFIED.);
#701=B_SPLINE_CURVE_WITH_KNOTS('',3,(#8321,#8322,#8323,#8324,#8325),
 .UNSPECIFIED.,.F.,.F.,(4,1,4),(0.,0.5,1.),.UNSPECIFIED.);
#702=B_SPLINE_CURVE_WITH_KNOTS('',3,(#8336,#8337,#8338,#8339,#8340),
 .UNSPECIFIED.,.F.,.F.,(4,1,4),(0.,0.5,1.),.UNSPECIFIED.);
#703=B_SPLINE_CURVE_WITH_KNOTS('',3,(#8353,#8354,#8355,#8356,#8357),
 .UNSPECIFIED.,.F.,.F.,(4,1,4),(0.,0.5,1.),.UNSPECIFIED.);
#704=B_SPLINE_CURVE_WITH_KNOTS('',3,(#8376,#8377,#8378,#8379,#8380),
 .UNSPECIFIED.,.F.,.F.,(4,1,4),(0.,0.5,1.),.UNSPECIFIED.);
#705=B_SPLINE_CURVE_WITH_KNOTS('',3,(#8391,#8392,#8393,#8394,#8395),
 .UNSPECIFIED.,.F.,.F.,(4,1,4),(0.,0.5,1.),.UNSPECIFIED.);
#706=B_SPLINE_CURVE_WITH_KNOTS('',3,(#8406,#8407,#8408,#8409,#8410),
 .UNSPECIFIED.,.F.,.F.,(4,1,4),(0.,0.5,1.),.UNSPECIFIED.);
#707=B_SPLINE_CURVE_WITH_KNOTS('',3,(#8429,#8430,#8431,#8432,#8433),
 .UNSPECIFIED.,.F.,.F.,(4,1,4),(0.,0.5,1.),.UNSPECIFIED.);
#708=B_SPLINE_CURVE_WITH_KNOTS('',3,(#8446,#8447,#8448,#8449,#8450),
 .UNSPECIFIED.,.F.,.F.,(4,1,4),(0.,0.5,1.),.UNSPECIFIED.);
#709=B_SPLINE_CURVE_WITH_KNOTS('',3,(#8461,#8462,#8463,#8464,#8465),
 .UNSPECIFIED.,.F.,.F.,(4,1,4),(0.,0.5,1.),.UNSPECIFIED.);
#710=B_SPLINE_CURVE_WITH_KNOTS('',3,(#8476,#8477,#8478,#8479,#8480),
 .UNSPECIFIED.,.F.,.F.,(4,1,4),(0.,0.5,1.),.UNSPECIFIED.);
#711=B_SPLINE_CURVE_WITH_KNOTS('',3,(#8493,#8494,#8495,#8496,#8497),
 .UNSPECIFIED.,.F.,.F.,(4,1,4),(0.,0.5,1.),.UNSPECIFIED.);
#712=B_SPLINE_CURVE_WITH_KNOTS('',3,(#8516,#8517,#8518,#8519,#8520),
 .UNSPECIFIED.,.F.,.F.,(4,1,4),(0.,0.5,1.),.UNSPECIFIED.);
#713=B_SPLINE_CURVE_WITH_KNOTS('',3,(#8531,#8532,#8533,#8534,#8535),
 .UNSPECIFIED.,.F.,.F.,(4,1,4),(0.,0.5,1.),.UNSPECIFIED.);
#714=B_SPLINE_CURVE_WITH_KNOTS('',3,(#8546,#8547,#8548,#8549,#8550),
 .UNSPECIFIED.,.F.,.F.,(4,1,4),(0.,0.5,1.),.UNSPECIFIED.);
#715=B_SPLINE_CURVE_WITH_KNOTS('',3,(#8569,#8570,#8571,#8572,#8573),
 .UNSPECIFIED.,.F.,.F.,(4,1,4),(0.,0.5,1.),.UNSPECIFIED.);
#716=B_SPLINE_CURVE_WITH_KNOTS('',3,(#8586,#8587,#8588,#8589,#8590),
 .UNSPECIFIED.,.F.,.F.,(4,1,4),(0.,0.5,1.),.UNSPECIFIED.);
#717=B_SPLINE_CURVE_WITH_KNOTS('',3,(#8601,#8602,#8603,#8604,#8605),
 .UNSPECIFIED.,.F.,.F.,(4,1,4),(0.,0.5,1.),.UNSPECIFIED.);
#718=B_SPLINE_CURVE_WITH_KNOTS('',3,(#8616,#8617,#8618,#8619,#8620),
 .UNSPECIFIED.,.F.,.F.,(4,1,4),(0.,0.5,1.),.UNSPECIFIED.);
#719=B_SPLINE_CURVE_WITH_KNOTS('',3,(#8633,#8634,#8635,#8636,#8637),
 .UNSPECIFIED.,.F.,.F.,(4,1,4),(0.,0.5,1.),.UNSPECIFIED.);
#720=B_SPLINE_CURVE_WITH_KNOTS('',3,(#8656,#8657,#8658,#8659,#8660),
 .UNSPECIFIED.,.F.,.F.,(4,1,4),(0.,0.5,1.),.UNSPECIFIED.);
#721=B_SPLINE_CURVE_WITH_KNOTS('',3,(#8671,#8672,#8673,#8674,#8675),
 .UNSPECIFIED.,.F.,.F.,(4,1,4),(0.,0.5,1.),.UNSPECIFIED.);
#722=B_SPLINE_CURVE_WITH_KNOTS('',3,(#8686,#8687,#8688,#8689,#8690),
 .UNSPECIFIED.,.F.,.F.,(4,1,4),(0.,0.5,1.),.UNSPECIFIED.);
#723=B_SPLINE_CURVE_WITH_KNOTS('',3,(#8709,#8710,#8711,#8712,#8713),
 .UNSPECIFIED.,.F.,.F.,(4,1,4),(0.,0.5,1.),.UNSPECIFIED.);
#724=B_SPLINE_CURVE_WITH_KNOTS('',3,(#8726,#8727,#8728,#8729,#8730),
 .UNSPECIFIED.,.F.,.F.,(4,1,4),(0.,0.5,1.),.UNSPECIFIED.);
#725=B_SPLINE_CURVE_WITH_KNOTS('',3,(#8741,#8742,#8743,#8744,#8745),
 .UNSPECIFIED.,.F.,.F.,(4,1,4),(0.,0.5,1.),.UNSPECIFIED.);
#726=B_SPLINE_CURVE_WITH_KNOTS('',3,(#8756,#8757,#8758,#8759,#8760),
 .UNSPECIFIED.,.F.,.F.,(4,1,4),(0.,0.5,1.),.UNSPECIFIED.);
#727=B_SPLINE_CURVE_WITH_KNOTS('',3,(#8773,#8774,#8775,#8776,#8777),
 .UNSPECIFIED.,.F.,.F.,(4,1,4),(0.,0.5,1.),.UNSPECIFIED.);
#728=B_SPLINE_CURVE_WITH_KNOTS('',3,(#8796,#8797,#8798,#8799,#8800),
 .UNSPECIFIED.,.F.,.F.,(4,1,4),(0.,0.5,1.),.UNSPECIFIED.);
#729=B_SPLINE_CURVE_WITH_KNOTS('',3,(#8811,#8812,#8813,#8814,#8815),
 .UNSPECIFIED.,.F.,.F.,(4,1,4),(0.,0.5,1.),.UNSPECIFIED.);
#730=B_SPLINE_CURVE_WITH_KNOTS('',3,(#8826,#8827,#8828,#8829,#8830),
 .UNSPECIFIED.,.F.,.F.,(4,1,4),(0.,0.5,1.),.UNSPECIFIED.);
#731=B_SPLINE_CURVE_WITH_KNOTS('',3,(#8849,#8850,#8851,#8852,#8853),
 .UNSPECIFIED.,.F.,.F.,(4,1,4),(0.,0.5,1.),.UNSPECIFIED.);
#732=B_SPLINE_CURVE_WITH_KNOTS('',3,(#8866,#8867,#8868,#8869,#8870),
 .UNSPECIFIED.,.F.,.F.,(4,1,4),(0.,0.5,1.),.UNSPECIFIED.);
#733=B_SPLINE_CURVE_WITH_KNOTS('',3,(#8881,#8882,#8883,#8884,#8885),
 .UNSPECIFIED.,.F.,.F.,(4,1,4),(0.,0.5,1.),.UNSPECIFIED.);
#734=B_SPLINE_CURVE_WITH_KNOTS('',3,(#8896,#8897,#8898,#8899,#8900),
 .UNSPECIFIED.,.F.,.F.,(4,1,4),(0.,0.5,1.),.UNSPECIFIED.);
#735=B_SPLINE_CURVE_WITH_KNOTS('',3,(#8913,#8914,#8915,#8916,#8917),
 .UNSPECIFIED.,.F.,.F.,(4,1,4),(0.,0.5,1.),.UNSPECIFIED.);
#736=B_SPLINE_CURVE_WITH_KNOTS('',3,(#8936,#8937,#8938,#8939,#8940),
 .UNSPECIFIED.,.F.,.F.,(4,1,4),(0.,0.5,1.),.UNSPECIFIED.);
#737=B_SPLINE_CURVE_WITH_KNOTS('',3,(#8951,#8952,#8953,#8954,#8955),
 .UNSPECIFIED.,.F.,.F.,(4,1,4),(0.,0.5,1.),.UNSPECIFIED.);
#738=B_SPLINE_CURVE_WITH_KNOTS('',3,(#8966,#8967,#8968,#8969,#8970),
 .UNSPECIFIED.,.F.,.F.,(4,1,4),(0.,0.5,1.),.UNSPECIFIED.);
#739=B_SPLINE_CURVE_WITH_KNOTS('',3,(#8989,#8990,#8991,#8992,#8993),
 .UNSPECIFIED.,.F.,.F.,(4,1,4),(0.,0.5,1.),.UNSPECIFIED.);
#740=B_SPLINE_CURVE_WITH_KNOTS('',3,(#9006,#9007,#9008,#9009,#9010),
 .UNSPECIFIED.,.F.,.F.,(4,1,4),(0.,0.5,1.),.UNSPECIFIED.);
#741=ORIENTED_EDGE('',*,*,#2105,.T.);
#742=ORIENTED_EDGE('',*,*,#2106,.T.);
#743=ORIENTED_EDGE('',*,*,#2107,.T.);
#744=ORIENTED_EDGE('',*,*,#2108,.T.);
#745=ORIENTED_EDGE('',*,*,#2109,.T.);
#746=ORIENTED_EDGE('',*,*,#2110,.T.);
#747=ORIENTED_EDGE('',*,*,#2111,.T.);
#748=ORIENTED_EDGE('',*,*,#2112,.T.);
#749=ORIENTED_EDGE('',*,*,#2113,.T.);
#750=ORIENTED_EDGE('',*,*,#2114,.T.);
#751=ORIENTED_EDGE('',*,*,#2115,.T.);
#752=ORIENTED_EDGE('',*,*,#2116,.T.);
#753=ORIENTED_EDGE('',*,*,#2117,.T.);
#754=ORIENTED_EDGE('',*,*,#2118,.T.);
#755=ORIENTED_EDGE('',*,*,#2119,.T.);
#756=ORIENTED_EDGE('',*,*,#2120,.T.);
#757=ORIENTED_EDGE('',*,*,#2121,.T.);
#758=ORIENTED_EDGE('',*,*,#2122,.T.);
#759=ORIENTED_EDGE('',*,*,#2123,.T.);
#760=ORIENTED_EDGE('',*,*,#2124,.T.);
#761=ORIENTED_EDGE('',*,*,#2125,.T.);
#762=ORIENTED_EDGE('',*,*,#2126,.T.);
#763=ORIENTED_EDGE('',*,*,#2127,.T.);
#764=ORIENTED_EDGE('',*,*,#2128,.T.);
#765=ORIENTED_EDGE('',*,*,#2129,.T.);
#766=ORIENTED_EDGE('',*,*,#2130,.T.);
#767=ORIENTED_EDGE('',*,*,#2131,.T.);
#768=ORIENTED_EDGE('',*,*,#2132,.T.);
#769=ORIENTED_EDGE('',*,*,#2133,.T.);
#770=ORIENTED_EDGE('',*,*,#2134,.T.);
#771=ORIENTED_EDGE('',*,*,#2135,.T.);
#772=ORIENTED_EDGE('',*,*,#2136,.T.);
#773=ORIENTED_EDGE('',*,*,#2137,.T.);
#774=ORIENTED_EDGE('',*,*,#2138,.T.);
#775=ORIENTED_EDGE('',*,*,#2139,.T.);
#776=ORIENTED_EDGE('',*,*,#2140,.T.);
#777=ORIENTED_EDGE('',*,*,#2141,.T.);
#778=ORIENTED_EDGE('',*,*,#2142,.T.);
#779=ORIENTED_EDGE('',*,*,#2143,.T.);
#780=ORIENTED_EDGE('',*,*,#2144,.T.);
#781=ORIENTED_EDGE('',*,*,#2145,.T.);
#782=ORIENTED_EDGE('',*,*,#2146,.T.);
#783=ORIENTED_EDGE('',*,*,#2147,.T.);
#784=ORIENTED_EDGE('',*,*,#2148,.T.);
#785=ORIENTED_EDGE('',*,*,#2149,.T.);
#786=ORIENTED_EDGE('',*,*,#2150,.T.);
#787=ORIENTED_EDGE('',*,*,#2151,.T.);
#788=ORIENTED_EDGE('',*,*,#2152,.T.);
#789=ORIENTED_EDGE('',*,*,#2153,.T.);
#790=ORIENTED_EDGE('',*,*,#2154,.T.);
#791=ORIENTED_EDGE('',*,*,#2155,.T.);
#792=ORIENTED_EDGE('',*,*,#2156,.T.);
#793=ORIENTED_EDGE('',*,*,#2157,.T.);
#794=ORIENTED_EDGE('',*,*,#2158,.T.);
#795=ORIENTED_EDGE('',*,*,#2159,.T.);
#796=ORIENTED_EDGE('',*,*,#2160,.T.);
#797=ORIENTED_EDGE('',*,*,#2161,.T.);
#798=ORIENTED_EDGE('',*,*,#2162,.T.);
#799=ORIENTED_EDGE('',*,*,#2163,.T.);
#800=ORIENTED_EDGE('',*,*,#2164,.T.);
#801=ORIENTED_EDGE('',*,*,#2165,.T.);
#802=ORIENTED_EDGE('',*,*,#2166,.T.);
#803=ORIENTED_EDGE('',*,*,#2167,.T.);
#804=ORIENTED_EDGE('',*,*,#2168,.T.);
#805=ORIENTED_EDGE('',*,*,#2169,.T.);
#806=ORIENTED_EDGE('',*,*,#2170,.T.);
#807=ORIENTED_EDGE('',*,*,#2171,.T.);
#808=ORIENTED_EDGE('',*,*,#2172,.T.);
#809=ORIENTED_EDGE('',*,*,#2173,.T.);
#810=ORIENTED_EDGE('',*,*,#2174,.T.);
#811=ORIENTED_EDGE('',*,*,#2175,.T.);
#812=ORIENTED_EDGE('',*,*,#2176,.T.);
#813=ORIENTED_EDGE('',*,*,#2177,.T.);
#814=ORIENTED_EDGE('',*,*,#2178,.T.);
#815=ORIENTED_EDGE('',*,*,#2179,.T.);
#816=ORIENTED_EDGE('',*,*,#2180,.T.);
#817=ORIENTED_EDGE('',*,*,#2181,.T.);
#818=ORIENTED_EDGE('',*,*,#2182,.T.);
#819=ORIENTED_EDGE('',*,*,#2183,.T.);
#820=ORIENTED_EDGE('',*,*,#2184,.T.);
#821=ORIENTED_EDGE('',*,*,#2185,.T.);
#822=ORIENTED_EDGE('',*,*,#2186,.T.);
#823=ORIENTED_EDGE('',*,*,#2187,.T.);
#824=ORIENTED_EDGE('',*,*,#2188,.T.);
#825=ORIENTED_EDGE('',*,*,#2189,.T.);
#826=ORIENTED_EDGE('',*,*,#2190,.T.);
#827=ORIENTED_EDGE('',*,*,#2191,.T.);
#828=ORIENTED_EDGE('',*,*,#2192,.T.);
#829=ORIENTED_EDGE('',*,*,#2193,.T.);
#830=ORIENTED_EDGE('',*,*,#2194,.T.);
#831=ORIENTED_EDGE('',*,*,#2195,.T.);
#832=ORIENTED_EDGE('',*,*,#2196,.T.);
#833=ORIENTED_EDGE('',*,*,#2197,.T.);
#834=ORIENTED_EDGE('',*,*,#2198,.T.);
#835=ORIENTED_EDGE('',*,*,#2199,.T.);
#836=ORIENTED_EDGE('',*,*,#2200,.T.);
#837=ORIENTED_EDGE('',*,*,#2201,.T.);
#838=ORIENTED_EDGE('',*,*,#2202,.T.);
#839=ORIENTED_EDGE('',*,*,#2203,.T.);
#840=ORIENTED_EDGE('',*,*,#2204,.T.);
#841=ORIENTED_EDGE('',*,*,#2205,.T.);
#842=ORIENTED_EDGE('',*,*,#2206,.T.);
#843=ORIENTED_EDGE('',*,*,#2207,.T.);
#844=ORIENTED_EDGE('',*,*,#2208,.T.);
#845=ORIENTED_EDGE('',*,*,#2209,.T.);
#846=ORIENTED_EDGE('',*,*,#2210,.T.);
#847=ORIENTED_EDGE('',*,*,#2211,.T.);
#848=ORIENTED_EDGE('',*,*,#2212,.T.);
#849=ORIENTED_EDGE('',*,*,#2213,.T.);
#850=ORIENTED_EDGE('',*,*,#2214,.T.);
#851=ORIENTED_EDGE('',*,*,#2215,.T.);
#852=ORIENTED_EDGE('',*,*,#2216,.T.);
#853=ORIENTED_EDGE('',*,*,#2217,.T.);
#854=ORIENTED_EDGE('',*,*,#2218,.T.);
#855=ORIENTED_EDGE('',*,*,#2219,.T.);
#856=ORIENTED_EDGE('',*,*,#2220,.T.);
#857=ORIENTED_EDGE('',*,*,#2221,.T.);
#858=ORIENTED_EDGE('',*,*,#2222,.T.);
#859=ORIENTED_EDGE('',*,*,#2223,.T.);
#860=ORIENTED_EDGE('',*,*,#2224,.T.);
#861=ORIENTED_EDGE('',*,*,#2225,.T.);
#862=ORIENTED_EDGE('',*,*,#2226,.T.);
#863=ORIENTED_EDGE('',*,*,#2227,.T.);
#864=ORIENTED_EDGE('',*,*,#2228,.T.);
#865=ORIENTED_EDGE('',*,*,#2229,.T.);
#866=ORIENTED_EDGE('',*,*,#2230,.T.);
#867=ORIENTED_EDGE('',*,*,#2231,.T.);
#868=ORIENTED_EDGE('',*,*,#2232,.T.);
#869=ORIENTED_EDGE('',*,*,#2233,.T.);
#870=ORIENTED_EDGE('',*,*,#2234,.T.);
#871=ORIENTED_EDGE('',*,*,#2235,.T.);
#872=ORIENTED_EDGE('',*,*,#2236,.T.);
#873=ORIENTED_EDGE('',*,*,#2237,.T.);
#874=ORIENTED_EDGE('',*,*,#2238,.T.);
#875=ORIENTED_EDGE('',*,*,#2239,.T.);
#876=ORIENTED_EDGE('',*,*,#2240,.T.);
#877=ORIENTED_EDGE('',*,*,#2241,.T.);
#878=ORIENTED_EDGE('',*,*,#2242,.T.);
#879=ORIENTED_EDGE('',*,*,#2243,.T.);
#880=ORIENTED_EDGE('',*,*,#2244,.T.);
#881=ORIENTED_EDGE('',*,*,#2245,.T.);
#882=ORIENTED_EDGE('',*,*,#2246,.T.);
#883=ORIENTED_EDGE('',*,*,#2247,.T.);
#884=ORIENTED_EDGE('',*,*,#2248,.T.);
#885=ORIENTED_EDGE('',*,*,#2187,.F.);
#886=ORIENTED_EDGE('',*,*,#2249,.T.);
#887=ORIENTED_EDGE('',*,*,#2181,.F.);
#888=ORIENTED_EDGE('',*,*,#2250,.T.);
#889=ORIENTED_EDGE('',*,*,#2191,.F.);
#890=ORIENTED_EDGE('',*,*,#2251,.T.);
#891=ORIENTED_EDGE('',*,*,#2185,.F.);
#892=ORIENTED_EDGE('',*,*,#2252,.T.);
#893=ORIENTED_EDGE('',*,*,#2195,.F.);
#894=ORIENTED_EDGE('',*,*,#2253,.T.);
#895=ORIENTED_EDGE('',*,*,#2189,.F.);
#896=ORIENTED_EDGE('',*,*,#2254,.T.);
#897=ORIENTED_EDGE('',*,*,#2199,.F.);
#898=ORIENTED_EDGE('',*,*,#2255,.T.);
#899=ORIENTED_EDGE('',*,*,#2193,.F.);
#900=ORIENTED_EDGE('',*,*,#2256,.T.);
#901=ORIENTED_EDGE('',*,*,#2107,.F.);
#902=ORIENTED_EDGE('',*,*,#2257,.T.);
#903=ORIENTED_EDGE('',*,*,#2197,.F.);
#904=ORIENTED_EDGE('',*,*,#2258,.T.);
#905=ORIENTED_EDGE('',*,*,#2111,.F.);
#906=ORIENTED_EDGE('',*,*,#2259,.T.);
#907=ORIENTED_EDGE('',*,*,#2105,.F.);
#908=ORIENTED_EDGE('',*,*,#2260,.T.);
#909=ORIENTED_EDGE('',*,*,#2115,.F.);
#910=ORIENTED_EDGE('',*,*,#2261,.T.);
#911=ORIENTED_EDGE('',*,*,#2109,.F.);
#912=ORIENTED_EDGE('',*,*,#2262,.T.);
#913=ORIENTED_EDGE('',*,*,#2119,.F.);
#914=ORIENTED_EDGE('',*,*,#2263,.T.);
#915=ORIENTED_EDGE('',*,*,#2113,.F.);
#916=ORIENTED_EDGE('',*,*,#2264,.T.);
#917=ORIENTED_EDGE('',*,*,#2123,.F.);
#918=ORIENTED_EDGE('',*,*,#2265,.T.);
#919=ORIENTED_EDGE('',*,*,#2117,.F.);
#920=ORIENTED_EDGE('',*,*,#2266,.T.);
#921=ORIENTED_EDGE('',*,*,#2127,.F.);
#922=ORIENTED_EDGE('',*,*,#2267,.T.);
#923=ORIENTED_EDGE('',*,*,#2121,.F.);
#924=ORIENTED_EDGE('',*,*,#2268,.T.);
#925=ORIENTED_EDGE('',*,*,#2131,.F.);
#926=ORIENTED_EDGE('',*,*,#2269,.T.);
#927=ORIENTED_EDGE('',*,*,#2125,.F.);
#928=ORIENTED_EDGE('',*,*,#2270,.T.);
#929=ORIENTED_EDGE('',*,*,#2135,.F.);
#930=ORIENTED_EDGE('',*,*,#2271,.T.);
#931=ORIENTED_EDGE('',*,*,#2129,.F.);
#932=ORIENTED_EDGE('',*,*,#2272,.T.);
#933=ORIENTED_EDGE('',*,*,#2139,.F.);
#934=ORIENTED_EDGE('',*,*,#2273,.T.);
#935=ORIENTED_EDGE('',*,*,#2133,.F.);
#936=ORIENTED_EDGE('',*,*,#2274,.T.);
#937=ORIENTED_EDGE('',*,*,#2143,.F.);
#938=ORIENTED_EDGE('',*,*,#2275,.T.);
#939=ORIENTED_EDGE('',*,*,#2137,.F.);
#940=ORIENTED_EDGE('',*,*,#2276,.T.);
#941=ORIENTED_EDGE('',*,*,#2147,.F.);
#942=ORIENTED_EDGE('',*,*,#2277,.T.);
#943=ORIENTED_EDGE('',*,*,#2141,.F.);
#944=ORIENTED_EDGE('',*,*,#2278,.T.);
#945=ORIENTED_EDGE('',*,*,#2151,.F.);
#946=ORIENTED_EDGE('',*,*,#2279,.T.);
#947=ORIENTED_EDGE('',*,*,#2145,.F.);
#948=ORIENTED_EDGE('',*,*,#2280,.T.);
#949=ORIENTED_EDGE('',*,*,#2155,.F.);
#950=ORIENTED_EDGE('',*,*,#2281,.T.);
#951=ORIENTED_EDGE('',*,*,#2149,.F.);
#952=ORIENTED_EDGE('',*,*,#2282,.T.);
#953=ORIENTED_EDGE('',*,*,#2159,.F.);
#954=ORIENTED_EDGE('',*,*,#2283,.T.);
#955=ORIENTED_EDGE('',*,*,#2153,.F.);
#956=ORIENTED_EDGE('',*,*,#2284,.T.);
#957=ORIENTED_EDGE('',*,*,#2163,.F.);
#958=ORIENTED_EDGE('',*,*,#2285,.T.);
#959=ORIENTED_EDGE('',*,*,#2157,.F.);
#960=ORIENTED_EDGE('',*,*,#2286,.T.);
#961=ORIENTED_EDGE('',*,*,#2167,.F.);
#962=ORIENTED_EDGE('',*,*,#2287,.T.);
#963=ORIENTED_EDGE('',*,*,#2161,.F.);
#964=ORIENTED_EDGE('',*,*,#2288,.T.);
#965=ORIENTED_EDGE('',*,*,#2171,.F.);
#966=ORIENTED_EDGE('',*,*,#2289,.T.);
#967=ORIENTED_EDGE('',*,*,#2165,.F.);
#968=ORIENTED_EDGE('',*,*,#2290,.T.);
#969=ORIENTED_EDGE('',*,*,#2179,.F.);
#970=ORIENTED_EDGE('',*,*,#2291,.T.);
#971=ORIENTED_EDGE('',*,*,#2173,.F.);
#972=ORIENTED_EDGE('',*,*,#2292,.T.);
#973=ORIENTED_EDGE('',*,*,#2175,.F.);
#974=ORIENTED_EDGE('',*,*,#2293,.T.);
#975=ORIENTED_EDGE('',*,*,#2169,.F.);
#976=ORIENTED_EDGE('',*,*,#2294,.T.);
#977=ORIENTED_EDGE('',*,*,#2183,.F.);
#978=ORIENTED_EDGE('',*,*,#2295,.T.);
#979=ORIENTED_EDGE('',*,*,#2177,.F.);
#980=ORIENTED_EDGE('',*,*,#2296,.T.);
#981=ORIENTED_EDGE('',*,*,#2297,.T.);
#982=ORIENTED_EDGE('',*,*,#2298,.T.);
#983=ORIENTED_EDGE('',*,*,#2299,.T.);
#984=ORIENTED_EDGE('',*,*,#2300,.T.);
#985=ORIENTED_EDGE('',*,*,#2301,.T.);
#986=ORIENTED_EDGE('',*,*,#2302,.T.);
#987=ORIENTED_EDGE('',*,*,#2303,.T.);
#988=ORIENTED_EDGE('',*,*,#2304,.T.);
#989=ORIENTED_EDGE('',*,*,#2305,.T.);
#990=ORIENTED_EDGE('',*,*,#2306,.T.);
#991=ORIENTED_EDGE('',*,*,#2307,.T.);
#992=ORIENTED_EDGE('',*,*,#2308,.T.);
#993=ORIENTED_EDGE('',*,*,#2309,.T.);
#994=ORIENTED_EDGE('',*,*,#2310,.T.);
#995=ORIENTED_EDGE('',*,*,#2311,.T.);
#996=ORIENTED_EDGE('',*,*,#2312,.T.);
#997=ORIENTED_EDGE('',*,*,#2313,.T.);
#998=ORIENTED_EDGE('',*,*,#2314,.T.);
#999=ORIENTED_EDGE('',*,*,#2315,.T.);
#1000=ORIENTED_EDGE('',*,*,#2316,.T.);
#1001=ORIENTED_EDGE('',*,*,#2317,.T.);
#1002=ORIENTED_EDGE('',*,*,#2318,.T.);
#1003=ORIENTED_EDGE('',*,*,#2319,.T.);
#1004=ORIENTED_EDGE('',*,*,#2320,.T.);
#1005=ORIENTED_EDGE('',*,*,#2321,.T.);
#1006=ORIENTED_EDGE('',*,*,#2322,.T.);
#1007=ORIENTED_EDGE('',*,*,#2323,.T.);
#1008=ORIENTED_EDGE('',*,*,#2324,.T.);
#1009=ORIENTED_EDGE('',*,*,#2325,.T.);
#1010=ORIENTED_EDGE('',*,*,#2326,.T.);
#1011=ORIENTED_EDGE('',*,*,#2327,.T.);
#1012=ORIENTED_EDGE('',*,*,#2328,.T.);
#1013=ORIENTED_EDGE('',*,*,#2329,.T.);
#1014=ORIENTED_EDGE('',*,*,#2330,.T.);
#1015=ORIENTED_EDGE('',*,*,#2331,.T.);
#1016=ORIENTED_EDGE('',*,*,#2332,.T.);
#1017=ORIENTED_EDGE('',*,*,#2333,.T.);
#1018=ORIENTED_EDGE('',*,*,#2334,.T.);
#1019=ORIENTED_EDGE('',*,*,#2335,.T.);
#1020=ORIENTED_EDGE('',*,*,#2336,.T.);
#1021=ORIENTED_EDGE('',*,*,#2337,.T.);
#1022=ORIENTED_EDGE('',*,*,#2338,.T.);
#1023=ORIENTED_EDGE('',*,*,#2339,.T.);
#1024=ORIENTED_EDGE('',*,*,#2340,.T.);
#1025=ORIENTED_EDGE('',*,*,#2341,.T.);
#1026=ORIENTED_EDGE('',*,*,#2342,.T.);
#1027=ORIENTED_EDGE('',*,*,#2343,.T.);
#1028=ORIENTED_EDGE('',*,*,#2344,.T.);
#1029=ORIENTED_EDGE('',*,*,#2345,.T.);
#1030=ORIENTED_EDGE('',*,*,#2346,.T.);
#1031=ORIENTED_EDGE('',*,*,#2347,.T.);
#1032=ORIENTED_EDGE('',*,*,#2348,.T.);
#1033=ORIENTED_EDGE('',*,*,#2349,.T.);
#1034=ORIENTED_EDGE('',*,*,#2350,.T.);
#1035=ORIENTED_EDGE('',*,*,#2351,.T.);
#1036=ORIENTED_EDGE('',*,*,#2352,.T.);
#1037=ORIENTED_EDGE('',*,*,#2353,.T.);
#1038=ORIENTED_EDGE('',*,*,#2354,.T.);
#1039=ORIENTED_EDGE('',*,*,#2355,.T.);
#1040=ORIENTED_EDGE('',*,*,#2356,.T.);
#1041=ORIENTED_EDGE('',*,*,#2357,.T.);
#1042=ORIENTED_EDGE('',*,*,#2358,.T.);
#1043=ORIENTED_EDGE('',*,*,#2359,.T.);
#1044=ORIENTED_EDGE('',*,*,#2360,.T.);
#1045=ORIENTED_EDGE('',*,*,#2361,.T.);
#1046=ORIENTED_EDGE('',*,*,#2362,.T.);
#1047=ORIENTED_EDGE('',*,*,#2363,.T.);
#1048=ORIENTED_EDGE('',*,*,#2364,.T.);
#1049=ORIENTED_EDGE('',*,*,#2365,.T.);
#1050=ORIENTED_EDGE('',*,*,#2366,.T.);
#1051=ORIENTED_EDGE('',*,*,#2367,.T.);
#1052=ORIENTED_EDGE('',*,*,#2368,.T.);
#1053=ORIENTED_EDGE('',*,*,#2369,.T.);
#1054=ORIENTED_EDGE('',*,*,#2370,.T.);
#1055=ORIENTED_EDGE('',*,*,#2371,.T.);
#1056=ORIENTED_EDGE('',*,*,#2372,.T.);
#1057=ORIENTED_EDGE('',*,*,#2373,.T.);
#1058=ORIENTED_EDGE('',*,*,#2374,.T.);
#1059=ORIENTED_EDGE('',*,*,#2375,.T.);
#1060=ORIENTED_EDGE('',*,*,#2376,.T.);
#1061=ORIENTED_EDGE('',*,*,#2377,.T.);
#1062=ORIENTED_EDGE('',*,*,#2378,.T.);
#1063=ORIENTED_EDGE('',*,*,#2379,.T.);
#1064=ORIENTED_EDGE('',*,*,#2380,.T.);
#1065=ORIENTED_EDGE('',*,*,#2381,.T.);
#1066=ORIENTED_EDGE('',*,*,#2382,.T.);
#1067=ORIENTED_EDGE('',*,*,#2383,.T.);
#1068=ORIENTED_EDGE('',*,*,#2384,.T.);
#1069=ORIENTED_EDGE('',*,*,#2385,.T.);
#1070=ORIENTED_EDGE('',*,*,#2386,.T.);
#1071=ORIENTED_EDGE('',*,*,#2387,.T.);
#1072=ORIENTED_EDGE('',*,*,#2388,.T.);
#1073=ORIENTED_EDGE('',*,*,#2389,.T.);
#1074=ORIENTED_EDGE('',*,*,#2390,.T.);
#1075=ORIENTED_EDGE('',*,*,#2391,.T.);
#1076=ORIENTED_EDGE('',*,*,#2392,.T.);
#1077=ORIENTED_EDGE('',*,*,#2393,.T.);
#1078=ORIENTED_EDGE('',*,*,#2394,.T.);
#1079=ORIENTED_EDGE('',*,*,#2395,.T.);
#1080=ORIENTED_EDGE('',*,*,#2396,.T.);
#1081=ORIENTED_EDGE('',*,*,#2397,.T.);
#1082=ORIENTED_EDGE('',*,*,#2398,.T.);
#1083=ORIENTED_EDGE('',*,*,#2399,.T.);
#1084=ORIENTED_EDGE('',*,*,#2400,.T.);
#1085=ORIENTED_EDGE('',*,*,#2401,.T.);
#1086=ORIENTED_EDGE('',*,*,#2402,.T.);
#1087=ORIENTED_EDGE('',*,*,#2403,.T.);
#1088=ORIENTED_EDGE('',*,*,#2404,.T.);
#1089=ORIENTED_EDGE('',*,*,#2405,.T.);
#1090=ORIENTED_EDGE('',*,*,#2406,.T.);
#1091=ORIENTED_EDGE('',*,*,#2407,.T.);
#1092=ORIENTED_EDGE('',*,*,#2408,.T.);
#1093=ORIENTED_EDGE('',*,*,#2409,.T.);
#1094=ORIENTED_EDGE('',*,*,#2410,.T.);
#1095=ORIENTED_EDGE('',*,*,#2411,.T.);
#1096=ORIENTED_EDGE('',*,*,#2412,.T.);
#1097=ORIENTED_EDGE('',*,*,#2413,.T.);
#1098=ORIENTED_EDGE('',*,*,#2414,.T.);
#1099=ORIENTED_EDGE('',*,*,#2415,.T.);
#1100=ORIENTED_EDGE('',*,*,#2416,.T.);
#1101=ORIENTED_EDGE('',*,*,#2417,.T.);
#1102=ORIENTED_EDGE('',*,*,#2418,.T.);
#1103=ORIENTED_EDGE('',*,*,#2419,.T.);
#1104=ORIENTED_EDGE('',*,*,#2420,.T.);
#1105=ORIENTED_EDGE('',*,*,#2421,.T.);
#1106=ORIENTED_EDGE('',*,*,#2422,.T.);
#1107=ORIENTED_EDGE('',*,*,#2423,.T.);
#1108=ORIENTED_EDGE('',*,*,#2424,.T.);
#1109=ORIENTED_EDGE('',*,*,#2425,.T.);
#1110=ORIENTED_EDGE('',*,*,#2426,.T.);
#1111=ORIENTED_EDGE('',*,*,#2427,.T.);
#1112=ORIENTED_EDGE('',*,*,#2428,.T.);
#1113=ORIENTED_EDGE('',*,*,#2429,.T.);
#1114=ORIENTED_EDGE('',*,*,#2430,.T.);
#1115=ORIENTED_EDGE('',*,*,#2431,.T.);
#1116=ORIENTED_EDGE('',*,*,#2432,.T.);
#1117=ORIENTED_EDGE('',*,*,#2433,.T.);
#1118=ORIENTED_EDGE('',*,*,#2434,.T.);
#1119=ORIENTED_EDGE('',*,*,#2435,.T.);
#1120=ORIENTED_EDGE('',*,*,#2436,.T.);
#1121=ORIENTED_EDGE('',*,*,#2437,.T.);
#1122=ORIENTED_EDGE('',*,*,#2438,.T.);
#1123=ORIENTED_EDGE('',*,*,#2439,.T.);
#1124=ORIENTED_EDGE('',*,*,#2440,.T.);
#1125=ORIENTED_EDGE('',*,*,#2441,.T.);
#1126=ORIENTED_EDGE('',*,*,#2442,.T.);
#1127=ORIENTED_EDGE('',*,*,#2443,.T.);
#1128=ORIENTED_EDGE('',*,*,#2444,.T.);
#1129=ORIENTED_EDGE('',*,*,#2445,.T.);
#1130=ORIENTED_EDGE('',*,*,#2446,.T.);
#1131=ORIENTED_EDGE('',*,*,#2447,.T.);
#1132=ORIENTED_EDGE('',*,*,#2448,.T.);
#1133=ORIENTED_EDGE('',*,*,#2449,.T.);
#1134=ORIENTED_EDGE('',*,*,#2450,.T.);
#1135=ORIENTED_EDGE('',*,*,#2451,.T.);
#1136=ORIENTED_EDGE('',*,*,#2452,.T.);
#1137=ORIENTED_EDGE('',*,*,#2453,.T.);
#1138=ORIENTED_EDGE('',*,*,#2454,.T.);
#1139=ORIENTED_EDGE('',*,*,#2455,.T.);
#1140=ORIENTED_EDGE('',*,*,#2456,.T.);
#1141=ORIENTED_EDGE('',*,*,#2457,.T.);
#1142=ORIENTED_EDGE('',*,*,#2458,.T.);
#1143=ORIENTED_EDGE('',*,*,#2459,.T.);
#1144=ORIENTED_EDGE('',*,*,#2460,.T.);
#1145=ORIENTED_EDGE('',*,*,#2461,.T.);
#1146=ORIENTED_EDGE('',*,*,#2462,.T.);
#1147=ORIENTED_EDGE('',*,*,#2463,.T.);
#1148=ORIENTED_EDGE('',*,*,#2464,.T.);
#1149=ORIENTED_EDGE('',*,*,#2465,.T.);
#1150=ORIENTED_EDGE('',*,*,#2466,.T.);
#1151=ORIENTED_EDGE('',*,*,#2467,.T.);
#1152=ORIENTED_EDGE('',*,*,#2468,.T.);
#1153=ORIENTED_EDGE('',*,*,#2469,.T.);
#1154=ORIENTED_EDGE('',*,*,#2470,.T.);
#1155=ORIENTED_EDGE('',*,*,#2471,.T.);
#1156=ORIENTED_EDGE('',*,*,#2472,.T.);
#1157=ORIENTED_EDGE('',*,*,#2473,.T.);
#1158=ORIENTED_EDGE('',*,*,#2474,.T.);
#1159=ORIENTED_EDGE('',*,*,#2475,.T.);
#1160=ORIENTED_EDGE('',*,*,#2476,.T.);
#1161=ORIENTED_EDGE('',*,*,#2477,.T.);
#1162=ORIENTED_EDGE('',*,*,#2478,.T.);
#1163=ORIENTED_EDGE('',*,*,#2479,.T.);
#1164=ORIENTED_EDGE('',*,*,#2480,.T.);
#1165=ORIENTED_EDGE('',*,*,#2481,.T.);
#1166=ORIENTED_EDGE('',*,*,#2482,.T.);
#1167=ORIENTED_EDGE('',*,*,#2483,.T.);
#1168=ORIENTED_EDGE('',*,*,#2484,.T.);
#1169=ORIENTED_EDGE('',*,*,#2485,.T.);
#1170=ORIENTED_EDGE('',*,*,#2486,.T.);
#1171=ORIENTED_EDGE('',*,*,#2487,.T.);
#1172=ORIENTED_EDGE('',*,*,#2488,.T.);
#1173=ORIENTED_EDGE('',*,*,#2489,.T.);
#1174=ORIENTED_EDGE('',*,*,#2490,.T.);
#1175=ORIENTED_EDGE('',*,*,#2491,.T.);
#1176=ORIENTED_EDGE('',*,*,#2492,.T.);
#1177=ORIENTED_EDGE('',*,*,#2493,.T.);
#1178=ORIENTED_EDGE('',*,*,#2494,.T.);
#1179=ORIENTED_EDGE('',*,*,#2495,.T.);
#1180=ORIENTED_EDGE('',*,*,#2496,.T.);
#1181=ORIENTED_EDGE('',*,*,#2497,.T.);
#1182=ORIENTED_EDGE('',*,*,#2498,.T.);
#1183=ORIENTED_EDGE('',*,*,#2499,.T.);
#1184=ORIENTED_EDGE('',*,*,#2500,.T.);
#1185=ORIENTED_EDGE('',*,*,#2501,.T.);
#1186=ORIENTED_EDGE('',*,*,#2502,.T.);
#1187=ORIENTED_EDGE('',*,*,#2503,.T.);
#1188=ORIENTED_EDGE('',*,*,#2504,.T.);
#1189=ORIENTED_EDGE('',*,*,#2505,.T.);
#1190=ORIENTED_EDGE('',*,*,#2506,.T.);
#1191=ORIENTED_EDGE('',*,*,#2507,.T.);
#1192=ORIENTED_EDGE('',*,*,#2508,.T.);
#1193=ORIENTED_EDGE('',*,*,#2509,.T.);
#1194=ORIENTED_EDGE('',*,*,#2510,.T.);
#1195=ORIENTED_EDGE('',*,*,#2511,.T.);
#1196=ORIENTED_EDGE('',*,*,#2512,.T.);
#1197=ORIENTED_EDGE('',*,*,#2513,.T.);
#1198=ORIENTED_EDGE('',*,*,#2514,.T.);
#1199=ORIENTED_EDGE('',*,*,#2515,.T.);
#1200=ORIENTED_EDGE('',*,*,#2516,.T.);
#1201=ORIENTED_EDGE('',*,*,#2517,.T.);
#1202=ORIENTED_EDGE('',*,*,#2518,.T.);
#1203=ORIENTED_EDGE('',*,*,#2519,.T.);
#1204=ORIENTED_EDGE('',*,*,#2520,.T.);
#1205=ORIENTED_EDGE('',*,*,#2521,.T.);
#1206=ORIENTED_EDGE('',*,*,#2522,.T.);
#1207=ORIENTED_EDGE('',*,*,#2523,.T.);
#1208=ORIENTED_EDGE('',*,*,#2524,.T.);
#1209=ORIENTED_EDGE('',*,*,#2525,.T.);
#1210=ORIENTED_EDGE('',*,*,#2526,.T.);
#1211=ORIENTED_EDGE('',*,*,#2527,.T.);
#1212=ORIENTED_EDGE('',*,*,#2528,.T.);
#1213=ORIENTED_EDGE('',*,*,#2529,.T.);
#1214=ORIENTED_EDGE('',*,*,#2530,.T.);
#1215=ORIENTED_EDGE('',*,*,#2531,.T.);
#1216=ORIENTED_EDGE('',*,*,#2532,.T.);
#1217=ORIENTED_EDGE('',*,*,#2533,.T.);
#1218=ORIENTED_EDGE('',*,*,#2534,.T.);
#1219=ORIENTED_EDGE('',*,*,#2535,.T.);
#1220=ORIENTED_EDGE('',*,*,#2536,.T.);
#1221=ORIENTED_EDGE('',*,*,#2537,.T.);
#1222=ORIENTED_EDGE('',*,*,#2411,.F.);
#1223=ORIENTED_EDGE('',*,*,#2538,.T.);
#1224=ORIENTED_EDGE('',*,*,#2405,.F.);
#1225=ORIENTED_EDGE('',*,*,#2539,.T.);
#1226=ORIENTED_EDGE('',*,*,#2407,.F.);
#1227=ORIENTED_EDGE('',*,*,#2540,.T.);
#1228=ORIENTED_EDGE('',*,*,#2401,.F.);
#1229=ORIENTED_EDGE('',*,*,#2541,.T.);
#1230=ORIENTED_EDGE('',*,*,#2403,.F.);
#1231=ORIENTED_EDGE('',*,*,#2542,.T.);
#1232=ORIENTED_EDGE('',*,*,#2397,.F.);
#1233=ORIENTED_EDGE('',*,*,#2543,.T.);
#1234=ORIENTED_EDGE('',*,*,#2399,.F.);
#1235=ORIENTED_EDGE('',*,*,#2544,.T.);
#1236=ORIENTED_EDGE('',*,*,#2393,.F.);
#1237=ORIENTED_EDGE('',*,*,#2545,.T.);
#1238=ORIENTED_EDGE('',*,*,#2395,.F.);
#1239=ORIENTED_EDGE('',*,*,#2546,.T.);
#1240=ORIENTED_EDGE('',*,*,#2485,.F.);
#1241=ORIENTED_EDGE('',*,*,#2547,.T.);
#1242=ORIENTED_EDGE('',*,*,#2487,.F.);
#1243=ORIENTED_EDGE('',*,*,#2548,.T.);
#1244=ORIENTED_EDGE('',*,*,#2481,.F.);
#1245=ORIENTED_EDGE('',*,*,#2549,.T.);
#1246=ORIENTED_EDGE('',*,*,#2483,.F.);
#1247=ORIENTED_EDGE('',*,*,#2550,.T.);
#1248=ORIENTED_EDGE('',*,*,#2477,.F.);
#1249=ORIENTED_EDGE('',*,*,#2551,.T.);
#1250=ORIENTED_EDGE('',*,*,#2479,.F.);
#1251=ORIENTED_EDGE('',*,*,#2552,.T.);
#1252=ORIENTED_EDGE('',*,*,#2473,.F.);
#1253=ORIENTED_EDGE('',*,*,#2553,.T.);
#1254=ORIENTED_EDGE('',*,*,#2475,.F.);
#1255=ORIENTED_EDGE('',*,*,#2554,.T.);
#1256=ORIENTED_EDGE('',*,*,#2469,.F.);
#1257=ORIENTED_EDGE('',*,*,#2555,.T.);
#1258=ORIENTED_EDGE('',*,*,#2471,.F.);
#1259=ORIENTED_EDGE('',*,*,#2556,.T.);
#1260=ORIENTED_EDGE('',*,*,#2465,.F.);
#1261=ORIENTED_EDGE('',*,*,#2557,.T.);
#1262=ORIENTED_EDGE('',*,*,#2467,.F.);
#1263=ORIENTED_EDGE('',*,*,#2558,.T.);
#1264=ORIENTED_EDGE('',*,*,#2461,.F.);
#1265=ORIENTED_EDGE('',*,*,#2559,.T.);
#1266=ORIENTED_EDGE('',*,*,#2463,.F.);
#1267=ORIENTED_EDGE('',*,*,#2560,.T.);
#1268=ORIENTED_EDGE('',*,*,#2457,.F.);
#1269=ORIENTED_EDGE('',*,*,#2561,.T.);
#1270=ORIENTED_EDGE('',*,*,#2459,.F.);
#1271=ORIENTED_EDGE('',*,*,#2562,.T.);
#1272=ORIENTED_EDGE('',*,*,#2453,.F.);
#1273=ORIENTED_EDGE('',*,*,#2563,.T.);
#1274=ORIENTED_EDGE('',*,*,#2455,.F.);
#1275=ORIENTED_EDGE('',*,*,#2564,.T.);
#1276=ORIENTED_EDGE('',*,*,#2449,.F.);
#1277=ORIENTED_EDGE('',*,*,#2565,.T.);
#1278=ORIENTED_EDGE('',*,*,#2451,.F.);
#1279=ORIENTED_EDGE('',*,*,#2566,.T.);
#1280=ORIENTED_EDGE('',*,*,#2445,.F.);
#1281=ORIENTED_EDGE('',*,*,#2567,.T.);
#1282=ORIENTED_EDGE('',*,*,#2447,.F.);
#1283=ORIENTED_EDGE('',*,*,#2568,.T.);
#1284=ORIENTED_EDGE('',*,*,#2441,.F.);
#1285=ORIENTED_EDGE('',*,*,#2569,.T.);
#1286=ORIENTED_EDGE('',*,*,#2443,.F.);
#1287=ORIENTED_EDGE('',*,*,#2570,.T.);
#1288=ORIENTED_EDGE('',*,*,#2437,.F.);
#1289=ORIENTED_EDGE('',*,*,#2571,.T.);
#1290=ORIENTED_EDGE('',*,*,#2439,.F.);
#1291=ORIENTED_EDGE('',*,*,#2572,.T.);
#1292=ORIENTED_EDGE('',*,*,#2433,.F.);
#1293=ORIENTED_EDGE('',*,*,#2573,.T.);
#1294=ORIENTED_EDGE('',*,*,#2435,.F.);
#1295=ORIENTED_EDGE('',*,*,#2574,.T.);
#1296=ORIENTED_EDGE('',*,*,#2429,.F.);
#1297=ORIENTED_EDGE('',*,*,#2575,.T.);
#1298=ORIENTED_EDGE('',*,*,#2431,.F.);
#1299=ORIENTED_EDGE('',*,*,#2576,.T.);
#1300=ORIENTED_EDGE('',*,*,#2425,.F.);
#1301=ORIENTED_EDGE('',*,*,#2577,.T.);
#1302=ORIENTED_EDGE('',*,*,#2427,.F.);
#1303=ORIENTED_EDGE('',*,*,#2578,.T.);
#1304=ORIENTED_EDGE('',*,*,#2421,.F.);
#1305=ORIENTED_EDGE('',*,*,#2579,.T.);
#1306=ORIENTED_EDGE('',*,*,#2423,.F.);
#1307=ORIENTED_EDGE('',*,*,#2580,.T.);
#1308=ORIENTED_EDGE('',*,*,#2417,.F.);
#1309=ORIENTED_EDGE('',*,*,#2581,.T.);
#1310=ORIENTED_EDGE('',*,*,#2419,.F.);
#1311=ORIENTED_EDGE('',*,*,#2582,.T.);
#1312=ORIENTED_EDGE('',*,*,#2413,.F.);
#1313=ORIENTED_EDGE('',*,*,#2583,.T.);
#1314=ORIENTED_EDGE('',*,*,#2415,.F.);
#1315=ORIENTED_EDGE('',*,*,#2584,.T.);
#1316=ORIENTED_EDGE('',*,*,#2409,.F.);
#1317=ORIENTED_EDGE('',*,*,#2585,.T.);
#1318=ORIENTED_EDGE('',*,*,#2586,.F.);
#1319=ORIENTED_EDGE('',*,*,#2472,.F.);
#1320=ORIENTED_EDGE('',*,*,#2587,.F.);
#1321=ORIENTED_EDGE('',*,*,#2337,.F.);
#1322=ORIENTED_EDGE('',*,*,#2587,.T.);
#1323=ORIENTED_EDGE('',*,*,#2557,.F.);
#1324=ORIENTED_EDGE('',*,*,#2588,.F.);
#1325=ORIENTED_EDGE('',*,*,#2338,.F.);
#1326=ORIENTED_EDGE('',*,*,#2586,.T.);
#1327=ORIENTED_EDGE('',*,*,#2336,.F.);
#1328=ORIENTED_EDGE('',*,*,#2589,.F.);
#1329=ORIENTED_EDGE('',*,*,#2555,.F.);
#1330=ORIENTED_EDGE('',*,*,#2588,.T.);
#1331=ORIENTED_EDGE('',*,*,#2468,.F.);
#1332=ORIENTED_EDGE('',*,*,#2590,.F.);
#1333=ORIENTED_EDGE('',*,*,#2339,.F.);
#1334=ORIENTED_EDGE('',*,*,#2589,.T.);
#1335=ORIENTED_EDGE('',*,*,#2335,.F.);
#1336=ORIENTED_EDGE('',*,*,#2591,.F.);
#1337=ORIENTED_EDGE('',*,*,#2476,.F.);
#1338=ORIENTED_EDGE('',*,*,#2590,.T.);
#1339=ORIENTED_EDGE('',*,*,#2559,.F.);
#1340=ORIENTED_EDGE('',*,*,#2592,.F.);
#1341=ORIENTED_EDGE('',*,*,#2340,.F.);
#1342=ORIENTED_EDGE('',*,*,#2591,.T.);
#1343=ORIENTED_EDGE('',*,*,#2334,.F.);
#1344=ORIENTED_EDGE('',*,*,#2593,.F.);
#1345=ORIENTED_EDGE('',*,*,#2553,.F.);
#1346=ORIENTED_EDGE('',*,*,#2592,.T.);
#1347=ORIENTED_EDGE('',*,*,#2464,.F.);
#1348=ORIENTED_EDGE('',*,*,#2594,.F.);
#1349=ORIENTED_EDGE('',*,*,#2341,.F.);
#1350=ORIENTED_EDGE('',*,*,#2593,.T.);
#1351=ORIENTED_EDGE('',*,*,#2333,.F.);
#1352=ORIENTED_EDGE('',*,*,#2595,.F.);
#1353=ORIENTED_EDGE('',*,*,#2480,.F.);
#1354=ORIENTED_EDGE('',*,*,#2594,.T.);
#1355=ORIENTED_EDGE('',*,*,#2561,.F.);
#1356=ORIENTED_EDGE('',*,*,#2596,.F.);
#1357=ORIENTED_EDGE('',*,*,#2342,.F.);
#1358=ORIENTED_EDGE('',*,*,#2595,.T.);
#1359=ORIENTED_EDGE('',*,*,#2332,.F.);
#1360=ORIENTED_EDGE('',*,*,#2597,.F.);
#1361=ORIENTED_EDGE('',*,*,#2551,.F.);
#1362=ORIENTED_EDGE('',*,*,#2596,.T.);
#1363=ORIENTED_EDGE('',*,*,#2460,.F.);
#1364=ORIENTED_EDGE('',*,*,#2598,.F.);
#1365=ORIENTED_EDGE('',*,*,#2343,.F.);
#1366=ORIENTED_EDGE('',*,*,#2597,.T.);
#1367=ORIENTED_EDGE('',*,*,#2331,.F.);
#1368=ORIENTED_EDGE('',*,*,#2599,.F.);
#1369=ORIENTED_EDGE('',*,*,#2484,.F.);
#1370=ORIENTED_EDGE('',*,*,#2598,.T.);
#1371=ORIENTED_EDGE('',*,*,#2563,.F.);
#1372=ORIENTED_EDGE('',*,*,#2600,.F.);
#1373=ORIENTED_EDGE('',*,*,#2344,.F.);
#1374=ORIENTED_EDGE('',*,*,#2599,.T.);
#1375=ORIENTED_EDGE('',*,*,#2330,.F.);
#1376=ORIENTED_EDGE('',*,*,#2601,.F.);
#1377=ORIENTED_EDGE('',*,*,#2549,.F.);
#1378=ORIENTED_EDGE('',*,*,#2600,.T.);
#1379=ORIENTED_EDGE('',*,*,#2456,.F.);
#1380=ORIENTED_EDGE('',*,*,#2602,.F.);
#1381=ORIENTED_EDGE('',*,*,#2297,.F.);
#1382=ORIENTED_EDGE('',*,*,#2601,.T.);
#1383=ORIENTED_EDGE('',*,*,#2329,.F.);
#1384=ORIENTED_EDGE('',*,*,#2603,.F.);
#1385=ORIENTED_EDGE('',*,*,#2488,.F.);
#1386=ORIENTED_EDGE('',*,*,#2602,.T.);
#1387=ORIENTED_EDGE('',*,*,#2565,.F.);
#1388=ORIENTED_EDGE('',*,*,#2604,.F.);
#1389=ORIENTED_EDGE('',*,*,#2298,.F.);
#1390=ORIENTED_EDGE('',*,*,#2603,.T.);
#1391=ORIENTED_EDGE('',*,*,#2328,.F.);
#1392=ORIENTED_EDGE('',*,*,#2605,.F.);
#1393=ORIENTED_EDGE('',*,*,#2547,.F.);
#1394=ORIENTED_EDGE('',*,*,#2604,.T.);
#1395=ORIENTED_EDGE('',*,*,#2452,.F.);
#1396=ORIENTED_EDGE('',*,*,#2606,.F.);
#1397=ORIENTED_EDGE('',*,*,#2299,.F.);
#1398=ORIENTED_EDGE('',*,*,#2605,.T.);
#1399=ORIENTED_EDGE('',*,*,#2327,.F.);
#1400=ORIENTED_EDGE('',*,*,#2607,.F.);
#1401=ORIENTED_EDGE('',*,*,#2396,.F.);
#1402=ORIENTED_EDGE('',*,*,#2606,.T.);
#1403=ORIENTED_EDGE('',*,*,#2567,.F.);
#1404=ORIENTED_EDGE('',*,*,#2608,.F.);
#1405=ORIENTED_EDGE('',*,*,#2300,.F.);
#1406=ORIENTED_EDGE('',*,*,#2607,.T.);
#1407=ORIENTED_EDGE('',*,*,#2326,.F.);
#1408=ORIENTED_EDGE('',*,*,#2609,.F.);
#1409=ORIENTED_EDGE('',*,*,#2545,.F.);
#1410=ORIENTED_EDGE('',*,*,#2608,.T.);
#1411=ORIENTED_EDGE('',*,*,#2448,.F.);
#1412=ORIENTED_EDGE('',*,*,#2610,.F.);
#1413=ORIENTED_EDGE('',*,*,#2301,.F.);
#1414=ORIENTED_EDGE('',*,*,#2609,.T.);
#1415=ORIENTED_EDGE('',*,*,#2325,.F.);
#1416=ORIENTED_EDGE('',*,*,#2611,.F.);
#1417=ORIENTED_EDGE('',*,*,#2400,.F.);
#1418=ORIENTED_EDGE('',*,*,#2610,.T.);
#1419=ORIENTED_EDGE('',*,*,#2569,.F.);
#1420=ORIENTED_EDGE('',*,*,#2612,.F.);
#1421=ORIENTED_EDGE('',*,*,#2302,.F.);
#1422=ORIENTED_EDGE('',*,*,#2611,.T.);
#1423=ORIENTED_EDGE('',*,*,#2324,.F.);
#1424=ORIENTED_EDGE('',*,*,#2613,.F.);
#1425=ORIENTED_EDGE('',*,*,#2543,.F.);
#1426=ORIENTED_EDGE('',*,*,#2612,.T.);
#1427=ORIENTED_EDGE('',*,*,#2444,.F.);
#1428=ORIENTED_EDGE('',*,*,#2614,.F.);
#1429=ORIENTED_EDGE('',*,*,#2303,.F.);
#1430=ORIENTED_EDGE('',*,*,#2613,.T.);
#1431=ORIENTED_EDGE('',*,*,#2323,.F.);
#1432=ORIENTED_EDGE('',*,*,#2615,.F.);
#1433=ORIENTED_EDGE('',*,*,#2404,.F.);
#1434=ORIENTED_EDGE('',*,*,#2614,.T.);
#1435=ORIENTED_EDGE('',*,*,#2571,.F.);
#1436=ORIENTED_EDGE('',*,*,#2616,.F.);
#1437=ORIENTED_EDGE('',*,*,#2304,.F.);
#1438=ORIENTED_EDGE('',*,*,#2615,.T.);
#1439=ORIENTED_EDGE('',*,*,#2322,.F.);
#1440=ORIENTED_EDGE('',*,*,#2617,.F.);
#1441=ORIENTED_EDGE('',*,*,#2541,.F.);
#1442=ORIENTED_EDGE('',*,*,#2616,.T.);
#1443=ORIENTED_EDGE('',*,*,#2440,.F.);
#1444=ORIENTED_EDGE('',*,*,#2618,.F.);
#1445=ORIENTED_EDGE('',*,*,#2305,.F.);
#1446=ORIENTED_EDGE('',*,*,#2617,.T.);
#1447=ORIENTED_EDGE('',*,*,#2321,.F.);
#1448=ORIENTED_EDGE('',*,*,#2619,.F.);
#1449=ORIENTED_EDGE('',*,*,#2408,.F.);
#1450=ORIENTED_EDGE('',*,*,#2618,.T.);
#1451=ORIENTED_EDGE('',*,*,#2573,.F.);
#1452=ORIENTED_EDGE('',*,*,#2620,.F.);
#1453=ORIENTED_EDGE('',*,*,#2306,.F.);
#1454=ORIENTED_EDGE('',*,*,#2619,.T.);
#1455=ORIENTED_EDGE('',*,*,#2320,.F.);
#1456=ORIENTED_EDGE('',*,*,#2621,.F.);
#1457=ORIENTED_EDGE('',*,*,#2539,.F.);
#1458=ORIENTED_EDGE('',*,*,#2620,.T.);
#1459=ORIENTED_EDGE('',*,*,#2436,.F.);
#1460=ORIENTED_EDGE('',*,*,#2622,.F.);
#1461=ORIENTED_EDGE('',*,*,#2307,.F.);
#1462=ORIENTED_EDGE('',*,*,#2621,.T.);
#1463=ORIENTED_EDGE('',*,*,#2319,.F.);
#1464=ORIENTED_EDGE('',*,*,#2623,.F.);
#1465=ORIENTED_EDGE('',*,*,#2412,.F.);
#1466=ORIENTED_EDGE('',*,*,#2622,.T.);
#1467=ORIENTED_EDGE('',*,*,#2575,.F.);
#1468=ORIENTED_EDGE('',*,*,#2624,.F.);
#1469=ORIENTED_EDGE('',*,*,#2308,.F.);
#1470=ORIENTED_EDGE('',*,*,#2623,.T.);
#1471=ORIENTED_EDGE('',*,*,#2318,.F.);
#1472=ORIENTED_EDGE('',*,*,#2625,.F.);
#1473=ORIENTED_EDGE('',*,*,#2585,.F.);
#1474=ORIENTED_EDGE('',*,*,#2624,.T.);
#1475=ORIENTED_EDGE('',*,*,#2432,.F.);
#1476=ORIENTED_EDGE('',*,*,#2626,.F.);
#1477=ORIENTED_EDGE('',*,*,#2309,.F.);
#1478=ORIENTED_EDGE('',*,*,#2625,.T.);
#1479=ORIENTED_EDGE('',*,*,#2317,.F.);
#1480=ORIENTED_EDGE('',*,*,#2627,.F.);
#1481=ORIENTED_EDGE('',*,*,#2416,.F.);
#1482=ORIENTED_EDGE('',*,*,#2626,.T.);
#1483=ORIENTED_EDGE('',*,*,#2577,.F.);
#1484=ORIENTED_EDGE('',*,*,#2628,.F.);
#1485=ORIENTED_EDGE('',*,*,#2310,.F.);
#1486=ORIENTED_EDGE('',*,*,#2627,.T.);
#1487=ORIENTED_EDGE('',*,*,#2316,.F.);
#1488=ORIENTED_EDGE('',*,*,#2629,.F.);
#1489=ORIENTED_EDGE('',*,*,#2583,.F.);
#1490=ORIENTED_EDGE('',*,*,#2628,.T.);
#1491=ORIENTED_EDGE('',*,*,#2428,.F.);
#1492=ORIENTED_EDGE('',*,*,#2630,.F.);
#1493=ORIENTED_EDGE('',*,*,#2311,.F.);
#1494=ORIENTED_EDGE('',*,*,#2629,.T.);
#1495=ORIENTED_EDGE('',*,*,#2315,.F.);
#1496=ORIENTED_EDGE('',*,*,#2631,.F.);
#1497=ORIENTED_EDGE('',*,*,#2420,.F.);
#1498=ORIENTED_EDGE('',*,*,#2630,.T.);
#1499=ORIENTED_EDGE('',*,*,#2579,.F.);
#1500=ORIENTED_EDGE('',*,*,#2632,.F.);
#1501=ORIENTED_EDGE('',*,*,#2312,.F.);
#1502=ORIENTED_EDGE('',*,*,#2631,.T.);
#1503=ORIENTED_EDGE('',*,*,#2314,.F.);
#1504=ORIENTED_EDGE('',*,*,#2633,.F.);
#1505=ORIENTED_EDGE('',*,*,#2581,.F.);
#1506=ORIENTED_EDGE('',*,*,#2632,.T.);
#1507=ORIENTED_EDGE('',*,*,#2424,.F.);
#1508=ORIENTED_EDGE('',*,*,#2633,.T.);
#1509=ORIENTED_EDGE('',*,*,#2313,.F.);
#1510=ORIENTED_EDGE('',*,*,#2634,.F.);
#1511=ORIENTED_EDGE('',*,*,#2156,.F.);
#1512=ORIENTED_EDGE('',*,*,#2635,.F.);
#1513=ORIENTED_EDGE('',*,*,#2385,.F.);
#1514=ORIENTED_EDGE('',*,*,#2635,.T.);
#1515=ORIENTED_EDGE('',*,*,#2282,.F.);
#1516=ORIENTED_EDGE('',*,*,#2636,.F.);
#1517=ORIENTED_EDGE('',*,*,#2386,.F.);
#1518=ORIENTED_EDGE('',*,*,#2634,.T.);
#1519=ORIENTED_EDGE('',*,*,#2384,.F.);
#1520=ORIENTED_EDGE('',*,*,#2637,.F.);
#1521=ORIENTED_EDGE('',*,*,#2284,.F.);
#1522=ORIENTED_EDGE('',*,*,#2636,.T.);
#1523=ORIENTED_EDGE('',*,*,#2152,.F.);
#1524=ORIENTED_EDGE('',*,*,#2638,.F.);
#1525=ORIENTED_EDGE('',*,*,#2387,.F.);
#1526=ORIENTED_EDGE('',*,*,#2637,.T.);
#1527=ORIENTED_EDGE('',*,*,#2383,.F.);
#1528=ORIENTED_EDGE('',*,*,#2639,.F.);
#1529=ORIENTED_EDGE('',*,*,#2160,.F.);
#1530=ORIENTED_EDGE('',*,*,#2638,.T.);
#1531=ORIENTED_EDGE('',*,*,#2280,.F.);
#1532=ORIENTED_EDGE('',*,*,#2640,.F.);
#1533=ORIENTED_EDGE('',*,*,#2388,.F.);
#1534=ORIENTED_EDGE('',*,*,#2639,.T.);
#1535=ORIENTED_EDGE('',*,*,#2382,.F.);
#1536=ORIENTED_EDGE('',*,*,#2641,.F.);
#1537=ORIENTED_EDGE('',*,*,#2286,.F.);
#1538=ORIENTED_EDGE('',*,*,#2640,.T.);
#1539=ORIENTED_EDGE('',*,*,#2148,.F.);
#1540=ORIENTED_EDGE('',*,*,#2642,.F.);
#1541=ORIENTED_EDGE('',*,*,#2389,.F.);
#1542=ORIENTED_EDGE('',*,*,#2641,.T.);
#1543=ORIENTED_EDGE('',*,*,#2381,.F.);
#1544=ORIENTED_EDGE('',*,*,#2643,.F.);
#1545=ORIENTED_EDGE('',*,*,#2164,.F.);
#1546=ORIENTED_EDGE('',*,*,#2642,.T.);
#1547=ORIENTED_EDGE('',*,*,#2278,.F.);
#1548=ORIENTED_EDGE('',*,*,#2644,.F.);
#1549=ORIENTED_EDGE('',*,*,#2390,.F.);
#1550=ORIENTED_EDGE('',*,*,#2643,.T.);
#1551=ORIENTED_EDGE('',*,*,#2380,.F.);
#1552=ORIENTED_EDGE('',*,*,#2645,.F.);
#1553=ORIENTED_EDGE('',*,*,#2288,.F.);
#1554=ORIENTED_EDGE('',*,*,#2644,.T.);
#1555=ORIENTED_EDGE('',*,*,#2144,.F.);
#1556=ORIENTED_EDGE('',*,*,#2646,.F.);
#1557=ORIENTED_EDGE('',*,*,#2391,.F.);
#1558=ORIENTED_EDGE('',*,*,#2645,.T.);
#1559=ORIENTED_EDGE('',*,*,#2379,.F.);
#1560=ORIENTED_EDGE('',*,*,#2647,.F.);
#1561=ORIENTED_EDGE('',*,*,#2168,.F.);
#1562=ORIENTED_EDGE('',*,*,#2646,.T.);
#1563=ORIENTED_EDGE('',*,*,#2276,.F.);
#1564=ORIENTED_EDGE('',*,*,#2648,.F.);
#1565=ORIENTED_EDGE('',*,*,#2392,.F.);
#1566=ORIENTED_EDGE('',*,*,#2647,.T.);
#1567=ORIENTED_EDGE('',*,*,#2378,.F.);
#1568=ORIENTED_EDGE('',*,*,#2649,.F.);
#1569=ORIENTED_EDGE('',*,*,#2290,.F.);
#1570=ORIENTED_EDGE('',*,*,#2648,.T.);
#1571=ORIENTED_EDGE('',*,*,#2140,.F.);
#1572=ORIENTED_EDGE('',*,*,#2650,.F.);
#1573=ORIENTED_EDGE('',*,*,#2345,.F.);
#1574=ORIENTED_EDGE('',*,*,#2649,.T.);
#1575=ORIENTED_EDGE('',*,*,#2377,.F.);
#1576=ORIENTED_EDGE('',*,*,#2651,.F.);
#1577=ORIENTED_EDGE('',*,*,#2172,.F.);
#1578=ORIENTED_EDGE('',*,*,#2650,.T.);
#1579=ORIENTED_EDGE('',*,*,#2274,.F.);
#1580=ORIENTED_EDGE('',*,*,#2652,.F.);
#1581=ORIENTED_EDGE('',*,*,#2346,.F.);
#1582=ORIENTED_EDGE('',*,*,#2651,.T.);
#1583=ORIENTED_EDGE('',*,*,#2376,.F.);
#1584=ORIENTED_EDGE('',*,*,#2653,.F.);
#1585=ORIENTED_EDGE('',*,*,#2294,.F.);
#1586=ORIENTED_EDGE('',*,*,#2652,.T.);
#1587=ORIENTED_EDGE('',*,*,#2136,.F.);
#1588=ORIENTED_EDGE('',*,*,#2654,.F.);
#1589=ORIENTED_EDGE('',*,*,#2347,.F.);
#1590=ORIENTED_EDGE('',*,*,#2653,.T.);
#1591=ORIENTED_EDGE('',*,*,#2375,.F.);
#1592=ORIENTED_EDGE('',*,*,#2655,.F.);
#1593=ORIENTED_EDGE('',*,*,#2176,.F.);
#1594=ORIENTED_EDGE('',*,*,#2654,.T.);
#1595=ORIENTED_EDGE('',*,*,#2272,.F.);
#1596=ORIENTED_EDGE('',*,*,#2656,.F.);
#1597=ORIENTED_EDGE('',*,*,#2348,.F.);
#1598=ORIENTED_EDGE('',*,*,#2655,.T.);
#1599=ORIENTED_EDGE('',*,*,#2374,.F.);
#1600=ORIENTED_EDGE('',*,*,#2657,.F.);
#1601=ORIENTED_EDGE('',*,*,#2292,.F.);
#1602=ORIENTED_EDGE('',*,*,#2656,.T.);
#1603=ORIENTED_EDGE('',*,*,#2132,.F.);
#1604=ORIENTED_EDGE('',*,*,#2658,.F.);
#1605=ORIENTED_EDGE('',*,*,#2349,.F.);
#1606=ORIENTED_EDGE('',*,*,#2657,.T.);
#1607=ORIENTED_EDGE('',*,*,#2373,.F.);
#1608=ORIENTED_EDGE('',*,*,#2659,.F.);
#1609=ORIENTED_EDGE('',*,*,#2180,.F.);
#1610=ORIENTED_EDGE('',*,*,#2658,.T.);
#1611=ORIENTED_EDGE('',*,*,#2270,.F.);
#1612=ORIENTED_EDGE('',*,*,#2660,.F.);
#1613=ORIENTED_EDGE('',*,*,#2350,.F.);
#1614=ORIENTED_EDGE('',*,*,#2659,.T.);
#1615=ORIENTED_EDGE('',*,*,#2372,.F.);
#1616=ORIENTED_EDGE('',*,*,#2661,.F.);
#1617=ORIENTED_EDGE('',*,*,#2296,.F.);
#1618=ORIENTED_EDGE('',*,*,#2660,.T.);
#1619=ORIENTED_EDGE('',*,*,#2128,.F.);
#1620=ORIENTED_EDGE('',*,*,#2662,.F.);
#1621=ORIENTED_EDGE('',*,*,#2351,.F.);
#1622=ORIENTED_EDGE('',*,*,#2661,.T.);
#1623=ORIENTED_EDGE('',*,*,#2371,.F.);
#1624=ORIENTED_EDGE('',*,*,#2663,.F.);
#1625=ORIENTED_EDGE('',*,*,#2184,.F.);
#1626=ORIENTED_EDGE('',*,*,#2662,.T.);
#1627=ORIENTED_EDGE('',*,*,#2268,.F.);
#1628=ORIENTED_EDGE('',*,*,#2664,.F.);
#1629=ORIENTED_EDGE('',*,*,#2352,.F.);
#1630=ORIENTED_EDGE('',*,*,#2663,.T.);
#1631=ORIENTED_EDGE('',*,*,#2370,.F.);
#1632=ORIENTED_EDGE('',*,*,#2665,.F.);
#1633=ORIENTED_EDGE('',*,*,#2250,.F.);
#1634=ORIENTED_EDGE('',*,*,#2664,.T.);
#1635=ORIENTED_EDGE('',*,*,#2124,.F.);
#1636=ORIENTED_EDGE('',*,*,#2666,.F.);
#1637=ORIENTED_EDGE('',*,*,#2353,.F.);
#1638=ORIENTED_EDGE('',*,*,#2665,.T.);
#1639=ORIENTED_EDGE('',*,*,#2369,.F.);
#1640=ORIENTED_EDGE('',*,*,#2667,.F.);
#1641=ORIENTED_EDGE('',*,*,#2188,.F.);
#1642=ORIENTED_EDGE('',*,*,#2666,.T.);
#1643=ORIENTED_EDGE('',*,*,#2266,.F.);
#1644=ORIENTED_EDGE('',*,*,#2668,.F.);
#1645=ORIENTED_EDGE('',*,*,#2354,.F.);
#1646=ORIENTED_EDGE('',*,*,#2667,.T.);
#1647=ORIENTED_EDGE('',*,*,#2368,.F.);
#1648=ORIENTED_EDGE('',*,*,#2669,.F.);
#1649=ORIENTED_EDGE('',*,*,#2252,.F.);
#1650=ORIENTED_EDGE('',*,*,#2668,.T.);
#1651=ORIENTED_EDGE('',*,*,#2120,.F.);
#1652=ORIENTED_EDGE('',*,*,#2670,.F.);
#1653=ORIENTED_EDGE('',*,*,#2355,.F.);
#1654=ORIENTED_EDGE('',*,*,#2669,.T.);
#1655=ORIENTED_EDGE('',*,*,#2367,.F.);
#1656=ORIENTED_EDGE('',*,*,#2671,.F.);
#1657=ORIENTED_EDGE('',*,*,#2192,.F.);
#1658=ORIENTED_EDGE('',*,*,#2670,.T.);
#1659=ORIENTED_EDGE('',*,*,#2264,.F.);
#1660=ORIENTED_EDGE('',*,*,#2672,.F.);
#1661=ORIENTED_EDGE('',*,*,#2356,.F.);
#1662=ORIENTED_EDGE('',*,*,#2671,.T.);
#1663=ORIENTED_EDGE('',*,*,#2366,.F.);
#1664=ORIENTED_EDGE('',*,*,#2673,.F.);
#1665=ORIENTED_EDGE('',*,*,#2254,.F.);
#1666=ORIENTED_EDGE('',*,*,#2672,.T.);
#1667=ORIENTED_EDGE('',*,*,#2116,.F.);
#1668=ORIENTED_EDGE('',*,*,#2674,.F.);
#1669=ORIENTED_EDGE('',*,*,#2357,.F.);
#1670=ORIENTED_EDGE('',*,*,#2673,.T.);
#1671=ORIENTED_EDGE('',*,*,#2365,.F.);
#1672=ORIENTED_EDGE('',*,*,#2675,.F.);
#1673=ORIENTED_EDGE('',*,*,#2196,.F.);
#1674=ORIENTED_EDGE('',*,*,#2674,.T.);
#1675=ORIENTED_EDGE('',*,*,#2262,.F.);
#1676=ORIENTED_EDGE('',*,*,#2676,.F.);
#1677=ORIENTED_EDGE('',*,*,#2358,.F.);
#1678=ORIENTED_EDGE('',*,*,#2675,.T.);
#1679=ORIENTED_EDGE('',*,*,#2364,.F.);
#1680=ORIENTED_EDGE('',*,*,#2677,.F.);
#1681=ORIENTED_EDGE('',*,*,#2256,.F.);
#1682=ORIENTED_EDGE('',*,*,#2676,.T.);
#1683=ORIENTED_EDGE('',*,*,#2112,.F.);
#1684=ORIENTED_EDGE('',*,*,#2678,.F.);
#1685=ORIENTED_EDGE('',*,*,#2359,.F.);
#1686=ORIENTED_EDGE('',*,*,#2677,.T.);
#1687=ORIENTED_EDGE('',*,*,#2363,.F.);
#1688=ORIENTED_EDGE('',*,*,#2679,.F.);
#1689=ORIENTED_EDGE('',*,*,#2200,.F.);
#1690=ORIENTED_EDGE('',*,*,#2678,.T.);
#1691=ORIENTED_EDGE('',*,*,#2260,.F.);
#1692=ORIENTED_EDGE('',*,*,#2680,.F.);
#1693=ORIENTED_EDGE('',*,*,#2360,.F.);
#1694=ORIENTED_EDGE('',*,*,#2679,.T.);
#1695=ORIENTED_EDGE('',*,*,#2362,.F.);
#1696=ORIENTED_EDGE('',*,*,#2681,.F.);
#1697=ORIENTED_EDGE('',*,*,#2258,.F.);
#1698=ORIENTED_EDGE('',*,*,#2680,.T.);
#1699=ORIENTED_EDGE('',*,*,#2108,.F.);
#1700=ORIENTED_EDGE('',*,*,#2681,.T.);
#1701=ORIENTED_EDGE('',*,*,#2361,.F.);
#1702=ORIENTED_EDGE('',*,*,#2682,.T.);
#1703=ORIENTED_EDGE('',*,*,#2683,.T.);
#1704=ORIENTED_EDGE('',*,*,#2684,.T.);
#1705=ORIENTED_EDGE('',*,*,#2682,.F.);
#1706=ORIENTED_EDGE('',*,*,#2685,.T.);
#1707=ORIENTED_EDGE('',*,*,#2686,.T.);
#1708=ORIENTED_EDGE('',*,*,#2687,.T.);
#1709=ORIENTED_EDGE('',*,*,#2688,.T.);
#1710=ORIENTED_EDGE('',*,*,#2689,.F.);
#1711=ORIENTED_EDGE('',*,*,#2686,.F.);
#1712=ORIENTED_EDGE('',*,*,#2688,.F.);
#1713=ORIENTED_EDGE('',*,*,#2690,.T.);
#1714=ORIENTED_EDGE('',*,*,#2683,.F.);
#1715=ORIENTED_EDGE('',*,*,#2690,.F.);
#1716=ORIENTED_EDGE('',*,*,#2687,.F.);
#1717=ORIENTED_EDGE('',*,*,#2685,.F.);
#1718=ORIENTED_EDGE('',*,*,#2689,.T.);
#1719=ORIENTED_EDGE('',*,*,#2489,.F.);
#1720=ORIENTED_EDGE('',*,*,#2684,.F.);
#1721=ORIENTED_EDGE('',*,*,#2691,.F.);
#1722=ORIENTED_EDGE('',*,*,#2438,.F.);
#1723=ORIENTED_EDGE('',*,*,#2692,.F.);
#1724=ORIENTED_EDGE('',*,*,#2515,.F.);
#1725=ORIENTED_EDGE('',*,*,#2692,.T.);
#1726=ORIENTED_EDGE('',*,*,#2570,.F.);
#1727=ORIENTED_EDGE('',*,*,#2693,.F.);
#1728=ORIENTED_EDGE('',*,*,#2516,.F.);
#1729=ORIENTED_EDGE('',*,*,#2691,.T.);
#1730=ORIENTED_EDGE('',*,*,#2514,.F.);
#1731=ORIENTED_EDGE('',*,*,#2694,.F.);
#1732=ORIENTED_EDGE('',*,*,#2572,.F.);
#1733=ORIENTED_EDGE('',*,*,#2693,.T.);
#1734=ORIENTED_EDGE('',*,*,#2442,.F.);
#1735=ORIENTED_EDGE('',*,*,#2695,.F.);
#1736=ORIENTED_EDGE('',*,*,#2517,.F.);
#1737=ORIENTED_EDGE('',*,*,#2694,.T.);
#1738=ORIENTED_EDGE('',*,*,#2513,.F.);
#1739=ORIENTED_EDGE('',*,*,#2696,.F.);
#1740=ORIENTED_EDGE('',*,*,#2434,.F.);
#1741=ORIENTED_EDGE('',*,*,#2695,.T.);
#1742=ORIENTED_EDGE('',*,*,#2568,.F.);
#1743=ORIENTED_EDGE('',*,*,#2697,.F.);
#1744=ORIENTED_EDGE('',*,*,#2518,.F.);
#1745=ORIENTED_EDGE('',*,*,#2696,.T.);
#1746=ORIENTED_EDGE('',*,*,#2512,.F.);
#1747=ORIENTED_EDGE('',*,*,#2698,.F.);
#1748=ORIENTED_EDGE('',*,*,#2574,.F.);
#1749=ORIENTED_EDGE('',*,*,#2697,.T.);
#1750=ORIENTED_EDGE('',*,*,#2446,.F.);
#1751=ORIENTED_EDGE('',*,*,#2699,.F.);
#1752=ORIENTED_EDGE('',*,*,#2519,.F.);
#1753=ORIENTED_EDGE('',*,*,#2698,.T.);
#1754=ORIENTED_EDGE('',*,*,#2511,.F.);
#1755=ORIENTED_EDGE('',*,*,#2700,.F.);
#1756=ORIENTED_EDGE('',*,*,#2430,.F.);
#1757=ORIENTED_EDGE('',*,*,#2699,.T.);
#1758=ORIENTED_EDGE('',*,*,#2566,.F.);
#1759=ORIENTED_EDGE('',*,*,#2701,.F.);
#1760=ORIENTED_EDGE('',*,*,#2520,.F.);
#1761=ORIENTED_EDGE('',*,*,#2700,.T.);
#1762=ORIENTED_EDGE('',*,*,#2510,.F.);
#1763=ORIENTED_EDGE('',*,*,#2702,.F.);
#1764=ORIENTED_EDGE('',*,*,#2576,.F.);
#1765=ORIENTED_EDGE('',*,*,#2701,.T.);
#1766=ORIENTED_EDGE('',*,*,#2450,.F.);
#1767=ORIENTED_EDGE('',*,*,#2703,.F.);
#1768=ORIENTED_EDGE('',*,*,#2521,.F.);
#1769=ORIENTED_EDGE('',*,*,#2702,.T.);
#1770=ORIENTED_EDGE('',*,*,#2509,.F.);
#1771=ORIENTED_EDGE('',*,*,#2704,.F.);
#1772=ORIENTED_EDGE('',*,*,#2426,.F.);
#1773=ORIENTED_EDGE('',*,*,#2703,.T.);
#1774=ORIENTED_EDGE('',*,*,#2564,.F.);
#1775=ORIENTED_EDGE('',*,*,#2705,.F.);
#1776=ORIENTED_EDGE('',*,*,#2522,.F.);
#1777=ORIENTED_EDGE('',*,*,#2704,.T.);
#1778=ORIENTED_EDGE('',*,*,#2508,.F.);
#1779=ORIENTED_EDGE('',*,*,#2706,.F.);
#1780=ORIENTED_EDGE('',*,*,#2578,.F.);
#1781=ORIENTED_EDGE('',*,*,#2705,.T.);
#1782=ORIENTED_EDGE('',*,*,#2454,.F.);
#1783=ORIENTED_EDGE('',*,*,#2707,.F.);
#1784=ORIENTED_EDGE('',*,*,#2523,.F.);
#1785=ORIENTED_EDGE('',*,*,#2706,.T.);
#1786=ORIENTED_EDGE('',*,*,#2507,.F.);
#1787=ORIENTED_EDGE('',*,*,#2708,.F.);
#1788=ORIENTED_EDGE('',*,*,#2422,.F.);
#1789=ORIENTED_EDGE('',*,*,#2707,.T.);
#1790=ORIENTED_EDGE('',*,*,#2562,.F.);
#1791=ORIENTED_EDGE('',*,*,#2709,.F.);
#1792=ORIENTED_EDGE('',*,*,#2524,.F.);
#1793=ORIENTED_EDGE('',*,*,#2708,.T.);
#1794=ORIENTED_EDGE('',*,*,#2506,.F.);
#1795=ORIENTED_EDGE('',*,*,#2710,.F.);
#1796=ORIENTED_EDGE('',*,*,#2580,.F.);
#1797=ORIENTED_EDGE('',*,*,#2709,.T.);
#1798=ORIENTED_EDGE('',*,*,#2458,.F.);
#1799=ORIENTED_EDGE('',*,*,#2711,.F.);
#1800=ORIENTED_EDGE('',*,*,#2525,.F.);
#1801=ORIENTED_EDGE('',*,*,#2710,.T.);
#1802=ORIENTED_EDGE('',*,*,#2505,.F.);
#1803=ORIENTED_EDGE('',*,*,#2712,.F.);
#1804=ORIENTED_EDGE('',*,*,#2418,.F.);
#1805=ORIENTED_EDGE('',*,*,#2711,.T.);
#1806=ORIENTED_EDGE('',*,*,#2560,.F.);
#1807=ORIENTED_EDGE('',*,*,#2713,.F.);
#1808=ORIENTED_EDGE('',*,*,#2526,.F.);
#1809=ORIENTED_EDGE('',*,*,#2712,.T.);
#1810=ORIENTED_EDGE('',*,*,#2504,.F.);
#1811=ORIENTED_EDGE('',*,*,#2714,.F.);
#1812=ORIENTED_EDGE('',*,*,#2582,.F.);
#1813=ORIENTED_EDGE('',*,*,#2713,.T.);
#1814=ORIENTED_EDGE('',*,*,#2462,.F.);
#1815=ORIENTED_EDGE('',*,*,#2715,.F.);
#1816=ORIENTED_EDGE('',*,*,#2527,.F.);
#1817=ORIENTED_EDGE('',*,*,#2714,.T.);
#1818=ORIENTED_EDGE('',*,*,#2503,.F.);
#1819=ORIENTED_EDGE('',*,*,#2716,.F.);
#1820=ORIENTED_EDGE('',*,*,#2414,.F.);
#1821=ORIENTED_EDGE('',*,*,#2715,.T.);
#1822=ORIENTED_EDGE('',*,*,#2558,.F.);
#1823=ORIENTED_EDGE('',*,*,#2717,.F.);
#1824=ORIENTED_EDGE('',*,*,#2528,.F.);
#1825=ORIENTED_EDGE('',*,*,#2716,.T.);
#1826=ORIENTED_EDGE('',*,*,#2502,.F.);
#1827=ORIENTED_EDGE('',*,*,#2718,.F.);
#1828=ORIENTED_EDGE('',*,*,#2584,.F.);
#1829=ORIENTED_EDGE('',*,*,#2717,.T.);
#1830=ORIENTED_EDGE('',*,*,#2466,.F.);
#1831=ORIENTED_EDGE('',*,*,#2719,.F.);
#1832=ORIENTED_EDGE('',*,*,#2529,.F.);
#1833=ORIENTED_EDGE('',*,*,#2718,.T.);
#1834=ORIENTED_EDGE('',*,*,#2501,.F.);
#1835=ORIENTED_EDGE('',*,*,#2720,.F.);
#1836=ORIENTED_EDGE('',*,*,#2410,.F.);
#1837=ORIENTED_EDGE('',*,*,#2719,.T.);
#1838=ORIENTED_EDGE('',*,*,#2556,.F.);
#1839=ORIENTED_EDGE('',*,*,#2721,.F.);
#1840=ORIENTED_EDGE('',*,*,#2530,.F.);
#1841=ORIENTED_EDGE('',*,*,#2720,.T.);
#1842=ORIENTED_EDGE('',*,*,#2500,.F.);
#1843=ORIENTED_EDGE('',*,*,#2722,.F.);
#1844=ORIENTED_EDGE('',*,*,#2538,.F.);
#1845=ORIENTED_EDGE('',*,*,#2721,.T.);
#1846=ORIENTED_EDGE('',*,*,#2470,.F.);
#1847=ORIENTED_EDGE('',*,*,#2723,.F.);
#1848=ORIENTED_EDGE('',*,*,#2531,.F.);
#1849=ORIENTED_EDGE('',*,*,#2722,.T.);
#1850=ORIENTED_EDGE('',*,*,#2499,.F.);
#1851=ORIENTED_EDGE('',*,*,#2724,.F.);
#1852=ORIENTED_EDGE('',*,*,#2406,.F.);
#1853=ORIENTED_EDGE('',*,*,#2723,.T.);
#1854=ORIENTED_EDGE('',*,*,#2554,.F.);
#1855=ORIENTED_EDGE('',*,*,#2725,.F.);
#1856=ORIENTED_EDGE('',*,*,#2532,.F.);
#1857=ORIENTED_EDGE('',*,*,#2724,.T.);
#1858=ORIENTED_EDGE('',*,*,#2498,.F.);
#1859=ORIENTED_EDGE('',*,*,#2726,.F.);
#1860=ORIENTED_EDGE('',*,*,#2540,.F.);
#1861=ORIENTED_EDGE('',*,*,#2725,.T.);
#1862=ORIENTED_EDGE('',*,*,#2474,.F.);
#1863=ORIENTED_EDGE('',*,*,#2727,.F.);
#1864=ORIENTED_EDGE('',*,*,#2533,.F.);
#1865=ORIENTED_EDGE('',*,*,#2726,.T.);
#1866=ORIENTED_EDGE('',*,*,#2497,.F.);
#1867=ORIENTED_EDGE('',*,*,#2728,.F.);
#1868=ORIENTED_EDGE('',*,*,#2402,.F.);
#1869=ORIENTED_EDGE('',*,*,#2727,.T.);
#1870=ORIENTED_EDGE('',*,*,#2552,.F.);
#1871=ORIENTED_EDGE('',*,*,#2729,.F.);
#1872=ORIENTED_EDGE('',*,*,#2534,.F.);
#1873=ORIENTED_EDGE('',*,*,#2728,.T.);
#1874=ORIENTED_EDGE('',*,*,#2496,.F.);
#1875=ORIENTED_EDGE('',*,*,#2730,.F.);
#1876=ORIENTED_EDGE('',*,*,#2542,.F.);
#1877=ORIENTED_EDGE('',*,*,#2729,.T.);
#1878=ORIENTED_EDGE('',*,*,#2478,.F.);
#1879=ORIENTED_EDGE('',*,*,#2731,.F.);
#1880=ORIENTED_EDGE('',*,*,#2535,.F.);
#1881=ORIENTED_EDGE('',*,*,#2730,.T.);
#1882=ORIENTED_EDGE('',*,*,#2495,.F.);
#1883=ORIENTED_EDGE('',*,*,#2732,.F.);
#1884=ORIENTED_EDGE('',*,*,#2398,.F.);
#1885=ORIENTED_EDGE('',*,*,#2731,.T.);
#1886=ORIENTED_EDGE('',*,*,#2550,.F.);
#1887=ORIENTED_EDGE('',*,*,#2733,.F.);
#1888=ORIENTED_EDGE('',*,*,#2536,.F.);
#1889=ORIENTED_EDGE('',*,*,#2732,.T.);
#1890=ORIENTED_EDGE('',*,*,#2494,.F.);
#1891=ORIENTED_EDGE('',*,*,#2734,.F.);
#1892=ORIENTED_EDGE('',*,*,#2544,.F.);
#1893=ORIENTED_EDGE('',*,*,#2733,.T.);
#1894=ORIENTED_EDGE('',*,*,#2482,.F.);
#1895=ORIENTED_EDGE('',*,*,#2735,.F.);
#1896=ORIENTED_EDGE('',*,*,#2537,.F.);
#1897=ORIENTED_EDGE('',*,*,#2734,.T.);
#1898=ORIENTED_EDGE('',*,*,#2493,.F.);
#1899=ORIENTED_EDGE('',*,*,#2736,.F.);
#1900=ORIENTED_EDGE('',*,*,#2394,.F.);
#1901=ORIENTED_EDGE('',*,*,#2735,.T.);
#1902=ORIENTED_EDGE('',*,*,#2548,.F.);
#1903=ORIENTED_EDGE('',*,*,#2737,.F.);
#1904=ORIENTED_EDGE('',*,*,#2490,.F.);
#1905=ORIENTED_EDGE('',*,*,#2736,.T.);
#1906=ORIENTED_EDGE('',*,*,#2492,.F.);
#1907=ORIENTED_EDGE('',*,*,#2738,.F.);
#1908=ORIENTED_EDGE('',*,*,#2546,.F.);
#1909=ORIENTED_EDGE('',*,*,#2737,.T.);
#1910=ORIENTED_EDGE('',*,*,#2486,.F.);
#1911=ORIENTED_EDGE('',*,*,#2738,.T.);
#1912=ORIENTED_EDGE('',*,*,#2491,.F.);
#1913=ORIENTED_EDGE('',*,*,#2739,.F.);
#1914=ORIENTED_EDGE('',*,*,#2122,.F.);
#1915=ORIENTED_EDGE('',*,*,#2740,.F.);
#1916=ORIENTED_EDGE('',*,*,#2226,.F.);
#1917=ORIENTED_EDGE('',*,*,#2740,.T.);
#1918=ORIENTED_EDGE('',*,*,#2267,.F.);
#1919=ORIENTED_EDGE('',*,*,#2741,.F.);
#1920=ORIENTED_EDGE('',*,*,#2227,.F.);
#1921=ORIENTED_EDGE('',*,*,#2739,.T.);
#1922=ORIENTED_EDGE('',*,*,#2225,.F.);
#1923=ORIENTED_EDGE('',*,*,#2742,.F.);
#1924=ORIENTED_EDGE('',*,*,#2265,.F.);
#1925=ORIENTED_EDGE('',*,*,#2741,.T.);
#1926=ORIENTED_EDGE('',*,*,#2126,.F.);
#1927=ORIENTED_EDGE('',*,*,#2743,.F.);
#1928=ORIENTED_EDGE('',*,*,#2228,.F.);
#1929=ORIENTED_EDGE('',*,*,#2742,.T.);
#1930=ORIENTED_EDGE('',*,*,#2224,.F.);
#1931=ORIENTED_EDGE('',*,*,#2744,.F.);
#1932=ORIENTED_EDGE('',*,*,#2118,.F.);
#1933=ORIENTED_EDGE('',*,*,#2743,.T.);
#1934=ORIENTED_EDGE('',*,*,#2269,.F.);
#1935=ORIENTED_EDGE('',*,*,#2745,.F.);
#1936=ORIENTED_EDGE('',*,*,#2229,.F.);
#1937=ORIENTED_EDGE('',*,*,#2744,.T.);
#1938=ORIENTED_EDGE('',*,*,#2223,.F.);
#1939=ORIENTED_EDGE('',*,*,#2746,.F.);
#1940=ORIENTED_EDGE('',*,*,#2263,.F.);
#1941=ORIENTED_EDGE('',*,*,#2745,.T.);
#1942=ORIENTED_EDGE('',*,*,#2130,.F.);
#1943=ORIENTED_EDGE('',*,*,#2747,.F.);
#1944=ORIENTED_EDGE('',*,*,#2230,.F.);
#1945=ORIENTED_EDGE('',*,*,#2746,.T.);
#1946=ORIENTED_EDGE('',*,*,#2222,.F.);
#1947=ORIENTED_EDGE('',*,*,#2748,.F.);
#1948=ORIENTED_EDGE('',*,*,#2114,.F.);
#1949=ORIENTED_EDGE('',*,*,#2747,.T.);
#1950=ORIENTED_EDGE('',*,*,#2271,.F.);
#1951=ORIENTED_EDGE('',*,*,#2749,.F.);
#1952=ORIENTED_EDGE('',*,*,#2231,.F.);
#1953=ORIENTED_EDGE('',*,*,#2748,.T.);
#1954=ORIENTED_EDGE('',*,*,#2221,.F.);
#1955=ORIENTED_EDGE('',*,*,#2750,.F.);
#1956=ORIENTED_EDGE('',*,*,#2261,.F.);
#1957=ORIENTED_EDGE('',*,*,#2749,.T.);
#1958=ORIENTED_EDGE('',*,*,#2134,.F.);
#1959=ORIENTED_EDGE('',*,*,#2751,.F.);
#1960=ORIENTED_EDGE('',*,*,#2232,.F.);
#1961=ORIENTED_EDGE('',*,*,#2750,.T.);
#1962=ORIENTED_EDGE('',*,*,#2220,.F.);
#1963=ORIENTED_EDGE('',*,*,#2752,.F.);
#1964=ORIENTED_EDGE('',*,*,#2110,.F.);
#1965=ORIENTED_EDGE('',*,*,#2751,.T.);
#1966=ORIENTED_EDGE('',*,*,#2273,.F.);
#1967=ORIENTED_EDGE('',*,*,#2753,.F.);
#1968=ORIENTED_EDGE('',*,*,#2233,.F.);
#1969=ORIENTED_EDGE('',*,*,#2752,.T.);
#1970=ORIENTED_EDGE('',*,*,#2219,.F.);
#1971=ORIENTED_EDGE('',*,*,#2754,.F.);
#1972=ORIENTED_EDGE('',*,*,#2259,.F.);
#1973=ORIENTED_EDGE('',*,*,#2753,.T.);
#1974=ORIENTED_EDGE('',*,*,#2138,.F.);
#1975=ORIENTED_EDGE('',*,*,#2755,.F.);
#1976=ORIENTED_EDGE('',*,*,#2234,.F.);
#1977=ORIENTED_EDGE('',*,*,#2754,.T.);
#1978=ORIENTED_EDGE('',*,*,#2218,.F.);
#1979=ORIENTED_EDGE('',*,*,#2756,.F.);
#1980=ORIENTED_EDGE('',*,*,#2106,.F.);
#1981=ORIENTED_EDGE('',*,*,#2755,.T.);
#1982=ORIENTED_EDGE('',*,*,#2275,.F.);
#1983=ORIENTED_EDGE('',*,*,#2757,.F.);
#1984=ORIENTED_EDGE('',*,*,#2235,.F.);
#1985=ORIENTED_EDGE('',*,*,#2756,.T.);
#1986=ORIENTED_EDGE('',*,*,#2217,.F.);
#1987=ORIENTED_EDGE('',*,*,#2758,.F.);
#1988=ORIENTED_EDGE('',*,*,#2257,.F.);
#1989=ORIENTED_EDGE('',*,*,#2757,.T.);
#1990=ORIENTED_EDGE('',*,*,#2142,.F.);
#1991=ORIENTED_EDGE('',*,*,#2759,.F.);
#1992=ORIENTED_EDGE('',*,*,#2236,.F.);
#1993=ORIENTED_EDGE('',*,*,#2758,.T.);
#1994=ORIENTED_EDGE('',*,*,#2216,.F.);
#1995=ORIENTED_EDGE('',*,*,#2760,.F.);
#1996=ORIENTED_EDGE('',*,*,#2198,.F.);
#1997=ORIENTED_EDGE('',*,*,#2759,.T.);
#1998=ORIENTED_EDGE('',*,*,#2277,.F.);
#1999=ORIENTED_EDGE('',*,*,#2761,.F.);
#2000=ORIENTED_EDGE('',*,*,#2237,.F.);
#2001=ORIENTED_EDGE('',*,*,#2760,.T.);
#2002=ORIENTED_EDGE('',*,*,#2215,.F.);
#2003=ORIENTED_EDGE('',*,*,#2762,.F.);
#2004=ORIENTED_EDGE('',*,*,#2255,.F.);
#2005=ORIENTED_EDGE('',*,*,#2761,.T.);
#2006=ORIENTED_EDGE('',*,*,#2146,.F.);
#2007=ORIENTED_EDGE('',*,*,#2763,.F.);
#2008=ORIENTED_EDGE('',*,*,#2238,.F.);
#2009=ORIENTED_EDGE('',*,*,#2762,.T.);
#2010=ORIENTED_EDGE('',*,*,#2214,.F.);
#2011=ORIENTED_EDGE('',*,*,#2764,.F.);
#2012=ORIENTED_EDGE('',*,*,#2194,.F.);
#2013=ORIENTED_EDGE('',*,*,#2763,.T.);
#2014=ORIENTED_EDGE('',*,*,#2279,.F.);
#2015=ORIENTED_EDGE('',*,*,#2765,.F.);
#2016=ORIENTED_EDGE('',*,*,#2239,.F.);
#2017=ORIENTED_EDGE('',*,*,#2764,.T.);
#2018=ORIENTED_EDGE('',*,*,#2213,.F.);
#2019=ORIENTED_EDGE('',*,*,#2766,.F.);
#2020=ORIENTED_EDGE('',*,*,#2253,.F.);
#2021=ORIENTED_EDGE('',*,*,#2765,.T.);
#2022=ORIENTED_EDGE('',*,*,#2150,.F.);
#2023=ORIENTED_EDGE('',*,*,#2767,.F.);
#2024=ORIENTED_EDGE('',*,*,#2240,.F.);
#2025=ORIENTED_EDGE('',*,*,#2766,.T.);
#2026=ORIENTED_EDGE('',*,*,#2212,.F.);
#2027=ORIENTED_EDGE('',*,*,#2768,.F.);
#2028=ORIENTED_EDGE('',*,*,#2190,.F.);
#2029=ORIENTED_EDGE('',*,*,#2767,.T.);
#2030=ORIENTED_EDGE('',*,*,#2281,.F.);
#2031=ORIENTED_EDGE('',*,*,#2769,.F.);
#2032=ORIENTED_EDGE('',*,*,#2241,.F.);
#2033=ORIENTED_EDGE('',*,*,#2768,.T.);
#2034=ORIENTED_EDGE('',*,*,#2211,.F.);
#2035=ORIENTED_EDGE('',*,*,#2770,.F.);
#2036=ORIENTED_EDGE('',*,*,#2251,.F.);
#2037=ORIENTED_EDGE('',*,*,#2769,.T.);
#2038=ORIENTED_EDGE('',*,*,#2154,.F.);
#2039=ORIENTED_EDGE('',*,*,#2771,.F.);
#2040=ORIENTED_EDGE('',*,*,#2242,.F.);
#2041=ORIENTED_EDGE('',*,*,#2770,.T.);
#2042=ORIENTED_EDGE('',*,*,#2210,.F.);
#2043=ORIENTED_EDGE('',*,*,#2772,.F.);
#2044=ORIENTED_EDGE('',*,*,#2186,.F.);
#2045=ORIENTED_EDGE('',*,*,#2771,.T.);
#2046=ORIENTED_EDGE('',*,*,#2283,.F.);
#2047=ORIENTED_EDGE('',*,*,#2773,.F.);
#2048=ORIENTED_EDGE('',*,*,#2243,.F.);
#2049=ORIENTED_EDGE('',*,*,#2772,.T.);
#2050=ORIENTED_EDGE('',*,*,#2209,.F.);
#2051=ORIENTED_EDGE('',*,*,#2774,.F.);
#2052=ORIENTED_EDGE('',*,*,#2249,.F.);
#2053=ORIENTED_EDGE('',*,*,#2773,.T.);
#2054=ORIENTED_EDGE('',*,*,#2158,.F.);
#2055=ORIENTED_EDGE('',*,*,#2775,.F.);
#2056=ORIENTED_EDGE('',*,*,#2244,.F.);
#2057=ORIENTED_EDGE('',*,*,#2774,.T.);
#2058=ORIENTED_EDGE('',*,*,#2208,.F.);
#2059=ORIENTED_EDGE('',*,*,#2776,.F.);
#2060=ORIENTED_EDGE('',*,*,#2182,.F.);
#2061=ORIENTED_EDGE('',*,*,#2775,.T.);
#2062=ORIENTED_EDGE('',*,*,#2285,.F.);
#2063=ORIENTED_EDGE('',*,*,#2777,.F.);
#2064=ORIENTED_EDGE('',*,*,#2245,.F.);
#2065=ORIENTED_EDGE('',*,*,#2776,.T.);
#2066=ORIENTED_EDGE('',*,*,#2207,.F.);
#2067=ORIENTED_EDGE('',*,*,#2778,.F.);
#2068=ORIENTED_EDGE('',*,*,#2295,.F.);
#2069=ORIENTED_EDGE('',*,*,#2777,.T.);
#2070=ORIENTED_EDGE('',*,*,#2162,.F.);
#2071=ORIENTED_EDGE('',*,*,#2779,.F.);
#2072=ORIENTED_EDGE('',*,*,#2246,.F.);
#2073=ORIENTED_EDGE('',*,*,#2778,.T.);
#2074=ORIENTED_EDGE('',*,*,#2206,.F.);
#2075=ORIENTED_EDGE('',*,*,#2780,.F.);
#2076=ORIENTED_EDGE('',*,*,#2178,.F.);
#2077=ORIENTED_EDGE('',*,*,#2779,.T.);
#2078=ORIENTED_EDGE('',*,*,#2287,.F.);
#2079=ORIENTED_EDGE('',*,*,#2781,.F.);
#2080=ORIENTED_EDGE('',*,*,#2247,.F.);
#2081=ORIENTED_EDGE('',*,*,#2780,.T.);
#2082=ORIENTED_EDGE('',*,*,#2205,.F.);
#2083=ORIENTED_EDGE('',*,*,#2782,.F.);
#2084=ORIENTED_EDGE('',*,*,#2291,.F.);
#2085=ORIENTED_EDGE('',*,*,#2781,.T.);
#2086=ORIENTED_EDGE('',*,*,#2166,.F.);
#2087=ORIENTED_EDGE('',*,*,#2783,.F.);
#2088=ORIENTED_EDGE('',*,*,#2248,.F.);
#2089=ORIENTED_EDGE('',*,*,#2782,.T.);
#2090=ORIENTED_EDGE('',*,*,#2204,.F.);
#2091=ORIENTED_EDGE('',*,*,#2784,.F.);
#2092=ORIENTED_EDGE('',*,*,#2174,.F.);
#2093=ORIENTED_EDGE('',*,*,#2783,.T.);
#2094=ORIENTED_EDGE('',*,*,#2289,.F.);
#2095=ORIENTED_EDGE('',*,*,#2785,.F.);
#2096=ORIENTED_EDGE('',*,*,#2201,.F.);
#2097=ORIENTED_EDGE('',*,*,#2784,.T.);
#2098=ORIENTED_EDGE('',*,*,#2203,.F.);
#2099=ORIENTED_EDGE('',*,*,#2786,.F.);
#2100=ORIENTED_EDGE('',*,*,#2293,.F.);
#2101=ORIENTED_EDGE('',*,*,#2785,.T.);
#2102=ORIENTED_EDGE('',*,*,#2170,.F.);
#2103=ORIENTED_EDGE('',*,*,#2786,.T.);
#2104=ORIENTED_EDGE('',*,*,#2202,.F.);
#2105=EDGE_CURVE('',#2787,#2788,#3179,.T.);
#2106=EDGE_CURVE('',#2788,#2789,#3180,.F.);
#2107=EDGE_CURVE('',#2789,#2790,#3181,.F.);
#2108=EDGE_CURVE('',#2790,#2787,#453,.T.);
#2109=EDGE_CURVE('',#2791,#2792,#3182,.T.);
#2110=EDGE_CURVE('',#2792,#2793,#3183,.F.);
#2111=EDGE_CURVE('',#2793,#2794,#3184,.F.);
#2112=EDGE_CURVE('',#2794,#2791,#454,.T.);
#2113=EDGE_CURVE('',#2795,#2796,#3185,.T.);
#2114=EDGE_CURVE('',#2796,#2797,#3186,.F.);
#2115=EDGE_CURVE('',#2797,#2798,#3187,.F.);
#2116=EDGE_CURVE('',#2798,#2795,#455,.T.);
#2117=EDGE_CURVE('',#2799,#2800,#3188,.T.);
#2118=EDGE_CURVE('',#2800,#2801,#3189,.F.);
#2119=EDGE_CURVE('',#2801,#2802,#3190,.F.);
#2120=EDGE_CURVE('',#2802,#2799,#456,.T.);
#2121=EDGE_CURVE('',#2803,#2804,#3191,.T.);
#2122=EDGE_CURVE('',#2804,#2805,#3192,.F.);
#2123=EDGE_CURVE('',#2805,#2806,#3193,.F.);
#2124=EDGE_CURVE('',#2806,#2803,#457,.T.);
#2125=EDGE_CURVE('',#2807,#2808,#3194,.T.);
#2126=EDGE_CURVE('',#2808,#2809,#3195,.F.);
#2127=EDGE_CURVE('',#2809,#2810,#3196,.F.);
#2128=EDGE_CURVE('',#2810,#2807,#458,.T.);
#2129=EDGE_CURVE('',#2811,#2812,#3197,.T.);
#2130=EDGE_CURVE('',#2812,#2813,#3198,.F.);
#2131=EDGE_CURVE('',#2813,#2814,#3199,.F.);
#2132=EDGE_CURVE('',#2814,#2811,#459,.T.);
#2133=EDGE_CURVE('',#2815,#2816,#3200,.T.);
#2134=EDGE_CURVE('',#2816,#2817,#3201,.F.);
#2135=EDGE_CURVE('',#2817,#2818,#3202,.F.);
#2136=EDGE_CURVE('',#2818,#2815,#460,.T.);
#2137=EDGE_CURVE('',#2819,#2820,#3203,.T.);
#2138=EDGE_CURVE('',#2820,#2821,#3204,.F.);
#2139=EDGE_CURVE('',#2821,#2822,#3205,.F.);
#2140=EDGE_CURVE('',#2822,#2819,#461,.T.);
#2141=EDGE_CURVE('',#2823,#2824,#3206,.T.);
#2142=EDGE_CURVE('',#2824,#2825,#3207,.F.);
#2143=EDGE_CURVE('',#2825,#2826,#3208,.F.);
#2144=EDGE_CURVE('',#2826,#2823,#462,.T.);
#2145=EDGE_CURVE('',#2827,#2828,#3209,.T.);
#2146=EDGE_CURVE('',#2828,#2829,#3210,.F.);
#2147=EDGE_CURVE('',#2829,#2830,#3211,.F.);
#2148=EDGE_CURVE('',#2830,#2827,#463,.T.);
#2149=EDGE_CURVE('',#2831,#2832,#3212,.T.);
#2150=EDGE_CURVE('',#2832,#2833,#3213,.F.);
#2151=EDGE_CURVE('',#2833,#2834,#3214,.F.);
#2152=EDGE_CURVE('',#2834,#2831,#464,.T.);
#2153=EDGE_CURVE('',#2835,#2836,#3215,.T.);
#2154=EDGE_CURVE('',#2836,#2837,#3216,.F.);
#2155=EDGE_CURVE('',#2837,#2838,#3217,.F.);
#2156=EDGE_CURVE('',#2838,#2835,#465,.T.);
#2157=EDGE_CURVE('',#2839,#2840,#3218,.T.);
#2158=EDGE_CURVE('',#2840,#2841,#3219,.F.);
#2159=EDGE_CURVE('',#2841,#2842,#3220,.F.);
#2160=EDGE_CURVE('',#2842,#2839,#466,.T.);
#2161=EDGE_CURVE('',#2843,#2844,#3221,.T.);
#2162=EDGE_CURVE('',#2844,#2845,#3222,.F.);
#2163=EDGE_CURVE('',#2845,#2846,#3223,.F.);
#2164=EDGE_CURVE('',#2846,#2843,#467,.T.);
#2165=EDGE_CURVE('',#2847,#2848,#3224,.T.);
#2166=EDGE_CURVE('',#2848,#2849,#3225,.F.);
#2167=EDGE_CURVE('',#2849,#2850,#3226,.F.);
#2168=EDGE_CURVE('',#2850,#2847,#468,.T.);
#2169=EDGE_CURVE('',#2851,#2852,#3227,.T.);
#2170=EDGE_CURVE('',#2852,#2853,#3228,.F.);
#2171=EDGE_CURVE('',#2853,#2854,#3229,.F.);
#2172=EDGE_CURVE('',#2854,#2851,#469,.T.);
#2173=EDGE_CURVE('',#2855,#2856,#3230,.T.);
#2174=EDGE_CURVE('',#2856,#2857,#3231,.F.);
#2175=EDGE_CURVE('',#2857,#2858,#3232,.F.);
#2176=EDGE_CURVE('',#2858,#2855,#470,.T.);
#2177=EDGE_CURVE('',#2859,#2860,#3233,.T.);
#2178=EDGE_CURVE('',#2860,#2861,#3234,.F.);
#2179=EDGE_CURVE('',#2861,#2862,#3235,.F.);
#2180=EDGE_CURVE('',#2862,#2859,#471,.T.);
#2181=EDGE_CURVE('',#2863,#2864,#3236,.T.);
#2182=EDGE_CURVE('',#2864,#2865,#3237,.F.);
#2183=EDGE_CURVE('',#2865,#2866,#3238,.F.);
#2184=EDGE_CURVE('',#2866,#2863,#472,.T.);
#2185=EDGE_CURVE('',#2867,#2868,#3239,.T.);
#2186=EDGE_CURVE('',#2868,#2869,#3240,.F.);
#2187=EDGE_CURVE('',#2869,#2870,#3241,.F.);
#2188=EDGE_CURVE('',#2870,#2867,#473,.T.);
#2189=EDGE_CURVE('',#2871,#2872,#3242,.T.);
#2190=EDGE_CURVE('',#2872,#2873,#3243,.F.);
#2191=EDGE_CURVE('',#2873,#2874,#3244,.F.);
#2192=EDGE_CURVE('',#2874,#2871,#474,.T.);
#2193=EDGE_CURVE('',#2875,#2876,#3245,.T.);
#2194=EDGE_CURVE('',#2876,#2877,#3246,.F.);
#2195=EDGE_CURVE('',#2877,#2878,#3247,.F.);
#2196=EDGE_CURVE('',#2878,#2875,#475,.T.);
#2197=EDGE_CURVE('',#2879,#2880,#3248,.T.);
#2198=EDGE_CURVE('',#2880,#2881,#3249,.F.);
#2199=EDGE_CURVE('',#2881,#2882,#3250,.F.);
#2200=EDGE_CURVE('',#2882,#2879,#476,.T.);
#2201=EDGE_CURVE('',#2883,#2884,#357,.F.);
#2202=EDGE_CURVE('',#2884,#2885,#3251,.F.);
#2203=EDGE_CURVE('',#2885,#2886,#358,.T.);
#2204=EDGE_CURVE('',#2886,#2887,#3252,.F.);
#2205=EDGE_CURVE('',#2887,#2888,#359,.F.);
#2206=EDGE_CURVE('',#2888,#2889,#3253,.F.);
#2207=EDGE_CURVE('',#2889,#2890,#360,.T.);
#2208=EDGE_CURVE('',#2890,#2891,#3254,.F.);
#2209=EDGE_CURVE('',#2891,#2892,#361,.F.);
#2210=EDGE_CURVE('',#2892,#2893,#3255,.F.);
#2211=EDGE_CURVE('',#2893,#2894,#362,.T.);
#2212=EDGE_CURVE('',#2894,#2895,#3256,.F.);
#2213=EDGE_CURVE('',#2895,#2896,#363,.F.);
#2214=EDGE_CURVE('',#2896,#2897,#3257,.F.);
#2215=EDGE_CURVE('',#2897,#2898,#364,.T.);
#2216=EDGE_CURVE('',#2898,#2899,#3258,.F.);
#2217=EDGE_CURVE('',#2899,#2900,#365,.F.);
#2218=EDGE_CURVE('',#2900,#2901,#3259,.F.);
#2219=EDGE_CURVE('',#2901,#2902,#366,.T.);
#2220=EDGE_CURVE('',#2902,#2903,#3260,.F.);
#2221=EDGE_CURVE('',#2903,#2904,#367,.F.);
#2222=EDGE_CURVE('',#2904,#2905,#3261,.F.);
#2223=EDGE_CURVE('',#2905,#2906,#368,.T.);
#2224=EDGE_CURVE('',#2906,#2907,#3262,.F.);
#2225=EDGE_CURVE('',#2907,#2908,#369,.F.);
#2226=EDGE_CURVE('',#2908,#2909,#3263,.F.);
#2227=EDGE_CURVE('',#2909,#2910,#370,.T.);
#2228=EDGE_CURVE('',#2910,#2911,#3264,.F.);
#2229=EDGE_CURVE('',#2911,#2912,#371,.F.);
#2230=EDGE_CURVE('',#2912,#2913,#3265,.F.);
#2231=EDGE_CURVE('',#2913,#2914,#372,.T.);
#2232=EDGE_CURVE('',#2914,#2915,#3266,.F.);
#2233=EDGE_CURVE('',#2915,#2916,#373,.F.);
#2234=EDGE_CURVE('',#2916,#2917,#3267,.F.);
#2235=EDGE_CURVE('',#2917,#2918,#374,.T.);
#2236=EDGE_CURVE('',#2918,#2919,#3268,.F.);
#2237=EDGE_CURVE('',#2919,#2920,#375,.F.);
#2238=EDGE_CURVE('',#2920,#2921,#3269,.F.);
#2239=EDGE_CURVE('',#2921,#2922,#376,.T.);
#2240=EDGE_CURVE('',#2922,#2923,#3270,.F.);
#2241=EDGE_CURVE('',#2923,#2924,#377,.F.);
#2242=EDGE_CURVE('',#2924,#2925,#3271,.F.);
#2243=EDGE_CURVE('',#2925,#2926,#378,.T.);
#2244=EDGE_CURVE('',#2926,#2927,#3272,.F.);
#2245=EDGE_CURVE('',#2927,#2928,#379,.F.);
#2246=EDGE_CURVE('',#2928,#2929,#3273,.F.);
#2247=EDGE_CURVE('',#2929,#2930,#380,.T.);
#2248=EDGE_CURVE('',#2930,#2883,#3274,.F.);
#2249=EDGE_CURVE('',#2869,#2864,#381,.F.);
#2250=EDGE_CURVE('',#2863,#2870,#477,.T.);
#2251=EDGE_CURVE('',#2873,#2868,#382,.T.);
#2252=EDGE_CURVE('',#2867,#2874,#478,.T.);
#2253=EDGE_CURVE('',#2877,#2872,#383,.F.);
#2254=EDGE_CURVE('',#2871,#2878,#479,.T.);
#2255=EDGE_CURVE('',#2881,#2876,#384,.T.);
#2256=EDGE_CURVE('',#2875,#2882,#480,.T.);
#2257=EDGE_CURVE('',#2789,#2880,#385,.F.);
#2258=EDGE_CURVE('',#2879,#2790,#481,.T.);
#2259=EDGE_CURVE('',#2793,#2788,#386,.T.);
#2260=EDGE_CURVE('',#2787,#2794,#482,.T.);
#2261=EDGE_CURVE('',#2797,#2792,#387,.F.);
#2262=EDGE_CURVE('',#2791,#2798,#483,.T.);
#2263=EDGE_CURVE('',#2801,#2796,#388,.T.);
#2264=EDGE_CURVE('',#2795,#2802,#484,.T.);
#2265=EDGE_CURVE('',#2805,#2800,#389,.F.);
#2266=EDGE_CURVE('',#2799,#2806,#485,.T.);
#2267=EDGE_CURVE('',#2809,#2804,#390,.T.);
#2268=EDGE_CURVE('',#2803,#2810,#486,.T.);
#2269=EDGE_CURVE('',#2813,#2808,#391,.F.);
#2270=EDGE_CURVE('',#2807,#2814,#487,.T.);
#2271=EDGE_CURVE('',#2817,#2812,#392,.T.);
#2272=EDGE_CURVE('',#2811,#2818,#488,.T.);
#2273=EDGE_CURVE('',#2821,#2816,#393,.F.);
#2274=EDGE_CURVE('',#2815,#2822,#489,.T.);
#2275=EDGE_CURVE('',#2825,#2820,#394,.T.);
#2276=EDGE_CURVE('',#2819,#2826,#490,.T.);
#2277=EDGE_CURVE('',#2829,#2824,#395,.F.);
#2278=EDGE_CURVE('',#2823,#2830,#491,.T.);
#2279=EDGE_CURVE('',#2833,#2828,#396,.T.);
#2280=EDGE_CURVE('',#2827,#2834,#492,.T.);
#2281=EDGE_CURVE('',#2837,#2832,#397,.F.);
#2282=EDGE_CURVE('',#2831,#2838,#493,.T.);
#2283=EDGE_CURVE('',#2841,#2836,#398,.T.);
#2284=EDGE_CURVE('',#2835,#2842,#494,.T.);
#2285=EDGE_CURVE('',#2845,#2840,#399,.F.);
#2286=EDGE_CURVE('',#2839,#2846,#495,.T.);
#2287=EDGE_CURVE('',#2849,#2844,#400,.T.);
#2288=EDGE_CURVE('',#2843,#2850,#496,.T.);
#2289=EDGE_CURVE('',#2853,#2848,#401,.F.);
#2290=EDGE_CURVE('',#2847,#2854,#497,.T.);
#2291=EDGE_CURVE('',#2861,#2856,#402,.F.);
#2292=EDGE_CURVE('',#2855,#2862,#498,.T.);
#2293=EDGE_CURVE('',#2857,#2852,#403,.T.);
#2294=EDGE_CURVE('',#2851,#2858,#499,.T.);
#2295=EDGE_CURVE('',#2865,#2860,#404,.T.);
#2296=EDGE_CURVE('',#2859,#2866,#500,.T.);
#2297=EDGE_CURVE('',#2931,#2932,#501,.T.);
#2298=EDGE_CURVE('',#2932,#2933,#502,.T.);
#2299=EDGE_CURVE('',#2933,#2934,#503,.T.);
#2300=EDGE_CURVE('',#2934,#2935,#504,.T.);
#2301=EDGE_CURVE('',#2935,#2936,#505,.T.);
#2302=EDGE_CURVE('',#2936,#2937,#506,.T.);
#2303=EDGE_CURVE('',#2937,#2938,#507,.T.);
#2304=EDGE_CURVE('',#2938,#2939,#508,.T.);
#2305=EDGE_CURVE('',#2939,#2940,#509,.T.);
#2306=EDGE_CURVE('',#2940,#2941,#510,.T.);
#2307=EDGE_CURVE('',#2941,#2942,#511,.T.);
#2308=EDGE_CURVE('',#2942,#2943,#512,.T.);
#2309=EDGE_CURVE('',#2943,#2944,#513,.T.);
#2310=EDGE_CURVE('',#2944,#2945,#514,.T.);
#2311=EDGE_CURVE('',#2945,#2946,#515,.T.);
#2312=EDGE_CURVE('',#2946,#2947,#516,.T.);
#2313=EDGE_CURVE('',#2947,#2948,#517,.T.);
#2314=EDGE_CURVE('',#2948,#2949,#518,.T.);
#2315=EDGE_CURVE('',#2949,#2950,#519,.T.);
#2316=EDGE_CURVE('',#2950,#2951,#520,.T.);
#2317=EDGE_CURVE('',#2951,#2952,#521,.T.);
#2318=EDGE_CURVE('',#2952,#2953,#522,.T.);
#2319=EDGE_CURVE('',#2953,#2954,#523,.T.);
#2320=EDGE_CURVE('',#2954,#2955,#524,.T.);
#2321=EDGE_CURVE('',#2955,#2956,#525,.T.);
#2322=EDGE_CURVE('',#2956,#2957,#526,.T.);
#2323=EDGE_CURVE('',#2957,#2958,#527,.T.);
#2324=EDGE_CURVE('',#2958,#2959,#528,.T.);
#2325=EDGE_CURVE('',#2959,#2960,#529,.T.);
#2326=EDGE_CURVE('',#2960,#2961,#530,.T.);
#2327=EDGE_CURVE('',#2961,#2962,#531,.T.);
#2328=EDGE_CURVE('',#2962,#2963,#532,.T.);
#2329=EDGE_CURVE('',#2963,#2964,#533,.T.);
#2330=EDGE_CURVE('',#2964,#2965,#534,.T.);
#2331=EDGE_CURVE('',#2965,#2966,#535,.T.);
#2332=EDGE_CURVE('',#2966,#2967,#536,.T.);
#2333=EDGE_CURVE('',#2967,#2968,#537,.T.);
#2334=EDGE_CURVE('',#2968,#2969,#538,.T.);
#2335=EDGE_CURVE('',#2969,#2970,#539,.T.);
#2336=EDGE_CURVE('',#2970,#2971,#540,.T.);
#2337=EDGE_CURVE('',#2971,#2972,#541,.T.);
#2338=EDGE_CURVE('',#2972,#2973,#542,.T.);
#2339=EDGE_CURVE('',#2973,#2974,#543,.T.);
#2340=EDGE_CURVE('',#2974,#2975,#544,.T.);
#2341=EDGE_CURVE('',#2975,#2976,#545,.T.);
#2342=EDGE_CURVE('',#2976,#2977,#546,.T.);
#2343=EDGE_CURVE('',#2977,#2978,#547,.T.);
#2344=EDGE_CURVE('',#2978,#2931,#548,.T.);
#2345=EDGE_CURVE('',#2979,#2980,#549,.T.);
#2346=EDGE_CURVE('',#2980,#2981,#550,.T.);
#2347=EDGE_CURVE('',#2981,#2982,#551,.T.);
#2348=EDGE_CURVE('',#2982,#2983,#552,.T.);
#2349=EDGE_CURVE('',#2983,#2984,#553,.T.);
#2350=EDGE_CURVE('',#2984,#2985,#554,.T.);
#2351=EDGE_CURVE('',#2985,#2986,#555,.T.);
#2352=EDGE_CURVE('',#2986,#2987,#556,.T.);
#2353=EDGE_CURVE('',#2987,#2988,#557,.T.);
#2354=EDGE_CURVE('',#2988,#2989,#558,.T.);
#2355=EDGE_CURVE('',#2989,#2990,#559,.T.);
#2356=EDGE_CURVE('',#2990,#2991,#560,.T.);
#2357=EDGE_CURVE('',#2991,#2992,#561,.T.);
#2358=EDGE_CURVE('',#2992,#2993,#562,.T.);
#2359=EDGE_CURVE('',#2993,#2994,#563,.T.);
#2360=EDGE_CURVE('',#2994,#2995,#564,.T.);
#2361=EDGE_CURVE('',#2995,#2996,#565,.T.);
#2362=EDGE_CURVE('',#2996,#2997,#566,.T.);
#2363=EDGE_CURVE('',#2997,#2998,#567,.T.);
#2364=EDGE_CURVE('',#2998,#2999,#568,.T.);
#2365=EDGE_CURVE('',#2999,#3000,#569,.T.);
#2366=EDGE_CURVE('',#3000,#3001,#570,.T.);
#2367=EDGE_CURVE('',#3001,#3002,#571,.T.);
#2368=EDGE_CURVE('',#3002,#3003,#572,.T.);
#2369=EDGE_CURVE('',#3003,#3004,#573,.T.);
#2370=EDGE_CURVE('',#3004,#3005,#574,.T.);
#2371=EDGE_CURVE('',#3005,#3006,#575,.T.);
#2372=EDGE_CURVE('',#3006,#3007,#576,.T.);
#2373=EDGE_CURVE('',#3007,#3008,#577,.T.);
#2374=EDGE_CURVE('',#3008,#3009,#578,.T.);
#2375=EDGE_CURVE('',#3009,#3010,#579,.T.);
#2376=EDGE_CURVE('',#3010,#3011,#580,.T.);
#2377=EDGE_CURVE('',#3011,#3012,#581,.T.);
#2378=EDGE_CURVE('',#3012,#3013,#582,.T.);
#2379=EDGE_CURVE('',#3013,#3014,#583,.T.);
#2380=EDGE_CURVE('',#3014,#3015,#584,.T.);
#2381=EDGE_CURVE('',#3015,#3016,#585,.T.);
#2382=EDGE_CURVE('',#3016,#3017,#586,.T.);
#2383=EDGE_CURVE('',#3017,#3018,#587,.T.);
#2384=EDGE_CURVE('',#3018,#3019,#588,.T.);
#2385=EDGE_CURVE('',#3019,#3020,#589,.T.);
#2386=EDGE_CURVE('',#3020,#3021,#590,.T.);
#2387=EDGE_CURVE('',#3021,#3022,#591,.T.);
#2388=EDGE_CURVE('',#3022,#3023,#592,.T.);
#2389=EDGE_CURVE('',#3023,#3024,#593,.T.);
#2390=EDGE_CURVE('',#3024,#3025,#594,.T.);
#2391=EDGE_CURVE('',#3025,#3026,#595,.T.);
#2392=EDGE_CURVE('',#3026,#2979,#596,.T.);
#2393=EDGE_CURVE('',#3027,#3028,#3275,.T.);
#2394=EDGE_CURVE('',#3028,#3029,#3276,.F.);
#2395=EDGE_CURVE('',#3029,#3030,#3277,.F.);
#2396=EDGE_CURVE('',#3030,#3027,#597,.T.);
#2397=EDGE_CURVE('',#3031,#3032,#3278,.T.);
#2398=EDGE_CURVE('',#3032,#3033,#3279,.F.);
#2399=EDGE_CURVE('',#3033,#3034,#3280,.F.);
#2400=EDGE_CURVE('',#3034,#3031,#598,.T.);
#2401=EDGE_CURVE('',#3035,#3036,#3281,.T.);
#2402=EDGE_CURVE('',#3036,#3037,#3282,.F.);
#2403=EDGE_CURVE('',#3037,#3038,#3283,.F.);
#2404=EDGE_CURVE('',#3038,#3035,#599,.T.);
#2405=EDGE_CURVE('',#3039,#3040,#3284,.T.);
#2406=EDGE_CURVE('',#3040,#3041,#3285,.F.);
#2407=EDGE_CURVE('',#3041,#3042,#3286,.F.);
#2408=EDGE_CURVE('',#3042,#3039,#600,.T.);
#2409=EDGE_CURVE('',#3043,#3044,#3287,.T.);
#2410=EDGE_CURVE('',#3044,#3045,#3288,.F.);
#2411=EDGE_CURVE('',#3045,#3046,#3289,.F.);
#2412=EDGE_CURVE('',#3046,#3043,#601,.T.);
#2413=EDGE_CURVE('',#3047,#3048,#3290,.T.);
#2414=EDGE_CURVE('',#3048,#3049,#3291,.F.);
#2415=EDGE_CURVE('',#3049,#3050,#3292,.F.);
#2416=EDGE_CURVE('',#3050,#3047,#602,.T.);
#2417=EDGE_CURVE('',#3051,#3052,#3293,.T.);
#2418=EDGE_CURVE('',#3052,#3053,#3294,.F.);
#2419=EDGE_CURVE('',#3053,#3054,#3295,.F.);
#2420=EDGE_CURVE('',#3054,#3051,#603,.T.);
#2421=EDGE_CURVE('',#3055,#3056,#3296,.T.);
#2422=EDGE_CURVE('',#3056,#3057,#3297,.F.);
#2423=EDGE_CURVE('',#3057,#3058,#3298,.F.);
#2424=EDGE_CURVE('',#3058,#3055,#604,.T.);
#2425=EDGE_CURVE('',#3059,#3060,#3299,.T.);
#2426=EDGE_CURVE('',#3060,#3061,#3300,.F.);
#2427=EDGE_CURVE('',#3061,#3062,#3301,.F.);
#2428=EDGE_CURVE('',#3062,#3059,#605,.T.);
#2429=EDGE_CURVE('',#3063,#3064,#3302,.T.);
#2430=EDGE_CURVE('',#3064,#3065,#3303,.F.);
#2431=EDGE_CURVE('',#3065,#3066,#3304,.F.);
#2432=EDGE_CURVE('',#3066,#3063,#606,.T.);
#2433=EDGE_CURVE('',#3067,#3068,#3305,.T.);
#2434=EDGE_CURVE('',#3068,#3069,#3306,.F.);
#2435=EDGE_CURVE('',#3069,#3070,#3307,.F.);
#2436=EDGE_CURVE('',#3070,#3067,#607,.T.);
#2437=EDGE_CURVE('',#3071,#3072,#3308,.T.);
#2438=EDGE_CURVE('',#3072,#3073,#3309,.F.);
#2439=EDGE_CURVE('',#3073,#3074,#3310,.F.);
#2440=EDGE_CURVE('',#3074,#3071,#608,.T.);
#2441=EDGE_CURVE('',#3075,#3076,#3311,.T.);
#2442=EDGE_CURVE('',#3076,#3077,#3312,.F.);
#2443=EDGE_CURVE('',#3077,#3078,#3313,.F.);
#2444=EDGE_CURVE('',#3078,#3075,#609,.T.);
#2445=EDGE_CURVE('',#3079,#3080,#3314,.T.);
#2446=EDGE_CURVE('',#3080,#3081,#3315,.F.);
#2447=EDGE_CURVE('',#3081,#3082,#3316,.F.);
#2448=EDGE_CURVE('',#3082,#3079,#610,.T.);
#2449=EDGE_CURVE('',#3083,#3084,#3317,.T.);
#2450=EDGE_CURVE('',#3084,#3085,#3318,.F.);
#2451=EDGE_CURVE('',#3085,#3086,#3319,.F.);
#2452=EDGE_CURVE('',#3086,#3083,#611,.T.);
#2453=EDGE_CURVE('',#3087,#3088,#3320,.T.);
#2454=EDGE_CURVE('',#3088,#3089,#3321,.F.);
#2455=EDGE_CURVE('',#3089,#3090,#3322,.F.);
#2456=EDGE_CURVE('',#3090,#3087,#612,.T.);
#2457=EDGE_CURVE('',#3091,#3092,#3323,.T.);
#2458=EDGE_CURVE('',#3092,#3093,#3324,.F.);
#2459=EDGE_CURVE('',#3093,#3094,#3325,.F.);
#2460=EDGE_CURVE('',#3094,#3091,#613,.T.);
#2461=EDGE_CURVE('',#3095,#3096,#3326,.T.);
#2462=EDGE_CURVE('',#3096,#3097,#3327,.F.);
#2463=EDGE_CURVE('',#3097,#3098,#3328,.F.);
#2464=EDGE_CURVE('',#3098,#3095,#614,.T.);
#2465=EDGE_CURVE('',#3099,#3100,#3329,.T.);
#2466=EDGE_CURVE('',#3100,#3101,#3330,.F.);
#2467=EDGE_CURVE('',#3101,#3102,#3331,.F.);
#2468=EDGE_CURVE('',#3102,#3099,#615,.T.);
#2469=EDGE_CURVE('',#3103,#3104,#3332,.T.);
#2470=EDGE_CURVE('',#3104,#3105,#3333,.F.);
#2471=EDGE_CURVE('',#3105,#3106,#3334,.F.);
#2472=EDGE_CURVE('',#3106,#3103,#616,.T.);
#2473=EDGE_CURVE('',#3107,#3108,#3335,.T.);
#2474=EDGE_CURVE('',#3108,#3109,#3336,.F.);
#2475=EDGE_CURVE('',#3109,#3110,#3337,.F.);
#2476=EDGE_CURVE('',#3110,#3107,#617,.T.);
#2477=EDGE_CURVE('',#3111,#3112,#3338,.T.);
#2478=EDGE_CURVE('',#3112,#3113,#3339,.F.);
#2479=EDGE_CURVE('',#3113,#3114,#3340,.F.);
#2480=EDGE_CURVE('',#3114,#3111,#618,.T.);
#2481=EDGE_CURVE('',#3115,#3116,#3341,.T.);
#2482=EDGE_CURVE('',#3116,#3117,#3342,.F.);
#2483=EDGE_CURVE('',#3117,#3118,#3343,.F.);
#2484=EDGE_CURVE('',#3118,#3115,#619,.T.);
#2485=EDGE_CURVE('',#3119,#3120,#3344,.T.);
#2486=EDGE_CURVE('',#3120,#3121,#3345,.F.);
#2487=EDGE_CURVE('',#3121,#3122,#3346,.F.);
#2488=EDGE_CURVE('',#3122,#3119,#620,.T.);
#2489=EDGE_CURVE('',#3123,#3123,#157,.F.);
#2490=EDGE_CURVE('',#3124,#3125,#405,.F.);
#2491=EDGE_CURVE('',#3125,#3126,#3347,.F.);
#2492=EDGE_CURVE('',#3126,#3127,#406,.T.);
#2493=EDGE_CURVE('',#3127,#3128,#3348,.F.);
#2494=EDGE_CURVE('',#3128,#3129,#407,.F.);
#2495=EDGE_CURVE('',#3129,#3130,#3349,.F.);
#2496=EDGE_CURVE('',#3130,#3131,#408,.T.);
#2497=EDGE_CURVE('',#3131,#3132,#3350,.F.);
#2498=EDGE_CURVE('',#3132,#3133,#409,.F.);
#2499=EDGE_CURVE('',#3133,#3134,#3351,.F.);
#2500=EDGE_CURVE('',#3134,#3135,#410,.T.);
#2501=EDGE_CURVE('',#3135,#3136,#3352,.F.);
#2502=EDGE_CURVE('',#3136,#3137,#411,.F.);
#2503=EDGE_CURVE('',#3137,#3138,#3353,.F.);
#2504=EDGE_CURVE('',#3138,#3139,#412,.T.);
#2505=EDGE_CURVE('',#3139,#3140,#3354,.F.);
#2506=EDGE_CURVE('',#3140,#3141,#413,.F.);
#2507=EDGE_CURVE('',#3141,#3142,#3355,.F.);
#2508=EDGE_CURVE('',#3142,#3143,#414,.T.);
#2509=EDGE_CURVE('',#3143,#3144,#3356,.F.);
#2510=EDGE_CURVE('',#3144,#3145,#415,.F.);
#2511=EDGE_CURVE('',#3145,#3146,#3357,.F.);
#2512=EDGE_CURVE('',#3146,#3147,#416,.T.);
#2513=EDGE_CURVE('',#3147,#3148,#3358,.F.);
#2514=EDGE_CURVE('',#3148,#3149,#417,.F.);
#2515=EDGE_CURVE('',#3149,#3150,#3359,.F.);
#2516=EDGE_CURVE('',#3150,#3151,#418,.T.);
#2517=EDGE_CURVE('',#3151,#3152,#3360,.F.);
#2518=EDGE_CURVE('',#3152,#3153,#419,.F.);
#2519=EDGE_CURVE('',#3153,#3154,#3361,.F.);
#2520=EDGE_CURVE('',#3154,#3155,#420,.T.);
#2521=EDGE_CURVE('',#3155,#3156,#3362,.F.);
#2522=EDGE_CURVE('',#3156,#3157,#421,.F.);
#2523=EDGE_CURVE('',#3157,#3158,#3363,.F.);
#2524=EDGE_CURVE('',#3158,#3159,#422,.T.);
#2525=EDGE_CURVE('',#3159,#3160,#3364,.F.);
#2526=EDGE_CURVE('',#3160,#3161,#423,.F.);
#2527=EDGE_CURVE('',#3161,#3162,#3365,.F.);
#2528=EDGE_CURVE('',#3162,#3163,#424,.T.);
#2529=EDGE_CURVE('',#3163,#3164,#3366,.F.);
#2530=EDGE_CURVE('',#3164,#3165,#425,.F.);
#2531=EDGE_CURVE('',#3165,#3166,#3367,.F.);
#2532=EDGE_CURVE('',#3166,#3167,#426,.T.);
#2533=EDGE_CURVE('',#3167,#3168,#3368,.F.);
#2534=EDGE_CURVE('',#3168,#3169,#427,.F.);
#2535=EDGE_CURVE('',#3169,#3170,#3369,.F.);
#2536=EDGE_CURVE('',#3170,#3171,#428,.T.);
#2537=EDGE_CURVE('',#3171,#3124,#3370,.F.);
#2538=EDGE_CURVE('',#3045,#3040,#429,.T.);
#2539=EDGE_CURVE('',#3039,#3046,#621,.T.);
#2540=EDGE_CURVE('',#3041,#3036,#430,.F.);
#2541=EDGE_CURVE('',#3035,#3042,#622,.T.);
#2542=EDGE_CURVE('',#3037,#3032,#431,.T.);
#2543=EDGE_CURVE('',#3031,#3038,#623,.T.);
#2544=EDGE_CURVE('',#3033,#3028,#432,.F.);
#2545=EDGE_CURVE('',#3027,#3034,#624,.T.);
#2546=EDGE_CURVE('',#3029,#3120,#433,.T.);
#2547=EDGE_CURVE('',#3119,#3030,#625,.T.);
#2548=EDGE_CURVE('',#3121,#3116,#434,.F.);
#2549=EDGE_CURVE('',#3115,#3122,#626,.T.);
#2550=EDGE_CURVE('',#3117,#3112,#435,.T.);
#2551=EDGE_CURVE('',#3111,#3118,#627,.T.);
#2552=EDGE_CURVE('',#3113,#3108,#436,.F.);
#2553=EDGE_CURVE('',#3107,#3114,#628,.T.);
#2554=EDGE_CURVE('',#3109,#3104,#437,.T.);
#2555=EDGE_CURVE('',#3103,#3110,#629,.T.);
#2556=EDGE_CURVE('',#3105,#3100,#438,.F.);
#2557=EDGE_CURVE('',#3099,#3106,#630,.T.);
#2558=EDGE_CURVE('',#3101,#3096,#439,.T.);
#2559=EDGE_CURVE('',#3095,#3102,#631,.T.);
#2560=EDGE_CURVE('',#3097,#3092,#440,.F.);
#2561=EDGE_CURVE('',#3091,#3098,#632,.T.);
#2562=EDGE_CURVE('',#3093,#3088,#441,.T.);
#2563=EDGE_CURVE('',#3087,#3094,#633,.T.);
#2564=EDGE_CURVE('',#3089,#3084,#442,.F.);
#2565=EDGE_CURVE('',#3083,#3090,#634,.T.);
#2566=EDGE_CURVE('',#3085,#3080,#443,.T.);
#2567=EDGE_CURVE('',#3079,#3086,#635,.T.);
#2568=EDGE_CURVE('',#3081,#3076,#444,.F.);
#2569=EDGE_CURVE('',#3075,#3082,#636,.T.);
#2570=EDGE_CURVE('',#3077,#3072,#445,.T.);
#2571=EDGE_CURVE('',#3071,#3078,#637,.T.);
#2572=EDGE_CURVE('',#3073,#3068,#446,.F.);
#2573=EDGE_CURVE('',#3067,#3074,#638,.T.);
#2574=EDGE_CURVE('',#3069,#3064,#447,.T.);
#2575=EDGE_CURVE('',#3063,#3070,#639,.T.);
#2576=EDGE_CURVE('',#3065,#3060,#448,.F.);
#2577=EDGE_CURVE('',#3059,#3066,#640,.T.);
#2578=EDGE_CURVE('',#3061,#3056,#449,.T.);
#2579=EDGE_CURVE('',#3055,#3062,#641,.T.);
#2580=EDGE_CURVE('',#3057,#3052,#450,.F.);
#2581=EDGE_CURVE('',#3051,#3058,#642,.T.);
#2582=EDGE_CURVE('',#3053,#3048,#451,.T.);
#2583=EDGE_CURVE('',#3047,#3054,#643,.T.);
#2584=EDGE_CURVE('',#3049,#3044,#452,.F.);
#2585=EDGE_CURVE('',#3043,#3050,#644,.T.);
#2586=EDGE_CURVE('',#3103,#2971,#645,.F.);
#2587=EDGE_CURVE('',#2972,#3106,#646,.F.);
#2588=EDGE_CURVE('',#2973,#3099,#647,.T.);
#2589=EDGE_CURVE('',#3110,#2970,#648,.T.);
#2590=EDGE_CURVE('',#2974,#3102,#649,.F.);
#2591=EDGE_CURVE('',#3107,#2969,#650,.F.);
#2592=EDGE_CURVE('',#2975,#3095,#651,.T.);
#2593=EDGE_CURVE('',#3114,#2968,#652,.T.);
#2594=EDGE_CURVE('',#2976,#3098,#653,.F.);
#2595=EDGE_CURVE('',#3111,#2967,#654,.F.);
#2596=EDGE_CURVE('',#2977,#3091,#655,.T.);
#2597=EDGE_CURVE('',#3118,#2966,#656,.T.);
#2598=EDGE_CURVE('',#2978,#3094,#657,.F.);
#2599=EDGE_CURVE('',#3115,#2965,#658,.F.);
#2600=EDGE_CURVE('',#2931,#3087,#659,.T.);
#2601=EDGE_CURVE('',#3122,#2964,#660,.T.);
#2602=EDGE_CURVE('',#2932,#3090,#661,.F.);
#2603=EDGE_CURVE('',#3119,#2963,#662,.F.);
#2604=EDGE_CURVE('',#2933,#3083,#663,.T.);
#2605=EDGE_CURVE('',#3030,#2962,#664,.T.);
#2606=EDGE_CURVE('',#2934,#3086,#665,.F.);
#2607=EDGE_CURVE('',#3027,#2961,#666,.F.);
#2608=EDGE_CURVE('',#2935,#3079,#667,.T.);
#2609=EDGE_CURVE('',#3034,#2960,#668,.T.);
#2610=EDGE_CURVE('',#2936,#3082,#669,.F.);
#2611=EDGE_CURVE('',#3031,#2959,#670,.F.);
#2612=EDGE_CURVE('',#2937,#3075,#671,.T.);
#2613=EDGE_CURVE('',#3038,#2958,#672,.T.);
#2614=EDGE_CURVE('',#2938,#3078,#673,.F.);
#2615=EDGE_CURVE('',#3035,#2957,#674,.F.);
#2616=EDGE_CURVE('',#2939,#3071,#675,.T.);
#2617=EDGE_CURVE('',#3042,#2956,#676,.T.);
#2618=EDGE_CURVE('',#2940,#3074,#677,.F.);
#2619=EDGE_CURVE('',#3039,#2955,#678,.F.);
#2620=EDGE_CURVE('',#2941,#3067,#679,.T.);
#2621=EDGE_CURVE('',#3046,#2954,#680,.T.);
#2622=EDGE_CURVE('',#2942,#3070,#681,.F.);
#2623=EDGE_CURVE('',#3043,#2953,#682,.F.);
#2624=EDGE_CURVE('',#2943,#3063,#683,.T.);
#2625=EDGE_CURVE('',#3050,#2952,#684,.T.);
#2626=EDGE_CURVE('',#2944,#3066,#685,.F.);
#2627=EDGE_CURVE('',#3047,#2951,#686,.F.);
#2628=EDGE_CURVE('',#2945,#3059,#687,.T.);
#2629=EDGE_CURVE('',#3054,#2950,#688,.T.);
#2630=EDGE_CURVE('',#2946,#3062,#689,.F.);
#2631=EDGE_CURVE('',#3051,#2949,#690,.F.);
#2632=EDGE_CURVE('',#2947,#3055,#691,.T.);
#2633=EDGE_CURVE('',#3058,#2948,#692,.T.);
#2634=EDGE_CURVE('',#2835,#3019,#693,.F.);
#2635=EDGE_CURVE('',#3020,#2838,#694,.F.);
#2636=EDGE_CURVE('',#3021,#2831,#695,.T.);
#2637=EDGE_CURVE('',#2842,#3018,#696,.T.);
#2638=EDGE_CURVE('',#3022,#2834,#697,.F.);
#2639=EDGE_CURVE('',#2839,#3017,#698,.F.);
#2640=EDGE_CURVE('',#3023,#2827,#699,.T.);
#2641=EDGE_CURVE('',#2846,#3016,#700,.T.);
#2642=EDGE_CURVE('',#3024,#2830,#701,.F.);
#2643=EDGE_CURVE('',#2843,#3015,#702,.F.);
#2644=EDGE_CURVE('',#3025,#2823,#703,.T.);
#2645=EDGE_CURVE('',#2850,#3014,#704,.T.);
#2646=EDGE_CURVE('',#3026,#2826,#705,.F.);
#2647=EDGE_CURVE('',#2847,#3013,#706,.F.);
#2648=EDGE_CURVE('',#2979,#2819,#707,.T.);
#2649=EDGE_CURVE('',#2854,#3012,#708,.T.);
#2650=EDGE_CURVE('',#2980,#2822,#709,.F.);
#2651=EDGE_CURVE('',#2851,#3011,#710,.F.);
#2652=EDGE_CURVE('',#2981,#2815,#711,.T.);
#2653=EDGE_CURVE('',#2858,#3010,#712,.T.);
#2654=EDGE_CURVE('',#2982,#2818,#713,.F.);
#2655=EDGE_CURVE('',#2855,#3009,#714,.F.);
#2656=EDGE_CURVE('',#2983,#2811,#715,.T.);
#2657=EDGE_CURVE('',#2862,#3008,#716,.T.);
#2658=EDGE_CURVE('',#2984,#2814,#717,.F.);
#2659=EDGE_CURVE('',#2859,#3007,#718,.F.);
#2660=EDGE_CURVE('',#2985,#2807,#719,.T.);
#2661=EDGE_CURVE('',#2866,#3006,#720,.T.);
#2662=EDGE_CURVE('',#2986,#2810,#721,.F.);
#2663=EDGE_CURVE('',#2863,#3005,#722,.F.);
#2664=EDGE_CURVE('',#2987,#2803,#723,.T.);
#2665=EDGE_CURVE('',#2870,#3004,#724,.T.);
#2666=EDGE_CURVE('',#2988,#2806,#725,.F.);
#2667=EDGE_CURVE('',#2867,#3003,#726,.F.);
#2668=EDGE_CURVE('',#2989,#2799,#727,.T.);
#2669=EDGE_CURVE('',#2874,#3002,#728,.T.);
#2670=EDGE_CURVE('',#2990,#2802,#729,.F.);
#2671=EDGE_CURVE('',#2871,#3001,#730,.F.);
#2672=EDGE_CURVE('',#2991,#2795,#731,.T.);
#2673=EDGE_CURVE('',#2878,#3000,#732,.T.);
#2674=EDGE_CURVE('',#2992,#2798,#733,.F.);
#2675=EDGE_CURVE('',#2875,#2999,#734,.F.);
#2676=EDGE_CURVE('',#2993,#2791,#735,.T.);
#2677=EDGE_CURVE('',#2882,#2998,#736,.T.);
#2678=EDGE_CURVE('',#2994,#2794,#737,.F.);
#2679=EDGE_CURVE('',#2879,#2997,#738,.F.);
#2680=EDGE_CURVE('',#2995,#2787,#739,.T.);
#2681=EDGE_CURVE('',#2790,#2996,#740,.T.);
#2682=EDGE_CURVE('',#3172,#3172,#158,.T.);
#2683=EDGE_CURVE('',#3173,#3173,#159,.F.);
#2684=EDGE_CURVE('',#3174,#3174,#160,.T.);
#2685=EDGE_CURVE('',#3175,#3176,#161,.T.);
#2686=EDGE_CURVE('',#3176,#3175,#3371,.T.);
#2687=EDGE_CURVE('',#3176,#3177,#3372,.T.);
#2688=EDGE_CURVE('',#3177,#3178,#3373,.T.);
#2689=EDGE_CURVE('',#3175,#3178,#3374,.T.);
#2690=EDGE_CURVE('',#3177,#3178,#162,.T.);
#2691=EDGE_CURVE('',#3073,#3149,#163,.T.);
#2692=EDGE_CURVE('',#3150,#3072,#164,.T.);
#2693=EDGE_CURVE('',#3151,#3077,#165,.T.);
#2694=EDGE_CURVE('',#3068,#3148,#166,.T.);
#2695=EDGE_CURVE('',#3152,#3076,#167,.T.);
#2696=EDGE_CURVE('',#3069,#3147,#168,.T.);
#2697=EDGE_CURVE('',#3153,#3081,#169,.T.);
#2698=EDGE_CURVE('',#3064,#3146,#170,.T.);
#2699=EDGE_CURVE('',#3154,#3080,#171,.T.);
#2700=EDGE_CURVE('',#3065,#3145,#172,.T.);
#2701=EDGE_CURVE('',#3155,#3085,#173,.T.);
#2702=EDGE_CURVE('',#3060,#3144,#174,.T.);
#2703=EDGE_CURVE('',#3156,#3084,#175,.T.);
#2704=EDGE_CURVE('',#3061,#3143,#176,.T.);
#2705=EDGE_CURVE('',#3157,#3089,#177,.T.);
#2706=EDGE_CURVE('',#3056,#3142,#178,.T.);
#2707=EDGE_CURVE('',#3158,#3088,#179,.T.);
#2708=EDGE_CURVE('',#3057,#3141,#180,.T.);
#2709=EDGE_CURVE('',#3159,#3093,#181,.T.);
#2710=EDGE_CURVE('',#3052,#3140,#182,.T.);
#2711=EDGE_CURVE('',#3160,#3092,#183,.T.);
#2712=EDGE_CURVE('',#3053,#3139,#184,.T.);
#2713=EDGE_CURVE('',#3161,#3097,#185,.T.);
#2714=EDGE_CURVE('',#3048,#3138,#186,.T.);
#2715=EDGE_CURVE('',#3162,#3096,#187,.T.);
#2716=EDGE_CURVE('',#3049,#3137,#188,.T.);
#2717=EDGE_CURVE('',#3163,#3101,#189,.T.);
#2718=EDGE_CURVE('',#3044,#3136,#190,.T.);
#2719=EDGE_CURVE('',#3164,#3100,#191,.T.);
#2720=EDGE_CURVE('',#3045,#3135,#192,.T.);
#2721=EDGE_CURVE('',#3165,#3105,#193,.T.);
#2722=EDGE_CURVE('',#3040,#3134,#194,.T.);
#2723=EDGE_CURVE('',#3166,#3104,#195,.T.);
#2724=EDGE_CURVE('',#3041,#3133,#196,.T.);
#2725=EDGE_CURVE('',#3167,#3109,#197,.T.);
#2726=EDGE_CURVE('',#3036,#3132,#198,.T.);
#2727=EDGE_CURVE('',#3168,#3108,#199,.T.);
#2728=EDGE_CURVE('',#3037,#3131,#200,.T.);
#2729=EDGE_CURVE('',#3169,#3113,#201,.T.);
#2730=EDGE_CURVE('',#3032,#3130,#202,.T.);
#2731=EDGE_CURVE('',#3170,#3112,#203,.T.);
#2732=EDGE_CURVE('',#3033,#3129,#204,.T.);
#2733=EDGE_CURVE('',#3171,#3117,#205,.T.);
#2734=EDGE_CURVE('',#3028,#3128,#206,.T.);
#2735=EDGE_CURVE('',#3124,#3116,#207,.T.);
#2736=EDGE_CURVE('',#3029,#3127,#208,.T.);
#2737=EDGE_CURVE('',#3125,#3121,#209,.T.);
#2738=EDGE_CURVE('',#3120,#3126,#210,.T.);
#2739=EDGE_CURVE('',#2805,#2908,#211,.T.);
#2740=EDGE_CURVE('',#2909,#2804,#212,.T.);
#2741=EDGE_CURVE('',#2910,#2809,#213,.T.);
#2742=EDGE_CURVE('',#2800,#2907,#214,.T.);
#2743=EDGE_CURVE('',#2911,#2808,#215,.T.);
#2744=EDGE_CURVE('',#2801,#2906,#216,.T.);
#2745=EDGE_CURVE('',#2912,#2813,#217,.T.);
#2746=EDGE_CURVE('',#2796,#2905,#218,.T.);
#2747=EDGE_CURVE('',#2913,#2812,#219,.T.);
#2748=EDGE_CURVE('',#2797,#2904,#220,.T.);
#2749=EDGE_CURVE('',#2914,#2817,#221,.T.);
#2750=EDGE_CURVE('',#2792,#2903,#222,.T.);
#2751=EDGE_CURVE('',#2915,#2816,#223,.T.);
#2752=EDGE_CURVE('',#2793,#2902,#224,.T.);
#2753=EDGE_CURVE('',#2916,#2821,#225,.T.);
#2754=EDGE_CURVE('',#2788,#2901,#226,.T.);
#2755=EDGE_CURVE('',#2917,#2820,#227,.T.);
#2756=EDGE_CURVE('',#2789,#2900,#228,.T.);
#2757=EDGE_CURVE('',#2918,#2825,#229,.T.);
#2758=EDGE_CURVE('',#2880,#2899,#230,.T.);
#2759=EDGE_CURVE('',#2919,#2824,#231,.T.);
#2760=EDGE_CURVE('',#2881,#2898,#232,.T.);
#2761=EDGE_CURVE('',#2920,#2829,#233,.T.);
#2762=EDGE_CURVE('',#2876,#2897,#234,.T.);
#2763=EDGE_CURVE('',#2921,#2828,#235,.T.);
#2764=EDGE_CURVE('',#2877,#2896,#236,.T.);
#2765=EDGE_CURVE('',#2922,#2833,#237,.T.);
#2766=EDGE_CURVE('',#2872,#2895,#238,.T.);
#2767=EDGE_CURVE('',#2923,#2832,#239,.T.);
#2768=EDGE_CURVE('',#2873,#2894,#240,.T.);
#2769=EDGE_CURVE('',#2924,#2837,#241,.T.);
#2770=EDGE_CURVE('',#2868,#2893,#242,.T.);
#2771=EDGE_CURVE('',#2925,#2836,#243,.T.);
#2772=EDGE_CURVE('',#2869,#2892,#244,.T.);
#2773=EDGE_CURVE('',#2926,#2841,#245,.T.);
#2774=EDGE_CURVE('',#2864,#2891,#246,.T.);
#2775=EDGE_CURVE('',#2927,#2840,#247,.T.);
#2776=EDGE_CURVE('',#2865,#2890,#248,.T.);
#2777=EDGE_CURVE('',#2928,#2845,#249,.T.);
#2778=EDGE_CURVE('',#2860,#2889,#250,.T.);
#2779=EDGE_CURVE('',#2929,#2844,#251,.T.);
#2780=EDGE_CURVE('',#2861,#2888,#252,.T.);
#2781=EDGE_CURVE('',#2930,#2849,#253,.T.);
#2782=EDGE_CURVE('',#2856,#2887,#254,.T.);
#2783=EDGE_CURVE('',#2883,#2848,#255,.T.);
#2784=EDGE_CURVE('',#2857,#2886,#256,.T.);
#2785=EDGE_CURVE('',#2884,#2853,#257,.T.);
#2786=EDGE_CURVE('',#2852,#2885,#258,.T.);
#2787=VERTEX_POINT('',#5802);
#2788=VERTEX_POINT('',#5803);
#2789=VERTEX_POINT('',#5805);
#2790=VERTEX_POINT('',#5807);
#2791=VERTEX_POINT('',#5814);
#2792=VERTEX_POINT('',#5815);
#2793=VERTEX_POINT('',#5817);
#2794=VERTEX_POINT('',#5819);
#2795=VERTEX_POINT('',#5826);
#2796=VERTEX_POINT('',#5827);
#2797=VERTEX_POINT('',#5829);
#2798=VERTEX_POINT('',#5831);
#2799=VERTEX_POINT('',#5838);
#2800=VERTEX_POINT('',#5839);
#2801=VERTEX_POINT('',#5841);
#2802=VERTEX_POINT('',#5843);
#2803=VERTEX_POINT('',#5850);
#2804=VERTEX_POINT('',#5851);
#2805=VERTEX_POINT('',#5853);
#2806=VERTEX_POINT('',#5855);
#2807=VERTEX_POINT('',#5862);
#2808=VERTEX_POINT('',#5863);
#2809=VERTEX_POINT('',#5865);
#2810=VERTEX_POINT('',#5867);
#2811=VERTEX_POINT('',#5874);
#2812=VERTEX_POINT('',#5875);
#2813=VERTEX_POINT('',#5877);
#2814=VERTEX_POINT('',#5879);
#2815=VERTEX_POINT('',#5886);
#2816=VERTEX_POINT('',#5887);
#2817=VERTEX_POINT('',#5889);
#2818=VERTEX_POINT('',#5891);
#2819=VERTEX_POINT('',#5898);
#2820=VERTEX_POINT('',#5899);
#2821=VERTEX_POINT('',#5901);
#2822=VERTEX_POINT('',#5903);
#2823=VERTEX_POINT('',#5910);
#2824=VERTEX_POINT('',#5911);
#2825=VERTEX_POINT('',#5913);
#2826=VERTEX_POINT('',#5915);
#2827=VERTEX_POINT('',#5922);
#2828=VERTEX_POINT('',#5923);
#2829=VERTEX_POINT('',#5925);
#2830=VERTEX_POINT('',#5927);
#2831=VERTEX_POINT('',#5934);
#2832=VERTEX_POINT('',#5935);
#2833=VERTEX_POINT('',#5937);
#2834=VERTEX_POINT('',#5939);
#2835=VERTEX_POINT('',#5946);
#2836=VERTEX_POINT('',#5947);
#2837=VERTEX_POINT('',#5949);
#2838=VERTEX_POINT('',#5951);
#2839=VERTEX_POINT('',#5958);
#2840=VERTEX_POINT('',#5959);
#2841=VERTEX_POINT('',#5961);
#2842=VERTEX_POINT('',#5963);
#2843=VERTEX_POINT('',#5970);
#2844=VERTEX_POINT('',#5971);
#2845=VERTEX_POINT('',#5973);
#2846=VERTEX_POINT('',#5975);
#2847=VERTEX_POINT('',#5982);
#2848=VERTEX_POINT('',#5983);
#2849=VERTEX_POINT('',#5985);
#2850=VERTEX_POINT('',#5987);
#2851=VERTEX_POINT('',#5994);
#2852=VERTEX_POINT('',#5995);
#2853=VERTEX_POINT('',#5997);
#2854=VERTEX_POINT('',#5999);
#2855=VERTEX_POINT('',#6006);
#2856=VERTEX_POINT('',#6007);
#2857=VERTEX_POINT('',#6009);
#2858=VERTEX_POINT('',#6011);
#2859=VERTEX_POINT('',#6018);
#2860=VERTEX_POINT('',#6019);
#2861=VERTEX_POINT('',#6021);
#2862=VERTEX_POINT('',#6023);
#2863=VERTEX_POINT('',#6030);
#2864=VERTEX_POINT('',#6031);
#2865=VERTEX_POINT('',#6033);
#2866=VERTEX_POINT('',#6035);
#2867=VERTEX_POINT('',#6042);
#2868=VERTEX_POINT('',#6043);
#2869=VERTEX_POINT('',#6045);
#2870=VERTEX_POINT('',#6047);
#2871=VERTEX_POINT('',#6054);
#2872=VERTEX_POINT('',#6055);
#2873=VERTEX_POINT('',#6057);
#2874=VERTEX_POINT('',#6059);
#2875=VERTEX_POINT('',#6066);
#2876=VERTEX_POINT('',#6067);
#2877=VERTEX_POINT('',#6069);
#2878=VERTEX_POINT('',#6071);
#2879=VERTEX_POINT('',#6078);
#2880=VERTEX_POINT('',#6079);
#2881=VERTEX_POINT('',#6081);
#2882=VERTEX_POINT('',#6083);
#2883=VERTEX_POINT('',#6090);
#2884=VERTEX_POINT('',#6091);
#2885=VERTEX_POINT('',#6093);
#2886=VERTEX_POINT('',#6095);
#2887=VERTEX_POINT('',#6097);
#2888=VERTEX_POINT('',#6099);
#2889=VERTEX_POINT('',#6101);
#2890=VERTEX_POINT('',#6103);
#2891=VERTEX_POINT('',#6105);
#2892=VERTEX_POINT('',#6107);
#2893=VERTEX_POINT('',#6109);
#2894=VERTEX_POINT('',#6111);
#2895=VERTEX_POINT('',#6113);
#2896=VERTEX_POINT('',#6115);
#2897=VERTEX_POINT('',#6117);
#2898=VERTEX_POINT('',#6119);
#2899=VERTEX_POINT('',#6121);
#2900=VERTEX_POINT('',#6123);
#2901=VERTEX_POINT('',#6125);
#2902=VERTEX_POINT('',#6127);
#2903=VERTEX_POINT('',#6129);
#2904=VERTEX_POINT('',#6131);
#2905=VERTEX_POINT('',#6133);
#2906=VERTEX_POINT('',#6135);
#2907=VERTEX_POINT('',#6137);
#2908=VERTEX_POINT('',#6139);
#2909=VERTEX_POINT('',#6141);
#2910=VERTEX_POINT('',#6143);
#2911=VERTEX_POINT('',#6145);
#2912=VERTEX_POINT('',#6147);
#2913=VERTEX_POINT('',#6149);
#2914=VERTEX_POINT('',#6151);
#2915=VERTEX_POINT('',#6153);
#2916=VERTEX_POINT('',#6155);
#2917=VERTEX_POINT('',#6157);
#2918=VERTEX_POINT('',#6159);
#2919=VERTEX_POINT('',#6161);
#2920=VERTEX_POINT('',#6163);
#2921=VERTEX_POINT('',#6165);
#2922=VERTEX_POINT('',#6167);
#2923=VERTEX_POINT('',#6169);
#2924=VERTEX_POINT('',#6171);
#2925=VERTEX_POINT('',#6173);
#2926=VERTEX_POINT('',#6175);
#2927=VERTEX_POINT('',#6177);
#2928=VERTEX_POINT('',#6179);
#2929=VERTEX_POINT('',#6181);
#2930=VERTEX_POINT('',#6183);
#2931=VERTEX_POINT('',#6334);
#2932=VERTEX_POINT('',#6335);
#2933=VERTEX_POINT('',#6340);
#2934=VERTEX_POINT('',#6345);
#2935=VERTEX_POINT('',#6350);
#2936=VERTEX_POINT('',#6355);
#2937=VERTEX_POINT('',#6360);
#2938=VERTEX_POINT('',#6365);
#2939=VERTEX_POINT('',#6370);
#2940=VERTEX_POINT('',#6375);
#2941=VERTEX_POINT('',#6380);
#2942=VERTEX_POINT('',#6385);
#2943=VERTEX_POINT('',#6390);
#2944=VERTEX_POINT('',#6395);
#2945=VERTEX_POINT('',#6400);
#2946=VERTEX_POINT('',#6405);
#2947=VERTEX_POINT('',#6410);
#2948=VERTEX_POINT('',#6415);
#2949=VERTEX_POINT('',#6420);
#2950=VERTEX_POINT('',#6425);
#2951=VERTEX_POINT('',#6430);
#2952=VERTEX_POINT('',#6435);
#2953=VERTEX_POINT('',#6440);
#2954=VERTEX_POINT('',#6445);
#2955=VERTEX_POINT('',#6450);
#2956=VERTEX_POINT('',#6455);
#2957=VERTEX_POINT('',#6460);
#2958=VERTEX_POINT('',#6465);
#2959=VERTEX_POINT('',#6470);
#2960=VERTEX_POINT('',#6475);
#2961=VERTEX_POINT('',#6480);
#2962=VERTEX_POINT('',#6485);
#2963=VERTEX_POINT('',#6490);
#2964=VERTEX_POINT('',#6495);
#2965=VERTEX_POINT('',#6500);
#2966=VERTEX_POINT('',#6505);
#2967=VERTEX_POINT('',#6510);
#2968=VERTEX_POINT('',#6515);
#2969=VERTEX_POINT('',#6520);
#2970=VERTEX_POINT('',#6525);
#2971=VERTEX_POINT('',#6530);
#2972=VERTEX_POINT('',#6535);
#2973=VERTEX_POINT('',#6540);
#2974=VERTEX_POINT('',#6545);
#2975=VERTEX_POINT('',#6550);
#2976=VERTEX_POINT('',#6555);
#2977=VERTEX_POINT('',#6560);
#2978=VERTEX_POINT('',#6565);
#2979=VERTEX_POINT('',#6574);
#2980=VERTEX_POINT('',#6575);
#2981=VERTEX_POINT('',#6580);
#2982=VERTEX_POINT('',#6585);
#2983=VERTEX_POINT('',#6590);
#2984=VERTEX_POINT('',#6595);
#2985=VERTEX_POINT('',#6600);
#2986=VERTEX_POINT('',#6605);
#2987=VERTEX_POINT('',#6610);
#2988=VERTEX_POINT('',#6615);
#2989=VERTEX_POINT('',#6620);
#2990=VERTEX_POINT('',#6625);
#2991=VERTEX_POINT('',#6630);
#2992=VERTEX_POINT('',#6635);
#2993=VERTEX_POINT('',#6640);
#2994=VERTEX_POINT('',#6645);
#2995=VERTEX_POINT('',#6650);
#2996=VERTEX_POINT('',#6655);
#2997=VERTEX_POINT('',#6660);
#2998=VERTEX_POINT('',#6665);
#2999=VERTEX_POINT('',#6670);
#3000=VERTEX_POINT('',#6675);
#3001=VERTEX_POINT('',#6680);
#3002=VERTEX_POINT('',#6685);
#3003=VERTEX_POINT('',#6690);
#3004=VERTEX_POINT('',#6695);
#3005=VERTEX_POINT('',#6700);
#3006=VERTEX_POINT('',#6705);
#3007=VERTEX_POINT('',#6710);
#3008=VERTEX_POINT('',#6715);
#3009=VERTEX_POINT('',#6720);
#3010=VERTEX_POINT('',#6725);
#3011=VERTEX_POINT('',#6730);
#3012=VERTEX_POINT('',#6735);
#3013=VERTEX_POINT('',#6740);
#3014=VERTEX_POINT('',#6745);
#3015=VERTEX_POINT('',#6750);
#3016=VERTEX_POINT('',#6755);
#3017=VERTEX_POINT('',#6760);
#3018=VERTEX_POINT('',#6765);
#3019=VERTEX_POINT('',#6770);
#3020=VERTEX_POINT('',#6775);
#3021=VERTEX_POINT('',#6780);
#3022=VERTEX_POINT('',#6785);
#3023=VERTEX_POINT('',#6790);
#3024=VERTEX_POINT('',#6795);
#3025=VERTEX_POINT('',#6800);
#3026=VERTEX_POINT('',#6805);
#3027=VERTEX_POINT('',#6812);
#3028=VERTEX_POINT('',#6813);
#3029=VERTEX_POINT('',#6815);
#3030=VERTEX_POINT('',#6817);
#3031=VERTEX_POINT('',#6824);
#3032=VERTEX_POINT('',#6825);
#3033=VERTEX_POINT('',#6827);
#3034=VERTEX_POINT('',#6829);
#3035=VERTEX_POINT('',#6836);
#3036=VERTEX_POINT('',#6837);
#3037=VERTEX_POINT('',#6839);
#3038=VERTEX_POINT('',#6841);
#3039=VERTEX_POINT('',#6848);
#3040=VERTEX_POINT('',#6849);
#3041=VERTEX_POINT('',#6851);
#3042=VERTEX_POINT('',#6853);
#3043=VERTEX_POINT('',#6860);
#3044=VERTEX_POINT('',#6861);
#3045=VERTEX_POINT('',#6863);
#3046=VERTEX_POINT('',#6865);
#3047=VERTEX_POINT('',#6872);
#3048=VERTEX_POINT('',#6873);
#3049=VERTEX_POINT('',#6875);
#3050=VERTEX_POINT('',#6877);
#3051=VERTEX_POINT('',#6884);
#3052=VERTEX_POINT('',#6885);
#3053=VERTEX_POINT('',#6887);
#3054=VERTEX_POINT('',#6889);
#3055=VERTEX_POINT('',#6896);
#3056=VERTEX_POINT('',#6897);
#3057=VERTEX_POINT('',#6899);
#3058=VERTEX_POINT('',#6901);
#3059=VERTEX_POINT('',#6908);
#3060=VERTEX_POINT('',#6909);
#3061=VERTEX_POINT('',#6911);
#3062=VERTEX_POINT('',#6913);
#3063=VERTEX_POINT('',#6920);
#3064=VERTEX_POINT('',#6921);
#3065=VERTEX_POINT('',#6923);
#3066=VERTEX_POINT('',#6925);
#3067=VERTEX_POINT('',#6932);
#3068=VERTEX_POINT('',#6933);
#3069=VERTEX_POINT('',#6935);
#3070=VERTEX_POINT('',#6937);
#3071=VERTEX_POINT('',#6944);
#3072=VERTEX_POINT('',#6945);
#3073=VERTEX_POINT('',#6947);
#3074=VERTEX_POINT('',#6949);
#3075=VERTEX_POINT('',#6956);
#3076=VERTEX_POINT('',#6957);
#3077=VERTEX_POINT('',#6959);
#3078=VERTEX_POINT('',#6961);
#3079=VERTEX_POINT('',#6968);
#3080=VERTEX_POINT('',#6969);
#3081=VERTEX_POINT('',#6971);
#3082=VERTEX_POINT('',#6973);
#3083=VERTEX_POINT('',#6980);
#3084=VERTEX_POINT('',#6981);
#3085=VERTEX_POINT('',#6983);
#3086=VERTEX_POINT('',#6985);
#3087=VERTEX_POINT('',#6992);
#3088=VERTEX_POINT('',#6993);
#3089=VERTEX_POINT('',#6995);
#3090=VERTEX_POINT('',#6997);
#3091=VERTEX_POINT('',#7004);
#3092=VERTEX_POINT('',#7005);
#3093=VERTEX_POINT('',#7007);
#3094=VERTEX_POINT('',#7009);
#3095=VERTEX_POINT('',#7016);
#3096=VERTEX_POINT('',#7017);
#3097=VERTEX_POINT('',#7019);
#3098=VERTEX_POINT('',#7021);
#3099=VERTEX_POINT('',#7028);
#3100=VERTEX_POINT('',#7029);
#3101=VERTEX_POINT('',#7031);
#3102=VERTEX_POINT('',#7033);
#3103=VERTEX_POINT('',#7040);
#3104=VERTEX_POINT('',#7041);
#3105=VERTEX_POINT('',#7043);
#3106=VERTEX_POINT('',#7045);
#3107=VERTEX_POINT('',#7052);
#3108=VERTEX_POINT('',#7053);
#3109=VERTEX_POINT('',#7055);
#3110=VERTEX_POINT('',#7057);
#3111=VERTEX_POINT('',#7064);
#3112=VERTEX_POINT('',#7065);
#3113=VERTEX_POINT('',#7067);
#3114=VERTEX_POINT('',#7069);
#3115=VERTEX_POINT('',#7076);
#3116=VERTEX_POINT('',#7077);
#3117=VERTEX_POINT('',#7079);
#3118=VERTEX_POINT('',#7081);
#3119=VERTEX_POINT('',#7088);
#3120=VERTEX_POINT('',#7089);
#3121=VERTEX_POINT('',#7091);
#3122=VERTEX_POINT('',#7093);
#3123=VERTEX_POINT('',#7100);
#3124=VERTEX_POINT('',#7102);
#3125=VERTEX_POINT('',#7103);
#3126=VERTEX_POINT('',#7105);
#3127=VERTEX_POINT('',#7107);
#3128=VERTEX_POINT('',#7109);
#3129=VERTEX_POINT('',#7111);
#3130=VERTEX_POINT('',#7113);
#3131=VERTEX_POINT('',#7115);
#3132=VERTEX_POINT('',#7117);
#3133=VERTEX_POINT('',#7119);
#3134=VERTEX_POINT('',#7121);
#3135=VERTEX_POINT('',#7123);
#3136=VERTEX_POINT('',#7125);
#3137=VERTEX_POINT('',#7127);
#3138=VERTEX_POINT('',#7129);
#3139=VERTEX_POINT('',#7131);
#3140=VERTEX_POINT('',#7133);
#3141=VERTEX_POINT('',#7135);
#3142=VERTEX_POINT('',#7137);
#3143=VERTEX_POINT('',#7139);
#3144=VERTEX_POINT('',#7141);
#3145=VERTEX_POINT('',#7143);
#3146=VERTEX_POINT('',#7145);
#3147=VERTEX_POINT('',#7147);
#3148=VERTEX_POINT('',#7149);
#3149=VERTEX_POINT('',#7151);
#3150=VERTEX_POINT('',#7153);
#3151=VERTEX_POINT('',#7155);
#3152=VERTEX_POINT('',#7157);
#3153=VERTEX_POINT('',#7159);
#3154=VERTEX_POINT('',#7161);
#3155=VERTEX_POINT('',#7163);
#3156=VERTEX_POINT('',#7165);
#3157=VERTEX_POINT('',#7167);
#3158=VERTEX_POINT('',#7169);
#3159=VERTEX_POINT('',#7171);
#3160=VERTEX_POINT('',#7173);
#3161=VERTEX_POINT('',#7175);
#3162=VERTEX_POINT('',#7177);
#3163=VERTEX_POINT('',#7179);
#3164=VERTEX_POINT('',#7181);
#3165=VERTEX_POINT('',#7183);
#3166=VERTEX_POINT('',#7185);
#3167=VERTEX_POINT('',#7187);
#3168=VERTEX_POINT('',#7189);
#3169=VERTEX_POINT('',#7191);
#3170=VERTEX_POINT('',#7193);
#3171=VERTEX_POINT('',#7195);
#3172=VERTEX_POINT('',#9023);
#3173=VERTEX_POINT('',#9025);
#3174=VERTEX_POINT('',#9028);
#3175=VERTEX_POINT('',#9031);
#3176=VERTEX_POINT('',#9032);
#3177=VERTEX_POINT('',#9036);
#3178=VERTEX_POINT('',#9038);
#3179=LINE('',#5801,#3375);
#3180=LINE('',#5804,#3376);
#3181=LINE('',#5806,#3377);
#3182=LINE('',#5813,#3378);
#3183=LINE('',#5816,#3379);
#3184=LINE('',#5818,#3380);
#3185=LINE('',#5825,#3381);
#3186=LINE('',#5828,#3382);
#3187=LINE('',#5830,#3383);
#3188=LINE('',#5837,#3384);
#3189=LINE('',#5840,#3385);
#3190=LINE('',#5842,#3386);
#3191=LINE('',#5849,#3387);
#3192=LINE('',#5852,#3388);
#3193=LINE('',#5854,#3389);
#3194=LINE('',#5861,#3390);
#3195=LINE('',#5864,#3391);
#3196=LINE('',#5866,#3392);
#3197=LINE('',#5873,#3393);
#3198=LINE('',#5876,#3394);
#3199=LINE('',#5878,#3395);
#3200=LINE('',#5885,#3396);
#3201=LINE('',#5888,#3397);
#3202=LINE('',#5890,#3398);
#3203=LINE('',#5897,#3399);
#3204=LINE('',#5900,#3400);
#3205=LINE('',#5902,#3401);
#3206=LINE('',#5909,#3402);
#3207=LINE('',#5912,#3403);
#3208=LINE('',#5914,#3404);
#3209=LINE('',#5921,#3405);
#3210=LINE('',#5924,#3406);
#3211=LINE('',#5926,#3407);
#3212=LINE('',#5933,#3408);
#3213=LINE('',#5936,#3409);
#3214=LINE('',#5938,#3410);
#3215=LINE('',#5945,#3411);
#3216=LINE('',#5948,#3412);
#3217=LINE('',#5950,#3413);
#3218=LINE('',#5957,#3414);
#3219=LINE('',#5960,#3415);
#3220=LINE('',#5962,#3416);
#3221=LINE('',#5969,#3417);
#3222=LINE('',#5972,#3418);
#3223=LINE('',#5974,#3419);
#3224=LINE('',#5981,#3420);
#3225=LINE('',#5984,#3421);
#3226=LINE('',#5986,#3422);
#3227=LINE('',#5993,#3423);
#3228=LINE('',#5996,#3424);
#3229=LINE('',#5998,#3425);
#3230=LINE('',#6005,#3426);
#3231=LINE('',#6008,#3427);
#3232=LINE('',#6010,#3428);
#3233=LINE('',#6017,#3429);
#3234=LINE('',#6020,#3430);
#3235=LINE('',#6022,#3431);
#3236=LINE('',#6029,#3432);
#3237=LINE('',#6032,#3433);
#3238=LINE('',#6034,#3434);
#3239=LINE('',#6041,#3435);
#3240=LINE('',#6044,#3436);
#3241=LINE('',#6046,#3437);
#3242=LINE('',#6053,#3438);
#3243=LINE('',#6056,#3439);
#3244=LINE('',#6058,#3440);
#3245=LINE('',#6065,#3441);
#3246=LINE('',#6068,#3442);
#3247=LINE('',#6070,#3443);
#3248=LINE('',#6077,#3444);
#3249=LINE('',#6080,#3445);
#3250=LINE('',#6082,#3446);
#3251=LINE('',#6092,#3447);
#3252=LINE('',#6096,#3448);
#3253=LINE('',#6100,#3449);
#3254=LINE('',#6104,#3450);
#3255=LINE('',#6108,#3451);
#3256=LINE('',#6112,#3452);
#3257=LINE('',#6116,#3453);
#3258=LINE('',#6120,#3454);
#3259=LINE('',#6124,#3455);
#3260=LINE('',#6128,#3456);
#3261=LINE('',#6132,#3457);
#3262=LINE('',#6136,#3458);
#3263=LINE('',#6140,#3459);
#3264=LINE('',#6144,#3460);
#3265=LINE('',#6148,#3461);
#3266=LINE('',#6152,#3462);
#3267=LINE('',#6156,#3463);
#3268=LINE('',#6160,#3464);
#3269=LINE('',#6164,#3465);
#3270=LINE('',#6168,#3466);
#3271=LINE('',#6172,#3467);
#3272=LINE('',#6176,#3468);
#3273=LINE('',#6180,#3469);
#3274=LINE('',#6184,#3470);
#3275=LINE('',#6811,#3471);
#3276=LINE('',#6814,#3472);
#3277=LINE('',#6816,#3473);
#3278=LINE('',#6823,#3474);
#3279=LINE('',#6826,#3475);
#3280=LINE('',#6828,#3476);
#3281=LINE('',#6835,#3477);
#3282=LINE('',#6838,#3478);
#3283=LINE('',#6840,#3479);
#3284=LINE('',#6847,#3480);
#3285=LINE('',#6850,#3481);
#3286=LINE('',#6852,#3482);
#3287=LINE('',#6859,#3483);
#3288=LINE('',#6862,#3484);
#3289=LINE('',#6864,#3485);
#3290=LINE('',#6871,#3486);
#3291=LINE('',#6874,#3487);
#3292=LINE('',#6876,#3488);
#3293=LINE('',#6883,#3489);
#3294=LINE('',#6886,#3490);
#3295=LINE('',#6888,#3491);
#3296=LINE('',#6895,#3492);
#3297=LINE('',#6898,#3493);
#3298=LINE('',#6900,#3494);
#3299=LINE('',#6907,#3495);
#3300=LINE('',#6910,#3496);
#3301=LINE('',#6912,#3497);
#3302=LINE('',#6919,#3498);
#3303=LINE('',#6922,#3499);
#3304=LINE('',#6924,#3500);
#3305=LINE('',#6931,#3501);
#3306=LINE('',#6934,#3502);
#3307=LINE('',#6936,#3503);
#3308=LINE('',#6943,#3504);
#3309=LINE('',#6946,#3505);
#3310=LINE('',#6948,#3506);
#3311=LINE('',#6955,#3507);
#3312=LINE('',#6958,#3508);
#3313=LINE('',#6960,#3509);
#3314=LINE('',#6967,#3510);
#3315=LINE('',#6970,#3511);
#3316=LINE('',#6972,#3512);
#3317=LINE('',#6979,#3513);
#3318=LINE('',#6982,#3514);
#3319=LINE('',#6984,#3515);
#3320=LINE('',#6991,#3516);
#3321=LINE('',#6994,#3517);
#3322=LINE('',#6996,#3518);
#3323=LINE('',#7003,#3519);
#3324=LINE('',#7006,#3520);
#3325=LINE('',#7008,#3521);
#3326=LINE('',#7015,#3522);
#3327=LINE('',#7018,#3523);
#3328=LINE('',#7020,#3524);
#3329=LINE('',#7027,#3525);
#3330=LINE('',#7030,#3526);
#3331=LINE('',#7032,#3527);
#3332=LINE('',#7039,#3528);
#3333=LINE('',#7042,#3529);
#3334=LINE('',#7044,#3530);
#3335=LINE('',#7051,#3531);
#3336=LINE('',#7054,#3532);
#3337=LINE('',#7056,#3533);
#3338=LINE('',#7063,#3534);
#3339=LINE('',#7066,#3535);
#3340=LINE('',#7068,#3536);
#3341=LINE('',#7075,#3537);
#3342=LINE('',#7078,#3538);
#3343=LINE('',#7080,#3539);
#3344=LINE('',#7087,#3540);
#3345=LINE('',#7090,#3541);
#3346=LINE('',#7092,#3542);
#3347=LINE('',#7104,#3543);
#3348=LINE('',#7108,#3544);
#3349=LINE('',#7112,#3545);
#3350=LINE('',#7116,#3546);
#3351=LINE('',#7120,#3547);
#3352=LINE('',#7124,#3548);
#3353=LINE('',#7128,#3549);
#3354=LINE('',#7132,#3550);
#3355=LINE('',#7136,#3551);
#3356=LINE('',#7140,#3552);
#3357=LINE('',#7144,#3553);
#3358=LINE('',#7148,#3554);
#3359=LINE('',#7152,#3555);
#3360=LINE('',#7156,#3556);
#3361=LINE('',#7160,#3557);
#3362=LINE('',#7164,#3558);
#3363=LINE('',#7168,#3559);
#3364=LINE('',#7172,#3560);
#3365=LINE('',#7176,#3561);
#3366=LINE('',#7180,#3562);
#3367=LINE('',#7184,#3563);
#3368=LINE('',#7188,#3564);
#3369=LINE('',#7192,#3565);
#3370=LINE('',#7196,#3566);
#3371=LINE('',#9033,#3567);
#3372=LINE('',#9035,#3568);
#3373=LINE('',#9037,#3569);
#3374=LINE('',#9039,#3570);
#3375=VECTOR('',#4901,1.);
#3376=VECTOR('',#4902,1.);
#3377=VECTOR('',#4903,1.);
#3378=VECTOR('',#4906,1.);
#3379=VECTOR('',#4907,1.);
#3380=VECTOR('',#4908,1.);
#3381=VECTOR('',#4911,1.);
#3382=VECTOR('',#4912,1.);
#3383=VECTOR('',#4913,1.);
#3384=VECTOR('',#4916,1.);
#3385=VECTOR('',#4917,1.);
#3386=VECTOR('',#4918,1.);
#3387=VECTOR('',#4921,1.);
#3388=VECTOR('',#4922,1.);
#3389=VECTOR('',#4923,1.);
#3390=VECTOR('',#4926,1.);
#3391=VECTOR('',#4927,1.);
#3392=VECTOR('',#4928,1.);
#3393=VECTOR('',#4931,1.);
#3394=VECTOR('',#4932,1.);
#3395=VECTOR('',#4933,1.);
#3396=VECTOR('',#4936,1.);
#3397=VECTOR('',#4937,1.);
#3398=VECTOR('',#4938,1.);
#3399=VECTOR('',#4941,1.);
#3400=VECTOR('',#4942,1.);
#3401=VECTOR('',#4943,1.);
#3402=VECTOR('',#4946,1.);
#3403=VECTOR('',#4947,1.);
#3404=VECTOR('',#4948,1.);
#3405=VECTOR('',#4951,1.);
#3406=VECTOR('',#4952,1.);
#3407=VECTOR('',#4953,1.);
#3408=VECTOR('',#4956,1.);
#3409=VECTOR('',#4957,1.);
#3410=VECTOR('',#4958,1.);
#3411=VECTOR('',#4961,1.);
#3412=VECTOR('',#4962,1.);
#3413=VECTOR('',#4963,1.);
#3414=VECTOR('',#4966,1.);
#3415=VECTOR('',#4967,1.);
#3416=VECTOR('',#4968,1.);
#3417=VECTOR('',#4971,1.);
#3418=VECTOR('',#4972,1.);
#3419=VECTOR('',#4973,1.);
#3420=VECTOR('',#4976,1.);
#3421=VECTOR('',#4977,1.);
#3422=VECTOR('',#4978,1.);
#3423=VECTOR('',#4981,1.);
#3424=VECTOR('',#4982,1.);
#3425=VECTOR('',#4983,1.);
#3426=VECTOR('',#4986,1.);
#3427=VECTOR('',#4987,1.);
#3428=VECTOR('',#4988,1.);
#3429=VECTOR('',#4991,1.);
#3430=VECTOR('',#4992,1.);
#3431=VECTOR('',#4993,1.);
#3432=VECTOR('',#4996,1.);
#3433=VECTOR('',#4997,1.);
#3434=VECTOR('',#4998,1.);
#3435=VECTOR('',#5001,1.);
#3436=VECTOR('',#5002,1.);
#3437=VECTOR('',#5003,1.);
#3438=VECTOR('',#5006,1.);
#3439=VECTOR('',#5007,1.);
#3440=VECTOR('',#5008,1.);
#3441=VECTOR('',#5011,1.);
#3442=VECTOR('',#5012,1.);
#3443=VECTOR('',#5013,1.);
#3444=VECTOR('',#5016,1.);
#3445=VECTOR('',#5017,1.);
#3446=VECTOR('',#5018,1.);
#3447=VECTOR('',#5023,1.);
#3448=VECTOR('',#5026,1.);
#3449=VECTOR('',#5029,1.);
#3450=VECTOR('',#5032,1.);
#3451=VECTOR('',#5035,1.);
#3452=VECTOR('',#5038,1.);
#3453=VECTOR('',#5041,1.);
#3454=VECTOR('',#5044,1.);
#3455=VECTOR('',#5047,1.);
#3456=VECTOR('',#5050,1.);
#3457=VECTOR('',#5053,1.);
#3458=VECTOR('',#5056,1.);
#3459=VECTOR('',#5059,1.);
#3460=VECTOR('',#5062,1.);
#3461=VECTOR('',#5065,1.);
#3462=VECTOR('',#5068,1.);
#3463=VECTOR('',#5071,1.);
#3464=VECTOR('',#5074,1.);
#3465=VECTOR('',#5077,1.);
#3466=VECTOR('',#5080,1.);
#3467=VECTOR('',#5083,1.);
#3468=VECTOR('',#5086,1.);
#3469=VECTOR('',#5089,1.);
#3470=VECTOR('',#5092,1.);
#3471=VECTOR('',#5193,1.);
#3472=VECTOR('',#5194,1.);
#3473=VECTOR('',#5195,1.);
#3474=VECTOR('',#5198,1.);
#3475=VECTOR('',#5199,1.);
#3476=VECTOR('',#5200,1.);
#3477=VECTOR('',#5203,1.);
#3478=VECTOR('',#5204,1.);
#3479=VECTOR('',#5205,1.);
#3480=VECTOR('',#5208,1.);
#3481=VECTOR('',#5209,1.);
#3482=VECTOR('',#5210,1.);
#3483=VECTOR('',#5213,1.);
#3484=VECTOR('',#5214,1.);
#3485=VECTOR('',#5215,1.);
#3486=VECTOR('',#5218,1.);
#3487=VECTOR('',#5219,1.);
#3488=VECTOR('',#5220,1.);
#3489=VECTOR('',#5223,1.);
#3490=VECTOR('',#5224,1.);
#3491=VECTOR('',#5225,1.);
#3492=VECTOR('',#5228,1.);
#3493=VECTOR('',#5229,1.);
#3494=VECTOR('',#5230,1.);
#3495=VECTOR('',#5233,1.);
#3496=VECTOR('',#5234,1.);
#3497=VECTOR('',#5235,1.);
#3498=VECTOR('',#5238,1.);
#3499=VECTOR('',#5239,1.);
#3500=VECTOR('',#5240,1.);
#3501=VECTOR('',#5243,1.);
#3502=VECTOR('',#5244,1.);
#3503=VECTOR('',#5245,1.);
#3504=VECTOR('',#5248,1.);
#3505=VECTOR('',#5249,1.);
#3506=VECTOR('',#5250,1.);
#3507=VECTOR('',#5253,1.);
#3508=VECTOR('',#5254,1.);
#3509=VECTOR('',#5255,1.);
#3510=VECTOR('',#5258,1.);
#3511=VECTOR('',#5259,1.);
#3512=VECTOR('',#5260,1.);
#3513=VECTOR('',#5263,1.);
#3514=VECTOR('',#5264,1.);
#3515=VECTOR('',#5265,1.);
#3516=VECTOR('',#5268,1.);
#3517=VECTOR('',#5269,1.);
#3518=VECTOR('',#5270,1.);
#3519=VECTOR('',#5273,1.);
#3520=VECTOR('',#5274,1.);
#3521=VECTOR('',#5275,1.);
#3522=VECTOR('',#5278,1.);
#3523=VECTOR('',#5279,1.);
#3524=VECTOR('',#5280,1.);
#3525=VECTOR('',#5283,1.);
#3526=VECTOR('',#5284,1.);
#3527=VECTOR('',#5285,1.);
#3528=VECTOR('',#5288,1.);
#3529=VECTOR('',#5289,1.);
#3530=VECTOR('',#5290,1.);
#3531=VECTOR('',#5293,1.);
#3532=VECTOR('',#5294,1.);
#3533=VECTOR('',#5295,1.);
#3534=VECTOR('',#5298,1.);
#3535=VECTOR('',#5299,1.);
#3536=VECTOR('',#5300,1.);
#3537=VECTOR('',#5303,1.);
#3538=VECTOR('',#5304,1.);
#3539=VECTOR('',#5305,1.);
#3540=VECTOR('',#5308,1.);
#3541=VECTOR('',#5309,1.);
#3542=VECTOR('',#5310,1.);
#3543=VECTOR('',#5317,1.);
#3544=VECTOR('',#5320,1.);
#3545=VECTOR('',#5323,1.);
#3546=VECTOR('',#5326,1.);
#3547=VECTOR('',#5329,1.);
#3548=VECTOR('',#5332,1.);
#3549=VECTOR('',#5335,1.);
#3550=VECTOR('',#5338,1.);
#3551=VECTOR('',#5341,1.);
#3552=VECTOR('',#5344,1.);
#3553=VECTOR('',#5347,1.);
#3554=VECTOR('',#5350,1.);
#3555=VECTOR('',#5353,1.);
#3556=VECTOR('',#5356,1.);
#3557=VECTOR('',#5359,1.);
#3558=VECTOR('',#5362,1.);
#3559=VECTOR('',#5365,1.);
#3560=VECTOR('',#5368,1.);
#3561=VECTOR('',#5371,1.);
#3562=VECTOR('',#5374,1.);
#3563=VECTOR('',#5377,1.);
#3564=VECTOR('',#5380,1.);
#3565=VECTOR('',#5383,1.);
#3566=VECTOR('',#5386,1.);
#3567=VECTOR('',#5497,1.);
#3568=VECTOR('',#5500,1.);
#3569=VECTOR('',#5501,1.);
#3570=VECTOR('',#5502,1.);
#3571=EDGE_LOOP('',(#741,#742,#743,#744));
#3572=EDGE_LOOP('',(#745,#746,#747,#748));
#3573=EDGE_LOOP('',(#749,#750,#751,#752));
#3574=EDGE_LOOP('',(#753,#754,#755,#756));
#3575=EDGE_LOOP('',(#757,#758,#759,#760));
#3576=EDGE_LOOP('',(#761,#762,#763,#764));
#3577=EDGE_LOOP('',(#765,#766,#767,#768));
#3578=EDGE_LOOP('',(#769,#770,#771,#772));
#3579=EDGE_LOOP('',(#773,#774,#775,#776));
#3580=EDGE_LOOP('',(#777,#778,#779,#780));
#3581=EDGE_LOOP('',(#781,#782,#783,#784));
#3582=EDGE_LOOP('',(#785,#786,#787,#788));
#3583=EDGE_LOOP('',(#789,#790,#791,#792));
#3584=EDGE_LOOP('',(#793,#794,#795,#796));
#3585=EDGE_LOOP('',(#797,#798,#799,#800));
#3586=EDGE_LOOP('',(#801,#802,#803,#804));
#3587=EDGE_LOOP('',(#805,#806,#807,#808));
#3588=EDGE_LOOP('',(#809,#810,#811,#812));
#3589=EDGE_LOOP('',(#813,#814,#815,#816));
#3590=EDGE_LOOP('',(#817,#818,#819,#820));
#3591=EDGE_LOOP('',(#821,#822,#823,#824));
#3592=EDGE_LOOP('',(#825,#826,#827,#828));
#3593=EDGE_LOOP('',(#829,#830,#831,#832));
#3594=EDGE_LOOP('',(#833,#834,#835,#836));
#3595=EDGE_LOOP('',(#837,#838,#839,#840,#841,#842,#843,#844,#845,#846,#847,
#848,#849,#850,#851,#852,#853,#854,#855,#856,#857,#858,#859,#860,#861,#862,
#863,#864,#865,#866,#867,#868,#869,#870,#871,#872,#873,#874,#875,#876,#877,
#878,#879,#880,#881,#882,#883,#884));
#3596=EDGE_LOOP('',(#885,#886,#887,#888));
#3597=EDGE_LOOP('',(#889,#890,#891,#892));
#3598=EDGE_LOOP('',(#893,#894,#895,#896));
#3599=EDGE_LOOP('',(#897,#898,#899,#900));
#3600=EDGE_LOOP('',(#901,#902,#903,#904));
#3601=EDGE_LOOP('',(#905,#906,#907,#908));
#3602=EDGE_LOOP('',(#909,#910,#911,#912));
#3603=EDGE_LOOP('',(#913,#914,#915,#916));
#3604=EDGE_LOOP('',(#917,#918,#919,#920));
#3605=EDGE_LOOP('',(#921,#922,#923,#924));
#3606=EDGE_LOOP('',(#925,#926,#927,#928));
#3607=EDGE_LOOP('',(#929,#930,#931,#932));
#3608=EDGE_LOOP('',(#933,#934,#935,#936));
#3609=EDGE_LOOP('',(#937,#938,#939,#940));
#3610=EDGE_LOOP('',(#941,#942,#943,#944));
#3611=EDGE_LOOP('',(#945,#946,#947,#948));
#3612=EDGE_LOOP('',(#949,#950,#951,#952));
#3613=EDGE_LOOP('',(#953,#954,#955,#956));
#3614=EDGE_LOOP('',(#957,#958,#959,#960));
#3615=EDGE_LOOP('',(#961,#962,#963,#964));
#3616=EDGE_LOOP('',(#965,#966,#967,#968));
#3617=EDGE_LOOP('',(#969,#970,#971,#972));
#3618=EDGE_LOOP('',(#973,#974,#975,#976));
#3619=EDGE_LOOP('',(#977,#978,#979,#980));
#3620=EDGE_LOOP('',(#981,#982,#983,#984,#985,#986,#987,#988,#989,#990,#991,
#992,#993,#994,#995,#996,#997,#998,#999,#1000,#1001,#1002,#1003,#1004,#1005,
#1006,#1007,#1008,#1009,#1010,#1011,#1012,#1013,#1014,#1015,#1016,#1017,
#1018,#1019,#1020,#1021,#1022,#1023,#1024,#1025,#1026,#1027,#1028));
#3621=EDGE_LOOP('',(#1029,#1030,#1031,#1032,#1033,#1034,#1035,#1036,#1037,
#1038,#1039,#1040,#1041,#1042,#1043,#1044,#1045,#1046,#1047,#1048,#1049,
#1050,#1051,#1052,#1053,#1054,#1055,#1056,#1057,#1058,#1059,#1060,#1061,
#1062,#1063,#1064,#1065,#1066,#1067,#1068,#1069,#1070,#1071,#1072,#1073,
#1074,#1075,#1076));
#3622=EDGE_LOOP('',(#1077,#1078,#1079,#1080));
#3623=EDGE_LOOP('',(#1081,#1082,#1083,#1084));
#3624=EDGE_LOOP('',(#1085,#1086,#1087,#1088));
#3625=EDGE_LOOP('',(#1089,#1090,#1091,#1092));
#3626=EDGE_LOOP('',(#1093,#1094,#1095,#1096));
#3627=EDGE_LOOP('',(#1097,#1098,#1099,#1100));
#3628=EDGE_LOOP('',(#1101,#1102,#1103,#1104));
#3629=EDGE_LOOP('',(#1105,#1106,#1107,#1108));
#3630=EDGE_LOOP('',(#1109,#1110,#1111,#1112));
#3631=EDGE_LOOP('',(#1113,#1114,#1115,#1116));
#3632=EDGE_LOOP('',(#1117,#1118,#1119,#1120));
#3633=EDGE_LOOP('',(#1121,#1122,#1123,#1124));
#3634=EDGE_LOOP('',(#1125,#1126,#1127,#1128));
#3635=EDGE_LOOP('',(#1129,#1130,#1131,#1132));
#3636=EDGE_LOOP('',(#1133,#1134,#1135,#1136));
#3637=EDGE_LOOP('',(#1137,#1138,#1139,#1140));
#3638=EDGE_LOOP('',(#1141,#1142,#1143,#1144));
#3639=EDGE_LOOP('',(#1145,#1146,#1147,#1148));
#3640=EDGE_LOOP('',(#1149,#1150,#1151,#1152));
#3641=EDGE_LOOP('',(#1153,#1154,#1155,#1156));
#3642=EDGE_LOOP('',(#1157,#1158,#1159,#1160));
#3643=EDGE_LOOP('',(#1161,#1162,#1163,#1164));
#3644=EDGE_LOOP('',(#1165,#1166,#1167,#1168));
#3645=EDGE_LOOP('',(#1169,#1170,#1171,#1172));
#3646=EDGE_LOOP('',(#1173));
#3647=EDGE_LOOP('',(#1174,#1175,#1176,#1177,#1178,#1179,#1180,#1181,#1182,
#1183,#1184,#1185,#1186,#1187,#1188,#1189,#1190,#1191,#1192,#1193,#1194,
#1195,#1196,#1197,#1198,#1199,#1200,#1201,#1202,#1203,#1204,#1205,#1206,
#1207,#1208,#1209,#1210,#1211,#1212,#1213,#1214,#1215,#1216,#1217,#1218,
#1219,#1220,#1221));
#3648=EDGE_LOOP('',(#1222,#1223,#1224,#1225));
#3649=EDGE_LOOP('',(#1226,#1227,#1228,#1229));
#3650=EDGE_LOOP('',(#1230,#1231,#1232,#1233));
#3651=EDGE_LOOP('',(#1234,#1235,#1236,#1237));
#3652=EDGE_LOOP('',(#1238,#1239,#1240,#1241));
#3653=EDGE_LOOP('',(#1242,#1243,#1244,#1245));
#3654=EDGE_LOOP('',(#1246,#1247,#1248,#1249));
#3655=EDGE_LOOP('',(#1250,#1251,#1252,#1253));
#3656=EDGE_LOOP('',(#1254,#1255,#1256,#1257));
#3657=EDGE_LOOP('',(#1258,#1259,#1260,#1261));
#3658=EDGE_LOOP('',(#1262,#1263,#1264,#1265));
#3659=EDGE_LOOP('',(#1266,#1267,#1268,#1269));
#3660=EDGE_LOOP('',(#1270,#1271,#1272,#1273));
#3661=EDGE_LOOP('',(#1274,#1275,#1276,#1277));
#3662=EDGE_LOOP('',(#1278,#1279,#1280,#1281));
#3663=EDGE_LOOP('',(#1282,#1283,#1284,#1285));
#3664=EDGE_LOOP('',(#1286,#1287,#1288,#1289));
#3665=EDGE_LOOP('',(#1290,#1291,#1292,#1293));
#3666=EDGE_LOOP('',(#1294,#1295,#1296,#1297));
#3667=EDGE_LOOP('',(#1298,#1299,#1300,#1301));
#3668=EDGE_LOOP('',(#1302,#1303,#1304,#1305));
#3669=EDGE_LOOP('',(#1306,#1307,#1308,#1309));
#3670=EDGE_LOOP('',(#1310,#1311,#1312,#1313));
#3671=EDGE_LOOP('',(#1314,#1315,#1316,#1317));
#3672=EDGE_LOOP('',(#1318,#1319,#1320,#1321));
#3673=EDGE_LOOP('',(#1322,#1323,#1324,#1325));
#3674=EDGE_LOOP('',(#1326,#1327,#1328,#1329));
#3675=EDGE_LOOP('',(#1330,#1331,#1332,#1333));
#3676=EDGE_LOOP('',(#1334,#1335,#1336,#1337));
#3677=EDGE_LOOP('',(#1338,#1339,#1340,#1341));
#3678=EDGE_LOOP('',(#1342,#1343,#1344,#1345));
#3679=EDGE_LOOP('',(#1346,#1347,#1348,#1349));
#3680=EDGE_LOOP('',(#1350,#1351,#1352,#1353));
#3681=EDGE_LOOP('',(#1354,#1355,#1356,#1357));
#3682=EDGE_LOOP('',(#1358,#1359,#1360,#1361));
#3683=EDGE_LOOP('',(#1362,#1363,#1364,#1365));
#3684=EDGE_LOOP('',(#1366,#1367,#1368,#1369));
#3685=EDGE_LOOP('',(#1370,#1371,#1372,#1373));
#3686=EDGE_LOOP('',(#1374,#1375,#1376,#1377));
#3687=EDGE_LOOP('',(#1378,#1379,#1380,#1381));
#3688=EDGE_LOOP('',(#1382,#1383,#1384,#1385));
#3689=EDGE_LOOP('',(#1386,#1387,#1388,#1389));
#3690=EDGE_LOOP('',(#1390,#1391,#1392,#1393));
#3691=EDGE_LOOP('',(#1394,#1395,#1396,#1397));
#3692=EDGE_LOOP('',(#1398,#1399,#1400,#1401));
#3693=EDGE_LOOP('',(#1402,#1403,#1404,#1405));
#3694=EDGE_LOOP('',(#1406,#1407,#1408,#1409));
#3695=EDGE_LOOP('',(#1410,#1411,#1412,#1413));
#3696=EDGE_LOOP('',(#1414,#1415,#1416,#1417));
#3697=EDGE_LOOP('',(#1418,#1419,#1420,#1421));
#3698=EDGE_LOOP('',(#1422,#1423,#1424,#1425));
#3699=EDGE_LOOP('',(#1426,#1427,#1428,#1429));
#3700=EDGE_LOOP('',(#1430,#1431,#1432,#1433));
#3701=EDGE_LOOP('',(#1434,#1435,#1436,#1437));
#3702=EDGE_LOOP('',(#1438,#1439,#1440,#1441));
#3703=EDGE_LOOP('',(#1442,#1443,#1444,#1445));
#3704=EDGE_LOOP('',(#1446,#1447,#1448,#1449));
#3705=EDGE_LOOP('',(#1450,#1451,#1452,#1453));
#3706=EDGE_LOOP('',(#1454,#1455,#1456,#1457));
#3707=EDGE_LOOP('',(#1458,#1459,#1460,#1461));
#3708=EDGE_LOOP('',(#1462,#1463,#1464,#1465));
#3709=EDGE_LOOP('',(#1466,#1467,#1468,#1469));
#3710=EDGE_LOOP('',(#1470,#1471,#1472,#1473));
#3711=EDGE_LOOP('',(#1474,#1475,#1476,#1477));
#3712=EDGE_LOOP('',(#1478,#1479,#1480,#1481));
#3713=EDGE_LOOP('',(#1482,#1483,#1484,#1485));
#3714=EDGE_LOOP('',(#1486,#1487,#1488,#1489));
#3715=EDGE_LOOP('',(#1490,#1491,#1492,#1493));
#3716=EDGE_LOOP('',(#1494,#1495,#1496,#1497));
#3717=EDGE_LOOP('',(#1498,#1499,#1500,#1501));
#3718=EDGE_LOOP('',(#1502,#1503,#1504,#1505));
#3719=EDGE_LOOP('',(#1506,#1507,#1508,#1509));
#3720=EDGE_LOOP('',(#1510,#1511,#1512,#1513));
#3721=EDGE_LOOP('',(#1514,#1515,#1516,#1517));
#3722=EDGE_LOOP('',(#1518,#1519,#1520,#1521));
#3723=EDGE_LOOP('',(#1522,#1523,#1524,#1525));
#3724=EDGE_LOOP('',(#1526,#1527,#1528,#1529));
#3725=EDGE_LOOP('',(#1530,#1531,#1532,#1533));
#3726=EDGE_LOOP('',(#1534,#1535,#1536,#1537));
#3727=EDGE_LOOP('',(#1538,#1539,#1540,#1541));
#3728=EDGE_LOOP('',(#1542,#1543,#1544,#1545));
#3729=EDGE_LOOP('',(#1546,#1547,#1548,#1549));
#3730=EDGE_LOOP('',(#1550,#1551,#1552,#1553));
#3731=EDGE_LOOP('',(#1554,#1555,#1556,#1557));
#3732=EDGE_LOOP('',(#1558,#1559,#1560,#1561));
#3733=EDGE_LOOP('',(#1562,#1563,#1564,#1565));
#3734=EDGE_LOOP('',(#1566,#1567,#1568,#1569));
#3735=EDGE_LOOP('',(#1570,#1571,#1572,#1573));
#3736=EDGE_LOOP('',(#1574,#1575,#1576,#1577));
#3737=EDGE_LOOP('',(#1578,#1579,#1580,#1581));
#3738=EDGE_LOOP('',(#1582,#1583,#1584,#1585));
#3739=EDGE_LOOP('',(#1586,#1587,#1588,#1589));
#3740=EDGE_LOOP('',(#1590,#1591,#1592,#1593));
#3741=EDGE_LOOP('',(#1594,#1595,#1596,#1597));
#3742=EDGE_LOOP('',(#1598,#1599,#1600,#1601));
#3743=EDGE_LOOP('',(#1602,#1603,#1604,#1605));
#3744=EDGE_LOOP('',(#1606,#1607,#1608,#1609));
#3745=EDGE_LOOP('',(#1610,#1611,#1612,#1613));
#3746=EDGE_LOOP('',(#1614,#1615,#1616,#1617));
#3747=EDGE_LOOP('',(#1618,#1619,#1620,#1621));
#3748=EDGE_LOOP('',(#1622,#1623,#1624,#1625));
#3749=EDGE_LOOP('',(#1626,#1627,#1628,#1629));
#3750=EDGE_LOOP('',(#1630,#1631,#1632,#1633));
#3751=EDGE_LOOP('',(#1634,#1635,#1636,#1637));
#3752=EDGE_LOOP('',(#1638,#1639,#1640,#1641));
#3753=EDGE_LOOP('',(#1642,#1643,#1644,#1645));
#3754=EDGE_LOOP('',(#1646,#1647,#1648,#1649));
#3755=EDGE_LOOP('',(#1650,#1651,#1652,#1653));
#3756=EDGE_LOOP('',(#1654,#1655,#1656,#1657));
#3757=EDGE_LOOP('',(#1658,#1659,#1660,#1661));
#3758=EDGE_LOOP('',(#1662,#1663,#1664,#1665));
#3759=EDGE_LOOP('',(#1666,#1667,#1668,#1669));
#3760=EDGE_LOOP('',(#1670,#1671,#1672,#1673));
#3761=EDGE_LOOP('',(#1674,#1675,#1676,#1677));
#3762=EDGE_LOOP('',(#1678,#1679,#1680,#1681));
#3763=EDGE_LOOP('',(#1682,#1683,#1684,#1685));
#3764=EDGE_LOOP('',(#1686,#1687,#1688,#1689));
#3765=EDGE_LOOP('',(#1690,#1691,#1692,#1693));
#3766=EDGE_LOOP('',(#1694,#1695,#1696,#1697));
#3767=EDGE_LOOP('',(#1698,#1699,#1700,#1701));
#3768=EDGE_LOOP('',(#1702));
#3769=EDGE_LOOP('',(#1703));
#3770=EDGE_LOOP('',(#1704));
#3771=EDGE_LOOP('',(#1705));
#3772=EDGE_LOOP('',(#1706,#1707));
#3773=EDGE_LOOP('',(#1708,#1709,#1710,#1711));
#3774=EDGE_LOOP('',(#1712,#1713));
#3775=EDGE_LOOP('',(#1714));
#3776=EDGE_LOOP('',(#1715,#1716,#1717,#1718));
#3777=EDGE_LOOP('',(#1719));
#3778=EDGE_LOOP('',(#1720));
#3779=EDGE_LOOP('',(#1721,#1722,#1723,#1724));
#3780=EDGE_LOOP('',(#1725,#1726,#1727,#1728));
#3781=EDGE_LOOP('',(#1729,#1730,#1731,#1732));
#3782=EDGE_LOOP('',(#1733,#1734,#1735,#1736));
#3783=EDGE_LOOP('',(#1737,#1738,#1739,#1740));
#3784=EDGE_LOOP('',(#1741,#1742,#1743,#1744));
#3785=EDGE_LOOP('',(#1745,#1746,#1747,#1748));
#3786=EDGE_LOOP('',(#1749,#1750,#1751,#1752));
#3787=EDGE_LOOP('',(#1753,#1754,#1755,#1756));
#3788=EDGE_LOOP('',(#1757,#1758,#1759,#1760));
#3789=EDGE_LOOP('',(#1761,#1762,#1763,#1764));
#3790=EDGE_LOOP('',(#1765,#1766,#1767,#1768));
#3791=EDGE_LOOP('',(#1769,#1770,#1771,#1772));
#3792=EDGE_LOOP('',(#1773,#1774,#1775,#1776));
#3793=EDGE_LOOP('',(#1777,#1778,#1779,#1780));
#3794=EDGE_LOOP('',(#1781,#1782,#1783,#1784));
#3795=EDGE_LOOP('',(#1785,#1786,#1787,#1788));
#3796=EDGE_LOOP('',(#1789,#1790,#1791,#1792));
#3797=EDGE_LOOP('',(#1793,#1794,#1795,#1796));
#3798=EDGE_LOOP('',(#1797,#1798,#1799,#1800));
#3799=EDGE_LOOP('',(#1801,#1802,#1803,#1804));
#3800=EDGE_LOOP('',(#1805,#1806,#1807,#1808));
#3801=EDGE_LOOP('',(#1809,#1810,#1811,#1812));
#3802=EDGE_LOOP('',(#1813,#1814,#1815,#1816));
#3803=EDGE_LOOP('',(#1817,#1818,#1819,#1820));
#3804=EDGE_LOOP('',(#1821,#1822,#1823,#1824));
#3805=EDGE_LOOP('',(#1825,#1826,#1827,#1828));
#3806=EDGE_LOOP('',(#1829,#1830,#1831,#1832));
#3807=EDGE_LOOP('',(#1833,#1834,#1835,#1836));
#3808=EDGE_LOOP('',(#1837,#1838,#1839,#1840));
#3809=EDGE_LOOP('',(#1841,#1842,#1843,#1844));
#3810=EDGE_LOOP('',(#1845,#1846,#1847,#1848));
#3811=EDGE_LOOP('',(#1849,#1850,#1851,#1852));
#3812=EDGE_LOOP('',(#1853,#1854,#1855,#1856));
#3813=EDGE_LOOP('',(#1857,#1858,#1859,#1860));
#3814=EDGE_LOOP('',(#1861,#1862,#1863,#1864));
#3815=EDGE_LOOP('',(#1865,#1866,#1867,#1868));
#3816=EDGE_LOOP('',(#1869,#1870,#1871,#1872));
#3817=EDGE_LOOP('',(#1873,#1874,#1875,#1876));
#3818=EDGE_LOOP('',(#1877,#1878,#1879,#1880));
#3819=EDGE_LOOP('',(#1881,#1882,#1883,#1884));
#3820=EDGE_LOOP('',(#1885,#1886,#1887,#1888));
#3821=EDGE_LOOP('',(#1889,#1890,#1891,#1892));
#3822=EDGE_LOOP('',(#1893,#1894,#1895,#1896));
#3823=EDGE_LOOP('',(#1897,#1898,#1899,#1900));
#3824=EDGE_LOOP('',(#1901,#1902,#1903,#1904));
#3825=EDGE_LOOP('',(#1905,#1906,#1907,#1908));
#3826=EDGE_LOOP('',(#1909,#1910,#1911,#1912));
#3827=EDGE_LOOP('',(#1913,#1914,#1915,#1916));
#3828=EDGE_LOOP('',(#1917,#1918,#1919,#1920));
#3829=EDGE_LOOP('',(#1921,#1922,#1923,#1924));
#3830=EDGE_LOOP('',(#1925,#1926,#1927,#1928));
#3831=EDGE_LOOP('',(#1929,#1930,#1931,#1932));
#3832=EDGE_LOOP('',(#1933,#1934,#1935,#1936));
#3833=EDGE_LOOP('',(#1937,#1938,#1939,#1940));
#3834=EDGE_LOOP('',(#1941,#1942,#1943,#1944));
#3835=EDGE_LOOP('',(#1945,#1946,#1947,#1948));
#3836=EDGE_LOOP('',(#1949,#1950,#1951,#1952));
#3837=EDGE_LOOP('',(#1953,#1954,#1955,#1956));
#3838=EDGE_LOOP('',(#1957,#1958,#1959,#1960));
#3839=EDGE_LOOP('',(#1961,#1962,#1963,#1964));
#3840=EDGE_LOOP('',(#1965,#1966,#1967,#1968));
#3841=EDGE_LOOP('',(#1969,#1970,#1971,#1972));
#3842=EDGE_LOOP('',(#1973,#1974,#1975,#1976));
#3843=EDGE_LOOP('',(#1977,#1978,#1979,#1980));
#3844=EDGE_LOOP('',(#1981,#1982,#1983,#1984));
#3845=EDGE_LOOP('',(#1985,#1986,#1987,#1988));
#3846=EDGE_LOOP('',(#1989,#1990,#1991,#1992));
#3847=EDGE_LOOP('',(#1993,#1994,#1995,#1996));
#3848=EDGE_LOOP('',(#1997,#1998,#1999,#2000));
#3849=EDGE_LOOP('',(#2001,#2002,#2003,#2004));
#3850=EDGE_LOOP('',(#2005,#2006,#2007,#2008));
#3851=EDGE_LOOP('',(#2009,#2010,#2011,#2012));
#3852=EDGE_LOOP('',(#2013,#2014,#2015,#2016));
#3853=EDGE_LOOP('',(#2017,#2018,#2019,#2020));
#3854=EDGE_LOOP('',(#2021,#2022,#2023,#2024));
#3855=EDGE_LOOP('',(#2025,#2026,#2027,#2028));
#3856=EDGE_LOOP('',(#2029,#2030,#2031,#2032));
#3857=EDGE_LOOP('',(#2033,#2034,#2035,#2036));
#3858=EDGE_LOOP('',(#2037,#2038,#2039,#2040));
#3859=EDGE_LOOP('',(#2041,#2042,#2043,#2044));
#3860=EDGE_LOOP('',(#2045,#2046,#2047,#2048));
#3861=EDGE_LOOP('',(#2049,#2050,#2051,#2052));
#3862=EDGE_LOOP('',(#2053,#2054,#2055,#2056));
#3863=EDGE_LOOP('',(#2057,#2058,#2059,#2060));
#3864=EDGE_LOOP('',(#2061,#2062,#2063,#2064));
#3865=EDGE_LOOP('',(#2065,#2066,#2067,#2068));
#3866=EDGE_LOOP('',(#2069,#2070,#2071,#2072));
#3867=EDGE_LOOP('',(#2073,#2074,#2075,#2076));
#3868=EDGE_LOOP('',(#2077,#2078,#2079,#2080));
#3869=EDGE_LOOP('',(#2081,#2082,#2083,#2084));
#3870=EDGE_LOOP('',(#2085,#2086,#2087,#2088));
#3871=EDGE_LOOP('',(#2089,#2090,#2091,#2092));
#3872=EDGE_LOOP('',(#2093,#2094,#2095,#2096));
#3873=EDGE_LOOP('',(#2097,#2098,#2099,#2100));
#3874=EDGE_LOOP('',(#2101,#2102,#2103,#2104));
#3875=FACE_BOUND('',#3571,.T.);
#3876=FACE_BOUND('',#3572,.T.);
#3877=FACE_BOUND('',#3573,.T.);
#3878=FACE_BOUND('',#3574,.T.);
#3879=FACE_BOUND('',#3575,.T.);
#3880=FACE_BOUND('',#3576,.T.);
#3881=FACE_BOUND('',#3577,.T.);
#3882=FACE_BOUND('',#3578,.T.);
#3883=FACE_BOUND('',#3579,.T.);
#3884=FACE_BOUND('',#3580,.T.);
#3885=FACE_BOUND('',#3581,.T.);
#3886=FACE_BOUND('',#3582,.T.);
#3887=FACE_BOUND('',#3583,.T.);
#3888=FACE_BOUND('',#3584,.T.);
#3889=FACE_BOUND('',#3585,.T.);
#3890=FACE_BOUND('',#3586,.T.);
#3891=FACE_BOUND('',#3587,.T.);
#3892=FACE_BOUND('',#3588,.T.);
#3893=FACE_BOUND('',#3589,.T.);
#3894=FACE_BOUND('',#3590,.T.);
#3895=FACE_BOUND('',#3591,.T.);
#3896=FACE_BOUND('',#3592,.T.);
#3897=FACE_BOUND('',#3593,.T.);
#3898=FACE_BOUND('',#3594,.T.);
#3899=FACE_BOUND('',#3595,.T.);
#3900=FACE_BOUND('',#3596,.T.);
#3901=FACE_BOUND('',#3597,.T.);
#3902=FACE_BOUND('',#3598,.T.);
#3903=FACE_BOUND('',#3599,.T.);
#3904=FACE_BOUND('',#3600,.T.);
#3905=FACE_BOUND('',#3601,.T.);
#3906=FACE_BOUND('',#3602,.T.);
#3907=FACE_BOUND('',#3603,.T.);
#3908=FACE_BOUND('',#3604,.T.);
#3909=FACE_BOUND('',#3605,.T.);
#3910=FACE_BOUND('',#3606,.T.);
#3911=FACE_BOUND('',#3607,.T.);
#3912=FACE_BOUND('',#3608,.T.);
#3913=FACE_BOUND('',#3609,.T.);
#3914=FACE_BOUND('',#3610,.T.);
#3915=FACE_BOUND('',#3611,.T.);
#3916=FACE_BOUND('',#3612,.T.);
#3917=FACE_BOUND('',#3613,.T.);
#3918=FACE_BOUND('',#3614,.T.);
#3919=FACE_BOUND('',#3615,.T.);
#3920=FACE_BOUND('',#3616,.T.);
#3921=FACE_BOUND('',#3617,.T.);
#3922=FACE_BOUND('',#3618,.T.);
#3923=FACE_BOUND('',#3619,.T.);
#3924=FACE_BOUND('',#3620,.T.);
#3925=FACE_BOUND('',#3621,.T.);
#3926=FACE_BOUND('',#3622,.T.);
#3927=FACE_BOUND('',#3623,.T.);
#3928=FACE_BOUND('',#3624,.T.);
#3929=FACE_BOUND('',#3625,.T.);
#3930=FACE_BOUND('',#3626,.T.);
#3931=FACE_BOUND('',#3627,.T.);
#3932=FACE_BOUND('',#3628,.T.);
#3933=FACE_BOUND('',#3629,.T.);
#3934=FACE_BOUND('',#3630,.T.);
#3935=FACE_BOUND('',#3631,.T.);
#3936=FACE_BOUND('',#3632,.T.);
#3937=FACE_BOUND('',#3633,.T.);
#3938=FACE_BOUND('',#3634,.T.);
#3939=FACE_BOUND('',#3635,.T.);
#3940=FACE_BOUND('',#3636,.T.);
#3941=FACE_BOUND('',#3637,.T.);
#3942=FACE_BOUND('',#3638,.T.);
#3943=FACE_BOUND('',#3639,.T.);
#3944=FACE_BOUND('',#3640,.T.);
#3945=FACE_BOUND('',#3641,.T.);
#3946=FACE_BOUND('',#3642,.T.);
#3947=FACE_BOUND('',#3643,.T.);
#3948=FACE_BOUND('',#3644,.T.);
#3949=FACE_BOUND('',#3645,.T.);
#3950=FACE_BOUND('',#3646,.T.);
#3951=FACE_BOUND('',#3647,.T.);
#3952=FACE_BOUND('',#3648,.T.);
#3953=FACE_BOUND('',#3649,.T.);
#3954=FACE_BOUND('',#3650,.T.);
#3955=FACE_BOUND('',#3651,.T.);
#3956=FACE_BOUND('',#3652,.T.);
#3957=FACE_BOUND('',#3653,.T.);
#3958=FACE_BOUND('',#3654,.T.);
#3959=FACE_BOUND('',#3655,.T.);
#3960=FACE_BOUND('',#3656,.T.);
#3961=FACE_BOUND('',#3657,.T.);
#3962=FACE_BOUND('',#3658,.T.);
#3963=FACE_BOUND('',#3659,.T.);
#3964=FACE_BOUND('',#3660,.T.);
#3965=FACE_BOUND('',#3661,.T.);
#3966=FACE_BOUND('',#3662,.T.);
#3967=FACE_BOUND('',#3663,.T.);
#3968=FACE_BOUND('',#3664,.T.);
#3969=FACE_BOUND('',#3665,.T.);
#3970=FACE_BOUND('',#3666,.T.);
#3971=FACE_BOUND('',#3667,.T.);
#3972=FACE_BOUND('',#3668,.T.);
#3973=FACE_BOUND('',#3669,.T.);
#3974=FACE_BOUND('',#3670,.T.);
#3975=FACE_BOUND('',#3671,.T.);
#3976=FACE_BOUND('',#3672,.T.);
#3977=FACE_BOUND('',#3673,.T.);
#3978=FACE_BOUND('',#3674,.T.);
#3979=FACE_BOUND('',#3675,.T.);
#3980=FACE_BOUND('',#3676,.T.);
#3981=FACE_BOUND('',#3677,.T.);
#3982=FACE_BOUND('',#3678,.T.);
#3983=FACE_BOUND('',#3679,.T.);
#3984=FACE_BOUND('',#3680,.T.);
#3985=FACE_BOUND('',#3681,.T.);
#3986=FACE_BOUND('',#3682,.T.);
#3987=FACE_BOUND('',#3683,.T.);
#3988=FACE_BOUND('',#3684,.T.);
#3989=FACE_BOUND('',#3685,.T.);
#3990=FACE_BOUND('',#3686,.T.);
#3991=FACE_BOUND('',#3687,.T.);
#3992=FACE_BOUND('',#3688,.T.);
#3993=FACE_BOUND('',#3689,.T.);
#3994=FACE_BOUND('',#3690,.T.);
#3995=FACE_BOUND('',#3691,.T.);
#3996=FACE_BOUND('',#3692,.T.);
#3997=FACE_BOUND('',#3693,.T.);
#3998=FACE_BOUND('',#3694,.T.);
#3999=FACE_BOUND('',#3695,.T.);
#4000=FACE_BOUND('',#3696,.T.);
#4001=FACE_BOUND('',#3697,.T.);
#4002=FACE_BOUND('',#3698,.T.);
#4003=FACE_BOUND('',#3699,.T.);
#4004=FACE_BOUND('',#3700,.T.);
#4005=FACE_BOUND('',#3701,.T.);
#4006=FACE_BOUND('',#3702,.T.);
#4007=FACE_BOUND('',#3703,.T.);
#4008=FACE_BOUND('',#3704,.T.);
#4009=FACE_BOUND('',#3705,.T.);
#4010=FACE_BOUND('',#3706,.T.);
#4011=FACE_BOUND('',#3707,.T.);
#4012=FACE_BOUND('',#3708,.T.);
#4013=FACE_BOUND('',#3709,.T.);
#4014=FACE_BOUND('',#3710,.T.);
#4015=FACE_BOUND('',#3711,.T.);
#4016=FACE_BOUND('',#3712,.T.);
#4017=FACE_BOUND('',#3713,.T.);
#4018=FACE_BOUND('',#3714,.T.);
#4019=FACE_BOUND('',#3715,.T.);
#4020=FACE_BOUND('',#3716,.T.);
#4021=FACE_BOUND('',#3717,.T.);
#4022=FACE_BOUND('',#3718,.T.);
#4023=FACE_BOUND('',#3719,.T.);
#4024=FACE_BOUND('',#3720,.T.);
#4025=FACE_BOUND('',#3721,.T.);
#4026=FACE_BOUND('',#3722,.T.);
#4027=FACE_BOUND('',#3723,.T.);
#4028=FACE_BOUND('',#3724,.T.);
#4029=FACE_BOUND('',#3725,.T.);
#4030=FACE_BOUND('',#3726,.T.);
#4031=FACE_BOUND('',#3727,.T.);
#4032=FACE_BOUND('',#3728,.T.);
#4033=FACE_BOUND('',#3729,.T.);
#4034=FACE_BOUND('',#3730,.T.);
#4035=FACE_BOUND('',#3731,.T.);
#4036=FACE_BOUND('',#3732,.T.);
#4037=FACE_BOUND('',#3733,.T.);
#4038=FACE_BOUND('',#3734,.T.);
#4039=FACE_BOUND('',#3735,.T.);
#4040=FACE_BOUND('',#3736,.T.);
#4041=FACE_BOUND('',#3737,.T.);
#4042=FACE_BOUND('',#3738,.T.);
#4043=FACE_BOUND('',#3739,.T.);
#4044=FACE_BOUND('',#3740,.T.);
#4045=FACE_BOUND('',#3741,.T.);
#4046=FACE_BOUND('',#3742,.T.);
#4047=FACE_BOUND('',#3743,.T.);
#4048=FACE_BOUND('',#3744,.T.);
#4049=FACE_BOUND('',#3745,.T.);
#4050=FACE_BOUND('',#3746,.T.);
#4051=FACE_BOUND('',#3747,.T.);
#4052=FACE_BOUND('',#3748,.T.);
#4053=FACE_BOUND('',#3749,.T.);
#4054=FACE_BOUND('',#3750,.T.);
#4055=FACE_BOUND('',#3751,.T.);
#4056=FACE_BOUND('',#3752,.T.);
#4057=FACE_BOUND('',#3753,.T.);
#4058=FACE_BOUND('',#3754,.T.);
#4059=FACE_BOUND('',#3755,.T.);
#4060=FACE_BOUND('',#3756,.T.);
#4061=FACE_BOUND('',#3757,.T.);
#4062=FACE_BOUND('',#3758,.T.);
#4063=FACE_BOUND('',#3759,.T.);
#4064=FACE_BOUND('',#3760,.T.);
#4065=FACE_BOUND('',#3761,.T.);
#4066=FACE_BOUND('',#3762,.T.);
#4067=FACE_BOUND('',#3763,.T.);
#4068=FACE_BOUND('',#3764,.T.);
#4069=FACE_BOUND('',#3765,.T.);
#4070=FACE_BOUND('',#3766,.T.);
#4071=FACE_BOUND('',#3767,.T.);
#4072=FACE_BOUND('',#3768,.T.);
#4073=FACE_BOUND('',#3769,.T.);
#4074=FACE_BOUND('',#3770,.T.);
#4075=FACE_BOUND('',#3771,.T.);
#4076=FACE_BOUND('',#3772,.T.);
#4077=FACE_BOUND('',#3773,.T.);
#4078=FACE_BOUND('',#3774,.T.);
#4079=FACE_BOUND('',#3775,.T.);
#4080=FACE_BOUND('',#3776,.T.);
#4081=FACE_BOUND('',#3777,.T.);
#4082=FACE_BOUND('',#3778,.T.);
#4083=FACE_BOUND('',#3779,.T.);
#4084=FACE_BOUND('',#3780,.T.);
#4085=FACE_BOUND('',#3781,.T.);
#4086=FACE_BOUND('',#3782,.T.);
#4087=FACE_BOUND('',#3783,.T.);
#4088=FACE_BOUND('',#3784,.T.);
#4089=FACE_BOUND('',#3785,.T.);
#4090=FACE_BOUND('',#3786,.T.);
#4091=FACE_BOUND('',#3787,.T.);
#4092=FACE_BOUND('',#3788,.T.);
#4093=FACE_BOUND('',#3789,.T.);
#4094=FACE_BOUND('',#3790,.T.);
#4095=FACE_BOUND('',#3791,.T.);
#4096=FACE_BOUND('',#3792,.T.);
#4097=FACE_BOUND('',#3793,.T.);
#4098=FACE_BOUND('',#3794,.T.);
#4099=FACE_BOUND('',#3795,.T.);
#4100=FACE_BOUND('',#3796,.T.);
#4101=FACE_BOUND('',#3797,.T.);
#4102=FACE_BOUND('',#3798,.T.);
#4103=FACE_BOUND('',#3799,.T.);
#4104=FACE_BOUND('',#3800,.T.);
#4105=FACE_BOUND('',#3801,.T.);
#4106=FACE_BOUND('',#3802,.T.);
#4107=FACE_BOUND('',#3803,.T.);
#4108=FACE_BOUND('',#3804,.T.);
#4109=FACE_BOUND('',#3805,.T.);
#4110=FACE_BOUND('',#3806,.T.);
#4111=FACE_BOUND('',#3807,.T.);
#4112=FACE_BOUND('',#3808,.T.);
#4113=FACE_BOUND('',#3809,.T.);
#4114=FACE_BOUND('',#3810,.T.);
#4115=FACE_BOUND('',#3811,.T.);
#4116=FACE_BOUND('',#3812,.T.);
#4117=FACE_BOUND('',#3813,.T.);
#4118=FACE_BOUND('',#3814,.T.);
#4119=FACE_BOUND('',#3815,.T.);
#4120=FACE_BOUND('',#3816,.T.);
#4121=FACE_BOUND('',#3817,.T.);
#4122=FACE_BOUND('',#3818,.T.);
#4123=FACE_BOUND('',#3819,.T.);
#4124=FACE_BOUND('',#3820,.T.);
#4125=FACE_BOUND('',#3821,.T.);
#4126=FACE_BOUND('',#3822,.T.);
#4127=FACE_BOUND('',#3823,.T.);
#4128=FACE_BOUND('',#3824,.T.);
#4129=FACE_BOUND('',#3825,.T.);
#4130=FACE_BOUND('',#3826,.T.);
#4131=FACE_BOUND('',#3827,.T.);
#4132=FACE_BOUND('',#3828,.T.);
#4133=FACE_BOUND('',#3829,.T.);
#4134=FACE_BOUND('',#3830,.T.);
#4135=FACE_BOUND('',#3831,.T.);
#4136=FACE_BOUND('',#3832,.T.);
#4137=FACE_BOUND('',#3833,.T.);
#4138=FACE_BOUND('',#3834,.T.);
#4139=FACE_BOUND('',#3835,.T.);
#4140=FACE_BOUND('',#3836,.T.);
#4141=FACE_BOUND('',#3837,.T.);
#4142=FACE_BOUND('',#3838,.T.);
#4143=FACE_BOUND('',#3839,.T.);
#4144=FACE_BOUND('',#3840,.T.);
#4145=FACE_BOUND('',#3841,.T.);
#4146=FACE_BOUND('',#3842,.T.);
#4147=FACE_BOUND('',#3843,.T.);
#4148=FACE_BOUND('',#3844,.T.);
#4149=FACE_BOUND('',#3845,.T.);
#4150=FACE_BOUND('',#3846,.T.);
#4151=FACE_BOUND('',#3847,.T.);
#4152=FACE_BOUND('',#3848,.T.);
#4153=FACE_BOUND('',#3849,.T.);
#4154=FACE_BOUND('',#3850,.T.);
#4155=FACE_BOUND('',#3851,.T.);
#4156=FACE_BOUND('',#3852,.T.);
#4157=FACE_BOUND('',#3853,.T.);
#4158=FACE_BOUND('',#3854,.T.);
#4159=FACE_BOUND('',#3855,.T.);
#4160=FACE_BOUND('',#3856,.T.);
#4161=FACE_BOUND('',#3857,.T.);
#4162=FACE_BOUND('',#3858,.T.);
#4163=FACE_BOUND('',#3859,.T.);
#4164=FACE_BOUND('',#3860,.T.);
#4165=FACE_BOUND('',#3861,.T.);
#4166=FACE_BOUND('',#3862,.T.);
#4167=FACE_BOUND('',#3863,.T.);
#4168=FACE_BOUND('',#3864,.T.);
#4169=FACE_BOUND('',#3865,.T.);
#4170=FACE_BOUND('',#3866,.T.);
#4171=FACE_BOUND('',#3867,.T.);
#4172=FACE_BOUND('',#3868,.T.);
#4173=FACE_BOUND('',#3869,.T.);
#4174=FACE_BOUND('',#3870,.T.);
#4175=FACE_BOUND('',#3871,.T.);
#4176=FACE_BOUND('',#3872,.T.);
#4177=FACE_BOUND('',#3873,.T.);
#4178=FACE_BOUND('',#3874,.T.);
#4179=PLANE('',#4545);
#4180=PLANE('',#4546);
#4181=PLANE('',#4547);
#4182=PLANE('',#4548);
#4183=PLANE('',#4549);
#4184=PLANE('',#4550);
#4185=PLANE('',#4551);
#4186=PLANE('',#4552);
#4187=PLANE('',#4553);
#4188=PLANE('',#4554);
#4189=PLANE('',#4555);
#4190=PLANE('',#4556);
#4191=PLANE('',#4557);
#4192=PLANE('',#4558);
#4193=PLANE('',#4559);
#4194=PLANE('',#4560);
#4195=PLANE('',#4561);
#4196=PLANE('',#4562);
#4197=PLANE('',#4563);
#4198=PLANE('',#4564);
#4199=PLANE('',#4565);
#4200=PLANE('',#4566);
#4201=PLANE('',#4567);
#4202=PLANE('',#4568);
#4203=PLANE('',#4569);
#4204=PLANE('',#4642);
#4205=PLANE('',#4643);
#4206=PLANE('',#4644);
#4207=PLANE('',#4645);
#4208=PLANE('',#4646);
#4209=PLANE('',#4647);
#4210=PLANE('',#4648);
#4211=PLANE('',#4649);
#4212=PLANE('',#4650);
#4213=PLANE('',#4651);
#4214=PLANE('',#4652);
#4215=PLANE('',#4653);
#4216=PLANE('',#4654);
#4217=PLANE('',#4655);
#4218=PLANE('',#4656);
#4219=PLANE('',#4657);
#4220=PLANE('',#4658);
#4221=PLANE('',#4659);
#4222=PLANE('',#4660);
#4223=PLANE('',#4661);
#4224=PLANE('',#4662);
#4225=PLANE('',#4663);
#4226=PLANE('',#4664);
#4227=PLANE('',#4665);
#4228=PLANE('',#4666);
#4229=PLANE('',#4667);
#4230=PLANE('',#4741);
#4231=PLANE('',#4746);
#4232=PLANE('',#4748);
#4233=PLANE('',#4749);
#4234=ADVANCED_FACE('',(#3875),#4179,.T.);
#4235=ADVANCED_FACE('',(#3876),#4180,.T.);
#4236=ADVANCED_FACE('',(#3877),#4181,.T.);
#4237=ADVANCED_FACE('',(#3878),#4182,.T.);
#4238=ADVANCED_FACE('',(#3879),#4183,.T.);
#4239=ADVANCED_FACE('',(#3880),#4184,.T.);
#4240=ADVANCED_FACE('',(#3881),#4185,.T.);
#4241=ADVANCED_FACE('',(#3882),#4186,.T.);
#4242=ADVANCED_FACE('',(#3883),#4187,.T.);
#4243=ADVANCED_FACE('',(#3884),#4188,.T.);
#4244=ADVANCED_FACE('',(#3885),#4189,.T.);
#4245=ADVANCED_FACE('',(#3886),#4190,.T.);
#4246=ADVANCED_FACE('',(#3887),#4191,.T.);
#4247=ADVANCED_FACE('',(#3888),#4192,.T.);
#4248=ADVANCED_FACE('',(#3889),#4193,.T.);
#4249=ADVANCED_FACE('',(#3890),#4194,.T.);
#4250=ADVANCED_FACE('',(#3891),#4195,.T.);
#4251=ADVANCED_FACE('',(#3892),#4196,.T.);
#4252=ADVANCED_FACE('',(#3893),#4197,.T.);
#4253=ADVANCED_FACE('',(#3894),#4198,.T.);
#4254=ADVANCED_FACE('',(#3895),#4199,.T.);
#4255=ADVANCED_FACE('',(#3896),#4200,.T.);
#4256=ADVANCED_FACE('',(#3897),#4201,.T.);
#4257=ADVANCED_FACE('',(#3898),#4202,.T.);
#4258=ADVANCED_FACE('',(#3899),#4203,.T.);
#4259=ADVANCED_FACE('',(#3900),#259,.F.);
#4260=ADVANCED_FACE('',(#3901),#260,.T.);
#4261=ADVANCED_FACE('',(#3902),#261,.F.);
#4262=ADVANCED_FACE('',(#3903),#262,.T.);
#4263=ADVANCED_FACE('',(#3904),#263,.F.);
#4264=ADVANCED_FACE('',(#3905),#264,.T.);
#4265=ADVANCED_FACE('',(#3906),#265,.F.);
#4266=ADVANCED_FACE('',(#3907),#266,.T.);
#4267=ADVANCED_FACE('',(#3908),#267,.F.);
#4268=ADVANCED_FACE('',(#3909),#268,.T.);
#4269=ADVANCED_FACE('',(#3910),#269,.F.);
#4270=ADVANCED_FACE('',(#3911),#270,.T.);
#4271=ADVANCED_FACE('',(#3912),#271,.F.);
#4272=ADVANCED_FACE('',(#3913),#272,.T.);
#4273=ADVANCED_FACE('',(#3914),#273,.F.);
#4274=ADVANCED_FACE('',(#3915),#274,.T.);
#4275=ADVANCED_FACE('',(#3916),#275,.F.);
#4276=ADVANCED_FACE('',(#3917),#276,.T.);
#4277=ADVANCED_FACE('',(#3918),#277,.F.);
#4278=ADVANCED_FACE('',(#3919),#278,.T.);
#4279=ADVANCED_FACE('',(#3920),#279,.F.);
#4280=ADVANCED_FACE('',(#3921),#280,.F.);
#4281=ADVANCED_FACE('',(#3922),#281,.T.);
#4282=ADVANCED_FACE('',(#3923),#282,.T.);
#4283=ADVANCED_FACE('',(#3924,#3925),#4204,.F.);
#4284=ADVANCED_FACE('',(#3926),#4205,.T.);
#4285=ADVANCED_FACE('',(#3927),#4206,.T.);
#4286=ADVANCED_FACE('',(#3928),#4207,.T.);
#4287=ADVANCED_FACE('',(#3929),#4208,.T.);
#4288=ADVANCED_FACE('',(#3930),#4209,.T.);
#4289=ADVANCED_FACE('',(#3931),#4210,.T.);
#4290=ADVANCED_FACE('',(#3932),#4211,.T.);
#4291=ADVANCED_FACE('',(#3933),#4212,.T.);
#4292=ADVANCED_FACE('',(#3934),#4213,.T.);
#4293=ADVANCED_FACE('',(#3935),#4214,.T.);
#4294=ADVANCED_FACE('',(#3936),#4215,.T.);
#4295=ADVANCED_FACE('',(#3937),#4216,.T.);
#4296=ADVANCED_FACE('',(#3938),#4217,.T.);
#4297=ADVANCED_FACE('',(#3939),#4218,.T.);
#4298=ADVANCED_FACE('',(#3940),#4219,.T.);
#4299=ADVANCED_FACE('',(#3941),#4220,.T.);
#4300=ADVANCED_FACE('',(#3942),#4221,.T.);
#4301=ADVANCED_FACE('',(#3943),#4222,.T.);
#4302=ADVANCED_FACE('',(#3944),#4223,.T.);
#4303=ADVANCED_FACE('',(#3945),#4224,.T.);
#4304=ADVANCED_FACE('',(#3946),#4225,.T.);
#4305=ADVANCED_FACE('',(#3947),#4226,.T.);
#4306=ADVANCED_FACE('',(#3948),#4227,.T.);
#4307=ADVANCED_FACE('',(#3949),#4228,.T.);
#4308=ADVANCED_FACE('',(#3950,#3951),#4229,.T.);
#4309=ADVANCED_FACE('',(#3952),#283,.T.);
#4310=ADVANCED_FACE('',(#3953),#284,.F.);
#4311=ADVANCED_FACE('',(#3954),#285,.T.);
#4312=ADVANCED_FACE('',(#3955),#286,.F.);
#4313=ADVANCED_FACE('',(#3956),#287,.T.);
#4314=ADVANCED_FACE('',(#3957),#288,.F.);
#4315=ADVANCED_FACE('',(#3958),#289,.T.);
#4316=ADVANCED_FACE('',(#3959),#290,.F.);
#4317=ADVANCED_FACE('',(#3960),#291,.T.);
#4318=ADVANCED_FACE('',(#3961),#292,.F.);
#4319=ADVANCED_FACE('',(#3962),#293,.T.);
#4320=ADVANCED_FACE('',(#3963),#294,.F.);
#4321=ADVANCED_FACE('',(#3964),#295,.T.);
#4322=ADVANCED_FACE('',(#3965),#296,.F.);
#4323=ADVANCED_FACE('',(#3966),#297,.T.);
#4324=ADVANCED_FACE('',(#3967),#298,.F.);
#4325=ADVANCED_FACE('',(#3968),#299,.T.);
#4326=ADVANCED_FACE('',(#3969),#300,.F.);
#4327=ADVANCED_FACE('',(#3970),#301,.T.);
#4328=ADVANCED_FACE('',(#3971),#302,.F.);
#4329=ADVANCED_FACE('',(#3972),#303,.T.);
#4330=ADVANCED_FACE('',(#3973),#304,.F.);
#4331=ADVANCED_FACE('',(#3974),#305,.T.);
#4332=ADVANCED_FACE('',(#3975),#306,.F.);
#4333=ADVANCED_FACE('',(#3976),#109,.T.);
#4334=ADVANCED_FACE('',(#3977),#13,.T.);
#4335=ADVANCED_FACE('',(#3978),#14,.T.);
#4336=ADVANCED_FACE('',(#3979),#110,.T.);
#4337=ADVANCED_FACE('',(#3980),#111,.T.);
#4338=ADVANCED_FACE('',(#3981),#15,.T.);
#4339=ADVANCED_FACE('',(#3982),#16,.T.);
#4340=ADVANCED_FACE('',(#3983),#112,.T.);
#4341=ADVANCED_FACE('',(#3984),#113,.T.);
#4342=ADVANCED_FACE('',(#3985),#17,.T.);
#4343=ADVANCED_FACE('',(#3986),#18,.T.);
#4344=ADVANCED_FACE('',(#3987),#114,.T.);
#4345=ADVANCED_FACE('',(#3988),#115,.T.);
#4346=ADVANCED_FACE('',(#3989),#19,.T.);
#4347=ADVANCED_FACE('',(#3990),#20,.T.);
#4348=ADVANCED_FACE('',(#3991),#116,.T.);
#4349=ADVANCED_FACE('',(#3992),#117,.T.);
#4350=ADVANCED_FACE('',(#3993),#21,.T.);
#4351=ADVANCED_FACE('',(#3994),#22,.T.);
#4352=ADVANCED_FACE('',(#3995),#118,.T.);
#4353=ADVANCED_FACE('',(#3996),#119,.T.);
#4354=ADVANCED_FACE('',(#3997),#23,.T.);
#4355=ADVANCED_FACE('',(#3998),#24,.T.);
#4356=ADVANCED_FACE('',(#3999),#120,.T.);
#4357=ADVANCED_FACE('',(#4000),#121,.T.);
#4358=ADVANCED_FACE('',(#4001),#25,.T.);
#4359=ADVANCED_FACE('',(#4002),#26,.T.);
#4360=ADVANCED_FACE('',(#4003),#122,.T.);
#4361=ADVANCED_FACE('',(#4004),#123,.T.);
#4362=ADVANCED_FACE('',(#4005),#27,.T.);
#4363=ADVANCED_FACE('',(#4006),#28,.T.);
#4364=ADVANCED_FACE('',(#4007),#124,.T.);
#4365=ADVANCED_FACE('',(#4008),#125,.T.);
#4366=ADVANCED_FACE('',(#4009),#29,.T.);
#4367=ADVANCED_FACE('',(#4010),#30,.T.);
#4368=ADVANCED_FACE('',(#4011),#126,.T.);
#4369=ADVANCED_FACE('',(#4012),#127,.T.);
#4370=ADVANCED_FACE('',(#4013),#31,.T.);
#4371=ADVANCED_FACE('',(#4014),#32,.T.);
#4372=ADVANCED_FACE('',(#4015),#128,.T.);
#4373=ADVANCED_FACE('',(#4016),#129,.T.);
#4374=ADVANCED_FACE('',(#4017),#33,.T.);
#4375=ADVANCED_FACE('',(#4018),#34,.T.);
#4376=ADVANCED_FACE('',(#4019),#130,.T.);
#4377=ADVANCED_FACE('',(#4020),#131,.T.);
#4378=ADVANCED_FACE('',(#4021),#35,.T.);
#4379=ADVANCED_FACE('',(#4022),#36,.T.);
#4380=ADVANCED_FACE('',(#4023),#132,.T.);
#4381=ADVANCED_FACE('',(#4024),#133,.F.);
#4382=ADVANCED_FACE('',(#4025),#37,.T.);
#4383=ADVANCED_FACE('',(#4026),#38,.T.);
#4384=ADVANCED_FACE('',(#4027),#134,.F.);
#4385=ADVANCED_FACE('',(#4028),#135,.F.);
#4386=ADVANCED_FACE('',(#4029),#39,.T.);
#4387=ADVANCED_FACE('',(#4030),#40,.T.);
#4388=ADVANCED_FACE('',(#4031),#136,.F.);
#4389=ADVANCED_FACE('',(#4032),#137,.F.);
#4390=ADVANCED_FACE('',(#4033),#41,.T.);
#4391=ADVANCED_FACE('',(#4034),#42,.T.);
#4392=ADVANCED_FACE('',(#4035),#138,.F.);
#4393=ADVANCED_FACE('',(#4036),#139,.F.);
#4394=ADVANCED_FACE('',(#4037),#43,.T.);
#4395=ADVANCED_FACE('',(#4038),#44,.T.);
#4396=ADVANCED_FACE('',(#4039),#140,.F.);
#4397=ADVANCED_FACE('',(#4040),#141,.F.);
#4398=ADVANCED_FACE('',(#4041),#45,.T.);
#4399=ADVANCED_FACE('',(#4042),#46,.T.);
#4400=ADVANCED_FACE('',(#4043),#142,.F.);
#4401=ADVANCED_FACE('',(#4044),#143,.F.);
#4402=ADVANCED_FACE('',(#4045),#47,.T.);
#4403=ADVANCED_FACE('',(#4046),#48,.T.);
#4404=ADVANCED_FACE('',(#4047),#144,.F.);
#4405=ADVANCED_FACE('',(#4048),#145,.F.);
#4406=ADVANCED_FACE('',(#4049),#49,.T.);
#4407=ADVANCED_FACE('',(#4050),#50,.T.);
#4408=ADVANCED_FACE('',(#4051),#146,.F.);
#4409=ADVANCED_FACE('',(#4052),#147,.F.);
#4410=ADVANCED_FACE('',(#4053),#51,.T.);
#4411=ADVANCED_FACE('',(#4054),#52,.T.);
#4412=ADVANCED_FACE('',(#4055),#148,.F.);
#4413=ADVANCED_FACE('',(#4056),#149,.F.);
#4414=ADVANCED_FACE('',(#4057),#53,.T.);
#4415=ADVANCED_FACE('',(#4058),#54,.T.);
#4416=ADVANCED_FACE('',(#4059),#150,.F.);
#4417=ADVANCED_FACE('',(#4060),#151,.F.);
#4418=ADVANCED_FACE('',(#4061),#55,.T.);
#4419=ADVANCED_FACE('',(#4062),#56,.T.);
#4420=ADVANCED_FACE('',(#4063),#152,.F.);
#4421=ADVANCED_FACE('',(#4064),#153,.F.);
#4422=ADVANCED_FACE('',(#4065),#57,.T.);
#4423=ADVANCED_FACE('',(#4066),#58,.T.);
#4424=ADVANCED_FACE('',(#4067),#154,.F.);
#4425=ADVANCED_FACE('',(#4068),#155,.F.);
#4426=ADVANCED_FACE('',(#4069),#59,.T.);
#4427=ADVANCED_FACE('',(#4070),#60,.T.);
#4428=ADVANCED_FACE('',(#4071),#156,.F.);
#4429=ADVANCED_FACE('',(#4072,#4073),#4230,.T.);
#4430=ADVANCED_FACE('',(#4074,#4075),#307,.F.);
#4431=ADVANCED_FACE('',(#4076),#4231,.T.);
#4432=ADVANCED_FACE('',(#4077),#4232,.F.);
#4433=ADVANCED_FACE('',(#4078),#4233,.T.);
#4434=ADVANCED_FACE('',(#4079,#4080),#308,.F.);
#4435=ADVANCED_FACE('',(#4081,#4082),#12,.T.);
#4436=ADVANCED_FACE('',(#4083),#309,.T.);
#4437=ADVANCED_FACE('',(#4084),#61,.T.);
#4438=ADVANCED_FACE('',(#4085),#62,.T.);
#4439=ADVANCED_FACE('',(#4086),#310,.T.);
#4440=ADVANCED_FACE('',(#4087),#311,.T.);
#4441=ADVANCED_FACE('',(#4088),#63,.T.);
#4442=ADVANCED_FACE('',(#4089),#64,.T.);
#4443=ADVANCED_FACE('',(#4090),#312,.T.);
#4444=ADVANCED_FACE('',(#4091),#313,.T.);
#4445=ADVANCED_FACE('',(#4092),#65,.T.);
#4446=ADVANCED_FACE('',(#4093),#66,.T.);
#4447=ADVANCED_FACE('',(#4094),#314,.T.);
#4448=ADVANCED_FACE('',(#4095),#315,.T.);
#4449=ADVANCED_FACE('',(#4096),#67,.T.);
#4450=ADVANCED_FACE('',(#4097),#68,.T.);
#4451=ADVANCED_FACE('',(#4098),#316,.T.);
#4452=ADVANCED_FACE('',(#4099),#317,.T.);
#4453=ADVANCED_FACE('',(#4100),#69,.T.);
#4454=ADVANCED_FACE('',(#4101),#70,.T.);
#4455=ADVANCED_FACE('',(#4102),#318,.T.);
#4456=ADVANCED_FACE('',(#4103),#319,.T.);
#4457=ADVANCED_FACE('',(#4104),#71,.T.);
#4458=ADVANCED_FACE('',(#4105),#72,.T.);
#4459=ADVANCED_FACE('',(#4106),#320,.T.);
#4460=ADVANCED_FACE('',(#4107),#321,.T.);
#4461=ADVANCED_FACE('',(#4108),#73,.T.);
#4462=ADVANCED_FACE('',(#4109),#74,.T.);
#4463=ADVANCED_FACE('',(#4110),#322,.T.);
#4464=ADVANCED_FACE('',(#4111),#323,.T.);
#4465=ADVANCED_FACE('',(#4112),#75,.T.);
#4466=ADVANCED_FACE('',(#4113),#76,.T.);
#4467=ADVANCED_FACE('',(#4114),#324,.T.);
#4468=ADVANCED_FACE('',(#4115),#325,.T.);
#4469=ADVANCED_FACE('',(#4116),#77,.T.);
#4470=ADVANCED_FACE('',(#4117),#78,.T.);
#4471=ADVANCED_FACE('',(#4118),#326,.T.);
#4472=ADVANCED_FACE('',(#4119),#327,.T.);
#4473=ADVANCED_FACE('',(#4120),#79,.T.);
#4474=ADVANCED_FACE('',(#4121),#80,.T.);
#4475=ADVANCED_FACE('',(#4122),#328,.T.);
#4476=ADVANCED_FACE('',(#4123),#329,.T.);
#4477=ADVANCED_FACE('',(#4124),#81,.T.);
#4478=ADVANCED_FACE('',(#4125),#82,.T.);
#4479=ADVANCED_FACE('',(#4126),#330,.T.);
#4480=ADVANCED_FACE('',(#4127),#331,.T.);
#4481=ADVANCED_FACE('',(#4128),#83,.T.);
#4482=ADVANCED_FACE('',(#4129),#84,.T.);
#4483=ADVANCED_FACE('',(#4130),#332,.T.);
#4484=ADVANCED_FACE('',(#4131),#333,.T.);
#4485=ADVANCED_FACE('',(#4132),#85,.T.);
#4486=ADVANCED_FACE('',(#4133),#86,.T.);
#4487=ADVANCED_FACE('',(#4134),#334,.T.);
#4488=ADVANCED_FACE('',(#4135),#335,.T.);
#4489=ADVANCED_FACE('',(#4136),#87,.T.);
#4490=ADVANCED_FACE('',(#4137),#88,.T.);
#4491=ADVANCED_FACE('',(#4138),#336,.T.);
#4492=ADVANCED_FACE('',(#4139),#337,.T.);
#4493=ADVANCED_FACE('',(#4140),#89,.T.);
#4494=ADVANCED_FACE('',(#4141),#90,.T.);
#4495=ADVANCED_FACE('',(#4142),#338,.T.);
#4496=ADVANCED_FACE('',(#4143),#339,.T.);
#4497=ADVANCED_FACE('',(#4144),#91,.T.);
#4498=ADVANCED_FACE('',(#4145),#92,.T.);
#4499=ADVANCED_FACE('',(#4146),#340,.T.);
#4500=ADVANCED_FACE('',(#4147),#341,.T.);
#4501=ADVANCED_FACE('',(#4148),#93,.T.);
#4502=ADVANCED_FACE('',(#4149),#94,.T.);
#4503=ADVANCED_FACE('',(#4150),#342,.T.);
#4504=ADVANCED_FACE('',(#4151),#343,.T.);
#4505=ADVANCED_FACE('',(#4152),#95,.T.);
#4506=ADVANCED_FACE('',(#4153),#96,.T.);
#4507=ADVANCED_FACE('',(#4154),#344,.T.);
#4508=ADVANCED_FACE('',(#4155),#345,.T.);
#4509=ADVANCED_FACE('',(#4156),#97,.T.);
#4510=ADVANCED_FACE('',(#4157),#98,.T.);
#4511=ADVANCED_FACE('',(#4158),#346,.T.);
#4512=ADVANCED_FACE('',(#4159),#347,.T.);
#4513=ADVANCED_FACE('',(#4160),#99,.T.);
#4514=ADVANCED_FACE('',(#4161),#100,.T.);
#4515=ADVANCED_FACE('',(#4162),#348,.T.);
#4516=ADVANCED_FACE('',(#4163),#349,.T.);
#4517=ADVANCED_FACE('',(#4164),#101,.T.);
#4518=ADVANCED_FACE('',(#4165),#102,.T.);
#4519=ADVANCED_FACE('',(#4166),#350,.T.);
#4520=ADVANCED_FACE('',(#4167),#351,.T.);
#4521=ADVANCED_FACE('',(#4168),#103,.T.);
#4522=ADVANCED_FACE('',(#4169),#104,.T.);
#4523=ADVANCED_FACE('',(#4170),#352,.T.);
#4524=ADVANCED_FACE('',(#4171),#353,.T.);
#4525=ADVANCED_FACE('',(#4172),#105,.T.);
#4526=ADVANCED_FACE('',(#4173),#106,.T.);
#4527=ADVANCED_FACE('',(#4174),#354,.T.);
#4528=ADVANCED_FACE('',(#4175),#355,.T.);
#4529=ADVANCED_FACE('',(#4176),#107,.T.);
#4530=ADVANCED_FACE('',(#4177),#108,.T.);
#4531=ADVANCED_FACE('',(#4178),#356,.T.);
#4532=CLOSED_SHELL('',(#4234,#4235,#4236,#4237,#4238,#4239,#4240,#4241,
#4242,#4243,#4244,#4245,#4246,#4247,#4248,#4249,#4250,#4251,#4252,#4253,
#4254,#4255,#4256,#4257,#4258,#4259,#4260,#4261,#4262,#4263,#4264,#4265,
#4266,#4267,#4268,#4269,#4270,#4271,#4272,#4273,#4274,#4275,#4276,#4277,
#4278,#4279,#4280,#4281,#4282,#4283,#4284,#4285,#4286,#4287,#4288,#4289,
#4290,#4291,#4292,#4293,#4294,#4295,#4296,#4297,#4298,#4299,#4300,#4301,
#4302,#4303,#4304,#4305,#4306,#4307,#4308,#4309,#4310,#4311,#4312,#4313,
#4314,#4315,#4316,#4317,#4318,#4319,#4320,#4321,#4322,#4323,#4324,#4325,
#4326,#4327,#4328,#4329,#4330,#4331,#4332,#4333,#4334,#4335,#4336,#4337,
#4338,#4339,#4340,#4341,#4342,#4343,#4344,#4345,#4346,#4347,#4348,#4349,
#4350,#4351,#4352,#4353,#4354,#4355,#4356,#4357,#4358,#4359,#4360,#4361,
#4362,#4363,#4364,#4365,#4366,#4367,#4368,#4369,#4370,#4371,#4372,#4373,
#4374,#4375,#4376,#4377,#4378,#4379,#4380,#4381,#4382,#4383,#4384,#4385,
#4386,#4387,#4388,#4389,#4390,#4391,#4392,#4393,#4394,#4395,#4396,#4397,
#4398,#4399,#4400,#4401,#4402,#4403,#4404,#4405,#4406,#4407,#4408,#4409,
#4410,#4411,#4412,#4413,#4414,#4415,#4416,#4417,#4418,#4419,#4420,#4421,
#4422,#4423,#4424,#4425,#4426,#4427,#4428,#4429,#4430,#4431,#4432,#4433,
#4434,#4435,#4436,#4437,#4438,#4439,#4440,#4441,#4442,#4443,#4444,#4445,
#4446,#4447,#4448,#4449,#4450,#4451,#4452,#4453,#4454,#4455,#4456,#4457,
#4458,#4459,#4460,#4461,#4462,#4463,#4464,#4465,#4466,#4467,#4468,#4469,
#4470,#4471,#4472,#4473,#4474,#4475,#4476,#4477,#4478,#4479,#4480,#4481,
#4482,#4483,#4484,#4485,#4486,#4487,#4488,#4489,#4490,#4491,#4492,#4493,
#4494,#4495,#4496,#4497,#4498,#4499,#4500,#4501,#4502,#4503,#4504,#4505,
#4506,#4507,#4508,#4509,#4510,#4511,#4512,#4513,#4514,#4515,#4516,#4517,
#4518,#4519,#4520,#4521,#4522,#4523,#4524,#4525,#4526,#4527,#4528,#4529,
#4530,#4531));
#4533=STYLED_ITEM('',(#4534),#4541);
#4534=PRESENTATION_STYLE_ASSIGNMENT((#4535));
#4535=SURFACE_STYLE_USAGE(.BOTH.,#4536);
#4536=SURFACE_SIDE_STYLE('',(#4537));
#4537=SURFACE_STYLE_FILL_AREA(#4538);
#4538=FILL_AREA_STYLE('',(#4539));
#4539=FILL_AREA_STYLE_COLOUR('',#4540);
#4540=COLOUR_RGB('',0.615686274509804,0.811764705882353,0.929411764705882);
#4541=MANIFOLD_SOLID_BREP('Part 1',#4532);
#4542=SHAPE_DEFINITION_REPRESENTATION(#9806,#4543);
#4543=SHAPE_REPRESENTATION('Part 1',(#4544),#9801);
#4544=AXIS2_PLACEMENT_3D('',#5799,#4897,#4898);
#4545=AXIS2_PLACEMENT_3D('',#5800,#4899,#4900);
#4546=AXIS2_PLACEMENT_3D('',#5812,#4904,#4905);
#4547=AXIS2_PLACEMENT_3D('',#5824,#4909,#4910);
#4548=AXIS2_PLACEMENT_3D('',#5836,#4914,#4915);
#4549=AXIS2_PLACEMENT_3D('',#5848,#4919,#4920);
#4550=AXIS2_PLACEMENT_3D('',#5860,#4924,#4925);
#4551=AXIS2_PLACEMENT_3D('',#5872,#4929,#4930);
#4552=AXIS2_PLACEMENT_3D('',#5884,#4934,#4935);
#4553=AXIS2_PLACEMENT_3D('',#5896,#4939,#4940);
#4554=AXIS2_PLACEMENT_3D('',#5908,#4944,#4945);
#4555=AXIS2_PLACEMENT_3D('',#5920,#4949,#4950);
#4556=AXIS2_PLACEMENT_3D('',#5932,#4954,#4955);
#4557=AXIS2_PLACEMENT_3D('',#5944,#4959,#4960);
#4558=AXIS2_PLACEMENT_3D('',#5956,#4964,#4965);
#4559=AXIS2_PLACEMENT_3D('',#5968,#4969,#4970);
#4560=AXIS2_PLACEMENT_3D('',#5980,#4974,#4975);
#4561=AXIS2_PLACEMENT_3D('',#5992,#4979,#4980);
#4562=AXIS2_PLACEMENT_3D('',#6004,#4984,#4985);
#4563=AXIS2_PLACEMENT_3D('',#6016,#4989,#4990);
#4564=AXIS2_PLACEMENT_3D('',#6028,#4994,#4995);
#4565=AXIS2_PLACEMENT_3D('',#6040,#4999,#5000);
#4566=AXIS2_PLACEMENT_3D('',#6052,#5004,#5005);
#4567=AXIS2_PLACEMENT_3D('',#6064,#5009,#5010);
#4568=AXIS2_PLACEMENT_3D('',#6076,#5014,#5015);
#4569=AXIS2_PLACEMENT_3D('',#6088,#5019,#5020);
#4570=AXIS2_PLACEMENT_3D('',#6089,#5021,#5022);
#4571=AXIS2_PLACEMENT_3D('',#6094,#5024,#5025);
#4572=AXIS2_PLACEMENT_3D('',#6098,#5027,#5028);
#4573=AXIS2_PLACEMENT_3D('',#6102,#5030,#5031);
#4574=AXIS2_PLACEMENT_3D('',#6106,#5033,#5034);
#4575=AXIS2_PLACEMENT_3D('',#6110,#5036,#5037);
#4576=AXIS2_PLACEMENT_3D('',#6114,#5039,#5040);
#4577=AXIS2_PLACEMENT_3D('',#6118,#5042,#5043);
#4578=AXIS2_PLACEMENT_3D('',#6122,#5045,#5046);
#4579=AXIS2_PLACEMENT_3D('',#6126,#5048,#5049);
#4580=AXIS2_PLACEMENT_3D('',#6130,#5051,#5052);
#4581=AXIS2_PLACEMENT_3D('',#6134,#5054,#5055);
#4582=AXIS2_PLACEMENT_3D('',#6138,#5057,#5058);
#4583=AXIS2_PLACEMENT_3D('',#6142,#5060,#5061);
#4584=AXIS2_PLACEMENT_3D('',#6146,#5063,#5064);
#4585=AXIS2_PLACEMENT_3D('',#6150,#5066,#5067);
#4586=AXIS2_PLACEMENT_3D('',#6154,#5069,#5070);
#4587=AXIS2_PLACEMENT_3D('',#6158,#5072,#5073);
#4588=AXIS2_PLACEMENT_3D('',#6162,#5075,#5076);
#4589=AXIS2_PLACEMENT_3D('',#6166,#5078,#5079);
#4590=AXIS2_PLACEMENT_3D('',#6170,#5081,#5082);
#4591=AXIS2_PLACEMENT_3D('',#6174,#5084,#5085);
#4592=AXIS2_PLACEMENT_3D('',#6178,#5087,#5088);
#4593=AXIS2_PLACEMENT_3D('',#6182,#5090,#5091);
#4594=AXIS2_PLACEMENT_3D('',#6185,#5093,#5094);
#4595=AXIS2_PLACEMENT_3D('',#6186,#5095,#5096);
#4596=AXIS2_PLACEMENT_3D('',#6191,#5097,#5098);
#4597=AXIS2_PLACEMENT_3D('',#6192,#5099,#5100);
#4598=AXIS2_PLACEMENT_3D('',#6197,#5101,#5102);
#4599=AXIS2_PLACEMENT_3D('',#6198,#5103,#5104);
#4600=AXIS2_PLACEMENT_3D('',#6203,#5105,#5106);
#4601=AXIS2_PLACEMENT_3D('',#6204,#5107,#5108);
#4602=AXIS2_PLACEMENT_3D('',#6209,#5109,#5110);
#4603=AXIS2_PLACEMENT_3D('',#6210,#5111,#5112);
#4604=AXIS2_PLACEMENT_3D('',#6215,#5113,#5114);
#4605=AXIS2_PLACEMENT_3D('',#6216,#5115,#5116);
#4606=AXIS2_PLACEMENT_3D('',#6221,#5117,#5118);
#4607=AXIS2_PLACEMENT_3D('',#6222,#5119,#5120);
#4608=AXIS2_PLACEMENT_3D('',#6227,#5121,#5122);
#4609=AXIS2_PLACEMENT_3D('',#6228,#5123,#5124);
#4610=AXIS2_PLACEMENT_3D('',#6233,#5125,#5126);
#4611=AXIS2_PLACEMENT_3D('',#6234,#5127,#5128);
#4612=AXIS2_PLACEMENT_3D('',#6239,#5129,#5130);
#4613=AXIS2_PLACEMENT_3D('',#6240,#5131,#5132);
#4614=AXIS2_PLACEMENT_3D('',#6245,#5133,#5134);
#4615=AXIS2_PLACEMENT_3D('',#6246,#5135,#5136);
#4616=AXIS2_PLACEMENT_3D('',#6251,#5137,#5138);
#4617=AXIS2_PLACEMENT_3D('',#6252,#5139,#5140);
#4618=AXIS2_PLACEMENT_3D('',#6257,#5141,#5142);
#4619=AXIS2_PLACEMENT_3D('',#6258,#5143,#5144);
#4620=AXIS2_PLACEMENT_3D('',#6263,#5145,#5146);
#4621=AXIS2_PLACEMENT_3D('',#6264,#5147,#5148);
#4622=AXIS2_PLACEMENT_3D('',#6269,#5149,#5150);
#4623=AXIS2_PLACEMENT_3D('',#6270,#5151,#5152);
#4624=AXIS2_PLACEMENT_3D('',#6275,#5153,#5154);
#4625=AXIS2_PLACEMENT_3D('',#6276,#5155,#5156);
#4626=AXIS2_PLACEMENT_3D('',#6281,#5157,#5158);
#4627=AXIS2_PLACEMENT_3D('',#6282,#5159,#5160);
#4628=AXIS2_PLACEMENT_3D('',#6287,#5161,#5162);
#4629=AXIS2_PLACEMENT_3D('',#6288,#5163,#5164);
#4630=AXIS2_PLACEMENT_3D('',#6293,#5165,#5166);
#4631=AXIS2_PLACEMENT_3D('',#6294,#5167,#5168);
#4632=AXIS2_PLACEMENT_3D('',#6299,#5169,#5170);
#4633=AXIS2_PLACEMENT_3D('',#6300,#5171,#5172);
#4634=AXIS2_PLACEMENT_3D('',#6305,#5173,#5174);
#4635=AXIS2_PLACEMENT_3D('',#6306,#5175,#5176);
#4636=AXIS2_PLACEMENT_3D('',#6311,#5177,#5178);
#4637=AXIS2_PLACEMENT_3D('',#6312,#5179,#5180);
#4638=AXIS2_PLACEMENT_3D('',#6317,#5181,#5182);
#4639=AXIS2_PLACEMENT_3D('',#6318,#5183,#5184);
#4640=AXIS2_PLACEMENT_3D('',#6323,#5185,#5186);
#4641=AXIS2_PLACEMENT_3D('',#6324,#5187,#5188);
#4642=AXIS2_PLACEMENT_3D('',#6329,#5189,#5190);
#4643=AXIS2_PLACEMENT_3D('',#6810,#5191,#5192);
#4644=AXIS2_PLACEMENT_3D('',#6822,#5196,#5197);
#4645=AXIS2_PLACEMENT_3D('',#6834,#5201,#5202);
#4646=AXIS2_PLACEMENT_3D('',#6846,#5206,#5207);
#4647=AXIS2_PLACEMENT_3D('',#6858,#5211,#5212);
#4648=AXIS2_PLACEMENT_3D('',#6870,#5216,#5217);
#4649=AXIS2_PLACEMENT_3D('',#6882,#5221,#5222);
#4650=AXIS2_PLACEMENT_3D('',#6894,#5226,#5227);
#4651=AXIS2_PLACEMENT_3D('',#6906,#5231,#5232);
#4652=AXIS2_PLACEMENT_3D('',#6918,#5236,#5237);
#4653=AXIS2_PLACEMENT_3D('',#6930,#5241,#5242);
#4654=AXIS2_PLACEMENT_3D('',#6942,#5246,#5247);
#4655=AXIS2_PLACEMENT_3D('',#6954,#5251,#5252);
#4656=AXIS2_PLACEMENT_3D('',#6966,#5256,#5257);
#4657=AXIS2_PLACEMENT_3D('',#6978,#5261,#5262);
#4658=AXIS2_PLACEMENT_3D('',#6990,#5266,#5267);
#4659=AXIS2_PLACEMENT_3D('',#7002,#5271,#5272);
#4660=AXIS2_PLACEMENT_3D('',#7014,#5276,#5277);
#4661=AXIS2_PLACEMENT_3D('',#7026,#5281,#5282);
#4662=AXIS2_PLACEMENT_3D('',#7038,#5286,#5287);
#4663=AXIS2_PLACEMENT_3D('',#7050,#5291,#5292);
#4664=AXIS2_PLACEMENT_3D('',#7062,#5296,#5297);
#4665=AXIS2_PLACEMENT_3D('',#7074,#5301,#5302);
#4666=AXIS2_PLACEMENT_3D('',#7086,#5306,#5307);
#4667=AXIS2_PLACEMENT_3D('',#7098,#5311,#5312);
#4668=AXIS2_PLACEMENT_3D('',#7099,#5313,#5314);
#4669=AXIS2_PLACEMENT_3D('',#7101,#5315,#5316);
#4670=AXIS2_PLACEMENT_3D('',#7106,#5318,#5319);
#4671=AXIS2_PLACEMENT_3D('',#7110,#5321,#5322);
#4672=AXIS2_PLACEMENT_3D('',#7114,#5324,#5325);
#4673=AXIS2_PLACEMENT_3D('',#7118,#5327,#5328);
#4674=AXIS2_PLACEMENT_3D('',#7122,#5330,#5331);
#4675=AXIS2_PLACEMENT_3D('',#7126,#5333,#5334);
#4676=AXIS2_PLACEMENT_3D('',#7130,#5336,#5337);
#4677=AXIS2_PLACEMENT_3D('',#7134,#5339,#5340);
#4678=AXIS2_PLACEMENT_3D('',#7138,#5342,#5343);
#4679=AXIS2_PLACEMENT_3D('',#7142,#5345,#5346);
#4680=AXIS2_PLACEMENT_3D('',#7146,#5348,#5349);
#4681=AXIS2_PLACEMENT_3D('',#7150,#5351,#5352);
#4682=AXIS2_PLACEMENT_3D('',#7154,#5354,#5355);
#4683=AXIS2_PLACEMENT_3D('',#7158,#5357,#5358);
#4684=AXIS2_PLACEMENT_3D('',#7162,#5360,#5361);
#4685=AXIS2_PLACEMENT_3D('',#7166,#5363,#5364);
#4686=AXIS2_PLACEMENT_3D('',#7170,#5366,#5367);
#4687=AXIS2_PLACEMENT_3D('',#7174,#5369,#5370);
#4688=AXIS2_PLACEMENT_3D('',#7178,#5372,#5373);
#4689=AXIS2_PLACEMENT_3D('',#7182,#5375,#5376);
#4690=AXIS2_PLACEMENT_3D('',#7186,#5378,#5379);
#4691=AXIS2_PLACEMENT_3D('',#7190,#5381,#5382);
#4692=AXIS2_PLACEMENT_3D('',#7194,#5384,#5385);
#4693=AXIS2_PLACEMENT_3D('',#7197,#5387,#5388);
#4694=AXIS2_PLACEMENT_3D('',#7198,#5389,#5390);
#4695=AXIS2_PLACEMENT_3D('',#7203,#5391,#5392);
#4696=AXIS2_PLACEMENT_3D('',#7204,#5393,#5394);
#4697=AXIS2_PLACEMENT_3D('',#7209,#5395,#5396);
#4698=AXIS2_PLACEMENT_3D('',#7210,#5397,#5398);
#4699=AXIS2_PLACEMENT_3D('',#7215,#5399,#5400);
#4700=AXIS2_PLACEMENT_3D('',#7216,#5401,#5402);
#4701=AXIS2_PLACEMENT_3D('',#7221,#5403,#5404);
#4702=AXIS2_PLACEMENT_3D('',#7222,#5405,#5406);
#4703=AXIS2_PLACEMENT_3D('',#7227,#5407,#5408);
#4704=AXIS2_PLACEMENT_3D('',#7228,#5409,#5410);
#4705=AXIS2_PLACEMENT_3D('',#7233,#5411,#5412);
#4706=AXIS2_PLACEMENT_3D('',#7234,#5413,#5414);
#4707=AXIS2_PLACEMENT_3D('',#7239,#5415,#5416);
#4708=AXIS2_PLACEMENT_3D('',#7240,#5417,#5418);
#4709=AXIS2_PLACEMENT_3D('',#7245,#5419,#5420);
#4710=AXIS2_PLACEMENT_3D('',#7246,#5421,#5422);
#4711=AXIS2_PLACEMENT_3D('',#7251,#5423,#5424);
#4712=AXIS2_PLACEMENT_3D('',#7252,#5425,#5426);
#4713=AXIS2_PLACEMENT_3D('',#7257,#5427,#5428);
#4714=AXIS2_PLACEMENT_3D('',#7258,#5429,#5430);
#4715=AXIS2_PLACEMENT_3D('',#7263,#5431,#5432);
#4716=AXIS2_PLACEMENT_3D('',#7264,#5433,#5434);
#4717=AXIS2_PLACEMENT_3D('',#7269,#5435,#5436);
#4718=AXIS2_PLACEMENT_3D('',#7270,#5437,#5438);
#4719=AXIS2_PLACEMENT_3D('',#7275,#5439,#5440);
#4720=AXIS2_PLACEMENT_3D('',#7276,#5441,#5442);
#4721=AXIS2_PLACEMENT_3D('',#7281,#5443,#5444);
#4722=AXIS2_PLACEMENT_3D('',#7282,#5445,#5446);
#4723=AXIS2_PLACEMENT_3D('',#7287,#5447,#5448);
#4724=AXIS2_PLACEMENT_3D('',#7288,#5449,#5450);
#4725=AXIS2_PLACEMENT_3D('',#7293,#5451,#5452);
#4726=AXIS2_PLACEMENT_3D('',#7294,#5453,#5454);
#4727=AXIS2_PLACEMENT_3D('',#7299,#5455,#5456);
#4728=AXIS2_PLACEMENT_3D('',#7300,#5457,#5458);
#4729=AXIS2_PLACEMENT_3D('',#7305,#5459,#5460);
#4730=AXIS2_PLACEMENT_3D('',#7306,#5461,#5462);
#4731=AXIS2_PLACEMENT_3D('',#7311,#5463,#5464);
#4732=AXIS2_PLACEMENT_3D('',#7312,#5465,#5466);
#4733=AXIS2_PLACEMENT_3D('',#7317,#5467,#5468);
#4734=AXIS2_PLACEMENT_3D('',#7318,#5469,#5470);
#4735=AXIS2_PLACEMENT_3D('',#7323,#5471,#5472);
#4736=AXIS2_PLACEMENT_3D('',#7324,#5473,#5474);
#4737=AXIS2_PLACEMENT_3D('',#7329,#5475,#5476);
#4738=AXIS2_PLACEMENT_3D('',#7330,#5477,#5478);
#4739=AXIS2_PLACEMENT_3D('',#7335,#5479,#5480);
#4740=AXIS2_PLACEMENT_3D('',#7336,#5481,#5482);
#4741=AXIS2_PLACEMENT_3D('',#9021,#5483,#5484);
#4742=AXIS2_PLACEMENT_3D('',#9022,#5485,#5486);
#4743=AXIS2_PLACEMENT_3D('',#9024,#5487,#5488);
#4744=AXIS2_PLACEMENT_3D('',#9026,#5489,#5490);
#4745=AXIS2_PLACEMENT_3D('',#9027,#5491,#5492);
#4746=AXIS2_PLACEMENT_3D('',#9029,#5493,#5494);
#4747=AXIS2_PLACEMENT_3D('',#9030,#5495,#5496);
#4748=AXIS2_PLACEMENT_3D('',#9034,#5498,#5499);
#4749=AXIS2_PLACEMENT_3D('',#9040,#5503,#5504);
#4750=AXIS2_PLACEMENT_3D('',#9041,#5505,#5506);
#4751=AXIS2_PLACEMENT_3D('',#9042,#5507,#5508);
#4752=AXIS2_PLACEMENT_3D('',#9043,#5509,#5510);
#4753=AXIS2_PLACEMENT_3D('',#9044,#5511,#5512);
#4754=AXIS2_PLACEMENT_3D('',#9045,#5513,#5514);
#4755=AXIS2_PLACEMENT_3D('',#9046,#5515,#5516);
#4756=AXIS2_PLACEMENT_3D('',#9062,#5517,#5518);
#4757=AXIS2_PLACEMENT_3D('',#9075,#5519,#5520);
#4758=AXIS2_PLACEMENT_3D('',#9076,#5521,#5522);
#4759=AXIS2_PLACEMENT_3D('',#9077,#5523,#5524);
#4760=AXIS2_PLACEMENT_3D('',#9078,#5525,#5526);
#4761=AXIS2_PLACEMENT_3D('',#9079,#5527,#5528);
#4762=AXIS2_PLACEMENT_3D('',#9092,#5529,#5530);
#4763=AXIS2_PLACEMENT_3D('',#9108,#5531,#5532);
#4764=AXIS2_PLACEMENT_3D('',#9109,#5533,#5534);
#4765=AXIS2_PLACEMENT_3D('',#9110,#5535,#5536);
#4766=AXIS2_PLACEMENT_3D('',#9111,#5537,#5538);
#4767=AXIS2_PLACEMENT_3D('',#9112,#5539,#5540);
#4768=AXIS2_PLACEMENT_3D('',#9128,#5541,#5542);
#4769=AXIS2_PLACEMENT_3D('',#9141,#5543,#5544);
#4770=AXIS2_PLACEMENT_3D('',#9142,#5545,#5546);
#4771=AXIS2_PLACEMENT_3D('',#9143,#5547,#5548);
#4772=AXIS2_PLACEMENT_3D('',#9144,#5549,#5550);
#4773=AXIS2_PLACEMENT_3D('',#9145,#5551,#5552);
#4774=AXIS2_PLACEMENT_3D('',#9158,#5553,#5554);
#4775=AXIS2_PLACEMENT_3D('',#9174,#5555,#5556);
#4776=AXIS2_PLACEMENT_3D('',#9175,#5557,#5558);
#4777=AXIS2_PLACEMENT_3D('',#9176,#5559,#5560);
#4778=AXIS2_PLACEMENT_3D('',#9177,#5561,#5562);
#4779=AXIS2_PLACEMENT_3D('',#9178,#5563,#5564);
#4780=AXIS2_PLACEMENT_3D('',#9194,#5565,#5566);
#4781=AXIS2_PLACEMENT_3D('',#9207,#5567,#5568);
#4782=AXIS2_PLACEMENT_3D('',#9208,#5569,#5570);
#4783=AXIS2_PLACEMENT_3D('',#9209,#5571,#5572);
#4784=AXIS2_PLACEMENT_3D('',#9210,#5573,#5574);
#4785=AXIS2_PLACEMENT_3D('',#9211,#5575,#5576);
#4786=AXIS2_PLACEMENT_3D('',#9224,#5577,#5578);
#4787=AXIS2_PLACEMENT_3D('',#9240,#5579,#5580);
#4788=AXIS2_PLACEMENT_3D('',#9241,#5581,#5582);
#4789=AXIS2_PLACEMENT_3D('',#9242,#5583,#5584);
#4790=AXIS2_PLACEMENT_3D('',#9243,#5585,#5586);
#4791=AXIS2_PLACEMENT_3D('',#9244,#5587,#5588);
#4792=AXIS2_PLACEMENT_3D('',#9260,#5589,#5590);
#4793=AXIS2_PLACEMENT_3D('',#9273,#5591,#5592);
#4794=AXIS2_PLACEMENT_3D('',#9274,#5593,#5594);
#4795=AXIS2_PLACEMENT_3D('',#9275,#5595,#5596);
#4796=AXIS2_PLACEMENT_3D('',#9276,#5597,#5598);
#4797=AXIS2_PLACEMENT_3D('',#9277,#5599,#5600);
#4798=AXIS2_PLACEMENT_3D('',#9290,#5601,#5602);
#4799=AXIS2_PLACEMENT_3D('',#9306,#5603,#5604);
#4800=AXIS2_PLACEMENT_3D('',#9307,#5605,#5606);
#4801=AXIS2_PLACEMENT_3D('',#9308,#5607,#5608);
#4802=AXIS2_PLACEMENT_3D('',#9309,#5609,#5610);
#4803=AXIS2_PLACEMENT_3D('',#9310,#5611,#5612);
#4804=AXIS2_PLACEMENT_3D('',#9326,#5613,#5614);
#4805=AXIS2_PLACEMENT_3D('',#9339,#5615,#5616);
#4806=AXIS2_PLACEMENT_3D('',#9340,#5617,#5618);
#4807=AXIS2_PLACEMENT_3D('',#9341,#5619,#5620);
#4808=AXIS2_PLACEMENT_3D('',#9342,#5621,#5622);
#4809=AXIS2_PLACEMENT_3D('',#9343,#5623,#5624);
#4810=AXIS2_PLACEMENT_3D('',#9356,#5625,#5626);
#4811=AXIS2_PLACEMENT_3D('',#9372,#5627,#5628);
#4812=AXIS2_PLACEMENT_3D('',#9373,#5629,#5630);
#4813=AXIS2_PLACEMENT_3D('',#9374,#5631,#5632);
#4814=AXIS2_PLACEMENT_3D('',#9375,#5633,#5634);
#4815=AXIS2_PLACEMENT_3D('',#9376,#5635,#5636);
#4816=AXIS2_PLACEMENT_3D('',#9392,#5637,#5638);
#4817=AXIS2_PLACEMENT_3D('',#9405,#5639,#5640);
#4818=AXIS2_PLACEMENT_3D('',#9406,#5641,#5642);
#4819=AXIS2_PLACEMENT_3D('',#9407,#5643,#5644);
#4820=AXIS2_PLACEMENT_3D('',#9408,#5645,#5646);
#4821=AXIS2_PLACEMENT_3D('',#9409,#5647,#5648);
#4822=AXIS2_PLACEMENT_3D('',#9422,#5649,#5650);
#4823=AXIS2_PLACEMENT_3D('',#9438,#5651,#5652);
#4824=AXIS2_PLACEMENT_3D('',#9439,#5653,#5654);
#4825=AXIS2_PLACEMENT_3D('',#9440,#5655,#5656);
#4826=AXIS2_PLACEMENT_3D('',#9441,#5657,#5658);
#4827=AXIS2_PLACEMENT_3D('',#9442,#5659,#5660);
#4828=AXIS2_PLACEMENT_3D('',#9455,#5661,#5662);
#4829=AXIS2_PLACEMENT_3D('',#9468,#5663,#5664);
#4830=AXIS2_PLACEMENT_3D('',#9469,#5665,#5666);
#4831=AXIS2_PLACEMENT_3D('',#9470,#5667,#5668);
#4832=AXIS2_PLACEMENT_3D('',#9471,#5669,#5670);
#4833=AXIS2_PLACEMENT_3D('',#9472,#5671,#5672);
#4834=AXIS2_PLACEMENT_3D('',#9485,#5673,#5674);
#4835=AXIS2_PLACEMENT_3D('',#9498,#5675,#5676);
#4836=AXIS2_PLACEMENT_3D('',#9499,#5677,#5678);
#4837=AXIS2_PLACEMENT_3D('',#9500,#5679,#5680);
#4838=AXIS2_PLACEMENT_3D('',#9501,#5681,#5682);
#4839=AXIS2_PLACEMENT_3D('',#9502,#5683,#5684);
#4840=AXIS2_PLACEMENT_3D('',#9515,#5685,#5686);
#4841=AXIS2_PLACEMENT_3D('',#9528,#5687,#5688);
#4842=AXIS2_PLACEMENT_3D('',#9529,#5689,#5690);
#4843=AXIS2_PLACEMENT_3D('',#9530,#5691,#5692);
#4844=AXIS2_PLACEMENT_3D('',#9531,#5693,#5694);
#4845=AXIS2_PLACEMENT_3D('',#9532,#5695,#5696);
#4846=AXIS2_PLACEMENT_3D('',#9545,#5697,#5698);
#4847=AXIS2_PLACEMENT_3D('',#9558,#5699,#5700);
#4848=AXIS2_PLACEMENT_3D('',#9559,#5701,#5702);
#4849=AXIS2_PLACEMENT_3D('',#9560,#5703,#5704);
#4850=AXIS2_PLACEMENT_3D('',#9561,#5705,#5706);
#4851=AXIS2_PLACEMENT_3D('',#9562,#5707,#5708);
#4852=AXIS2_PLACEMENT_3D('',#9575,#5709,#5710);
#4853=AXIS2_PLACEMENT_3D('',#9588,#5711,#5712);
#4854=AXIS2_PLACEMENT_3D('',#9589,#5713,#5714);
#4855=AXIS2_PLACEMENT_3D('',#9590,#5715,#5716);
#4856=AXIS2_PLACEMENT_3D('',#9591,#5717,#5718);
#4857=AXIS2_PLACEMENT_3D('',#9592,#5719,#5720);
#4858=AXIS2_PLACEMENT_3D('',#9605,#5721,#5722);
#4859=AXIS2_PLACEMENT_3D('',#9618,#5723,#5724);
#4860=AXIS2_PLACEMENT_3D('',#9619,#5725,#5726);
#4861=AXIS2_PLACEMENT_3D('',#9620,#5727,#5728);
#4862=AXIS2_PLACEMENT_3D('',#9621,#5729,#5730);
#4863=AXIS2_PLACEMENT_3D('',#9622,#5731,#5732);
#4864=AXIS2_PLACEMENT_3D('',#9635,#5733,#5734);
#4865=AXIS2_PLACEMENT_3D('',#9648,#5735,#5736);
#4866=AXIS2_PLACEMENT_3D('',#9649,#5737,#5738);
#4867=AXIS2_PLACEMENT_3D('',#9650,#5739,#5740);
#4868=AXIS2_PLACEMENT_3D('',#9651,#5741,#5742);
#4869=AXIS2_PLACEMENT_3D('',#9652,#5743,#5744);
#4870=AXIS2_PLACEMENT_3D('',#9665,#5745,#5746);
#4871=AXIS2_PLACEMENT_3D('',#9678,#5747,#5748);
#4872=AXIS2_PLACEMENT_3D('',#9679,#5749,#5750);
#4873=AXIS2_PLACEMENT_3D('',#9680,#5751,#5752);
#4874=AXIS2_PLACEMENT_3D('',#9681,#5753,#5754);
#4875=AXIS2_PLACEMENT_3D('',#9682,#5755,#5756);
#4876=AXIS2_PLACEMENT_3D('',#9695,#5757,#5758);
#4877=AXIS2_PLACEMENT_3D('',#9708,#5759,#5760);
#4878=AXIS2_PLACEMENT_3D('',#9709,#5761,#5762);
#4879=AXIS2_PLACEMENT_3D('',#9710,#5763,#5764);
#4880=AXIS2_PLACEMENT_3D('',#9711,#5765,#5766);
#4881=AXIS2_PLACEMENT_3D('',#9712,#5767,#5768);
#4882=AXIS2_PLACEMENT_3D('',#9725,#5769,#5770);
#4883=AXIS2_PLACEMENT_3D('',#9738,#5771,#5772);
#4884=AXIS2_PLACEMENT_3D('',#9739,#5773,#5774);
#4885=AXIS2_PLACEMENT_3D('',#9740,#5775,#5776);
#4886=AXIS2_PLACEMENT_3D('',#9741,#5777,#5778);
#4887=AXIS2_PLACEMENT_3D('',#9742,#5779,#5780);
#4888=AXIS2_PLACEMENT_3D('',#9755,#5781,#5782);
#4889=AXIS2_PLACEMENT_3D('',#9768,#5783,#5784);
#4890=AXIS2_PLACEMENT_3D('',#9769,#5785,#5786);
#4891=AXIS2_PLACEMENT_3D('',#9770,#5787,#5788);
#4892=AXIS2_PLACEMENT_3D('',#9771,#5789,#5790);
#4893=AXIS2_PLACEMENT_3D('',#9772,#5791,#5792);
#4894=AXIS2_PLACEMENT_3D('',#9785,#5793,#5794);
#4895=AXIS2_PLACEMENT_3D('',#9798,#5795,#5796);
#4896=AXIS2_PLACEMENT_3D('',#9799,#5797,#5798);
#4897=DIRECTION('',(0.,0.,1.));
#4898=DIRECTION('',(1.,0.,0.));
#4899=DIRECTION('',(0.847100670886274,0.489073800366903,0.207911690817759));
#4900=DIRECTION('',(-0.180056805991956,-0.10395584540888,0.978147600733806));
#4901=DIRECTION('',(-0.119182287505029,-0.206429777320992,0.971175745877271));
#4902=DIRECTION('',(-0.5,0.866025403784439,-1.35617020856243E-17));
#4903=DIRECTION('',(-0.151966284212719,-0.151966284212719,0.976633245863133));
#4904=DIRECTION('',(0.,0.978147600733806,0.207911690817759));
#4905=DIRECTION('',(0.,-0.207911690817759,0.978147600733806));
#4906=DIRECTION('',(-0.0556235205405814,-0.207589804753301,0.976633245863133));
#4907=DIRECTION('',(-1.,0.,0.));
#4908=DIRECTION('',(-0.119182287505029,-0.206429777320992,0.971175745877271));
#4909=DIRECTION('',(0.489073800366903,0.847100670886274,0.207911690817759));
#4910=DIRECTION('',(-0.10395584540888,-0.180056805991956,0.978147600733806));
#4911=DIRECTION('',(2.7452312655521E-17,-0.238364575010059,0.971175745877271));
#4912=DIRECTION('',(-0.866025403784439,0.5,1.15414173117312E-17));
#4913=DIRECTION('',(-0.0556235205405814,-0.207589804753301,0.976633245863133));
#4914=DIRECTION('',(-0.489073800366903,0.847100670886274,0.207911690817759));
#4915=DIRECTION('',(0.10395584540888,-0.180056805991956,0.978147600733806));
#4916=DIRECTION('',(0.0556235205405814,-0.207589804753301,0.976633245863133));
#4917=DIRECTION('',(-0.866025403784439,-0.5,-1.15414173117312E-17));
#4918=DIRECTION('',(-2.7452312655521E-17,-0.238364575010059,0.971175745877271));
#4919=DIRECTION('',(0.,0.978147600733806,0.207911690817759));
#4920=DIRECTION('',(0.,-0.207911690817759,0.978147600733806));
#4921=DIRECTION('',(0.119182287505029,-0.206429777320992,0.971175745877271));
#4922=DIRECTION('',(-1.,0.,0.));
#4923=DIRECTION('',(0.0556235205405814,-0.207589804753301,0.976633245863133));
#4924=DIRECTION('',(-0.847100670886274,0.489073800366904,0.207911690817759));
#4925=DIRECTION('',(0.180056805991956,-0.10395584540888,0.978147600733806));
#4926=DIRECTION('',(0.151966284212719,-0.151966284212719,0.976633245863133));
#4927=DIRECTION('',(-0.5,-0.866025403784438,1.15414173117312E-17));
#4928=DIRECTION('',(0.119182287505029,-0.206429777320992,0.971175745877271));
#4929=DIRECTION('',(-0.489073800366903,0.847100670886274,0.207911690817759));
#4930=DIRECTION('',(0.10395584540888,-0.180056805991956,0.978147600733806));
#4931=DIRECTION('',(0.206429777320992,-0.119182287505029,0.971175745877271));
#4932=DIRECTION('',(-0.866025403784438,-0.5,-1.15414173117312E-17));
#4933=DIRECTION('',(0.151966284212719,-0.151966284212719,0.976633245863133));
#4934=DIRECTION('',(-0.978147600733806,0.,0.207911690817759));
#4935=DIRECTION('',(0.207911690817759,0.,0.978147600733806));
#4936=DIRECTION('',(0.207589804753301,-0.0556235205405814,0.976633245863133));
#4937=DIRECTION('',(0.,-1.,0.));
#4938=DIRECTION('',(0.206429777320992,-0.119182287505029,0.971175745877271));
#4939=DIRECTION('',(-0.847100670886274,0.489073800366903,0.207911690817759));
#4940=DIRECTION('',(0.180056805991956,-0.10395584540888,0.978147600733806));
#4941=DIRECTION('',(0.238364575010059,2.59825828588871E-17,0.971175745877271));
#4942=DIRECTION('',(-0.5,-0.866025403784439,1.4463178692616E-18));
#4943=DIRECTION('',(0.207589804753301,-0.0556235205405814,0.976633245863133));
#4944=DIRECTION('',(-0.847100670886274,-0.489073800366903,0.207911690817759));
#4945=DIRECTION('',(0.180056805991956,0.10395584540888,0.978147600733806));
#4946=DIRECTION('',(0.207589804753301,0.0556235205405814,0.976633245863133));
#4947=DIRECTION('',(0.5,-0.866025403784439,-2.02028477389311E-18));
#4948=DIRECTION('',(0.238364575010059,0.,0.971175745877271));
#4949=DIRECTION('',(-0.978147600733806,0.,0.207911690817759));
#4950=DIRECTION('',(0.207911690817759,0.,0.978147600733806));
#4951=DIRECTION('',(0.206429777320992,0.119182287505029,0.971175745877271));
#4952=DIRECTION('',(0.,-1.,0.));
#4953=DIRECTION('',(0.207589804753301,0.0556235205405814,0.976633245863133));
#4954=DIRECTION('',(-0.489073800366903,-0.847100670886274,0.207911690817759));
#4955=DIRECTION('',(0.10395584540888,0.180056805991956,0.978147600733806));
#4956=DIRECTION('',(0.151966284212719,0.151966284212719,0.976633245863133));
#4957=DIRECTION('',(0.866025403784439,-0.5,-1.29877351809928E-17));
#4958=DIRECTION('',(0.206429777320992,0.119182287505029,0.971175745877271));
#4959=DIRECTION('',(-0.847100670886274,-0.489073800366903,0.207911690817759));
#4960=DIRECTION('',(0.180056805991956,0.10395584540888,0.978147600733806));
#4961=DIRECTION('',(0.119182287505029,0.206429777320992,0.971175745877271));
#4962=DIRECTION('',(0.5,-0.866025403784439,-1.15414173117312E-17));
#4963=DIRECTION('',(0.151966284212719,0.151966284212719,0.976633245863133));
#4964=DIRECTION('',(0.,-0.978147600733806,0.207911690817759));
#4965=DIRECTION('',(0.,0.207911690817759,0.978147600733806));
#4966=DIRECTION('',(0.0556235205405813,0.207589804753301,0.976633245863133));
#4967=DIRECTION('',(1.,0.,0.));
#4968=DIRECTION('',(0.119182287505029,0.206429777320992,0.971175745877271));
#4969=DIRECTION('',(-0.489073800366903,-0.847100670886274,0.207911690817759));
#4970=DIRECTION('',(0.10395584540888,0.180056805991956,0.978147600733806));
#4971=DIRECTION('',(1.21047950510726E-17,0.238364575010059,0.971175745877271));
#4972=DIRECTION('',(0.866025403784439,-0.5,-1.29877351809928E-17));
#4973=DIRECTION('',(0.0556235205405813,0.207589804753301,0.976633245863133));
#4974=DIRECTION('',(0.489073800366903,-0.847100670886274,0.207911690817759));
#4975=DIRECTION('',(-0.10395584540888,0.180056805991956,0.978147600733806));
#4976=DIRECTION('',(-0.0556235205405814,0.207589804753301,0.976633245863133));
#4977=DIRECTION('',(0.866025403784439,0.5,-1.29877351809928E-17));
#4978=DIRECTION('',(2.92253054122628E-17,0.238364575010059,0.971175745877271));
#4979=DIRECTION('',(0.,-0.978147600733806,0.207911690817759));
#4980=DIRECTION('',(0.,0.207911690817759,0.978147600733806));
#4981=DIRECTION('',(-0.119182287505029,0.206429777320992,0.971175745877271));
#4982=DIRECTION('',(1.,0.,0.));
#4983=DIRECTION('',(-0.0556235205405813,0.207589804753301,0.976633245863133));
#4984=DIRECTION('',(0.847100670886274,-0.489073800366903,0.207911690817759));
#4985=DIRECTION('',(-0.180056805991956,0.10395584540888,0.978147600733806));
#4986=DIRECTION('',(-0.151966284212719,0.151966284212719,0.976633245863133));
#4987=DIRECTION('',(0.5,0.866025403784439,1.15414173117312E-17));
#4988=DIRECTION('',(-0.119182287505029,0.206429777320992,0.971175745877271));
#4989=DIRECTION('',(0.489073800366903,-0.847100670886274,0.207911690817759));
#4990=DIRECTION('',(-0.10395584540888,0.180056805991956,0.978147600733806));
#4991=DIRECTION('',(-0.206429777320992,0.119182287505029,0.971175745877271));
#4992=DIRECTION('',(0.866025403784439,0.5,-1.4463178692616E-18));
#4993=DIRECTION('',(-0.151966284212719,0.151966284212719,0.976633245863133));
#4994=DIRECTION('',(0.978147600733806,6.33260205253082E-16,0.207911690817759));
#4995=DIRECTION('',(-0.207911690817759,-1.34603611871048E-16,0.978147600733806));
#4996=DIRECTION('',(-0.207589804753301,0.0556235205405813,0.976633245863133));
#4997=DIRECTION('',(-6.47407614942786E-16,1.,-1.01957003663155E-33));
#4998=DIRECTION('',(-0.206429777320992,0.119182287505029,0.971175745877271));
#4999=DIRECTION('',(0.847100670886274,-0.489073800366903,0.207911690817759));
#5000=DIRECTION('',(-0.180056805991956,0.10395584540888,0.978147600733806));
#5001=DIRECTION('',(-0.238364575010059,-6.90856760789644E-17,0.971175745877271));
#5002=DIRECTION('',(0.5,0.866025403784439,1.35617020856243E-17));
#5003=DIRECTION('',(-0.207589804753301,0.0556235205405813,0.976633245863133));
#5004=DIRECTION('',(0.847100670886274,0.489073800366903,0.207911690817759));
#5005=DIRECTION('',(-0.180056805991956,-0.10395584540888,0.978147600733806));
#5006=DIRECTION('',(-0.207589804753301,-0.0556235205405814,0.976633245863133));
#5007=DIRECTION('',(-0.5,0.866025403784439,-1.21153842163626E-17));
#5008=DIRECTION('',(-0.238364575010059,-4.16333634234433E-17,0.971175745877271));
#5009=DIRECTION('',(0.978147600733806,6.33260205253083E-16,0.207911690817759));
#5010=DIRECTION('',(-0.207911690817759,-1.34603611871048E-16,0.978147600733806));
#5011=DIRECTION('',(-0.206429777320992,-0.119182287505029,0.971175745877271));
#5012=DIRECTION('',(-6.47407614942787E-16,1.,2.30708522170757E-32));
#5013=DIRECTION('',(-0.207589804753301,-0.0556235205405814,0.976633245863133));
#5014=DIRECTION('',(0.489073800366903,0.847100670886274,0.207911690817759));
#5015=DIRECTION('',(-0.10395584540888,-0.180056805991956,0.978147600733806));
#5016=DIRECTION('',(-0.151966284212719,-0.151966284212719,0.976633245863133));
#5017=DIRECTION('',(-0.866025403784439,0.5,1.15414173117312E-17));
#5018=DIRECTION('',(-0.206429777320992,-0.119182287505029,0.971175745877271));
#5019=DIRECTION('',(0.,0.,1.));
#5020=DIRECTION('',(1.,0.,0.));
#5021=DIRECTION('',(0.,0.,1.));
#5022=DIRECTION('',(-0.258819045102521,0.965925826289068,0.));
#5023=DIRECTION('',(-1.,0.,0.));
#5024=DIRECTION('',(0.,0.,1.));
#5025=DIRECTION('',(0.5,-0.866025403784439,0.));
#5026=DIRECTION('',(-0.5,-0.866025403784439,0.));
#5027=DIRECTION('',(0.,0.,1.));
#5028=DIRECTION('',(-0.707106781186547,0.707106781186548,0.));
#5029=DIRECTION('',(-0.866025403784439,-0.5,0.));
#5030=DIRECTION('',(0.,0.,1.));
#5031=DIRECTION('',(0.866025403784439,-0.5,0.));
#5032=DIRECTION('',(6.47407614942786E-16,-1.,0.));
#5033=DIRECTION('',(0.,0.,1.));
#5034=DIRECTION('',(-0.965925826289068,0.258819045102521,0.));
#5035=DIRECTION('',(-0.5,-0.866025403784439,0.));
#5036=DIRECTION('',(0.,0.,1.));
#5037=DIRECTION('',(1.,2.0322781911554E-16,0.));
#5038=DIRECTION('',(0.5,-0.866025403784439,0.));
#5039=DIRECTION('',(0.,0.,1.));
#5040=DIRECTION('',(-0.965925826289068,-0.258819045102521,0.));
#5041=DIRECTION('',(6.47407614942787E-16,-1.,0.));
#5042=DIRECTION('',(0.,0.,1.));
#5043=DIRECTION('',(0.866025403784439,0.5,0.));
#5044=DIRECTION('',(0.866025403784439,-0.5,0.));
#5045=DIRECTION('',(0.,0.,1.));
#5046=DIRECTION('',(-0.707106781186548,-0.707106781186547,0.));
#5047=DIRECTION('',(0.5,-0.866025403784439,0.));
#5048=DIRECTION('',(0.,0.,1.));
#5049=DIRECTION('',(0.5,0.866025403784439,0.));
#5050=DIRECTION('',(1.,0.,0.));
#5051=DIRECTION('',(0.,0.,1.));
#5052=DIRECTION('',(-0.258819045102521,-0.965925826289068,0.));
#5053=DIRECTION('',(0.866025403784439,-0.5,0.));
#5054=DIRECTION('',(0.,0.,1.));
#5055=DIRECTION('',(0.,1.,0.));
#5056=DIRECTION('',(0.866025403784439,0.5,0.));
#5057=DIRECTION('',(0.,0.,1.));
#5058=DIRECTION('',(0.258819045102521,-0.965925826289068,0.));
#5059=DIRECTION('',(1.,0.,0.));
#5060=DIRECTION('',(0.,0.,1.));
#5061=DIRECTION('',(-0.5,0.866025403784439,0.));
#5062=DIRECTION('',(0.5,0.866025403784438,0.));
#5063=DIRECTION('',(0.,0.,1.));
#5064=DIRECTION('',(0.707106781186547,-0.707106781186548,0.));
#5065=DIRECTION('',(0.866025403784438,0.5,0.));
#5066=DIRECTION('',(0.,0.,1.));
#5067=DIRECTION('',(-0.866025403784439,0.5,0.));
#5068=DIRECTION('',(0.,1.,0.));
#5069=DIRECTION('',(0.,0.,1.));
#5070=DIRECTION('',(0.965925826289068,-0.258819045102521,0.));
#5071=DIRECTION('',(0.5,0.866025403784439,0.));
#5072=DIRECTION('',(0.,0.,1.));
#5073=DIRECTION('',(-1.,-6.67484726483166E-17,0.));
#5074=DIRECTION('',(-0.5,0.866025403784439,0.));
#5075=DIRECTION('',(0.,0.,1.));
#5076=DIRECTION('',(0.965925826289068,0.258819045102521,0.));
#5077=DIRECTION('',(0.,1.,0.));
#5078=DIRECTION('',(0.,0.,1.));
#5079=DIRECTION('',(-0.866025403784439,-0.5,0.));
#5080=DIRECTION('',(-0.866025403784439,0.5,0.));
#5081=DIRECTION('',(0.,0.,1.));
#5082=DIRECTION('',(0.707106781186548,0.707106781186548,0.));
#5083=DIRECTION('',(-0.5,0.866025403784439,0.));
#5084=DIRECTION('',(0.,0.,1.));
#5085=DIRECTION('',(-0.5,-0.866025403784439,0.));
#5086=DIRECTION('',(-1.,0.,0.));
#5087=DIRECTION('',(0.,0.,1.));
#5088=DIRECTION('',(0.258819045102521,0.965925826289068,0.));
#5089=DIRECTION('',(-0.866025403784439,0.5,0.));
#5090=DIRECTION('',(0.,0.,1.));
#5091=DIRECTION('',(0.,-1.,0.));
#5092=DIRECTION('',(-0.866025403784439,-0.5,0.));
#5093=DIRECTION('',(-0.207589804753301,0.0556235205405813,0.976633245863133));
#5094=DIRECTION('',(0.978147600733806,0.,0.207911690817759));
#5095=DIRECTION('',(-0.129930268592462,0.0348147105417091,-0.990911732311909));
#5096=DIRECTION('',(-0.957147233812913,0.256466828337853,0.13451371218806));
#5097=DIRECTION('',(0.238364575010059,4.84423127336969E-17,-0.971175745877271));
#5098=DIRECTION('',(-0.971175745877271,0.,-0.238364575010059));
#5099=DIRECTION('',(0.158380550340867,3.21873338360935E-17,-0.987378145025362));
#5100=DIRECTION('',(0.987378145025362,2.00662707055852E-16,0.158380550340867));
#5101=DIRECTION('',(-0.207589804753301,-0.0556235205405814,0.976633245863133));
#5102=DIRECTION('',(0.978147600733806,0.,0.207911690817759));
#5103=DIRECTION('',(-0.129930268592462,-0.0348147105417091,-0.990911732311909));
#5104=DIRECTION('',(-0.957147233812912,-0.256466828337853,0.13451371218806));
#5105=DIRECTION('',(0.206429777320992,0.119182287505029,-0.971175745877271));
#5106=DIRECTION('',(-0.978147600733806,0.,-0.207911690817759));
#5107=DIRECTION('',(0.137161580060551,0.0791902751704336,-0.987378145025362));
#5108=DIRECTION('',(0.855094556733519,0.493689072512681,0.158380550340867));
#5109=DIRECTION('',(-0.151966284212719,-0.151966284212719,0.976633245863133));
#5110=DIRECTION('',(0.988109467395177,0.,0.153752009560914));
#5111=DIRECTION('',(-0.0951155580507535,-0.0951155580507534,-0.990911732311909));
#5112=DIRECTION('',(-0.70068040547506,-0.700680405475059,0.134513712188061));
#5113=DIRECTION('',(0.119182287505029,0.206429777320992,-0.971175745877271));
#5114=DIRECTION('',(0.,0.978147600733806,0.207911690817759));
#5115=DIRECTION('',(0.0791902751704336,0.137161580060551,-0.987378145025362));
#5116=DIRECTION('',(0.493689072512681,0.855094556733519,0.158380550340867));
#5117=DIRECTION('',(-0.0556235205405814,-0.207589804753301,0.976633245863133));
#5118=DIRECTION('',(0.,-0.978147600733806,-0.207911690817759));
#5119=DIRECTION('',(-0.0348147105417091,-0.129930268592462,-0.990911732311909));
#5120=DIRECTION('',(-0.256466828337853,-0.957147233812912,0.13451371218806));
#5121=DIRECTION('',(0.,0.238364575010059,-0.971175745877271));
#5122=DIRECTION('',(0.,0.971175745877271,0.238364575010059));
#5123=DIRECTION('',(0.,0.158380550340867,-0.987378145025362));
#5124=DIRECTION('',(0.,0.987378145025362,0.158380550340867));
#5125=DIRECTION('',(0.0556235205405814,-0.207589804753301,0.976633245863133));
#5126=DIRECTION('',(0.,-0.978147600733806,-0.207911690817759));
#5127=DIRECTION('',(0.0348147105417091,-0.129930268592462,-0.990911732311909));
#5128=DIRECTION('',(0.256466828337853,-0.957147233812912,0.13451371218806));
#5129=DIRECTION('',(-0.119182287505029,0.206429777320992,-0.971175745877271));
#5130=DIRECTION('',(0.,0.978147600733806,0.207911690817759));
#5131=DIRECTION('',(-0.0791902751704335,0.137161580060551,-0.987378145025362));
#5132=DIRECTION('',(-0.49368907251268,0.855094556733519,0.158380550340867));
#5133=DIRECTION('',(0.151966284212719,-0.151966284212719,0.976633245863133));
#5134=DIRECTION('',(0.,-0.988109467395177,-0.153752009560914));
#5135=DIRECTION('',(0.0951155580507531,-0.0951155580507531,-0.990911732311909));
#5136=DIRECTION('',(0.700680405475059,-0.70068040547506,0.13451371218806));
#5137=DIRECTION('',(-0.206429777320992,0.119182287505029,-0.971175745877271));
#5138=DIRECTION('',(-0.978147600733806,0.,0.207911690817759));
#5139=DIRECTION('',(-0.137161580060551,0.0791902751704335,-0.987378145025362));
#5140=DIRECTION('',(-0.855094556733519,0.49368907251268,0.158380550340867));
#5141=DIRECTION('',(0.207589804753301,-0.0556235205405814,0.976633245863133));
#5142=DIRECTION('',(0.978147600733806,0.,-0.207911690817759));
#5143=DIRECTION('',(0.129930268592462,-0.0348147105417091,-0.990911732311909));
#5144=DIRECTION('',(0.957147233812912,-0.256466828337853,0.13451371218806));
#5145=DIRECTION('',(-0.238364575010059,-1.59104713153865E-17,-0.971175745877271));
#5146=DIRECTION('',(-0.971175745877271,0.,0.238364575010059));
#5147=DIRECTION('',(-0.158380550340867,-1.05716598324527E-17,-0.987378145025362));
#5148=DIRECTION('',(-0.987378145025362,-6.59059831067714E-17,0.158380550340867));
#5149=DIRECTION('',(0.207589804753301,0.0556235205405814,0.976633245863133));
#5150=DIRECTION('',(0.978147600733806,0.,-0.207911690817759));
#5151=DIRECTION('',(0.129930268592462,0.0348147105417091,-0.990911732311909));
#5152=DIRECTION('',(0.957147233812912,0.256466828337853,0.13451371218806));
#5153=DIRECTION('',(-0.206429777320992,-0.119182287505029,-0.971175745877271));
#5154=DIRECTION('',(-0.978147600733806,0.,0.207911690817759));
#5155=DIRECTION('',(-0.137161580060551,-0.0791902751704336,-0.987378145025362));
#5156=DIRECTION('',(-0.855094556733519,-0.49368907251268,0.158380550340867));
#5157=DIRECTION('',(0.151966284212719,0.151966284212719,0.976633245863133));
#5158=DIRECTION('',(0.988109467395177,0.,-0.153752009560914));
#5159=DIRECTION('',(0.0951155580507531,0.0951155580507531,-0.990911732311909));
#5160=DIRECTION('',(0.70068040547506,0.70068040547506,0.13451371218806));
#5161=DIRECTION('',(-0.119182287505029,-0.206429777320992,-0.971175745877271));
#5162=DIRECTION('',(0.,0.978147600733806,-0.207911690817759));
#5163=DIRECTION('',(-0.0791902751704335,-0.137161580060551,-0.987378145025362));
#5164=DIRECTION('',(-0.49368907251268,-0.855094556733519,0.158380550340867));
#5165=DIRECTION('',(0.0556235205405813,0.207589804753301,0.976633245863133));
#5166=DIRECTION('',(0.,-0.978147600733806,0.207911690817759));
#5167=DIRECTION('',(0.0348147105417091,0.129930268592462,-0.990911732311909));
#5168=DIRECTION('',(0.256466828337853,0.957147233812912,0.13451371218806));
#5169=DIRECTION('',(0.,-0.238364575010059,-0.971175745877271));
#5170=DIRECTION('',(0.,0.971175745877271,-0.238364575010059));
#5171=DIRECTION('',(0.,-0.158380550340867,-0.987378145025362));
#5172=DIRECTION('',(0.,-0.987378145025362,0.158380550340867));
#5173=DIRECTION('',(-0.0556235205405814,0.207589804753301,0.976633245863133));
#5174=DIRECTION('',(0.,-0.978147600733806,0.207911690817759));
#5175=DIRECTION('',(-0.0348147105417091,0.129930268592462,-0.990911732311909));
#5176=DIRECTION('',(-0.256466828337853,0.957147233812912,0.13451371218806));
#5177=DIRECTION('',(-0.151966284212719,0.151966284212719,0.976633245863132));
#5178=DIRECTION('',(0.,-0.988109467395177,0.153752009560914));
#5179=DIRECTION('',(-0.095115558050753,0.0951155580507531,-0.990911732311909));
#5180=DIRECTION('',(-0.700680405475059,0.70068040547506,0.13451371218806));
#5181=DIRECTION('',(0.119182287505029,-0.206429777320992,-0.971175745877271));
#5182=DIRECTION('',(0.,0.978147600733806,-0.207911690817759));
#5183=DIRECTION('',(0.0791902751704336,-0.137161580060551,-0.987378145025362));
#5184=DIRECTION('',(0.49368907251268,-0.855094556733519,0.158380550340867));
#5185=DIRECTION('',(0.206429777320992,-0.119182287505029,-0.971175745877271));
#5186=DIRECTION('',(-0.978147600733806,0.,-0.207911690817759));
#5187=DIRECTION('',(0.137161580060551,-0.0791902751704335,-0.987378145025362));
#5188=DIRECTION('',(0.855094556733519,-0.493689072512681,0.158380550340867));
#5189=DIRECTION('',(0.,0.,-1.));
#5190=DIRECTION('',(1.,0.,0.));
#5191=DIRECTION('',(0.836516303737808,0.482962913144534,0.258819045102521));
#5192=DIRECTION('',(-0.224143868042013,-0.12940952255126,0.965925826289068));
#5193=DIRECTION('',(0.189014705752797,0.189014705752797,-0.96361137499428));
#5194=DIRECTION('',(0.5,-0.866025403784439,1.33743164461774E-17));
#5195=DIRECTION('',(0.14778836410782,0.255976955402234,-0.955319003127928));
#5196=DIRECTION('',(0.482962913144534,0.836516303737808,0.258819045102521));
#5197=DIRECTION('',(-0.12940952255126,-0.224143868042013,0.965925826289068));
#5198=DIRECTION('',(0.255976955402234,0.14778836410782,-0.955319003127928));
#5199=DIRECTION('',(0.866025403784439,-0.5,-2.77416596003932E-17));
#5200=DIRECTION('',(0.189014705752797,0.189014705752797,-0.96361137499428));
#5201=DIRECTION('',(0.965925826289068,-5.00278188327562E-16,0.258819045102521));
#5202=DIRECTION('',(-0.258819045102521,1.34049136553275E-16,0.965925826289068));
#5203=DIRECTION('',(0.258198889747161,0.0691841839943641,-0.96361137499428));
#5204=DIRECTION('',(-5.17926091954235E-16,-1.,-3.30471374004076E-33));
#5205=DIRECTION('',(0.255976955402234,0.14778836410782,-0.955319003127928));
#5206=DIRECTION('',(0.836516303737808,0.482962913144534,0.258819045102521));
#5207=DIRECTION('',(-0.224143868042013,-0.12940952255126,0.965925826289068));
#5208=DIRECTION('',(0.295576728215641,-1.08043515656237E-16,-0.955319003127928));
#5209=DIRECTION('',(0.5,-0.866025403784439,2.77416596003932E-17));
#5210=DIRECTION('',(0.258198889747161,0.0691841839943642,-0.96361137499428));
#5211=DIRECTION('',(0.836516303737808,-0.482962913144534,0.258819045102521));
#5212=DIRECTION('',(-0.224143868042013,0.12940952255126,0.965925826289068));
#5213=DIRECTION('',(0.258198889747161,-0.0691841839943644,-0.96361137499428));
#5214=DIRECTION('',(-0.5,-0.866025403784439,-1.33743164461774E-17));
#5215=DIRECTION('',(0.295576728215641,-1.03574962419745E-16,-0.955319003127928));
#5216=DIRECTION('',(0.965925826289068,-5.00278188327563E-16,0.258819045102521));
#5217=DIRECTION('',(-0.258819045102521,1.34049136553276E-16,0.965925826289068));
#5218=DIRECTION('',(0.255976955402234,-0.14778836410782,-0.955319003127928));
#5219=DIRECTION('',(-5.17926091954236E-16,-1.,1.54074395550978E-33));
#5220=DIRECTION('',(0.258198889747161,-0.0691841839943644,-0.96361137499428));
#5221=DIRECTION('',(0.482962913144534,-0.836516303737808,0.258819045102521));
#5222=DIRECTION('',(-0.12940952255126,0.224143868042013,0.965925826289068));
#5223=DIRECTION('',(0.189014705752797,-0.189014705752797,-0.96361137499428));
#5224=DIRECTION('',(-0.866025403784439,-0.5,2.77416596003932E-17));
#5225=DIRECTION('',(0.255976955402234,-0.14778836410782,-0.955319003127928));
#5226=DIRECTION('',(0.836516303737808,-0.482962913144535,0.258819045102521));
#5227=DIRECTION('',(-0.224143868042013,0.12940952255126,0.965925826289068));
#5228=DIRECTION('',(0.14778836410782,-0.255976955402234,-0.955319003127928));
#5229=DIRECTION('',(-0.5,-0.866025403784439,1.33743164461775E-17));
#5230=DIRECTION('',(0.189014705752796,-0.189014705752797,-0.96361137499428));
#5231=DIRECTION('',(0.,-0.965925826289068,0.258819045102521));
#5232=DIRECTION('',(0.,0.258819045102521,0.965925826289068));
#5233=DIRECTION('',(0.0691841839943643,-0.258198889747161,-0.96361137499428));
#5234=DIRECTION('',(-1.,0.,0.));
#5235=DIRECTION('',(0.14778836410782,-0.255976955402234,-0.955319003127928));
#5236=DIRECTION('',(0.482962913144534,-0.836516303737808,0.258819045102521));
#5237=DIRECTION('',(-0.12940952255126,0.224143868042013,0.965925826289068));
#5238=DIRECTION('',(2.77555756156289E-17,-0.295576728215641,-0.955319003127928));
#5239=DIRECTION('',(-0.866025403784439,-0.5,1.52347048922042E-17));
#5240=DIRECTION('',(0.0691841839943643,-0.258198889747161,-0.96361137499428));
#5241=DIRECTION('',(-0.482962913144534,-0.836516303737808,0.258819045102521));
#5242=DIRECTION('',(0.12940952255126,0.224143868042013,0.965925826289068));
#5243=DIRECTION('',(-0.0691841839943643,-0.258198889747161,-0.96361137499428));
#5244=DIRECTION('',(-0.866025403784439,0.5,-1.52347048922042E-17));
#5245=DIRECTION('',(-2.77555756156289E-17,-0.295576728215641,-0.955319003127928));
#5246=DIRECTION('',(0.,-0.965925826289068,0.258819045102521));
#5247=DIRECTION('',(0.,0.258819045102521,0.965925826289068));
#5248=DIRECTION('',(-0.14778836410782,-0.255976955402234,-0.955319003127928));
#5249=DIRECTION('',(-1.,0.,0.));
#5250=DIRECTION('',(-0.0691841839943643,-0.258198889747161,-0.96361137499428));
#5251=DIRECTION('',(-0.836516303737808,-0.482962913144534,0.258819045102521));
#5252=DIRECTION('',(0.224143868042013,0.12940952255126,0.965925826289068));
#5253=DIRECTION('',(-0.189014705752797,-0.189014705752797,-0.96361137499428));
#5254=DIRECTION('',(-0.5,0.866025403784439,2.77416596003932E-17));
#5255=DIRECTION('',(-0.14778836410782,-0.255976955402234,-0.955319003127928));
#5256=DIRECTION('',(-0.482962913144534,-0.836516303737808,0.258819045102521));
#5257=DIRECTION('',(0.12940952255126,0.224143868042013,0.965925826289068));
#5258=DIRECTION('',(-0.255976955402234,-0.14778836410782,-0.955319003127928));
#5259=DIRECTION('',(-0.866025403784439,0.5,-1.52347048922042E-17));
#5260=DIRECTION('',(-0.189014705752797,-0.189014705752796,-0.96361137499428));
#5261=DIRECTION('',(-0.965925826289068,0.,0.258819045102521));
#5262=DIRECTION('',(0.258819045102521,0.,0.965925826289068));
#5263=DIRECTION('',(-0.258198889747161,-0.0691841839943643,-0.96361137499428));
#5264=DIRECTION('',(0.,1.,0.));
#5265=DIRECTION('',(-0.255976955402234,-0.14778836410782,-0.955319003127928));
#5266=DIRECTION('',(-0.836516303737808,-0.482962913144534,0.258819045102521));
#5267=DIRECTION('',(0.224143868042013,0.12940952255126,0.965925826289068));
#5268=DIRECTION('',(-0.295576728215641,-5.55111512312578E-17,-0.955319003127928));
#5269=DIRECTION('',(-0.5,0.866025403784439,2.77416596003932E-17));
#5270=DIRECTION('',(-0.258198889747161,-0.0691841839943643,-0.96361137499428));
#5271=DIRECTION('',(-0.836516303737808,0.482962913144534,0.258819045102521));
#5272=DIRECTION('',(0.224143868042013,-0.12940952255126,0.965925826289068));
#5273=DIRECTION('',(-0.258198889747161,0.0691841839943642,-0.96361137499428));
#5274=DIRECTION('',(0.5,0.866025403784439,1.86038844602671E-18));
#5275=DIRECTION('',(-0.295576728215641,-7.23677258453507E-17,-0.955319003127928));
#5276=DIRECTION('',(-0.965925826289068,0.,0.258819045102521));
#5277=DIRECTION('',(0.258819045102521,0.,0.965925826289068));
#5278=DIRECTION('',(-0.255976955402234,0.14778836410782,-0.955319003127928));
#5279=DIRECTION('',(0.,1.,0.));
#5280=DIRECTION('',(-0.258198889747161,0.0691841839943642,-0.96361137499428));
#5281=DIRECTION('',(-0.482962913144534,0.836516303737808,0.258819045102521));
#5282=DIRECTION('',(0.12940952255126,-0.224143868042013,0.965925826289068));
#5283=DIRECTION('',(-0.189014705752797,0.189014705752796,-0.96361137499428));
#5284=DIRECTION('',(0.866025403784439,0.5,1.52347048922042E-17));
#5285=DIRECTION('',(-0.255976955402234,0.14778836410782,-0.955319003127928));
#5286=DIRECTION('',(-0.836516303737808,0.482962913144534,0.258819045102521));
#5287=DIRECTION('',(0.224143868042013,-0.12940952255126,0.965925826289068));
#5288=DIRECTION('',(-0.14778836410782,0.255976955402234,-0.955319003127928));
#5289=DIRECTION('',(0.5,0.866025403784439,-1.33743164461775E-17));
#5290=DIRECTION('',(-0.189014705752797,0.189014705752796,-0.96361137499428));
#5291=DIRECTION('',(5.00278188327562E-16,0.965925826289068,0.258819045102521));
#5292=DIRECTION('',(-1.34049136553275E-16,-0.258819045102521,0.965925826289068));
#5293=DIRECTION('',(-0.0691841839943642,0.258198889747161,-0.96361137499428));
#5294=DIRECTION('',(1.,-5.17926091954235E-16,-3.30471374004076E-33));
#5295=DIRECTION('',(-0.14778836410782,0.255976955402234,-0.955319003127928));
#5296=DIRECTION('',(-0.482962913144534,0.836516303737808,0.258819045102521));
#5297=DIRECTION('',(0.12940952255126,-0.224143868042013,0.965925826289068));
#5298=DIRECTION('',(-1.2490009027033E-16,0.295576728215641,-0.955319003127928));
#5299=DIRECTION('',(0.866025403784439,0.5,1.52347048922042E-17));
#5300=DIRECTION('',(-0.0691841839943642,0.258198889747161,-0.96361137499428));
#5301=DIRECTION('',(0.482962913144534,0.836516303737808,0.258819045102521));
#5302=DIRECTION('',(-0.12940952255126,-0.224143868042013,0.965925826289068));
#5303=DIRECTION('',(0.0691841839943643,0.258198889747161,-0.96361137499428));
#5304=DIRECTION('',(0.866025403784439,-0.5,-2.77416596003932E-17));
#5305=DIRECTION('',(-1.0012330146098E-16,0.295576728215641,-0.955319003127928));
#5306=DIRECTION('',(5.00278188327562E-16,0.965925826289068,0.258819045102521));
#5307=DIRECTION('',(-1.34049136553275E-16,-0.258819045102521,0.965925826289068));
#5308=DIRECTION('',(0.14778836410782,0.255976955402234,-0.955319003127928));
#5309=DIRECTION('',(1.,-5.17926091954235E-16,-3.30471374004076E-33));
#5310=DIRECTION('',(0.0691841839943643,0.258198889747161,-0.96361137499428));
#5311=DIRECTION('',(0.,0.,-1.));
#5312=DIRECTION('',(1.,0.,0.));
#5313=DIRECTION('',(0.,0.,-1.));
#5314=DIRECTION('',(-1.,0.,0.));
#5315=DIRECTION('',(0.,0.,-1.));
#5316=DIRECTION('',(0.258819045102521,0.965925826289068,0.));
#5317=DIRECTION('',(-1.,5.17926091954235E-16,0.));
#5318=DIRECTION('',(0.,0.,-1.));
#5319=DIRECTION('',(-0.5,-0.866025403784439,0.));
#5320=DIRECTION('',(-0.5,0.866025403784439,0.));
#5321=DIRECTION('',(0.,0.,-1.));
#5322=DIRECTION('',(0.707106781186548,0.707106781186548,0.));
#5323=DIRECTION('',(-0.866025403784439,0.5,0.));
#5324=DIRECTION('',(0.,0.,-1.));
#5325=DIRECTION('',(-0.866025403784439,-0.5,0.));
#5326=DIRECTION('',(5.17926091954235E-16,1.,0.));
#5327=DIRECTION('',(0.,0.,-1.));
#5328=DIRECTION('',(0.965925826289069,0.25881904510252,0.));
#5329=DIRECTION('',(-0.5,0.866025403784439,0.));
#5330=DIRECTION('',(0.,0.,-1.));
#5331=DIRECTION('',(-1.,3.86686562008857E-16,0.));
#5332=DIRECTION('',(0.5,0.866025403784439,0.));
#5333=DIRECTION('',(0.,0.,-1.));
#5334=DIRECTION('',(0.965925826289068,-0.258819045102521,0.));
#5335=DIRECTION('',(5.17926091954236E-16,1.,0.));
#5336=DIRECTION('',(0.,0.,-1.));
#5337=DIRECTION('',(-0.866025403784439,0.5,0.));
#5338=DIRECTION('',(0.866025403784439,0.5,0.));
#5339=DIRECTION('',(0.,0.,-1.));
#5340=DIRECTION('',(0.707106781186547,-0.707106781186548,0.));
#5341=DIRECTION('',(0.5,0.866025403784438,0.));
#5342=DIRECTION('',(0.,0.,-1.));
#5343=DIRECTION('',(-0.5,0.866025403784439,0.));
#5344=DIRECTION('',(1.,0.,0.));
#5345=DIRECTION('',(0.,0.,-1.));
#5346=DIRECTION('',(0.258819045102521,-0.965925826289068,0.));
#5347=DIRECTION('',(0.866025403784439,0.5,0.));
#5348=DIRECTION('',(0.,0.,-1.));
#5349=DIRECTION('',(0.,1.,0.));
#5350=DIRECTION('',(0.866025403784439,-0.5,0.));
#5351=DIRECTION('',(0.,0.,-1.));
#5352=DIRECTION('',(-0.258819045102521,-0.965925826289068,0.));
#5353=DIRECTION('',(1.,0.,0.));
#5354=DIRECTION('',(0.,0.,-1.));
#5355=DIRECTION('',(0.5,0.866025403784439,0.));
#5356=DIRECTION('',(0.5,-0.866025403784439,0.));
#5357=DIRECTION('',(0.,0.,-1.));
#5358=DIRECTION('',(-0.707106781186548,-0.707106781186547,0.));
#5359=DIRECTION('',(0.866025403784439,-0.5,0.));
#5360=DIRECTION('',(0.,0.,-1.));
#5361=DIRECTION('',(0.866025403784439,0.5,0.));
#5362=DIRECTION('',(0.,-1.,0.));
#5363=DIRECTION('',(0.,0.,-1.));
#5364=DIRECTION('',(-0.965925826289068,-0.258819045102521,0.));
#5365=DIRECTION('',(0.5,-0.866025403784439,0.));
#5366=DIRECTION('',(0.,0.,-1.));
#5367=DIRECTION('',(1.,2.22044604925032E-16,0.));
#5368=DIRECTION('',(-0.5,-0.866025403784439,0.));
#5369=DIRECTION('',(0.,0.,-1.));
#5370=DIRECTION('',(-0.965925826289068,0.258819045102521,0.));
#5371=DIRECTION('',(0.,-1.,0.));
#5372=DIRECTION('',(0.,0.,-1.));
#5373=DIRECTION('',(0.866025403784439,-0.5,0.));
#5374=DIRECTION('',(-0.866025403784439,-0.5,0.));
#5375=DIRECTION('',(0.,0.,-1.));
#5376=DIRECTION('',(-0.707106781186548,0.707106781186547,0.));
#5377=DIRECTION('',(-0.5,-0.866025403784439,0.));
#5378=DIRECTION('',(0.,0.,-1.));
#5379=DIRECTION('',(0.5,-0.866025403784439,0.));
#5380=DIRECTION('',(-1.,5.17926091954235E-16,0.));
#5381=DIRECTION('',(0.,0.,-1.));
#5382=DIRECTION('',(-0.258819045102521,0.965925826289068,0.));
#5383=DIRECTION('',(-0.866025403784439,-0.5,0.));
#5384=DIRECTION('',(0.,0.,-1.));
#5385=DIRECTION('',(3.86686562008857E-16,-1.,0.));
#5386=DIRECTION('',(-0.866025403784439,0.5,0.));
#5387=DIRECTION('',(-0.295576728215641,1.14295548843532E-16,0.955319003127928));
#5388=DIRECTION('',(0.955319003127928,0.,0.295576728215641));
#5389=DIRECTION('',(-0.126158885284985,4.87839456177205E-17,0.992010048166676));
#5390=DIRECTION('',(-0.992010048166676,3.83596955003813E-16,-0.126158885284985));
#5391=DIRECTION('',(0.258198889747161,0.0691841839943641,-0.96361137499428));
#5392=DIRECTION('',(-0.965925826289068,0.,-0.258819045102521));
#5393=DIRECTION('',(0.103969225921905,0.0278584701234633,0.99419027640768));
#5394=DIRECTION('',(0.960314064227646,0.257315377990047,-0.107636863092623));
#5395=DIRECTION('',(-0.255976955402234,-0.14778836410782,0.955319003127928));
#5396=DIRECTION('',(0.965925826289068,0.,0.258819045102521));
#5397=DIRECTION('',(-0.109256799569924,-0.0630794426424924,0.992010048166676));
#5398=DIRECTION('',(-0.859105902521766,-0.496005024083338,-0.126158885284985));
#5399=DIRECTION('',(0.189014705752797,0.189014705752797,-0.96361137499428));
#5400=DIRECTION('',(-0.98130003747634,0.,-0.192484379753093));
#5401=DIRECTION('',(0.0761107557984416,0.0761107557984416,0.99419027640768));
#5402=DIRECTION('',(0.702998686237599,0.702998686237599,-0.107636863092623));
#5403=DIRECTION('',(-0.14778836410782,-0.255976955402234,0.955319003127928));
#5404=DIRECTION('',(0.,-0.965925826289068,-0.258819045102521));
#5405=DIRECTION('',(-0.0630794426424924,-0.109256799569924,0.992010048166676));
#5406=DIRECTION('',(-0.496005024083338,-0.859105902521766,-0.126158885284985));
#5407=DIRECTION('',(0.0691841839943643,0.258198889747161,-0.96361137499428));
#5408=DIRECTION('',(0.,0.965925826289068,0.258819045102521));
#5409=DIRECTION('',(0.0278584701234634,0.103969225921905,0.994190276407681));
#5410=DIRECTION('',(0.257315377990047,0.960314064227646,-0.107636863092623));
#5411=DIRECTION('',(1.14295548843532E-16,-0.295576728215641,0.955319003127928));
#5412=DIRECTION('',(0.,-0.955319003127928,-0.295576728215641));
#5413=DIRECTION('',(4.87839456177205E-17,-0.126158885284985,0.992010048166676));
#5414=DIRECTION('',(3.83596955003813E-16,-0.992010048166676,-0.126158885284985));
#5415=DIRECTION('',(-0.0691841839943642,0.258198889747161,-0.96361137499428));
#5416=DIRECTION('',(0.,0.965925826289068,0.258819045102521));
#5417=DIRECTION('',(-0.0278584701234634,0.103969225921905,0.99419027640768));
#5418=DIRECTION('',(-0.257315377990047,0.960314064227646,-0.107636863092623));
#5419=DIRECTION('',(0.14778836410782,-0.255976955402234,0.955319003127928));
#5420=DIRECTION('',(0.,-0.965925826289068,-0.258819045102521));
#5421=DIRECTION('',(0.0630794426424925,-0.109256799569924,0.992010048166676));
#5422=DIRECTION('',(0.496005024083338,-0.859105902521766,-0.126158885284985));
#5423=DIRECTION('',(-0.189014705752797,0.189014705752796,-0.96361137499428));
#5424=DIRECTION('',(-0.98130003747634,0.,0.192484379753093));
#5425=DIRECTION('',(-0.0761107557984416,0.0761107557984416,0.99419027640768));
#5426=DIRECTION('',(-0.702998686237599,0.702998686237599,-0.107636863092623));
#5427=DIRECTION('',(0.255976955402234,-0.14778836410782,0.955319003127928));
#5428=DIRECTION('',(0.965925826289068,0.,-0.258819045102521));
#5429=DIRECTION('',(0.109256799569923,-0.0630794426424923,0.992010048166676));
#5430=DIRECTION('',(0.859105902521766,-0.496005024083338,-0.126158885284985));
#5431=DIRECTION('',(-0.258198889747161,0.0691841839943642,-0.96361137499428));
#5432=DIRECTION('',(-0.965925826289068,0.,0.258819045102521));
#5433=DIRECTION('',(-0.103969225921905,0.0278584701234634,0.99419027640768));
#5434=DIRECTION('',(-0.960314064227646,0.257315377990047,-0.107636863092623));
#5435=DIRECTION('',(0.295576728215641,6.56312178416753E-17,0.955319003127928));
#5436=DIRECTION('',(0.955319003127928,0.,-0.295576728215641));
#5437=DIRECTION('',(0.126158885284985,2.80128998408868E-17,0.992010048166676));
#5438=DIRECTION('',(0.992010048166676,2.20270479226831E-16,-0.126158885284985));
#5439=DIRECTION('',(-0.258198889747161,-0.0691841839943643,-0.96361137499428));
#5440=DIRECTION('',(-0.965925826289068,0.,0.258819045102521));
#5441=DIRECTION('',(-0.103969225921905,-0.0278584701234634,0.99419027640768));
#5442=DIRECTION('',(-0.960314064227646,-0.257315377990047,-0.107636863092623));
#5443=DIRECTION('',(0.255976955402234,0.14778836410782,0.955319003127928));
#5444=DIRECTION('',(0.965925826289068,0.,-0.258819045102521));
#5445=DIRECTION('',(0.109256799569924,0.0630794426424924,0.992010048166676));
#5446=DIRECTION('',(0.859105902521766,0.496005024083338,-0.126158885284985));
#5447=DIRECTION('',(-0.189014705752797,-0.189014705752796,-0.96361137499428));
#5448=DIRECTION('',(-0.98130003747634,0.,0.192484379753093));
#5449=DIRECTION('',(-0.0761107557984416,-0.0761107557984416,0.99419027640768));
#5450=DIRECTION('',(-0.702998686237599,-0.702998686237599,-0.107636863092623));
#5451=DIRECTION('',(0.14778836410782,0.255976955402234,0.955319003127928));
#5452=DIRECTION('',(0.,-0.965925826289068,0.258819045102521));
#5453=DIRECTION('',(0.0630794426424923,0.109256799569923,0.992010048166676));
#5454=DIRECTION('',(0.496005024083338,0.859105902521766,-0.126158885284985));
#5455=DIRECTION('',(-0.0691841839943643,-0.258198889747161,-0.96361137499428));
#5456=DIRECTION('',(0.,0.965925826289068,-0.258819045102521));
#5457=DIRECTION('',(-0.0278584701234634,-0.103969225921905,0.994190276407681));
#5458=DIRECTION('',(-0.257315377990047,-0.960314064227646,-0.107636863092623));
#5459=DIRECTION('',(0.,0.295576728215641,0.955319003127928));
#5460=DIRECTION('',(0.,-0.955319003127928,0.295576728215641));
#5461=DIRECTION('',(0.,0.126158885284985,0.992010048166676));
#5462=DIRECTION('',(0.,0.992010048166676,-0.126158885284985));
#5463=DIRECTION('',(0.0691841839943643,-0.258198889747161,-0.96361137499428));
#5464=DIRECTION('',(0.,0.965925826289068,-0.258819045102521));
#5465=DIRECTION('',(0.0278584701234634,-0.103969225921905,0.994190276407681));
#5466=DIRECTION('',(0.257315377990047,-0.960314064227646,-0.107636863092623));
#5467=DIRECTION('',(-0.14778836410782,0.255976955402234,0.955319003127928));
#5468=DIRECTION('',(0.,-0.965925826289068,0.258819045102521));
#5469=DIRECTION('',(-0.0630794426424924,0.109256799569924,0.992010048166675));
#5470=DIRECTION('',(-0.496005024083338,0.859105902521766,-0.126158885284985));
#5471=DIRECTION('',(0.189014705752796,-0.189014705752797,-0.96361137499428));
#5472=DIRECTION('',(0.,0.98130003747634,-0.192484379753093));
#5473=DIRECTION('',(0.0761107557984415,-0.0761107557984415,0.99419027640768));
#5474=DIRECTION('',(0.702998686237599,-0.702998686237599,-0.107636863092623));
#5475=DIRECTION('',(-0.255976955402234,0.14778836410782,0.955319003127928));
#5476=DIRECTION('',(0.965925826289068,0.,0.258819045102521));
#5477=DIRECTION('',(-0.109256799569924,0.0630794426424925,0.992010048166676));
#5478=DIRECTION('',(-0.859105902521766,0.496005024083338,-0.126158885284985));
#5479=DIRECTION('',(0.258198889747161,-0.0691841839943644,-0.96361137499428));
#5480=DIRECTION('',(-0.965925826289068,0.,-0.258819045102521));
#5481=DIRECTION('',(0.103969225921905,-0.0278584701234635,0.99419027640768));
#5482=DIRECTION('',(0.960314064227646,-0.257315377990047,-0.107636863092623));
#5483=DIRECTION('',(0.,0.,-1.));
#5484=DIRECTION('',(1.,0.,0.));
#5485=DIRECTION('',(0.,0.,-1.));
#5486=DIRECTION('',(-1.,0.,0.));
#5487=DIRECTION('',(0.,0.,-1.));
#5488=DIRECTION('',(-1.,0.,0.));
#5489=DIRECTION('',(0.,0.,-1.));
#5490=DIRECTION('',(-1.,0.,0.));
#5491=DIRECTION('',(0.,0.,-1.));
#5492=DIRECTION('',(-1.,0.,0.));
#5493=DIRECTION('',(0.,0.,-1.));
#5494=DIRECTION('',(1.,0.,0.));
#5495=DIRECTION('',(0.,0.,-1.));
#5496=DIRECTION('',(-1.,0.,0.));
#5497=DIRECTION('',(1.,0.,0.));
#5498=DIRECTION('',(0.,1.,0.));
#5499=DIRECTION('',(0.,0.,1.));
#5500=DIRECTION('',(0.,0.,-1.));
#5501=DIRECTION('',(1.,0.,0.));
#5502=DIRECTION('',(0.,0.,-1.));
#5503=DIRECTION('',(0.,0.,-1.));
#5504=DIRECTION('',(1.,0.,0.));
#5505=DIRECTION('',(0.,0.,-1.));
#5506=DIRECTION('',(-1.,0.,0.));
#5507=DIRECTION('',(0.,0.,-1.));
#5508=DIRECTION('',(-1.,0.,0.));
#5509=DIRECTION('',(0.,0.,-1.));
#5510=DIRECTION('',(-1.,0.,0.));
#5511=DIRECTION('',(-1.,0.,0.));
#5512=DIRECTION('',(0.,0.,1.));
#5513=DIRECTION('',(1.,0.,0.));
#5514=DIRECTION('',(0.,0.,-1.));
#5515=DIRECTION('',(-1.,6.90737651644989E-16,0.));
#5516=DIRECTION('',(-6.90737651644989E-16,-1.,0.));
#5517=DIRECTION('',(-0.5,0.866025403784439,0.));
#5518=DIRECTION('',(-0.866025403784439,-0.5,0.));
#5519=DIRECTION('',(0.866025403784439,-0.5,-2.889066536033E-16));
#5520=DIRECTION('',(0.5,0.866025403784439,0.));
#5521=DIRECTION('',(-0.5,0.866025403784439,0.));
#5522=DIRECTION('',(-0.866025403784439,-0.5,0.));
#5523=DIRECTION('',(-0.5,0.866025403784439,0.));
#5524=DIRECTION('',(-0.866025403784439,-0.5,0.));
#5525=DIRECTION('',(-0.866025403784439,0.5,0.));
#5526=DIRECTION('',(-0.5,-0.866025403784439,0.));
#5527=DIRECTION('',(0.866025403784439,-0.5,-2.16679990202475E-16));
#5528=DIRECTION('',(0.5,0.866025403784439,0.));
#5529=DIRECTION('',(-0.866025403784439,0.5,0.));
#5530=DIRECTION('',(-0.5,-0.866025403784439,0.));
#5531=DIRECTION('',(0.866025403784439,0.5,2.16679990202475E-16));
#5532=DIRECTION('',(-0.5,0.866025403784439,0.));
#5533=DIRECTION('',(-0.866025403784439,0.5,0.));
#5534=DIRECTION('',(-0.5,-0.866025403784439,0.));
#5535=DIRECTION('',(-0.866025403784438,0.5,0.));
#5536=DIRECTION('',(-0.5,-0.866025403784438,0.));
#5537=DIRECTION('',(-0.866025403784439,-0.5,0.));
#5538=DIRECTION('',(0.5,-0.866025403784439,0.));
#5539=DIRECTION('',(0.866025403784439,0.5,2.889066536033E-16));
#5540=DIRECTION('',(-0.5,0.866025403784439,0.));
#5541=DIRECTION('',(0.,1.,0.));
#5542=DIRECTION('',(0.,0.,1.));
#5543=DIRECTION('',(1.,0.,0.));
#5544=DIRECTION('',(0.,0.,-1.));
#5545=DIRECTION('',(0.,1.,0.));
#5546=DIRECTION('',(0.,0.,1.));
#5547=DIRECTION('',(0.,1.,0.));
#5548=DIRECTION('',(0.,0.,1.));
#5549=DIRECTION('',(-1.,0.,0.));
#5550=DIRECTION('',(0.,0.,1.));
#5551=DIRECTION('',(1.,0.,0.));
#5552=DIRECTION('',(0.,0.,-1.));
#5553=DIRECTION('',(-0.5,0.866025403784439,0.));
#5554=DIRECTION('',(-0.866025403784439,-0.5,0.));
#5555=DIRECTION('',(0.5,0.866025403784439,1.48922728287028E-15));
#5556=DIRECTION('',(-0.866025403784439,0.5,0.));
#5557=DIRECTION('',(-0.5,0.866025403784439,0.));
#5558=DIRECTION('',(-0.866025403784439,-0.5,0.));
#5559=DIRECTION('',(-0.5,0.866025403784439,0.));
#5560=DIRECTION('',(-0.866025403784439,-0.5,0.));
#5561=DIRECTION('',(-0.5,-0.866025403784438,0.));
#5562=DIRECTION('',(0.866025403784438,-0.5,0.));
#5563=DIRECTION('',(0.5,0.866025403784438,0.));
#5564=DIRECTION('',(-0.866025403784439,0.5,0.));
#5565=DIRECTION('',(0.5,0.866025403784439,0.));
#5566=DIRECTION('',(-0.866025403784439,0.5,0.));
#5567=DIRECTION('',(0.866025403784439,0.5,3.33600668457078E-16));
#5568=DIRECTION('',(-0.5,0.866025403784439,0.));
#5569=DIRECTION('',(0.5,0.866025403784439,0.));
#5570=DIRECTION('',(-0.866025403784439,0.5,0.));
#5571=DIRECTION('',(0.5,0.866025403784439,0.));
#5572=DIRECTION('',(-0.866025403784439,0.5,0.));
#5573=DIRECTION('',(-0.866025403784439,-0.5,0.));
#5574=DIRECTION('',(0.5,-0.866025403784439,0.));
#5575=DIRECTION('',(0.866025403784439,0.5,3.33600668457078E-16));
#5576=DIRECTION('',(-0.5,0.866025403784439,0.));
#5577=DIRECTION('',(0.,1.,0.));
#5578=DIRECTION('',(0.,0.,1.));
#5579=DIRECTION('',(6.90737651644989E-16,1.,0.));
#5580=DIRECTION('',(-1.,6.90737651644989E-16,0.));
#5581=DIRECTION('',(0.,1.,0.));
#5582=DIRECTION('',(0.,0.,1.));
#5583=DIRECTION('',(0.,1.,0.));
#5584=DIRECTION('',(0.,0.,1.));
#5585=DIRECTION('',(-5.17926091954236E-16,-1.,0.));
#5586=DIRECTION('',(1.,-5.17926091954236E-16,0.));
#5587=DIRECTION('',(6.90737651644989E-16,1.,-9.21722169268964E-31));
#5588=DIRECTION('',(-1.,6.90737651644989E-16,0.));
#5589=DIRECTION('',(0.866025403784438,0.5,0.));
#5590=DIRECTION('',(-0.5,0.866025403784438,0.));
#5591=DIRECTION('',(0.5,0.866025403784439,0.));
#5592=DIRECTION('',(-0.866025403784439,0.5,0.));
#5593=DIRECTION('',(0.866025403784439,0.5,0.));
#5594=DIRECTION('',(-0.5,0.866025403784439,0.));
#5595=DIRECTION('',(0.866025403784438,0.5,0.));
#5596=DIRECTION('',(-0.5,0.866025403784438,0.));
#5597=DIRECTION('',(-0.5,-0.866025403784439,0.));
#5598=DIRECTION('',(0.866025403784439,-0.5,0.));
#5599=DIRECTION('',(0.5,0.866025403784439,-5.50652970940932E-17));
#5600=DIRECTION('',(-0.866025403784439,0.5,0.));
#5601=DIRECTION('',(0.5,0.866025403784439,0.));
#5602=DIRECTION('',(-0.866025403784439,0.5,0.));
#5603=DIRECTION('',(-0.5,0.866025403784439,0.));
#5604=DIRECTION('',(-0.866025403784439,-0.5,0.));
#5605=DIRECTION('',(0.5,0.866025403784439,0.));
#5606=DIRECTION('',(-0.866025403784439,0.5,0.));
#5607=DIRECTION('',(0.5,0.866025403784439,0.));
#5608=DIRECTION('',(-0.866025403784439,0.5,0.));
#5609=DIRECTION('',(0.5,-0.866025403784439,0.));
#5610=DIRECTION('',(0.866025403784439,0.5,0.));
#5611=DIRECTION('',(-0.5,0.866025403784439,-8.93880297075565E-17));
#5612=DIRECTION('',(-0.866025403784439,-0.5,0.));
#5613=DIRECTION('',(1.,-6.90737651644989E-16,0.));
#5614=DIRECTION('',(6.90737651644989E-16,1.,0.));
#5615=DIRECTION('',(6.90737651644989E-16,1.,0.));
#5616=DIRECTION('',(-1.,6.90737651644989E-16,0.));
#5617=DIRECTION('',(1.,-5.17926091954235E-16,0.));
#5618=DIRECTION('',(5.17926091954235E-16,1.,0.));
#5619=DIRECTION('',(1.,-6.90737651644988E-16,0.));
#5620=DIRECTION('',(6.90737651644988E-16,1.,0.));
#5621=DIRECTION('',(-5.17926091954235E-16,-1.,0.));
#5622=DIRECTION('',(1.,-5.17926091954235E-16,0.));
#5623=DIRECTION('',(6.90737651644989E-16,1.,-9.21722169268964E-31));
#5624=DIRECTION('',(-1.,6.90737651644989E-16,0.));
#5625=DIRECTION('',(0.866025403784439,0.5,0.));
#5626=DIRECTION('',(-0.5,0.866025403784439,0.));
#5627=DIRECTION('',(-0.866025403784439,0.5,3.33600668457078E-16));
#5628=DIRECTION('',(-0.5,-0.866025403784439,0.));
#5629=DIRECTION('',(0.866025403784439,0.5,0.));
#5630=DIRECTION('',(-0.5,0.866025403784439,0.));
#5631=DIRECTION('',(0.866025403784439,0.5,0.));
#5632=DIRECTION('',(-0.5,0.866025403784439,0.));
#5633=DIRECTION('',(0.866025403784439,-0.5,0.));
#5634=DIRECTION('',(0.5,0.866025403784439,0.));
#5635=DIRECTION('',(-0.866025403784439,0.5,0.));
#5636=DIRECTION('',(-0.5,-0.866025403784439,0.));
#5637=DIRECTION('',(0.866025403784439,-0.5,0.));
#5638=DIRECTION('',(0.5,0.866025403784439,0.));
#5639=DIRECTION('',(-0.5,0.866025403784439,-1.1556266144132E-15));
#5640=DIRECTION('',(-0.866025403784439,-0.5,0.));
#5641=DIRECTION('',(0.866025403784439,-0.5,0.));
#5642=DIRECTION('',(0.5,0.866025403784439,0.));
#5643=DIRECTION('',(0.866025403784439,-0.5,0.));
#5644=DIRECTION('',(0.5,0.866025403784439,0.));
#5645=DIRECTION('',(0.5,-0.866025403784439,0.));
#5646=DIRECTION('',(0.866025403784439,0.5,0.));
#5647=DIRECTION('',(-0.5,0.866025403784438,0.));
#5648=DIRECTION('',(-0.866025403784438,-0.5,0.));
#5649=DIRECTION('',(1.,-6.90737651644989E-16,0.));
#5650=DIRECTION('',(6.90737651644989E-16,1.,0.));
#5651=DIRECTION('',(-1.,6.90737651644989E-16,9.21722169268963E-31));
#5652=DIRECTION('',(-6.90737651644989E-16,-1.,0.));
#5653=DIRECTION('',(1.,-5.17926091954235E-16,0.));
#5654=DIRECTION('',(5.17926091954235E-16,1.,0.));
#5655=DIRECTION('',(-1.,0.,0.));
#5656=DIRECTION('',(0.,0.,1.));
#5657=DIRECTION('',(1.,0.,0.));
#5658=DIRECTION('',(0.,0.,-1.));
#5659=DIRECTION('',(-1.,1.33010867276734E-15,0.));
#5660=DIRECTION('',(-1.33010867276734E-15,-1.,0.));
#5661=DIRECTION('',(-0.5,-0.866025403784439,0.));
#5662=DIRECTION('',(0.866025403784439,-0.5,0.));
#5663=DIRECTION('',(0.866025403784439,0.5,0.));
#5664=DIRECTION('',(-0.5,0.866025403784439,0.));
#5665=DIRECTION('',(-0.5,-0.866025403784438,0.));
#5666=DIRECTION('',(0.866025403784439,-0.5,0.));
#5667=DIRECTION('',(-0.5,-0.866025403784438,0.));
#5668=DIRECTION('',(0.866025403784438,-0.5,0.));
#5669=DIRECTION('',(-0.866025403784439,-0.5,0.));
#5670=DIRECTION('',(0.5,-0.866025403784439,0.));
#5671=DIRECTION('',(0.866025403784438,0.5,1.51996881730984E-16));
#5672=DIRECTION('',(-0.5,0.866025403784439,0.));
#5673=DIRECTION('',(-0.866025403784438,-0.5,0.));
#5674=DIRECTION('',(0.5,-0.866025403784438,0.));
#5675=DIRECTION('',(0.866025403784438,-0.5,-1.87789324842144E-16));
#5676=DIRECTION('',(0.5,0.866025403784438,0.));
#5677=DIRECTION('',(-0.866025403784438,-0.5,0.));
#5678=DIRECTION('',(0.5,-0.866025403784439,0.));
#5679=DIRECTION('',(-0.866025403784439,-0.5,0.));
#5680=DIRECTION('',(0.5,-0.866025403784439,0.));
#5681=DIRECTION('',(-0.866025403784439,0.5,0.));
#5682=DIRECTION('',(-0.5,-0.866025403784439,0.));
#5683=DIRECTION('',(0.866025403784438,-0.5,9.38946624210724E-17));
#5684=DIRECTION('',(0.5,0.866025403784439,0.));
#5685=DIRECTION('',(0.,-1.,0.));
#5686=DIRECTION('',(0.,0.,-1.));
#5687=DIRECTION('',(1.,0.,0.));
#5688=DIRECTION('',(0.,0.,-1.));
#5689=DIRECTION('',(0.,-1.,0.));
#5690=DIRECTION('',(0.,0.,-1.));
#5691=DIRECTION('',(0.,-1.,0.));
#5692=DIRECTION('',(0.,0.,-1.));
#5693=DIRECTION('',(-1.,0.,0.));
#5694=DIRECTION('',(0.,0.,1.));
#5695=DIRECTION('',(1.,0.,0.));
#5696=DIRECTION('',(0.,0.,-1.));
#5697=DIRECTION('',(-0.5,-0.866025403784439,0.));
#5698=DIRECTION('',(0.866025403784439,-0.5,0.));
#5699=DIRECTION('',(0.5,-0.866025403784438,0.));
#5700=DIRECTION('',(0.866025403784439,0.5,0.));
#5701=DIRECTION('',(-0.5,-0.866025403784439,0.));
#5702=DIRECTION('',(0.866025403784439,-0.5,0.));
#5703=DIRECTION('',(-0.5,-0.866025403784439,0.));
#5704=DIRECTION('',(0.866025403784439,-0.5,0.));
#5705=DIRECTION('',(-0.5,0.866025403784439,0.));
#5706=DIRECTION('',(-0.866025403784439,-0.5,0.));
#5707=DIRECTION('',(0.5,-0.866025403784439,2.16840434497101E-16));
#5708=DIRECTION('',(0.866025403784439,0.5,0.));
#5709=DIRECTION('',(0.5,-0.866025403784439,0.));
#5710=DIRECTION('',(0.866025403784439,0.5,0.));
#5711=DIRECTION('',(0.866025403784439,-0.5,0.));
#5712=DIRECTION('',(0.5,0.866025403784439,0.));
#5713=DIRECTION('',(0.5,-0.866025403784439,0.));
#5714=DIRECTION('',(0.866025403784439,0.5,0.));
#5715=DIRECTION('',(0.5,-0.866025403784439,0.));
#5716=DIRECTION('',(0.866025403784439,0.5,0.));
#5717=DIRECTION('',(-0.866025403784439,0.5,0.));
#5718=DIRECTION('',(-0.5,-0.866025403784439,0.));
#5719=DIRECTION('',(0.866025403784439,-0.5,2.16840434497101E-16));
#5720=DIRECTION('',(0.5,0.866025403784439,0.));
#5721=DIRECTION('',(0.,-1.,0.));
#5722=DIRECTION('',(0.,0.,-1.));
#5723=DIRECTION('',(4.43369557589116E-16,-1.,-3.84561790041645E-31));
#5724=DIRECTION('',(1.,4.43369557589116E-16,0.));
#5725=DIRECTION('',(0.,-1.,0.));
#5726=DIRECTION('',(0.,0.,-1.));
#5727=DIRECTION('',(8.8673911517823E-16,-1.,0.));
#5728=DIRECTION('',(1.,8.8673911517823E-16,0.));
#5729=DIRECTION('',(-6.47407614942787E-16,1.,0.));
#5730=DIRECTION('',(-1.,-6.47407614942787E-16,0.));
#5731=DIRECTION('',(6.65054336383672E-16,-1.,5.76842685062466E-31));
#5732=DIRECTION('',(1.,6.65054336383672E-16,0.));
#5733=DIRECTION('',(0.866025403784439,-0.5,0.));
#5734=DIRECTION('',(0.5,0.866025403784439,0.));
#5735=DIRECTION('',(0.5,-0.866025403784438,2.81683987263217E-16));
#5736=DIRECTION('',(0.866025403784439,0.5,0.));
#5737=DIRECTION('',(0.866025403784439,-0.5,0.));
#5738=DIRECTION('',(0.5,0.866025403784439,0.));
#5739=DIRECTION('',(0.866025403784439,-0.5,0.));
#5740=DIRECTION('',(0.5,0.866025403784439,0.));
#5741=DIRECTION('',(-0.5,0.866025403784439,0.));
#5742=DIRECTION('',(-0.866025403784439,-0.5,0.));
#5743=DIRECTION('',(0.5,-0.866025403784438,-8.27397743216962E-17));
#5744=DIRECTION('',(0.866025403784439,0.5,0.));
#5745=DIRECTION('',(0.5,-0.866025403784439,0.));
#5746=DIRECTION('',(0.866025403784439,0.5,0.));
#5747=DIRECTION('',(-0.5,-0.866025403784438,9.38946624210725E-17));
#5748=DIRECTION('',(0.866025403784438,-0.5,0.));
#5749=DIRECTION('',(0.5,-0.866025403784439,0.));
#5750=DIRECTION('',(0.866025403784439,0.5,0.));
#5751=DIRECTION('',(0.5,-0.866025403784438,0.));
#5752=DIRECTION('',(0.866025403784438,0.5,0.));
#5753=DIRECTION('',(0.5,0.866025403784439,0.));
#5754=DIRECTION('',(-0.866025403784439,0.5,0.));
#5755=DIRECTION('',(-0.5,-0.866025403784439,9.38946624210724E-17));
#5756=DIRECTION('',(0.866025403784439,-0.5,0.));
#5757=DIRECTION('',(1.,0.,0.));
#5758=DIRECTION('',(0.,0.,-1.));
#5759=DIRECTION('',(6.65054336383673E-16,-1.,0.));
#5760=DIRECTION('',(1.,6.65054336383673E-16,0.));
#5761=DIRECTION('',(1.,0.,0.));
#5762=DIRECTION('',(0.,0.,-1.));
#5763=DIRECTION('',(1.,0.,0.));
#5764=DIRECTION('',(0.,0.,-1.));
#5765=DIRECTION('',(-6.47407614942786E-16,1.,0.));
#5766=DIRECTION('',(-1.,-6.47407614942786E-16,0.));
#5767=DIRECTION('',(4.43369557589115E-16,-1.,3.84561790041644E-31));
#5768=DIRECTION('',(1.,4.43369557589115E-16,0.));
#5769=DIRECTION('',(0.866025403784438,-0.5,0.));
#5770=DIRECTION('',(0.5,0.866025403784439,0.));
#5771=DIRECTION('',(-0.866025403784439,-0.5,0.));
#5772=DIRECTION('',(0.5,-0.866025403784439,0.));
#5773=DIRECTION('',(0.866025403784439,-0.5,0.));
#5774=DIRECTION('',(0.5,0.866025403784439,0.));
#5775=DIRECTION('',(0.866025403784438,-0.5,0.));
#5776=DIRECTION('',(0.5,0.866025403784438,0.));
#5777=DIRECTION('',(0.866025403784439,0.5,0.));
#5778=DIRECTION('',(-0.5,0.866025403784439,0.));
#5779=DIRECTION('',(-0.866025403784439,-0.5,-3.17476430374378E-16));
#5780=DIRECTION('',(0.5,-0.866025403784439,0.));
#5781=DIRECTION('',(0.866025403784439,0.5,0.));
#5782=DIRECTION('',(-0.5,0.866025403784439,0.));
#5783=DIRECTION('',(-0.5,-0.866025403784439,4.33680868994202E-16));
#5784=DIRECTION('',(0.866025403784438,-0.5,0.));
#5785=DIRECTION('',(0.866025403784439,0.5,0.));
#5786=DIRECTION('',(-0.5,0.866025403784439,0.));
#5787=DIRECTION('',(0.866025403784439,0.5,0.));
#5788=DIRECTION('',(-0.5,0.866025403784439,0.));
#5789=DIRECTION('',(0.5,0.866025403784439,0.));
#5790=DIRECTION('',(-0.866025403784439,0.5,0.));
#5791=DIRECTION('',(-0.5,-0.866025403784439,2.16840434497101E-16));
#5792=DIRECTION('',(0.866025403784439,-0.5,0.));
#5793=DIRECTION('',(1.,0.,0.));
#5794=DIRECTION('',(0.,0.,-1.));
#5795=DIRECTION('',(-1.,9.21817143754763E-17,4.33680868994203E-16));
#5796=DIRECTION('',(4.33680868994203E-16,0.,1.));
#5797=DIRECTION('',(1.,0.,0.));
#5798=DIRECTION('',(0.,0.,-1.));
#5799=CARTESIAN_POINT('',(0.,0.,0.));
#5800=CARTESIAN_POINT('',(0.0121650635094611,-0.00375,0.));
#5801=CARTESIAN_POINT('',(0.00523203179794318,0.00759492349975283,0.0015606191356076));
#5802=CARTESIAN_POINT('',(0.00508856085932385,0.00734642454465455,0.00272971480193691));
#5803=CARTESIAN_POINT('',(0.00367996126501025,0.00490665847978249,0.0142079116908178));
#5804=CARTESIAN_POINT('',(0.00395494965457562,0.00443036461756373,0.0142079116908178));
#5805=CARTESIAN_POINT('',(0.00393239321359719,0.00446943351937629,0.0142079116908178));
#5806=CARTESIAN_POINT('',(0.00613985238770998,0.00667689269348907,2.13568935289251E-5));
#5807=CARTESIAN_POINT('',(0.00571842593166593,0.00625546623744502,0.00272971480193692));
#5808=CARTESIAN_POINT('',(0.00571842593166593,0.00625546623744504,0.00272971480193691));
#5809=CARTESIAN_POINT('',(0.00550847090755191,0.00661911900651488,0.00272971480193691));
#5810=CARTESIAN_POINT('',(0.00529851588343788,0.00698277177558472,0.00272971480193691));
#5811=CARTESIAN_POINT('',(0.00508856085932385,0.00734642454465457,0.00272971480193691));
#5812=CARTESIAN_POINT('',(0.0056698729810778,0.00866025403784438,0.));
#5813=CARTESIAN_POINT('',(0.00185811711136797,0.00546736606493759,0.015021356893529));
#5814=CARTESIAN_POINT('',(0.00255817970831028,0.0080800352452049,0.00272971480193691));
#5815=CARTESIAN_POINT('',(0.00190444636150695,0.00564026918033285,0.0142079116908178));
#5816=CARTESIAN_POINT('',(0.00231210550764059,0.00564026918033285,0.0142079116908178));
#5817=CARTESIAN_POINT('',(0.00240931025868084,0.00564026918033284,0.0142079116908178));
#5818=CARTESIAN_POINT('',(0.00417444705643775,0.00869757579635723,-0.00017558506883824));
#5819=CARTESIAN_POINT('',(0.00381790985299444,0.0080800352452049,0.00272971480193692));
#5820=CARTESIAN_POINT('',(0.00381790985299443,0.0080800352452049,0.00272971480193692));
#5821=CARTESIAN_POINT('',(0.00339799980476638,0.0080800352452049,0.00272971480193692));
#5822=CARTESIAN_POINT('',(0.00297808975653833,0.0080800352452049,0.00272971480193692));
#5823=CARTESIAN_POINT('',(0.00255817970831028,0.0080800352452049,0.00272971480193692));
#5824=CARTESIAN_POINT('',(0.0118301270189222,0.00316987298107781,0.));
#5825=CARTESIAN_POINT('',(0.000733610700550353,0.00921244290075494,0.00148308338319481));
#5826=CARTESIAN_POINT('',(0.000733610700550353,0.00890647071231831,0.00272971480193691));
#5827=CARTESIAN_POINT('',(0.000733610700550353,0.00608927152369111,0.0142079116908178));
#5828=CARTESIAN_POINT('',(0.00120990456276916,0.00581428313412572,0.0142079116908178));
#5829=CARTESIAN_POINT('',(0.0011708356609566,0.00583683957510414,0.0142079116908178));
#5830=CARTESIAN_POINT('',(0.0019788217964989,0.00885228488475921,2.13568935289253E-5));
#5831=CARTESIAN_POINT('',(0.00182456900775992,0.0082766056399762,0.00272971480193692));
#5832=CARTESIAN_POINT('',(0.00182456900775993,0.0082766056399762,0.00272971480193692));
#5833=CARTESIAN_POINT('',(0.00146091623869007,0.00848656066409023,0.00272971480193692));
#5834=CARTESIAN_POINT('',(0.00109726346962022,0.00869651568820426,0.00272971480193692));
#5835=CARTESIAN_POINT('',(0.000733610700550363,0.0089064707123183,0.00272971480193692));
#5836=CARTESIAN_POINT('',(-0.00332531754730549,0.00808012701892219,0.));
#5837=CARTESIAN_POINT('',(-0.00112450641081762,0.00566393645970888,0.015021356893529));
#5838=CARTESIAN_POINT('',(-0.00182456900775993,0.0082766056399762,0.00272971480193691));
#5839=CARTESIAN_POINT('',(-0.0011708356609566,0.00583683957510414,0.0142079116908178));
#5840=CARTESIAN_POINT('',(-0.000817792484319756,0.00604066914817099,0.0142079116908178));
#5841=CARTESIAN_POINT('',(-0.000733610700550358,0.00608927152369111,0.0142079116908178));
#5842=CARTESIAN_POINT('',(-0.000733610700550357,0.00949143209733636,0.000346389555807793));
#5843=CARTESIAN_POINT('',(-0.000733610700550357,0.00890647071231831,0.00272971480193692));
#5844=CARTESIAN_POINT('',(-0.00073361070055035,0.0089064707123183,0.00272971480193692));
#5845=CARTESIAN_POINT('',(-0.00109726346962021,0.00869651568820427,0.00272971480193692));
#5846=CARTESIAN_POINT('',(-0.00146091623869007,0.00848656066409023,0.00272971480193692));
#5847=CARTESIAN_POINT('',(-0.00182456900775993,0.00827660563997619,0.00272971480193692));
#5848=CARTESIAN_POINT('',(0.0056698729810778,0.00866025403784438,0.));
#5849=CARTESIAN_POINT('',(-0.00401337256869048,0.00841858659977581,0.00113695590561791));
#5850=CARTESIAN_POINT('',(-0.00381790985299445,0.0080800352452049,0.00272971480193692));
#5851=CARTESIAN_POINT('',(-0.00240931025868085,0.00564026918033285,0.0142079116908178));
#5852=CARTESIAN_POINT('',(-0.00185933347955012,0.00564026918033285,0.0142079116908178));
#5853=CARTESIAN_POINT('',(-0.00190444636150695,0.00564026918033284,0.0142079116908178));
#5854=CARTESIAN_POINT('',(-0.00271243249704925,0.00865571448998792,2.13568935289253E-5));
#5855=CARTESIAN_POINT('',(-0.00255817970831028,0.0080800352452049,0.00272971480193692));
#5856=CARTESIAN_POINT('',(-0.00255817970831029,0.0080800352452049,0.00272971480193692));
#5857=CARTESIAN_POINT('',(-0.00297808975653834,0.0080800352452049,0.00272971480193692));
#5858=CARTESIAN_POINT('',(-0.0033979998047664,0.0080800352452049,0.00272971480193692));
#5859=CARTESIAN_POINT('',(-0.00381790985299446,0.0080800352452049,0.00272971480193692));
#5860=CARTESIAN_POINT('',(-0.00933012701892219,0.0011602540378444,0.));
#5861=CARTESIAN_POINT('',(-0.00380581934834095,0.00434285965412,0.015021356893529));
#5862=CARTESIAN_POINT('',(-0.00571842593166595,0.00625546623744501,0.00272971480193691));
#5863=CARTESIAN_POINT('',(-0.00393239321359722,0.00446943351937628,0.0142079116908178));
#5864=CARTESIAN_POINT('',(-0.0037285636405304,0.00482247669601309,0.0142079116908178));
#5865=CARTESIAN_POINT('',(-0.00367996126501027,0.00490665847978249,0.0142079116908178));
#5866=CARTESIAN_POINT('',(-0.00531256904181684,0.00773441809804354,0.000904348648379521));
#5867=CARTESIAN_POINT('',(-0.00508856085932386,0.00734642454465455,0.00272971480193692));
#5868=CARTESIAN_POINT('',(-0.00508856085932385,0.00734642454465456,0.00272971480193691));
#5869=CARTESIAN_POINT('',(-0.00529851588343788,0.00698277177558471,0.00272971480193691));
#5870=CARTESIAN_POINT('',(-0.00550847090755191,0.00661911900651486,0.00272971480193691));
#5871=CARTESIAN_POINT('',(-0.00571842593166594,0.00625546623744501,0.00272971480193691));
#5872=CARTESIAN_POINT('',(-0.0033253175473055,0.00808012701892219,0.));
#5873=CARTESIAN_POINT('',(-0.00779592503071923,0.00534808008595416,0.000614981280971882));
#5874=CARTESIAN_POINT('',(-0.00734642454465456,0.00508856085932386,0.00272971480193692));
#5875=CARTESIAN_POINT('',(-0.0049066584797825,0.00367996126501027,0.0142079116908178));
#5876=CARTESIAN_POINT('',(-0.00443036461756372,0.00395494965457565,0.0142079116908178));
#5877=CARTESIAN_POINT('',(-0.00446943351937627,0.00393239321359723,0.0142079116908178));
#5878=CARTESIAN_POINT('',(-0.00667689269348905,0.00613985238771,2.13568935289253E-5));
#5879=CARTESIAN_POINT('',(-0.006255466237445,0.00571842593166596,0.00272971480193692));
#5880=CARTESIAN_POINT('',(-0.00625546623744501,0.00571842593166595,0.00272971480193692));
#5881=CARTESIAN_POINT('',(-0.00661911900651486,0.00550847090755192,0.00272971480193692));
#5882=CARTESIAN_POINT('',(-0.00698277177558471,0.00529851588343789,0.00272971480193692));
#5883=CARTESIAN_POINT('',(-0.00734642454465456,0.00508856085932386,0.00272971480193692));
#5884=CARTESIAN_POINT('',(-0.00866025403784439,-0.0075,0.));
#5885=CARTESIAN_POINT('',(-0.0054673660649376,0.00185811711136795,0.015021356893529));
#5886=CARTESIAN_POINT('',(-0.00808003524520491,0.00255817970831025,0.00272971480193691));
#5887=CARTESIAN_POINT('',(-0.00564026918033286,0.00190444636150693,0.0142079116908178));
#5888=CARTESIAN_POINT('',(-0.00564026918033286,0.0023121055076406,0.0142079116908178));
#5889=CARTESIAN_POINT('',(-0.00564026918033286,0.00240931025868085,0.0142079116908178));
#5890=CARTESIAN_POINT('',(-0.00837356040003951,0.00398737668015212,0.00134878752061276));
#5891=CARTESIAN_POINT('',(-0.00808003524520491,0.00381790985299445,0.00272971480193692));
#5892=CARTESIAN_POINT('',(-0.00808003524520491,0.00381790985299445,0.00272971480193692));
#5893=CARTESIAN_POINT('',(-0.00808003524520491,0.00339799980476639,0.00272971480193692));
#5894=CARTESIAN_POINT('',(-0.00808003524520491,0.00297808975653833,0.00272971480193692));
#5895=CARTESIAN_POINT('',(-0.00808003524520491,0.00255817970831027,0.00272971480193692));
#5896=CARTESIAN_POINT('',(-0.0093301270189222,0.00116025403784438,0.));
#5897=CARTESIAN_POINT('',(-0.00956245418561101,0.000733610700550364,5.70221884001489E-5));
#5898=CARTESIAN_POINT('',(-0.00890647071231829,0.000733610700550364,0.00272971480193692));
#5899=CARTESIAN_POINT('',(-0.0060892715236911,0.000733610700550365,0.0142079116908178));
#5900=CARTESIAN_POINT('',(-0.00581428313412573,0.00120990456276913,0.0142079116908178));
#5901=CARTESIAN_POINT('',(-0.00583683957510415,0.00117083566095658,0.0142079116908178));
#5902=CARTESIAN_POINT('',(-0.00885228488475922,0.00197882179649887,2.13568935289253E-5));
#5903=CARTESIAN_POINT('',(-0.00827660563997621,0.0018245690077599,0.00272971480193692));
#5904=CARTESIAN_POINT('',(-0.00827660563997621,0.0018245690077599,0.00272971480193692));
#5905=CARTESIAN_POINT('',(-0.00848656066409024,0.00146091623869006,0.00272971480193692));
#5906=CARTESIAN_POINT('',(-0.00869651568820426,0.00109726346962021,0.00272971480193692));
#5907=CARTESIAN_POINT('',(-0.00890647071231829,0.000733610700550369,0.00272971480193692));
#5908=CARTESIAN_POINT('',(-0.0028349364905389,-0.0124102540378444,0.));
#5909=CARTESIAN_POINT('',(-0.00566393645970889,-0.00112450641081757,0.015021356893529));
#5910=CARTESIAN_POINT('',(-0.00827660563997621,-0.00182456900775989,0.00272971480193692));
#5911=CARTESIAN_POINT('',(-0.00583683957510415,-0.00117083566095656,0.0142079116908178));
#5912=CARTESIAN_POINT('',(-0.00604066914817098,-0.000817792484319738,0.0142079116908178));
#5913=CARTESIAN_POINT('',(-0.0060892715236911,-0.000733610700550341,0.0142079116908178));
#5914=CARTESIAN_POINT('',(-0.00919341258955696,-0.000733610700550341,0.0015606191356076));
#5915=CARTESIAN_POINT('',(-0.0089064707123183,-0.000733610700550341,0.00272971480193692));
#5916=CARTESIAN_POINT('',(-0.0089064707123183,-0.000733610700550337,0.00272971480193692));
#5917=CARTESIAN_POINT('',(-0.00869651568820427,-0.00109726346962019,0.00272971480193692));
#5918=CARTESIAN_POINT('',(-0.00848656066409024,-0.00146091623869004,0.00272971480193692));
#5919=CARTESIAN_POINT('',(-0.00827660563997621,-0.00182456900775988,0.00272971480193692));
#5920=CARTESIAN_POINT('',(-0.00866025403784439,-0.0075,0.));
#5921=CARTESIAN_POINT('',(-0.00874260199609355,-0.0042004429449761,-0.000387416683833083));
#5922=CARTESIAN_POINT('',(-0.00808003524520491,-0.00381790985299445,0.00272971480193692));
#5923=CARTESIAN_POINT('',(-0.00564026918033286,-0.00240931025868085,0.0142079116908178));
#5924=CARTESIAN_POINT('',(-0.00564026918033286,-0.00185933347955007,0.0142079116908178));
#5925=CARTESIAN_POINT('',(-0.00564026918033285,-0.00190444636150691,0.0142079116908178));
#5926=CARTESIAN_POINT('',(-0.00865571448998793,-0.00271243249704921,2.13568935289253E-5));
#5927=CARTESIAN_POINT('',(-0.00808003524520491,-0.00255817970831024,0.00272971480193692));
#5928=CARTESIAN_POINT('',(-0.00808003524520491,-0.00255817970831023,0.00272971480193692));
#5929=CARTESIAN_POINT('',(-0.00808003524520491,-0.0029780897565383,0.00272971480193692));
#5930=CARTESIAN_POINT('',(-0.00808003524520491,-0.00339799980476637,0.00272971480193692));
#5931=CARTESIAN_POINT('',(-0.00808003524520491,-0.00381790985299445,0.00272971480193692));
#5932=CARTESIAN_POINT('',(0.00316987298107781,-0.0118301270189222,0.));
#5933=CARTESIAN_POINT('',(-0.00434285965411999,-0.00380581934834095,0.015021356893529));
#5934=CARTESIAN_POINT('',(-0.006255466237445,-0.00571842593166596,0.00272971480193691));
#5935=CARTESIAN_POINT('',(-0.00446943351937627,-0.00393239321359723,0.0142079116908178));
#5936=CARTESIAN_POINT('',(-0.0048224766960131,-0.00372856364053039,0.0142079116908178));
#5937=CARTESIAN_POINT('',(-0.0049066584797825,-0.00367996126501026,0.0142079116908178));
#5938=CARTESIAN_POINT('',(-0.0076114042326922,-0.00524154695354217,0.0014830833831948));
#5939=CARTESIAN_POINT('',(-0.00734642454465456,-0.00508856085932386,0.00272971480193692));
#5940=CARTESIAN_POINT('',(-0.00734642454465456,-0.00508856085932386,0.00272971480193691));
#5941=CARTESIAN_POINT('',(-0.0069827717755847,-0.0052985158834379,0.00272971480193691));
#5942=CARTESIAN_POINT('',(-0.00661911900651485,-0.00550847090755193,0.00272971480193691));
#5943=CARTESIAN_POINT('',(-0.00625546623744499,-0.00571842593166596,0.00272971480193691));
#5944=CARTESIAN_POINT('',(-0.0028349364905389,-0.0124102540378444,0.));
#5945=CARTESIAN_POINT('',(-0.00549708983984384,-0.00805401749527951,-0.000599248298827926));
#5946=CARTESIAN_POINT('',(-0.00508856085932385,-0.00734642454465456,0.00272971480193692));
#5947=CARTESIAN_POINT('',(-0.00367996126501025,-0.0049066584797825,0.0142079116908178));
#5948=CARTESIAN_POINT('',(-0.00395494965457563,-0.00443036461756372,0.0142079116908178));
#5949=CARTESIAN_POINT('',(-0.00393239321359721,-0.00446943351937628,0.0142079116908178));
#5950=CARTESIAN_POINT('',(-0.00613985238770999,-0.00667689269348906,2.13568935289253E-5));
#5951=CARTESIAN_POINT('',(-0.00571842593166594,-0.00625546623744501,0.00272971480193692));
#5952=CARTESIAN_POINT('',(-0.00571842593166594,-0.00625546623744502,0.00272971480193692));
#5953=CARTESIAN_POINT('',(-0.00550847090755191,-0.00661911900651487,0.00272971480193692));
#5954=CARTESIAN_POINT('',(-0.00529851588343788,-0.00698277177558472,0.00272971480193692));
#5955=CARTESIAN_POINT('',(-0.00508856085932385,-0.00734642454465457,0.00272971480193692));
#5956=CARTESIAN_POINT('',(0.0056698729810778,-0.00866025403784439,0.));
#5957=CARTESIAN_POINT('',(-0.00185811711136795,-0.0054673660649376,0.015021356893529));
#5958=CARTESIAN_POINT('',(-0.00255817970831025,-0.00808003524520492,0.00272971480193691));
#5959=CARTESIAN_POINT('',(-0.00190444636150693,-0.00564026918033286,0.0142079116908178));
#5960=CARTESIAN_POINT('',(-0.00231210550764059,-0.00564026918033286,0.0142079116908178));
#5961=CARTESIAN_POINT('',(-0.00240931025868084,-0.00564026918033286,0.0142079116908178));
#5962=CARTESIAN_POINT('',(-0.00401337256869046,-0.00841858659977582,0.00113695590561791));
#5963=CARTESIAN_POINT('',(-0.00381790985299444,-0.00808003524520492,0.00272971480193692));
#5964=CARTESIAN_POINT('',(-0.00381790985299445,-0.00808003524520491,0.00272971480193692));
#5965=CARTESIAN_POINT('',(-0.00339799980476639,-0.00808003524520491,0.00272971480193692));
#5966=CARTESIAN_POINT('',(-0.00297808975653833,-0.00808003524520491,0.00272971480193692));
#5967=CARTESIAN_POINT('',(-0.00255817970831027,-0.00808003524520491,0.00272971480193692));
#5968=CARTESIAN_POINT('',(0.00316987298107781,-0.0118301270189222,0.));
#5969=CARTESIAN_POINT('',(-0.000733610700550358,-0.00970449836216033,-0.000521712546415129));
#5970=CARTESIAN_POINT('',(-0.000733610700550358,-0.0089064707123183,0.00272971480193692));
#5971=CARTESIAN_POINT('',(-0.000733610700550358,-0.00608927152369111,0.0142079116908178));
#5972=CARTESIAN_POINT('',(-0.00120990456276913,-0.00581428313412574,0.0142079116908178));
#5973=CARTESIAN_POINT('',(-0.00117083566095657,-0.00583683957510416,0.0142079116908178));
#5974=CARTESIAN_POINT('',(-0.00197882179649886,-0.00885228488475923,2.13568935289255E-5));
#5975=CARTESIAN_POINT('',(-0.0018245690077599,-0.00827660563997621,0.00272971480193692));
#5976=CARTESIAN_POINT('',(-0.0018245690077599,-0.00827660563997622,0.00272971480193691));
#5977=CARTESIAN_POINT('',(-0.00146091623869006,-0.00848656066409024,0.00272971480193691));
#5978=CARTESIAN_POINT('',(-0.00109726346962021,-0.00869651568820427,0.00272971480193691));
#5979=CARTESIAN_POINT('',(-0.000733610700550367,-0.0089064707123183,0.00272971480193691));
#5980=CARTESIAN_POINT('',(0.0053349364905389,-0.00691987298107781,0.));
#5981=CARTESIAN_POINT('',(0.00112450641081759,-0.00566393645970889,0.015021356893529));
#5982=CARTESIAN_POINT('',(0.0018245690077599,-0.00827660563997621,0.00272971480193691));
#5983=CARTESIAN_POINT('',(0.00117083566095658,-0.00583683957510415,0.0142079116908178));
#5984=CARTESIAN_POINT('',(0.000817792484319751,-0.00604066914817098,0.0142079116908178));
#5985=CARTESIAN_POINT('',(0.000733610700550351,-0.00608927152369111,0.0142079116908178));
#5986=CARTESIAN_POINT('',(0.00073361070055035,-0.00942550916557891,0.000614981280971883));
#5987=CARTESIAN_POINT('',(0.000733610700550351,-0.0089064707123183,0.00272971480193692));
#5988=CARTESIAN_POINT('',(0.000733610700550349,-0.0089064707123183,0.00272971480193692));
#5989=CARTESIAN_POINT('',(0.0010972634696202,-0.00869651568820427,0.00272971480193692));
#5990=CARTESIAN_POINT('',(0.00146091623869005,-0.00848656066409024,0.00272971480193692));
#5991=CARTESIAN_POINT('',(0.0018245690077599,-0.00827660563997621,0.00272971480193692));
#5992=CARTESIAN_POINT('',(0.0056698729810778,-0.00866025403784439,0.));
#5993=CARTESIAN_POINT('',(0.00417444705643775,-0.00869757579635724,-0.00017558506883824));
#5994=CARTESIAN_POINT('',(0.00381790985299444,-0.00808003524520491,0.00272971480193692));
#5995=CARTESIAN_POINT('',(0.00240931025868084,-0.00564026918033285,0.0142079116908178));
#5996=CARTESIAN_POINT('',(0.00185933347955008,-0.00564026918033286,0.0142079116908178));
#5997=CARTESIAN_POINT('',(0.00190444636150693,-0.00564026918033285,0.0142079116908178));
#5998=CARTESIAN_POINT('',(0.00271243249704922,-0.00865571448998793,2.13568935289251E-5));
#5999=CARTESIAN_POINT('',(0.00255817970831025,-0.00808003524520491,0.00272971480193692));
#6000=CARTESIAN_POINT('',(0.00255817970831025,-0.00808003524520491,0.00272971480193692));
#6001=CARTESIAN_POINT('',(0.00297808975653831,-0.00808003524520491,0.00272971480193692));
#6002=CARTESIAN_POINT('',(0.00339799980476637,-0.00808003524520491,0.00272971480193692));
#6003=CARTESIAN_POINT('',(0.00381790985299443,-0.00808003524520491,0.00272971480193692));
#6004=CARTESIAN_POINT('',(0.0056698729810778,-0.0075,0.));
#6005=CARTESIAN_POINT('',(0.00380581934834094,-0.00434285965412,0.0150213568935289));
#6006=CARTESIAN_POINT('',(0.00571842593166594,-0.00625546623744501,0.00272971480193692));
#6007=CARTESIAN_POINT('',(0.00393239321359721,-0.00446943351937628,0.0142079116908178));
#6008=CARTESIAN_POINT('',(0.00372856364053038,-0.0048224766960131,0.0142079116908178));
#6009=CARTESIAN_POINT('',(0.00367996126501025,-0.0049066584797825,0.0142079116908178));
#6010=CARTESIAN_POINT('',(0.00541655259597021,-0.0079145228969888,5.70221884001516E-5));
#6011=CARTESIAN_POINT('',(0.00508856085932385,-0.00734642454465456,0.00272971480193692));
#6012=CARTESIAN_POINT('',(0.00508856085932385,-0.00734642454465456,0.00272971480193692));
#6013=CARTESIAN_POINT('',(0.00529851588343788,-0.00698277177558471,0.00272971480193692));
#6014=CARTESIAN_POINT('',(0.00550847090755191,-0.00661911900651486,0.00272971480193692));
#6015=CARTESIAN_POINT('',(0.00571842593166594,-0.00625546623744501,0.00272971480193692));
#6016=CARTESIAN_POINT('',(0.0053349364905389,-0.00691987298107781,0.));
#6017=CARTESIAN_POINT('',(0.00785301596431313,-0.00538104155183288,0.000346389555807794));
#6018=CARTESIAN_POINT('',(0.00734642454465456,-0.00508856085932386,0.00272971480193692));
#6019=CARTESIAN_POINT('',(0.0049066584797825,-0.00367996126501026,0.0142079116908178));
#6020=CARTESIAN_POINT('',(0.00443036461756372,-0.00395494965457565,0.0142079116908178));
#6021=CARTESIAN_POINT('',(0.00446943351937627,-0.00393239321359722,0.0142079116908178));
#6022=CARTESIAN_POINT('',(0.00667689269348905,-0.00613985238771,2.13568935289254E-5));
#6023=CARTESIAN_POINT('',(0.006255466237445,-0.00571842593166595,0.00272971480193692));
#6024=CARTESIAN_POINT('',(0.00625546623744499,-0.00571842593166596,0.00272971480193692));
#6025=CARTESIAN_POINT('',(0.00661911900651485,-0.00550847090755192,0.00272971480193692));
#6026=CARTESIAN_POINT('',(0.00698277177558471,-0.00529851588343789,0.00272971480193692));
#6027=CARTESIAN_POINT('',(0.00734642454465456,-0.00508856085932385,0.00272971480193691));
#6028=CARTESIAN_POINT('',(0.00866025403784439,-0.0075,0.));
#6029=CARTESIAN_POINT('',(0.0054673660649376,-0.00185811711136793,0.015021356893529));
#6030=CARTESIAN_POINT('',(0.00808003524520492,-0.00255817970831024,0.00272971480193691));
#6031=CARTESIAN_POINT('',(0.00564026918033286,-0.00190444636150692,0.0142079116908178));
#6032=CARTESIAN_POINT('',(0.00564026918033286,-0.00231210550764059,0.0142079116908178));
#6033=CARTESIAN_POINT('',(0.00564026918033286,-0.00240931025868084,0.0142079116908178));
#6034=CARTESIAN_POINT('',(0.00874260199609355,-0.0042004429449761,-0.000387416683833083));
#6035=CARTESIAN_POINT('',(0.00808003524520492,-0.00381790985299445,0.00272971480193692));
#6036=CARTESIAN_POINT('',(0.00808003524520491,-0.00381790985299444,0.00272971480193692));
#6037=CARTESIAN_POINT('',(0.00808003524520491,-0.00339799980476637,0.00272971480193692));
#6038=CARTESIAN_POINT('',(0.00808003524520491,-0.0029780897565383,0.00272971480193692));
#6039=CARTESIAN_POINT('',(0.00808003524520491,-0.00255817970831024,0.00272971480193692));
#6040=CARTESIAN_POINT('',(0.0056698729810778,-0.0075,0.));
#6041=CARTESIAN_POINT('',(0.00935448707730424,-0.00073361070055036,0.000904348648379523));
#6042=CARTESIAN_POINT('',(0.00890647071231829,-0.00073361070055036,0.00272971480193692));
#6043=CARTESIAN_POINT('',(0.0060892715236911,-0.000733610700550361,0.0142079116908178));
#6044=CARTESIAN_POINT('',(0.00581428313412573,-0.00120990456276912,0.0142079116908178));
#6045=CARTESIAN_POINT('',(0.00583683957510415,-0.00117083566095656,0.0142079116908178));
#6046=CARTESIAN_POINT('',(0.00885228488475923,-0.00197882179649885,2.13568935289255E-5));
#6047=CARTESIAN_POINT('',(0.00827660563997621,-0.00182456900775989,0.00272971480193692));
#6048=CARTESIAN_POINT('',(0.00827660563997622,-0.00182456900775988,0.00272971480193692));
#6049=CARTESIAN_POINT('',(0.00848656066409024,-0.00146091623869004,0.00272971480193692));
#6050=CARTESIAN_POINT('',(0.00869651568820427,-0.00109726346962019,0.00272971480193692));
#6051=CARTESIAN_POINT('',(0.0089064707123183,-0.000733610700550351,0.00272971480193692));
#6052=CARTESIAN_POINT('',(0.0121650635094611,-0.00375,0.));
#6053=CARTESIAN_POINT('',(0.00566393645970889,0.00112450641081757,0.015021356893529));
#6054=CARTESIAN_POINT('',(0.00827660563997621,0.00182456900775988,0.00272971480193691));
#6055=CARTESIAN_POINT('',(0.00583683957510415,0.00117083566095655,0.0142079116908178));
#6056=CARTESIAN_POINT('',(0.00604066914817097,0.000817792484319748,0.0142079116908178));
#6057=CARTESIAN_POINT('',(0.0060892715236911,0.000733610700550348,0.0142079116908178));
#6058=CARTESIAN_POINT('',(0.00972352867335828,0.000733610700550349,-0.000599248298827926));
#6059=CARTESIAN_POINT('',(0.00890647071231829,0.000733610700550349,0.00272971480193692));
#6060=CARTESIAN_POINT('',(0.0089064707123183,0.000733610700550359,0.00272971480193691));
#6061=CARTESIAN_POINT('',(0.00869651568820427,0.0010972634696202,0.00272971480193691));
#6062=CARTESIAN_POINT('',(0.00848656066409025,0.00146091623869005,0.00272971480193691));
#6063=CARTESIAN_POINT('',(0.00827660563997622,0.00182456900775989,0.00272971480193691));
#6064=CARTESIAN_POINT('',(0.00866025403784439,-0.0075,0.));
#6065=CARTESIAN_POINT('',(0.0083735604000395,0.00398737668015213,0.00134878752061276));
#6066=CARTESIAN_POINT('',(0.00808003524520491,0.00381790985299445,0.00272971480193692));
#6067=CARTESIAN_POINT('',(0.00564026918033285,0.00240931025868085,0.0142079116908178));
#6068=CARTESIAN_POINT('',(0.00564026918033285,0.00185933347955006,0.0142079116908178));
#6069=CARTESIAN_POINT('',(0.00564026918033285,0.00190444636150691,0.0142079116908178));
#6070=CARTESIAN_POINT('',(0.00865571448998793,0.0027124324970492,2.13568935289254E-5));
#6071=CARTESIAN_POINT('',(0.00808003524520491,0.00255817970831023,0.00272971480193692));
#6072=CARTESIAN_POINT('',(0.00808003524520491,0.00255817970831025,0.00272971480193692));
#6073=CARTESIAN_POINT('',(0.00808003524520491,0.00297808975653831,0.00272971480193692));
#6074=CARTESIAN_POINT('',(0.00808003524520491,0.00339799980476638,0.00272971480193692));
#6075=CARTESIAN_POINT('',(0.00808003524520491,0.00381790985299445,0.00272971480193692));
#6076=CARTESIAN_POINT('',(0.0118301270189222,0.00316987298107781,0.));
#6077=CARTESIAN_POINT('',(0.00434285965411998,0.00380581934834096,0.015021356893529));
#6078=CARTESIAN_POINT('',(0.00625546623744499,0.00571842593166596,0.00272971480193691));
#6079=CARTESIAN_POINT('',(0.00446943351937625,0.00393239321359724,0.0142079116908178));
#6080=CARTESIAN_POINT('',(0.0048224766960131,0.00372856364053039,0.0142079116908178));
#6081=CARTESIAN_POINT('',(0.0049066584797825,0.00367996126501026,0.0142079116908178));
#6082=CARTESIAN_POINT('',(0.00803753676234014,0.00548757468424487,-0.000521712546415129));
#6083=CARTESIAN_POINT('',(0.00734642454465456,0.00508856085932386,0.00272971480193692));
#6084=CARTESIAN_POINT('',(0.00734642454465456,0.00508856085932386,0.00272971480193692));
#6085=CARTESIAN_POINT('',(0.0069827717755847,0.0052985158834379,0.00272971480193692));
#6086=CARTESIAN_POINT('',(0.00661911900651484,0.00550847090755193,0.00272971480193692));
#6087=CARTESIAN_POINT('',(0.00625546623744499,0.00571842593166597,0.00272971480193692));
#6088=CARTESIAN_POINT('',(0.,0.,0.015));
#6089=CARTESIAN_POINT('',(0.00193405005422837,-0.00721797306676162,0.015));
#6090=CARTESIAN_POINT('',(0.000681761860589675,-0.00498973890421788,0.015));
#6091=CARTESIAN_POINT('',(0.00190444636150693,-0.00466212157959905,0.015));
#6092=CARTESIAN_POINT('',(0.00231210550764059,-0.00466212157959905,0.015));
#6093=CARTESIAN_POINT('',(0.00240931025868084,-0.00466212157959905,0.015));
#6094=CARTESIAN_POINT('',(0.00239655284015186,-0.00415095128216653,0.015));
#6095=CARTESIAN_POINT('',(0.00283286059412398,-0.0044175846794156,0.015));
#6096=CARTESIAN_POINT('',(0.00310784898368936,-0.00394129081719682,0.015));
#6097=CARTESIAN_POINT('',(0.00308529254271094,-0.00398035971900937,0.015));
#6098=CARTESIAN_POINT('',(0.00528392301253325,-0.00528392301253326,0.015));
#6099=CARTESIAN_POINT('',(0.00398035971900937,-0.00308529254271095,0.015));
#6100=CARTESIAN_POINT('',(0.0043334028956462,-0.00288146296964411,0.015));
#6101=CARTESIAN_POINT('',(0.0044175846794156,-0.00283286059412398,0.015));
#6102=CARTESIAN_POINT('',(0.00415095128216653,-0.00239655284015187,0.015));
#6103=CARTESIAN_POINT('',(0.00466212157959905,-0.00240931025868085,0.015));
#6104=CARTESIAN_POINT('',(0.00466212157959905,-0.00185933347955007,0.015));
#6105=CARTESIAN_POINT('',(0.00466212157959905,-0.00190444636150692,0.015));
#6106=CARTESIAN_POINT('',(0.00721797306676163,-0.00193405005422836,0.015));
#6107=CARTESIAN_POINT('',(0.00498973890421788,-0.00068176186058966,0.015));
#6108=CARTESIAN_POINT('',(0.0051935684772847,-0.000328718683952856,0.015));
#6109=CARTESIAN_POINT('',(0.00524217085280482,-0.000244536900183457,0.015));
#6110=CARTESIAN_POINT('',(0.00479310568030373,-5.94793790725272E-18,0.015));
#6111=CARTESIAN_POINT('',(0.00524217085280483,0.000244536900183445,0.015));
#6112=CARTESIAN_POINT('',(0.00496718246323946,0.000720830762402205,0.015));
#6113=CARTESIAN_POINT('',(0.00498973890421788,0.000681761860589649,0.015));
#6114=CARTESIAN_POINT('',(0.00721797306676162,0.00193405005422834,0.015));
#6115=CARTESIAN_POINT('',(0.00466212157959905,0.00190444636150691,0.015));
#6116=CARTESIAN_POINT('',(0.00466212157959905,0.0023121055076406,0.015));
#6117=CARTESIAN_POINT('',(0.00466212157959905,0.00240931025868085,0.015));
#6118=CARTESIAN_POINT('',(0.00415095128216653,0.00239655284015187,0.015));
#6119=CARTESIAN_POINT('',(0.0044175846794156,0.00283286059412399,0.015));
#6120=CARTESIAN_POINT('',(0.0039412908171968,0.00310784898368938,0.015));
#6121=CARTESIAN_POINT('',(0.00398035971900935,0.00308529254271096,0.015));
#6122=CARTESIAN_POINT('',(0.00528392301253323,0.00528392301253327,0.015));
#6123=CARTESIAN_POINT('',(0.00308529254271092,0.00398035971900939,0.015));
#6124=CARTESIAN_POINT('',(0.00288146296964411,0.00433340289564618,0.015));
#6125=CARTESIAN_POINT('',(0.00283286059412398,0.00441758467941559,0.015));
#6126=CARTESIAN_POINT('',(0.00239655284015186,0.00415095128216652,0.015));
#6127=CARTESIAN_POINT('',(0.00240931025868084,0.00466212157959904,0.015));
#6128=CARTESIAN_POINT('',(0.00185933347955011,0.00466212157959904,0.015));
#6129=CARTESIAN_POINT('',(0.00190444636150695,0.00466212157959904,0.015));
#6130=CARTESIAN_POINT('',(0.00193405005422839,0.00721797306676161,0.015));
#6131=CARTESIAN_POINT('',(0.000681761860589697,0.00498973890421787,0.015));
#6132=CARTESIAN_POINT('',(0.000328718683952852,0.00519356847728471,0.015));
#6133=CARTESIAN_POINT('',(0.00024453690018345,0.00524217085280484,0.015));
#6134=CARTESIAN_POINT('',(-2.16840434497101E-18,0.00479310568030374,0.015));
#6135=CARTESIAN_POINT('',(-0.000244536900183453,0.00524217085280484,0.015));
#6136=CARTESIAN_POINT('',(-0.000720830762402255,0.00496718246323945,0.015));
#6137=CARTESIAN_POINT('',(-0.0006817618605897,0.00498973890421787,0.015));
#6138=CARTESIAN_POINT('',(-0.0019340500542284,0.00721797306676161,0.015));
#6139=CARTESIAN_POINT('',(-0.00190444636150695,0.00466212157959904,0.015));
#6140=CARTESIAN_POINT('',(-0.0023121055076406,0.00466212157959904,0.015));
#6141=CARTESIAN_POINT('',(-0.00240931025868085,0.00466212157959904,0.015));
#6142=CARTESIAN_POINT('',(-0.00239655284015188,0.00415095128216652,0.015));
#6143=CARTESIAN_POINT('',(-0.00283286059412399,0.00441758467941559,0.015));
#6144=CARTESIAN_POINT('',(-0.00310784898368936,0.00394129081719682,0.015));
#6145=CARTESIAN_POINT('',(-0.00308529254271095,0.00398035971900938,0.015));
#6146=CARTESIAN_POINT('',(-0.00528392301253325,0.00528392301253326,0.015));
#6147=CARTESIAN_POINT('',(-0.00398035971900937,0.00308529254271096,0.015));
#6148=CARTESIAN_POINT('',(-0.0043334028956462,0.00288146296964412,0.015));
#6149=CARTESIAN_POINT('',(-0.0044175846794156,0.00283286059412399,0.015));
#6150=CARTESIAN_POINT('',(-0.00415095128216653,0.00239655284015187,0.015));
#6151=CARTESIAN_POINT('',(-0.00466212157959905,0.00240931025868085,0.015));
#6152=CARTESIAN_POINT('',(-0.00466212157959905,0.00185933347955008,0.015));
#6153=CARTESIAN_POINT('',(-0.00466212157959905,0.00190444636150693,0.015));
#6154=CARTESIAN_POINT('',(-0.00721797306676162,0.00193405005422837,0.015));
#6155=CARTESIAN_POINT('',(-0.00498973890421788,0.000681761860589674,0.015));
#6156=CARTESIAN_POINT('',(-0.0051935684772847,0.000328718683952862,0.015));
#6157=CARTESIAN_POINT('',(-0.00524217085280483,0.000244536900183462,0.015));
#6158=CARTESIAN_POINT('',(-0.00479310568030374,1.23519640832726E-17,0.015));
#6159=CARTESIAN_POINT('',(-0.00524217085280483,-0.000244536900183439,0.015));
#6160=CARTESIAN_POINT('',(-0.00496718246323946,-0.000720830762402209,0.015));
#6161=CARTESIAN_POINT('',(-0.00498973890421788,-0.000681761860589656,0.015));
#6162=CARTESIAN_POINT('',(-0.00721797306676162,-0.00193405005422835,0.015));
#6163=CARTESIAN_POINT('',(-0.00466212157959905,-0.00190444636150691,0.015));
#6164=CARTESIAN_POINT('',(-0.00466212157959905,-0.0023121055076406,0.015));
#6165=CARTESIAN_POINT('',(-0.00466212157959905,-0.00240931025868085,0.015));
#6166=CARTESIAN_POINT('',(-0.00415095128216653,-0.00239655284015187,0.015));
#6167=CARTESIAN_POINT('',(-0.0044175846794156,-0.00283286059412398,0.015));
#6168=CARTESIAN_POINT('',(-0.00394129081719681,-0.00310784898368938,0.015));
#6169=CARTESIAN_POINT('',(-0.00398035971900937,-0.00308529254271095,0.015));
#6170=CARTESIAN_POINT('',(-0.00528392301253324,-0.00528392301253326,0.015));
#6171=CARTESIAN_POINT('',(-0.00308529254271094,-0.00398035971900938,0.015));
#6172=CARTESIAN_POINT('',(-0.00288146296964411,-0.0043334028956462,0.015));
#6173=CARTESIAN_POINT('',(-0.00283286059412398,-0.0044175846794156,0.015));
#6174=CARTESIAN_POINT('',(-0.00239655284015186,-0.00415095128216653,0.015));
#6175=CARTESIAN_POINT('',(-0.00240931025868084,-0.00466212157959905,0.015));
#6176=CARTESIAN_POINT('',(-0.00185933347955008,-0.00466212157959905,0.015));
#6177=CARTESIAN_POINT('',(-0.00190444636150693,-0.00466212157959905,0.015));
#6178=CARTESIAN_POINT('',(-0.00193405005422837,-0.00721797306676163,0.015));
#6179=CARTESIAN_POINT('',(-0.000681761860589671,-0.00498973890421788,0.015));
#6180=CARTESIAN_POINT('',(-0.000328718683952853,-0.00519356847728471,0.015));
#6181=CARTESIAN_POINT('',(-0.000244536900183454,-0.00524217085280484,0.015));
#6182=CARTESIAN_POINT('',(-3.46944695195361E-18,-0.00479310568030374,0.015));
#6183=CARTESIAN_POINT('',(0.000244536900183447,-0.00524217085280484,0.015));
#6184=CARTESIAN_POINT('',(0.000720830762402231,-0.00496718246323946,0.015));
#6185=CARTESIAN_POINT('',(0.0100538767739615,-0.00269392816238498,0.000658122031526086));
#6186=CARTESIAN_POINT('',(0.00721797306676163,-0.00193405005422836,0.014));
#6187=CARTESIAN_POINT('',(0.00808003524520491,-0.00255817970831024,0.00272971480193691));
#6188=CARTESIAN_POINT('',(0.00808299523459829,-0.00230262735664111,0.00271578914671308));
#6189=CARTESIAN_POINT('',(0.00815139289015124,-0.00204736383099891,0.00271578914671308));
#6190=CARTESIAN_POINT('',(0.00827660563997621,-0.00182456900775989,0.00272971480193691));
#6191=CARTESIAN_POINT('',(0.00845287766702887,-5.20417042793042E-18,-0.000911115835054565));
#6192=CARTESIAN_POINT('',(0.00479310568030373,-5.94793790725272E-18,0.014));
#6193=CARTESIAN_POINT('',(0.00890647071231829,-0.000733610700550353,0.00272971480193691));
#6194=CARTESIAN_POINT('',(0.00917649110562524,-0.000287870777189878,0.00267808356375153));
#6195=CARTESIAN_POINT('',(0.0091764911056252,0.000287870777189947,0.00267808356375152));
#6196=CARTESIAN_POINT('',(0.00890647071231829,0.000733610700550351,0.00272971480193691));
#6197=CARTESIAN_POINT('',(0.010009539704353,0.00268204808038863,0.000866711544171891));
#6198=CARTESIAN_POINT('',(0.00721797306676162,0.00193405005422834,0.014));
#6199=CARTESIAN_POINT('',(0.00827660563997621,0.00182456900775988,0.00272971480193691));
#6200=CARTESIAN_POINT('',(0.00815139289015124,0.0020473638309989,0.00271578914671308));
#6201=CARTESIAN_POINT('',(0.00808299523459829,0.0023026273566411,0.00271578914671309));
#6202=CARTESIAN_POINT('',(0.00808003524520491,0.00255817970831024,0.00272971480193692));
#6203=CARTESIAN_POINT('',(0.00730392606178979,0.00421692367791546,-0.000833580082641768));
#6204=CARTESIAN_POINT('',(0.00415095128216653,0.00239655284015187,0.014));
#6205=CARTESIAN_POINT('',(0.00808003524520491,0.00381790985299444,0.00272971480193691));
#6206=CARTESIAN_POINT('',(0.00809100980366833,0.00433894214676096,0.00267808356375166));
#6207=CARTESIAN_POINT('',(0.00780313902647679,0.00483754895886729,0.0026780835637512));
#6208=CARTESIAN_POINT('',(0.00734642454465456,0.00508856085932386,0.00272971480193691));
#6209=CARTESIAN_POINT('',(0.00731202174377772,0.00731202174377775,0.00096613096064355));
#6210=CARTESIAN_POINT('',(0.00528392301253323,0.00528392301253327,0.014));
#6211=CARTESIAN_POINT('',(0.00625546623744498,0.00571842593166596,0.00272971480193691));
#6212=CARTESIAN_POINT('',(0.00603563140359935,0.00584876553351013,0.00271578914671308));
#6213=CARTESIAN_POINT('',(0.00584876553351009,0.00603563140359938,0.00271578914671308));
#6214=CARTESIAN_POINT('',(0.00571842593166593,0.00625546623744502,0.00272971480193691));
#6215=CARTESIAN_POINT('',(0.00417444705643775,0.00723035439525652,-0.000487452605064879));
#6216=CARTESIAN_POINT('',(0.00239655284015186,0.00415095128216652,0.014));
#6217=CARTESIAN_POINT('',(0.00508856085932385,0.00734642454465455,0.00272971480193691));
#6218=CARTESIAN_POINT('',(0.0048375489588653,0.00780313902648,0.00267808356375173));
#6219=CARTESIAN_POINT('',(0.00433894214675716,0.0080910098036684,0.0026780835637513));
#6220=CARTESIAN_POINT('',(0.00381790985299444,0.0080800352452049,0.00272971480193691));
#6221=CARTESIAN_POINT('',(0.00267845828219837,0.00999614239511789,0.000929740928585497));
#6222=CARTESIAN_POINT('',(0.00193405005422839,0.00721797306676161,0.014));
#6223=CARTESIAN_POINT('',(0.00255817970831028,0.0080800352452049,0.00272971480193691));
#6224=CARTESIAN_POINT('',(0.00230262735664115,0.00808299523459828,0.00271578914671308));
#6225=CARTESIAN_POINT('',(0.00204736383099894,0.00815139289015123,0.00271578914671308));
#6226=CARTESIAN_POINT('',(0.00182456900775992,0.0082766056399762,0.00272971480193691));
#6227=CARTESIAN_POINT('',(-2.16840434497101E-18,0.00822078109100695,3.4522019581154E-5));
#6228=CARTESIAN_POINT('',(-2.16840434497101E-18,0.00479310568030374,0.014));
#6229=CARTESIAN_POINT('',(0.000733610700550356,0.0089064707123183,0.00272971480193691));
#6230=CARTESIAN_POINT('',(0.000277910191438274,0.00918252503065922,0.0026769298026716));
#6231=CARTESIAN_POINT('',(-0.000277910191437563,0.00918252503065961,0.0026769298026717));
#6232=CARTESIAN_POINT('',(-0.000733610700550357,0.00890647071231831,0.00272971480193691));
#6233=CARTESIAN_POINT('',(-0.00268771044953049,0.0100306719536815,0.000767292127700238));
#6234=CARTESIAN_POINT('',(-0.0019340500542284,0.00721797306676161,0.014));
#6235=CARTESIAN_POINT('',(-0.00182456900775993,0.00827660563997619,0.00272971480193691));
#6236=CARTESIAN_POINT('',(-0.00204736383099895,0.00815139289015123,0.00271578914671308));
#6237=CARTESIAN_POINT('',(-0.00230262735664115,0.00808299523459828,0.00271578914671308));
#6238=CARTESIAN_POINT('',(-0.00255817970831028,0.0080800352452049,0.00272971480193691));
#6239=CARTESIAN_POINT('',(-0.00404191803548742,0.00700080739749319,0.000592481112152883));
#6240=CARTESIAN_POINT('',(-0.00239655284015188,0.00415095128216652,0.014));
#6241=CARTESIAN_POINT('',(-0.00381790985299444,0.00808003524520491,0.00272971480193692));
#6242=CARTESIAN_POINT('',(-0.00433894214675847,0.00809100980366844,0.00267808356375117));
#6243=CARTESIAN_POINT('',(-0.00483754895886601,0.00780313902647898,0.0026780835637513));
#6244=CARTESIAN_POINT('',(-0.00508856085932386,0.00734642454465455,0.00272971480193691));
#6245=CARTESIAN_POINT('',(-0.00738108086090492,0.00738108086090493,0.000522312582996376));
#6246=CARTESIAN_POINT('',(-0.00528392301253325,0.00528392301253326,0.014));
#6247=CARTESIAN_POINT('',(-0.00571842593166595,0.00625546623744502,0.00272971480193691));
#6248=CARTESIAN_POINT('',(-0.00584876553351012,0.00603563140359938,0.00271578914671308));
#6249=CARTESIAN_POINT('',(-0.00603563140359937,0.00584876553351013,0.00271578914671309));
#6250=CARTESIAN_POINT('',(-0.00625546623744501,0.00571842593166596,0.00272971480193692));
#6251=CARTESIAN_POINT('',(-0.0069063389989388,0.00398737668015213,0.00103691998438612));
#6252=CARTESIAN_POINT('',(-0.00415095128216653,0.00239655284015187,0.014));
#6253=CARTESIAN_POINT('',(-0.00734642454465456,0.00508856085932386,0.00272971480193691));
#6254=CARTESIAN_POINT('',(-0.00780313902647674,0.00483754895886717,0.00267808356375186));
#6255=CARTESIAN_POINT('',(-0.0080910098036682,0.00433894214676079,0.0026780835637523));
#6256=CARTESIAN_POINT('',(-0.00808003524520492,0.00381790985299445,0.00272971480193691));
#6257=CARTESIAN_POINT('',(-0.0101384057712753,0.00271657763895224,0.000260444365639462));
#6258=CARTESIAN_POINT('',(-0.00721797306676162,0.00193405005422837,0.014));
#6259=CARTESIAN_POINT('',(-0.00808003524520491,0.00255817970831026,0.00272971480193692));
#6260=CARTESIAN_POINT('',(-0.00808299523459829,0.00230262735664112,0.00271578914671309));
#6261=CARTESIAN_POINT('',(-0.00815139289015124,0.00204736383099891,0.00271578914671309));
#6262=CARTESIAN_POINT('',(-0.00827660563997621,0.00182456900775989,0.00272971480193692));
#6263=CARTESIAN_POINT('',(-0.00792276158322755,1.21430643318376E-17,0.00124875159938096));
#6264=CARTESIAN_POINT('',(-0.00479310568030374,1.23519640832726E-17,0.014));
#6265=CARTESIAN_POINT('',(-0.00890647071231829,0.000733610700550371,0.00272971480193691));
#6266=CARTESIAN_POINT('',(-0.00918252503065913,0.000277910191438441,0.00267692980267158));
#6267=CARTESIAN_POINT('',(-0.00918252503065978,-0.00027791019143722,0.00267692980267174));
#6268=CARTESIAN_POINT('',(-0.00890647071231829,-0.000733610700550342,0.00272971480193691));
#6269=CARTESIAN_POINT('',(-0.0101827428408837,-0.00272845772094856,5.18548529936526E-5));
#6270=CARTESIAN_POINT('',(-0.00721797306676162,-0.00193405005422835,0.014));
#6271=CARTESIAN_POINT('',(-0.00827660563997621,-0.00182456900775989,0.00272971480193692));
#6272=CARTESIAN_POINT('',(-0.00815139289015124,-0.0020473638309989,0.00271578914671309));
#6273=CARTESIAN_POINT('',(-0.00808299523459829,-0.0023026273566411,0.00271578914671309));
#6274=CARTESIAN_POINT('',(-0.00808003524520491,-0.00255817970831024,0.00272971480193691));
#6275=CARTESIAN_POINT('',(-0.00687779353214185,-0.00397089594721277,0.00117121584696817));
#6276=CARTESIAN_POINT('',(-0.00415095128216653,-0.00239655284015187,0.014));
#6277=CARTESIAN_POINT('',(-0.00808003524520491,-0.00381790985299444,0.00272971480193691));
#6278=CARTESIAN_POINT('',(-0.00809100980366832,-0.00433894214675928,0.00267808356375175));
#6279=CARTESIAN_POINT('',(-0.00780313902647814,-0.0048375489588664,0.00267808356375167));
#6280=CARTESIAN_POINT('',(-0.00734642454465456,-0.00508856085932386,0.00272971480193691));
#6281=CARTESIAN_POINT('',(-0.00746975500012175,-0.00746975500012176,-4.7564563478001E-5));
#6282=CARTESIAN_POINT('',(-0.00528392301253324,-0.00528392301253326,0.014));
#6283=CARTESIAN_POINT('',(-0.006255466237445,-0.00571842593166596,0.00272971480193691));
#6284=CARTESIAN_POINT('',(-0.00603563140359937,-0.00584876553351012,0.00271578914671308));
#6285=CARTESIAN_POINT('',(-0.00584876553351011,-0.00603563140359937,0.00271578914671308));
#6286=CARTESIAN_POINT('',(-0.00571842593166595,-0.00625546623744501,0.00272971480193691));
#6287=CARTESIAN_POINT('',(-0.00401337256869046,-0.00695136519867511,0.000825088369391275));
#6288=CARTESIAN_POINT('',(-0.00239655284015186,-0.00415095128216653,0.014));
#6289=CARTESIAN_POINT('',(-0.00508856085932384,-0.00734642454465456,0.00272971480193691));
#6290=CARTESIAN_POINT('',(-0.004837548958866,-0.007803139026479,0.00267808356375121));
#6291=CARTESIAN_POINT('',(-0.00433894214675848,-0.00809100980366846,0.00267808356375108));
#6292=CARTESIAN_POINT('',(-0.00381790985299444,-0.00808003524520491,0.00272971480193691));
#6293=CARTESIAN_POINT('',(-0.00273204751913888,-0.0101961401501188,-1.11745314199505E-5));
#6294=CARTESIAN_POINT('',(-0.00193405005422837,-0.00721797306676163,0.014));
#6295=CARTESIAN_POINT('',(-0.00255817970831026,-0.0080800352452049,0.00272971480193691));
#6296=CARTESIAN_POINT('',(-0.00230262735664112,-0.00808299523459828,0.00271578914671308));
#6297=CARTESIAN_POINT('',(-0.00204736383099891,-0.00815139289015123,0.00271578914671308));
#6298=CARTESIAN_POINT('',(-0.0018245690077599,-0.0082766056399762,0.00272971480193691));
#6299=CARTESIAN_POINT('',(-3.46944695195361E-18,-0.0081548581592495,0.000303113744745245));
#6300=CARTESIAN_POINT('',(-3.46944695195361E-18,-0.00479310568030374,0.014));
#6301=CARTESIAN_POINT('',(-0.000733610700550365,-0.0089064707123183,0.00272971480193691));
#6302=CARTESIAN_POINT('',(-0.000287870777189961,-0.0091764911056251,0.00267808356375202));
#6303=CARTESIAN_POINT('',(0.00028787077718987,-0.00917649110562514,0.00267808356375203));
#6304=CARTESIAN_POINT('',(0.000733610700550353,-0.0089064707123183,0.00272971480193691));
#6305=CARTESIAN_POINT('',(0.00272279535180676,-0.0101616105915552,0.000151274269465309));
#6306=CARTESIAN_POINT('',(0.00193405005422837,-0.00721797306676162,0.014));
#6307=CARTESIAN_POINT('',(0.00182456900775991,-0.0082766056399762,0.00272971480193691));
#6308=CARTESIAN_POINT('',(0.00204736383099892,-0.00815139289015124,0.00271578914671309));
#6309=CARTESIAN_POINT('',(0.00230262735664112,-0.00808299523459829,0.00271578914671309));
#6310=CARTESIAN_POINT('',(0.00255817970831025,-0.00808003524520491,0.00272971480193691));
#6311=CARTESIAN_POINT('',(0.00740069588299457,-0.00740069588299458,0.000396253814169169));
#6312=CARTESIAN_POINT('',(0.00528392301253325,-0.00528392301253326,0.014));
#6313=CARTESIAN_POINT('',(0.00571842593166594,-0.006255466237445,0.00272971480193691));
#6314=CARTESIAN_POINT('',(0.00584876553351011,-0.00603563140359937,0.00271578914671309));
#6315=CARTESIAN_POINT('',(0.00603563140359936,-0.00584876553351012,0.00271578914671309));
#6316=CARTESIAN_POINT('',(0.00625546623744499,-0.00571842593166595,0.00272971480193691));
#6317=CARTESIAN_POINT('',(0.00414590158964079,-0.00718091219643844,-0.000254845347826487));
#6318=CARTESIAN_POINT('',(0.00239655284015186,-0.00415095128216653,0.014));
#6319=CARTESIAN_POINT('',(0.00381790985299444,-0.00808003524520491,0.00272971480193692));
#6320=CARTESIAN_POINT('',(0.00433894214675811,-0.00809100980366841,0.00267808356375129));
#6321=CARTESIAN_POINT('',(0.0048375489588658,-0.00780313902647923,0.0026780835637515));
#6322=CARTESIAN_POINT('',(0.00508856085932385,-0.00734642454465456,0.00272971480193691));
#6323=CARTESIAN_POINT('',(0.00727538059499285,-0.0042004429449761,-0.000699284220059723));
#6324=CARTESIAN_POINT('',(0.00415095128216653,-0.00239655284015187,0.014));
#6325=CARTESIAN_POINT('',(0.00734642454465456,-0.00508856085932386,0.00272971480193691));
#6326=CARTESIAN_POINT('',(0.00780313902647818,-0.00483754895886617,0.00267808356375253));
#6327=CARTESIAN_POINT('',(0.00809100980366816,-0.00433894214675893,0.00267808356375254));
#6328=CARTESIAN_POINT('',(0.00808003524520492,-0.00381790985299444,0.00272971480193691));
#6329=CARTESIAN_POINT('',(0.,0.,0.));
#6330=CARTESIAN_POINT('',(-0.0114001131730661,-0.000821036952345712,0.));
#6331=CARTESIAN_POINT('',(-0.0112133311277228,-0.00114455294482198,0.));
#6332=CARTESIAN_POINT('',(-0.0110265490823795,-0.00146806893729824,0.));
#6333=CARTESIAN_POINT('',(-0.0108397670370362,-0.00179158492977451,0.));
#6334=CARTESIAN_POINT('',(-0.0114001131730661,-0.000821036952345712,0.));
#6335=CARTESIAN_POINT('',(-0.0108397670370362,-0.00179158492977451,0.));
#6336=CARTESIAN_POINT('',(-0.0108397670370362,-0.00179158492977451,0.));
#6337=CARTESIAN_POINT('',(-0.0104687930723892,-0.00243413068483561,0.));
#6338=CARTESIAN_POINT('',(-0.0102833060900657,-0.00312637752700944,0.));
#6339=CARTESIAN_POINT('',(-0.0102833060900657,-0.00386832545629601,0.));
#6340=CARTESIAN_POINT('',(-0.0102833060900657,-0.00386832545629601,0.));
#6341=CARTESIAN_POINT('',(-0.0102833060900657,-0.00386832545629601,0.));
#6342=CARTESIAN_POINT('',(-0.0102833060900657,-0.00424188954698265,0.));
#6343=CARTESIAN_POINT('',(-0.0102833060900657,-0.00461545363766929,0.));
#6344=CARTESIAN_POINT('',(-0.0102833060900657,-0.00498901772835593,0.));
#6345=CARTESIAN_POINT('',(-0.0102833060900657,-0.00498901772835593,0.));
#6346=CARTESIAN_POINT('',(-0.0102833060900657,-0.00498901772835593,0.));
#6347=CARTESIAN_POINT('',(-0.0102833060900657,-0.00557877001429248,0.));
#6348=CARTESIAN_POINT('',(-0.00997366212617888,-0.00611584256512755,0.));
#6349=CARTESIAN_POINT('',(-0.00946226913772004,-0.0064110954447102,0.));
#6350=CARTESIAN_POINT('',(-0.00946226913772004,-0.0064110954447102,0.));
#6351=CARTESIAN_POINT('',(-0.00946226913772004,-0.0064110954447102,0.));
#6352=CARTESIAN_POINT('',(-0.00913875314524377,-0.00659787749005352,0.));
#6353=CARTESIAN_POINT('',(-0.00881523715276751,-0.00678465953539685,0.));
#6354=CARTESIAN_POINT('',(-0.00849172116029124,-0.00697144158074017,0.));
#6355=CARTESIAN_POINT('',(-0.00849172116029124,-0.00697144158074017,0.));
#6356=CARTESIAN_POINT('',(-0.00849172116029124,-0.00697144158074017,0.));
#6357=CARTESIAN_POINT('',(-0.00784917540523771,-0.00734241554539128,0.));
#6358=CARTESIAN_POINT('',(-0.00734241554538735,-0.00784917540524163,0.));
#6359=CARTESIAN_POINT('',(-0.00697144158074016,-0.00849172116029124,0.));
#6360=CARTESIAN_POINT('',(-0.00697144158074016,-0.00849172116029124,0.));
#6361=CARTESIAN_POINT('',(-0.00697144158074016,-0.00849172116029124,0.));
#6362=CARTESIAN_POINT('',(-0.00678465953539684,-0.00881523715276751,0.));
#6363=CARTESIAN_POINT('',(-0.00659787749005352,-0.00913875314524377,0.));
#6364=CARTESIAN_POINT('',(-0.0064110954447102,-0.00946226913772004,0.));
#6365=CARTESIAN_POINT('',(-0.0064110954447102,-0.00946226913772004,0.));
#6366=CARTESIAN_POINT('',(-0.0064110954447102,-0.00946226913772004,0.));
#6367=CARTESIAN_POINT('',(-0.00611621930169108,-0.00997300959931013,0.));
#6368=CARTESIAN_POINT('',(-0.00557952348741901,-0.0102833060900657,0.));
#6369=CARTESIAN_POINT('',(-0.00498901772835593,-0.0102833060900657,0.));
#6370=CARTESIAN_POINT('',(-0.00498901772835593,-0.0102833060900657,0.));
#6371=CARTESIAN_POINT('',(-0.00498901772835593,-0.0102833060900657,0.));
#6372=CARTESIAN_POINT('',(-0.00461545363766929,-0.0102833060900657,0.));
#6373=CARTESIAN_POINT('',(-0.00424188954698265,-0.0102833060900657,0.));
#6374=CARTESIAN_POINT('',(-0.00386832545629601,-0.0102833060900657,0.));
#6375=CARTESIAN_POINT('',(-0.00386832545629601,-0.0102833060900657,0.));
#6376=CARTESIAN_POINT('',(-0.00386832545629601,-0.0102833060900657,0.));
#6377=CARTESIAN_POINT('',(-0.00312637752700768,-0.0102833060900657,0.));
#6378=CARTESIAN_POINT('',(-0.00243413068483385,-0.0104687930723892,0.));
#6379=CARTESIAN_POINT('',(-0.00179158492977451,-0.0108397670370362,0.));
#6380=CARTESIAN_POINT('',(-0.00179158492977451,-0.0108397670370362,0.));
#6381=CARTESIAN_POINT('',(-0.00179158492977451,-0.0108397670370362,0.));
#6382=CARTESIAN_POINT('',(-0.00146806893729825,-0.0110265490823795,0.));
#6383=CARTESIAN_POINT('',(-0.00114455294482198,-0.0112133311277228,0.));
#6384=CARTESIAN_POINT('',(-0.000821036952345707,-0.0114001131730661,0.));
#6385=CARTESIAN_POINT('',(-0.000821036952345708,-0.0114001131730661,0.));
#6386=CARTESIAN_POINT('',(-0.000821036952345708,-0.0114001131730661,0.));
#6387=CARTESIAN_POINT('',(-0.000310296490723714,-0.0116949893160354,0.));
#6388=CARTESIAN_POINT('',(0.00030964396385812,-0.0116953660525964,0.));
#6389=CARTESIAN_POINT('',(0.000821036952345707,-0.0114001131730661,0.));
#6390=CARTESIAN_POINT('',(0.000821036952345709,-0.0114001131730661,0.));
#6391=CARTESIAN_POINT('',(0.000821036952345709,-0.0114001131730661,0.));
#6392=CARTESIAN_POINT('',(0.00114455294482197,-0.0112133311277228,0.));
#6393=CARTESIAN_POINT('',(0.00146806893729824,-0.0110265490823795,0.));
#6394=CARTESIAN_POINT('',(0.0017915849297745,-0.0108397670370362,0.));
#6395=CARTESIAN_POINT('',(0.0017915849297745,-0.0108397670370362,0.));
#6396=CARTESIAN_POINT('',(0.0017915849297745,-0.0108397670370362,0.));
#6397=CARTESIAN_POINT('',(0.00243413068483625,-0.0104687930723892,0.));
#6398=CARTESIAN_POINT('',(0.00312637752701008,-0.0102833060900657,0.));
#6399=CARTESIAN_POINT('',(0.003868325456296,-0.0102833060900657,0.));
#6400=CARTESIAN_POINT('',(0.003868325456296,-0.0102833060900657,0.));
#6401=CARTESIAN_POINT('',(0.003868325456296,-0.0102833060900657,0.));
#6402=CARTESIAN_POINT('',(0.00424188954698264,-0.0102833060900657,0.));
#6403=CARTESIAN_POINT('',(0.00461545363766928,-0.0102833060900657,0.));
#6404=CARTESIAN_POINT('',(0.00498901772835593,-0.0102833060900657,0.));
#6405=CARTESIAN_POINT('',(0.00498901772835593,-0.0102833060900657,0.));
#6406=CARTESIAN_POINT('',(0.00498901772835593,-0.0102833060900657,0.));
#6407=CARTESIAN_POINT('',(0.00557877001429418,-0.0102833060900657,0.));
#6408=CARTESIAN_POINT('',(0.00611584256512724,-0.00997366212617808,0.));
#6409=CARTESIAN_POINT('',(0.0064110954447102,-0.00946226913772004,0.));
#6410=CARTESIAN_POINT('',(0.0064110954447102,-0.00946226913772004,0.));
#6411=CARTESIAN_POINT('',(0.0064110954447102,-0.00946226913772004,0.));
#6412=CARTESIAN_POINT('',(0.00659787749005352,-0.00913875314524377,0.));
#6413=CARTESIAN_POINT('',(0.00678465953539685,-0.0088152371527675,0.));
#6414=CARTESIAN_POINT('',(0.00697144158074017,-0.00849172116029123,0.));
#6415=CARTESIAN_POINT('',(0.00697144158074017,-0.00849172116029123,0.));
#6416=CARTESIAN_POINT('',(0.00697144158074017,-0.00849172116029123,0.));
#6417=CARTESIAN_POINT('',(0.00734241554538964,-0.00784917540523998,0.));
#6418=CARTESIAN_POINT('',(0.00784917540523999,-0.00734241554538963,0.));
#6419=CARTESIAN_POINT('',(0.00849172116029124,-0.00697144158074016,0.));
#6420=CARTESIAN_POINT('',(0.00849172116029124,-0.00697144158074016,0.));
#6421=CARTESIAN_POINT('',(0.00849172116029124,-0.00697144158074016,0.));
#6422=CARTESIAN_POINT('',(0.0088152371527675,-0.00678465953539684,0.));
#6423=CARTESIAN_POINT('',(0.00913875314524377,-0.00659787749005353,0.));
#6424=CARTESIAN_POINT('',(0.00946226913772003,-0.00641109544471021,0.));
#6425=CARTESIAN_POINT('',(0.00946226913772003,-0.0064110954447102,0.));
#6426=CARTESIAN_POINT('',(0.00946226913772003,-0.0064110954447102,0.));
#6427=CARTESIAN_POINT('',(0.00997300959931186,-0.00611621930168979,0.));
#6428=CARTESIAN_POINT('',(0.0102833060900657,-0.0055795234874173,0.));
#6429=CARTESIAN_POINT('',(0.0102833060900657,-0.00498901772835593,0.));
#6430=CARTESIAN_POINT('',(0.0102833060900657,-0.00498901772835592,0.));
#6431=CARTESIAN_POINT('',(0.0102833060900657,-0.00498901772835592,0.));
#6432=CARTESIAN_POINT('',(0.0102833060900657,-0.00461545363766928,0.));
#6433=CARTESIAN_POINT('',(0.0102833060900657,-0.00424188954698264,0.));
#6434=CARTESIAN_POINT('',(0.0102833060900657,-0.003868325456296,0.));
#6435=CARTESIAN_POINT('',(0.0102833060900657,-0.00386832545629601,0.));
#6436=CARTESIAN_POINT('',(0.0102833060900657,-0.00386832545629601,0.));
#6437=CARTESIAN_POINT('',(0.0102833060900657,-0.00312637752700769,0.));
#6438=CARTESIAN_POINT('',(0.0104687930723892,-0.00243413068483385,0.));
#6439=CARTESIAN_POINT('',(0.0108397670370362,-0.0017915849297745,0.));
#6440=CARTESIAN_POINT('',(0.0108397670370362,-0.00179158492977451,0.));
#6441=CARTESIAN_POINT('',(0.0108397670370362,-0.00179158492977451,0.));
#6442=CARTESIAN_POINT('',(0.0110265490823795,-0.00146806893729824,0.));
#6443=CARTESIAN_POINT('',(0.0112133311277228,-0.00114455294482198,0.));
#6444=CARTESIAN_POINT('',(0.0114001131730661,-0.000821036952345712,0.));
#6445=CARTESIAN_POINT('',(0.0114001131730661,-0.000821036952345712,0.));
#6446=CARTESIAN_POINT('',(0.0114001131730661,-0.000821036952345714,0.));
#6447=CARTESIAN_POINT('',(0.0116949893160354,-0.000310296490723623,0.));
#6448=CARTESIAN_POINT('',(0.0116953660525964,0.00030964396385802,0.));
#6449=CARTESIAN_POINT('',(0.0114001131730661,0.0008210369523457,0.));
#6450=CARTESIAN_POINT('',(0.0114001131730661,0.0008210369523457,0.));
#6451=CARTESIAN_POINT('',(0.0114001131730661,0.0008210369523457,0.));
#6452=CARTESIAN_POINT('',(0.0112133311277228,0.00114455294482197,0.));
#6453=CARTESIAN_POINT('',(0.0110265490823795,0.00146806893729824,0.));
#6454=CARTESIAN_POINT('',(0.0108397670370362,0.0017915849297745,0.));
#6455=CARTESIAN_POINT('',(0.0108397670370362,0.0017915849297745,0.));
#6456=CARTESIAN_POINT('',(0.0108397670370362,0.0017915849297745,0.));
#6457=CARTESIAN_POINT('',(0.0104687930723892,0.00243413068483114,0.));
#6458=CARTESIAN_POINT('',(0.0102833060900657,0.00312637752700498,0.));
#6459=CARTESIAN_POINT('',(0.0102833060900657,0.00386832545629601,0.));
#6460=CARTESIAN_POINT('',(0.0102833060900657,0.00386832545629601,0.));
#6461=CARTESIAN_POINT('',(0.0102833060900657,0.00386832545629601,0.));
#6462=CARTESIAN_POINT('',(0.0102833060900657,0.00424188954698265,0.));
#6463=CARTESIAN_POINT('',(0.0102833060900657,0.0046154536376693,0.));
#6464=CARTESIAN_POINT('',(0.0102833060900657,0.00498901772835594,0.));
#6465=CARTESIAN_POINT('',(0.0102833060900657,0.00498901772835594,0.));
#6466=CARTESIAN_POINT('',(0.0102833060900657,0.00498901772835593,0.));
#6467=CARTESIAN_POINT('',(0.0102833060900657,0.00557877001429297,0.));
#6468=CARTESIAN_POINT('',(0.00997366212617809,0.00611584256512841,0.));
#6469=CARTESIAN_POINT('',(0.00946226913772004,0.0064110954447102,0.));
#6470=CARTESIAN_POINT('',(0.00946226913772004,0.0064110954447102,0.));
#6471=CARTESIAN_POINT('',(0.00946226913772004,0.0064110954447102,0.));
#6472=CARTESIAN_POINT('',(0.00913875314524377,0.00659787749005352,0.));
#6473=CARTESIAN_POINT('',(0.00881523715276751,0.00678465953539684,0.));
#6474=CARTESIAN_POINT('',(0.00849172116029124,0.00697144158074016,0.));
#6475=CARTESIAN_POINT('',(0.00849172116029124,0.00697144158074016,0.));
#6476=CARTESIAN_POINT('',(0.00849172116029124,0.00697144158074016,0.));
#6477=CARTESIAN_POINT('',(0.00784917540524072,0.00734241554538772,0.));
#6478=CARTESIAN_POINT('',(0.00734241554539036,0.00784917540523808,0.));
#6479=CARTESIAN_POINT('',(0.00697144158074017,0.00849172116029123,0.));
#6480=CARTESIAN_POINT('',(0.00697144158074017,0.00849172116029123,0.));
#6481=CARTESIAN_POINT('',(0.00697144158074017,0.00849172116029124,0.));
#6482=CARTESIAN_POINT('',(0.00678465953539685,0.0088152371527675,0.));
#6483=CARTESIAN_POINT('',(0.00659787749005352,0.00913875314524377,0.));
#6484=CARTESIAN_POINT('',(0.0064110954447102,0.00946226913772003,0.));
#6485=CARTESIAN_POINT('',(0.0064110954447102,0.00946226913772003,0.));
#6486=CARTESIAN_POINT('',(0.0064110954447102,0.00946226913772003,0.));
#6487=CARTESIAN_POINT('',(0.00611621930169039,0.00997300959931082,0.));
#6488=CARTESIAN_POINT('',(0.00557952348741852,0.0102833060900657,0.));
#6489=CARTESIAN_POINT('',(0.00498901772835593,0.0102833060900657,0.));
#6490=CARTESIAN_POINT('',(0.00498901772835593,0.0102833060900657,0.));
#6491=CARTESIAN_POINT('',(0.00498901772835593,0.0102833060900657,0.));
#6492=CARTESIAN_POINT('',(0.00461545363766929,0.0102833060900657,0.));
#6493=CARTESIAN_POINT('',(0.00424188954698264,0.0102833060900657,0.));
#6494=CARTESIAN_POINT('',(0.003868325456296,0.0102833060900657,0.));
#6495=CARTESIAN_POINT('',(0.003868325456296,0.0102833060900657,0.));
#6496=CARTESIAN_POINT('',(0.003868325456296,0.0102833060900657,0.));
#6497=CARTESIAN_POINT('',(0.00312637752700498,0.0102833060900657,0.));
#6498=CARTESIAN_POINT('',(0.00243413068483114,0.0104687930723892,0.));
#6499=CARTESIAN_POINT('',(0.0017915849297745,0.0108397670370362,0.));
#6500=CARTESIAN_POINT('',(0.0017915849297745,0.0108397670370362,0.));
#6501=CARTESIAN_POINT('',(0.0017915849297745,0.0108397670370362,0.));
#6502=CARTESIAN_POINT('',(0.00146806893729824,0.0110265490823795,0.));
#6503=CARTESIAN_POINT('',(0.00114455294482197,0.0112133311277228,0.));
#6504=CARTESIAN_POINT('',(0.000821036952345702,0.0114001131730661,0.));
#6505=CARTESIAN_POINT('',(0.000821036952345702,0.0114001131730661,0.));
#6506=CARTESIAN_POINT('',(0.000821036952345705,0.0114001131730661,0.));
#6507=CARTESIAN_POINT('',(0.000310296490723705,0.0116949893160354,0.));
#6508=CARTESIAN_POINT('',(-0.00030964396385888,0.0116953660525964,0.));
#6509=CARTESIAN_POINT('',(-0.000821036952345709,0.0114001131730661,0.));
#6510=CARTESIAN_POINT('',(-0.000821036952345709,0.0114001131730661,0.));
#6511=CARTESIAN_POINT('',(-0.000821036952345709,0.0114001131730661,0.));
#6512=CARTESIAN_POINT('',(-0.00114455294482197,0.0112133311277228,0.));
#6513=CARTESIAN_POINT('',(-0.00146806893729824,0.0110265490823795,0.));
#6514=CARTESIAN_POINT('',(-0.0017915849297745,0.0108397670370362,0.));
#6515=CARTESIAN_POINT('',(-0.0017915849297745,0.0108397670370362,0.));
#6516=CARTESIAN_POINT('',(-0.0017915849297745,0.0108397670370362,0.));
#6517=CARTESIAN_POINT('',(-0.00243413068483114,0.0104687930723892,0.));
#6518=CARTESIAN_POINT('',(-0.00312637752700498,0.0102833060900657,0.));
#6519=CARTESIAN_POINT('',(-0.003868325456296,0.0102833060900657,0.));
#6520=CARTESIAN_POINT('',(-0.003868325456296,0.0102833060900657,0.));
#6521=CARTESIAN_POINT('',(-0.003868325456296,0.0102833060900657,0.));
#6522=CARTESIAN_POINT('',(-0.00424188954698264,0.0102833060900657,0.));
#6523=CARTESIAN_POINT('',(-0.00461545363766929,0.0102833060900657,0.));
#6524=CARTESIAN_POINT('',(-0.00498901772835593,0.0102833060900657,0.));
#6525=CARTESIAN_POINT('',(-0.00498901772835593,0.0102833060900657,0.));
#6526=CARTESIAN_POINT('',(-0.00498901772835593,0.0102833060900657,0.));
#6527=CARTESIAN_POINT('',(-0.00557877001429297,0.0102833060900657,0.));
#6528=CARTESIAN_POINT('',(-0.00611584256512803,0.00997366212617832,0.));
#6529=CARTESIAN_POINT('',(-0.0064110954447102,0.00946226913772004,0.));
#6530=CARTESIAN_POINT('',(-0.0064110954447102,0.00946226913772004,0.));
#6531=CARTESIAN_POINT('',(-0.0064110954447102,0.00946226913772004,0.));
#6532=CARTESIAN_POINT('',(-0.00659787749005352,0.00913875314524377,0.));
#6533=CARTESIAN_POINT('',(-0.00678465953539684,0.00881523715276751,0.));
#6534=CARTESIAN_POINT('',(-0.00697144158074016,0.00849172116029124,0.));
#6535=CARTESIAN_POINT('',(-0.00697144158074016,0.00849172116029124,0.));
#6536=CARTESIAN_POINT('',(-0.00697144158074017,0.00849172116029124,0.));
#6537=CARTESIAN_POINT('',(-0.0073424155453898,0.00784917540523804,0.));
#6538=CARTESIAN_POINT('',(-0.00784917540524015,0.00734241554538768,0.));
#6539=CARTESIAN_POINT('',(-0.00849172116029124,0.00697144158074016,0.));
#6540=CARTESIAN_POINT('',(-0.00849172116029124,0.00697144158074016,0.));
#6541=CARTESIAN_POINT('',(-0.00849172116029124,0.00697144158074016,0.));
#6542=CARTESIAN_POINT('',(-0.0088152371527675,0.00678465953539684,0.));
#6543=CARTESIAN_POINT('',(-0.00913875314524377,0.00659787749005352,0.));
#6544=CARTESIAN_POINT('',(-0.00946226913772003,0.0064110954447102,0.));
#6545=CARTESIAN_POINT('',(-0.00946226913772003,0.0064110954447102,0.));
#6546=CARTESIAN_POINT('',(-0.00946226913772003,0.0064110954447102,0.));
#6547=CARTESIAN_POINT('',(-0.00997300959931055,0.00611621930169083,0.));
#6548=CARTESIAN_POINT('',(-0.0102833060900657,0.00557952348741851,0.));
#6549=CARTESIAN_POINT('',(-0.0102833060900657,0.00498901772835592,0.));
#6550=CARTESIAN_POINT('',(-0.0102833060900657,0.00498901772835592,0.));
#6551=CARTESIAN_POINT('',(-0.0102833060900657,0.00498901772835592,0.));
#6552=CARTESIAN_POINT('',(-0.0102833060900657,0.00461545363766928,0.));
#6553=CARTESIAN_POINT('',(-0.0102833060900657,0.00424188954698264,0.));
#6554=CARTESIAN_POINT('',(-0.0102833060900657,0.003868325456296,0.));
#6555=CARTESIAN_POINT('',(-0.0102833060900657,0.003868325456296,0.));
#6556=CARTESIAN_POINT('',(-0.0102833060900657,0.003868325456296,0.));
#6557=CARTESIAN_POINT('',(-0.0102833060900657,0.00312637752700767,0.));
#6558=CARTESIAN_POINT('',(-0.0104687930723892,0.00243413068483384,0.));
#6559=CARTESIAN_POINT('',(-0.0108397670370362,0.00179158492977451,0.));
#6560=CARTESIAN_POINT('',(-0.0108397670370362,0.00179158492977451,0.));
#6561=CARTESIAN_POINT('',(-0.0108397670370362,0.00179158492977451,0.));
#6562=CARTESIAN_POINT('',(-0.0110265490823795,0.00146806893729824,0.));
#6563=CARTESIAN_POINT('',(-0.0112133311277228,0.00114455294482197,0.));
#6564=CARTESIAN_POINT('',(-0.0114001131730661,0.000821036952345701,0.));
#6565=CARTESIAN_POINT('',(-0.0114001131730661,0.000821036952345701,0.));
#6566=CARTESIAN_POINT('',(-0.0114001131730661,0.000821036952345702,0.));
#6567=CARTESIAN_POINT('',(-0.0116949893160354,0.000310296490723709,0.));
#6568=CARTESIAN_POINT('',(-0.0116953660525964,-0.000309643963858126,0.));
#6569=CARTESIAN_POINT('',(-0.0114001131730661,-0.000821036952345712,0.));
#6570=CARTESIAN_POINT('',(-0.0100077015844704,0.00136940664102734,0.));
#6571=CARTESIAN_POINT('',(-0.00979774656035641,0.00173305941009719,0.));
#6572=CARTESIAN_POINT('',(-0.00958779153624239,0.00209671217916703,0.));
#6573=CARTESIAN_POINT('',(-0.00937783651212836,0.00246036494823688,0.));
#6574=CARTESIAN_POINT('',(-0.0100077015844704,0.00136940664102735,0.));
#6575=CARTESIAN_POINT('',(-0.00937783651212836,0.00246036494823688,0.));
#6576=CARTESIAN_POINT('',(-0.00937783651212837,0.00246036494823688,0.));
#6577=CARTESIAN_POINT('',(-0.00936036358925824,0.00249062894062373,0.));
#6578=CARTESIAN_POINT('',(-0.00935162712726841,0.00252323386064818,0.));
#6579=CARTESIAN_POINT('',(-0.00935162712615886,0.00255817970831025,0.));
#6580=CARTESIAN_POINT('',(-0.00935162712615886,0.00255817970831025,0.));
#6581=CARTESIAN_POINT('',(-0.00935162712615886,0.00255817970831025,0.));
#6582=CARTESIAN_POINT('',(-0.00935162712615886,0.00297808975653832,0.));
#6583=CARTESIAN_POINT('',(-0.00935162712615886,0.00339799980476638,0.));
#6584=CARTESIAN_POINT('',(-0.00935162712615886,0.00381790985299445,0.));
#6585=CARTESIAN_POINT('',(-0.00935162712615886,0.00381790985299445,0.));
#6586=CARTESIAN_POINT('',(-0.00935162712615886,0.00381790985299445,0.));
#6587=CARTESIAN_POINT('',(-0.00935162712615886,0.00479972648422996,0.));
#6588=CARTESIAN_POINT('',(-0.0088332239715409,0.0056984646395043,0.));
#6589=CARTESIAN_POINT('',(-0.00798222048513153,0.00618979173147602,0.));
#6590=CARTESIAN_POINT('',(-0.00798222048513153,0.00618979173147602,0.));
#6591=CARTESIAN_POINT('',(-0.00798222048513153,0.00618979173147602,0.));
#6592=CARTESIAN_POINT('',(-0.00761856771606168,0.00639974675559005,0.));
#6593=CARTESIAN_POINT('',(-0.00725491494699183,0.00660970177970408,0.));
#6594=CARTESIAN_POINT('',(-0.00689126217792198,0.00681965680381811,0.));
#6595=CARTESIAN_POINT('',(-0.00689126217792198,0.00681965680381811,0.));
#6596=CARTESIAN_POINT('',(-0.00689126217792198,0.00681965680381811,0.));
#6597=CARTESIAN_POINT('',(-0.00686099818664467,0.00683712972860999,0.));
#6598=CARTESIAN_POINT('',(-0.00683712972861004,0.00686099818664462,0.));
#6599=CARTESIAN_POINT('',(-0.0068196568038181,0.00689126217792199,0.));
#6600=CARTESIAN_POINT('',(-0.0068196568038181,0.00689126217792199,0.));
#6601=CARTESIAN_POINT('',(-0.0068196568038181,0.00689126217792199,0.));
#6602=CARTESIAN_POINT('',(-0.00660970177970407,0.00725491494699183,0.));
#6603=CARTESIAN_POINT('',(-0.00639974675559005,0.00761856771606168,0.));
#6604=CARTESIAN_POINT('',(-0.00618979173147602,0.00798222048513152,0.));
#6605=CARTESIAN_POINT('',(-0.00618979173147602,0.00798222048513153,0.));
#6606=CARTESIAN_POINT('',(-0.00618979173147602,0.00798222048513153,0.));
#6607=CARTESIAN_POINT('',(-0.00569888341583922,0.00883249862965108,0.));
#6608=CARTESIAN_POINT('',(-0.00480056403690108,0.00935162712615885,0.));
#6609=CARTESIAN_POINT('',(-0.00381790985299444,0.00935162712615885,0.));
#6610=CARTESIAN_POINT('',(-0.00381790985299445,0.00935162712615885,0.));
#6611=CARTESIAN_POINT('',(-0.00381790985299445,0.00935162712615885,0.));
#6612=CARTESIAN_POINT('',(-0.00339799980476639,0.00935162712615885,0.));
#6613=CARTESIAN_POINT('',(-0.00297808975653834,0.00935162712615885,0.));
#6614=CARTESIAN_POINT('',(-0.00255817970831028,0.00935162712615885,0.));
#6615=CARTESIAN_POINT('',(-0.00255817970831028,0.00935162712615885,0.));
#6616=CARTESIAN_POINT('',(-0.00255817970831028,0.00935162712615885,0.));
#6617=CARTESIAN_POINT('',(-0.0025232338606484,0.00935162712726839,0.));
#6618=CARTESIAN_POINT('',(-0.00249062894062394,0.00936036358925822,0.));
#6619=CARTESIAN_POINT('',(-0.0024603649482369,0.00937783651212835,0.));
#6620=CARTESIAN_POINT('',(-0.00246036494823691,0.00937783651212835,0.));
#6621=CARTESIAN_POINT('',(-0.00246036494823691,0.00937783651212835,0.));
#6622=CARTESIAN_POINT('',(-0.00209671217916705,0.00958779153624239,0.));
#6623=CARTESIAN_POINT('',(-0.00173305941009719,0.00979774656035642,0.));
#6624=CARTESIAN_POINT('',(-0.00136940664102733,0.0100077015844705,0.));
#6625=CARTESIAN_POINT('',(-0.00136940664102733,0.0100077015844705,0.));
#6626=CARTESIAN_POINT('',(-0.00136940664102733,0.0100077015844705,0.));
#6627=CARTESIAN_POINT('',(-0.000519128496491138,0.01049860990009,0.));
#6628=CARTESIAN_POINT('',(0.00051840315460525,0.0104990286764224,0.));
#6629=CARTESIAN_POINT('',(0.00136940664102733,0.0100077015844705,0.));
#6630=CARTESIAN_POINT('',(0.00136940664102733,0.0100077015844705,0.));
#6631=CARTESIAN_POINT('',(0.00136940664102733,0.0100077015844705,0.));
#6632=CARTESIAN_POINT('',(0.00173305941009719,0.00979774656035643,0.));
#6633=CARTESIAN_POINT('',(0.00209671217916704,0.00958779153624239,0.));
#6634=CARTESIAN_POINT('',(0.0024603649482369,0.00937783651212836,0.));
#6635=CARTESIAN_POINT('',(0.0024603649482369,0.00937783651212836,0.));
#6636=CARTESIAN_POINT('',(0.0024603649482369,0.00937783651212836,0.));
#6637=CARTESIAN_POINT('',(0.00249062894062375,0.00936036358925823,0.));
#6638=CARTESIAN_POINT('',(0.00252323386064821,0.00935162712726839,0.));
#6639=CARTESIAN_POINT('',(0.00255817970831028,0.00935162712615885,0.));
#6640=CARTESIAN_POINT('',(0.00255817970831028,0.00935162712615885,0.));
#6641=CARTESIAN_POINT('',(0.00255817970831028,0.00935162712615885,0.));
#6642=CARTESIAN_POINT('',(0.00297808975653833,0.00935162712615885,0.));
#6643=CARTESIAN_POINT('',(0.00339799980476639,0.00935162712615885,0.));
#6644=CARTESIAN_POINT('',(0.00381790985299444,0.00935162712615885,0.));
#6645=CARTESIAN_POINT('',(0.00381790985299444,0.00935162712615885,0.));
#6646=CARTESIAN_POINT('',(0.00381790985299444,0.00935162712615885,0.));
#6647=CARTESIAN_POINT('',(0.00479972648422995,0.00935162712615885,0.));
#6648=CARTESIAN_POINT('',(0.00569846463950291,0.00883322397154169,0.));
#6649=CARTESIAN_POINT('',(0.006189791731476,0.00798222048513153,0.));
#6650=CARTESIAN_POINT('',(0.006189791731476,0.00798222048513153,0.));
#6651=CARTESIAN_POINT('',(0.006189791731476,0.00798222048513153,0.));
#6652=CARTESIAN_POINT('',(0.00639974675559003,0.00761856771606168,0.));
#6653=CARTESIAN_POINT('',(0.00660970177970405,0.00725491494699184,0.));
#6654=CARTESIAN_POINT('',(0.00681965680381808,0.00689126217792199,0.));
#6655=CARTESIAN_POINT('',(0.00681965680381808,0.00689126217792199,0.));
#6656=CARTESIAN_POINT('',(0.00681965680381808,0.00689126217792199,0.));
#6657=CARTESIAN_POINT('',(0.00683712972860999,0.00686099818664467,0.));
#6658=CARTESIAN_POINT('',(0.00686099818664461,0.00683712972861005,0.));
#6659=CARTESIAN_POINT('',(0.00689126217792196,0.00681965680381812,0.));
#6660=CARTESIAN_POINT('',(0.00689126217792196,0.00681965680381812,0.));
#6661=CARTESIAN_POINT('',(0.00689126217792196,0.00681965680381812,0.));
#6662=CARTESIAN_POINT('',(0.00725491494699182,0.00660970177970408,0.));
#6663=CARTESIAN_POINT('',(0.00761856771606167,0.00639974675559005,0.));
#6664=CARTESIAN_POINT('',(0.00798222048513153,0.00618979173147601,0.));
#6665=CARTESIAN_POINT('',(0.00798222048513153,0.00618979173147602,0.));
#6666=CARTESIAN_POINT('',(0.00798222048513153,0.00618979173147602,0.));
#6667=CARTESIAN_POINT('',(0.00883249862964861,0.00569888341584094,0.));
#6668=CARTESIAN_POINT('',(0.00935162712615886,0.00480056403690364,0.));
#6669=CARTESIAN_POINT('',(0.00935162712615886,0.00381790985299444,0.));
#6670=CARTESIAN_POINT('',(0.00935162712615886,0.00381790985299445,0.));
#6671=CARTESIAN_POINT('',(0.00935162712615886,0.00381790985299445,0.));
#6672=CARTESIAN_POINT('',(0.00935162712615886,0.00339799980476638,0.));
#6673=CARTESIAN_POINT('',(0.00935162712615886,0.00297808975653831,0.));
#6674=CARTESIAN_POINT('',(0.00935162712615886,0.00255817970831023,0.));
#6675=CARTESIAN_POINT('',(0.00935162712615886,0.00255817970831023,0.));
#6676=CARTESIAN_POINT('',(0.00935162712615886,0.00255817970831023,0.));
#6677=CARTESIAN_POINT('',(0.00935162712726841,0.00252323386064816,0.));
#6678=CARTESIAN_POINT('',(0.00936036358925824,0.0024906289406237,0.));
#6679=CARTESIAN_POINT('',(0.00937783651212837,0.00246036494823685,0.));
#6680=CARTESIAN_POINT('',(0.00937783651212837,0.00246036494823686,0.));
#6681=CARTESIAN_POINT('',(0.00937783651212837,0.00246036494823686,0.));
#6682=CARTESIAN_POINT('',(0.00958779153624239,0.00209671217916701,0.));
#6683=CARTESIAN_POINT('',(0.00979774656035642,0.00173305941009717,0.));
#6684=CARTESIAN_POINT('',(0.0100077015844704,0.00136940664102732,0.));
#6685=CARTESIAN_POINT('',(0.0100077015844704,0.00136940664102732,0.));
#6686=CARTESIAN_POINT('',(0.0100077015844704,0.00136940664102732,0.));
#6687=CARTESIAN_POINT('',(0.01049860990009,0.000519128496495557,0.));
#6688=CARTESIAN_POINT('',(0.0104990286764224,-0.000518403154606417,0.));
#6689=CARTESIAN_POINT('',(0.0100077015844705,-0.00136940664102732,0.));
#6690=CARTESIAN_POINT('',(0.0100077015844705,-0.00136940664102732,0.));
#6691=CARTESIAN_POINT('',(0.0100077015844704,-0.00136940664102733,0.));
#6692=CARTESIAN_POINT('',(0.00979774656035642,-0.00173305941009717,0.));
#6693=CARTESIAN_POINT('',(0.00958779153624239,-0.00209671217916702,0.));
#6694=CARTESIAN_POINT('',(0.00937783651212837,-0.00246036494823686,0.));
#6695=CARTESIAN_POINT('',(0.00937783651212837,-0.00246036494823686,0.));
#6696=CARTESIAN_POINT('',(0.00937783651212837,-0.00246036494823686,0.));
#6697=CARTESIAN_POINT('',(0.00936036358925824,-0.00249062894062373,0.));
#6698=CARTESIAN_POINT('',(0.00935162712726841,-0.00252323386064819,0.));
#6699=CARTESIAN_POINT('',(0.00935162712615886,-0.00255817970831024,0.));
#6700=CARTESIAN_POINT('',(0.00935162712615886,-0.00255817970831024,0.));
#6701=CARTESIAN_POINT('',(0.00935162712615886,-0.00255817970831024,0.));
#6702=CARTESIAN_POINT('',(0.00935162712615886,-0.00297808975653831,0.));
#6703=CARTESIAN_POINT('',(0.00935162712615886,-0.00339799980476638,0.));
#6704=CARTESIAN_POINT('',(0.00935162712615886,-0.00381790985299445,0.));
#6705=CARTESIAN_POINT('',(0.00935162712615886,-0.00381790985299445,0.));
#6706=CARTESIAN_POINT('',(0.00935162712615886,-0.00381790985299444,0.));
#6707=CARTESIAN_POINT('',(0.00935162712615886,-0.00479972648423251,0.));
#6708=CARTESIAN_POINT('',(0.00883322397154113,-0.00569846463950134,0.));
#6709=CARTESIAN_POINT('',(0.00798222048513153,-0.00618979173147602,0.));
#6710=CARTESIAN_POINT('',(0.00798222048513153,-0.00618979173147602,0.));
#6711=CARTESIAN_POINT('',(0.00798222048513153,-0.00618979173147601,0.));
#6712=CARTESIAN_POINT('',(0.00761856771606168,-0.00639974675559004,0.));
#6713=CARTESIAN_POINT('',(0.00725491494699182,-0.00660970177970408,0.));
#6714=CARTESIAN_POINT('',(0.00689126217792197,-0.00681965680381811,0.));
#6715=CARTESIAN_POINT('',(0.00689126217792197,-0.00681965680381811,0.));
#6716=CARTESIAN_POINT('',(0.00689126217792197,-0.00681965680381811,0.));
#6717=CARTESIAN_POINT('',(0.00686099818664465,-0.00683712972861002,0.));
#6718=CARTESIAN_POINT('',(0.00683712972861003,-0.00686099818664465,0.));
#6719=CARTESIAN_POINT('',(0.0068196568038181,-0.00689126217792199,0.));
#6720=CARTESIAN_POINT('',(0.0068196568038181,-0.00689126217792199,0.));
#6721=CARTESIAN_POINT('',(0.0068196568038181,-0.00689126217792199,0.));
#6722=CARTESIAN_POINT('',(0.00660970177970407,-0.00725491494699184,0.));
#6723=CARTESIAN_POINT('',(0.00639974675559004,-0.00761856771606168,0.));
#6724=CARTESIAN_POINT('',(0.00618979173147601,-0.00798222048513153,0.));
#6725=CARTESIAN_POINT('',(0.00618979173147601,-0.00798222048513153,0.));
#6726=CARTESIAN_POINT('',(0.00618979173147601,-0.00798222048513153,0.));
#6727=CARTESIAN_POINT('',(0.00569888341583985,-0.00883249862965072,0.));
#6728=CARTESIAN_POINT('',(0.00480056403690107,-0.00935162712615886,0.));
#6729=CARTESIAN_POINT('',(0.00381790985299443,-0.00935162712615886,0.));
#6730=CARTESIAN_POINT('',(0.00381790985299443,-0.00935162712615886,0.));
#6731=CARTESIAN_POINT('',(0.00381790985299444,-0.00935162712615886,0.));
#6732=CARTESIAN_POINT('',(0.00339799980476638,-0.00935162712615886,0.));
#6733=CARTESIAN_POINT('',(0.00297808975653832,-0.00935162712615886,0.));
#6734=CARTESIAN_POINT('',(0.00255817970831025,-0.00935162712615886,0.));
#6735=CARTESIAN_POINT('',(0.00255817970831025,-0.00935162712615886,0.));
#6736=CARTESIAN_POINT('',(0.00255817970831025,-0.00935162712615886,0.));
#6737=CARTESIAN_POINT('',(0.00252323386064837,-0.00935162712726841,0.));
#6738=CARTESIAN_POINT('',(0.00249062894062391,-0.00936036358925824,0.));
#6739=CARTESIAN_POINT('',(0.00246036494823688,-0.00937783651212836,0.));
#6740=CARTESIAN_POINT('',(0.00246036494823688,-0.00937783651212836,0.));
#6741=CARTESIAN_POINT('',(0.00246036494823688,-0.00937783651212836,0.));
#6742=CARTESIAN_POINT('',(0.00209671217916703,-0.00958779153624239,0.));
#6743=CARTESIAN_POINT('',(0.00173305941009718,-0.00979774656035643,0.));
#6744=CARTESIAN_POINT('',(0.00136940664102733,-0.0100077015844705,0.));
#6745=CARTESIAN_POINT('',(0.00136940664102733,-0.0100077015844705,0.));
#6746=CARTESIAN_POINT('',(0.00136940664102732,-0.0100077015844705,0.));
#6747=CARTESIAN_POINT('',(0.000519128496491133,-0.01049860990009,0.));
#6748=CARTESIAN_POINT('',(-0.00051840315460673,-0.0104990286764224,0.));
#6749=CARTESIAN_POINT('',(-0.00136940664102734,-0.0100077015844704,0.));
#6750=CARTESIAN_POINT('',(-0.00136940664102734,-0.0100077015844704,0.));
#6751=CARTESIAN_POINT('',(-0.00136940664102734,-0.0100077015844705,0.));
#6752=CARTESIAN_POINT('',(-0.00173305941009718,-0.00979774656035643,0.));
#6753=CARTESIAN_POINT('',(-0.00209671217916703,-0.0095877915362424,0.));
#6754=CARTESIAN_POINT('',(-0.00246036494823688,-0.00937783651212837,0.));
#6755=CARTESIAN_POINT('',(-0.00246036494823688,-0.00937783651212837,0.));
#6756=CARTESIAN_POINT('',(-0.00246036494823688,-0.00937783651212837,0.));
#6757=CARTESIAN_POINT('',(-0.00249062894062373,-0.00936036358925824,0.));
#6758=CARTESIAN_POINT('',(-0.00252323386064818,-0.00935162712726841,0.));
#6759=CARTESIAN_POINT('',(-0.00255817970831025,-0.00935162712615886,0.));
#6760=CARTESIAN_POINT('',(-0.00255817970831025,-0.00935162712615886,0.));
#6761=CARTESIAN_POINT('',(-0.00255817970831025,-0.00935162712615886,0.));
#6762=CARTESIAN_POINT('',(-0.00297808975653832,-0.00935162712615886,0.));
#6763=CARTESIAN_POINT('',(-0.00339799980476638,-0.00935162712615886,0.));
#6764=CARTESIAN_POINT('',(-0.00381790985299444,-0.00935162712615886,0.));
#6765=CARTESIAN_POINT('',(-0.00381790985299444,-0.00935162712615886,0.));
#6766=CARTESIAN_POINT('',(-0.00381790985299444,-0.00935162712615886,0.));
#6767=CARTESIAN_POINT('',(-0.00479972648422739,-0.00935162712615886,0.));
#6768=CARTESIAN_POINT('',(-0.00569846463950163,-0.00883322397154393,0.));
#6769=CARTESIAN_POINT('',(-0.006189791731476,-0.00798222048513154,0.));
#6770=CARTESIAN_POINT('',(-0.006189791731476,-0.00798222048513154,0.));
#6771=CARTESIAN_POINT('',(-0.006189791731476,-0.00798222048513154,0.));
#6772=CARTESIAN_POINT('',(-0.00639974675559003,-0.00761856771606169,0.));
#6773=CARTESIAN_POINT('',(-0.00660970177970407,-0.00725491494699183,0.));
#6774=CARTESIAN_POINT('',(-0.0068196568038181,-0.00689126217792198,0.));
#6775=CARTESIAN_POINT('',(-0.0068196568038181,-0.00689126217792198,0.));
#6776=CARTESIAN_POINT('',(-0.0068196568038181,-0.00689126217792199,0.));
#6777=CARTESIAN_POINT('',(-0.00683712972861001,-0.00686099818664465,0.));
#6778=CARTESIAN_POINT('',(-0.00686099818664464,-0.00683712972861002,0.));
#6779=CARTESIAN_POINT('',(-0.00689126217792197,-0.00681965680381811,0.));
#6780=CARTESIAN_POINT('',(-0.00689126217792197,-0.00681965680381811,0.));
#6781=CARTESIAN_POINT('',(-0.00689126217792197,-0.00681965680381812,0.));
#6782=CARTESIAN_POINT('',(-0.00725491494699182,-0.00660970177970409,0.));
#6783=CARTESIAN_POINT('',(-0.00761856771606168,-0.00639974675559005,0.));
#6784=CARTESIAN_POINT('',(-0.00798222048513153,-0.00618979173147602,0.));
#6785=CARTESIAN_POINT('',(-0.00798222048513153,-0.00618979173147602,0.));
#6786=CARTESIAN_POINT('',(-0.00798222048513153,-0.00618979173147601,0.));
#6787=CARTESIAN_POINT('',(-0.0088324986296485,-0.00569888341584113,0.));
#6788=CARTESIAN_POINT('',(-0.00935162712615886,-0.00480056403690364,0.));
#6789=CARTESIAN_POINT('',(-0.00935162712615886,-0.00381790985299445,0.));
#6790=CARTESIAN_POINT('',(-0.00935162712615886,-0.00381790985299445,0.));
#6791=CARTESIAN_POINT('',(-0.00935162712615886,-0.00381790985299445,0.));
#6792=CARTESIAN_POINT('',(-0.00935162712615886,-0.00339799980476638,0.));
#6793=CARTESIAN_POINT('',(-0.00935162712615886,-0.00297808975653831,0.));
#6794=CARTESIAN_POINT('',(-0.00935162712615886,-0.00255817970831024,0.));
#6795=CARTESIAN_POINT('',(-0.00935162712615886,-0.00255817970831024,0.));
#6796=CARTESIAN_POINT('',(-0.00935162712615886,-0.00255817970831024,0.));
#6797=CARTESIAN_POINT('',(-0.00935162712726841,-0.00252323386064836,0.));
#6798=CARTESIAN_POINT('',(-0.00936036358925824,-0.0024906289406239,0.));
#6799=CARTESIAN_POINT('',(-0.00937783651212836,-0.00246036494823686,0.));
#6800=CARTESIAN_POINT('',(-0.00937783651212836,-0.00246036494823686,0.));
#6801=CARTESIAN_POINT('',(-0.00937783651212836,-0.00246036494823686,0.));
#6802=CARTESIAN_POINT('',(-0.00958779153624239,-0.00209671217916701,0.));
#6803=CARTESIAN_POINT('',(-0.00979774656035641,-0.00173305941009716,0.));
#6804=CARTESIAN_POINT('',(-0.0100077015844704,-0.00136940664102731,0.));
#6805=CARTESIAN_POINT('',(-0.0100077015844704,-0.00136940664102731,0.));
#6806=CARTESIAN_POINT('',(-0.0100077015844704,-0.00136940664102732,0.));
#6807=CARTESIAN_POINT('',(-0.01049860990009,-0.000519128496491124,0.));
#6808=CARTESIAN_POINT('',(-0.0104990286764224,0.000518403154605261,0.));
#6809=CARTESIAN_POINT('',(-0.0100077015844704,0.00136940664102735,0.));
#6810=CARTESIAN_POINT('',(0.00708734122634726,0.009375,0.));
#6811=CARTESIAN_POINT('',(0.00870321482473264,0.00976387499651245,-0.0059482361909795));
#6812=CARTESIAN_POINT('',(0.00805891277559932,0.00911957294737913,-0.00266353524136672));
#6813=CARTESIAN_POINT('',(0.00839237189420059,0.00945303206598041,-0.00436353524136673));
#6814=CARTESIAN_POINT('',(0.00763497656521446,0.0107648792571997,-0.00436353524136673));
#6815=CARTESIAN_POINT('',(0.00776155755481408,0.0105456345519408,-0.00436353524136673));
#6816=CARTESIAN_POINT('',(0.00708648026880751,0.00937636639354176,2.32933451136475E-7));
#6817=CARTESIAN_POINT('',(0.00749856663956935,0.0100901209248079,-0.00266353524136673));
#6818=CARTESIAN_POINT('',(0.00749856663956935,0.0100901209248079,-0.00266353524136672));
#6819=CARTESIAN_POINT('',(0.00768534868491267,0.00976660493233166,-0.00266353524136672));
#6820=CARTESIAN_POINT('',(0.007872130730256,0.0094430889398554,-0.00266353524136672));
#6821=CARTESIAN_POINT('',(0.00805891277559932,0.00911957294737913,-0.00266353524136672));
#6822=CARTESIAN_POINT('',(0.00666867061317363,0.00864984122634726,0.));
#6823=CARTESIAN_POINT('',(0.00925814634514114,0.00701822589203981,0.00044143616055548));
#6824=CARTESIAN_POINT('',(0.0100901209248079,0.00749856663956935,-0.00266353524136673));
#6825=CARTESIAN_POINT('',(0.0105456345519408,0.00776155755481408,-0.00436353524136673));
#6826=CARTESIAN_POINT('',(0.00955478388780147,0.00833362545248167,-0.00436353524136673));
#6827=CARTESIAN_POINT('',(0.00945303206598041,0.00839237189420058,-0.00436353524136673));
#6828=CARTESIAN_POINT('',(0.00858696046027267,0.00752630028849284,5.17638090205045E-5));
#6829=CARTESIAN_POINT('',(0.00911957294737914,0.00805891277559931,-0.00266353524136673));
#6830=CARTESIAN_POINT('',(0.00911957294737914,0.00805891277559931,-0.00266353524136672));
#6831=CARTESIAN_POINT('',(0.0094430889398554,0.00787213073025599,-0.00266353524136672));
#6832=CARTESIAN_POINT('',(0.00976660493233166,0.00768534868491267,-0.00266353524136672));
#6833=CARTESIAN_POINT('',(0.0100901209248079,0.00749856663956935,-0.00266353524136672));
#6834=CARTESIAN_POINT('',(0.0108253175473055,0.009375,0.));
#6835=CARTESIAN_POINT('',(0.012419142631068,0.00410415637398917,-0.0059482361909795));
#6836=CARTESIAN_POINT('',(0.0115390096642415,0.00386832545629601,-0.00266353524136673));
#6837=CARTESIAN_POINT('',(0.0119945232913744,0.00399037996482764,-0.00436353524136673));
#6838=CARTESIAN_POINT('',(0.0119945232913744,0.00550517062279989,-0.00436353524136673));
#6839=CARTESIAN_POINT('',(0.0119945232913744,0.00525200864360065,-0.00436353524136673));
#6840=CARTESIAN_POINT('',(0.0110068291143722,0.00468176314463139,-0.000677410390454436));
#6841=CARTESIAN_POINT('',(0.0115390096642415,0.00498901772835593,-0.00266353524136673));
#6842=CARTESIAN_POINT('',(0.0115390096642415,0.00498901772835594,-0.00266353524136672));
#6843=CARTESIAN_POINT('',(0.0115390096642415,0.0046154536376693,-0.00266353524136672));
#6844=CARTESIAN_POINT('',(0.0115390096642415,0.00424188954698265,-0.00266353524136672));
#6845=CARTESIAN_POINT('',(0.0115390096642415,0.00386832545629601,-0.00266353524136672));
#6846=CARTESIAN_POINT('',(0.00708734122634726,0.009375,0.));
#6847=CARTESIAN_POINT('',(0.0112636862533383,0.0014488887394336,0.00129216564826606));
#6848=CARTESIAN_POINT('',(0.0124875843679253,0.0014488887394336,-0.00266353524136673));
#6849=CARTESIAN_POINT('',(0.0130135661984147,0.0014488887394336,-0.00436353524136673));
#6850=CARTESIAN_POINT('',(0.0124414983007471,0.00243973940357298,-0.00436353524136673));
#6851=CARTESIAN_POINT('',(0.0123827518590282,0.00254149122539403,-0.00436353524136673));
#6852=CARTESIAN_POINT('',(0.0111996760441351,0.00222448701620862,5.17638090205039E-5));
#6853=CARTESIAN_POINT('',(0.0119272382318953,0.0024194367168624,-0.00266353524136673));
#6854=CARTESIAN_POINT('',(0.0119272382318953,0.0024194367168624,-0.00266353524136672));
#6855=CARTESIAN_POINT('',(0.0121140202772386,0.00209592072438613,-0.00266353524136672));
#6856=CARTESIAN_POINT('',(0.012300802322582,0.00177240473190986,-0.00266353524136672));
#6857=CARTESIAN_POINT('',(0.0124875843679253,0.00144888873943359,-0.00266353524136672));
#6858=CARTESIAN_POINT('',(0.0152063293868264,0.0046875,0.));
#6859=CARTESIAN_POINT('',(0.0128073711987218,-0.00265526763455557,-0.0059482361909795));
#6860=CARTESIAN_POINT('',(0.0119272382318953,-0.00241943671686241,-0.00266353524136673));
#6861=CARTESIAN_POINT('',(0.0123827518590282,-0.00254149122539404,-0.00436353524136673));
#6862=CARTESIAN_POINT('',(0.0131401471880143,-0.00122964403417472,-0.00436353524136673));
#6863=CARTESIAN_POINT('',(0.0130135661984147,-0.00144888873943361,-0.00436353524136673));
#6864=CARTESIAN_POINT('',(0.011973006543742,-0.00144888873943361,-0.00100039356915816));
#6865=CARTESIAN_POINT('',(0.0124875843679253,-0.00144888873943361,-0.00266353524136673));
#6866=CARTESIAN_POINT('',(0.0124875843679253,-0.00144888873943361,-0.00266353524136672));
#6867=CARTESIAN_POINT('',(0.012300802322582,-0.00177240473190987,-0.00266353524136672));
#6868=CARTESIAN_POINT('',(0.0121140202772387,-0.00209592072438614,-0.00266353524136672));
#6869=CARTESIAN_POINT('',(0.0119272382318953,-0.00241943671686241,-0.00266353524136672));
#6870=CARTESIAN_POINT('',(0.0108253175473055,0.009375,0.));
#6871=CARTESIAN_POINT('',(0.0102975088239685,-0.00427223688402516,0.00196980897217162));
#6872=CARTESIAN_POINT('',(0.0115390096642415,-0.00498901772835593,-0.00266353524136673));
#6873=CARTESIAN_POINT('',(0.0119945232913744,-0.00525200864360066,-0.00436353524136673));
#6874=CARTESIAN_POINT('',(0.0119945232913744,-0.00410787284826548,-0.00436353524136673));
#6875=CARTESIAN_POINT('',(0.0119945232913744,-0.00399037996482765,-0.00436353524136673));
#6876=CARTESIAN_POINT('',(0.0108114474764813,-0.00367337575564223,5.17638090205038E-5));
#6877=CARTESIAN_POINT('',(0.0115390096642415,-0.00386832545629601,-0.00266353524136673));
#6878=CARTESIAN_POINT('',(0.0115390096642415,-0.00386832545629599,-0.00266353524136672));
#6879=CARTESIAN_POINT('',(0.0115390096642415,-0.00424188954698263,-0.00266353524136672));
#6880=CARTESIAN_POINT('',(0.0115390096642415,-0.00461545363766927,-0.00266353524136672));
#6881=CARTESIAN_POINT('',(0.0115390096642415,-0.00498901772835591,-0.00266353524136672));
#6882=CARTESIAN_POINT('',(0.0147876587736527,-0.00396234122634726,0.));
#6883=CARTESIAN_POINT('',(0.00976387499651246,-0.00870321482473263,-0.0059482361909795));
#6884=CARTESIAN_POINT('',(0.00911957294737914,-0.00805891277559931,-0.00266353524136672));
#6885=CARTESIAN_POINT('',(0.00945303206598041,-0.00839237189420058,-0.00436353524136673));
#6886=CARTESIAN_POINT('',(0.0107648792571997,-0.00763497656521446,-0.00436353524136673));
#6887=CARTESIAN_POINT('',(0.0105456345519408,-0.00776155755481408,-0.00436353524136673));
#6888=CARTESIAN_POINT('',(0.00961280649034298,-0.00722298902234292,-0.000882173520757552));
#6889=CARTESIAN_POINT('',(0.0100901209248079,-0.00749856663956935,-0.00266353524136673));
#6890=CARTESIAN_POINT('',(0.0100901209248079,-0.00749856663956936,-0.00266353524136672));
#6891=CARTESIAN_POINT('',(0.00976660493233166,-0.00768534868491268,-0.00266353524136672));
#6892=CARTESIAN_POINT('',(0.00944308893985539,-0.00787213073025599,-0.00266353524136672));
#6893=CARTESIAN_POINT('',(0.00911957294737913,-0.00805891277559931,-0.00266353524136672));
#6894=CARTESIAN_POINT('',(0.0152063293868264,0.0046875,0.));
#6895=CARTESIAN_POINT('',(0.00673182012360567,-0.00876207700263242,0.00229279215087535));
#6896=CARTESIAN_POINT('',(0.00749856663956935,-0.0100901209248079,-0.00266353524136673));
#6897=CARTESIAN_POINT('',(0.00776155755481408,-0.0105456345519408,-0.00436353524136673));
#6898=CARTESIAN_POINT('',(0.00833362545248167,-0.00955478388780145,-0.00436353524136673));
#6899=CARTESIAN_POINT('',(0.00839237189420059,-0.0094530320659804,-0.00436353524136673));
#6900=CARTESIAN_POINT('',(0.00752630028849285,-0.00858696046027265,5.17638090205041E-5));
#6901=CARTESIAN_POINT('',(0.00805891277559932,-0.00911957294737913,-0.00266353524136673));
#6902=CARTESIAN_POINT('',(0.00805891277559933,-0.00911957294737914,-0.00266353524136673));
#6903=CARTESIAN_POINT('',(0.00787213073025601,-0.0094430889398554,-0.00266353524136673));
#6904=CARTESIAN_POINT('',(0.00768534868491269,-0.00976660493233166,-0.00266353524136673));
#6905=CARTESIAN_POINT('',(0.00749856663956938,-0.0100901209248079,-0.00266353524136673));
#6906=CARTESIAN_POINT('',(0.00708734122634726,-0.0108253175473055,0.));
#6907=CARTESIAN_POINT('',(0.00410415637398916,-0.012419142631068,-0.0059482361909795));
#6908=CARTESIAN_POINT('',(0.003868325456296,-0.0115390096642415,-0.00266353524136673));
#6909=CARTESIAN_POINT('',(0.00399037996482763,-0.0119945232913744,-0.00436353524136673));
#6910=CARTESIAN_POINT('',(0.00550517062279989,-0.0119945232913744,-0.00436353524136673));
#6911=CARTESIAN_POINT('',(0.00525200864360066,-0.0119945232913744,-0.00436353524136673));
#6912=CARTESIAN_POINT('',(0.00463179747299848,-0.0109202860324697,-0.000354427211750706));
#6913=CARTESIAN_POINT('',(0.00498901772835593,-0.0115390096642415,-0.00266353524136673));
#6914=CARTESIAN_POINT('',(0.00498901772835593,-0.0115390096642416,-0.00266353524136672));
#6915=CARTESIAN_POINT('',(0.00461545363766928,-0.0115390096642415,-0.00266353524136672));
#6916=CARTESIAN_POINT('',(0.00424188954698264,-0.0115390096642415,-0.00266353524136672));
#6917=CARTESIAN_POINT('',(0.00386832545629599,-0.0115390096642416,-0.00266353524136672));
#6918=CARTESIAN_POINT('',(0.0147876587736527,-0.00396234122634726,0.));
#6919=CARTESIAN_POINT('',(0.0014488887394336,-0.0109906687462675,0.00217457210247474));
#6920=CARTESIAN_POINT('',(0.0014488887394336,-0.0124875843679253,-0.00266353524136673));
#6921=CARTESIAN_POINT('',(0.0014488887394336,-0.0130135661984147,-0.00436353524136673));
#6922=CARTESIAN_POINT('',(0.00243973940357298,-0.0124414983007471,-0.00436353524136673));
#6923=CARTESIAN_POINT('',(0.00254149122539403,-0.0123827518590282,-0.00436353524136672));
#6924=CARTESIAN_POINT('',(0.00222448701620861,-0.0111996760441351,5.17638090205047E-5));
#6925=CARTESIAN_POINT('',(0.0024194367168624,-0.0119272382318953,-0.00266353524136673));
#6926=CARTESIAN_POINT('',(0.00241943671686239,-0.0119272382318953,-0.00266353524136672));
#6927=CARTESIAN_POINT('',(0.00209592072438613,-0.0121140202772386,-0.00266353524136672));
#6928=CARTESIAN_POINT('',(0.00177240473190987,-0.0123008023225819,-0.00266353524136672));
#6929=CARTESIAN_POINT('',(0.00144888873943361,-0.0124875843679253,-0.00266353524136672));
#6930=CARTESIAN_POINT('',(-0.00415664693413186,-0.0101001587736527,0.));
#6931=CARTESIAN_POINT('',(-0.00265526763455556,-0.0128073711987218,-0.0059482361909795));
#6932=CARTESIAN_POINT('',(-0.00241943671686241,-0.0119272382318953,-0.00266353524136673));
#6933=CARTESIAN_POINT('',(-0.00254149122539403,-0.0123827518590282,-0.00436353524136673));
#6934=CARTESIAN_POINT('',(-0.00122964403417472,-0.0131401471880144,-0.00436353524136673));
#6935=CARTESIAN_POINT('',(-0.0014488887394336,-0.0130135661984147,-0.00436353524136673));
#6936=CARTESIAN_POINT('',(-0.0014488887394336,-0.0115269028728662,0.000441436160555481));
#6937=CARTESIAN_POINT('',(-0.0014488887394336,-0.0124875843679253,-0.00266353524136673));
#6938=CARTESIAN_POINT('',(-0.0014488887394336,-0.0124875843679253,-0.00266353524136672));
#6939=CARTESIAN_POINT('',(-0.00177240473190987,-0.012300802322582,-0.00266353524136672));
#6940=CARTESIAN_POINT('',(-0.00209592072438614,-0.0121140202772386,-0.00266353524136672));
#6941=CARTESIAN_POINT('',(-0.00241943671686241,-0.0119272382318953,-0.00266353524136672));
#6942=CARTESIAN_POINT('',(0.00708734122634726,-0.0108253175473055,0.));
#6943=CARTESIAN_POINT('',(-0.00432220255565807,-0.010384051905871,0.0016468257934679));
#6944=CARTESIAN_POINT('',(-0.00498901772835593,-0.0115390096642415,-0.00266353524136673));
#6945=CARTESIAN_POINT('',(-0.00525200864360066,-0.0119945232913744,-0.00436353524136673));
#6946=CARTESIAN_POINT('',(-0.00410787284826547,-0.0119945232913744,-0.00436353524136673));
#6947=CARTESIAN_POINT('',(-0.00399037996482764,-0.0119945232913744,-0.00436353524136673));
#6948=CARTESIAN_POINT('',(-0.00367337575564222,-0.0108114474764813,5.17638090205042E-5));
#6949=CARTESIAN_POINT('',(-0.00386832545629601,-0.0115390096642415,-0.00266353524136673));
#6950=CARTESIAN_POINT('',(-0.003868325456296,-0.0115390096642416,-0.00266353524136672));
#6951=CARTESIAN_POINT('',(-0.00424188954698264,-0.0115390096642415,-0.00266353524136672));
#6952=CARTESIAN_POINT('',(-0.00461545363766929,-0.0115390096642415,-0.00266353524136672));
#6953=CARTESIAN_POINT('',(-0.00498901772835593,-0.0115390096642416,-0.00266353524136672));
#6954=CARTESIAN_POINT('',(-0.0116626587736527,-0.00145031754730548,0.));
#6955=CARTESIAN_POINT('',(-0.00870321482473263,-0.00976387499651246,-0.00594823619097949));
#6956=CARTESIAN_POINT('',(-0.00805891277559931,-0.00911957294737914,-0.00266353524136672));
#6957=CARTESIAN_POINT('',(-0.00839237189420059,-0.00945303206598041,-0.00436353524136673));
#6958=CARTESIAN_POINT('',(-0.00763497656521446,-0.0107648792571997,-0.00436353524136673));
#6959=CARTESIAN_POINT('',(-0.00776155755481408,-0.0105456345519408,-0.00436353524136673));
#6960=CARTESIAN_POINT('',(-0.00688661758227588,-0.00903019406593175,0.00129216564826606));
#6961=CARTESIAN_POINT('',(-0.00749856663956936,-0.0100901209248079,-0.00266353524136673));
#6962=CARTESIAN_POINT('',(-0.00749856663956934,-0.0100901209248079,-0.00266353524136672));
#6963=CARTESIAN_POINT('',(-0.00768534868491267,-0.00976660493233166,-0.00266353524136672));
#6964=CARTESIAN_POINT('',(-0.00787213073025599,-0.0094430889398554,-0.00266353524136672));
#6965=CARTESIAN_POINT('',(-0.00805891277559931,-0.00911957294737913,-0.00266353524136672));
#6966=CARTESIAN_POINT('',(-0.00415664693413186,-0.0101001587736527,0.));
#6967=CARTESIAN_POINT('',(-0.00914841411433237,-0.00695487195904358,0.000850962421161711));
#6968=CARTESIAN_POINT('',(-0.0100901209248079,-0.00749856663956935,-0.00266353524136673));
#6969=CARTESIAN_POINT('',(-0.0105456345519408,-0.00776155755481408,-0.00436353524136673));
#6970=CARTESIAN_POINT('',(-0.00955478388780146,-0.00833362545248167,-0.00436353524136673));
#6971=CARTESIAN_POINT('',(-0.00945303206598041,-0.00839237189420059,-0.00436353524136673));
#6972=CARTESIAN_POINT('',(-0.00858696046027266,-0.00752630028849285,5.17638090205043E-5));
#6973=CARTESIAN_POINT('',(-0.00911957294737913,-0.00805891277559932,-0.00266353524136673));
#6974=CARTESIAN_POINT('',(-0.00911957294737914,-0.00805891277559931,-0.00266353524136672));
#6975=CARTESIAN_POINT('',(-0.0094430889398554,-0.00787213073025599,-0.00266353524136672));
#6976=CARTESIAN_POINT('',(-0.00976660493233167,-0.00768534868491267,-0.00266353524136672));
#6977=CARTESIAN_POINT('',(-0.0100901209248079,-0.00749856663956935,-0.00266353524136672));
#6978=CARTESIAN_POINT('',(-0.0108253175473055,0.009375,0.));
#6979=CARTESIAN_POINT('',(-0.012419142631068,-0.00410415637398917,-0.0059482361909795));
#6980=CARTESIAN_POINT('',(-0.0115390096642415,-0.00386832545629601,-0.00266353524136673));
#6981=CARTESIAN_POINT('',(-0.0119945232913744,-0.00399037996482764,-0.00436353524136673));
#6982=CARTESIAN_POINT('',(-0.0119945232913744,-0.00550517062279989,-0.00436353524136673));
#6983=CARTESIAN_POINT('',(-0.0119945232913744,-0.00525200864360066,-0.00436353524136673));
#6984=CARTESIAN_POINT('',(-0.0102975088239685,-0.00427223688402516,0.00196980897217162));
#6985=CARTESIAN_POINT('',(-0.0115390096642415,-0.00498901772835593,-0.00266353524136673));
#6986=CARTESIAN_POINT('',(-0.0115390096642415,-0.00498901772835591,-0.00266353524136672));
#6987=CARTESIAN_POINT('',(-0.0115390096642415,-0.00461545363766927,-0.00266353524136672));
#6988=CARTESIAN_POINT('',(-0.0115390096642415,-0.00424188954698263,-0.00266353524136672));
#6989=CARTESIAN_POINT('',(-0.0115390096642415,-0.00386832545629599,-0.00266353524136672));
#6990=CARTESIAN_POINT('',(-0.0116626587736527,-0.00145031754730548,0.));
#6991=CARTESIAN_POINT('',(-0.0116634116264016,-0.00144888873943361,2.32933451135874E-7));
#6992=CARTESIAN_POINT('',(-0.0124875843679253,-0.00144888873943361,-0.00266353524136673));
#6993=CARTESIAN_POINT('',(-0.0130135661984147,-0.00144888873943361,-0.00436353524136673));
#6994=CARTESIAN_POINT('',(-0.0124414983007471,-0.00243973940357299,-0.00436353524136673));
#6995=CARTESIAN_POINT('',(-0.0123827518590282,-0.00254149122539404,-0.00436353524136673));
#6996=CARTESIAN_POINT('',(-0.0111996760441351,-0.00222448701620863,5.17638090205041E-5));
#6997=CARTESIAN_POINT('',(-0.0119272382318953,-0.00241943671686241,-0.00266353524136673));
#6998=CARTESIAN_POINT('',(-0.0119272382318953,-0.00241943671686241,-0.00266353524136672));
#6999=CARTESIAN_POINT('',(-0.0121140202772386,-0.00209592072438614,-0.00266353524136672));
#7000=CARTESIAN_POINT('',(-0.012300802322582,-0.00177240473190987,-0.00266353524136672));
#7001=CARTESIAN_POINT('',(-0.0124875843679253,-0.00144888873943361,-0.00266353524136672));
#7002=CARTESIAN_POINT('',(-0.00354367061317364,0.0155128175473055,0.));
#7003=CARTESIAN_POINT('',(-0.0128073711987218,0.00265526763455556,-0.0059482361909795));
#7004=CARTESIAN_POINT('',(-0.0119272382318953,0.0024194367168624,-0.00266353524136673));
#7005=CARTESIAN_POINT('',(-0.0123827518590282,0.00254149122539403,-0.00436353524136673));
#7006=CARTESIAN_POINT('',(-0.0131401471880143,0.00122964403417471,-0.00436353524136673));
#7007=CARTESIAN_POINT('',(-0.0130135661984147,0.0014488887394336,-0.00436353524136673));
#7008=CARTESIAN_POINT('',(-0.0109540913359979,0.0014488887394336,0.00229279215087535));
#7009=CARTESIAN_POINT('',(-0.0124875843679253,0.0014488887394336,-0.00266353524136673));
#7010=CARTESIAN_POINT('',(-0.0124875843679253,0.00144888873943363,-0.00266353524136672));
#7011=CARTESIAN_POINT('',(-0.012300802322582,0.00177240473190989,-0.00266353524136672));
#7012=CARTESIAN_POINT('',(-0.0121140202772386,0.00209592072438615,-0.00266353524136672));
#7013=CARTESIAN_POINT('',(-0.0119272382318953,0.00241943671686241,-0.00266353524136672));
#7014=CARTESIAN_POINT('',(-0.0108253175473055,0.009375,0.));
#7015=CARTESIAN_POINT('',(-0.0110068291143722,0.00468176314463138,-0.000677410390454436));
#7016=CARTESIAN_POINT('',(-0.0115390096642415,0.00498901772835592,-0.00266353524136672));
#7017=CARTESIAN_POINT('',(-0.0119945232913744,0.00525200864360065,-0.00436353524136673));
#7018=CARTESIAN_POINT('',(-0.0119945232913744,0.00410787284826547,-0.00436353524136673));
#7019=CARTESIAN_POINT('',(-0.0119945232913744,0.00399037996482763,-0.00436353524136673));
#7020=CARTESIAN_POINT('',(-0.0108114474764813,0.00367337575564222,5.17638090205036E-5));
#7021=CARTESIAN_POINT('',(-0.0115390096642415,0.003868325456296,-0.00266353524136673));
#7022=CARTESIAN_POINT('',(-0.0115390096642415,0.00386832545629599,-0.00266353524136672));
#7023=CARTESIAN_POINT('',(-0.0115390096642415,0.00424188954698263,-0.00266353524136672));
#7024=CARTESIAN_POINT('',(-0.0115390096642415,0.00461545363766928,-0.00266353524136672));
#7025=CARTESIAN_POINT('',(-0.0115390096642415,0.00498901772835592,-0.00266353524136672));
#7026=CARTESIAN_POINT('',(0.00396234122634726,0.0147876587736527,0.));
#7027=CARTESIAN_POINT('',(-0.00976387499651245,0.00870321482473263,-0.0059482361909795));
#7028=CARTESIAN_POINT('',(-0.00911957294737913,0.00805891277559931,-0.00266353524136672));
#7029=CARTESIAN_POINT('',(-0.00945303206598041,0.00839237189420058,-0.00436353524136672));
#7030=CARTESIAN_POINT('',(-0.0107648792571997,0.00763497656521446,-0.00436353524136673));
#7031=CARTESIAN_POINT('',(-0.0105456345519408,0.00776155755481408,-0.00436353524136673));
#7032=CARTESIAN_POINT('',(-0.00879375396913052,0.00675010882874046,0.00217457210247474));
#7033=CARTESIAN_POINT('',(-0.0100901209248079,0.00749856663956935,-0.00266353524136673));
#7034=CARTESIAN_POINT('',(-0.0100901209248079,0.00749856663956936,-0.00266353524136672));
#7035=CARTESIAN_POINT('',(-0.00976660493233166,0.00768534868491267,-0.00266353524136672));
#7036=CARTESIAN_POINT('',(-0.0094430889398554,0.00787213073025599,-0.00266353524136672));
#7037=CARTESIAN_POINT('',(-0.00911957294737914,0.0080589127755993,-0.00266353524136672));
#7038=CARTESIAN_POINT('',(-0.00354367061317363,0.0155128175473055,0.));
#7039=CARTESIAN_POINT('',(-0.00724127772747772,0.0096444834568411,-0.00100039356915817));
#7040=CARTESIAN_POINT('',(-0.00749856663956935,0.0100901209248079,-0.00266353524136673));
#7041=CARTESIAN_POINT('',(-0.00776155755481408,0.0105456345519408,-0.00436353524136673));
#7042=CARTESIAN_POINT('',(-0.00833362545248167,0.00955478388780146,-0.00436353524136673));
#7043=CARTESIAN_POINT('',(-0.00839237189420059,0.00945303206598041,-0.00436353524136673));
#7044=CARTESIAN_POINT('',(-0.00752630028849284,0.00858696046027266,5.17638090205048E-5));
#7045=CARTESIAN_POINT('',(-0.00805891277559932,0.00911957294737913,-0.00266353524136673));
#7046=CARTESIAN_POINT('',(-0.00805891277559932,0.00911957294737915,-0.00266353524136672));
#7047=CARTESIAN_POINT('',(-0.00787213073025599,0.00944308893985542,-0.00266353524136672));
#7048=CARTESIAN_POINT('',(-0.00768534868491267,0.00976660493233168,-0.00266353524136672));
#7049=CARTESIAN_POINT('',(-0.00749856663956935,0.010090120924808,-0.00266353524136672));
#7050=CARTESIAN_POINT('',(0.00708734122634726,0.0108253175473055,0.));
#7051=CARTESIAN_POINT('',(-0.00410415637398917,0.012419142631068,-0.00594823619097949));
#7052=CARTESIAN_POINT('',(-0.00386832545629601,0.0115390096642415,-0.00266353524136673));
#7053=CARTESIAN_POINT('',(-0.00399037996482764,0.0119945232913744,-0.00436353524136673));
#7054=CARTESIAN_POINT('',(-0.00550517062279989,0.0119945232913744,-0.00436353524136673));
#7055=CARTESIAN_POINT('',(-0.00525200864360065,0.0119945232913744,-0.00436353524136673));
#7056=CARTESIAN_POINT('',(-0.00432220255565806,0.010384051905871,0.0016468257934679));
#7057=CARTESIAN_POINT('',(-0.00498901772835593,0.0115390096642415,-0.00266353524136672));
#7058=CARTESIAN_POINT('',(-0.00498901772835593,0.0115390096642415,-0.00266353524136672));
#7059=CARTESIAN_POINT('',(-0.00461545363766929,0.0115390096642415,-0.00266353524136672));
#7060=CARTESIAN_POINT('',(-0.00424188954698264,0.0115390096642415,-0.00266353524136672));
#7061=CARTESIAN_POINT('',(-0.003868325456296,0.0115390096642415,-0.00266353524136672));
#7062=CARTESIAN_POINT('',(0.00396234122634726,0.0147876587736527,0.));
#7063=CARTESIAN_POINT('',(-0.0014488887394336,0.0119364291334724,-0.000882173520757551));
#7064=CARTESIAN_POINT('',(-0.0014488887394336,0.0124875843679253,-0.00266353524136673));
#7065=CARTESIAN_POINT('',(-0.0014488887394336,0.0130135661984147,-0.00436353524136673));
#7066=CARTESIAN_POINT('',(-0.00243973940357298,0.0124414983007471,-0.00436353524136673));
#7067=CARTESIAN_POINT('',(-0.00254149122539403,0.0123827518590282,-0.00436353524136673));
#7068=CARTESIAN_POINT('',(-0.00222448701620862,0.0111996760441351,5.17638090205039E-5));
#7069=CARTESIAN_POINT('',(-0.0024194367168624,0.0119272382318953,-0.00266353524136673));
#7070=CARTESIAN_POINT('',(-0.00241943671686239,0.0119272382318953,-0.00266353524136672));
#7071=CARTESIAN_POINT('',(-0.00209592072438613,0.0121140202772386,-0.00266353524136672));
#7072=CARTESIAN_POINT('',(-0.00177240473190987,0.012300802322582,-0.00266353524136672));
#7073=CARTESIAN_POINT('',(-0.0014488887394336,0.0124875843679253,-0.00266353524136672));
#7074=CARTESIAN_POINT('',(0.00666867061317363,0.00864984122634726,0.));
#7075=CARTESIAN_POINT('',(0.00265526763455556,0.0128073711987218,-0.0059482361909795));
#7076=CARTESIAN_POINT('',(0.0024194367168624,0.0119272382318953,-0.00266353524136673));
#7077=CARTESIAN_POINT('',(0.00254149122539403,0.0123827518590282,-0.00436353524136673));
#7078=CARTESIAN_POINT('',(0.00122964403417471,0.0131401471880143,-0.00436353524136673));
#7079=CARTESIAN_POINT('',(0.0014488887394336,0.0130135661984147,-0.00436353524136673));
#7080=CARTESIAN_POINT('',(0.0014488887394336,0.0114001950068737,0.000850962421161712));
#7081=CARTESIAN_POINT('',(0.0014488887394336,0.0124875843679253,-0.00266353524136673));
#7082=CARTESIAN_POINT('',(0.00144888873943359,0.0124875843679253,-0.00266353524136672));
#7083=CARTESIAN_POINT('',(0.00177240473190986,0.012300802322582,-0.00266353524136672));
#7084=CARTESIAN_POINT('',(0.00209592072438613,0.0121140202772386,-0.00266353524136672));
#7085=CARTESIAN_POINT('',(0.0024194367168624,0.0119272382318953,-0.00266353524136672));
#7086=CARTESIAN_POINT('',(0.00708734122634726,0.0108253175473055,0.));
#7087=CARTESIAN_POINT('',(0.00463179747299848,0.0109202860324697,-0.000354427211750705));
#7088=CARTESIAN_POINT('',(0.00498901772835593,0.0115390096642415,-0.00266353524136673));
#7089=CARTESIAN_POINT('',(0.00525200864360066,0.0119945232913744,-0.00436353524136673));
#7090=CARTESIAN_POINT('',(0.00410787284826547,0.0119945232913744,-0.00436353524136673));
#7091=CARTESIAN_POINT('',(0.00399037996482763,0.0119945232913744,-0.00436353524136673));
#7092=CARTESIAN_POINT('',(0.00367337575564222,0.0108114474764813,5.1763809020504E-5));
#7093=CARTESIAN_POINT('',(0.003868325456296,0.0115390096642415,-0.00266353524136673));
#7094=CARTESIAN_POINT('',(0.003868325456296,0.0115390096642415,-0.00266353524136672));
#7095=CARTESIAN_POINT('',(0.00424188954698264,0.0115390096642415,-0.00266353524136672));
#7096=CARTESIAN_POINT('',(0.00461545363766929,0.0115390096642415,-0.00266353524136672));
#7097=CARTESIAN_POINT('',(0.00498901772835593,0.0115390096642415,-0.00266353524136672));
#7098=CARTESIAN_POINT('',(0.,0.,-0.006));
#7099=CARTESIAN_POINT('',(0.,-2.4492935982947E-19,-0.006));
#7100=CARTESIAN_POINT('',(-0.0053,-2.4492935982947E-19,-0.006));
#7101=CARTESIAN_POINT('',(0.00407028416176825,0.015190507292962,-0.006));
#7102=CARTESIAN_POINT('',(0.00191363943830614,0.0112952806641691,-0.006));
#7103=CARTESIAN_POINT('',(0.00399037996482763,0.0107388197171986,-0.006));
#7104=CARTESIAN_POINT('',(0.0055051706227999,0.0107388197171986,-0.006));
#7105=CARTESIAN_POINT('',(0.00525200864360066,0.0107388197171986,-0.006));
#7106=CARTESIAN_POINT('',(0.00518394158604638,0.00897885021050151,-0.006));
#7107=CARTESIAN_POINT('',(0.00667408635995493,0.00991778276485294,-0.006));
#7108=CARTESIAN_POINT('',(0.00724615425762252,0.00892693210071356,-0.006));
#7109=CARTESIAN_POINT('',(0.00730490069934144,0.00882518027889251,-0.006));
#7110=CARTESIAN_POINT('',(0.0111202231311938,0.0111202231311938,-0.006));
#7111=CARTESIAN_POINT('',(0.00882518027889252,0.00730490069934144,-0.006));
#7112=CARTESIAN_POINT('',(0.0101370274701118,0.00654750537035531,-0.006));
#7113=CARTESIAN_POINT('',(0.00991778276485294,0.00667408635995493,-0.006));
#7114=CARTESIAN_POINT('',(0.00897885021050151,0.00518394158604638,-0.006));
#7115=CARTESIAN_POINT('',(0.0107388197171986,0.00525200864360066,-0.006));
#7116=CARTESIAN_POINT('',(0.0107388197171986,0.00410787284826548,-0.006));
#7117=CARTESIAN_POINT('',(0.0107388197171986,0.00399037996482764,-0.006));
#7118=CARTESIAN_POINT('',(0.015190507292962,0.00407028416176825,-0.006));
#7119=CARTESIAN_POINT('',(0.0112952806641691,0.00191363943830614,-0.006));
#7120=CARTESIAN_POINT('',(0.0120526759931552,0.000601792247086811,-0.006));
#7121=CARTESIAN_POINT('',(0.0119260950035556,0.000821036952345703,-0.006));
#7122=CARTESIAN_POINT('',(0.0103678831720927,-4.68653789242909E-18,-0.006));
#7123=CARTESIAN_POINT('',(0.0119260950035556,-0.000821036952345713,-0.006));
#7124=CARTESIAN_POINT('',(0.011354027105888,-0.0018118876164851,-0.006));
#7125=CARTESIAN_POINT('',(0.0112952806641691,-0.00191363943830615,-0.006));
#7126=CARTESIAN_POINT('',(0.015190507292962,-0.00407028416176826,-0.006));
#7127=CARTESIAN_POINT('',(0.0107388197171986,-0.00399037996482765,-0.006));
#7128=CARTESIAN_POINT('',(0.0107388197171986,-0.00550517062279989,-0.006));
#7129=CARTESIAN_POINT('',(0.0107388197171986,-0.00525200864360066,-0.006));
#7130=CARTESIAN_POINT('',(0.00897885021050151,-0.00518394158604638,-0.006));
#7131=CARTESIAN_POINT('',(0.00991778276485294,-0.00667408635995493,-0.006));
#7132=CARTESIAN_POINT('',(0.00892693210071357,-0.00724615425762251,-0.006));
#7133=CARTESIAN_POINT('',(0.00882518027889252,-0.00730490069934143,-0.006));
#7134=CARTESIAN_POINT('',(0.0111202231311938,-0.0111202231311937,-0.006));
#7135=CARTESIAN_POINT('',(0.00730490069934144,-0.00882518027889251,-0.006));
#7136=CARTESIAN_POINT('',(0.00654750537035531,-0.0101370274701118,-0.006));
#7137=CARTESIAN_POINT('',(0.00667408635995493,-0.00991778276485295,-0.006));
#7138=CARTESIAN_POINT('',(0.00518394158604638,-0.00897885021050152,-0.006));
#7139=CARTESIAN_POINT('',(0.00525200864360066,-0.0107388197171987,-0.006));
#7140=CARTESIAN_POINT('',(0.00410787284826547,-0.0107388197171987,-0.006));
#7141=CARTESIAN_POINT('',(0.00399037996482763,-0.0107388197171987,-0.006));
#7142=CARTESIAN_POINT('',(0.00407028416176825,-0.015190507292962,-0.006));
#7143=CARTESIAN_POINT('',(0.00191363943830613,-0.0112952806641691,-0.006));
#7144=CARTESIAN_POINT('',(0.000601792247086818,-0.0120526759931552,-0.006));
#7145=CARTESIAN_POINT('',(0.000821036952345708,-0.0119260950035556,-0.006));
#7146=CARTESIAN_POINT('',(-1.3010426069826E-18,-0.0103678831720928,-0.006));
#7147=CARTESIAN_POINT('',(-0.000821036952345711,-0.0119260950035556,-0.006));
#7148=CARTESIAN_POINT('',(-0.00181188761648509,-0.011354027105888,-0.006));
#7149=CARTESIAN_POINT('',(-0.00191363943830615,-0.0112952806641691,-0.006));
#7150=CARTESIAN_POINT('',(-0.00407028416176825,-0.015190507292962,-0.006));
#7151=CARTESIAN_POINT('',(-0.00399037996482764,-0.0107388197171987,-0.006));
#7152=CARTESIAN_POINT('',(-0.00550517062279989,-0.0107388197171987,-0.006));
#7153=CARTESIAN_POINT('',(-0.00525200864360066,-0.0107388197171987,-0.006));
#7154=CARTESIAN_POINT('',(-0.00518394158604638,-0.00897885021050151,-0.006));
#7155=CARTESIAN_POINT('',(-0.00667408635995493,-0.00991778276485294,-0.006));
#7156=CARTESIAN_POINT('',(-0.00724615425762252,-0.00892693210071357,-0.006));
#7157=CARTESIAN_POINT('',(-0.00730490069934144,-0.00882518027889252,-0.006));
#7158=CARTESIAN_POINT('',(-0.0111202231311938,-0.0111202231311938,-0.006));
#7159=CARTESIAN_POINT('',(-0.00882518027889251,-0.00730490069934144,-0.006));
#7160=CARTESIAN_POINT('',(-0.0101370274701118,-0.00654750537035531,-0.006));
#7161=CARTESIAN_POINT('',(-0.00991778276485294,-0.00667408635995493,-0.006));
#7162=CARTESIAN_POINT('',(-0.00897885021050151,-0.00518394158604638,-0.006));
#7163=CARTESIAN_POINT('',(-0.0107388197171986,-0.00525200864360066,-0.006));
#7164=CARTESIAN_POINT('',(-0.0107388197171986,-0.00410787284826548,-0.006));
#7165=CARTESIAN_POINT('',(-0.0107388197171986,-0.00399037996482764,-0.006));
#7166=CARTESIAN_POINT('',(-0.015190507292962,-0.00407028416176825,-0.006));
#7167=CARTESIAN_POINT('',(-0.0112952806641691,-0.00191363943830615,-0.006));
#7168=CARTESIAN_POINT('',(-0.0120526759931552,-0.000601792247086823,-0.006));
#7169=CARTESIAN_POINT('',(-0.0119260950035556,-0.000821036952345711,-0.006));
#7170=CARTESIAN_POINT('',(-0.0103678831720927,-3.89651438832589E-18,-0.006));
#7171=CARTESIAN_POINT('',(-0.0119260950035556,0.000821036952345704,-0.006));
#7172=CARTESIAN_POINT('',(-0.011354027105888,0.00181188761648509,-0.006));
#7173=CARTESIAN_POINT('',(-0.0112952806641691,0.00191363943830614,-0.006));
#7174=CARTESIAN_POINT('',(-0.015190507292962,0.00407028416176825,-0.006));
#7175=CARTESIAN_POINT('',(-0.0107388197171986,0.00399037996482763,-0.006));
#7176=CARTESIAN_POINT('',(-0.0107388197171986,0.00550517062279989,-0.006));
#7177=CARTESIAN_POINT('',(-0.0107388197171986,0.00525200864360065,-0.006));
#7178=CARTESIAN_POINT('',(-0.00897885021050151,0.00518394158604637,-0.006));
#7179=CARTESIAN_POINT('',(-0.00991778276485294,0.00667408635995492,-0.006));
#7180=CARTESIAN_POINT('',(-0.00892693210071357,0.00724615425762251,-0.006));
#7181=CARTESIAN_POINT('',(-0.00882518027889251,0.00730490069934143,-0.006));
#7182=CARTESIAN_POINT('',(-0.0111202231311938,0.0111202231311938,-0.006));
#7183=CARTESIAN_POINT('',(-0.00730490069934144,0.00882518027889251,-0.006));
#7184=CARTESIAN_POINT('',(-0.00654750537035531,0.0101370274701118,-0.006));
#7185=CARTESIAN_POINT('',(-0.00667408635995493,0.00991778276485295,-0.006));
#7186=CARTESIAN_POINT('',(-0.00518394158604638,0.00897885021050151,-0.006));
#7187=CARTESIAN_POINT('',(-0.00525200864360065,0.0107388197171987,-0.006));
#7188=CARTESIAN_POINT('',(-0.00410787284826547,0.0107388197171986,-0.006));
#7189=CARTESIAN_POINT('',(-0.00399037996482764,0.0107388197171986,-0.006));
#7190=CARTESIAN_POINT('',(-0.00407028416176825,0.015190507292962,-0.006));
#7191=CARTESIAN_POINT('',(-0.00191363943830614,0.0112952806641691,-0.006));
#7192=CARTESIAN_POINT('',(-0.00060179224708682,0.0120526759931552,-0.006));
#7193=CARTESIAN_POINT('',(-0.00082103695234571,0.0119260950035556,-0.006));
#7194=CARTESIAN_POINT('',(-1.43858946434608E-18,0.0103678831720927,-0.006));
#7195=CARTESIAN_POINT('',(0.000821036952345706,0.0119260950035556,-0.006));
#7196=CARTESIAN_POINT('',(0.00181188761648509,0.011354027105888,-0.006));
#7197=CARTESIAN_POINT('',(0.00946345763252859,-4.33680868994202E-18,-0.00177685070446573));
#7198=CARTESIAN_POINT('',(0.0103678831720927,-4.68653789242909E-18,-0.0047));
#7199=CARTESIAN_POINT('',(0.0124875843679253,0.0014488887394336,-0.00266353524136672));
#7200=CARTESIAN_POINT('',(0.0129885736634582,0.000547005961628843,-0.00259982192395789));
#7201=CARTESIAN_POINT('',(0.0129885736634605,-0.000547005961624493,-0.00259982192395718));
#7202=CARTESIAN_POINT('',(0.0124875843679253,-0.00144888873943361,-0.00266353524136673));
#7203=CARTESIAN_POINT('',(0.0135756799238115,0.00363759247228869,0.0013266177871225));
#7204=CARTESIAN_POINT('',(0.015190507292962,0.00407028416176825,-0.0047));
#7205=CARTESIAN_POINT('',(0.0115390096642415,0.00386832545629601,-0.00266353524136672));
#7206=CARTESIAN_POINT('',(0.0115350883968897,0.00336070044476025,-0.0026489008723797));
#7207=CARTESIAN_POINT('',(0.0116700298089865,0.00285709223877151,-0.0026489008723796));
#7208=CARTESIAN_POINT('',(0.0119272382318953,0.0024194367168624,-0.00266353524136673));
#7209=CARTESIAN_POINT('',(0.008109051635505,0.00468176314463139,-0.001453867525762));
#7210=CARTESIAN_POINT('',(0.00897885021050151,0.00518394158604638,-0.0047));
#7211=CARTESIAN_POINT('',(0.0100901209248079,0.00749856663956935,-0.00266353524136672));
#7212=CARTESIAN_POINT('',(0.0109561196736889,0.0069792881801851,-0.00260117654241815));
#7213=CARTESIAN_POINT('',(0.0115223007012171,0.0059986338742274,-0.00260117654241773));
#7214=CARTESIAN_POINT('',(0.0115390096642415,0.00498901772835593,-0.00266353524136672));
#7215=CARTESIAN_POINT('',(0.0100168836463331,0.0100168836463331,0.000924908780815099));
#7216=CARTESIAN_POINT('',(0.0111202231311938,0.0111202231311938,-0.0047));
#7217=CARTESIAN_POINT('',(0.00805891277559932,0.00911957294737913,-0.00266353524136673));
#7218=CARTESIAN_POINT('',(0.00830932936422736,0.00867799615811365,-0.00264890087237966));
#7219=CARTESIAN_POINT('',(0.00867799615812132,0.00830932936422274,-0.00264890087237906));
#7220=CARTESIAN_POINT('',(0.00911957294737914,0.00805891277559931,-0.00266353524136673));
#7221=CARTESIAN_POINT('',(0.00457693135759409,0.00792747765410816,-0.000776224201856426));
#7222=CARTESIAN_POINT('',(0.00518394158604638,0.00897885021050151,-0.0047));
#7223=CARTESIAN_POINT('',(0.00498901772835594,0.0115390096642415,-0.00266353524136672));
#7224=CARTESIAN_POINT('',(0.00599863387422573,0.0115223007012171,-0.00260117654241784));
#7225=CARTESIAN_POINT('',(0.0069792881801842,0.0109561196736903,-0.00260117654241778));
#7226=CARTESIAN_POINT('',(0.00749856663956935,0.0100901209248079,-0.00266353524136673));
#7227=CARTESIAN_POINT('',(0.00369341522071184,0.0137840132571448,0.000549107202212314));
#7228=CARTESIAN_POINT('',(0.00407028416176825,0.015190507292962,-0.0047));
#7229=CARTESIAN_POINT('',(0.0024194367168624,0.0119272382318953,-0.00266353524136672));
#7230=CARTESIAN_POINT('',(0.00285709223876869,0.0116700298089879,-0.00264890087237908));
#7231=CARTESIAN_POINT('',(0.00336070044475703,0.0115350883968897,-0.00264890087237961));
#7232=CARTESIAN_POINT('',(0.00386832545629599,0.0115390096642415,-0.00266353524136672));
#7233=CARTESIAN_POINT('',(-8.67361737988404E-19,0.00889064609566031,7.450528585415E-5));
#7234=CARTESIAN_POINT('',(-1.43858946434608E-18,0.0103678831720927,-0.0047));
#7235=CARTESIAN_POINT('',(-0.0014488887394336,0.0124875843679253,-0.00266353524136672));
#7236=CARTESIAN_POINT('',(-0.000566181027525973,0.0129779220544108,-0.00260117654241767));
#7237=CARTESIAN_POINT('',(0.000566181027528085,0.0129779220544097,-0.00260117654241801));
#7238=CARTESIAN_POINT('',(0.0014488887394336,0.0124875843679253,-0.00266353524136672));
#7239=CARTESIAN_POINT('',(-0.00371130686238861,0.0138507857729133,0.000299908780815098));
#7240=CARTESIAN_POINT('',(-0.00407028416176825,0.015190507292962,-0.0047));
#7241=CARTESIAN_POINT('',(-0.00386832545629599,0.0115390096642415,-0.00266353524136672));
#7242=CARTESIAN_POINT('',(-0.00336070044475999,0.0115350883968896,-0.0026489008723792));
#7243=CARTESIAN_POINT('',(-0.00285709223877129,0.0116700298089864,-0.00264890087237907));
#7244=CARTESIAN_POINT('',(-0.0024194367168624,0.0119272382318953,-0.00266353524136672));
#7245=CARTESIAN_POINT('',(-0.00432220255565807,0.00748627442700381,0.000870368658160338));
#7246=CARTESIAN_POINT('',(-0.00518394158604638,0.00897885021050151,-0.0047));
#7247=CARTESIAN_POINT('',(-0.00749856663956935,0.0100901209248079,-0.00266353524136673));
#7248=CARTESIAN_POINT('',(-0.00697928818018327,0.0109561196736921,-0.00260117654241818));
#7249=CARTESIAN_POINT('',(-0.0059986338742239,0.0115223007012174,-0.0026011765424188));
#7250=CARTESIAN_POINT('',(-0.00498901772835594,0.0115390096642415,-0.00266353524136673));
#7251=CARTESIAN_POINT('',(-0.0101504286778701,0.0101504286778701,0.000244086032391949));
#7252=CARTESIAN_POINT('',(-0.0111202231311938,0.0111202231311938,-0.0047));
#7253=CARTESIAN_POINT('',(-0.00911957294737913,0.00805891277559932,-0.00266353524136672));
#7254=CARTESIAN_POINT('',(-0.00867799615811666,0.00830932936422559,-0.00264890087237957));
#7255=CARTESIAN_POINT('',(-0.00830932936422456,0.00867799615811836,-0.00264890087237944));
#7256=CARTESIAN_POINT('',(-0.00805891277559931,0.00911957294737914,-0.00266353524136672));
#7257=CARTESIAN_POINT('',(-0.00734486522969692,0.00424055991752704,0.00139811496716718));
#7258=CARTESIAN_POINT('',(-0.00897885021050151,0.00518394158604637,-0.0047));
#7259=CARTESIAN_POINT('',(-0.0115390096642415,0.00498901772835592,-0.00266353524136673));
#7260=CARTESIAN_POINT('',(-0.0115223007012174,0.00599863387422249,-0.00260117654241876));
#7261=CARTESIAN_POINT('',(-0.0109561196736932,0.0069792881801825,-0.00260117654241775));
#7262=CARTESIAN_POINT('',(-0.0100901209248079,0.00749856663956935,-0.00266353524136673));
#7263=CARTESIAN_POINT('',(-0.0138248783452087,0.00370436498805719,0.000396596617302131));
#7264=CARTESIAN_POINT('',(-0.015190507292962,0.00407028416176825,-0.0047));
#7265=CARTESIAN_POINT('',(-0.0119272382318953,0.0024194367168624,-0.00266353524136672));
#7266=CARTESIAN_POINT('',(-0.0116700298089866,0.00285709223877142,-0.00264890087237986));
#7267=CARTESIAN_POINT('',(-0.0115350883968898,0.00336070044476013,-0.00264890087237998));
#7268=CARTESIAN_POINT('',(-0.0115390096642415,0.00386832545629599,-0.00266353524136672));
#7269=CARTESIAN_POINT('',(-0.00844454242478449,-3.46944695195361E-18,0.0015163350155678));
#7270=CARTESIAN_POINT('',(-0.0103678831720927,-3.89651438832589E-18,-0.0047));
#7271=CARTESIAN_POINT('',(-0.0124875843679253,-0.0014488887394336,-0.00266353524136673));
#7272=CARTESIAN_POINT('',(-0.0129779220544111,-0.000566181027525564,-0.00260117654241793));
#7273=CARTESIAN_POINT('',(-0.0129779220544096,0.000566181027528494,-0.00260117654241841));
#7274=CARTESIAN_POINT('',(-0.0124875843679253,0.0014488887394336,-0.00266353524136673));
#7275=CARTESIAN_POINT('',(-0.013739140276067,-0.00368139154167008,0.000716575447481765));
#7276=CARTESIAN_POINT('',(-0.015190507292962,-0.00407028416176825,-0.0047));
#7277=CARTESIAN_POINT('',(-0.0115390096642415,-0.003868325456296,-0.00266353524136673));
#7278=CARTESIAN_POINT('',(-0.0115350883968895,-0.0033607004447691,-0.00264890087237883));
#7279=CARTESIAN_POINT('',(-0.0116700298089821,-0.00285709223877926,-0.00264890087237992));
#7280=CARTESIAN_POINT('',(-0.0119272382318953,-0.0024194367168624,-0.00266353524136672));
#7281=CARTESIAN_POINT('',(-0.00739973134510131,-0.00427223688402516,0.00119335183686406));
#7282=CARTESIAN_POINT('',(-0.00897885021050151,-0.00518394158604638,-0.0047));
#7283=CARTESIAN_POINT('',(-0.0100901209248079,-0.00749856663956935,-0.00266353524136673));
#7284=CARTESIAN_POINT('',(-0.0109561196736897,-0.00697928818018467,-0.00260117654241833));
#7285=CARTESIAN_POINT('',(-0.0115223007012172,-0.00599863387422657,-0.00260117654241817));
#7286=CARTESIAN_POINT('',(-0.0115390096642415,-0.00498901772835593,-0.00266353524136673));
#7287=CARTESIAN_POINT('',(-0.00997895253958668,-0.00997895253958669,0.00111828445378916));
#7288=CARTESIAN_POINT('',(-0.0111202231311938,-0.0111202231311938,-0.0047));
#7289=CARTESIAN_POINT('',(-0.00805891277559932,-0.00911957294737913,-0.00266353524136672));
#7290=CARTESIAN_POINT('',(-0.00830932936422664,-0.00867799615811505,-0.00264890087237996));
#7291=CARTESIAN_POINT('',(-0.00867799615812007,-0.00830932936422362,-0.00264890087237956));
#7292=CARTESIAN_POINT('',(-0.00911957294737914,-0.00805891277559932,-0.00266353524136672));
#7293=CARTESIAN_POINT('',(-0.00437706867106246,-0.00758130532649815,0.000515708512958495));
#7294=CARTESIAN_POINT('',(-0.00518394158604638,-0.00897885021050151,-0.0047));
#7295=CARTESIAN_POINT('',(-0.00498901772835592,-0.0115390096642415,-0.00266353524136673));
#7296=CARTESIAN_POINT('',(-0.00599863387422313,-0.0115223007012173,-0.00260117654241862));
#7297=CARTESIAN_POINT('',(-0.00697928818018284,-0.0109561196736926,-0.00260117654241779));
#7298=CARTESIAN_POINT('',(-0.00749856663956935,-0.0100901209248079,-0.00266353524136672));
#7299=CARTESIAN_POINT('',(-0.00362556879324692,-0.0135308069427337,0.00149408603239195));
#7300=CARTESIAN_POINT('',(-0.00407028416176825,-0.015190507292962,-0.0047));
#7301=CARTESIAN_POINT('',(-0.00241943671686241,-0.0119272382318953,-0.00266353524136672));
#7302=CARTESIAN_POINT('',(-0.00285709223877214,-0.0116700298089862,-0.00264890087237987));
#7303=CARTESIAN_POINT('',(-0.00336070044476095,-0.0115350883968898,-0.00264890087237988));
#7304=CARTESIAN_POINT('',(-0.00386832545629601,-0.0115390096642415,-0.00266353524136672));
#7305=CARTESIAN_POINT('',(-1.3010426069826E-18,-0.00901735396165277,-0.000335020974752081));
#7306=CARTESIAN_POINT('',(-1.3010426069826E-18,-0.0103678831720928,-0.0047));
#7307=CARTESIAN_POINT('',(0.0014488887394336,-0.0124875843679253,-0.00266353524136673));
#7308=CARTESIAN_POINT('',(0.00054700596163514,-0.0129885736634549,-0.00259982192395891));
#7309=CARTESIAN_POINT('',(-0.000547005961629347,-0.0129885736634579,-0.00259982192395797));
#7310=CARTESIAN_POINT('',(-0.0014488887394336,-0.0124875843679253,-0.00266353524136673));
#7311=CARTESIAN_POINT('',(0.00360767715157015,-0.0134640344269652,0.00174328445378916));
#7312=CARTESIAN_POINT('',(0.00407028416176825,-0.015190507292962,-0.0047));
#7313=CARTESIAN_POINT('',(0.00386832545629601,-0.0115390096642415,-0.00266353524136672));
#7314=CARTESIAN_POINT('',(0.00336070044476003,-0.0115350883968898,-0.00264890087237983));
#7315=CARTESIAN_POINT('',(0.00285709223877132,-0.0116700298089866,-0.0026489008723797));
#7316=CARTESIAN_POINT('',(0.0024194367168624,-0.0119272382318953,-0.00266353524136672));
#7317=CARTESIAN_POINT('',(0.00463179747299848,-0.0080225085536025,-0.00113088434705827));
#7318=CARTESIAN_POINT('',(0.00518394158604638,-0.00897885021050152,-0.0047));
#7319=CARTESIAN_POINT('',(0.00749856663956935,-0.0100901209248079,-0.00266353524136673));
#7320=CARTESIAN_POINT('',(0.00697928818018546,-0.0109561196736884,-0.0026011765424183));
#7321=CARTESIAN_POINT('',(0.00599863387422808,-0.0115223007012171,-0.00260117654241769));
#7322=CARTESIAN_POINT('',(0.00498901772835593,-0.0115390096642415,-0.00266353524136673));
#7323=CARTESIAN_POINT('',(0.0098454075080497,-0.00984540750804969,0.00179910720221231));
#7324=CARTESIAN_POINT('',(0.0111202231311938,-0.0111202231311937,-0.0047));
#7325=CARTESIAN_POINT('',(0.00911957294737915,-0.0080589127755993,-0.00266353524136672));
#7326=CARTESIAN_POINT('',(0.00867799615811779,-0.00830932936422484,-0.00264890087237927));
#7327=CARTESIAN_POINT('',(0.00830932936422523,-0.00867799615811716,-0.00264890087237932));
#7328=CARTESIAN_POINT('',(0.00805891277559932,-0.00911957294737913,-0.00266353524136672));
#7329=CARTESIAN_POINT('',(0.00816391775090938,-0.0047134401111295,-0.00165863065606511));
#7330=CARTESIAN_POINT('',(0.00897885021050151,-0.00518394158604638,-0.0047));
#7331=CARTESIAN_POINT('',(0.0115390096642415,-0.00498901772835592,-0.00266353524136673));
#7332=CARTESIAN_POINT('',(0.0115223007012173,-0.00599863387422429,-0.00260117654241845));
#7333=CARTESIAN_POINT('',(0.0109561196736916,-0.00697928818018346,-0.00260117654241796));
#7334=CARTESIAN_POINT('',(0.0100901209248079,-0.00749856663956935,-0.00266353524136673));
#7335=CARTESIAN_POINT('',(0.0134899418546698,-0.00361461902590159,0.00164659661730213));
#7336=CARTESIAN_POINT('',(0.015190507292962,-0.00407028416176826,-0.0047));
#7337=CARTESIAN_POINT('',(0.0119272382318953,-0.00241943671686241,-0.00266353524136672));
#7338=CARTESIAN_POINT('',(0.0116700298089873,-0.00285709223877006,-0.00264890087237963));
#7339=CARTESIAN_POINT('',(0.0115350883968898,-0.00336070044475859,-0.00264890087237996));
#7340=CARTESIAN_POINT('',(0.0115390096642415,-0.00386832545629601,-0.00266353524136672));
#7341=CARTESIAN_POINT('',(-0.00805891277559932,0.00911957294737912,-0.00266353524136673));
#7342=CARTESIAN_POINT('',(-0.00749856663956935,0.0100901209248079,-0.00266353524136673));
#7343=CARTESIAN_POINT('',(-0.00789546202044929,0.00902520460989401,-0.00195916038112602));
#7344=CARTESIAN_POINT('',(-0.00733511588441932,0.00999575258732284,-0.00195916038112602));
#7345=CARTESIAN_POINT('',(-0.00746906267032671,0.00877902283031848,-0.000505645939460739));
#7346=CARTESIAN_POINT('',(-0.00690871653429674,0.0097495708077473,-0.000505645939460739));
#7347=CARTESIAN_POINT('',(-0.00709557379389413,0.00856338892697079,1.57237462864498E-16));
#7348=CARTESIAN_POINT('',(-0.00653522765786416,0.00953393690439961,1.57237462864498E-16));
#7349=CARTESIAN_POINT('',(-0.00697144158074016,0.00849172116029123,9.58528685992985E-22));
#7350=CARTESIAN_POINT('',(-0.00641109544471019,0.00946226913772005,9.58528685992985E-22));
#7351=CARTESIAN_POINT('',(-0.0064110954447102,0.00946226913772004,9.75032080202361E-22));
#7352=CARTESIAN_POINT('',(-0.00653522765786417,0.0095339369043996,1.53689514370316E-16));
#7353=CARTESIAN_POINT('',(-0.00690871653429676,0.00974957080774729,-0.000505645939460747));
#7354=CARTESIAN_POINT('',(-0.00733511588441933,0.00999575258732283,-0.00195916038112603));
#7355=CARTESIAN_POINT('',(-0.00749856663956935,0.0100901209248079,-0.00266353524136673));
#7356=CARTESIAN_POINT('',(-0.00805891277559931,0.00911957294737913,-0.00266353524136673));
#7357=CARTESIAN_POINT('',(-0.00789546202044929,0.00902520460989402,-0.00195916038112603));
#7358=CARTESIAN_POINT('',(-0.00746906267032672,0.00877902283031849,-0.000505645939460768));
#7359=CARTESIAN_POINT('',(-0.00709557379389414,0.0085633889269708,1.4560650033406E-16));
#7360=CARTESIAN_POINT('',(-0.00697144158074017,0.00849172116029124,9.72358618227001E-22));
#7361=CARTESIAN_POINT('',(-0.00697144158074017,0.00849172116029124,0.));
#7362=CARTESIAN_POINT('',(-0.00733503459885482,0.00786195957964446,0.));
#7363=CARTESIAN_POINT('',(-0.00786195957964393,0.00733503459885425,0.));
#7364=CARTESIAN_POINT('',(-0.00849172116029124,0.00697144158074016,0.));
#7365=CARTESIAN_POINT('',(-0.00744083727185201,0.00876272688891111,-2.71050543121376E-20));
#7366=CARTESIAN_POINT('',(-0.00772774956801509,0.00819927899092047,1.37655962284104E-16));
#7367=CARTESIAN_POINT('',(-0.00819927899091986,0.00772774956801444,2.05524887493352E-15));
#7368=CARTESIAN_POINT('',(-0.00876272688891111,0.00744083727185201,-1.62630325872826E-19));
#7369=CARTESIAN_POINT('',(-0.00805891277559932,0.00911957294737913,-0.00266353524136673));
#7370=CARTESIAN_POINT('',(-0.00830972645747913,0.00867729593627862,-0.0026488776662123));
#7371=CARTESIAN_POINT('',(-0.00867729593627865,0.00830972645747917,-0.00264887766621249));
#7372=CARTESIAN_POINT('',(-0.00911957294737913,0.00805891277559931,-0.00266353524136673));
#7373=CARTESIAN_POINT('',(-0.00849172116029124,0.00697144158074016,2.34009162846811E-22));
#7374=CARTESIAN_POINT('',(-0.00856338892697079,0.00709557379389412,-2.23530509906488E-16));
#7375=CARTESIAN_POINT('',(-0.00877902283031844,0.00746906267032666,-0.00050564593946168));
#7376=CARTESIAN_POINT('',(-0.00902520460989399,0.00789546202044923,-0.00195916038112635));
#7377=CARTESIAN_POINT('',(-0.00911957294737913,0.00805891277559931,-0.00266353524136673));
#7378=CARTESIAN_POINT('',(-0.00749856663956935,0.0100901209248079,-0.00266353524136673));
#7379=CARTESIAN_POINT('',(-0.00723879461849835,0.0105233417549355,-0.00263233994534699));
#7380=CARTESIAN_POINT('',(-0.00686817049766917,0.0108879497639499,-0.00261575025331962));
#7381=CARTESIAN_POINT('',(-0.00599515584187486,0.0113919850104793,-0.00261575025331972));
#7382=CARTESIAN_POINT('',(-0.00549408398323048,0.0115306509098654,-0.00263233994534717));
#7383=CARTESIAN_POINT('',(-0.00498901772835593,0.0115390096642415,-0.00266353524136673));
#7384=CARTESIAN_POINT('',(-0.00688049113582204,0.00973327486633991,0.));
#7385=CARTESIAN_POINT('',(-0.00663002440309517,0.0100264152126195,6.21409563991628E-17));
#7386=CARTESIAN_POINT('',(-0.00634024749523139,0.010258228694214,0.));
#7387=CARTESIAN_POINT('',(-0.00571376289940418,0.0106199297442582,0.));
#7388=CARTESIAN_POINT('',(-0.00536811808147175,0.010754977167102,0.));
#7389=CARTESIAN_POINT('',(-0.00498901772835593,0.0108253175473055,0.));
#7390=CARTESIAN_POINT('',(-0.0064110954447102,0.00946226913772004,0.));
#7391=CARTESIAN_POINT('',(-0.00626661853658493,0.00971251048308458,0.));
#7392=CARTESIAN_POINT('',(-0.00605805997021392,0.00992162771764307,0.));
#7393=CARTESIAN_POINT('',(-0.0055633516652638,0.0102072476906765,0.));
#7394=CARTESIAN_POINT('',(-0.00527797154458141,0.0102833060900517,0.));
#7395=CARTESIAN_POINT('',(-0.00498901772835593,0.0102833060900657,0.));
#7396=CARTESIAN_POINT('',(-0.00498901772835593,0.0115390096642415,-0.00266353524136673));
#7397=CARTESIAN_POINT('',(-0.00498901772835593,0.0113502729892713,-0.00195916038112616));
#7398=CARTESIAN_POINT('',(-0.00498901772835591,0.0108579094301202,-0.00050564593946112));
#7399=CARTESIAN_POINT('',(-0.00498901772835591,0.0104266416234248,3.95288138502193E-18));
#7400=CARTESIAN_POINT('',(-0.00498901772835593,0.0102833060900657,-1.03327679521253E-21));
#7401=CARTESIAN_POINT('',(-0.0100901209248079,0.00749856663956935,-0.00266353524136673));
#7402=CARTESIAN_POINT('',(-0.00911957294737913,0.00805891277559931,-0.00266353524136673));
#7403=CARTESIAN_POINT('',(-0.00999575258732279,0.00733511588441928,-0.00195916038112634));
#7404=CARTESIAN_POINT('',(-0.00902520460989399,0.00789546202044923,-0.00195916038112634));
#7405=CARTESIAN_POINT('',(-0.00974957080774724,0.0069087165342967,-0.000505645939461657));
#7406=CARTESIAN_POINT('',(-0.00877902283031844,0.00746906267032665,-0.000505645939461657));
#7407=CARTESIAN_POINT('',(-0.00953393690439958,0.00653522765786416,-2.14462103759293E-16));
#7408=CARTESIAN_POINT('',(-0.00856338892697078,0.00709557379389412,-2.14462103759293E-16));
#7409=CARTESIAN_POINT('',(-0.00946226913772003,0.0064110954447102,2.18096691351732E-22));
#7410=CARTESIAN_POINT('',(-0.00849172116029123,0.00697144158074015,2.18096691351732E-22));
#7411=CARTESIAN_POINT('',(-0.0100901209248079,0.00749856663956936,-0.00266353524136672));
#7412=CARTESIAN_POINT('',(-0.00999575258732278,0.00733511588441928,-0.00195916038112634));
#7413=CARTESIAN_POINT('',(-0.00974957080774724,0.0069087165342967,-0.000505645939461656));
#7414=CARTESIAN_POINT('',(-0.00953393690439958,0.00653522765786416,-2.14560088712681E-16));
#7415=CARTESIAN_POINT('',(-0.00946226913772003,0.0064110954447102,2.2643516658111E-22));
#7416=CARTESIAN_POINT('',(-0.00498901772835593,0.0115390096642415,-0.00266353524136673));
#7417=CARTESIAN_POINT('',(-0.00386832545629599,0.0115390096642415,-0.00266353524136673));
#7418=CARTESIAN_POINT('',(-0.00498901772835593,0.0113502729892713,-0.00195916038112616));
#7419=CARTESIAN_POINT('',(-0.00386832545629599,0.0113502729892713,-0.00195916038112616));
#7420=CARTESIAN_POINT('',(-0.00498901772835591,0.0108579094301202,-0.00050564593946112));
#7421=CARTESIAN_POINT('',(-0.00386832545629597,0.0108579094301202,-0.00050564593946112));
#7422=CARTESIAN_POINT('',(-0.00498901772835592,0.0104266416234248,3.95288138502193E-18));
#7423=CARTESIAN_POINT('',(-0.00386832545629598,0.0104266416234248,3.95288138502193E-18));
#7424=CARTESIAN_POINT('',(-0.00498901772835594,0.0102833060900657,-1.03327679521253E-21));
#7425=CARTESIAN_POINT('',(-0.00386832545629599,0.0102833060900657,-1.03327679521253E-21));
#7426=CARTESIAN_POINT('',(-0.003868325456296,0.0102833060900657,-1.04669770331957E-21));
#7427=CARTESIAN_POINT('',(-0.00386832545629598,0.0104266416234248,1.19264509168432E-18));
#7428=CARTESIAN_POINT('',(-0.00386832545629597,0.0108579094301202,-0.000505645939461126));
#7429=CARTESIAN_POINT('',(-0.00386832545629599,0.0113502729892713,-0.00195916038112616));
#7430=CARTESIAN_POINT('',(-0.003868325456296,0.0115390096642415,-0.00266353524136673));
#7431=CARTESIAN_POINT('',(-0.0115390096642415,0.00498901772835593,-0.00266353524136673));
#7432=CARTESIAN_POINT('',(-0.0115306509098654,0.00549408398323046,-0.00263233994534711));
#7433=CARTESIAN_POINT('',(-0.0113919850104793,0.00599515584187486,-0.00261575025331963));
#7434=CARTESIAN_POINT('',(-0.01088794976395,0.00686817049766916,-0.0026157502533197));
#7435=CARTESIAN_POINT('',(-0.0105233417549354,0.00723879461849832,-0.00263233994534682));
#7436=CARTESIAN_POINT('',(-0.0100901209248079,0.00749856663956935,-0.00266353524136673));
#7437=CARTESIAN_POINT('',(-0.0108253175473055,0.00498901772835593,0.));
#7438=CARTESIAN_POINT('',(-0.0107549771671015,0.00536811808147164,0.));
#7439=CARTESIAN_POINT('',(-0.010619929744258,0.00571376289940418,-6.19339626253372E-17));
#7440=CARTESIAN_POINT('',(-0.0102582286942142,0.00634024749523141,6.19339626253372E-17));
#7441=CARTESIAN_POINT('',(-0.0100264152126189,0.00663002440309474,1.85989188328618E-16));
#7442=CARTESIAN_POINT('',(-0.00973327486633991,0.00688049113582204,-4.33680868994202E-19));
#7443=CARTESIAN_POINT('',(-0.0102833060900657,0.00498901772835592,0.));
#7444=CARTESIAN_POINT('',(-0.0102833060900517,0.00527797154458141,0.));
#7445=CARTESIAN_POINT('',(-0.0102072476906765,0.0055633516652638,0.));
#7446=CARTESIAN_POINT('',(-0.00992162771764306,0.00605805997021392,0.));
#7447=CARTESIAN_POINT('',(-0.00971251048308457,0.00626661853658492,0.));
#7448=CARTESIAN_POINT('',(-0.00946226913772003,0.0064110954447102,0.));
#7449=CARTESIAN_POINT('',(-0.0102833060900657,0.00498901772835592,-1.04669770331957E-21));
#7450=CARTESIAN_POINT('',(-0.0104266416234248,0.00498901772835592,1.19264509168432E-18));
#7451=CARTESIAN_POINT('',(-0.0108579094301202,0.00498901772835592,-0.000505645939461126));
#7452=CARTESIAN_POINT('',(-0.0113502729892713,0.00498901772835593,-0.00195916038112616));
#7453=CARTESIAN_POINT('',(-0.0115390096642415,0.00498901772835593,-0.00266353524136673));
#7454=CARTESIAN_POINT('',(-0.0017915849297745,0.0108397670370362,0.));
#7455=CARTESIAN_POINT('',(-0.00242134651042149,0.010476174018926,0.));
#7456=CARTESIAN_POINT('',(-0.0031411394200727,0.0102833060900651,0.));
#7457=CARTESIAN_POINT('',(-0.003868325456296,0.0102833060900657,0.));
#7458=CARTESIAN_POINT('',(-0.00206259065839437,0.011309162728148,-1.35525271560688E-19));
#7459=CARTESIAN_POINT('',(-0.00259278794452224,0.0109646586828585,6.68610801796093E-16));
#7460=CARTESIAN_POINT('',(-0.00323690911484759,0.0107920669354452,-1.67078161549954E-16));
#7461=CARTESIAN_POINT('',(-0.003868325456296,0.0108253175473055,1.0842021724855E-19));
#7462=CARTESIAN_POINT('',(-0.0024194367168624,0.0119272382318953,-0.00266353524136673));
#7463=CARTESIAN_POINT('',(-0.0028577862425371,0.0116696219457123,-0.00264887766621194));
#7464=CARTESIAN_POINT('',(-0.00335989548823336,0.0115350821788159,-0.00264887766621212));
#7465=CARTESIAN_POINT('',(-0.003868325456296,0.0115390096642415,-0.00266353524136673));
#7466=CARTESIAN_POINT('',(-0.00241943671686239,0.0119272382318953,-0.00266353524136673));
#7467=CARTESIAN_POINT('',(-0.0023250683793773,0.0117637874767453,-0.00195916038112618));
#7468=CARTESIAN_POINT('',(-0.00207888659980182,0.0113373881266229,-0.000505645939461194));
#7469=CARTESIAN_POINT('',(-0.00186325269645409,0.0109638992501903,-2.55549034888888E-17));
#7470=CARTESIAN_POINT('',(-0.00179158492977451,0.0108397670370362,3.29365551581637E-22));
#7471=CARTESIAN_POINT('',(-0.0115390096642415,0.00386832545629599,-0.00266353524136673));
#7472=CARTESIAN_POINT('',(-0.0115390096642415,0.00498901772835593,-0.00266353524136673));
#7473=CARTESIAN_POINT('',(-0.0113502729892713,0.00386832545629599,-0.00195916038112616));
#7474=CARTESIAN_POINT('',(-0.0113502729892713,0.00498901772835593,-0.00195916038112616));
#7475=CARTESIAN_POINT('',(-0.0108579094301202,0.00386832545629599,-0.000505645939461119));
#7476=CARTESIAN_POINT('',(-0.0108579094301202,0.00498901772835593,-0.000505645939461119));
#7477=CARTESIAN_POINT('',(-0.0104266416234248,0.00386832545629599,3.95288138502193E-18));
#7478=CARTESIAN_POINT('',(-0.0104266416234248,0.00498901772835593,3.95288138502193E-18));
#7479=CARTESIAN_POINT('',(-0.0102833060900657,0.00386832545629599,-1.03327679521253E-21));
#7480=CARTESIAN_POINT('',(-0.0102833060900657,0.00498901772835593,-1.03327679521253E-21));
#7481=CARTESIAN_POINT('',(-0.0115390096642415,0.003868325456296,-0.00266353524136673));
#7482=CARTESIAN_POINT('',(-0.0113502729892713,0.003868325456296,-0.00195916038112616));
#7483=CARTESIAN_POINT('',(-0.0108579094301202,0.003868325456296,-0.000505645939461119));
#7484=CARTESIAN_POINT('',(-0.0104266416234248,0.003868325456296,3.95288138502193E-18));
#7485=CARTESIAN_POINT('',(-0.0102833060900657,0.003868325456296,-1.03327679521253E-21));
#7486=CARTESIAN_POINT('',(-0.00241943671686239,0.0119272382318953,-0.00266353524136673));
#7487=CARTESIAN_POINT('',(-0.00144888873943361,0.0124875843679253,-0.00266353524136673));
#7488=CARTESIAN_POINT('',(-0.0023250683793773,0.0117637874767453,-0.00195916038112615));
#7489=CARTESIAN_POINT('',(-0.00135452040194852,0.0123241336127753,-0.00195916038112615));
#7490=CARTESIAN_POINT('',(-0.0020788865998018,0.0113373881266229,-0.000505645939461091));
#7491=CARTESIAN_POINT('',(-0.00110833862237302,0.0118977342626529,-0.000505645939461091));
#7492=CARTESIAN_POINT('',(-0.00186325269645407,0.0109638992501902,1.65344609165119E-17));
#7493=CARTESIAN_POINT('',(-0.000892704719025292,0.0115242453862202,1.65344609165119E-17));
#7494=CARTESIAN_POINT('',(-0.00179158492977449,0.0108397670370361,3.41055297230191E-22));
#7495=CARTESIAN_POINT('',(-0.000821036952345705,0.0114001131730661,3.41055297230191E-22));
#7496=CARTESIAN_POINT('',(-0.000821036952345709,0.0114001131730661,3.53641513389547E-22));
#7497=CARTESIAN_POINT('',(-0.000892704719025295,0.0115242453862202,1.49577390786688E-17));
#7498=CARTESIAN_POINT('',(-0.00110833862237302,0.0118977342626529,-0.000505645939461092));
#7499=CARTESIAN_POINT('',(-0.00135452040194852,0.0123241336127753,-0.00195916038112614));
#7500=CARTESIAN_POINT('',(-0.00144888873943361,0.0124875843679253,-0.00266353524136672));
#7501=CARTESIAN_POINT('',(-0.0102833060900657,0.003868325456296,0.));
#7502=CARTESIAN_POINT('',(-0.0102833060900676,0.00314113942007078,0.));
#7503=CARTESIAN_POINT('',(-0.010476174018926,0.00242134651042405,0.));
#7504=CARTESIAN_POINT('',(-0.0108397670370362,0.00179158492977451,0.));
#7505=CARTESIAN_POINT('',(-0.0108253175473055,0.003868325456296,1.89735380184963E-19));
#7506=CARTESIAN_POINT('',(-0.0107920669354474,0.00323690911484274,-2.55507389677438E-16));
#7507=CARTESIAN_POINT('',(-0.0109646586828607,0.00259278794452844,-2.85146429378935E-16));
#7508=CARTESIAN_POINT('',(-0.011309162728148,0.00206259065839437,5.42101086242752E-20));
#7509=CARTESIAN_POINT('',(-0.0115390096642415,0.003868325456296,-0.00266353524136673));
#7510=CARTESIAN_POINT('',(-0.0115350821788161,0.00335989548823303,-0.00264887766621289));
#7511=CARTESIAN_POINT('',(-0.0116696219457123,0.0028577862425375,-0.00264887766621272));
#7512=CARTESIAN_POINT('',(-0.0119272382318953,0.0024194367168624,-0.00266353524136673));
#7513=CARTESIAN_POINT('',(-0.0108397670370362,0.00179158492977451,-1.12795530302518E-21));
#7514=CARTESIAN_POINT('',(-0.0109638992501901,0.00186325269645406,-1.03672870377739E-16));
#7515=CARTESIAN_POINT('',(-0.0113373881266227,0.00207888659980174,-0.000505645939461358));
#7516=CARTESIAN_POINT('',(-0.0117637874767453,0.00232506837937728,-0.00195916038112625));
#7517=CARTESIAN_POINT('',(-0.0119272382318953,0.0024194367168624,-0.00266353524136672));
#7518=CARTESIAN_POINT('',(-0.0014488887394336,0.0124875843679253,-0.00266353524136673));
#7519=CARTESIAN_POINT('',(-0.0010073091549299,0.0127328786017287,-0.0026323399453467));
#7520=CARTESIAN_POINT('',(-0.000504035246529333,0.012863326339544,-0.00261575025331967));
#7521=CARTESIAN_POINT('',(0.000504035246529328,0.012863326339544,-0.00261575025331967));
#7522=CARTESIAN_POINT('',(0.0010073091549299,0.0127328786017288,-0.0026323399453468));
#7523=CARTESIAN_POINT('',(0.0014488887394336,0.0124875843679253,-0.00266353524136673));
#7524=CARTESIAN_POINT('',(-0.00109204268096558,0.011869508864178,0.));
#7525=CARTESIAN_POINT('',(-0.000728561954481501,0.0119981424845667,-6.21409563991454E-17));
#7526=CARTESIAN_POINT('',(-0.00036170105004398,0.0120540103946356,4.33680868994202E-19));
#7527=CARTESIAN_POINT('',(0.000361701050043976,0.0120540103946356,4.33680868994202E-19));
#7528=CARTESIAN_POINT('',(0.000728561954481326,0.0119981424845662,-6.21409563991483E-17));
#7529=CARTESIAN_POINT('',(0.00109204268096557,0.011869508864178,0.));
#7530=CARTESIAN_POINT('',(-0.000821036952345709,0.0114001131730661,0.));
#7531=CARTESIAN_POINT('',(-0.000570795606966719,0.0115445900811663,0.));
#7532=CARTESIAN_POINT('',(-0.000285619973033289,0.0116214116354777,0.));
#7533=CARTESIAN_POINT('',(0.000285619973033285,0.0116214116354777,0.));
#7534=CARTESIAN_POINT('',(0.000570795606966721,0.0115445900811663,0.));
#7535=CARTESIAN_POINT('',(0.000821036952345705,0.0114001131730661,0.));
#7536=CARTESIAN_POINT('',(0.00144888873943359,0.0124875843679253,-0.00266353524136673));
#7537=CARTESIAN_POINT('',(0.00135452040194846,0.0123241336127752,-0.00195916038112593));
#7538=CARTESIAN_POINT('',(0.00110833862237285,0.0118977342626525,-0.000505645939460444));
#7539=CARTESIAN_POINT('',(0.00089270471902521,0.01152424538622,2.74171694275064E-16));
#7540=CARTESIAN_POINT('',(0.000821036952345705,0.0114001131730661,-3.82320697287954E-20));
#7541=CARTESIAN_POINT('',(-0.0124875843679253,0.0014488887394336,-0.00266353524136673));
#7542=CARTESIAN_POINT('',(-0.0119272382318953,0.0024194367168624,-0.00266353524136673));
#7543=CARTESIAN_POINT('',(-0.0123241336127752,0.00135452040194848,-0.00195916038112623));
#7544=CARTESIAN_POINT('',(-0.0117637874767453,0.00232506837937728,-0.00195916038112623));
#7545=CARTESIAN_POINT('',(-0.0118977342626526,0.00110833862237293,-0.000505645939461307));
#7546=CARTESIAN_POINT('',(-0.0113373881266226,0.00207888659980173,-0.000505645939461307));
#7547=CARTESIAN_POINT('',(-0.0115242453862201,0.000892704719025248,-8.28742342442407E-17));
#7548=CARTESIAN_POINT('',(-0.0109638992501901,0.00186325269645405,-8.28742342442407E-17));
#7549=CARTESIAN_POINT('',(-0.0114001131730661,0.000821036952345695,-1.14502470348705E-21));
#7550=CARTESIAN_POINT('',(-0.0108397670370361,0.0017915849297745,-1.14502470348705E-21));
#7551=CARTESIAN_POINT('',(-0.0124875843679253,0.0014488887394336,-0.00266353524136672));
#7552=CARTESIAN_POINT('',(-0.0123241336127752,0.00135452040194848,-0.00195916038112622));
#7553=CARTESIAN_POINT('',(-0.0118977342626526,0.00110833862237293,-0.000505645939461306));
#7554=CARTESIAN_POINT('',(-0.0115242453862201,0.000892704719025252,-8.28742342442405E-17));
#7555=CARTESIAN_POINT('',(-0.0114001131730661,0.000821036952345699,-1.14502470348705E-21));
#7556=CARTESIAN_POINT('',(0.00144888873943359,0.0124875843679253,-0.00266353524136673));
#7557=CARTESIAN_POINT('',(0.00241943671686241,0.0119272382318953,-0.00266353524136673));
#7558=CARTESIAN_POINT('',(0.00135452040194845,0.0123241336127752,-0.00195916038112592));
#7559=CARTESIAN_POINT('',(0.00232506837937727,0.0117637874767452,-0.00195916038112592));
#7560=CARTESIAN_POINT('',(0.00110833862237284,0.0118977342626525,-0.00050564593946039));
#7561=CARTESIAN_POINT('',(0.00207888659980166,0.0113373881266225,-0.00050564593946039));
#7562=CARTESIAN_POINT('',(0.000892704719025195,0.01152424538622,2.95857300831189E-16));
#7563=CARTESIAN_POINT('',(0.00186325269645402,0.01096389925019,2.95935715977428E-16));
#7564=CARTESIAN_POINT('',(0.000821036952345692,0.0114001131730661,-3.82165681848146E-20));
#7565=CARTESIAN_POINT('',(0.00179158492977451,0.0108397670370362,4.01985780540404E-20));
#7566=CARTESIAN_POINT('',(0.00179158492977451,0.0108397670370362,4.01905059774941E-20));
#7567=CARTESIAN_POINT('',(0.00186325269645401,0.01096389925019,2.92978693877062E-16));
#7568=CARTESIAN_POINT('',(0.00207888659980166,0.0113373881266225,-0.000505645939460396));
#7569=CARTESIAN_POINT('',(0.00232506837937727,0.0117637874767452,-0.00195916038112591));
#7570=CARTESIAN_POINT('',(0.00241943671686241,0.0119272382318953,-0.00266353524136672));
#7571=CARTESIAN_POINT('',(-0.0124875843679253,-0.00144888873943361,-0.00266353524136673));
#7572=CARTESIAN_POINT('',(-0.0127328786017288,-0.00100730915492992,-0.00263233994534685));
#7573=CARTESIAN_POINT('',(-0.012863326339544,-0.000504035246529337,-0.00261575025331966));
#7574=CARTESIAN_POINT('',(-0.012863326339544,0.000504035246529324,-0.00261575025331966));
#7575=CARTESIAN_POINT('',(-0.0127328786017288,0.00100730915492991,-0.00263233994534699));
#7576=CARTESIAN_POINT('',(-0.0124875843679253,0.00144888873943359,-0.00266353524136672));
#7577=CARTESIAN_POINT('',(-0.011869508864178,-0.00109204268096558,0.));
#7578=CARTESIAN_POINT('',(-0.011998142484567,-0.000728561954481638,-6.21409563992072E-17));
#7579=CARTESIAN_POINT('',(-0.0120540103946356,-0.000361701050043983,-4.33680868994201E-19));
#7580=CARTESIAN_POINT('',(-0.0120540103946356,0.000361701050043971,-4.33680868994201E-19));
#7581=CARTESIAN_POINT('',(-0.0119981424845669,0.000728561954481587,-2.48563825596602E-16));
#7582=CARTESIAN_POINT('',(-0.011869508864178,0.00109204268096557,0.));
#7583=CARTESIAN_POINT('',(-0.0114001131730661,-0.000821036952345712,0.));
#7584=CARTESIAN_POINT('',(-0.0115445900811661,-0.000570795606966631,0.));
#7585=CARTESIAN_POINT('',(-0.0116214116354777,-0.000285619973033292,0.));
#7586=CARTESIAN_POINT('',(-0.0116214116354777,0.000285619973033282,0.));
#7587=CARTESIAN_POINT('',(-0.0115445900811663,0.000570795606966716,0.));
#7588=CARTESIAN_POINT('',(-0.0114001131730661,0.000821036952345702,0.));
#7589=CARTESIAN_POINT('',(-0.0114001131730661,-0.000821036952345712,1.16682890805695E-21));
#7590=CARTESIAN_POINT('',(-0.01152424538622,-0.000892704719025224,3.09443409492675E-17));
#7591=CARTESIAN_POINT('',(-0.0118977342626525,-0.00110833862237286,-0.000505645939461041));
#7592=CARTESIAN_POINT('',(-0.0123241336127752,-0.00135452040194846,-0.00195916038112612));
#7593=CARTESIAN_POINT('',(-0.0124875843679253,-0.00144888873943362,-0.00266353524136672));
#7594=CARTESIAN_POINT('',(0.003868325456296,0.0102833060900657,0.));
#7595=CARTESIAN_POINT('',(0.00314113942007165,0.0102833060900676,0.));
#7596=CARTESIAN_POINT('',(0.00242134651042291,0.0104761740189251,0.));
#7597=CARTESIAN_POINT('',(0.0017915849297745,0.0108397670370362,0.));
#7598=CARTESIAN_POINT('',(0.003868325456296,0.0108253175473055,1.0842021724855E-19));
#7599=CARTESIAN_POINT('',(0.00323690911484607,0.010792066935447,-1.96581675979739E-16));
#7600=CARTESIAN_POINT('',(0.00259278794452416,0.0109646586828583,7.27482305386504E-16));
#7601=CARTESIAN_POINT('',(0.00206259065839437,0.011309162728148,-2.71050543121376E-19));
#7602=CARTESIAN_POINT('',(0.003868325456296,0.0115390096642415,-0.00266353524136673));
#7603=CARTESIAN_POINT('',(0.00335989548823329,0.011535082178816,-0.00264887766621262));
#7604=CARTESIAN_POINT('',(0.00285778624253719,0.0116696219457122,-0.00264887766621186));
#7605=CARTESIAN_POINT('',(0.0024194367168624,0.0119272382318953,-0.00266353524136673));
#7606=CARTESIAN_POINT('',(0.003868325456296,0.0115390096642415,-0.00266353524136672));
#7607=CARTESIAN_POINT('',(0.003868325456296,0.0113502729892712,-0.00195916038112606));
#7608=CARTESIAN_POINT('',(0.00386832545629599,0.0108579094301198,-0.000505645939460911));
#7609=CARTESIAN_POINT('',(0.00386832545629599,0.0104266416234246,8.86788116984498E-17));
#7610=CARTESIAN_POINT('',(0.003868325456296,0.0102833060900657,-4.46314325444878E-22));
#7611=CARTESIAN_POINT('',(-0.0119272382318953,-0.0024194367168624,-0.00266353524136673));
#7612=CARTESIAN_POINT('',(-0.0124875843679253,-0.00144888873943362,-0.00266353524136673));
#7613=CARTESIAN_POINT('',(-0.0117637874767452,-0.00232506837937724,-0.00195916038112613));
#7614=CARTESIAN_POINT('',(-0.0123241336127752,-0.00135452040194846,-0.00195916038112613));
#7615=CARTESIAN_POINT('',(-0.0113373881266225,-0.00207888659980164,-0.000505645939461045));
#7616=CARTESIAN_POINT('',(-0.0118977342626525,-0.00110833862237286,-0.000505645939461045));
#7617=CARTESIAN_POINT('',(-0.01096389925019,-0.001863252696454,3.09443409492676E-17));
#7618=CARTESIAN_POINT('',(-0.01152424538622,-0.000892704719025223,3.09443409492676E-17));
#7619=CARTESIAN_POINT('',(-0.0108397670370361,-0.00179158492977449,1.16682890805695E-21));
#7620=CARTESIAN_POINT('',(-0.0114001131730661,-0.00082103695234571,1.16682890805695E-21));
#7621=CARTESIAN_POINT('',(-0.0119272382318953,-0.0024194367168624,-0.00266353524136673));
#7622=CARTESIAN_POINT('',(-0.0117637874767452,-0.00232506837937725,-0.00195916038112618));
#7623=CARTESIAN_POINT('',(-0.0113373881266225,-0.00207888659980166,-0.000505645939461181));
#7624=CARTESIAN_POINT('',(-0.01096389925019,-0.00186325269645403,-2.51425724630671E-17));
#7625=CARTESIAN_POINT('',(-0.0108397670370362,-0.00179158492977451,1.15020957152495E-21));
#7626=CARTESIAN_POINT('',(0.00498901772835593,0.0102833060900657,-4.46314325444878E-22));
#7627=CARTESIAN_POINT('',(0.003868325456296,0.0102833060900657,-4.46314325444878E-22));
#7628=CARTESIAN_POINT('',(0.00498901772835592,0.0104266416234246,8.86788116984498E-17));
#7629=CARTESIAN_POINT('',(0.00386832545629599,0.0104266416234246,8.86788116984498E-17));
#7630=CARTESIAN_POINT('',(0.00498901772835592,0.0108579094301198,-0.000505645939460911));
#7631=CARTESIAN_POINT('',(0.00386832545629598,0.0108579094301198,-0.000505645939460911));
#7632=CARTESIAN_POINT('',(0.00498901772835593,0.0113502729892712,-0.00195916038112607));
#7633=CARTESIAN_POINT('',(0.003868325456296,0.0113502729892712,-0.00195916038112607));
#7634=CARTESIAN_POINT('',(0.00498901772835593,0.0115390096642415,-0.00266353524136673));
#7635=CARTESIAN_POINT('',(0.003868325456296,0.0115390096642415,-0.00266353524136673));
#7636=CARTESIAN_POINT('',(0.00498901772835593,0.0102833060900657,-4.40223685379191E-22));
#7637=CARTESIAN_POINT('',(0.00498901772835592,0.0104266416234246,8.84630961698472E-17));
#7638=CARTESIAN_POINT('',(0.00498901772835592,0.0108579094301198,-0.000505645939460911));
#7639=CARTESIAN_POINT('',(0.00498901772835593,0.0113502729892712,-0.00195916038112606));
#7640=CARTESIAN_POINT('',(0.00498901772835593,0.0115390096642415,-0.00266353524136672));
#7641=CARTESIAN_POINT('',(-0.0108397670370362,-0.00179158492977451,0.));
#7642=CARTESIAN_POINT('',(-0.0104761740189272,-0.00242134651042373,0.));
#7643=CARTESIAN_POINT('',(-0.0102833060900657,-0.00314113942007103,0.));
#7644=CARTESIAN_POINT('',(-0.0102833060900657,-0.00386832545629601,0.));
#7645=CARTESIAN_POINT('',(-0.011309162728148,-0.00206259065839438,2.43945488809239E-19));
#7646=CARTESIAN_POINT('',(-0.010964658682864,-0.00259278794452392,-4.91481295002345E-16));
#7647=CARTESIAN_POINT('',(-0.0107920669354395,-0.00323690911484641,2.1646752603382E-16));
#7648=CARTESIAN_POINT('',(-0.0108253175473055,-0.003868325456296,1.0842021724855E-19));
#7649=CARTESIAN_POINT('',(-0.0119272382318953,-0.00241943671686241,-0.00266353524136673));
#7650=CARTESIAN_POINT('',(-0.0116696219457125,-0.00285778624253731,-0.00264887766621305));
#7651=CARTESIAN_POINT('',(-0.0115350821788157,-0.00335989548823322,-0.00264887766621149));
#7652=CARTESIAN_POINT('',(-0.0115390096642415,-0.00386832545629601,-0.00266353524136673));
#7653=CARTESIAN_POINT('',(-0.0102833060900657,-0.00386832545629601,1.52315523289344E-23));
#7654=CARTESIAN_POINT('',(-0.0104266416234246,-0.00386832545629599,9.97176550133338E-17));
#7655=CARTESIAN_POINT('',(-0.0108579094301198,-0.00386832545629599,-0.000505645939460886));
#7656=CARTESIAN_POINT('',(-0.0113502729892711,-0.00386832545629601,-0.00195916038112606));
#7657=CARTESIAN_POINT('',(-0.0115390096642415,-0.00386832545629601,-0.00266353524136673));
#7658=CARTESIAN_POINT('',(0.00498901772835593,0.0115390096642415,-0.00266353524136673));
#7659=CARTESIAN_POINT('',(0.00549408398323044,0.0115306509098653,-0.00263233994534674));
#7660=CARTESIAN_POINT('',(0.00599515584187487,0.0113919850104793,-0.00261575025331969));
#7661=CARTESIAN_POINT('',(0.00686817049766916,0.0108879497639499,-0.00261575025331964));
#7662=CARTESIAN_POINT('',(0.00723879461849831,0.0105233417549354,-0.00263233994534672));
#7663=CARTESIAN_POINT('',(0.00749856663956935,0.0100901209248079,-0.00266353524136673));
#7664=CARTESIAN_POINT('',(0.00498901772835593,0.0108253175473055,0.));
#7665=CARTESIAN_POINT('',(0.00536811808147156,0.0107549771671011,0.));
#7666=CARTESIAN_POINT('',(0.00571376289940419,0.010619929744258,0.));
#7667=CARTESIAN_POINT('',(0.0063402474952314,0.0102582286942142,0.));
#7668=CARTESIAN_POINT('',(0.00663002440309486,0.010026415212619,-6.21409563991173E-17));
#7669=CARTESIAN_POINT('',(0.00688049113582204,0.00973327486633991,0.));
#7670=CARTESIAN_POINT('',(0.00498901772835593,0.0102833060900657,0.));
#7671=CARTESIAN_POINT('',(0.00527797154458142,0.0102833060900507,0.));
#7672=CARTESIAN_POINT('',(0.00556335166526381,0.0102072476906765,0.));
#7673=CARTESIAN_POINT('',(0.00605805997021392,0.00992162771764306,0.));
#7674=CARTESIAN_POINT('',(0.00626661853658482,0.00971251048308451,0.));
#7675=CARTESIAN_POINT('',(0.0064110954447102,0.00946226913772003,0.));
#7676=CARTESIAN_POINT('',(0.00749856663956932,0.0100901209248079,-0.00266353524136657));
#7677=CARTESIAN_POINT('',(0.00733511588441929,0.00999575258732279,-0.00195916038112619));
#7678=CARTESIAN_POINT('',(0.00690871653429678,0.00974957080774729,-0.000505645939461587));
#7679=CARTESIAN_POINT('',(0.0065352276578642,0.00953393690439961,-2.04839260157491E-16));
#7680=CARTESIAN_POINT('',(0.0064110954447102,0.00946226913772003,-3.18354723192142E-22));
#7681=CARTESIAN_POINT('',(-0.0115390096642415,-0.00498901772835593,-0.00266353524136673));
#7682=CARTESIAN_POINT('',(-0.0115390096642415,-0.003868325456296,-0.00266353524136673));
#7683=CARTESIAN_POINT('',(-0.0113502729892711,-0.00498901772835593,-0.00195916038112606));
#7684=CARTESIAN_POINT('',(-0.0113502729892711,-0.003868325456296,-0.00195916038112606));
#7685=CARTESIAN_POINT('',(-0.0108579094301198,-0.00498901772835592,-0.000505645939460886));
#7686=CARTESIAN_POINT('',(-0.0108579094301198,-0.00386832545629598,-0.000505645939460886));
#7687=CARTESIAN_POINT('',(-0.0104266416234246,-0.00498901772835592,9.97176550133338E-17));
#7688=CARTESIAN_POINT('',(-0.0104266416234246,-0.00386832545629598,9.97176550133338E-17));
#7689=CARTESIAN_POINT('',(-0.0102833060900657,-0.00498901772835593,1.52315523289344E-23));
#7690=CARTESIAN_POINT('',(-0.0102833060900657,-0.003868325456296,1.52315523289344E-23));
#7691=CARTESIAN_POINT('',(-0.0115390096642415,-0.00498901772835593,-0.00266353524136673));
#7692=CARTESIAN_POINT('',(-0.0113502729892711,-0.00498901772835593,-0.00195916038112605));
#7693=CARTESIAN_POINT('',(-0.0108579094301198,-0.00498901772835591,-0.000505645939460885));
#7694=CARTESIAN_POINT('',(-0.0104266416234246,-0.00498901772835592,9.97176550133336E-17));
#7695=CARTESIAN_POINT('',(-0.0102833060900657,-0.00498901772835593,1.52315523289344E-23));
#7696=CARTESIAN_POINT('',(0.00697144158074017,0.00849172116029123,-3.18354723197414E-22));
#7697=CARTESIAN_POINT('',(0.0064110954447102,0.00946226913772003,-3.18354723186871E-22));
#7698=CARTESIAN_POINT('',(0.00709557379389417,0.00856338892697081,-2.04839260157491E-16));
#7699=CARTESIAN_POINT('',(0.0065352276578642,0.00953393690439961,-2.04839260157491E-16));
#7700=CARTESIAN_POINT('',(0.00746906267032674,0.00877902283031849,-0.000505645939461587));
#7701=CARTESIAN_POINT('',(0.00690871653429677,0.00974957080774729,-0.000505645939461587));
#7702=CARTESIAN_POINT('',(0.00789546202044925,0.00902520460989399,-0.00195916038112619));
#7703=CARTESIAN_POINT('',(0.00733511588441929,0.00999575258732279,-0.00195916038112619));
#7704=CARTESIAN_POINT('',(0.00805891277559929,0.0091195729473791,-0.00266353524136657));
#7705=CARTESIAN_POINT('',(0.00749856663956932,0.0100901209248079,-0.00266353524136657));
#7706=CARTESIAN_POINT('',(0.00697144158074017,0.00849172116029123,-3.48638535145763E-22));
#7707=CARTESIAN_POINT('',(0.00709557379389417,0.00856338892697081,-2.08690034875327E-16));
#7708=CARTESIAN_POINT('',(0.00746906267032675,0.0087790228303185,-0.000505645939461596));
#7709=CARTESIAN_POINT('',(0.00789546202044925,0.009025204609894,-0.00195916038112619));
#7710=CARTESIAN_POINT('',(0.00805891277559928,0.00911957294737911,-0.00266353524136657));
#7711=CARTESIAN_POINT('',(-0.0100901209248079,-0.00749856663956935,-0.00266353524136673));
#7712=CARTESIAN_POINT('',(-0.0105233417549355,-0.00723879461849835,-0.00263233994534698));
#7713=CARTESIAN_POINT('',(-0.0108879497639499,-0.00686817049766917,-0.00261575025331962));
#7714=CARTESIAN_POINT('',(-0.0113919850104793,-0.00599515584187486,-0.00261575025331972));
#7715=CARTESIAN_POINT('',(-0.0115306509098654,-0.00549408398323046,-0.00263233994534694));
#7716=CARTESIAN_POINT('',(-0.0115390096642415,-0.00498901772835593,-0.00266353524136673));
#7717=CARTESIAN_POINT('',(-0.00973327486633991,-0.00688049113582204,0.));
#7718=CARTESIAN_POINT('',(-0.0100264152126194,-0.00663002440309485,-1.86422869198377E-16));
#7719=CARTESIAN_POINT('',(-0.0102582286942138,-0.00634024749523139,0.));
#7720=CARTESIAN_POINT('',(-0.0106199297442585,-0.00571376289940418,0.));
#7721=CARTESIAN_POINT('',(-0.0107549771671013,-0.00536811808147165,0.));
#7722=CARTESIAN_POINT('',(-0.0108253175473055,-0.00498901772835593,0.));
#7723=CARTESIAN_POINT('',(-0.00946226913772004,-0.0064110954447102,0.));
#7724=CARTESIAN_POINT('',(-0.00971251048308454,-0.00626661853658487,0.));
#7725=CARTESIAN_POINT('',(-0.00992162771764306,-0.00605805997021392,0.));
#7726=CARTESIAN_POINT('',(-0.0102072476906765,-0.0055633516652638,0.));
#7727=CARTESIAN_POINT('',(-0.0102833060900517,-0.00527797154458141,0.));
#7728=CARTESIAN_POINT('',(-0.0102833060900657,-0.00498901772835593,0.));
#7729=CARTESIAN_POINT('',(-0.00946226913772004,-0.0064110954447102,3.99255401925378E-20));
#7730=CARTESIAN_POINT('',(-0.00953393690439965,-0.00653522765786418,-2.18300853819433E-16));
#7731=CARTESIAN_POINT('',(-0.00974957080774736,-0.00690871653429679,-0.000505645939461655));
#7732=CARTESIAN_POINT('',(-0.00999575258732283,-0.00733511588441934,-0.00195916038112634));
#7733=CARTESIAN_POINT('',(-0.0100901209248079,-0.00749856663956936,-0.00266353524136672));
#7734=CARTESIAN_POINT('',(0.00849172116029124,0.00697144158074016,-4.33680868994202E-19));
#7735=CARTESIAN_POINT('',(0.00786195957964369,0.00733503459885475,-4.33680868994202E-19));
#7736=CARTESIAN_POINT('',(0.00733503459885547,0.00786195957964434,-4.33680868994202E-19));
#7737=CARTESIAN_POINT('',(0.00697144158074017,0.00849172116029123,-4.33680868994202E-19));
#7738=CARTESIAN_POINT('',(0.00876272688891111,0.00744083727185199,0.));
#7739=CARTESIAN_POINT('',(0.00819927899091942,0.00772774956801306,-1.01295399541119E-15));
#7740=CARTESIAN_POINT('',(0.00772774956801524,0.00819927899092138,-8.9496704274756E-16));
#7741=CARTESIAN_POINT('',(0.00744083727185201,0.00876272688891111,-2.71050543121376E-20));
#7742=CARTESIAN_POINT('',(0.00911957294737914,0.00805891277559931,-0.00266353524136673));
#7743=CARTESIAN_POINT('',(0.00867729593627859,0.008309726457479,-0.00264887766621182));
#7744=CARTESIAN_POINT('',(0.00830972645747918,0.00867729593627874,-0.00264887766621268));
#7745=CARTESIAN_POINT('',(0.00805891277559932,0.00911957294737913,-0.00266353524136673));
#7746=CARTESIAN_POINT('',(0.00911957294737914,0.00805891277559931,-0.00266353524136672));
#7747=CARTESIAN_POINT('',(0.00902520460989402,0.00789546202044928,-0.00195916038112614));
#7748=CARTESIAN_POINT('',(0.00877902283031846,0.00746906267032671,-0.000505645939461102));
#7749=CARTESIAN_POINT('',(0.00856338892697078,0.00709557379389413,7.78112018705579E-18));
#7750=CARTESIAN_POINT('',(0.00849172116029124,0.00697144158074016,3.66165770408593E-22));
#7751=CARTESIAN_POINT('',(-0.00911957294737913,-0.00805891277559931,-0.00266353524136673));
#7752=CARTESIAN_POINT('',(-0.0100901209248079,-0.00749856663956936,-0.00266353524136673));
#7753=CARTESIAN_POINT('',(-0.00902520460989403,-0.00789546202044929,-0.00195916038112635));
#7754=CARTESIAN_POINT('',(-0.00999575258732284,-0.00733511588441934,-0.00195916038112635));
#7755=CARTESIAN_POINT('',(-0.00877902283031856,-0.00746906267032675,-0.000505645939461658));
#7756=CARTESIAN_POINT('',(-0.00974957080774737,-0.00690871653429679,-0.000505645939461658));
#7757=CARTESIAN_POINT('',(-0.00856338892697084,-0.00709557379389414,-2.18478133088425E-16));
#7758=CARTESIAN_POINT('',(-0.00953393690439965,-0.00653522765786418,-2.18399717942186E-16));
#7759=CARTESIAN_POINT('',(-0.00849172116029122,-0.00697144158074015,-3.8471703831196E-20));
#7760=CARTESIAN_POINT('',(-0.00946226913772004,-0.0064110954447102,3.99434424076587E-20));
#7761=CARTESIAN_POINT('',(-0.00911957294737913,-0.00805891277559931,-0.00266353524136673));
#7762=CARTESIAN_POINT('',(-0.00902520460989403,-0.0078954620204493,-0.00195916038112636));
#7763=CARTESIAN_POINT('',(-0.00877902283031858,-0.00746906267032676,-0.000505645939461705));
#7764=CARTESIAN_POINT('',(-0.00856338892697086,-0.00709557379389415,-2.37995245645342E-16));
#7765=CARTESIAN_POINT('',(-0.00849172116029124,-0.00697144158074017,-3.84605371881436E-20));
#7766=CARTESIAN_POINT('',(0.00946226913772004,0.0064110954447102,3.62847744994244E-22));
#7767=CARTESIAN_POINT('',(0.00849172116029124,0.00697144158074016,3.62847745402269E-22));
#7768=CARTESIAN_POINT('',(0.00953393690439958,0.00653522765786417,1.03087588161763E-17));
#7769=CARTESIAN_POINT('',(0.00856338892697078,0.00709557379389413,1.03087588161767E-17));
#7770=CARTESIAN_POINT('',(0.00974957080774726,0.00690871653429675,-0.000505645939461096));
#7771=CARTESIAN_POINT('',(0.00877902283031846,0.00746906267032671,-0.000505645939461096));
#7772=CARTESIAN_POINT('',(0.00999575258732282,0.00733511588441932,-0.00195916038112614));
#7773=CARTESIAN_POINT('',(0.00902520460989402,0.00789546202044928,-0.00195916038112614));
#7774=CARTESIAN_POINT('',(0.0100901209248079,0.00749856663956935,-0.00266353524136673));
#7775=CARTESIAN_POINT('',(0.00911957294737914,0.00805891277559931,-0.00266353524136673));
#7776=CARTESIAN_POINT('',(0.00946226913772004,0.0064110954447102,3.62847744790232E-22));
#7777=CARTESIAN_POINT('',(0.00953393690439958,0.00653522765786417,1.03087588161761E-17));
#7778=CARTESIAN_POINT('',(0.00974957080774725,0.00690871653429675,-0.000505645939461095));
#7779=CARTESIAN_POINT('',(0.00999575258732281,0.00733511588441933,-0.00195916038112614));
#7780=CARTESIAN_POINT('',(0.0100901209248079,0.00749856663956936,-0.00266353524136672));
#7781=CARTESIAN_POINT('',(-0.00849172116029124,-0.00697144158074017,4.33680868994202E-19));
#7782=CARTESIAN_POINT('',(-0.00786195957964435,-0.00733503459885615,4.33680868994202E-19));
#7783=CARTESIAN_POINT('',(-0.00733503459885509,-0.00786195957964337,4.33680868994202E-19));
#7784=CARTESIAN_POINT('',(-0.00697144158074016,-0.00849172116029124,4.33680868994202E-19));
#7785=CARTESIAN_POINT('',(-0.00876272688891111,-0.00744083727185201,4.87890977618477E-19));
#7786=CARTESIAN_POINT('',(-0.00819927899091875,-0.00772774956801406,-1.96202205220058E-16));
#7787=CARTESIAN_POINT('',(-0.00772774956801664,-0.00819927899092112,2.36163640708308E-16));
#7788=CARTESIAN_POINT('',(-0.00744083727185201,-0.00876272688891111,1.35525271560688E-19));
#7789=CARTESIAN_POINT('',(-0.00911957294737913,-0.00805891277559932,-0.00266353524136673));
#7790=CARTESIAN_POINT('',(-0.00867729593627852,-0.00830972645747921,-0.00264887766621236));
#7791=CARTESIAN_POINT('',(-0.00830972645747932,-0.00867729593627863,-0.00264887766621293));
#7792=CARTESIAN_POINT('',(-0.00805891277559931,-0.00911957294737913,-0.00266353524136673));
#7793=CARTESIAN_POINT('',(-0.00697144158074016,-0.00849172116029124,1.3633366487855E-21));
#7794=CARTESIAN_POINT('',(-0.00709557379389425,-0.00856338892697089,-8.29125360803976E-17));
#7795=CARTESIAN_POINT('',(-0.00746906267032694,-0.00877902283031864,-0.00050564593946134));
#7796=CARTESIAN_POINT('',(-0.00789546202044935,-0.00902520460989406,-0.0019591603811262));
#7797=CARTESIAN_POINT('',(-0.00805891277559932,-0.00911957294737914,-0.00266353524136672));
#7798=CARTESIAN_POINT('',(0.0100901209248079,0.00749856663956935,-0.00266353524136673));
#7799=CARTESIAN_POINT('',(0.0105233417549353,0.00723879461849841,-0.00263233994534687));
#7800=CARTESIAN_POINT('',(0.0108879497639501,0.00686817049766898,-0.00261575025331974));
#7801=CARTESIAN_POINT('',(0.0113919850104791,0.00599515584187506,-0.00261575025331959));
#7802=CARTESIAN_POINT('',(0.0115306509098653,0.00549408398323029,-0.00263233994534675));
#7803=CARTESIAN_POINT('',(0.0115390096642415,0.00498901772835593,-0.00266353524136673));
#7804=CARTESIAN_POINT('',(0.00973327486633991,0.00688049113582204,0.));
#7805=CARTESIAN_POINT('',(0.0100264152126193,0.00663002440309541,6.21409563990711E-17));
#7806=CARTESIAN_POINT('',(0.0102582286942145,0.00634024749523142,0.));
#7807=CARTESIAN_POINT('',(0.0106199297442577,0.0057137628994042,0.));
#7808=CARTESIAN_POINT('',(0.0107549771671004,0.0053681180814714,0.));
#7809=CARTESIAN_POINT('',(0.0108253175473055,0.00498901772835593,0.));
#7810=CARTESIAN_POINT('',(0.00946226913772004,0.0064110954447102,0.));
#7811=CARTESIAN_POINT('',(0.00971251048308449,0.0062666185365851,0.));
#7812=CARTESIAN_POINT('',(0.00992162771764331,0.00605805997021392,0.));
#7813=CARTESIAN_POINT('',(0.0102072476906762,0.0055633516652638,0.));
#7814=CARTESIAN_POINT('',(0.0102833060900507,0.00527797154458141,0.));
#7815=CARTESIAN_POINT('',(0.0102833060900657,0.00498901772835593,0.));
#7816=CARTESIAN_POINT('',(0.0115390096642415,0.00498901772835593,-0.00266353524136673));
#7817=CARTESIAN_POINT('',(0.0113502729892713,0.00498901772835593,-0.00195916038112624));
#7818=CARTESIAN_POINT('',(0.0108579094301201,0.00498901772835596,-0.000505645939461332));
#7819=CARTESIAN_POINT('',(0.0104266416234248,0.00498901772835595,-8.94161365044333E-17));
#7820=CARTESIAN_POINT('',(0.0102833060900657,0.00498901772835593,-2.67227168968355E-23));
#7821=CARTESIAN_POINT('',(-0.00749856663956935,-0.0100901209248079,-0.00266353524136672));
#7822=CARTESIAN_POINT('',(-0.00805891277559933,-0.00911957294737914,-0.00266353524136672));
#7823=CARTESIAN_POINT('',(-0.00733511588441937,-0.00999575258732285,-0.0019591603811262));
#7824=CARTESIAN_POINT('',(-0.00789546202044935,-0.00902520460989405,-0.0019591603811262));
#7825=CARTESIAN_POINT('',(-0.00690871653429696,-0.00974957080774743,-0.000505645939461341));
#7826=CARTESIAN_POINT('',(-0.00746906267032694,-0.00877902283031864,-0.000505645939461341));
#7827=CARTESIAN_POINT('',(-0.00653522765786428,-0.00953393690439968,-8.29125360803976E-17));
#7828=CARTESIAN_POINT('',(-0.00709557379389426,-0.00856338892697088,-8.29125360803976E-17));
#7829=CARTESIAN_POINT('',(-0.00641109544471018,-0.00946226913772003,1.3633366487855E-21));
#7830=CARTESIAN_POINT('',(-0.00697144158074016,-0.00849172116029124,1.3633366487855E-21));
#7831=CARTESIAN_POINT('',(-0.00749856663956936,-0.0100901209248079,-0.00266353524136672));
#7832=CARTESIAN_POINT('',(-0.00733511588441938,-0.00999575258732284,-0.00195916038112622));
#7833=CARTESIAN_POINT('',(-0.00690871653429699,-0.00974957080774743,-0.000505645939461389));
#7834=CARTESIAN_POINT('',(-0.0065352276578643,-0.00953393690439969,-1.0282377999005E-16));
#7835=CARTESIAN_POINT('',(-0.0064110954447102,-0.00946226913772004,1.34390765239001E-21));
#7836=CARTESIAN_POINT('',(0.0102833060900657,0.00386832545629601,-2.67227168968355E-23));
#7837=CARTESIAN_POINT('',(0.0102833060900657,0.00498901772835594,-2.67227168968355E-23));
#7838=CARTESIAN_POINT('',(0.0104266416234248,0.00386832545629603,-8.94161365044334E-17));
#7839=CARTESIAN_POINT('',(0.0104266416234248,0.00498901772835596,-8.94161365044334E-17));
#7840=CARTESIAN_POINT('',(0.0108579094301201,0.00386832545629604,-0.000505645939461332));
#7841=CARTESIAN_POINT('',(0.0108579094301201,0.00498901772835597,-0.000505645939461332));
#7842=CARTESIAN_POINT('',(0.0113502729892713,0.00386832545629601,-0.00195916038112625));
#7843=CARTESIAN_POINT('',(0.0113502729892713,0.00498901772835594,-0.00195916038112625));
#7844=CARTESIAN_POINT('',(0.0115390096642415,0.00386832545629601,-0.00266353524136673));
#7845=CARTESIAN_POINT('',(0.0115390096642415,0.00498901772835594,-0.00266353524136673));
#7846=CARTESIAN_POINT('',(0.0102833060900657,0.00386832545629601,-2.35947615829113E-23));
#7847=CARTESIAN_POINT('',(0.0104266416234248,0.00386832545629603,-9.07463620253129E-17));
#7848=CARTESIAN_POINT('',(0.0108579094301201,0.00386832545629604,-0.000505645939461335));
#7849=CARTESIAN_POINT('',(0.0113502729892713,0.00386832545629601,-0.00195916038112624));
#7850=CARTESIAN_POINT('',(0.0115390096642415,0.00386832545629601,-0.00266353524136673));
#7851=CARTESIAN_POINT('',(-0.00498901772835593,-0.0115390096642415,-0.00266353524136673));
#7852=CARTESIAN_POINT('',(-0.0054940839832304,-0.0115306509098654,-0.00263233994534706));
#7853=CARTESIAN_POINT('',(-0.00599515584187496,-0.0113919850104792,-0.00261575025331965));
#7854=CARTESIAN_POINT('',(-0.00686817049766907,-0.01088794976395,-0.00261575025331968));
#7855=CARTESIAN_POINT('',(-0.00723879461849836,-0.0105233417549354,-0.00263233994534682));
#7856=CARTESIAN_POINT('',(-0.00749856663956935,-0.0100901209248079,-0.00266353524136673));
#7857=CARTESIAN_POINT('',(-0.00498901772835593,-0.0108253175473055,0.));
#7858=CARTESIAN_POINT('',(-0.00536811808147182,-0.010754977167102,0.));
#7859=CARTESIAN_POINT('',(-0.00571376289940406,-0.010619929744258,-6.19339626253371E-17));
#7860=CARTESIAN_POINT('',(-0.00634024749523154,-0.0102582286942142,6.19339626253373E-17));
#7861=CARTESIAN_POINT('',(-0.00663002440309501,-0.0100264152126192,-6.21409563991102E-17));
#7862=CARTESIAN_POINT('',(-0.00688049113582204,-0.00973327486633991,0.));
#7863=CARTESIAN_POINT('',(-0.00498901772835593,-0.0102833060900657,0.));
#7864=CARTESIAN_POINT('',(-0.00527797154458142,-0.0102833060900517,0.));
#7865=CARTESIAN_POINT('',(-0.00556335166526381,-0.0102072476906765,0.));
#7866=CARTESIAN_POINT('',(-0.00605805997021392,-0.00992162771764307,0.));
#7867=CARTESIAN_POINT('',(-0.00626661853658493,-0.00971251048308457,0.));
#7868=CARTESIAN_POINT('',(-0.0064110954447102,-0.00946226913772004,0.));
#7869=CARTESIAN_POINT('',(-0.00498901772835593,-0.0102833060900657,7.9582879634852E-22));
#7870=CARTESIAN_POINT('',(-0.00498901772835594,-0.0104266416234248,2.50695432062732E-17));
#7871=CARTESIAN_POINT('',(-0.00498901772835594,-0.0108579094301202,-0.000505645939461061));
#7872=CARTESIAN_POINT('',(-0.00498901772835593,-0.0113502729892713,-0.00195916038112612));
#7873=CARTESIAN_POINT('',(-0.00498901772835593,-0.0115390096642415,-0.00266353524136672));
#7874=CARTESIAN_POINT('',(0.0108397670370362,0.0017915849297745,0.));
#7875=CARTESIAN_POINT('',(0.0104761740189245,0.00242134651042398,0.));
#7876=CARTESIAN_POINT('',(0.0102833060900695,0.00314113942007086,0.));
#7877=CARTESIAN_POINT('',(0.0102833060900657,0.00386832545629601,0.));
#7878=CARTESIAN_POINT('',(0.011309162728148,0.00206259065839437,-4.6078592330634E-19));
#7879=CARTESIAN_POINT('',(0.0109646586828597,0.00259278794452559,3.43746882421593E-16));
#7880=CARTESIAN_POINT('',(0.0107920669354463,0.00323690911484498,-4.42362981063809E-16));
#7881=CARTESIAN_POINT('',(0.0108253175473055,0.00386832545629601,1.89735380184963E-19));
#7882=CARTESIAN_POINT('',(0.0119272382318953,0.0024194367168624,-0.00266353524136673));
#7883=CARTESIAN_POINT('',(0.0116696219457123,0.00285778624253737,-0.00264887766621246));
#7884=CARTESIAN_POINT('',(0.011535082178816,0.00335989548823314,-0.00264887766621261));
#7885=CARTESIAN_POINT('',(0.0115390096642415,0.00386832545629601,-0.00266353524136673));
#7886=CARTESIAN_POINT('',(0.0119272382318953,0.0024194367168624,-0.00266353524136673));
#7887=CARTESIAN_POINT('',(0.0117637874767452,0.00232506837937725,-0.00195916038112649));
#7888=CARTESIAN_POINT('',(0.0113373881266226,0.00207888659980169,-0.000505645939462093));
#7889=CARTESIAN_POINT('',(0.0109638992501901,0.00186325269645404,-3.97339588093269E-16));
#7890=CARTESIAN_POINT('',(0.0108397670370362,0.0017915849297745,2.55873536178775E-23));
#7891=CARTESIAN_POINT('',(-0.003868325456296,-0.0115390096642415,-0.00266353524136673));
#7892=CARTESIAN_POINT('',(-0.00498901772835593,-0.0115390096642415,-0.00266353524136673));
#7893=CARTESIAN_POINT('',(-0.003868325456296,-0.0113502729892713,-0.00195916038112613));
#7894=CARTESIAN_POINT('',(-0.00498901772835593,-0.0113502729892713,-0.00195916038112613));
#7895=CARTESIAN_POINT('',(-0.00386832545629601,-0.0108579094301202,-0.000505645939461062));
#7896=CARTESIAN_POINT('',(-0.00498901772835594,-0.0108579094301202,-0.000505645939461062));
#7897=CARTESIAN_POINT('',(-0.003868325456296,-0.0104266416234248,2.50695432062732E-17));
#7898=CARTESIAN_POINT('',(-0.00498901772835594,-0.0104266416234248,2.50695432062732E-17));
#7899=CARTESIAN_POINT('',(-0.003868325456296,-0.0102833060900657,7.9582879634852E-22));
#7900=CARTESIAN_POINT('',(-0.00498901772835593,-0.0102833060900657,7.9582879634852E-22));
#7901=CARTESIAN_POINT('',(-0.00386832545629601,-0.0115390096642415,-0.00266353524136673));
#7902=CARTESIAN_POINT('',(-0.00386832545629601,-0.0113502729892713,-0.00195916038112613));
#7903=CARTESIAN_POINT('',(-0.00386832545629602,-0.0108579094301202,-0.000505645939461063));
#7904=CARTESIAN_POINT('',(-0.00386832545629601,-0.0104266416234248,2.50695432062732E-17));
#7905=CARTESIAN_POINT('',(-0.00386832545629601,-0.0102833060900657,7.9582879634852E-22));
#7906=CARTESIAN_POINT('',(0.0114001131730661,0.000821036952345696,8.63373109241594E-24));
#7907=CARTESIAN_POINT('',(0.0108397670370361,0.0017915849297745,8.63373100353812E-24));
#7908=CARTESIAN_POINT('',(0.01152424538622,0.000892704719025232,-3.70718582961929E-16));
#7909=CARTESIAN_POINT('',(0.0109638992501901,0.00186325269645404,-3.70718582961929E-16));
#7910=CARTESIAN_POINT('',(0.0118977342626526,0.00110833862237288,-0.000505645939462029));
#7911=CARTESIAN_POINT('',(0.0113373881266226,0.00207888659980168,-0.000505645939462029));
#7912=CARTESIAN_POINT('',(0.0123241336127752,0.00135452040194844,-0.00195916038112647));
#7913=CARTESIAN_POINT('',(0.0117637874767452,0.00232506837937725,-0.00195916038112647));
#7914=CARTESIAN_POINT('',(0.0124875843679253,0.0014488887394336,-0.00266353524136673));
#7915=CARTESIAN_POINT('',(0.0119272382318953,0.0024194367168624,-0.00266353524136673));
#7916=CARTESIAN_POINT('',(0.0114001131730661,0.0008210369523457,8.63373113685485E-24));
#7917=CARTESIAN_POINT('',(0.01152424538622,0.000892704719025236,-3.70718582961928E-16));
#7918=CARTESIAN_POINT('',(0.0118977342626526,0.00110833862237288,-0.000505645939462027));
#7919=CARTESIAN_POINT('',(0.0123241336127752,0.00135452040194844,-0.00195916038112647));
#7920=CARTESIAN_POINT('',(0.0124875843679253,0.0014488887394336,-0.00266353524136672));
#7921=CARTESIAN_POINT('',(-0.00386832545629601,-0.0102833060900657,4.33680868994202E-19));
#7922=CARTESIAN_POINT('',(-0.00314113942007079,-0.0102833060900676,4.33680868994202E-19));
#7923=CARTESIAN_POINT('',(-0.00242134651042406,-0.010476174018926,4.33680868994202E-19));
#7924=CARTESIAN_POINT('',(-0.00179158492977451,-0.0108397670370362,4.33680868994202E-19));
#7925=CARTESIAN_POINT('',(-0.00386832545629601,-0.0108253175473055,6.50521303491302E-19));
#7926=CARTESIAN_POINT('',(-0.00323690911484393,-0.0107920669354469,-2.84550118182612E-16));
#7927=CARTESIAN_POINT('',(-0.00259278794452693,-0.0109646586828601,1.62630325872825E-19));
#7928=CARTESIAN_POINT('',(-0.00206259065839438,-0.011309162728148,1.62630325872826E-19));
#7929=CARTESIAN_POINT('',(-0.00386832545629601,-0.0115390096642415,-0.00266353524136673));
#7930=CARTESIAN_POINT('',(-0.00335989548823304,-0.011535082178816,-0.00264887766621278));
#7931=CARTESIAN_POINT('',(-0.0028577862425375,-0.0116696219457123,-0.00264887766621276));
#7932=CARTESIAN_POINT('',(-0.00241943671686241,-0.0119272382318953,-0.00266353524136673));
#7933=CARTESIAN_POINT('',(-0.00179158492977452,-0.0108397670370362,-1.0389129720659E-21));
#7934=CARTESIAN_POINT('',(-0.00186325269645406,-0.0109638992501902,-1.06309121399719E-17));
#7935=CARTESIAN_POINT('',(-0.00207888659980174,-0.0113373881266228,-0.00050564593946115));
#7936=CARTESIAN_POINT('',(-0.00232506837937729,-0.0117637874767453,-0.00195916038112616));
#7937=CARTESIAN_POINT('',(-0.00241943671686241,-0.0119272382318953,-0.00266353524136672));
#7938=CARTESIAN_POINT('',(0.0124875843679253,0.00144888873943359,-0.00266353524136673));
#7939=CARTESIAN_POINT('',(0.0127328786017288,0.00100730915492991,-0.00263233994534696));
#7940=CARTESIAN_POINT('',(0.012863326339544,0.00050403524652932,-0.00261575025331966));
#7941=CARTESIAN_POINT('',(0.012863326339544,-0.000504035246529339,-0.00261575025331967));
#7942=CARTESIAN_POINT('',(0.0127328786017288,-0.00100730915492991,-0.00263233994534676));
#7943=CARTESIAN_POINT('',(0.0124875843679253,-0.00144888873943361,-0.00266353524136673));
#7944=CARTESIAN_POINT('',(0.011869508864178,0.00109204268096557,0.));
#7945=CARTESIAN_POINT('',(0.0119981424845669,0.000728561954481562,2.48563825596958E-16));
#7946=CARTESIAN_POINT('',(0.0120540103946356,0.000361701050043969,-4.33680868994201E-19));
#7947=CARTESIAN_POINT('',(0.0120540103946356,-0.000361701050043985,-4.33680868994201E-19));
#7948=CARTESIAN_POINT('',(0.011998142484566,-0.000728561954481273,-7.45691476790287E-16));
#7949=CARTESIAN_POINT('',(0.011869508864178,-0.00109204268096558,0.));
#7950=CARTESIAN_POINT('',(0.0114001131730661,0.0008210369523457,0.));
#7951=CARTESIAN_POINT('',(0.0115445900811661,0.000570795606966604,0.));
#7952=CARTESIAN_POINT('',(0.0116214116354777,0.000285619973033279,0.));
#7953=CARTESIAN_POINT('',(0.0116214116354777,-0.000285619973033294,0.));
#7954=CARTESIAN_POINT('',(0.0115445900811663,-0.000570795606966715,0.));
#7955=CARTESIAN_POINT('',(0.0114001131730661,-0.000821036952345714,0.));
#7956=CARTESIAN_POINT('',(0.0124875843679253,-0.00144888873943362,-0.00266353524136672));
#7957=CARTESIAN_POINT('',(0.0123241336127752,-0.00135452040194845,-0.00195916038112637));
#7958=CARTESIAN_POINT('',(0.0118977342626525,-0.00110833862237285,-0.000505645939461793));
#7959=CARTESIAN_POINT('',(0.0115242453862201,-0.000892704719025229,-2.70951240344588E-16));
#7960=CARTESIAN_POINT('',(0.0114001131730661,-0.000821036952345714,-5.94532444401385E-23));
#7961=CARTESIAN_POINT('',(-0.0014488887394336,-0.0124875843679253,-0.00266353524136672));
#7962=CARTESIAN_POINT('',(-0.00241943671686241,-0.0119272382318953,-0.00266353524136672));
#7963=CARTESIAN_POINT('',(-0.00135452040194848,-0.0123241336127753,-0.00195916038112614));
#7964=CARTESIAN_POINT('',(-0.00232506837937728,-0.0117637874767453,-0.00195916038112614));
#7965=CARTESIAN_POINT('',(-0.00110833862237292,-0.0118977342626527,-0.000505645939461093));
#7966=CARTESIAN_POINT('',(-0.00207888659980173,-0.0113373881266227,-0.000505645939461093));
#7967=CARTESIAN_POINT('',(-0.000892704719025244,-0.0115242453862201,1.24350579478241E-17));
#7968=CARTESIAN_POINT('',(-0.00186325269645405,-0.0109638992501901,1.24350579478241E-17));
#7969=CARTESIAN_POINT('',(-0.000821036952345699,-0.0114001131730661,-1.02364495287121E-21));
#7970=CARTESIAN_POINT('',(-0.0017915849297745,-0.0108397670370361,-1.02364495287121E-21));
#7971=CARTESIAN_POINT('',(-0.0014488887394336,-0.0124875843679253,-0.00266353524136672));
#7972=CARTESIAN_POINT('',(-0.00135452040194848,-0.0123241336127753,-0.00195916038112614));
#7973=CARTESIAN_POINT('',(-0.00110833862237293,-0.0118977342626527,-0.000505645939461093));
#7974=CARTESIAN_POINT('',(-0.00089270471902525,-0.0115242453862201,1.2435057947824E-17));
#7975=CARTESIAN_POINT('',(-0.000821036952345707,-0.0114001131730661,-1.02364495287121E-21));
#7976=CARTESIAN_POINT('',(0.0108397670370361,-0.00179158492977448,-5.69657419973111E-23));
#7977=CARTESIAN_POINT('',(0.0114001131730661,-0.000821036952345695,-5.69657422120317E-23));
#7978=CARTESIAN_POINT('',(0.01096389925019,-0.00186325269645399,-2.69534792504793E-16));
#7979=CARTESIAN_POINT('',(0.0115242453862201,-0.000892704719025211,-2.69534792504793E-16));
#7980=CARTESIAN_POINT('',(0.0113373881266225,-0.00207888659980162,-0.000505645939461794));
#7981=CARTESIAN_POINT('',(0.0118977342626526,-0.00110833862237284,-0.000505645939461794));
#7982=CARTESIAN_POINT('',(0.0117637874767452,-0.00232506837937722,-0.00195916038112638));
#7983=CARTESIAN_POINT('',(0.0123241336127752,-0.00135452040194844,-0.00195916038112638));
#7984=CARTESIAN_POINT('',(0.0119272382318953,-0.00241943671686239,-0.00266353524136674));
#7985=CARTESIAN_POINT('',(0.0124875843679253,-0.00144888873943361,-0.00266353524136674));
#7986=CARTESIAN_POINT('',(0.0108397670370362,-0.0017915849297745,-4.95945723387387E-23));
#7987=CARTESIAN_POINT('',(0.0109638992501901,-0.00186325269645402,-3.34435403588674E-16));
#7988=CARTESIAN_POINT('',(0.0113373881266226,-0.00207888659980164,-0.000505645939461953));
#7989=CARTESIAN_POINT('',(0.0117637874767452,-0.00232506837937722,-0.00195916038112643));
#7990=CARTESIAN_POINT('',(0.0119272382318953,-0.00241943671686239,-0.00266353524136674));
#7991=CARTESIAN_POINT('',(0.0014488887394336,-0.0124875843679253,-0.00266353524136673));
#7992=CARTESIAN_POINT('',(0.00100730915492994,-0.0127328786017289,-0.00263233994534725));
#7993=CARTESIAN_POINT('',(0.000504035246529331,-0.012863326339544,-0.00261575025331966));
#7994=CARTESIAN_POINT('',(-0.00050403524652933,-0.012863326339544,-0.00261575025331966));
#7995=CARTESIAN_POINT('',(-0.00100730915492992,-0.0127328786017288,-0.00263233994534699));
#7996=CARTESIAN_POINT('',(-0.0014488887394336,-0.0124875843679253,-0.00266353524136672));
#7997=CARTESIAN_POINT('',(0.00109204268096558,-0.011869508864178,0.));
#7998=CARTESIAN_POINT('',(0.000728561954481993,-0.0119981424845681,0.));
#7999=CARTESIAN_POINT('',(0.000361701050043978,-0.0120540103946356,-4.33680868994201E-19));
#8000=CARTESIAN_POINT('',(-0.000361701050043978,-0.0120540103946356,-4.33680868994201E-19));
#8001=CARTESIAN_POINT('',(-0.000728561954481007,-0.0119981424845653,2.48130144727795E-16));
#8002=CARTESIAN_POINT('',(-0.00109204268096558,-0.011869508864178,-4.33680868994201E-19));
#8003=CARTESIAN_POINT('',(0.000821036952345707,-0.0114001131730661,0.));
#8004=CARTESIAN_POINT('',(0.000570795606966622,-0.0115445900811661,0.));
#8005=CARTESIAN_POINT('',(0.000285619973033287,-0.0116214116354777,0.));
#8006=CARTESIAN_POINT('',(-0.000285619973033287,-0.0116214116354777,0.));
#8007=CARTESIAN_POINT('',(-0.000570795606966721,-0.0115445900811663,0.));
#8008=CARTESIAN_POINT('',(-0.000821036952345708,-0.0114001131730661,0.));
#8009=CARTESIAN_POINT('',(0.000821036952345707,-0.0114001131730661,1.41354104692784E-21));
#8010=CARTESIAN_POINT('',(0.000892704719025246,-0.0115242453862201,-2.6317886699008E-18));
#8011=CARTESIAN_POINT('',(0.00110833862237291,-0.0118977342626526,-0.000505645939461132));
#8012=CARTESIAN_POINT('',(0.00135452040194847,-0.0123241336127752,-0.00195916038112616));
#8013=CARTESIAN_POINT('',(0.0014488887394336,-0.0124875843679253,-0.00266353524136672));
#8014=CARTESIAN_POINT('',(0.0102833060900657,-0.00386832545629601,0.));
#8015=CARTESIAN_POINT('',(0.0102833060900683,-0.00314113942007053,0.));
#8016=CARTESIAN_POINT('',(0.0104761740189258,-0.00242134651042441,0.));
#8017=CARTESIAN_POINT('',(0.0108397670370362,-0.0017915849297745,0.));
#8018=CARTESIAN_POINT('',(0.0108253175473055,-0.00386832545629601,1.89735380184963E-19));
#8019=CARTESIAN_POINT('',(0.0107920669354475,-0.00323690911484445,-2.85010904106184E-16));
#8020=CARTESIAN_POINT('',(0.0109646586828592,-0.00259278794452625,-6.29110152234204E-16));
#8021=CARTESIAN_POINT('',(0.011309162728148,-0.00206259065839437,2.98155597433514E-19));
#8022=CARTESIAN_POINT('',(0.0115390096642415,-0.00386832545629601,-0.00266353524136673));
#8023=CARTESIAN_POINT('',(0.0115350821788161,-0.0033598954882331,-0.00264887766621292));
#8024=CARTESIAN_POINT('',(0.0116696219457123,-0.00285778624253744,-0.00264887766621245));
#8025=CARTESIAN_POINT('',(0.0119272382318953,-0.00241943671686241,-0.00266353524136673));
#8026=CARTESIAN_POINT('',(0.0115390096642415,-0.00386832545629601,-0.00266353524136673));
#8027=CARTESIAN_POINT('',(0.0113502729892713,-0.00386832545629601,-0.00195916038112613));
#8028=CARTESIAN_POINT('',(0.0108579094301202,-0.00386832545629603,-0.00050564593946107));
#8029=CARTESIAN_POINT('',(0.0104266416234248,-0.00386832545629603,2.32143666250334E-17));
#8030=CARTESIAN_POINT('',(0.0102833060900657,-0.00386832545629601,-4.81656283279178E-22));
#8031=CARTESIAN_POINT('',(0.00241943671686241,-0.0119272382318953,-0.00266353524136672));
#8032=CARTESIAN_POINT('',(0.0014488887394336,-0.0124875843679253,-0.00266353524136672));
#8033=CARTESIAN_POINT('',(0.00232506837937727,-0.0117637874767453,-0.00195916038112614));
#8034=CARTESIAN_POINT('',(0.00135452040194846,-0.0123241336127752,-0.00195916038112614));
#8035=CARTESIAN_POINT('',(0.0020788865998017,-0.0113373881266227,-0.000505645939461082));
#8036=CARTESIAN_POINT('',(0.00110833862237289,-0.0118977342626526,-0.000505645939461082));
#8037=CARTESIAN_POINT('',(0.00186325269645404,-0.0109638992501901,1.69833628754489E-17));
#8038=CARTESIAN_POINT('',(0.000892704719025234,-0.0115242453862201,1.69833628754489E-17));
#8039=CARTESIAN_POINT('',(0.0017915849297745,-0.0108397670370362,1.42296633290027E-21));
#8040=CARTESIAN_POINT('',(0.000821036952345696,-0.0114001131730661,1.42296633290027E-21));
#8041=CARTESIAN_POINT('',(0.0024194367168624,-0.0119272382318953,-0.00266353524136672));
#8042=CARTESIAN_POINT('',(0.00232506837937726,-0.0117637874767453,-0.00195916038112614));
#8043=CARTESIAN_POINT('',(0.0020788865998017,-0.0113373881266227,-0.000505645939461083));
#8044=CARTESIAN_POINT('',(0.00186325269645404,-0.0109638992501901,1.69833628754489E-17));
#8045=CARTESIAN_POINT('',(0.0017915849297745,-0.0108397670370362,1.42296633290027E-21));
#8046=CARTESIAN_POINT('',(0.0102833060900657,-0.00498901772835593,-4.81656283279304E-22));
#8047=CARTESIAN_POINT('',(0.0102833060900657,-0.003868325456296,-4.81656283279052E-22));
#8048=CARTESIAN_POINT('',(0.0104266416234248,-0.00498901772835595,2.32143666250335E-17));
#8049=CARTESIAN_POINT('',(0.0104266416234248,-0.00386832545629601,2.32143666250335E-17));
#8050=CARTESIAN_POINT('',(0.0108579094301202,-0.00498901772835595,-0.000505645939461072));
#8051=CARTESIAN_POINT('',(0.0108579094301202,-0.00386832545629602,-0.000505645939461072));
#8052=CARTESIAN_POINT('',(0.0113502729892713,-0.00498901772835593,-0.00195916038112613));
#8053=CARTESIAN_POINT('',(0.0113502729892713,-0.00386832545629599,-0.00195916038112613));
#8054=CARTESIAN_POINT('',(0.0115390096642415,-0.00498901772835593,-0.00266353524136673));
#8055=CARTESIAN_POINT('',(0.0115390096642415,-0.00386832545629599,-0.00266353524136673));
#8056=CARTESIAN_POINT('',(0.0102833060900657,-0.00498901772835593,-4.95077191165506E-22));
#8057=CARTESIAN_POINT('',(0.0104266416234248,-0.00498901772835595,2.04544765037128E-17));
#8058=CARTESIAN_POINT('',(0.0108579094301202,-0.00498901772835595,-0.000505645939461077));
#8059=CARTESIAN_POINT('',(0.0113502729892713,-0.00498901772835592,-0.00195916038112614));
#8060=CARTESIAN_POINT('',(0.0115390096642415,-0.00498901772835592,-0.00266353524136673));
#8061=CARTESIAN_POINT('',(0.0017915849297745,-0.0108397670370362,-4.33680868994202E-19));
#8062=CARTESIAN_POINT('',(0.00242134651042507,-0.0104761740189268,-4.33680868994202E-19));
#8063=CARTESIAN_POINT('',(0.00314113942007002,-0.0102833060900676,-4.33680868994202E-19));
#8064=CARTESIAN_POINT('',(0.003868325456296,-0.0102833060900657,-4.33680868994202E-19));
#8065=CARTESIAN_POINT('',(0.00206259065839437,-0.011309162728148,-5.14996031930614E-19));
#8066=CARTESIAN_POINT('',(0.00259278794452375,-0.010964658682858,4.32203215600666E-16));
#8067=CARTESIAN_POINT('',(0.00323690911484638,-0.010792066935447,-2.85417479919984E-16));
#8068=CARTESIAN_POINT('',(0.003868325456296,-0.0108253175473055,-2.16840434497101E-19));
#8069=CARTESIAN_POINT('',(0.0024194367168624,-0.0119272382318953,-0.00266353524136673));
#8070=CARTESIAN_POINT('',(0.00285778624253742,-0.0116696219457123,-0.00264887766621256));
#8071=CARTESIAN_POINT('',(0.00335989548823308,-0.011535082178816,-0.00264887766621275));
#8072=CARTESIAN_POINT('',(0.003868325456296,-0.0115390096642415,-0.00266353524136673));
#8073=CARTESIAN_POINT('',(0.00386832545629599,-0.0102833060900657,-4.33333378855995E-23));
#8074=CARTESIAN_POINT('',(0.00386832545629594,-0.0104266416234248,-6.3509719420442E-17));
#8075=CARTESIAN_POINT('',(0.00386832545629592,-0.0108579094301201,-0.000505645939461259));
#8076=CARTESIAN_POINT('',(0.00386832545629599,-0.0113502729892713,-0.00195916038112621));
#8077=CARTESIAN_POINT('',(0.003868325456296,-0.0115390096642415,-0.00266353524136673));
#8078=CARTESIAN_POINT('',(0.0115390096642415,-0.00498901772835592,-0.00266353524136673));
#8079=CARTESIAN_POINT('',(0.0115306509098654,-0.00549408398323039,-0.00263233994534701));
#8080=CARTESIAN_POINT('',(0.0113919850104792,-0.00599515584187495,-0.00261575025331965));
#8081=CARTESIAN_POINT('',(0.01088794976395,-0.00686817049766907,-0.00261575025331968));
#8082=CARTESIAN_POINT('',(0.0105233417549354,-0.00723879461849837,-0.00263233994534687));
#8083=CARTESIAN_POINT('',(0.0100901209248079,-0.00749856663956935,-0.00266353524136673));
#8084=CARTESIAN_POINT('',(0.0108253175473055,-0.00498901772835592,0.));
#8085=CARTESIAN_POINT('',(0.0107549771671019,-0.00536811808147169,-2.48563825596594E-16));
#8086=CARTESIAN_POINT('',(0.010619929744258,-0.00571376289940418,0.));
#8087=CARTESIAN_POINT('',(0.0102582286942142,-0.00634024749523141,0.));
#8088=CARTESIAN_POINT('',(0.0100264152126199,-0.00663002440309599,-3.73279419263669E-16));
#8089=CARTESIAN_POINT('',(0.00973327486633991,-0.00688049113582204,-4.33680868994202E-19));
#8090=CARTESIAN_POINT('',(0.0102833060900657,-0.00498901772835593,0.));
#8091=CARTESIAN_POINT('',(0.0102833060900517,-0.00527797154458141,0.));
#8092=CARTESIAN_POINT('',(0.0102072476906765,-0.0055633516652638,0.));
#8093=CARTESIAN_POINT('',(0.00992162771764306,-0.00605805997021392,0.));
#8094=CARTESIAN_POINT('',(0.00971251048308451,-0.00626661853658482,0.));
#8095=CARTESIAN_POINT('',(0.00946226913772003,-0.0064110954447102,0.));
#8096=CARTESIAN_POINT('',(0.0100901209248079,-0.00749856663956932,-0.00266353524136657));
#8097=CARTESIAN_POINT('',(0.00999575258732277,-0.00733511588441927,-0.00195916038112595));
#8098=CARTESIAN_POINT('',(0.00974957080774712,-0.00690871653429666,-0.000505645939460864));
#8099=CARTESIAN_POINT('',(0.00953393690439949,-0.00653522765786413,8.86197420694207E-17));
#8100=CARTESIAN_POINT('',(0.00946226913772003,-0.0064110954447102,-4.73875450453356E-22));
#8101=CARTESIAN_POINT('',(0.00498901772835593,-0.0115390096642415,-0.00266353524136673));
#8102=CARTESIAN_POINT('',(0.00386832545629599,-0.0115390096642415,-0.00266353524136673));
#8103=CARTESIAN_POINT('',(0.00498901772835592,-0.0113502729892713,-0.0019591603811262));
#8104=CARTESIAN_POINT('',(0.00386832545629598,-0.0113502729892713,-0.0019591603811262));
#8105=CARTESIAN_POINT('',(0.00498901772835586,-0.0108579094301201,-0.000505645939461247));
#8106=CARTESIAN_POINT('',(0.00386832545629592,-0.0108579094301201,-0.000505645939461247));
#8107=CARTESIAN_POINT('',(0.00498901772835588,-0.0104266416234248,-5.89750664455109E-17));
#8108=CARTESIAN_POINT('',(0.00386832545629594,-0.0104266416234248,-5.89750664455109E-17));
#8109=CARTESIAN_POINT('',(0.00498901772835593,-0.0102833060900657,-4.90938989600409E-24));
#8110=CARTESIAN_POINT('',(0.00386832545629599,-0.0102833060900657,-4.90938989600409E-24));
#8111=CARTESIAN_POINT('',(0.00498901772835593,-0.0115390096642415,-0.00266353524136673));
#8112=CARTESIAN_POINT('',(0.00498901772835592,-0.0113502729892713,-0.0019591603811262));
#8113=CARTESIAN_POINT('',(0.00498901772835585,-0.0108579094301201,-0.000505645939461248));
#8114=CARTESIAN_POINT('',(0.00498901772835588,-0.0104266416234248,-5.89750664455109E-17));
#8115=CARTESIAN_POINT('',(0.00498901772835593,-0.0102833060900657,-4.90938989600409E-24));
#8116=CARTESIAN_POINT('',(0.00849172116029124,-0.00697144158074016,-4.55760537649635E-22));
#8117=CARTESIAN_POINT('',(0.00946226913772003,-0.0064110954447102,-4.55760537805678E-22));
#8118=CARTESIAN_POINT('',(0.0085633889269707,-0.00709557379389409,9.08343393444924E-17));
#8119=CARTESIAN_POINT('',(0.00953393690439949,-0.00653522765786413,9.08343393444922E-17));
#8120=CARTESIAN_POINT('',(0.00877902283031834,-0.00746906267032662,-0.000505645939460859));
#8121=CARTESIAN_POINT('',(0.00974957080774713,-0.00690871653429666,-0.000505645939460859));
#8122=CARTESIAN_POINT('',(0.00902520460989398,-0.00789546202044923,-0.00195916038112595));
#8123=CARTESIAN_POINT('',(0.00999575258732277,-0.00733511588441927,-0.00195916038112595));
#8124=CARTESIAN_POINT('',(0.00911957294737911,-0.00805891277559928,-0.00266353524136658));
#8125=CARTESIAN_POINT('',(0.0100901209248079,-0.00749856663956932,-0.00266353524136658));
#8126=CARTESIAN_POINT('',(0.00849172116029124,-0.00697144158074016,-4.55760537571614E-22));
#8127=CARTESIAN_POINT('',(0.0085633889269707,-0.00709557379389409,9.08343393444925E-17));
#8128=CARTESIAN_POINT('',(0.00877902283031833,-0.00746906267032662,-0.000505645939460858));
#8129=CARTESIAN_POINT('',(0.00902520460989398,-0.00789546202044922,-0.00195916038112595));
#8130=CARTESIAN_POINT('',(0.00911957294737912,-0.00805891277559928,-0.00266353524136657));
#8131=CARTESIAN_POINT('',(0.00749856663956935,-0.0100901209248079,-0.00266353524136673));
#8132=CARTESIAN_POINT('',(0.00723879461849823,-0.0105233417549356,-0.0026323399453469));
#8133=CARTESIAN_POINT('',(0.00686817049766946,-0.0108879497639498,-0.00261575025331967));
#8134=CARTESIAN_POINT('',(0.00599515584187458,-0.0113919850104794,-0.00261575025331966));
#8135=CARTESIAN_POINT('',(0.00549408398323067,-0.0115306509098653,-0.00263233994534672));
#8136=CARTESIAN_POINT('',(0.00498901772835593,-0.0115390096642415,-0.00266353524136673));
#8137=CARTESIAN_POINT('',(0.00688049113582204,-0.00973327486633991,0.));
#8138=CARTESIAN_POINT('',(0.00663002440309504,-0.0100264152126193,6.21409563992883E-17));
#8139=CARTESIAN_POINT('',(0.00634024749523166,-0.0102582286942142,0.));
#8140=CARTESIAN_POINT('',(0.00571376289940395,-0.010619929744258,0.));
#8141=CARTESIAN_POINT('',(0.00536811808147173,-0.0107549771671011,0.));
#8142=CARTESIAN_POINT('',(0.00498901772835593,-0.0108253175473055,0.));
#8143=CARTESIAN_POINT('',(0.0064110954447102,-0.00946226913772004,0.));
#8144=CARTESIAN_POINT('',(0.00626661853658456,-0.00971251048308442,0.));
#8145=CARTESIAN_POINT('',(0.00605805997021404,-0.00992162771764307,0.));
#8146=CARTESIAN_POINT('',(0.00556335166526368,-0.0102072476906765,0.));
#8147=CARTESIAN_POINT('',(0.00527797154458151,-0.0102833060900507,0.));
#8148=CARTESIAN_POINT('',(0.00498901772835593,-0.0102833060900657,0.));
#8149=CARTESIAN_POINT('',(0.0064110954447102,-0.00946226913772004,9.7745998520918E-22));
#8150=CARTESIAN_POINT('',(0.00653522765786416,-0.00953393690439954,-1.33621836143179E-16));
#8151=CARTESIAN_POINT('',(0.00690871653429675,-0.0097495708077472,-0.000505645939461421));
#8152=CARTESIAN_POINT('',(0.00733511588441932,-0.0099957525873228,-0.00195916038112627));
#8153=CARTESIAN_POINT('',(0.00749856663956935,-0.0100901209248079,-0.00266353524136672));
#8154=CARTESIAN_POINT('',(0.00697144158074017,-0.00849172116029123,0.));
#8155=CARTESIAN_POINT('',(0.00733503459885622,-0.00786195957964367,0.));
#8156=CARTESIAN_POINT('',(0.00786195957964368,-0.00733503459885621,0.));
#8157=CARTESIAN_POINT('',(0.00849172116029124,-0.00697144158074016,0.));
#8158=CARTESIAN_POINT('',(0.00744083727185201,-0.00876272688891111,3.52365706057789E-19));
#8159=CARTESIAN_POINT('',(0.00772774956801439,-0.00819927899092057,-3.63524312258464E-16));
#8160=CARTESIAN_POINT('',(0.00819927899092019,-0.00772774956801396,2.12428014399088E-15));
#8161=CARTESIAN_POINT('',(0.00876272688891111,-0.00744083727185199,2.71050543121377E-20));
#8162=CARTESIAN_POINT('',(0.00805891277559932,-0.00911957294737913,-0.00266353524136673));
#8163=CARTESIAN_POINT('',(0.00830972645747907,-0.00867729593627869,-0.00264887766621223));
#8164=CARTESIAN_POINT('',(0.00867729593627868,-0.00830972645747905,-0.00264887766621216));
#8165=CARTESIAN_POINT('',(0.00911957294737914,-0.00805891277559931,-0.00266353524136673));
#8166=CARTESIAN_POINT('',(0.00805891277559932,-0.00911957294737913,-0.00266353524136672));
#8167=CARTESIAN_POINT('',(0.00789546202044929,-0.00902520460989401,-0.00195916038112626));
#8168=CARTESIAN_POINT('',(0.00746906267032671,-0.0087790228303184,-0.000505645939461402));
#8169=CARTESIAN_POINT('',(0.00709557379389413,-0.00856338892697073,-1.25834899537523E-16));
#8170=CARTESIAN_POINT('',(0.00697144158074017,-0.00849172116029123,9.96380676833272E-22));
#8171=CARTESIAN_POINT('',(0.00805891277559933,-0.00911957294737913,-0.00266353524136673));
#8172=CARTESIAN_POINT('',(0.00749856663956935,-0.0100901209248079,-0.00266353524136673));
#8173=CARTESIAN_POINT('',(0.0078954620204493,-0.00902520460989401,-0.00195916038112627));
#8174=CARTESIAN_POINT('',(0.00733511588441932,-0.00999575258732281,-0.00195916038112627));
#8175=CARTESIAN_POINT('',(0.00746906267032671,-0.0087790228303184,-0.000505645939461401));
#8176=CARTESIAN_POINT('',(0.00690871653429673,-0.0097495708077472,-0.000505645939461401));
#8177=CARTESIAN_POINT('',(0.00709557379389413,-0.00856338892697073,-1.25045889900526E-16));
#8178=CARTESIAN_POINT('',(0.00653522765786415,-0.00953393690439954,-1.25045889900526E-16));
#8179=CARTESIAN_POINT('',(0.00697144158074017,-0.00849172116029123,1.01371876004435E-21));
#8180=CARTESIAN_POINT('',(0.00641109544471019,-0.00946226913772004,1.01371876004435E-21));
#8181=CARTESIAN_POINT('',(-0.0068196568038181,-0.00689126217792198,-3.85467086107438E-22));
#8182=CARTESIAN_POINT('',(-0.006189791731476,-0.00798222048513155,-3.85467085458488E-22));
#8183=CARTESIAN_POINT('',(-0.00666455228809152,-0.0068017125440147,2.76248922109314E-16));
#8184=CARTESIAN_POINT('',(-0.00603468721574941,-0.00789267085122427,2.76248922109314E-16));
#8185=CARTESIAN_POINT('',(-0.00623941412754887,-0.00655625891258262,0.000524717540519382));
#8186=CARTESIAN_POINT('',(-0.00560954905520676,-0.00764721721979219,0.000524717540519382));
#8187=CARTESIAN_POINT('',(-0.00584859379091433,-0.00633061868602189,0.00202258585718561));
#8188=CARTESIAN_POINT('',(-0.00521872871857223,-0.00742157699323146,0.00202258585718561));
#8189=CARTESIAN_POINT('',(-0.00571842593166595,-0.006255466237445,0.00272971480193691));
#8190=CARTESIAN_POINT('',(-0.00508856085932384,-0.00734642454465457,0.00272971480193691));
#8191=CARTESIAN_POINT('',(-0.006189791731476,-0.00798222048513154,-3.96538439555875E-22));
#8192=CARTESIAN_POINT('',(-0.00603468721574941,-0.00789267085122426,2.79587288668463E-16));
#8193=CARTESIAN_POINT('',(-0.00560954905520677,-0.00764721721979217,0.000524717540519389));
#8194=CARTESIAN_POINT('',(-0.00521872871857224,-0.00742157699323145,0.0020225858571856));
#8195=CARTESIAN_POINT('',(-0.00508856085932385,-0.00734642454465456,0.00272971480193691));
#8196=CARTESIAN_POINT('',(-0.00571842593166594,-0.00625546623744501,0.0027297148019369));
#8197=CARTESIAN_POINT('',(-0.00584859379091433,-0.0063306186860219,0.0020225858571856));
#8198=CARTESIAN_POINT('',(-0.00623941412754887,-0.00655625891258263,0.000524717540519379));
#8199=CARTESIAN_POINT('',(-0.00666455228809151,-0.00680171254401471,2.76248922109313E-16));
#8200=CARTESIAN_POINT('',(-0.0068196568038181,-0.00689126217792199,-3.85467086431913E-22));
#8201=CARTESIAN_POINT('',(-0.006255466237445,-0.00571842593166596,0.00272971480193691));
#8202=CARTESIAN_POINT('',(-0.00603501241183678,-0.00584867163025269,0.00271762780313776));
#8203=CARTESIAN_POINT('',(-0.00584867163025268,-0.0060350124118368,0.00271762780313776));
#8204=CARTESIAN_POINT('',(-0.00571842593166594,-0.00625546623744501,0.00272971480193691));
#8205=CARTESIAN_POINT('',(-0.00654557563376473,-0.00622091014584488,0.));
#8206=CARTESIAN_POINT('',(-0.00642594760178602,-0.00632105978667966,3.68363901589343E-17));
#8207=CARTESIAN_POINT('',(-0.00632105978667967,-0.00642594760178607,7.36727803178493E-18));
#8208=CARTESIAN_POINT('',(-0.00622091014584487,-0.00654557563376475,0.));
#8209=CARTESIAN_POINT('',(-0.00689126217792197,-0.00681965680381811,0.));
#8210=CARTESIAN_POINT('',(-0.00686161611768722,-0.00683677296593009,0.));
#8211=CARTESIAN_POINT('',(-0.00683677296593008,-0.00686161611768724,0.));
#8212=CARTESIAN_POINT('',(-0.0068196568038181,-0.00689126217792199,0.));
#8213=CARTESIAN_POINT('',(-0.00689126217792197,-0.00681965680381811,-5.9048247233253E-22));
#8214=CARTESIAN_POINT('',(-0.00680171254401472,-0.00666455228809158,-1.93890752510713E-16));
#8215=CARTESIAN_POINT('',(-0.00655625891258262,-0.00623941412754891,0.000524717540518191));
#8216=CARTESIAN_POINT('',(-0.00633061868602186,-0.0058485937909143,0.00202258585718523));
#8217=CARTESIAN_POINT('',(-0.006255466237445,-0.00571842593166595,0.0027297148019369));
#8218=CARTESIAN_POINT('',(-0.00381790985299444,-0.00935162712615886,0.));
#8219=CARTESIAN_POINT('',(-0.00429856426481722,-0.00935162712615386,0.));
#8220=CARTESIAN_POINT('',(-0.00477496129707944,-0.00922439369244977,0.));
#8221=CARTESIAN_POINT('',(-0.0056010786236309,-0.00874743463158349,0.));
#8222=CARTESIAN_POINT('',(-0.00594946452555995,-0.00839847941620829,0.));
#8223=CARTESIAN_POINT('',(-0.006189791731476,-0.00798222048513154,0.));
#8224=CARTESIAN_POINT('',(-0.00381790985299444,-0.0086602540378444,-3.52365706057789E-19));
#8225=CARTESIAN_POINT('',(-0.00417625285284258,-0.00871777520023313,1.80677527617905E-16));
#8226=CARTESIAN_POINT('',(-0.00456531205782016,-0.00864999769245958,4.5248005334947E-17));
#8227=CARTESIAN_POINT('',(-0.00520846171543664,-0.00827867506450539,-4.5248005334947E-17));
#8228=CARTESIAN_POINT('',(-0.00546168836146165,-0.00797562866330517,-2.52067464823913E-16));
#8229=CARTESIAN_POINT('',(-0.00559104507350277,-0.00763653394097431,8.13151629364128E-20));
#8230=CARTESIAN_POINT('',(-0.00381790985299444,-0.00808003524520492,0.00272971480193692));
#8231=CARTESIAN_POINT('',(-0.0040786046048546,-0.00808552628641229,0.00270388148414033));
#8232=CARTESIAN_POINT('',(-0.00433547429878003,-0.00802028932561053,0.00269012605248693));
#8233=CARTESIAN_POINT('',(-0.00477803715228986,-0.0077647755430033,0.00269012605248692));
#8234=CARTESIAN_POINT('',(-0.00496296886457255,-0.00757493834300243,0.00270388148414044));
#8235=CARTESIAN_POINT('',(-0.00508856085932385,-0.00734642454465456,0.00272971480193691));
#8236=CARTESIAN_POINT('',(-0.00381790985299444,-0.00808003524520492,0.00272971480193692));
#8237=CARTESIAN_POINT('',(-0.00381790985299444,-0.00823034014235866,0.00202258585718539));
#8238=CARTESIAN_POINT('',(-0.00381790985299443,-0.00868162059548009,0.000524717540518683));
#8239=CARTESIAN_POINT('',(-0.00381790985299443,-0.0091725278583443,-1.11642374858223E-20));
#8240=CARTESIAN_POINT('',(-0.00381790985299444,-0.00935162712615886,-1.61661654876698E-23));
#8241=CARTESIAN_POINT('',(-0.00798222048513154,-0.00618979173147602,-5.66242651825294E-22));
#8242=CARTESIAN_POINT('',(-0.00689126217792197,-0.00681965680381812,-5.66242652474064E-22));
#8243=CARTESIAN_POINT('',(-0.00789267085122429,-0.00603468721574949,-2.00879880159481E-16));
#8244=CARTESIAN_POINT('',(-0.00680171254401471,-0.00666455228809159,-2.00879880159481E-16));
#8245=CARTESIAN_POINT('',(-0.00764721721979219,-0.00560954905520682,0.000524717540518177));
#8246=CARTESIAN_POINT('',(-0.00655625891258262,-0.00623941412754892,0.000524717540518177));
#8247=CARTESIAN_POINT('',(-0.00742157699323143,-0.0052187287185722,0.00202258585718523));
#8248=CARTESIAN_POINT('',(-0.00633061868602185,-0.0058485937909143,0.00202258585718523));
#8249=CARTESIAN_POINT('',(-0.00734642454465456,-0.00508856085932386,0.00272971480193691));
#8250=CARTESIAN_POINT('',(-0.00625546623744499,-0.00571842593166596,0.00272971480193691));
#8251=CARTESIAN_POINT('',(-0.00734642454465456,-0.00508856085932386,0.00272971480193691));
#8252=CARTESIAN_POINT('',(-0.00742157699323142,-0.0052187287185722,0.00202258585718524));
#8253=CARTESIAN_POINT('',(-0.00764721721979218,-0.00560954905520681,0.000524717540518202));
#8254=CARTESIAN_POINT('',(-0.00789267085122428,-0.00603468721574948,-1.90898914711138E-16));
#8255=CARTESIAN_POINT('',(-0.00798222048513153,-0.00618979173147601,-5.91242594039607E-22));
#8256=CARTESIAN_POINT('',(-0.00381790985299445,-0.00935162712615886,-1.61661654876698E-23));
#8257=CARTESIAN_POINT('',(-0.00255817970831025,-0.00935162712615886,-1.61661654876698E-23));
#8258=CARTESIAN_POINT('',(-0.00381790985299444,-0.0091725278583443,-1.11642374858223E-20));
#8259=CARTESIAN_POINT('',(-0.00255817970831024,-0.0091725278583443,-1.11642374858223E-20));
#8260=CARTESIAN_POINT('',(-0.00381790985299443,-0.00868162059548009,0.000524717540518684));
#8261=CARTESIAN_POINT('',(-0.00255817970831024,-0.00868162059548009,0.000524717540518684));
#8262=CARTESIAN_POINT('',(-0.00381790985299445,-0.00823034014235866,0.00202258585718539));
#8263=CARTESIAN_POINT('',(-0.00255817970831026,-0.00823034014235866,0.00202258585718539));
#8264=CARTESIAN_POINT('',(-0.00381790985299445,-0.00808003524520492,0.00272971480193692));
#8265=CARTESIAN_POINT('',(-0.00255817970831026,-0.00808003524520492,0.00272971480193692));
#8266=CARTESIAN_POINT('',(-0.00255817970831025,-0.00935162712615886,3.5641489245315E-23));
#8267=CARTESIAN_POINT('',(-0.00255817970831024,-0.0091725278583443,2.1099234493502E-18));
#8268=CARTESIAN_POINT('',(-0.00255817970831024,-0.00868162059548009,0.000524717540518688));
#8269=CARTESIAN_POINT('',(-0.00255817970831025,-0.00823034014235866,0.00202258585718539));
#8270=CARTESIAN_POINT('',(-0.00255817970831025,-0.00808003524520492,0.00272971480193692));
#8271=CARTESIAN_POINT('',(-0.00798222048513153,-0.00618979173147601,0.));
#8272=CARTESIAN_POINT('',(-0.00839847941620848,-0.0059494645255603,0.));
#8273=CARTESIAN_POINT('',(-0.0087474346315835,-0.0056010786236309,0.));
#8274=CARTESIAN_POINT('',(-0.00922439369244978,-0.00477496129707944,0.));
#8275=CARTESIAN_POINT('',(-0.00935162712615344,-0.00429856426481724,0.));
#8276=CARTESIAN_POINT('',(-0.00935162712615886,-0.00381790985299445,0.));
#8277=CARTESIAN_POINT('',(-0.0076365339409743,-0.00559104507350278,2.16840434497101E-19));
#8278=CARTESIAN_POINT('',(-0.00797562866330489,-0.00546168836146086,-3.10120119549255E-16));
#8279=CARTESIAN_POINT('',(-0.00827867506450538,-0.00520846171543687,4.51937952263258E-17));
#8280=CARTESIAN_POINT('',(-0.00864999769245957,-0.00456531205781997,-4.53022154435682E-17));
#8281=CARTESIAN_POINT('',(-0.00871777520023161,-0.004176252852843,-9.04878416078757E-17));
#8282=CARTESIAN_POINT('',(-0.0086602540378444,-0.00381790985299446,2.71050543121376E-20));
#8283=CARTESIAN_POINT('',(-0.00734642454465456,-0.00508856085932386,0.00272971480193692));
#8284=CARTESIAN_POINT('',(-0.00757493834300231,-0.00496296886457258,0.00270388148414064));
#8285=CARTESIAN_POINT('',(-0.0077647755430034,-0.00477803715228968,0.00269012605248694));
#8286=CARTESIAN_POINT('',(-0.00802028932561042,-0.00433547429878021,0.00269012605248692));
#8287=CARTESIAN_POINT('',(-0.0080855262864122,-0.00407860460485451,0.00270388148414071));
#8288=CARTESIAN_POINT('',(-0.00808003524520491,-0.00381790985299445,0.00272971480193691));
#8289=CARTESIAN_POINT('',(-0.00935162712615886,-0.00381790985299445,-1.97484287896767E-22));
#8290=CARTESIAN_POINT('',(-0.00917252785834426,-0.00381790985299445,1.01091201369135E-16));
#8291=CARTESIAN_POINT('',(-0.00868162059547991,-0.00381790985299445,0.000524717540518933));
#8292=CARTESIAN_POINT('',(-0.00823034014235855,-0.00381790985299445,0.00202258585718548));
#8293=CARTESIAN_POINT('',(-0.00808003524520491,-0.00381790985299445,0.00272971480193691));
#8294=CARTESIAN_POINT('',(-0.00255817970831025,-0.00808003524520492,0.00272971480193692));
#8295=CARTESIAN_POINT('',(-0.0023021382456787,-0.0080826044161106,0.00271762780313763));
#8296=CARTESIAN_POINT('',(-0.00204759200427379,-0.00815080987593141,0.00271762780313766));
#8297=CARTESIAN_POINT('',(-0.0018245690077599,-0.00827660563997621,0.00272971480193691));
#8298=CARTESIAN_POINT('',(-0.00255817970831025,-0.0086602540378444,0.));
#8299=CARTESIAN_POINT('',(-0.00240450397319446,-0.00868717215499818,0.));
#8300=CARTESIAN_POINT('',(-0.00226122455321206,-0.00872556375987444,0.));
#8301=CARTESIAN_POINT('',(-0.00211467840407964,-0.00877908985415515,0.));
#8302=CARTESIAN_POINT('',(-0.00255817970831025,-0.00935162712615886,0.));
#8303=CARTESIAN_POINT('',(-0.00252394738596886,-0.00935162712724575,0.));
#8304=CARTESIAN_POINT('',(-0.0024900110095585,-0.00936072035189893,0.));
#8305=CARTESIAN_POINT('',(-0.00246036494823688,-0.00937783651212837,0.));
#8306=CARTESIAN_POINT('',(-0.0018245690077599,-0.00827660563997622,0.00272971480193691));
#8307=CARTESIAN_POINT('',(-0.00189972145633676,-0.00840677349922454,0.00202258585718528));
#8308=CARTESIAN_POINT('',(-0.00212536168289747,-0.00879759383585903,0.000524717540518446));
#8309=CARTESIAN_POINT('',(-0.00237081531432959,-0.00922273199640175,-1.00232963311311E-16));
#8310=CARTESIAN_POINT('',(-0.00246036494823688,-0.00937783651212837,-2.7563058033931E-22));
#8311=CARTESIAN_POINT('',(-0.00935162712615886,-0.00255817970831023,-2.51501612354388E-22));
#8312=CARTESIAN_POINT('',(-0.00935162712615886,-0.00381790985299445,-2.51501612354366E-22));
#8313=CARTESIAN_POINT('',(-0.00917252785834426,-0.00255817970831022,9.87911183092563E-17));
#8314=CARTESIAN_POINT('',(-0.00917252785834426,-0.00381790985299445,9.87911183092563E-17));
#8315=CARTESIAN_POINT('',(-0.00868162059547991,-0.00255817970831023,0.000524717540518929));
#8316=CARTESIAN_POINT('',(-0.00868162059547991,-0.00381790985299445,0.000524717540518929));
#8317=CARTESIAN_POINT('',(-0.00823034014235854,-0.00255817970831023,0.00202258585718549));
#8318=CARTESIAN_POINT('',(-0.00823034014235854,-0.00381790985299445,0.00202258585718549));
#8319=CARTESIAN_POINT('',(-0.00808003524520491,-0.00255817970831023,0.00272971480193692));
#8320=CARTESIAN_POINT('',(-0.00808003524520491,-0.00381790985299445,0.00272971480193692));
#8321=CARTESIAN_POINT('',(-0.00808003524520491,-0.00255817970831024,0.00272971480193692));
#8322=CARTESIAN_POINT('',(-0.00823034014235855,-0.00255817970831024,0.00202258585718549));
#8323=CARTESIAN_POINT('',(-0.00868162059547991,-0.00255817970831024,0.000524717540518932));
#8324=CARTESIAN_POINT('',(-0.00917252785834425,-0.00255817970831024,1.00259928113472E-16));
#8325=CARTESIAN_POINT('',(-0.00935162712615886,-0.00255817970831024,-2.49990427506165E-22));
#8326=CARTESIAN_POINT('',(-0.00246036494823688,-0.00937783651212838,-2.91400648793554E-22));
#8327=CARTESIAN_POINT('',(-0.00136940664102734,-0.0100077015844705,-2.91400648618769E-22));
#8328=CARTESIAN_POINT('',(-0.0023708153143296,-0.00922273199640175,-1.07539834008494E-16));
#8329=CARTESIAN_POINT('',(-0.00127985700712005,-0.00985259706874384,-1.07539834008494E-16));
#8330=CARTESIAN_POINT('',(-0.00212536168289748,-0.00879759383585904,0.000524717540518429));
#8331=CARTESIAN_POINT('',(-0.00103440337568794,-0.00942745890820112,0.000524717540518429));
#8332=CARTESIAN_POINT('',(-0.00189972145633677,-0.00840677349922454,0.00202258585718528));
#8333=CARTESIAN_POINT('',(-0.000808763149127222,-0.00903663857156663,0.00202258585718528));
#8334=CARTESIAN_POINT('',(-0.00182456900775991,-0.00827660563997622,0.00272971480193692));
#8335=CARTESIAN_POINT('',(-0.000733610700550363,-0.0089064707123183,0.00272971480193692));
#8336=CARTESIAN_POINT('',(-0.00136940664102734,-0.0100077015844704,-3.52313262260141E-22));
#8337=CARTESIAN_POINT('',(-0.00127985700712005,-0.00985259706874382,-9.22207421442557E-17));
#8338=CARTESIAN_POINT('',(-0.00103440337568793,-0.00942745890820111,0.000524717540518467));
#8339=CARTESIAN_POINT('',(-0.000808763149127222,-0.00903663857156662,0.00202258585718529));
#8340=CARTESIAN_POINT('',(-0.000733610700550362,-0.0089064707123183,0.00272971480193692));
#8341=CARTESIAN_POINT('',(-0.00827660563997621,-0.00182456900775989,0.00272971480193692));
#8342=CARTESIAN_POINT('',(-0.00815080987593141,-0.00204759200427377,0.00271762780313768));
#8343=CARTESIAN_POINT('',(-0.00808260441611056,-0.00230213824567868,0.00271762780313779));
#8344=CARTESIAN_POINT('',(-0.00808003524520491,-0.00255817970831024,0.00272971480193692));
#8345=CARTESIAN_POINT('',(-0.00877908985415513,-0.00211467840407963,0.));
#8346=CARTESIAN_POINT('',(-0.00872556375987444,-0.00226122455321195,2.94691121271545E-17));
#8347=CARTESIAN_POINT('',(-0.00868717215499788,-0.00240450397319447,2.16681532263706E-17));
#8348=CARTESIAN_POINT('',(-0.00866025403784438,-0.00255817970831024,-4.33680868994202E-19));
#8349=CARTESIAN_POINT('',(-0.00937783651212836,-0.00246036494823686,0.));
#8350=CARTESIAN_POINT('',(-0.00936072035189899,-0.00249001100955856,0.));
#8351=CARTESIAN_POINT('',(-0.00935162712724575,-0.00252394738596879,0.));
#8352=CARTESIAN_POINT('',(-0.00935162712615886,-0.00255817970831024,0.));
#8353=CARTESIAN_POINT('',(-0.00937783651212836,-0.00246036494823686,-7.18657612914333E-23));
#8354=CARTESIAN_POINT('',(-0.00922273199640175,-0.00237081531432959,1.1267419896287E-16));
#8355=CARTESIAN_POINT('',(-0.00879759383585907,-0.00212536168289749,0.000524717540518966));
#8356=CARTESIAN_POINT('',(-0.00840677349922456,-0.00189972145633676,0.00202258585718547));
#8357=CARTESIAN_POINT('',(-0.0082766056399762,-0.00182456900775989,0.00272971480193691));
#8358=CARTESIAN_POINT('',(0.00136940664102732,-0.0100077015844705,0.));
#8359=CARTESIAN_POINT('',(0.0009531477099447,-0.0102480287903765,0.));
#8360=CARTESIAN_POINT('',(0.000476959060866625,-0.0103760399207103,0.));
#8361=CARTESIAN_POINT('',(-0.000476959060866642,-0.0103760399207103,0.));
#8362=CARTESIAN_POINT('',(-0.000953147709944746,-0.0102480287903766,0.));
#8363=CARTESIAN_POINT('',(-0.00136940664102734,-0.0100077015844704,0.));
#8364=CARTESIAN_POINT('',(0.00102372009687009,-0.00940895492649723,2.71050543121376E-19));
#8365=CARTESIAN_POINT('',(0.000742146536925202,-0.00963794121430251,-4.58769036101776E-16));
#8366=CARTESIAN_POINT('',(0.000371322627954214,-0.00977377377325639,1.16324908664131E-16));
#8367=CARTESIAN_POINT('',(-0.000371322627954179,-0.00977377377325723,-1.16379118772739E-16));
#8368=CARTESIAN_POINT('',(-0.000742146536925647,-0.00963794121430248,1.03635388708606E-16));
#8369=CARTESIAN_POINT('',(-0.0010237200968701,-0.00940895492649723,1.89735380184963E-19));
#8370=CARTESIAN_POINT('',(0.000733610700550351,-0.0089064707123183,0.00272971480193692));
#8371=CARTESIAN_POINT('',(0.000510587943409799,-0.0090415734694271,0.00270388148414083));
#8372=CARTESIAN_POINT('',(0.000255513782607119,-0.00911351145106987,0.00269012605248702));
#8373=CARTESIAN_POINT('',(-0.000255513782607131,-0.00911351145106992,0.00269012605248682));
#8374=CARTESIAN_POINT('',(-0.000510587943409837,-0.00904157346942709,0.00270388148414082));
#8375=CARTESIAN_POINT('',(-0.000733610700550362,-0.0089064707123183,0.00272971480193692));
#8376=CARTESIAN_POINT('',(0.000733610700550351,-0.0089064707123183,0.00272971480193691));
#8377=CARTESIAN_POINT('',(0.000808763149127218,-0.00903663857156664,0.00202258585718538));
#8378=CARTESIAN_POINT('',(0.00103440337568795,-0.00942745890820112,0.00052471754051868));
#8379=CARTESIAN_POINT('',(0.00127985700712005,-0.00985259706874382,-1.48702942727879E-18));
#8380=CARTESIAN_POINT('',(0.00136940664102732,-0.0100077015844705,-4.80854053892665E-22));
#8381=CARTESIAN_POINT('',(-0.0100077015844705,-0.00136940664102731,-3.53145966389283E-23));
#8382=CARTESIAN_POINT('',(-0.00937783651212836,-0.00246036494823686,-3.5314596204763E-23));
#8383=CARTESIAN_POINT('',(-0.00985259706874386,-0.00127985700712004,1.11305403572848E-16));
#8384=CARTESIAN_POINT('',(-0.00922273199640175,-0.00237081531432959,1.11305403572848E-16));
#8385=CARTESIAN_POINT('',(-0.00942745890820118,-0.00103440337568794,0.000524717540518964));
#8386=CARTESIAN_POINT('',(-0.00879759383585908,-0.00212536168289749,0.000524717540518964));
#8387=CARTESIAN_POINT('',(-0.00903663857156666,-0.000808763149127213,0.00202258585718547));
#8388=CARTESIAN_POINT('',(-0.00840677349922456,-0.00189972145633676,0.00202258585718547));
#8389=CARTESIAN_POINT('',(-0.0089064707123183,-0.000733610700550338,0.00272971480193692));
#8390=CARTESIAN_POINT('',(-0.0082766056399762,-0.00182456900775989,0.00272971480193692));
#8391=CARTESIAN_POINT('',(-0.0089064707123183,-0.000733610700550344,0.00272971480193692));
#8392=CARTESIAN_POINT('',(-0.00903663857156665,-0.000808763149127219,0.00202258585718549));
#8393=CARTESIAN_POINT('',(-0.00942745890820116,-0.00103440337568794,0.000524717540519008));
#8394=CARTESIAN_POINT('',(-0.00985259706874383,-0.00127985700712004,1.29169386621309E-16));
#8395=CARTESIAN_POINT('',(-0.0100077015844704,-0.00136940664102732,-4.61295844749264E-23));
#8396=CARTESIAN_POINT('',(0.00136940664102732,-0.0100077015844705,-4.52928733882421E-22));
#8397=CARTESIAN_POINT('',(0.00246036494823689,-0.00937783651212837,-4.52928734518185E-22));
#8398=CARTESIAN_POINT('',(0.00127985700712005,-0.00985259706874382,-2.2515134973918E-18));
#8399=CARTESIAN_POINT('',(0.00237081531432961,-0.00922273199640172,-2.25151349739243E-18));
#8400=CARTESIAN_POINT('',(0.00103440337568794,-0.00942745890820112,0.000524717540518678));
#8401=CARTESIAN_POINT('',(0.00212536168289751,-0.00879759383585903,0.000524717540518678));
#8402=CARTESIAN_POINT('',(0.000808763149127215,-0.00903663857156664,0.00202258585718538));
#8403=CARTESIAN_POINT('',(0.00189972145633678,-0.00840677349922455,0.00202258585718538));
#8404=CARTESIAN_POINT('',(0.000733610700550347,-0.0089064707123183,0.00272971480193692));
#8405=CARTESIAN_POINT('',(0.00182456900775991,-0.00827660563997621,0.00272971480193692));
#8406=CARTESIAN_POINT('',(0.00246036494823688,-0.00937783651212836,-5.02282688465133E-22));
#8407=CARTESIAN_POINT('',(0.0023708153143296,-0.00922273199640171,1.06729187858364E-17));
#8408=CARTESIAN_POINT('',(0.0021253616828975,-0.00879759383585902,0.00052471754051871));
#8409=CARTESIAN_POINT('',(0.00189972145633677,-0.00840677349922455,0.00202258585718539));
#8410=CARTESIAN_POINT('',(0.00182456900775991,-0.00827660563997621,0.00272971480193692));
#8411=CARTESIAN_POINT('',(-0.0100077015844704,-0.00136940664102732,0.));
#8412=CARTESIAN_POINT('',(-0.0102480287903765,-0.000953147709944692,0.));
#8413=CARTESIAN_POINT('',(-0.0103760399207103,-0.000476959060866617,0.));
#8414=CARTESIAN_POINT('',(-0.0103760399207103,0.000476959060866651,0.));
#8415=CARTESIAN_POINT('',(-0.0102480287903763,0.000953147709944576,0.));
#8416=CARTESIAN_POINT('',(-0.0100077015844704,0.00136940664102735,0.));
#8417=CARTESIAN_POINT('',(-0.00940895492649723,-0.00102372009687008,2.71050543121376E-19));
#8418=CARTESIAN_POINT('',(-0.00963794121430285,-0.000742146536925479,-3.87650149438377E-16));
#8419=CARTESIAN_POINT('',(-0.00977377377325639,-0.000371322627954206,1.16270698555507E-16));
#8420=CARTESIAN_POINT('',(-0.00977377377325723,0.000371322627954188,-1.16433328881364E-16));
#8421=CARTESIAN_POINT('',(-0.00963794121430449,0.000742146536927267,-6.27561795281623E-18));
#8422=CARTESIAN_POINT('',(-0.00940895492649721,0.00102372009687011,1.89735380184963E-19));
#8423=CARTESIAN_POINT('',(-0.0089064707123183,-0.000733610700550343,0.00272971480193692));
#8424=CARTESIAN_POINT('',(-0.00904157346942711,-0.000510587943409798,0.00270388148414077));
#8425=CARTESIAN_POINT('',(-0.00911351145106986,-0.00025551378260711,0.00269012605248702));
#8426=CARTESIAN_POINT('',(-0.00911351145106991,0.00025551378260714,0.00269012605248682));
#8427=CARTESIAN_POINT('',(-0.00904157346942711,0.000510587943409879,0.00270388148414063));
#8428=CARTESIAN_POINT('',(-0.00890647071231829,0.000733610700550371,0.00272971480193692));
#8429=CARTESIAN_POINT('',(-0.0100077015844704,0.00136940664102735,3.93131937064736E-22));
#8430=CARTESIAN_POINT('',(-0.00985259706874384,0.00127985700712006,2.57068097386373E-16));
#8431=CARTESIAN_POINT('',(-0.00942745890820116,0.00103440337568796,0.000524717540519341));
#8432=CARTESIAN_POINT('',(-0.00903663857156664,0.000808763149127248,0.00202258585718558));
#8433=CARTESIAN_POINT('',(-0.00890647071231829,0.000733610700550369,0.00272971480193691));
#8434=CARTESIAN_POINT('',(0.0018245690077599,-0.00827660563997621,0.00272971480193692));
#8435=CARTESIAN_POINT('',(0.00204759200427379,-0.0081508098759314,0.0027176278031377));
#8436=CARTESIAN_POINT('',(0.0023021382456787,-0.00808260441611059,0.00271762780313766));
#8437=CARTESIAN_POINT('',(0.00255817970831025,-0.00808003524520491,0.00272971480193692));
#8438=CARTESIAN_POINT('',(0.00211467840407964,-0.00877908985415513,0.));
#8439=CARTESIAN_POINT('',(0.00226122455321199,-0.00872556375987434,2.94691121271637E-17));
#8440=CARTESIAN_POINT('',(0.00240450397319449,-0.00868717215499816,0.));
#8441=CARTESIAN_POINT('',(0.00255817970831025,-0.00866025403784437,0.));
#8442=CARTESIAN_POINT('',(0.00246036494823688,-0.00937783651212836,0.));
#8443=CARTESIAN_POINT('',(0.00249001100955858,-0.00936072035189899,0.));
#8444=CARTESIAN_POINT('',(0.0025239473859688,-0.00935162712724575,0.));
#8445=CARTESIAN_POINT('',(0.00255817970831025,-0.00935162712615886,0.));
#8446=CARTESIAN_POINT('',(0.00255817970831025,-0.00808003524520491,0.00272971480193692));
#8447=CARTESIAN_POINT('',(0.00255817970831026,-0.00823034014235862,0.00202258585718539));
#8448=CARTESIAN_POINT('',(0.00255817970831027,-0.00868162059548013,0.000524717540518698));
#8449=CARTESIAN_POINT('',(0.00255817970831027,-0.00917252785834436,2.51976231216176E-18));
#8450=CARTESIAN_POINT('',(0.00255817970831025,-0.00935162712615886,1.5074256900015E-21));
#8451=CARTESIAN_POINT('',(-0.00937783651212836,0.00246036494823688,3.93131937574046E-22));
#8452=CARTESIAN_POINT('',(-0.0100077015844704,0.00136940664102734,3.93131936555426E-22));
#8453=CARTESIAN_POINT('',(-0.00922273199640177,0.0023708153143296,2.57068097386373E-16));
#8454=CARTESIAN_POINT('',(-0.00985259706874384,0.00127985700712006,2.57068097386372E-16));
#8455=CARTESIAN_POINT('',(-0.00879759383585908,0.00212536168289749,0.000524717540519341));
#8456=CARTESIAN_POINT('',(-0.00942745890820116,0.00103440337568796,0.000524717540519341));
#8457=CARTESIAN_POINT('',(-0.00840677349922457,0.00189972145633678,0.00202258585718558));
#8458=CARTESIAN_POINT('',(-0.00903663857156664,0.000808763149127242,0.00202258585718558));
#8459=CARTESIAN_POINT('',(-0.00827660563997621,0.0018245690077599,0.00272971480193691));
#8460=CARTESIAN_POINT('',(-0.00890647071231829,0.000733610700550364,0.00272971480193691));
#8461=CARTESIAN_POINT('',(-0.00827660563997621,0.0018245690077599,0.00272971480193691));
#8462=CARTESIAN_POINT('',(-0.00840677349922457,0.00189972145633678,0.00202258585718558));
#8463=CARTESIAN_POINT('',(-0.00879759383585909,0.00212536168289749,0.00052471754051934));
#8464=CARTESIAN_POINT('',(-0.00922273199640177,0.00237081531432959,2.57093120356351E-16));
#8465=CARTESIAN_POINT('',(-0.00937783651212837,0.00246036494823688,3.87264687475985E-22));
#8466=CARTESIAN_POINT('',(0.00381790985299444,-0.00808003524520491,0.00272971480193692));
#8467=CARTESIAN_POINT('',(0.00255817970831025,-0.00808003524520491,0.00272971480193692));
#8468=CARTESIAN_POINT('',(0.00381790985299444,-0.00823034014235862,0.00202258585718539));
#8469=CARTESIAN_POINT('',(0.00255817970831025,-0.00823034014235862,0.00202258585718539));
#8470=CARTESIAN_POINT('',(0.00381790985299445,-0.00868162059548012,0.000524717540518692));
#8471=CARTESIAN_POINT('',(0.00255817970831026,-0.00868162059548012,0.000524717540518692));
#8472=CARTESIAN_POINT('',(0.00381790985299445,-0.00917252785834436,-5.92174939975782E-21));
#8473=CARTESIAN_POINT('',(0.00255817970831026,-0.00917252785834436,-5.92174939975782E-21));
#8474=CARTESIAN_POINT('',(0.00381790985299444,-0.00935162712615886,1.48796269299603E-21));
#8475=CARTESIAN_POINT('',(0.00255817970831025,-0.00935162712615886,1.48796269299603E-21));
#8476=CARTESIAN_POINT('',(0.00381790985299443,-0.00935162712615886,1.48157116967278E-21));
#8477=CARTESIAN_POINT('',(0.00381790985299444,-0.00917252785834436,9.62534602250055E-20));
#8478=CARTESIAN_POINT('',(0.00381790985299445,-0.00868162059548013,0.000524717540518692));
#8479=CARTESIAN_POINT('',(0.00381790985299444,-0.00823034014235863,0.00202258585718539));
#8480=CARTESIAN_POINT('',(0.00381790985299444,-0.00808003524520491,0.00272971480193692));
#8481=CARTESIAN_POINT('',(-0.00808003524520491,0.00255817970831025,0.00272971480193692));
#8482=CARTESIAN_POINT('',(-0.00808260441611055,0.00230213824567869,0.00271762780313786));
#8483=CARTESIAN_POINT('',(-0.00815080987593137,0.00204759200427378,0.00271762780313786));
#8484=CARTESIAN_POINT('',(-0.00827660563997621,0.0018245690077599,0.00272971480193691));
#8485=CARTESIAN_POINT('',(-0.00866025403784438,0.00255817970831025,0.));
#8486=CARTESIAN_POINT('',(-0.00868717215499765,0.00240450397319464,0.));
#8487=CARTESIAN_POINT('',(-0.00872556375987404,0.00226122455321163,0.));
#8488=CARTESIAN_POINT('',(-0.00877908985415513,0.00211467840407964,0.));
#8489=CARTESIAN_POINT('',(-0.00935162712615886,0.00255817970831025,0.));
#8490=CARTESIAN_POINT('',(-0.00935162712724575,0.00252394738596886,0.));
#8491=CARTESIAN_POINT('',(-0.00936072035189893,0.0024900110095585,0.));
#8492=CARTESIAN_POINT('',(-0.00937783651212837,0.00246036494823688,0.));
#8493=CARTESIAN_POINT('',(-0.00935162712615886,0.00255817970831025,-3.75854102514664E-22));
#8494=CARTESIAN_POINT('',(-0.00917252785834431,0.00255817970831024,4.20161085348436E-19));
#8495=CARTESIAN_POINT('',(-0.0086816205954801,0.00255817970831023,0.000524717540518685));
#8496=CARTESIAN_POINT('',(-0.00823034014235865,0.00255817970831025,0.00202258585718539));
#8497=CARTESIAN_POINT('',(-0.00808003524520491,0.00255817970831026,0.00272971480193692));
#8498=CARTESIAN_POINT('',(0.00618979173147601,-0.00798222048513153,0.));
#8499=CARTESIAN_POINT('',(0.0059494645255603,-0.00839847941620848,0.));
#8500=CARTESIAN_POINT('',(0.0056010786236309,-0.0087474346315835,0.));
#8501=CARTESIAN_POINT('',(0.00477496129707943,-0.00922439369244978,0.));
#8502=CARTESIAN_POINT('',(0.00429856426481722,-0.00935162712615344,0.));
#8503=CARTESIAN_POINT('',(0.00381790985299443,-0.00935162712615886,0.));
#8504=CARTESIAN_POINT('',(0.00559104507350278,-0.0076365339409743,1.62630325872826E-19));
#8505=CARTESIAN_POINT('',(0.00546168836146188,-0.00797562866330507,-2.84312916326392E-16));
#8506=CARTESIAN_POINT('',(0.00520846171543705,-0.00827867506450581,-4.50853750090743E-17));
#8507=CARTESIAN_POINT('',(0.00456531205781974,-0.00864999769245917,4.54106356608199E-17));
#8508=CARTESIAN_POINT('',(0.00417625285284294,-0.00871777520023313,-1.42075143000076E-16));
#8509=CARTESIAN_POINT('',(0.00381790985299443,-0.00866025403784438,1.62630325872826E-19));
#8510=CARTESIAN_POINT('',(0.00508856085932385,-0.00734642454465456,0.00272971480193692));
#8511=CARTESIAN_POINT('',(0.00496296886457259,-0.00757493834300229,0.00270388148414062));
#8512=CARTESIAN_POINT('',(0.00477803715228969,-0.00776477554300342,0.00269012605248684));
#8513=CARTESIAN_POINT('',(0.0043354742987802,-0.00802028932561041,0.00269012605248701));
#8514=CARTESIAN_POINT('',(0.0040786046048545,-0.00808552628641227,0.00270388148414042));
#8515=CARTESIAN_POINT('',(0.00381790985299444,-0.00808003524520491,0.00272971480193692));
#8516=CARTESIAN_POINT('',(0.00508856085932385,-0.00734642454465456,0.00272971480193692));
#8517=CARTESIAN_POINT('',(0.00521872871857217,-0.00742157699323142,0.00202258585718526));
#8518=CARTESIAN_POINT('',(0.00560954905520669,-0.00764721721979219,0.000524717540518291));
#8519=CARTESIAN_POINT('',(0.0060346872157494,-0.00789267085122429,-1.56596571566991E-16));
#8520=CARTESIAN_POINT('',(0.00618979173147601,-0.00798222048513153,-1.7027973966256E-21));
#8521=CARTESIAN_POINT('',(-0.00935162712615886,0.00381790985299445,-3.75854102514653E-22));
#8522=CARTESIAN_POINT('',(-0.00935162712615886,0.00255817970831025,-3.75854102514675E-22));
#8523=CARTESIAN_POINT('',(-0.00917252785834431,0.00381790985299443,4.20161085348436E-19));
#8524=CARTESIAN_POINT('',(-0.00917252785834431,0.00255817970831024,4.20161085348436E-19));
#8525=CARTESIAN_POINT('',(-0.0086816205954801,0.00381790985299443,0.000524717540518685));
#8526=CARTESIAN_POINT('',(-0.0086816205954801,0.00255817970831023,0.000524717540518685));
#8527=CARTESIAN_POINT('',(-0.00823034014235865,0.00381790985299445,0.00202258585718539));
#8528=CARTESIAN_POINT('',(-0.00823034014235865,0.00255817970831025,0.00202258585718539));
#8529=CARTESIAN_POINT('',(-0.00808003524520491,0.00381790985299445,0.00272971480193692));
#8530=CARTESIAN_POINT('',(-0.00808003524520491,0.00255817970831026,0.00272971480193692));
#8531=CARTESIAN_POINT('',(-0.00808003524520491,0.00381790985299445,0.00272971480193692));
#8532=CARTESIAN_POINT('',(-0.00823034014235864,0.00381790985299444,0.00202258585718539));
#8533=CARTESIAN_POINT('',(-0.0086816205954801,0.00381790985299442,0.000524717540518685));
#8534=CARTESIAN_POINT('',(-0.00917252785834431,0.00381790985299443,4.23532735591041E-19));
#8535=CARTESIAN_POINT('',(-0.00935162712615886,0.00381790985299445,-3.6790208793884E-22));
#8536=CARTESIAN_POINT('',(0.00571842593166595,-0.00625546623744501,0.00272971480193692));
#8537=CARTESIAN_POINT('',(0.00508856085932385,-0.00734642454465456,0.00272971480193692));
#8538=CARTESIAN_POINT('',(0.00584859379091427,-0.00633061868602187,0.00202258585718526));
#8539=CARTESIAN_POINT('',(0.00521872871857217,-0.00742157699323142,0.00202258585718526));
#8540=CARTESIAN_POINT('',(0.00623941412754878,-0.00655625891258265,0.000524717540518291));
#8541=CARTESIAN_POINT('',(0.00560954905520669,-0.0076472172197922,0.000524717540518291));
#8542=CARTESIAN_POINT('',(0.00666455228809149,-0.00680171254401474,-1.56596571566991E-16));
#8543=CARTESIAN_POINT('',(0.0060346872157494,-0.00789267085122429,-1.56596571566991E-16));
#8544=CARTESIAN_POINT('',(0.00681965680381811,-0.00689126217792198,-1.7027973966256E-21));
#8545=CARTESIAN_POINT('',(0.00618979173147601,-0.00798222048513153,-1.7027973966256E-21));
#8546=CARTESIAN_POINT('',(0.0068196568038181,-0.00689126217792199,-1.70595536027054E-21));
#8547=CARTESIAN_POINT('',(0.00666455228809149,-0.00680171254401475,-1.55788459701551E-16));
#8548=CARTESIAN_POINT('',(0.00623941412754878,-0.00655625891258265,0.000524717540518293));
#8549=CARTESIAN_POINT('',(0.00584859379091427,-0.00633061868602188,0.00202258585718526));
#8550=CARTESIAN_POINT('',(0.00571842593166595,-0.00625546623744501,0.00272971480193692));
#8551=CARTESIAN_POINT('',(-0.00935162712615886,0.00381790985299445,0.));
#8552=CARTESIAN_POINT('',(-0.00935162712615177,0.00429856426481723,0.));
#8553=CARTESIAN_POINT('',(-0.00922439369245019,0.00477496129707945,0.));
#8554=CARTESIAN_POINT('',(-0.00874743463158308,0.00560107862363091,0.));
#8555=CARTESIAN_POINT('',(-0.00839847941620872,0.00594946452556017,0.));
#8556=CARTESIAN_POINT('',(-0.00798222048513153,0.00618979173147602,0.));
#8557=CARTESIAN_POINT('',(-0.00866025403784438,0.00381790985299444,1.62630325872826E-19));
#8558=CARTESIAN_POINT('',(-0.00871777520022837,0.00417625285284346,-6.44909030043455E-17));
#8559=CARTESIAN_POINT('',(-0.00864999769245959,0.00456531205781994,-3.23471088649908E-17));
#8560=CARTESIAN_POINT('',(-0.00827867506450541,0.00520846171543684,3.22928987563622E-17));
#8561=CARTESIAN_POINT('',(-0.00797562866330501,0.00546168836146105,-4.26496479544606E-16));
#8562=CARTESIAN_POINT('',(-0.0076365339409743,0.00559104507350278,2.16840434497101E-19));
#8563=CARTESIAN_POINT('',(-0.00808003524520491,0.00381790985299445,0.00272971480193692));
#8564=CARTESIAN_POINT('',(-0.00808552628641213,0.00407860460485457,0.00270388148414105));
#8565=CARTESIAN_POINT('',(-0.00802028932561044,0.0043354742987802,0.00269012605248691));
#8566=CARTESIAN_POINT('',(-0.00776477554300338,0.00477803715228971,0.00269012605248695));
#8567=CARTESIAN_POINT('',(-0.00757493834300233,0.00496296886457257,0.00270388148414065));
#8568=CARTESIAN_POINT('',(-0.00734642454465456,0.00508856085932386,0.00272971480193692));
#8569=CARTESIAN_POINT('',(-0.00798222048513153,0.00618979173147602,-1.15081896296662E-22));
#8570=CARTESIAN_POINT('',(-0.00789267085122431,0.00603468721574951,6.05718364312215E-18));
#8571=CARTESIAN_POINT('',(-0.00764721721979225,0.00560954905520691,0.000524717540518704));
#8572=CARTESIAN_POINT('',(-0.00742157699323147,0.00521872871857227,0.00202258585718538));
#8573=CARTESIAN_POINT('',(-0.00734642454465456,0.00508856085932386,0.00272971480193692));
#8574=CARTESIAN_POINT('',(0.00571842593166594,-0.00625546623744501,0.00272971480193692));
#8575=CARTESIAN_POINT('',(0.00584867163025271,-0.00603501241183681,0.00271762780313763));
#8576=CARTESIAN_POINT('',(0.00603501241183679,-0.00584867163025271,0.00271762780313767));
#8577=CARTESIAN_POINT('',(0.00625546623744499,-0.00571842593166596,0.00272971480193692));
#8578=CARTESIAN_POINT('',(0.00622091014584486,-0.00654557563376475,0.));
#8579=CARTESIAN_POINT('',(0.00632105978667994,-0.00642594760178611,2.21018340953775E-17));
#8580=CARTESIAN_POINT('',(0.00642594760178606,-0.00632105978667991,-5.8938224254335E-17));
#8581=CARTESIAN_POINT('',(0.00654557563376473,-0.00622091014584487,0.));
#8582=CARTESIAN_POINT('',(0.0068196568038181,-0.00689126217792199,0.));
#8583=CARTESIAN_POINT('',(0.00683677296593009,-0.00686161611768724,0.));
#8584=CARTESIAN_POINT('',(0.00686161611768722,-0.0068367729659301,0.));
#8585=CARTESIAN_POINT('',(0.00689126217792197,-0.00681965680381811,0.));
#8586=CARTESIAN_POINT('',(0.00625546623744499,-0.00571842593166596,0.00272971480193691));
#8587=CARTESIAN_POINT('',(0.00633061868602187,-0.00584859379091432,0.00202258585718565));
#8588=CARTESIAN_POINT('',(0.00655625891258258,-0.00623941412754886,0.000524717540519421));
#8589=CARTESIAN_POINT('',(0.00680171254401468,-0.00666455228809152,3.00127788362084E-16));
#8590=CARTESIAN_POINT('',(0.00689126217792197,-0.00681965680381811,-1.06821654950598E-21));
#8591=CARTESIAN_POINT('',(-0.00689126217792199,0.00681965680381812,-1.15081896355573E-22));
#8592=CARTESIAN_POINT('',(-0.00798222048513153,0.00618979173147602,-1.15081896237751E-22));
#8593=CARTESIAN_POINT('',(-0.00680171254401476,0.00666455228809161,6.05718364312209E-18));
#8594=CARTESIAN_POINT('',(-0.00789267085122431,0.00603468721574951,6.05718364312221E-18));
#8595=CARTESIAN_POINT('',(-0.00655625891258271,0.00623941412754901,0.000524717540518704));
#8596=CARTESIAN_POINT('',(-0.00764721721979226,0.00560954905520691,0.000524717540518704));
#8597=CARTESIAN_POINT('',(-0.00633061868602192,0.00584859379091437,0.00202258585718538));
#8598=CARTESIAN_POINT('',(-0.00742157699323146,0.00521872871857227,0.00202258585718538));
#8599=CARTESIAN_POINT('',(-0.00625546623744501,0.00571842593166596,0.00272971480193692));
#8600=CARTESIAN_POINT('',(-0.00734642454465456,0.00508856085932386,0.00272971480193692));
#8601=CARTESIAN_POINT('',(-0.00625546623744501,0.00571842593166596,0.00272971480193692));
#8602=CARTESIAN_POINT('',(-0.00633061868602192,0.00584859379091437,0.00202258585718539));
#8603=CARTESIAN_POINT('',(-0.00655625891258271,0.00623941412754901,0.000524717540518728));
#8604=CARTESIAN_POINT('',(-0.00680171254401475,0.0066645522880916,1.58543441644922E-17));
#8605=CARTESIAN_POINT('',(-0.00689126217792198,0.00681965680381811,-8.8712154718315E-23));
#8606=CARTESIAN_POINT('',(0.00734642454465457,-0.00508856085932386,0.00272971480193692));
#8607=CARTESIAN_POINT('',(0.00625546623744499,-0.00571842593166596,0.00272971480193692));
#8608=CARTESIAN_POINT('',(0.00742157699323145,-0.00521872871857222,0.00202258585718565));
#8609=CARTESIAN_POINT('',(0.00633061868602187,-0.00584859379091432,0.00202258585718565));
#8610=CARTESIAN_POINT('',(0.00764721721979215,-0.00560954905520676,0.00052471754051942));
#8611=CARTESIAN_POINT('',(0.00655625891258257,-0.00623941412754885,0.00052471754051942));
#8612=CARTESIAN_POINT('',(0.00789267085122425,-0.00603468721574942,3.00229136827325E-16));
#8613=CARTESIAN_POINT('',(0.00680171254401467,-0.00666455228809152,3.00229136827325E-16));
#8614=CARTESIAN_POINT('',(0.00798222048513154,-0.00618979173147601,-1.03927966396469E-21));
#8615=CARTESIAN_POINT('',(0.00689126217792196,-0.00681965680381811,-1.03927966396469E-21));
#8616=CARTESIAN_POINT('',(0.00798222048513153,-0.00618979173147602,-1.05780341261876E-21));
#8617=CARTESIAN_POINT('',(0.00789267085122424,-0.00603468721574943,3.04168362737239E-16));
#8618=CARTESIAN_POINT('',(0.00764721721979215,-0.00560954905520676,0.00052471754051943));
#8619=CARTESIAN_POINT('',(0.00742157699323144,-0.00521872871857223,0.00202258585718566));
#8620=CARTESIAN_POINT('',(0.00734642454465456,-0.00508856085932386,0.00272971480193692));
#8621=CARTESIAN_POINT('',(-0.00571842593166595,0.00625546623744501,0.00272971480193691));
#8622=CARTESIAN_POINT('',(-0.00584867163025269,0.00603501241183678,0.00271762780313779));
#8623=CARTESIAN_POINT('',(-0.00603501241183679,0.00584867163025271,0.00271762780313768));
#8624=CARTESIAN_POINT('',(-0.00625546623744501,0.00571842593166596,0.00272971480193692));
#8625=CARTESIAN_POINT('',(-0.00622091014584487,0.00654557563376475,0.));
#8626=CARTESIAN_POINT('',(-0.00632105978667967,0.006425947601786,8.84073363814723E-17));
#8627=CARTESIAN_POINT('',(-0.00642594760178612,0.00632105978667982,9.57746144130686E-17));
#8628=CARTESIAN_POINT('',(-0.00654557563376474,0.00622091014584487,0.));
#8629=CARTESIAN_POINT('',(-0.0068196568038181,0.00689126217792199,0.));
#8630=CARTESIAN_POINT('',(-0.00683677296593008,0.00686161611768725,0.));
#8631=CARTESIAN_POINT('',(-0.00686161611768723,0.00683677296593007,0.));
#8632=CARTESIAN_POINT('',(-0.00689126217792198,0.00681965680381811,0.));
#8633=CARTESIAN_POINT('',(-0.0068196568038181,0.00689126217792199,3.31206505503977E-22));
#8634=CARTESIAN_POINT('',(-0.00666455228809148,0.00680171254401469,-1.0426266766887E-16));
#8635=CARTESIAN_POINT('',(-0.00623941412754875,0.00655625891258256,0.000524717540518417));
#8636=CARTESIAN_POINT('',(-0.00584859379091426,0.00633061868602186,0.0020225858571853));
#8637=CARTESIAN_POINT('',(-0.00571842593166595,0.00625546623744501,0.00272971480193691));
#8638=CARTESIAN_POINT('',(0.00935162712615886,-0.00381790985299444,0.));
#8639=CARTESIAN_POINT('',(0.00935162712615178,-0.00429856426481722,0.));
#8640=CARTESIAN_POINT('',(0.00922439369244978,-0.00477496129707945,0.));
#8641=CARTESIAN_POINT('',(0.0087474346315835,-0.00560107862363091,0.));
#8642=CARTESIAN_POINT('',(0.00839847941620789,-0.00594946452555927,0.));
#8643=CARTESIAN_POINT('',(0.00798222048513153,-0.00618979173147602,0.));
#8644=CARTESIAN_POINT('',(0.0086602540378444,-0.00381790985299444,1.62630325872826E-19));
#8645=CARTESIAN_POINT('',(0.00871777520022841,-0.00417625285284366,-6.44909030043815E-17));
#8646=CARTESIAN_POINT('',(0.00864999769245918,-0.00456531205781973,-5.18475313686466E-17));
#8647=CARTESIAN_POINT('',(0.00827867506450583,-0.00520846171543704,5.15764808255181E-17));
#8648=CARTESIAN_POINT('',(0.00797562866330401,-0.00546168836145914,-3.36035742991654E-16));
#8649=CARTESIAN_POINT('',(0.0076365339409743,-0.00559104507350278,1.62630325872826E-19));
#8650=CARTESIAN_POINT('',(0.00808003524520492,-0.00381790985299445,0.00272971480193692));
#8651=CARTESIAN_POINT('',(0.00808552628641213,-0.00407860460485457,0.00270388148414108));
#8652=CARTESIAN_POINT('',(0.00802028932561041,-0.0043354742987802,0.00269012605248701));
#8653=CARTESIAN_POINT('',(0.00776477554300342,-0.00477803715228969,0.00269012605248684));
#8654=CARTESIAN_POINT('',(0.00757493834300229,-0.00496296886457248,0.00270388148414107));
#8655=CARTESIAN_POINT('',(0.00734642454465456,-0.00508856085932386,0.00272971480193692));
#8656=CARTESIAN_POINT('',(0.00808003524520492,-0.00381790985299445,0.00272971480193691));
#8657=CARTESIAN_POINT('',(0.00823034014235866,-0.00381790985299445,0.00202258585718541));
#8658=CARTESIAN_POINT('',(0.00868162059548016,-0.00381790985299445,0.000524717540518743));
#8659=CARTESIAN_POINT('',(0.00917252785834435,-0.00381790985299445,2.37200038875799E-17));
#8660=CARTESIAN_POINT('',(0.00935162712615886,-0.00381790985299444,4.72961939680055E-22));
#8661=CARTESIAN_POINT('',(-0.00618979173147601,0.00798222048513154,3.25573467952229E-22));
#8662=CARTESIAN_POINT('',(-0.00681965680381811,0.00689126217792199,3.25573468138322E-22));
#8663=CARTESIAN_POINT('',(-0.00603468721574939,0.00789267085122424,-1.10706299786066E-16));
#8664=CARTESIAN_POINT('',(-0.00666455228809149,0.00680171254401469,-1.10706299786066E-16));
#8665=CARTESIAN_POINT('',(-0.00560954905520666,0.00764721721979211,0.000524717540518404));
#8666=CARTESIAN_POINT('',(-0.00623941412754876,0.00655625891258256,0.000524717540518404));
#8667=CARTESIAN_POINT('',(-0.00521872871857216,0.00742157699323141,0.0020225858571853));
#8668=CARTESIAN_POINT('',(-0.00584859379091426,0.00633061868602186,0.0020225858571853));
#8669=CARTESIAN_POINT('',(-0.00508856085932385,0.00734642454465457,0.00272971480193691));
#8670=CARTESIAN_POINT('',(-0.00571842593166595,0.00625546623744501,0.00272971480193691));
#8671=CARTESIAN_POINT('',(-0.00508856085932386,0.00734642454465455,0.00272971480193691));
#8672=CARTESIAN_POINT('',(-0.00521872871857217,0.0074215769932314,0.00202258585718529));
#8673=CARTESIAN_POINT('',(-0.00560954905520667,0.0076472172197921,0.000524717540518403));
#8674=CARTESIAN_POINT('',(-0.0060346872157494,0.00789267085122424,-1.10706299786066E-16));
#8675=CARTESIAN_POINT('',(-0.00618979173147602,0.00798222048513153,3.25573467859182E-22));
#8676=CARTESIAN_POINT('',(0.00808003524520492,-0.00255817970831024,0.00272971480193692));
#8677=CARTESIAN_POINT('',(0.00808003524520492,-0.00381790985299445,0.00272971480193692));
#8678=CARTESIAN_POINT('',(0.00823034014235866,-0.00255817970831024,0.00202258585718541));
#8679=CARTESIAN_POINT('',(0.00823034014235866,-0.00381790985299445,0.00202258585718541));
#8680=CARTESIAN_POINT('',(0.00868162059548016,-0.00255817970831024,0.000524717540518744));
#8681=CARTESIAN_POINT('',(0.00868162059548016,-0.00381790985299445,0.000524717540518744));
#8682=CARTESIAN_POINT('',(0.00917252785834435,-0.00255817970831024,2.37200038875799E-17));
#8683=CARTESIAN_POINT('',(0.00917252785834435,-0.00381790985299445,2.37200038875799E-17));
#8684=CARTESIAN_POINT('',(0.00935162712615886,-0.00255817970831024,4.72961939680055E-22));
#8685=CARTESIAN_POINT('',(0.00935162712615886,-0.00381790985299445,4.72961939680055E-22));
#8686=CARTESIAN_POINT('',(0.00935162712615886,-0.00255817970831024,4.71591261959158E-22));
#8687=CARTESIAN_POINT('',(0.00917252785834434,-0.00255817970831024,2.91741351590257E-17));
#8688=CARTESIAN_POINT('',(0.00868162059548015,-0.00255817970831024,0.000524717540518755));
#8689=CARTESIAN_POINT('',(0.00823034014235866,-0.00255817970831024,0.00202258585718541));
#8690=CARTESIAN_POINT('',(0.00808003524520492,-0.00255817970831024,0.00272971480193691));
#8691=CARTESIAN_POINT('',(-0.00618979173147602,0.00798222048513153,0.));
#8692=CARTESIAN_POINT('',(-0.00594946452556015,0.00839847941620838,0.));
#8693=CARTESIAN_POINT('',(-0.0056010786236309,0.00874743463158349,0.));
#8694=CARTESIAN_POINT('',(-0.00477496129707944,0.00922439369244977,0.));
#8695=CARTESIAN_POINT('',(-0.00429856426481723,0.00935162712615343,0.));
#8696=CARTESIAN_POINT('',(-0.00381790985299444,0.00935162712615885,0.));
#8697=CARTESIAN_POINT('',(-0.00559104507350279,0.0076365339409743,-2.98155597433514E-19));
#8698=CARTESIAN_POINT('',(-0.0054616883614617,0.00797562866330548,1.29008911062454E-16));
#8699=CARTESIAN_POINT('',(-0.00520846171543664,0.00827867506450497,-5.15764808255216E-17));
#8700=CARTESIAN_POINT('',(-0.00456531205782017,0.00864999769245998,5.1847531368643E-17));
#8701=CARTESIAN_POINT('',(-0.0041762528528426,0.00871777520023276,-7.73945046158687E-17));
#8702=CARTESIAN_POINT('',(-0.00381790985299444,0.00866025403784437,1.89735380184963E-19));
#8703=CARTESIAN_POINT('',(-0.00508856085932386,0.00734642454465455,0.00272971480193692));
#8704=CARTESIAN_POINT('',(-0.00496296886457255,0.00757493834300242,0.00270388148414049));
#8705=CARTESIAN_POINT('',(-0.00477803715228986,0.00776477554300329,0.00269012605248692));
#8706=CARTESIAN_POINT('',(-0.00433547429878004,0.00802028932561052,0.00269012605248693));
#8707=CARTESIAN_POINT('',(-0.00407860460485462,0.00808552628641227,0.00270388148414037));
#8708=CARTESIAN_POINT('',(-0.00381790985299445,0.0080800352452049,0.00272971480193692));
#8709=CARTESIAN_POINT('',(-0.00381790985299444,0.00935162712615885,-1.91309351515467E-22));
#8710=CARTESIAN_POINT('',(-0.00381790985299443,0.00917252785834429,1.81844847544368E-18));
#8711=CARTESIAN_POINT('',(-0.00381790985299443,0.00868162059548009,0.000524717540518687));
#8712=CARTESIAN_POINT('',(-0.00381790985299444,0.00823034014235864,0.00202258585718539));
#8713=CARTESIAN_POINT('',(-0.00381790985299445,0.0080800352452049,0.00272971480193692));
#8714=CARTESIAN_POINT('',(0.00808003524520492,-0.00255817970831024,0.00272971480193691));
#8715=CARTESIAN_POINT('',(0.00808260441611056,-0.00230213824567868,0.00271762780313783));
#8716=CARTESIAN_POINT('',(0.00815080987593138,-0.00204759200427377,0.00271762780313784));
#8717=CARTESIAN_POINT('',(0.00827660563997621,-0.00182456900775989,0.00272971480193691));
#8718=CARTESIAN_POINT('',(0.00866025403784439,-0.00255817970831024,0.));
#8719=CARTESIAN_POINT('',(0.00868717215499765,-0.00240450397319461,-7.36727803178089E-18));
#8720=CARTESIAN_POINT('',(0.00872556375987408,-0.00226122455321164,4.33680868994202E-19));
#8721=CARTESIAN_POINT('',(0.00877908985415515,-0.00211467840407963,4.33680868994202E-19));
#8722=CARTESIAN_POINT('',(0.00935162712615886,-0.00255817970831024,0.));
#8723=CARTESIAN_POINT('',(0.00935162712724575,-0.00252394738596884,0.));
#8724=CARTESIAN_POINT('',(0.00936072035189894,-0.0024900110095585,0.));
#8725=CARTESIAN_POINT('',(0.00937783651212837,-0.00246036494823686,0.));
#8726=CARTESIAN_POINT('',(0.00827660563997621,-0.00182456900775989,0.00272971480193691));
#8727=CARTESIAN_POINT('',(0.0084067734992244,-0.00189972145633666,0.00202258585718512));
#8728=CARTESIAN_POINT('',(0.00879759383585885,-0.00212536168289731,0.000524717540517917));
#8729=CARTESIAN_POINT('',(0.00922273199640173,-0.00237081531432953,-3.04430508481196E-16));
#8730=CARTESIAN_POINT('',(0.00937783651212837,-0.00246036494823686,4.76806171371187E-22));
#8731=CARTESIAN_POINT('',(-0.00255817970831028,0.00935162712615885,-1.56943200826645E-22));
#8732=CARTESIAN_POINT('',(-0.00381790985299445,0.00935162712615885,-1.56943200826645E-22));
#8733=CARTESIAN_POINT('',(-0.00255817970831027,0.00917252785834429,-4.11838859519422E-19));
#8734=CARTESIAN_POINT('',(-0.00381790985299445,0.00917252785834429,-4.11838859519422E-19));
#8735=CARTESIAN_POINT('',(-0.00255817970831027,0.00868162059548009,0.000524717540518681));
#8736=CARTESIAN_POINT('',(-0.00381790985299445,0.00868162059548009,0.000524717540518681));
#8737=CARTESIAN_POINT('',(-0.00255817970831028,0.00823034014235864,0.00202258585718538));
#8738=CARTESIAN_POINT('',(-0.00381790985299446,0.00823034014235864,0.00202258585718538));
#8739=CARTESIAN_POINT('',(-0.00255817970831028,0.0080800352452049,0.00272971480193692));
#8740=CARTESIAN_POINT('',(-0.00381790985299446,0.0080800352452049,0.00272971480193692));
#8741=CARTESIAN_POINT('',(-0.00255817970831028,0.0080800352452049,0.00272971480193692));
#8742=CARTESIAN_POINT('',(-0.00255817970831028,0.00823034014235864,0.00202258585718538));
#8743=CARTESIAN_POINT('',(-0.00255817970831027,0.00868162059548009,0.000524717540518682));
#8744=CARTESIAN_POINT('',(-0.00255817970831027,0.00917252785834429,-4.11838859519422E-19));
#8745=CARTESIAN_POINT('',(-0.00255817970831028,0.00935162712615885,-1.56943200826645E-22));
#8746=CARTESIAN_POINT('',(0.0089064707123183,-0.000733610700550348,0.00272971480193692));
#8747=CARTESIAN_POINT('',(0.00827660563997621,-0.00182456900775989,0.00272971480193692));
#8748=CARTESIAN_POINT('',(0.00903663857156649,-0.000808763149127124,0.00202258585718513));
#8749=CARTESIAN_POINT('',(0.00840677349922439,-0.00189972145633666,0.00202258585718513));
#8750=CARTESIAN_POINT('',(0.00942745890820094,-0.00103440337568777,0.000524717540517918));
#8751=CARTESIAN_POINT('',(0.00879759383585885,-0.00212536168289731,0.000524717540517918));
#8752=CARTESIAN_POINT('',(0.00985259706874382,-0.00127985700711999,-3.04430508481197E-16));
#8753=CARTESIAN_POINT('',(0.00922273199640172,-0.00237081531432953,-3.04430508481197E-16));
#8754=CARTESIAN_POINT('',(0.0100077015844705,-0.00136940664102732,4.76806171371187E-22));
#8755=CARTESIAN_POINT('',(0.00937783651212836,-0.00246036494823687,4.76806171371187E-22));
#8756=CARTESIAN_POINT('',(0.0100077015844705,-0.00136940664102732,4.3566145180102E-22));
#8757=CARTESIAN_POINT('',(0.00985259706874382,-0.00127985700711999,-3.02208854767414E-16));
#8758=CARTESIAN_POINT('',(0.00942745890820093,-0.00103440337568777,0.000524717540517924));
#8759=CARTESIAN_POINT('',(0.00903663857156648,-0.000808763149127128,0.00202258585718513));
#8760=CARTESIAN_POINT('',(0.0089064707123183,-0.000733610700550353,0.00272971480193691));
#8761=CARTESIAN_POINT('',(-0.00182456900775994,0.0082766056399762,0.00272971480193691));
#8762=CARTESIAN_POINT('',(-0.00204759200427382,0.0081508098759314,0.00271762780313768));
#8763=CARTESIAN_POINT('',(-0.00230213824567872,0.00808260441611059,0.00271762780313764));
#8764=CARTESIAN_POINT('',(-0.00255817970831028,0.0080800352452049,0.00272971480193692));
#8765=CARTESIAN_POINT('',(-0.00211467840407967,0.00877908985415512,0.));
#8766=CARTESIAN_POINT('',(-0.00226122455321209,0.00872556375987438,2.94691121271681E-17));
#8767=CARTESIAN_POINT('',(-0.00240450397319449,0.00868717215499825,2.16681532263729E-17));
#8768=CARTESIAN_POINT('',(-0.00255817970831029,0.00866025403784437,-4.33680868994202E-19));
#8769=CARTESIAN_POINT('',(-0.0024603649482369,0.00937783651212835,0.));
#8770=CARTESIAN_POINT('',(-0.00249001100955861,0.00936072035189898,0.));
#8771=CARTESIAN_POINT('',(-0.00252394738596883,0.00935162712724574,0.));
#8772=CARTESIAN_POINT('',(-0.00255817970831028,0.00935162712615885,0.));
#8773=CARTESIAN_POINT('',(-0.0024603649482369,0.00937783651212835,2.04018533142738E-22));
#8774=CARTESIAN_POINT('',(-0.00237081531432963,0.00922273199640179,-2.42437421296284E-17));
#8775=CARTESIAN_POINT('',(-0.00212536168289753,0.00879759383585911,0.000524717540518629));
#8776=CARTESIAN_POINT('',(-0.0018997214563368,0.00840677349922454,0.00202258585718535));
#8777=CARTESIAN_POINT('',(-0.00182456900775994,0.0082766056399762,0.00272971480193691));
#8778=CARTESIAN_POINT('',(0.0100077015844704,0.00136940664102732,0.));
#8779=CARTESIAN_POINT('',(0.0102480287903774,0.000953147709945244,0.));
#8780=CARTESIAN_POINT('',(0.0103760399207103,0.000476959060866623,0.));
#8781=CARTESIAN_POINT('',(0.0103760399207103,-0.000476959060866643,0.));
#8782=CARTESIAN_POINT('',(0.0102480287903765,-0.000953147709944703,0.));
#8783=CARTESIAN_POINT('',(0.0100077015844705,-0.00136940664102732,0.));
#8784=CARTESIAN_POINT('',(0.00940895492649721,0.00102372009687009,2.16840434497101E-19));
#8785=CARTESIAN_POINT('',(0.00963794121430365,0.000742146536926347,-3.48912239548166E-16));
#8786=CARTESIAN_POINT('',(0.0097737737732568,0.000371322627954188,-8.13151629364129E-20));
#8787=CARTESIAN_POINT('',(0.0097737737732568,-0.000371322627954205,-8.13151629364129E-20));
#8788=CARTESIAN_POINT('',(0.00963794121430483,-0.000742146536927297,3.10364065038257E-16));
#8789=CARTESIAN_POINT('',(0.00940895492649723,-0.00102372009687009,2.71050543121376E-20));
#8790=CARTESIAN_POINT('',(0.00890647071231829,0.000733610700550349,0.00272971480193692));
#8791=CARTESIAN_POINT('',(0.00904157346942712,0.00051058794340986,0.00270388148414058));
#8792=CARTESIAN_POINT('',(0.00911351145106988,0.000255513782607117,0.00269012605248693));
#8793=CARTESIAN_POINT('',(0.00911351145106988,-0.000255513782607132,0.00269012605248693));
#8794=CARTESIAN_POINT('',(0.00904157346942712,-0.000510587943409865,0.00270388148414059));
#8795=CARTESIAN_POINT('',(0.0089064707123183,-0.000733610700550355,0.00272971480193692));
#8796=CARTESIAN_POINT('',(0.00890647071231829,0.000733610700550349,0.00272971480193691));
#8797=CARTESIAN_POINT('',(0.00903663857156663,0.000808763149127218,0.00202258585718539));
#8798=CARTESIAN_POINT('',(0.00942745890820115,0.00103440337568795,0.000524717540518692));
#8799=CARTESIAN_POINT('',(0.00985259706874384,0.00127985700712005,3.27803854432301E-18));
#8800=CARTESIAN_POINT('',(0.0100077015844704,0.00136940664102732,4.30734554986609E-20));
#8801=CARTESIAN_POINT('',(-0.00136940664102733,0.0100077015844705,2.06263545708394E-22));
#8802=CARTESIAN_POINT('',(-0.00246036494823691,0.00937783651212835,2.06263545259284E-22));
#8803=CARTESIAN_POINT('',(-0.00127985700712006,0.00985259706874391,-2.86427703255147E-17));
#8804=CARTESIAN_POINT('',(-0.00237081531432964,0.00922273199640179,-2.86427703255152E-17));
#8805=CARTESIAN_POINT('',(-0.00103440337568795,0.00942745890820123,0.00052471754051862));
#8806=CARTESIAN_POINT('',(-0.00212536168289753,0.00879759383585911,0.00052471754051862));
#8807=CARTESIAN_POINT('',(-0.000808763149127223,0.00903663857156665,0.00202258585718536));
#8808=CARTESIAN_POINT('',(-0.0018997214563368,0.00840677349922454,0.00202258585718536));
#8809=CARTESIAN_POINT('',(-0.000733610700550355,0.00890647071231831,0.00272971480193692));
#8810=CARTESIAN_POINT('',(-0.00182456900775994,0.00827660563997619,0.00272971480193692));
#8811=CARTESIAN_POINT('',(-0.000733610700550357,0.00890647071231831,0.00272971480193691));
#8812=CARTESIAN_POINT('',(-0.000808763149127225,0.00903663857156665,0.00202258585718536));
#8813=CARTESIAN_POINT('',(-0.00103440337568795,0.00942745890820123,0.000524717540518626));
#8814=CARTESIAN_POINT('',(-0.00127985700712006,0.0098525970687439,-2.59189578770484E-17));
#8815=CARTESIAN_POINT('',(-0.00136940664102733,0.0100077015844705,1.62884508236005E-22));
#8816=CARTESIAN_POINT('',(0.00827660563997622,0.00182456900775989,0.00272971480193691));
#8817=CARTESIAN_POINT('',(0.00890647071231829,0.000733610700550349,0.00272971480193691));
#8818=CARTESIAN_POINT('',(0.00840677349922456,0.00189972145633675,0.00202258585718539));
#8819=CARTESIAN_POINT('',(0.00903663857156663,0.000808763149127218,0.00202258585718539));
#8820=CARTESIAN_POINT('',(0.00879759383585908,0.00212536168289749,0.000524717540518689));
#8821=CARTESIAN_POINT('',(0.00942745890820115,0.00103440337568795,0.000524717540518689));
#8822=CARTESIAN_POINT('',(0.00922273199640177,0.00237081531432959,1.8746182427146E-18));
#8823=CARTESIAN_POINT('',(0.00985259706874384,0.00127985700712005,1.96460014320732E-18));
#8824=CARTESIAN_POINT('',(0.00937783651212837,0.00246036494823686,-4.69626530561534E-20));
#8825=CARTESIAN_POINT('',(0.0100077015844704,0.00136940664102732,4.3019247436562E-20));
#8826=CARTESIAN_POINT('',(0.00937783651212837,0.00246036494823685,-4.69730587117365E-20));
#8827=CARTESIAN_POINT('',(0.00922273199640177,0.00237081531432958,5.51102872695982E-18));
#8828=CARTESIAN_POINT('',(0.00879759383585908,0.00212536168289748,0.000524717540518697));
#8829=CARTESIAN_POINT('',(0.00840677349922456,0.00189972145633675,0.00202258585718539));
#8830=CARTESIAN_POINT('',(0.00827660563997622,0.00182456900775988,0.00272971480193691));
#8831=CARTESIAN_POINT('',(-0.00136940664102733,0.0100077015844705,0.));
#8832=CARTESIAN_POINT('',(-0.000953147709944706,0.0102480287903765,0.));
#8833=CARTESIAN_POINT('',(-0.000476959060866631,0.0103760399207103,0.));
#8834=CARTESIAN_POINT('',(0.000476959060866637,0.0103760399207103,0.));
#8835=CARTESIAN_POINT('',(0.000953147709944563,0.0102480287903763,0.));
#8836=CARTESIAN_POINT('',(0.00136940664102733,0.0100077015844705,0.));
#8837=CARTESIAN_POINT('',(-0.0010237200968701,0.00940895492649723,-2.71050543121376E-19));
#8838=CARTESIAN_POINT('',(-0.000742146536926269,0.00963794121430356,3.6825408943842E-16));
#8839=CARTESIAN_POINT('',(-0.000371322627954195,0.00977377377325681,-8.13151629364129E-20));
#8840=CARTESIAN_POINT('',(0.000371322627954199,0.00977377377325681,-8.13151629364129E-20));
#8841=CARTESIAN_POINT('',(0.000742146536926249,0.00963794121430354,-2.06701571276476E-16));
#8842=CARTESIAN_POINT('',(0.0010237200968701,0.00940895492649723,1.89735380184963E-19));
#8843=CARTESIAN_POINT('',(-0.000733610700550357,0.00890647071231831,0.00272971480193692));
#8844=CARTESIAN_POINT('',(-0.000510587943409831,0.00904157346942711,0.00270388148414074));
#8845=CARTESIAN_POINT('',(-0.000255513782607125,0.00911351145106989,0.00269012605248693));
#8846=CARTESIAN_POINT('',(0.000255513782607126,0.00911351145106989,0.00269012605248693));
#8847=CARTESIAN_POINT('',(0.000510587943409846,0.00904157346942712,0.00270388148414065));
#8848=CARTESIAN_POINT('',(0.000733610700550357,0.0089064707123183,0.00272971480193692));
#8849=CARTESIAN_POINT('',(0.00136940664102733,0.0100077015844705,-5.90150165422101E-22));
#8850=CARTESIAN_POINT('',(0.00127985700712005,0.00985259706874382,4.50064627373809E-17));
#8851=CARTESIAN_POINT('',(0.00103440337568795,0.00942745890820112,0.000524717540518797));
#8852=CARTESIAN_POINT('',(0.000808763149127228,0.00903663857156664,0.00202258585718542));
#8853=CARTESIAN_POINT('',(0.000733610700550357,0.0089064707123183,0.00272971480193692));
#8854=CARTESIAN_POINT('',(0.00827660563997621,0.00182456900775988,0.00272971480193691));
#8855=CARTESIAN_POINT('',(0.00815080987593137,0.00204759200427375,0.00271762780313786));
#8856=CARTESIAN_POINT('',(0.00808260441611055,0.00230213824567867,0.00271762780313787));
#8857=CARTESIAN_POINT('',(0.00808003524520491,0.00255817970831023,0.00272971480193692));
#8858=CARTESIAN_POINT('',(0.00877908985415513,0.00211467840407961,0.));
#8859=CARTESIAN_POINT('',(0.00872556375987407,0.00226122455321158,2.94691121271185E-17));
#8860=CARTESIAN_POINT('',(0.0086871721549975,0.00240450397319462,-7.36727803177539E-18));
#8861=CARTESIAN_POINT('',(0.00866025403784438,0.00255817970831023,0.));
#8862=CARTESIAN_POINT('',(0.00937783651212837,0.00246036494823685,0.));
#8863=CARTESIAN_POINT('',(0.00936072035189893,0.00249001100955847,0.));
#8864=CARTESIAN_POINT('',(0.00935162712724575,0.00252394738596884,0.));
#8865=CARTESIAN_POINT('',(0.00935162712615886,0.00255817970831023,0.));
#8866=CARTESIAN_POINT('',(0.00808003524520491,0.00255817970831023,0.00272971480193691));
#8867=CARTESIAN_POINT('',(0.0082303401423585,0.00255817970831023,0.00202258585718549));
#8868=CARTESIAN_POINT('',(0.00868162059547972,0.0025581797083102,0.000524717540518937));
#8869=CARTESIAN_POINT('',(0.00917252785834413,0.00255817970831021,1.0736455960007E-16));
#8870=CARTESIAN_POINT('',(0.00935162712615886,0.00255817970831023,-1.29636693425576E-21));
#8871=CARTESIAN_POINT('',(0.0024603649482369,0.00937783651212836,-6.17441911098801E-22));
#8872=CARTESIAN_POINT('',(0.00136940664102733,0.0100077015844705,-6.17441910815745E-22));
#8873=CARTESIAN_POINT('',(0.00237081531432962,0.00922273199640172,3.90726511453999E-17));
#8874=CARTESIAN_POINT('',(0.00127985700712005,0.00985259706874382,3.90726511454001E-17));
#8875=CARTESIAN_POINT('',(0.00212536168289752,0.00879759383585902,0.000524717540518782));
#8876=CARTESIAN_POINT('',(0.00103440337568795,0.00942745890820113,0.000524717540518782));
#8877=CARTESIAN_POINT('',(0.0018997214563368,0.00840677349922454,0.00202258585718542));
#8878=CARTESIAN_POINT('',(0.000808763149127228,0.00903663857156665,0.00202258585718542));
#8879=CARTESIAN_POINT('',(0.00182456900775993,0.00827660563997619,0.00272971480193692));
#8880=CARTESIAN_POINT('',(0.000733610700550356,0.0089064707123183,0.00272971480193692));
#8881=CARTESIAN_POINT('',(0.00182456900775992,0.00827660563997619,0.00272971480193691));
#8882=CARTESIAN_POINT('',(0.00189972145633679,0.00840677349922454,0.00202258585718541));
#8883=CARTESIAN_POINT('',(0.00212536168289752,0.00879759383585902,0.00052471754051878));
#8884=CARTESIAN_POINT('',(0.00237081531432962,0.00922273199640172,3.90726511453996E-17));
#8885=CARTESIAN_POINT('',(0.0024603649482369,0.00937783651212836,-6.17441911240329E-22));
#8886=CARTESIAN_POINT('',(0.00808003524520491,0.00381790985299445,0.00272971480193692));
#8887=CARTESIAN_POINT('',(0.00808003524520491,0.00255817970831023,0.00272971480193692));
#8888=CARTESIAN_POINT('',(0.0082303401423585,0.00381790985299444,0.00202258585718549));
#8889=CARTESIAN_POINT('',(0.0082303401423585,0.00255817970831023,0.00202258585718549));
#8890=CARTESIAN_POINT('',(0.00868162059547972,0.00381790985299441,0.000524717540518933));
#8891=CARTESIAN_POINT('',(0.00868162059547972,0.0025581797083102,0.000524717540518933));
#8892=CARTESIAN_POINT('',(0.00917252785834413,0.00381790985299442,1.05545638938706E-16));
#8893=CARTESIAN_POINT('',(0.00917252785834413,0.00255817970831021,1.05545638938706E-16));
#8894=CARTESIAN_POINT('',(0.00935162712615886,0.00381790985299445,-1.34792478027365E-21));
#8895=CARTESIAN_POINT('',(0.00935162712615886,0.00255817970831023,-1.34792478027365E-21));
#8896=CARTESIAN_POINT('',(0.00935162712615886,0.00381790985299444,-1.33333143270688E-21));
#8897=CARTESIAN_POINT('',(0.00917252785834413,0.00381790985299441,1.05747463980958E-16));
#8898=CARTESIAN_POINT('',(0.00868162059547972,0.00381790985299441,0.000524717540518933));
#8899=CARTESIAN_POINT('',(0.0082303401423585,0.00381790985299444,0.00202258585718549));
#8900=CARTESIAN_POINT('',(0.00808003524520491,0.00381790985299445,0.00272971480193691));
#8901=CARTESIAN_POINT('',(0.00255817970831028,0.0080800352452049,0.00272971480193692));
#8902=CARTESIAN_POINT('',(0.00230213824567872,0.00808260441611059,0.00271762780313764));
#8903=CARTESIAN_POINT('',(0.00204759200427382,0.0081508098759314,0.00271762780313768));
#8904=CARTESIAN_POINT('',(0.00182456900775992,0.0082766056399762,0.00272971480193691));
#8905=CARTESIAN_POINT('',(0.00255817970831028,0.00866025403784437,0.));
#8906=CARTESIAN_POINT('',(0.0024045039731945,0.00868717215499824,0.));
#8907=CARTESIAN_POINT('',(0.00226122455321206,0.00872556375987435,2.94691121271569E-17));
#8908=CARTESIAN_POINT('',(0.00211467840407967,0.00877908985415513,0.));
#8909=CARTESIAN_POINT('',(0.00255817970831028,0.00935162712615885,0.));
#8910=CARTESIAN_POINT('',(0.00252394738596889,0.00935162712724574,0.));
#8911=CARTESIAN_POINT('',(0.00249001100955853,0.00936072035189892,0.));
#8912=CARTESIAN_POINT('',(0.0024603649482369,0.00937783651212836,0.));
#8913=CARTESIAN_POINT('',(0.00255817970831028,0.00935162712615885,-2.17651164200296E-22));
#8914=CARTESIAN_POINT('',(0.00255817970831027,0.0091725278583443,-1.54799358209247E-18));
#8915=CARTESIAN_POINT('',(0.00255817970831026,0.00868162059548009,0.000524717540518678));
#8916=CARTESIAN_POINT('',(0.00255817970831028,0.00823034014235864,0.00202258585718538));
#8917=CARTESIAN_POINT('',(0.00255817970831028,0.0080800352452049,0.00272971480193692));
#8918=CARTESIAN_POINT('',(0.00798222048513153,0.00618979173147602,-4.33680868994202E-19));
#8919=CARTESIAN_POINT('',(0.00839847941620862,0.00594946452556016,-4.33680868994202E-19));
#8920=CARTESIAN_POINT('',(0.00874743463158329,0.00560107862363105,-4.33680868994202E-19));
#8921=CARTESIAN_POINT('',(0.00922439369244998,0.00477496129707929,-4.33680868994202E-19));
#8922=CARTESIAN_POINT('',(0.00935162712615344,0.00429856426481734,-4.33680868994202E-19));
#8923=CARTESIAN_POINT('',(0.00935162712615886,0.00381790985299444,-4.33680868994202E-19));
#8924=CARTESIAN_POINT('',(0.0076365339409743,0.00559104507350278,-2.98155597433514E-19));
#8925=CARTESIAN_POINT('',(0.00797562866330566,0.00546168836146243,1.14406938434521E-15));
#8926=CARTESIAN_POINT('',(0.00827867506450523,0.00520846171543694,6.45315874041649E-17));
#8927=CARTESIAN_POINT('',(0.00864999769245973,0.0045653120578199,-6.47484278386533E-17));
#8928=CARTESIAN_POINT('',(0.0087177752002311,0.00417625285284311,-3.49373025470942E-16));
#8929=CARTESIAN_POINT('',(0.00866025403784438,0.00381790985299444,-2.43945488809239E-19));
#8930=CARTESIAN_POINT('',(0.00734642454465456,0.00508856085932386,0.00272971480193691));
#8931=CARTESIAN_POINT('',(0.00757493834300246,0.00496296886457257,0.00270388148414031));
#8932=CARTESIAN_POINT('',(0.00776477554300327,0.0047780371522899,0.00269012605248695));
#8933=CARTESIAN_POINT('',(0.00802028932561055,0.00433547429878,0.00269012605248691));
#8934=CARTESIAN_POINT('',(0.0080855262864122,0.00407860460485467,0.00270388148414074));
#8935=CARTESIAN_POINT('',(0.00808003524520491,0.00381790985299445,0.00272971480193692));
#8936=CARTESIAN_POINT('',(0.00734642454465456,0.00508856085932386,0.00272971480193691));
#8937=CARTESIAN_POINT('',(0.00742157699323138,0.00521872871857212,0.00202258585718541));
#8938=CARTESIAN_POINT('',(0.00764721721979205,0.00560954905520648,0.000524717540518889));
#8939=CARTESIAN_POINT('',(0.00789267085122421,0.00603468721574931,7.72223457736943E-17));
#8940=CARTESIAN_POINT('',(0.00798222048513153,0.00618979173147602,-4.66849667148245E-20));
#8941=CARTESIAN_POINT('',(0.00381790985299444,0.00935162712615885,-2.17651164200296E-22));
#8942=CARTESIAN_POINT('',(0.00255817970831028,0.00935162712615885,-2.17651164200296E-22));
#8943=CARTESIAN_POINT('',(0.00381790985299443,0.0091725278583443,-1.54799358209247E-18));
#8944=CARTESIAN_POINT('',(0.00255817970831026,0.0091725278583443,-1.54799358209247E-18));
#8945=CARTESIAN_POINT('',(0.00381790985299443,0.00868162059548009,0.000524717540518679));
#8946=CARTESIAN_POINT('',(0.00255817970831026,0.00868162059548009,0.000524717540518679));
#8947=CARTESIAN_POINT('',(0.00381790985299444,0.00823034014235864,0.00202258585718538));
#8948=CARTESIAN_POINT('',(0.00255817970831028,0.00823034014235864,0.00202258585718538));
#8949=CARTESIAN_POINT('',(0.00381790985299444,0.0080800352452049,0.00272971480193692));
#8950=CARTESIAN_POINT('',(0.00255817970831028,0.0080800352452049,0.00272971480193692));
#8951=CARTESIAN_POINT('',(0.00381790985299444,0.0080800352452049,0.00272971480193692));
#8952=CARTESIAN_POINT('',(0.00381790985299444,0.00823034014235864,0.00202258585718538));
#8953=CARTESIAN_POINT('',(0.00381790985299442,0.00868162059548009,0.000524717540518682));
#8954=CARTESIAN_POINT('',(0.00381790985299443,0.00917252785834429,-4.11838859519422E-19));
#8955=CARTESIAN_POINT('',(0.00381790985299444,0.00935162712615885,-1.56943200826645E-22));
#8956=CARTESIAN_POINT('',(0.00625546623744498,0.00571842593166596,0.00272971480193692));
#8957=CARTESIAN_POINT('',(0.00734642454465456,0.00508856085932386,0.00272971480193692));
#8958=CARTESIAN_POINT('',(0.0063306186860218,0.00584859379091422,0.00202258585718541));
#8959=CARTESIAN_POINT('',(0.00742157699323139,0.00521872871857212,0.00202258585718541));
#8960=CARTESIAN_POINT('',(0.00655625891258247,0.00623941412754858,0.000524717540518879));
#8961=CARTESIAN_POINT('',(0.00764721721979205,0.00560954905520648,0.000524717540518879));
#8962=CARTESIAN_POINT('',(0.00680171254401464,0.00666455228809141,7.30702863386125E-17));
#8963=CARTESIAN_POINT('',(0.00789267085122423,0.00603468721574931,7.29803044381197E-17));
#8964=CARTESIAN_POINT('',(0.00689126217792196,0.00681965680381812,4.33235756296145E-20));
#8965=CARTESIAN_POINT('',(0.00798222048513154,0.00618979173147602,-4.66583248631336E-20));
#8966=CARTESIAN_POINT('',(0.00689126217792196,0.00681965680381812,4.33416604741575E-20));
#8967=CARTESIAN_POINT('',(0.00680171254401464,0.0066645522880914,7.3373116812225E-17));
#8968=CARTESIAN_POINT('',(0.00655625891258247,0.00623941412754858,0.000524717540518879));
#8969=CARTESIAN_POINT('',(0.00633061868602181,0.00584859379091421,0.0020225858571854));
#8970=CARTESIAN_POINT('',(0.00625546623744499,0.00571842593166596,0.00272971480193691));
#8971=CARTESIAN_POINT('',(0.00381790985299444,0.00935162712615885,0.));
#8972=CARTESIAN_POINT('',(0.00429856426481722,0.00935162712615343,0.));
#8973=CARTESIAN_POINT('',(0.00477496129707944,0.00922439369244976,0.));
#8974=CARTESIAN_POINT('',(0.0056010786236309,0.00874743463158348,0.));
#8975=CARTESIAN_POINT('',(0.00594946452555996,0.00839847941620828,0.));
#8976=CARTESIAN_POINT('',(0.006189791731476,0.00798222048513153,0.));
#8977=CARTESIAN_POINT('',(0.00381790985299444,0.00866025403784438,1.62630325872826E-19));
#8978=CARTESIAN_POINT('',(0.00417625285284268,0.00871777520023325,-1.42075143000424E-16));
#8979=CARTESIAN_POINT('',(0.00456531205781997,0.00864999769245996,3.85129540296876E-17));
#8980=CARTESIAN_POINT('',(0.00520846171543687,0.00827867506450496,-3.90550551159356E-17));
#8981=CARTESIAN_POINT('',(0.00546168836146109,0.0079756286633053,-1.09829691498306E-16));
#8982=CARTESIAN_POINT('',(0.00559104507350277,0.0076365339409743,8.13151629364128E-20));
#8983=CARTESIAN_POINT('',(0.00381790985299444,0.0080800352452049,0.00272971480193692));
#8984=CARTESIAN_POINT('',(0.00407860460485461,0.00808552628641227,0.00270388148414037));
#8985=CARTESIAN_POINT('',(0.00433547429878003,0.00802028932561051,0.00269012605248693));
#8986=CARTESIAN_POINT('',(0.00477803715228986,0.00776477554300329,0.00269012605248692));
#8987=CARTESIAN_POINT('',(0.00496296886457247,0.00757493834300241,0.00270388148414076));
#8988=CARTESIAN_POINT('',(0.00508856085932385,0.00734642454465455,0.00272971480193691));
#8989=CARTESIAN_POINT('',(0.006189791731476,0.00798222048513153,-4.08807420216151E-22));
#8990=CARTESIAN_POINT('',(0.00603468721574943,0.00789267085122426,-1.36060600833727E-16));
#8991=CARTESIAN_POINT('',(0.00560954905520675,0.00764721721979216,0.000524717540518337));
#8992=CARTESIAN_POINT('',(0.00521872871857218,0.00742157699323142,0.00202258585718528));
#8993=CARTESIAN_POINT('',(0.00508856085932385,0.00734642454465455,0.00272971480193691));
#8994=CARTESIAN_POINT('',(0.00625546623744499,0.00571842593166596,0.00272971480193691));
#8995=CARTESIAN_POINT('',(0.00603501241183677,0.00584867163025273,0.00271762780313764));
#8996=CARTESIAN_POINT('',(0.00584867163025269,0.00603501241183681,0.00271762780313766));
#8997=CARTESIAN_POINT('',(0.00571842593166593,0.00625546623744502,0.00272971480193691));
#8998=CARTESIAN_POINT('',(0.00654557563376473,0.00622091014584489,-4.33680868994202E-19));
#8999=CARTESIAN_POINT('',(0.00642594760178614,0.00632105978668006,5.8504543385351E-17));
#9000=CARTESIAN_POINT('',(0.0063210597866799,0.00642594760178606,-2.90354312581675E-17));
#9001=CARTESIAN_POINT('',(0.00622091014584485,0.00654557563376476,4.33680868994202E-19));
#9002=CARTESIAN_POINT('',(0.00689126217792196,0.00681965680381812,0.));
#9003=CARTESIAN_POINT('',(0.00686161611768721,0.00683677296593011,0.));
#9004=CARTESIAN_POINT('',(0.00683677296593007,0.00686161611768724,0.));
#9005=CARTESIAN_POINT('',(0.00681965680381808,0.00689126217792199,0.));
#9006=CARTESIAN_POINT('',(0.00571842593166593,0.00625546623744502,0.00272971480193691));
#9007=CARTESIAN_POINT('',(0.00584859379091426,0.00633061868602189,0.00202258585718528));
#9008=CARTESIAN_POINT('',(0.00623941412754883,0.00655625891258263,0.000524717540518346));
#9009=CARTESIAN_POINT('',(0.00666455228809151,0.00680171254401472,-1.32159360895198E-16));
#9010=CARTESIAN_POINT('',(0.00681965680381808,0.00689126217792199,-3.8378861979982E-22));
#9011=CARTESIAN_POINT('',(0.00681965680381809,0.00689126217792199,-4.08807420251926E-22));
#9012=CARTESIAN_POINT('',(0.006189791731476,0.00798222048513153,-4.08807420180377E-22));
#9013=CARTESIAN_POINT('',(0.00666455228809151,0.00680171254401473,-1.36060600833727E-16));
#9014=CARTESIAN_POINT('',(0.00603468721574942,0.00789267085122427,-1.36060600833727E-16));
#9015=CARTESIAN_POINT('',(0.00623941412754882,0.00655625891258263,0.000524717540518337));
#9016=CARTESIAN_POINT('',(0.00560954905520674,0.00764721721979217,0.000524717540518337));
#9017=CARTESIAN_POINT('',(0.00584859379091427,0.00633061868602189,0.00202258585718528));
#9018=CARTESIAN_POINT('',(0.00521872871857218,0.00742157699323143,0.00202258585718528));
#9019=CARTESIAN_POINT('',(0.00571842593166593,0.00625546623744502,0.00272971480193691));
#9020=CARTESIAN_POINT('',(0.00508856085932384,0.00734642454465456,0.00272971480193691));
#9021=CARTESIAN_POINT('',(1.7347234759768E-18,-1.7347234759768E-18,0.));
#9022=CARTESIAN_POINT('',(0.,-2.4492935982947E-19,0.));
#9023=CARTESIAN_POINT('',(-0.004,-2.4492935982947E-19,0.));
#9024=CARTESIAN_POINT('',(3.12515965680488E-19,4.33680868994202E-19,0.));
#9025=CARTESIAN_POINT('',(-0.003125,4.33680868994202E-19,0.));
#9026=CARTESIAN_POINT('',(0.,-2.4492935982947E-19,0.));
#9027=CARTESIAN_POINT('',(0.,-2.4492935982947E-19,-0.0047));
#9028=CARTESIAN_POINT('',(-0.004,-2.4492935982947E-19,-0.0047));
#9029=CARTESIAN_POINT('',(0.,3.46944695195361E-18,0.013));
#9030=CARTESIAN_POINT('',(3.12515965680488E-19,4.33680868994202E-19,0.013));
#9031=CARTESIAN_POINT('',(0.00271350787726883,0.00155,0.013));
#9032=CARTESIAN_POINT('',(-0.00271350787726883,0.00155,0.013));
#9033=CARTESIAN_POINT('',(0.,0.00155,0.013));
#9034=CARTESIAN_POINT('',(0.,0.00155,0.013));
#9035=CARTESIAN_POINT('',(-0.00271350787726883,0.00155,0.013));
#9036=CARTESIAN_POINT('',(-0.00271350787726883,0.00155,0.0025));
#9037=CARTESIAN_POINT('',(0.,0.00155,0.0025));
#9038=CARTESIAN_POINT('',(0.00271350787726883,0.00155,0.0025));
#9039=CARTESIAN_POINT('',(0.00271350787726883,0.00155,0.013));
#9040=CARTESIAN_POINT('',(0.,3.46944695195361E-18,0.0025));
#9041=CARTESIAN_POINT('',(6.50521303491303E-19,1.0842021724855E-19,0.0025));
#9042=CARTESIAN_POINT('',(3.12515965680488E-19,4.33680868994202E-19,0.013));
#9043=CARTESIAN_POINT('',(0.,-2.4492935982947E-19,-0.0047));
#9044=CARTESIAN_POINT('',(0.,-0.0107388197171987,-0.0047));
#9045=CARTESIAN_POINT('',(-0.00399037996482764,-0.0107388197171987,-0.0047));
#9046=CARTESIAN_POINT('',(-0.00525200864360066,-0.0107388197171987,-0.0047));
#9047=CARTESIAN_POINT('',(-0.00525200864360066,-0.0119945232913744,-0.00436353524136672));
#9048=CARTESIAN_POINT('',(-0.00525200864360066,-0.0124330127018922,-0.006));
#9049=CARTESIAN_POINT('',(-0.00525200864360066,-0.0107388197171987,-0.006));
#9050=CARTESIAN_POINT('',(-0.00575681677348853,-0.0119861688089197,-0.00433235588837453));
#9051=CARTESIAN_POINT('',(-0.00584179197574949,-0.012477280031506,-0.00600000000000003));
#9052=CARTESIAN_POINT('',(-0.00554079987939657,-0.0107388197171839,-0.006));
#9053=CARTESIAN_POINT('',(-0.00675994063537486,-0.0117085606366183,-0.0042991446182645));
#9054=CARTESIAN_POINT('',(-0.00704884848367221,-0.0122089637085736,-0.00599999999999969));
#9055=CARTESIAN_POINT('',(-0.00611214815524667,-0.0105865511482756,-0.006));
#9056=CARTESIAN_POINT('',(-0.00750191829582871,-0.0109786339752338,-0.00433235588837513));
#9057=CARTESIAN_POINT('',(-0.00788474548954066,-0.0112977802703776,-0.00600000000000058));
#9058=CARTESIAN_POINT('',(-0.00652969074204445,-0.0101678833114355,-0.006));
#9059=CARTESIAN_POINT('',(-0.00776155755481408,-0.0105456345519408,-0.00436353524136672));
#9060=CARTESIAN_POINT('',(-0.00814130052361295,-0.0107648792571997,-0.006));
#9061=CARTESIAN_POINT('',(-0.00667408635995493,-0.00991778276485295,-0.006));
#9062=CARTESIAN_POINT('',(-0.00667408635995493,-0.00991778276485294,-0.0047));
#9063=CARTESIAN_POINT('',(-0.00399037996482764,-0.0107388197171986,-0.006));
#9064=CARTESIAN_POINT('',(-0.00399037996482764,-0.0124330127018922,-0.006));
#9065=CARTESIAN_POINT('',(-0.00399037996482764,-0.0119945232913744,-0.00436353524136672));
#9066=CARTESIAN_POINT('',(-0.00326429010586984,-0.0107388197172031,-0.006));
#9067=CARTESIAN_POINT('',(-0.00355574179240705,-0.0124536103059265,-0.00600000000000382));
#9068=CARTESIAN_POINT('',(-0.00348275494418564,-0.0119906020239525,-0.00434890087211805));
#9069=CARTESIAN_POINT('',(-0.00254245170159494,-0.0109322357346908,-0.006));
#9070=CARTESIAN_POINT('',(-0.00314744243143744,-0.0125630137899643,-0.00599999999999847));
#9071=CARTESIAN_POINT('',(-0.00297914675515648,-0.0121255434315036,-0.00434890087211565));
#9072=CARTESIAN_POINT('',(-0.00191363943830614,-0.0112952806641691,-0.006));
#9073=CARTESIAN_POINT('',(-0.00276073593065292,-0.0127624948278271,-0.006));
#9074=CARTESIAN_POINT('',(-0.00254149122539403,-0.0123827518590282,-0.00436353524136672));
#9075=CARTESIAN_POINT('',(-0.00191363943830615,-0.0112952806641691,-0.0047));
#9076=CARTESIAN_POINT('',(-0.00930009068175526,-0.00536940985859932,-0.0047));
#9077=CARTESIAN_POINT('',(-0.00730490069934144,-0.00882518027889252,-0.0047));
#9078=CARTESIAN_POINT('',(-0.00536940985859933,-0.00930009068175526,-0.0047));
#9079=CARTESIAN_POINT('',(-0.00082103695234571,-0.0119260950035556,-0.0047));
#9080=CARTESIAN_POINT('',(-0.00882518027889252,-0.00730490069934144,-0.006));
#9081=CARTESIAN_POINT('',(-0.0096722767712393,-0.00877211486299945,-0.006));
#9082=CARTESIAN_POINT('',(-0.00945303206598041,-0.00839237189420059,-0.00436353524136672));
#9083=CARTESIAN_POINT('',(-0.00819636801560655,-0.00766794562882097,-0.006));
#9084=CARTESIAN_POINT('',(-0.00930616787448914,-0.0090072719975559,-0.00599999999999907));
#9085=CARTESIAN_POINT('',(-0.00901145526879879,-0.00864278848731787,-0.00434890087211742));
#9086=CARTESIAN_POINT('',(-0.00766794562882285,-0.00819636801560718,-0.006));
#9087=CARTESIAN_POINT('',(-0.00900727199756033,-0.00930616787448909,-0.0060000000000028));
#9088=CARTESIAN_POINT('',(-0.00864278848731843,-0.00901145526879723,-0.0043489008721163));
#9089=CARTESIAN_POINT('',(-0.00730490069934143,-0.00882518027889252,-0.006));
#9090=CARTESIAN_POINT('',(-0.00877211486299944,-0.0096722767712393,-0.006));
#9091=CARTESIAN_POINT('',(-0.00839237189420058,-0.00945303206598041,-0.00436353524136672));
#9092=CARTESIAN_POINT('',(-0.00882518027889251,-0.00730490069934144,-0.0047));
#9093=CARTESIAN_POINT('',(0.0014488887394336,-0.0130135661984147,-0.00436353524136672));
#9094=CARTESIAN_POINT('',(0.00166813344469249,-0.0133933091672136,-0.006));
#9095=CARTESIAN_POINT('',(0.000821036952345707,-0.0119260950035556,-0.006));
#9096=CARTESIAN_POINT('',(0.00100753483368607,-0.0132587350693178,-0.00433235588837535));
#9097=CARTESIAN_POINT('',(0.00117949976112877,-0.0137265374652918,-0.00599999999999991));
#9098=CARTESIAN_POINT('',(0.000570936405748823,-0.012070490621441,-0.006));
#9099=CARTESIAN_POINT('',(1.61762964134837E-16,-0.0135198812707494,-0.00429914461826432));
#9100=CARTESIAN_POINT('',(-1.8244071079147E-16,-0.0140976969673427,-0.00599999999999995));
#9101=CARTESIAN_POINT('',(1.24683249835833E-18,-0.0122242963104933,-0.006));
#9102=CARTESIAN_POINT('',(-0.00100753483368639,-0.0132587350693174,-0.00433235588837467));
#9103=CARTESIAN_POINT('',(-0.00117949976112903,-0.0137265374652924,-0.00600000000000019));
#9104=CARTESIAN_POINT('',(-0.000570936405748823,-0.012070490621441,-0.006));
#9105=CARTESIAN_POINT('',(-0.0014488887394336,-0.0130135661984147,-0.00436353524136672));
#9106=CARTESIAN_POINT('',(-0.00166813344469249,-0.0133933091672136,-0.006));
#9107=CARTESIAN_POINT('',(-0.000821036952345707,-0.0119260950035556,-0.006));
#9108=CARTESIAN_POINT('',(0.000821036952345707,-0.0119260950035556,-0.0047));
#9109=CARTESIAN_POINT('',(-0.00536940985859933,-0.00930009068175526,-0.0047));
#9110=CARTESIAN_POINT('',(-0.00991778276485294,-0.00667408635995493,-0.0047));
#9111=CARTESIAN_POINT('',(0.00536940985859933,-0.00930009068175525,-0.0047));
#9112=CARTESIAN_POINT('',(0.00191363943830613,-0.0112952806641691,-0.0047));
#9113=CARTESIAN_POINT('',(-0.0105456345519408,-0.00776155755481408,-0.00436353524136672));
#9114=CARTESIAN_POINT('',(-0.0107648792571997,-0.00814130052361295,-0.006));
#9115=CARTESIAN_POINT('',(-0.00991778276485294,-0.00667408635995493,-0.006));
#9116=CARTESIAN_POINT('',(-0.0109786339752333,-0.00750191829582899,-0.00433235588837512));
#9117=CARTESIAN_POINT('',(-0.0112977802703762,-0.00788474548954066,-0.00600000000000036));
#9118=CARTESIAN_POINT('',(-0.0101678833114353,-0.00652969074204433,-0.006));
#9119=CARTESIAN_POINT('',(-0.0117085606366185,-0.00675994063537474,-0.00429914461826438));
#9120=CARTESIAN_POINT('',(-0.0122089637085743,-0.00704884848367207,-0.00599999999999971));
#9121=CARTESIAN_POINT('',(-0.0105865511482758,-0.00611214815524674,-0.006));
#9122=CARTESIAN_POINT('',(-0.0119861688089197,-0.00575681677348854,-0.00433235588837476));
#9123=CARTESIAN_POINT('',(-0.0124772800315061,-0.00584179197575003,-0.00600000000000021));
#9124=CARTESIAN_POINT('',(-0.0107388197171839,-0.00554079987939658,-0.006));
#9125=CARTESIAN_POINT('',(-0.0119945232913744,-0.00525200864360067,-0.00436353524136672));
#9126=CARTESIAN_POINT('',(-0.0124330127018922,-0.00525200864360067,-0.006));
#9127=CARTESIAN_POINT('',(-0.0107388197171987,-0.00525200864360066,-0.006));
#9128=CARTESIAN_POINT('',(-0.0107388197171986,-0.00525200864360066,-0.0047));
#9129=CARTESIAN_POINT('',(0.00191363943830613,-0.0112952806641691,-0.006));
#9130=CARTESIAN_POINT('',(0.00276073593065291,-0.0127624948278271,-0.006));
#9131=CARTESIAN_POINT('',(0.00254149122539402,-0.0123827518590282,-0.00436353524136672));
#9132=CARTESIAN_POINT('',(0.00254245170159572,-0.0109322357346933,-0.006));
#9133=CARTESIAN_POINT('',(0.00314744243144344,-0.012563013789969,-0.00600000000000237));
#9134=CARTESIAN_POINT('',(0.0029791467551557,-0.0121255434315045,-0.00434890087211706));
#9135=CARTESIAN_POINT('',(0.00326429010586951,-0.0107388197172005,-0.006));
#9136=CARTESIAN_POINT('',(0.00355574179240716,-0.0124536103059237,-0.00600000000000054));
#9137=CARTESIAN_POINT('',(0.00348275494418437,-0.011990602023952,-0.00434890087211624));
#9138=CARTESIAN_POINT('',(0.00399037996482763,-0.0107388197171986,-0.006));
#9139=CARTESIAN_POINT('',(0.00399037996482763,-0.0124330127018922,-0.006));
#9140=CARTESIAN_POINT('',(0.00399037996482763,-0.0119945232913744,-0.00436353524136672));
#9141=CARTESIAN_POINT('',(0.00399037996482763,-0.0107388197171987,-0.0047));
#9142=CARTESIAN_POINT('',(-0.0107388197171986,0.,-0.0047));
#9143=CARTESIAN_POINT('',(-0.0107388197171986,-0.00399037996482764,-0.0047));
#9144=CARTESIAN_POINT('',(0.,-0.0107388197171987,-0.0047));
#9145=CARTESIAN_POINT('',(0.00525200864360066,-0.0107388197171987,-0.0047));
#9146=CARTESIAN_POINT('',(-0.0112952806641691,-0.00191363943830614,-0.006));
#9147=CARTESIAN_POINT('',(-0.0127624948278271,-0.00276073593065293,-0.006));
#9148=CARTESIAN_POINT('',(-0.0123827518590282,-0.00254149122539404,-0.00436353524136672));
#9149=CARTESIAN_POINT('',(-0.0109322357346908,-0.00254245170159557,-0.006));
#9150=CARTESIAN_POINT('',(-0.0125630137899643,-0.00314744243143849,-0.00600000000000003));
#9151=CARTESIAN_POINT('',(-0.0121255434315042,-0.00297914675515624,-0.00434890087211729));
#9152=CARTESIAN_POINT('',(-0.0107388197172012,-0.00326429010586983,-0.006));
#9153=CARTESIAN_POINT('',(-0.0124536103059275,-0.00355574179240686,-0.00600000000000389));
#9154=CARTESIAN_POINT('',(-0.0119906020239521,-0.00348275494418564,-0.0043489008721164));
#9155=CARTESIAN_POINT('',(-0.0107388197171986,-0.00399037996482763,-0.006));
#9156=CARTESIAN_POINT('',(-0.0124330127018922,-0.00399037996482763,-0.006));
#9157=CARTESIAN_POINT('',(-0.0119945232913744,-0.00399037996482763,-0.00436353524136672));
#9158=CARTESIAN_POINT('',(-0.0112952806641691,-0.00191363943830615,-0.0047));
#9159=CARTESIAN_POINT('',(0.00776155755481408,-0.0105456345519408,-0.00436353524136672));
#9160=CARTESIAN_POINT('',(0.00814130052361295,-0.0107648792571997,-0.006));
#9161=CARTESIAN_POINT('',(0.00667408635995493,-0.00991778276485295,-0.006));
#9162=CARTESIAN_POINT('',(0.00750191829582877,-0.0109786339752334,-0.00433235588837457));
#9163=CARTESIAN_POINT('',(0.00788474548954172,-0.0112977802703776,-0.00600000000000014));
#9164=CARTESIAN_POINT('',(0.00652969074204433,-0.0101678833114353,-0.006));
#9165=CARTESIAN_POINT('',(0.00675994063537491,-0.0117085606366185,-0.00429914461826478));
#9166=CARTESIAN_POINT('',(0.00704884848367095,-0.0122089637085734,-0.00599999999999934));
#9167=CARTESIAN_POINT('',(0.00611214815524674,-0.0105865511482758,-0.006));
#9168=CARTESIAN_POINT('',(0.00575681677348841,-0.0119861688089197,-0.00433235588837453));
#9169=CARTESIAN_POINT('',(0.00584179197575054,-0.0124772800315064,-0.00600000000000114));
#9170=CARTESIAN_POINT('',(0.00554079987939658,-0.0107388197171839,-0.006));
#9171=CARTESIAN_POINT('',(0.00525200864360066,-0.0119945232913745,-0.00436353524136672));
#9172=CARTESIAN_POINT('',(0.00525200864360067,-0.0124330127018922,-0.006));
#9173=CARTESIAN_POINT('',(0.00525200864360066,-0.0107388197171987,-0.006));
#9174=CARTESIAN_POINT('',(0.00667408635995493,-0.00991778276485295,-0.0047));
#9175=CARTESIAN_POINT('',(-0.00930009068175526,-0.00536940985859933,-0.0047));
#9176=CARTESIAN_POINT('',(-0.0119260950035556,-0.000821036952345711,-0.0047));
#9177=CARTESIAN_POINT('',(0.00930009068175526,-0.00536940985859933,-0.0047));
#9178=CARTESIAN_POINT('',(0.00730490069934144,-0.00882518027889251,-0.0047));
#9179=CARTESIAN_POINT('',(-0.0130135661984147,-0.00144888873943361,-0.00436353524136672));
#9180=CARTESIAN_POINT('',(-0.0133933091672136,-0.0016681334446925,-0.006));
#9181=CARTESIAN_POINT('',(-0.0119260950035556,-0.000821036952345712,-0.006));
#9182=CARTESIAN_POINT('',(-0.0132587350693173,-0.00100753483368655,-0.00433235588837462));
#9183=CARTESIAN_POINT('',(-0.0137265374652924,-0.0011794997611292,-0.00600000000000019));
#9184=CARTESIAN_POINT('',(-0.0120704906214408,-0.000570936405748812,-0.006));
#9185=CARTESIAN_POINT('',(-0.0135198812707495,3.13659688500056E-16,-0.00429914461826485));
#9186=CARTESIAN_POINT('',(-0.0140976969673418,4.89520047651518E-17,-0.00599999999999983));
#9187=CARTESIAN_POINT('',(-0.0122242963104931,-1.17635935714677E-17,-0.006));
#9188=CARTESIAN_POINT('',(-0.0132587350693176,0.0010075348336859,-0.00433235588837434));
#9189=CARTESIAN_POINT('',(-0.0137265374652933,0.00117949976112931,-0.00600000000000016));
#9190=CARTESIAN_POINT('',(-0.0120704906214418,0.000570936405748819,-0.006));
#9191=CARTESIAN_POINT('',(-0.0130135661984147,0.0014488887394336,-0.00436353524136672));
#9192=CARTESIAN_POINT('',(-0.0133933091672136,0.00166813344469249,-0.006));
#9193=CARTESIAN_POINT('',(-0.0119260950035556,0.000821036952345703,-0.006));
#9194=CARTESIAN_POINT('',(-0.0119260950035556,0.000821036952345704,-0.0047));
#9195=CARTESIAN_POINT('',(0.00730490069934143,-0.0088251802788925,-0.006));
#9196=CARTESIAN_POINT('',(0.00877211486299944,-0.00967227677123929,-0.006));
#9197=CARTESIAN_POINT('',(0.00839237189420058,-0.0094530320659804,-0.00436353524136672));
#9198=CARTESIAN_POINT('',(0.00766794562882316,-0.00819636801560717,-0.006));
#9199=CARTESIAN_POINT('',(0.00900727199755626,-0.00930616787448685,-0.00599999999999618));
#9200=CARTESIAN_POINT('',(0.00864278848731882,-0.00901145526879708,-0.00434890087211732));
#9201=CARTESIAN_POINT('',(0.00819636801560717,-0.00766794562882189,-0.006));
#9202=CARTESIAN_POINT('',(0.00930616787448363,-0.00900727199756149,-0.0059999999999995));
#9203=CARTESIAN_POINT('',(0.0090114552687962,-0.00864278848731917,-0.00434890087211685));
#9204=CARTESIAN_POINT('',(0.00882518027889251,-0.00730490069934142,-0.006));
#9205=CARTESIAN_POINT('',(0.00967227677123929,-0.00877211486299943,-0.006));
#9206=CARTESIAN_POINT('',(0.0094530320659804,-0.00839237189420057,-0.00436353524136672));
#9207=CARTESIAN_POINT('',(0.00882518027889252,-0.00730490069934143,-0.0047));
#9208=CARTESIAN_POINT('',(-0.00930009068175526,0.00536940985859932,-0.0047));
#9209=CARTESIAN_POINT('',(-0.0112952806641691,0.00191363943830614,-0.0047));
#9210=CARTESIAN_POINT('',(0.00536940985859932,-0.00930009068175525,-0.0047));
#9211=CARTESIAN_POINT('',(0.00991778276485294,-0.00667408635995493,-0.0047));
#9212=CARTESIAN_POINT('',(-0.0107388197171986,0.00399037996482763,-0.006));
#9213=CARTESIAN_POINT('',(-0.0124330127018922,0.00399037996482763,-0.006));
#9214=CARTESIAN_POINT('',(-0.0119945232913744,0.00399037996482763,-0.00436353524136672));
#9215=CARTESIAN_POINT('',(-0.0107388197172012,0.00326429010586984,-0.006));
#9216=CARTESIAN_POINT('',(-0.0124536103059275,0.00355574179240764,-0.0060000000000039));
#9217=CARTESIAN_POINT('',(-0.0119906020239521,0.00348275494418564,-0.0043489008721164));
#9218=CARTESIAN_POINT('',(-0.0109322357346902,0.00254245170159542,-0.006));
#9219=CARTESIAN_POINT('',(-0.0125630137899678,0.00314744243144317,-0.00600000000000149));
#9220=CARTESIAN_POINT('',(-0.012125543431504,0.00297914675515596,-0.0043489008721161));
#9221=CARTESIAN_POINT('',(-0.0112952806641691,0.00191363943830614,-0.006));
#9222=CARTESIAN_POINT('',(-0.0127624948278271,0.00276073593065293,-0.006));
#9223=CARTESIAN_POINT('',(-0.0123827518590282,0.00254149122539404,-0.00436353524136672));
#9224=CARTESIAN_POINT('',(-0.0107388197171986,0.00399037996482763,-0.0047));
#9225=CARTESIAN_POINT('',(0.0119945232913744,-0.00525200864360066,-0.00436353524136672));
#9226=CARTESIAN_POINT('',(0.0124330127018922,-0.00525200864360066,-0.006));
#9227=CARTESIAN_POINT('',(0.0107388197171987,-0.00525200864360066,-0.006));
#9228=CARTESIAN_POINT('',(0.0119861688089197,-0.00575681677348854,-0.00433235588837481));
#9229=CARTESIAN_POINT('',(0.0124772800315049,-0.00584179197574961,-0.0059999999999998));
#9230=CARTESIAN_POINT('',(0.0107388197171839,-0.00554079987939657,-0.006));
#9231=CARTESIAN_POINT('',(0.0117085606366184,-0.00675994063537487,-0.00429914461826461));
#9232=CARTESIAN_POINT('',(0.0122089637085737,-0.00704884848367173,-0.00600000000000008));
#9233=CARTESIAN_POINT('',(0.0105865511482756,-0.00611214815524667,-0.006));
#9234=CARTESIAN_POINT('',(0.0109786339752335,-0.0075019182958287,-0.00433235588837463));
#9235=CARTESIAN_POINT('',(0.0112977802703782,-0.00788474548954194,-0.00600000000000004));
#9236=CARTESIAN_POINT('',(0.0101678833114355,-0.00652969074204445,-0.006));
#9237=CARTESIAN_POINT('',(0.0105456345519408,-0.00776155755481408,-0.00436353524136672));
#9238=CARTESIAN_POINT('',(0.0107648792571997,-0.00814130052361295,-0.006));
#9239=CARTESIAN_POINT('',(0.00991778276485295,-0.00667408635995493,-0.006));
#9240=CARTESIAN_POINT('',(0.0107388197171986,-0.00525200864360066,-0.0047));
#9241=CARTESIAN_POINT('',(-0.0107388197171986,0.,-0.0047));
#9242=CARTESIAN_POINT('',(-0.0107388197171986,0.00525200864360065,-0.0047));
#9243=CARTESIAN_POINT('',(0.0107388197171986,-5.56191492832979E-18,-0.0047));
#9244=CARTESIAN_POINT('',(0.0107388197171986,-0.00399037996482765,-0.0047));
#9245=CARTESIAN_POINT('',(-0.0119945232913744,0.00525200864360065,-0.00436353524136672));
#9246=CARTESIAN_POINT('',(-0.0124330127018922,0.00525200864360064,-0.006));
#9247=CARTESIAN_POINT('',(-0.0107388197171987,0.00525200864360065,-0.006));
#9248=CARTESIAN_POINT('',(-0.0119861688089197,0.00575681677348802,-0.00433235588837465));
#9249=CARTESIAN_POINT('',(-0.0124772800315061,0.00584179197575047,-0.00600000000000007));
#9250=CARTESIAN_POINT('',(-0.0107388197171839,0.00554079987939656,-0.006));
#9251=CARTESIAN_POINT('',(-0.0117085606366184,0.0067599406353751,-0.00429914461826458));
#9252=CARTESIAN_POINT('',(-0.0122089637085743,0.00704884848367093,-0.00600000000000074));
#9253=CARTESIAN_POINT('',(-0.0105865511482756,0.00611214815524672,-0.006));
#9254=CARTESIAN_POINT('',(-0.0109786339752336,0.0075019182958287,-0.00433235588837483));
#9255=CARTESIAN_POINT('',(-0.0112977802703767,0.00788474548954187,-0.00599999999999848));
#9256=CARTESIAN_POINT('',(-0.0101678833114355,0.00652969074204432,-0.006));
#9257=CARTESIAN_POINT('',(-0.0105456345519408,0.00776155755481407,-0.00436353524136672));
#9258=CARTESIAN_POINT('',(-0.0107648792571997,0.00814130052361294,-0.006));
#9259=CARTESIAN_POINT('',(-0.00991778276485294,0.00667408635995492,-0.006));
#9260=CARTESIAN_POINT('',(-0.00991778276485294,0.00667408635995492,-0.0047));
#9261=CARTESIAN_POINT('',(0.0107388197171986,-0.00399037996482765,-0.006));
#9262=CARTESIAN_POINT('',(0.0124330127018922,-0.00399037996482765,-0.006));
#9263=CARTESIAN_POINT('',(0.0119945232913744,-0.00399037996482765,-0.00436353524136672));
#9264=CARTESIAN_POINT('',(0.0107388197172031,-0.00326429010586985,-0.006));
#9265=CARTESIAN_POINT('',(0.012453610305929,-0.00355574179240792,-0.00600000000000389));
#9266=CARTESIAN_POINT('',(0.0119906020239522,-0.00348275494418596,-0.00434890087211687));
#9267=CARTESIAN_POINT('',(0.0109322357346902,-0.00254245170159558,-0.006));
#9268=CARTESIAN_POINT('',(0.0125630137899654,-0.00314744243144412,-0.00600000000000203));
#9269=CARTESIAN_POINT('',(0.012125543431503,-0.00297914675515764,-0.00434890087211595));
#9270=CARTESIAN_POINT('',(0.0112952806641691,-0.00191363943830615,-0.006));
#9271=CARTESIAN_POINT('',(0.0127624948278271,-0.00276073593065294,-0.006));
#9272=CARTESIAN_POINT('',(0.0123827518590282,-0.00254149122539405,-0.00436353524136672));
#9273=CARTESIAN_POINT('',(0.0112952806641691,-0.00191363943830615,-0.0047));
#9274=CARTESIAN_POINT('',(-0.00536940985859933,0.00930009068175525,-0.0047));
#9275=CARTESIAN_POINT('',(-0.00882518027889251,0.00730490069934143,-0.0047));
#9276=CARTESIAN_POINT('',(0.00930009068175526,-0.00536940985859933,-0.0047));
#9277=CARTESIAN_POINT('',(0.0119260950035556,-0.000821036952345711,-0.0047));
#9278=CARTESIAN_POINT('',(-0.00730490069934144,0.00882518027889252,-0.006));
#9279=CARTESIAN_POINT('',(-0.00877211486299945,0.0096722767712393,-0.006));
#9280=CARTESIAN_POINT('',(-0.00839237189420059,0.00945303206598041,-0.00436353524136672));
#9281=CARTESIAN_POINT('',(-0.00766794562882317,0.00819636801560466,-0.006));
#9282=CARTESIAN_POINT('',(-0.00900727199755878,0.00930616787448284,-0.00599999999999943));
#9283=CARTESIAN_POINT('',(-0.00864278848732022,0.00901145526879492,-0.00434890087211779));
#9284=CARTESIAN_POINT('',(-0.00819636801560655,0.00766794562882285,-0.006));
#9285=CARTESIAN_POINT('',(-0.009306167874486,0.00900727199756006,-0.00600000000000296));
#9286=CARTESIAN_POINT('',(-0.00901145526879633,0.00864278848731939,-0.00434890087211773));
#9287=CARTESIAN_POINT('',(-0.00882518027889252,0.00730490069934143,-0.006));
#9288=CARTESIAN_POINT('',(-0.0096722767712393,0.00877211486299944,-0.006));
#9289=CARTESIAN_POINT('',(-0.00945303206598041,0.00839237189420058,-0.00436353524136672));
#9290=CARTESIAN_POINT('',(-0.00730490069934144,0.00882518027889251,-0.0047));
#9291=CARTESIAN_POINT('',(0.0130135661984147,0.0014488887394336,-0.00436353524136672));
#9292=CARTESIAN_POINT('',(0.0133933091672136,0.00166813344469249,-0.006));
#9293=CARTESIAN_POINT('',(0.0119260950035556,0.000821036952345703,-0.006));
#9294=CARTESIAN_POINT('',(0.0132587350693172,0.0010075348336866,-0.00433235588837451));
#9295=CARTESIAN_POINT('',(0.0137265374652923,0.00117949976112968,-0.00599999999999978));
#9296=CARTESIAN_POINT('',(0.0120704906214408,0.000570936405748866,-0.006));
#9297=CARTESIAN_POINT('',(0.0135198812707493,-5.20959143879285E-16,-0.00429914461826456));
#9298=CARTESIAN_POINT('',(0.0140976969673413,-4.29874196271062E-16,-0.00600000000000011));
#9299=CARTESIAN_POINT('',(0.0122242963104931,-2.78097857242532E-17,-0.006));
#9300=CARTESIAN_POINT('',(0.013258735069318,-0.00100753483368557,-0.00433235588837503));
#9301=CARTESIAN_POINT('',(0.0137265374652943,-0.00117949976112863,-0.00600000000000001));
#9302=CARTESIAN_POINT('',(0.0120704906214418,-0.000570936405748828,-0.006));
#9303=CARTESIAN_POINT('',(0.0130135661984147,-0.00144888873943361,-0.00436353524136672));
#9304=CARTESIAN_POINT('',(0.0133933091672136,-0.0016681334446925,-0.006));
#9305=CARTESIAN_POINT('',(0.0119260950035556,-0.000821036952345712,-0.006));
#9306=CARTESIAN_POINT('',(0.0119260950035556,0.000821036952345703,-0.0047));
#9307=CARTESIAN_POINT('',(-0.00930009068175526,0.00536940985859932,-0.0047));
#9308=CARTESIAN_POINT('',(-0.00667408635995493,0.00991778276485295,-0.0047));
#9309=CARTESIAN_POINT('',(0.00930009068175526,0.00536940985859933,-0.0047));
#9310=CARTESIAN_POINT('',(0.0112952806641691,0.00191363943830614,-0.0047));
#9311=CARTESIAN_POINT('',(-0.00776155755481408,0.0105456345519408,-0.00436353524136672));
#9312=CARTESIAN_POINT('',(-0.00814130052361295,0.0107648792571997,-0.006));
#9313=CARTESIAN_POINT('',(-0.00667408635995493,0.00991778276485295,-0.006));
#9314=CARTESIAN_POINT('',(-0.00750191829582826,0.0109786339752344,-0.00433235588837473));
#9315=CARTESIAN_POINT('',(-0.00788474548954026,0.0112977802703787,-0.00600000000000025));
#9316=CARTESIAN_POINT('',(-0.00652969074204445,0.0101678833114355,-0.006));
#9317=CARTESIAN_POINT('',(-0.00675994063537509,0.0117085606366181,-0.0042991446182647));
#9318=CARTESIAN_POINT('',(-0.00704884848367187,0.0122089637085733,-0.00599999999999986));
#9319=CARTESIAN_POINT('',(-0.00611214815524667,0.0105865511482757,-0.006));
#9320=CARTESIAN_POINT('',(-0.00575681677348852,0.0119861688089197,-0.00433235588837453));
#9321=CARTESIAN_POINT('',(-0.00584179197575073,0.0124772800315054,-0.00600000000000003));
#9322=CARTESIAN_POINT('',(-0.00554079987939656,0.0107388197171839,-0.006));
#9323=CARTESIAN_POINT('',(-0.00525200864360064,0.0119945232913744,-0.00436353524136672));
#9324=CARTESIAN_POINT('',(-0.00525200864360064,0.0124330127018922,-0.006));
#9325=CARTESIAN_POINT('',(-0.00525200864360065,0.0107388197171987,-0.006));
#9326=CARTESIAN_POINT('',(-0.00525200864360065,0.0107388197171987,-0.0047));
#9327=CARTESIAN_POINT('',(0.0112952806641691,0.00191363943830614,-0.006));
#9328=CARTESIAN_POINT('',(0.0127624948278271,0.00276073593065292,-0.006));
#9329=CARTESIAN_POINT('',(0.0123827518590282,0.00254149122539403,-0.00436353524136672));
#9330=CARTESIAN_POINT('',(0.0109322357346908,0.00254245170159557,-0.006));
#9331=CARTESIAN_POINT('',(0.012563013789967,0.00314744243143707,-0.00599999999999987));
#9332=CARTESIAN_POINT('',(0.0121255434315042,0.00297914675515586,-0.00434890087211655));
#9333=CARTESIAN_POINT('',(0.010738819717203,0.00326429010586984,-0.006));
#9334=CARTESIAN_POINT('',(0.0124536103059252,0.00355574179240901,-0.00599999999999913));
#9335=CARTESIAN_POINT('',(0.0119906020239524,0.00348275494418595,-0.00434890087211776));
#9336=CARTESIAN_POINT('',(0.0107388197171986,0.00399037996482764,-0.006));
#9337=CARTESIAN_POINT('',(0.0124330127018922,0.00399037996482764,-0.006));
#9338=CARTESIAN_POINT('',(0.0119945232913744,0.00399037996482764,-0.00436353524136672));
#9339=CARTESIAN_POINT('',(0.0107388197171986,0.00399037996482764,-0.0047));
#9340=CARTESIAN_POINT('',(5.56191492832978E-18,0.0107388197171986,-0.0047));
#9341=CARTESIAN_POINT('',(-0.00399037996482764,0.0107388197171986,-0.0047));
#9342=CARTESIAN_POINT('',(0.0107388197171986,-5.56191492832978E-18,-0.0047));
#9343=CARTESIAN_POINT('',(0.0107388197171986,0.00525200864360066,-0.0047));
#9344=CARTESIAN_POINT('',(-0.00191363943830614,0.0112952806641691,-0.006));
#9345=CARTESIAN_POINT('',(-0.00276073593065292,0.0127624948278271,-0.006));
#9346=CARTESIAN_POINT('',(-0.00254149122539403,0.0123827518590282,-0.00436353524136672));
#9347=CARTESIAN_POINT('',(-0.00254245170159494,0.0109322357346908,-0.006));
#9348=CARTESIAN_POINT('',(-0.00314744243143906,0.0125630137899645,-0.00600000000000033));
#9349=CARTESIAN_POINT('',(-0.00297914675515704,0.0121255434315037,-0.00434890087211718));
#9350=CARTESIAN_POINT('',(-0.00326429010586984,0.0107388197172031,-0.006));
#9351=CARTESIAN_POINT('',(-0.00355574179240705,0.0124536103059265,-0.00600000000000382));
#9352=CARTESIAN_POINT('',(-0.0034827549441847,0.0119906020239525,-0.00434890087211805));
#9353=CARTESIAN_POINT('',(-0.00399037996482764,0.0107388197171986,-0.006));
#9354=CARTESIAN_POINT('',(-0.00399037996482764,0.0124330127018922,-0.006));
#9355=CARTESIAN_POINT('',(-0.00399037996482764,0.0119945232913744,-0.00436353524136672));
#9356=CARTESIAN_POINT('',(-0.00191363943830614,0.0112952806641691,-0.0047));
#9357=CARTESIAN_POINT('',(0.0105456345519408,0.00776155755481409,-0.00436353524136672));
#9358=CARTESIAN_POINT('',(0.0107648792571997,0.00814130052361295,-0.006));
#9359=CARTESIAN_POINT('',(0.00991778276485294,0.00667408635995493,-0.006));
#9360=CARTESIAN_POINT('',(0.0109786339752334,0.0075019182958288,-0.00433235588837469));
#9361=CARTESIAN_POINT('',(0.0112977802703773,0.00788474548954004,-0.00600000000000001));
#9362=CARTESIAN_POINT('',(0.0101678833114353,0.00652969074204433,-0.006));
#9363=CARTESIAN_POINT('',(0.0117085606366185,0.00675994063537482,-0.00429914461826469));
#9364=CARTESIAN_POINT('',(0.0122089637085737,0.00704884848367208,-0.00599999999999991));
#9365=CARTESIAN_POINT('',(0.0105865511482758,0.00611214815524673,-0.006));
#9366=CARTESIAN_POINT('',(0.0119861688089197,0.00575681677348853,-0.00433235588837459));
#9367=CARTESIAN_POINT('',(0.012477280031506,0.00584179197575059,-0.00600000000000017));
#9368=CARTESIAN_POINT('',(0.0107388197171839,0.00554079987939657,-0.006));
#9369=CARTESIAN_POINT('',(0.0119945232913744,0.00525200864360066,-0.00436353524136672));
#9370=CARTESIAN_POINT('',(0.0124330127018922,0.00525200864360066,-0.006));
#9371=CARTESIAN_POINT('',(0.0107388197171987,0.00525200864360066,-0.006));
#9372=CARTESIAN_POINT('',(0.00991778276485294,0.00667408635995493,-0.0047));
#9373=CARTESIAN_POINT('',(-0.00536940985859933,0.00930009068175525,-0.0047));
#9374=CARTESIAN_POINT('',(-0.00082103695234571,0.0119260950035556,-0.0047));
#9375=CARTESIAN_POINT('',(0.00536940985859932,0.00930009068175526,-0.0047));
#9376=CARTESIAN_POINT('',(0.00882518027889252,0.00730490069934144,-0.0047));
#9377=CARTESIAN_POINT('',(-0.00144888873943361,0.0130135661984147,-0.00436353524136672));
#9378=CARTESIAN_POINT('',(-0.0016681334446925,0.0133933091672136,-0.006));
#9379=CARTESIAN_POINT('',(-0.000821036952345709,0.0119260950035556,-0.006));
#9380=CARTESIAN_POINT('',(-0.00100753483368663,0.0132587350693172,-0.00433235588837452));
#9381=CARTESIAN_POINT('',(-0.00117949976112949,0.013726537465294,-0.00600000000000014));
#9382=CARTESIAN_POINT('',(-0.00057093640574881,0.0120704906214408,-0.006));
#9383=CARTESIAN_POINT('',(5.19658101272302E-16,0.0135198812707494,-0.00429914461826482));
#9384=CARTESIAN_POINT('',(3.70412721556276E-16,0.0140976969673401,-0.00599999999999991));
#9385=CARTESIAN_POINT('',(-9.54097911787244E-18,0.0122242963104931,-0.006));
#9386=CARTESIAN_POINT('',(0.00100753483368558,0.0132587350693178,-0.0043323558883745));
#9387=CARTESIAN_POINT('',(0.00117949976112888,0.0137265374652951,-0.00600000000000005));
#9388=CARTESIAN_POINT('',(0.000570936405748821,0.0120704906214418,-0.006));
#9389=CARTESIAN_POINT('',(0.0014488887394336,0.0130135661984147,-0.00436353524136672));
#9390=CARTESIAN_POINT('',(0.00166813344469249,0.0133933091672136,-0.006));
#9391=CARTESIAN_POINT('',(0.000821036952345705,0.0119260950035556,-0.006));
#9392=CARTESIAN_POINT('',(0.000821036952345706,0.0119260950035556,-0.0047));
#9393=CARTESIAN_POINT('',(0.00882518027889252,0.00730490069934143,-0.006));
#9394=CARTESIAN_POINT('',(0.00967227677123931,0.00877211486299944,-0.006));
#9395=CARTESIAN_POINT('',(0.00945303206598041,0.00839237189420058,-0.00436353524136672));
#9396=CARTESIAN_POINT('',(0.00819636801560466,0.00766794562882316,-0.006));
#9397=CARTESIAN_POINT('',(0.00930616787448563,0.00900727199755934,-0.00600000000000092));
#9398=CARTESIAN_POINT('',(0.00901145526879621,0.00864278848731918,-0.00434890087211685));
#9399=CARTESIAN_POINT('',(0.00766794562882191,0.00819636801560466,-0.006));
#9400=CARTESIAN_POINT('',(0.00900727199755586,0.00930616787448165,-0.00600000000000146));
#9401=CARTESIAN_POINT('',(0.00864278848731972,0.00901145526879545,-0.00434890087211716));
#9402=CARTESIAN_POINT('',(0.00730490069934143,0.00882518027889252,-0.006));
#9403=CARTESIAN_POINT('',(0.00877211486299945,0.00967227677123929,-0.006));
#9404=CARTESIAN_POINT('',(0.00839237189420059,0.00945303206598041,-0.00436353524136672));
#9405=CARTESIAN_POINT('',(0.00730490069934144,0.00882518027889251,-0.0047));
#9406=CARTESIAN_POINT('',(0.00536940985859932,0.00930009068175526,-0.0047));
#9407=CARTESIAN_POINT('',(0.00191363943830614,0.0112952806641691,-0.0047));
#9408=CARTESIAN_POINT('',(0.00930009068175526,0.00536940985859933,-0.0047));
#9409=CARTESIAN_POINT('',(0.00667408635995493,0.00991778276485294,-0.0047));
#9410=CARTESIAN_POINT('',(0.00399037996482763,0.0107388197171986,-0.006));
#9411=CARTESIAN_POINT('',(0.00399037996482763,0.0124330127018922,-0.006));
#9412=CARTESIAN_POINT('',(0.00399037996482763,0.0119945232913744,-0.00436353524136672));
#9413=CARTESIAN_POINT('',(0.00326429010586984,0.0107388197172012,-0.006));
#9414=CARTESIAN_POINT('',(0.0035557417924083,0.0124536103059256,-0.00600000000000358));
#9415=CARTESIAN_POINT('',(0.00348275494418595,0.0119906020239523,-0.00434890087211728));
#9416=CARTESIAN_POINT('',(0.00254245170159542,0.0109322357346902,-0.006));
#9417=CARTESIAN_POINT('',(0.00314744243144288,0.0125630137899672,-0.00600000000000252));
#9418=CARTESIAN_POINT('',(0.002979146755156,0.0121255434315041,-0.00434890087211639));
#9419=CARTESIAN_POINT('',(0.00191363943830614,0.0112952806641691,-0.006));
#9420=CARTESIAN_POINT('',(0.00276073593065293,0.0127624948278271,-0.006));
#9421=CARTESIAN_POINT('',(0.00254149122539404,0.0123827518590282,-0.00436353524136672));
#9422=CARTESIAN_POINT('',(0.00399037996482763,0.0107388197171986,-0.0047));
#9423=CARTESIAN_POINT('',(0.00525200864360066,0.0119945232913744,-0.00436353524136672));
#9424=CARTESIAN_POINT('',(0.00525200864360066,0.0124330127018922,-0.006));
#9425=CARTESIAN_POINT('',(0.00525200864360066,0.0107388197171987,-0.006));
#9426=CARTESIAN_POINT('',(0.00575681677348854,0.0119861688089197,-0.00433235588837465));
#9427=CARTESIAN_POINT('',(0.00584179197574981,0.0124772800315052,-0.00600000000000002));
#9428=CARTESIAN_POINT('',(0.00554079987939657,0.0107388197171839,-0.006));
#9429=CARTESIAN_POINT('',(0.00675994063537493,0.0117085606366184,-0.00429914461826488));
#9430=CARTESIAN_POINT('',(0.00704884848367185,0.0122089637085733,-0.00599999999999977));
#9431=CARTESIAN_POINT('',(0.00611214815524667,0.0105865511482756,-0.006));
#9432=CARTESIAN_POINT('',(0.00750191829582859,0.0109786339752335,-0.00433235588837425));
#9433=CARTESIAN_POINT('',(0.00788474548954153,0.0112977802703787,-0.00600000000000043));
#9434=CARTESIAN_POINT('',(0.00652969074204445,0.0101678833114355,-0.006));
#9435=CARTESIAN_POINT('',(0.00776155755481408,0.0105456345519408,-0.00436353524136672));
#9436=CARTESIAN_POINT('',(0.00814130052361295,0.0107648792571997,-0.006));
#9437=CARTESIAN_POINT('',(0.00667408635995493,0.00991778276485295,-0.006));
#9438=CARTESIAN_POINT('',(0.00525200864360066,0.0107388197171986,-0.0047));
#9439=CARTESIAN_POINT('',(5.56191492832978E-18,0.0107388197171986,-0.0047));
#9440=CARTESIAN_POINT('',(0.,0.00466212157959904,0.014));
#9441=CARTESIAN_POINT('',(-0.00190444636150695,0.00466212157959904,0.014));
#9442=CARTESIAN_POINT('',(-0.00240931025868085,0.00466212157959904,0.014));
#9443=CARTESIAN_POINT('',(-0.00240931025868085,0.00564026918033284,0.0142079116908178));
#9444=CARTESIAN_POINT('',(-0.00240931025868085,0.00547190561279404,0.015));
#9445=CARTESIAN_POINT('',(-0.00240931025868086,0.00466212157959904,0.015));
#9446=CARTESIAN_POINT('',(-0.00291913308573435,0.00563182720117282,0.0142476280801576));
#9447=CARTESIAN_POINT('',(-0.00285360627873443,0.00543883453313553,0.015));
#9448=CARTESIAN_POINT('',(-0.00258087586067038,0.00466212157925812,0.015));
#9449=CARTESIAN_POINT('',(-0.00341773888307306,0.00534395700985994,0.0142476280801564));
#9450=CARTESIAN_POINT('',(-0.00328336573330863,0.00519071279635103,0.0149999999999996));
#9451=CARTESIAN_POINT('',(-0.00274707779283407,0.00456616484898351,0.015));
#9452=CARTESIAN_POINT('',(-0.00367996126501027,0.00490665847978249,0.0142079116908178));
#9453=CARTESIAN_POINT('',(-0.00353415413844988,0.00482247669601308,0.015));
#9454=CARTESIAN_POINT('',(-0.00283286059412399,0.00441758467941559,0.015));
#9455=CARTESIAN_POINT('',(-0.00283286059412399,0.00441758467941559,0.014));
#9456=CARTESIAN_POINT('',(-0.00190444636150695,0.00466212157959904,0.015));
#9457=CARTESIAN_POINT('',(-0.00190444636150696,0.00547190561279404,0.015));
#9458=CARTESIAN_POINT('',(-0.00190444636150695,0.00564026918033284,0.0142079116908178));
#9459=CARTESIAN_POINT('',(-0.00147720387473039,0.00466212157960626,0.015));
#9460=CARTESIAN_POINT('',(-0.00161934311540012,0.00546407818311902,0.0149999999999997));
#9461=CARTESIAN_POINT('',(-0.00164757211823453,0.00563829585396612,0.0142171954614585));
#9462=CARTESIAN_POINT('',(-0.00105176470771807,0.00477611766083514,0.015));
#9463=CARTESIAN_POINT('',(-0.00132964681617832,0.00554170207254337,0.0149999999999999));
#9464=CARTESIAN_POINT('',(-0.00139230861802518,0.00570669350270402,0.0142171954614597));
#9465=CARTESIAN_POINT('',(-0.000681761860589696,0.00498973890421787,0.015));
#9466=CARTESIAN_POINT('',(-0.0010866538771872,0.00569103244854376,0.015));
#9467=CARTESIAN_POINT('',(-0.0011708356609566,0.00583683957510414,0.0142079116908178));
#9468=CARTESIAN_POINT('',(-0.0006817618605897,0.00498973890421787,0.014));
#9469=CARTESIAN_POINT('',(-0.00403751572346442,0.00233106078979953,0.014));
#9470=CARTESIAN_POINT('',(-0.00308529254271095,0.00398035971900938,0.014));
#9471=CARTESIAN_POINT('',(-0.00233106078979953,0.00403751572346442,0.014));
#9472=CARTESIAN_POINT('',(-0.000244536900183454,0.00524217085280484,0.014));
#9473=CARTESIAN_POINT('',(-0.00398035971900937,0.00308529254271095,0.015));
#9474=CARTESIAN_POINT('',(-0.00438525173560687,0.00378658608703685,0.015));
#9475=CARTESIAN_POINT('',(-0.00446943351937627,0.00393239321359722,0.0142079116908178));
#9476=CARTESIAN_POINT('',(-0.00361035687188841,0.00329891378610554,0.015));
#9477=CARTESIAN_POINT('',(-0.00413443136693863,0.00392235895714403,0.0149999999999999));
#9478=CARTESIAN_POINT('',(-0.00424598723594094,0.00405912138446971,0.0142171954614596));
#9479=CARTESIAN_POINT('',(-0.00329891378610553,0.00361035687188842,0.015));
#9480=CARTESIAN_POINT('',(-0.00392235895714391,0.00413443136693902,0.0149999999999999));
#9481=CARTESIAN_POINT('',(-0.0040591213844697,0.00424598723594095,0.0142171954614596));
#9482=CARTESIAN_POINT('',(-0.00308529254271094,0.00398035971900938,0.015));
#9483=CARTESIAN_POINT('',(-0.00378658608703684,0.00438525173560688,0.015));
#9484=CARTESIAN_POINT('',(-0.00393239321359722,0.00446943351937628,0.0142079116908178));
#9485=CARTESIAN_POINT('',(-0.00398035971900937,0.00308529254271096,0.014));
#9486=CARTESIAN_POINT('',(0.000733610700550354,0.0060892715236911,0.0142079116908178));
#9487=CARTESIAN_POINT('',(0.000649428916780951,0.00594346439713072,0.015));
#9488=CARTESIAN_POINT('',(0.000244536900183449,0.00524217085280483,0.015));
#9489=CARTESIAN_POINT('',(0.000287870191312909,0.00633687196880699,0.0142476280801576));
#9490=CARTESIAN_POINT('',(0.000248121736784726,0.00613697201204192,0.015));
#9491=CARTESIAN_POINT('',(9.59567302745141E-5,0.00532795365350436,0.015));
#9492=CARTESIAN_POINT('',(-0.000287870191312991,0.00633687196880695,0.0142476280801576));
#9493=CARTESIAN_POINT('',(-0.000248121736784816,0.00613697201204187,0.015));
#9494=CARTESIAN_POINT('',(-9.59567302745107E-5,0.00532795365350428,0.015));
#9495=CARTESIAN_POINT('',(-0.000733610700550356,0.00608927152369111,0.0142079116908178));
#9496=CARTESIAN_POINT('',(-0.000649428916780953,0.00594346439713072,0.015));
#9497=CARTESIAN_POINT('',(-0.000244536900183452,0.00524217085280483,0.015));
#9498=CARTESIAN_POINT('',(0.000244536900183449,0.00524217085280484,0.014));
#9499=CARTESIAN_POINT('',(-0.00233106078979953,0.00403751572346442,0.014));
#9500=CARTESIAN_POINT('',(-0.0044175846794156,0.00283286059412399,0.014));
#9501=CARTESIAN_POINT('',(0.00233106078979953,0.00403751572346441,0.014));
#9502=CARTESIAN_POINT('',(0.000681761860589696,0.00498973890421787,0.014));
#9503=CARTESIAN_POINT('',(-0.0049066584797825,0.00367996126501026,0.0142079116908178));
#9504=CARTESIAN_POINT('',(-0.0048224766960131,0.00353415413844988,0.015));
#9505=CARTESIAN_POINT('',(-0.0044175846794156,0.00283286059412399,0.015));
#9506=CARTESIAN_POINT('',(-0.00534395700985979,0.00341773888307284,0.0142476280801576));
#9507=CARTESIAN_POINT('',(-0.00519071279635008,0.00328336573330764,0.015));
#9508=CARTESIAN_POINT('',(-0.00456616484898352,0.00274707779283407,0.015));
#9509=CARTESIAN_POINT('',(-0.00563182720117283,0.00291913308573431,0.0142476280801576));
#9510=CARTESIAN_POINT('',(-0.00543883453313517,0.00285360627873446,0.015));
#9511=CARTESIAN_POINT('',(-0.00466212157925813,0.00258087586067037,0.015));
#9512=CARTESIAN_POINT('',(-0.00564026918033285,0.00240931025868084,0.0142079116908178));
#9513=CARTESIAN_POINT('',(-0.00547190561279405,0.00240931025868084,0.015));
#9514=CARTESIAN_POINT('',(-0.00466212157959905,0.00240931025868085,0.015));
#9515=CARTESIAN_POINT('',(-0.00466212157959905,0.00240931025868085,0.014));
#9516=CARTESIAN_POINT('',(0.000681761860589695,0.00498973890421787,0.015));
#9517=CARTESIAN_POINT('',(0.0010866538771872,0.00569103244854376,0.015));
#9518=CARTESIAN_POINT('',(0.0011708356609566,0.00583683957510414,0.0142079116908178));
#9519=CARTESIAN_POINT('',(0.00105176470771779,0.00477611766083588,0.015));
#9520=CARTESIAN_POINT('',(0.00132964681617851,0.00554170207254428,0.0149999999999999));
#9521=CARTESIAN_POINT('',(0.00139230861802486,0.00570669350270424,0.0142171954614595));
#9522=CARTESIAN_POINT('',(0.00147720387473025,0.00466212157960626,0.015));
#9523=CARTESIAN_POINT('',(0.00161934311540051,0.00546407818311819,0.0149999999999999));
#9524=CARTESIAN_POINT('',(0.00164757211823439,0.00563829585396588,0.0142171954614596));
#9525=CARTESIAN_POINT('',(0.00190444636150695,0.00466212157959904,0.015));
#9526=CARTESIAN_POINT('',(0.00190444636150695,0.00547190561279404,0.015));
#9527=CARTESIAN_POINT('',(0.00190444636150695,0.00564026918033284,0.0142079116908178));
#9528=CARTESIAN_POINT('',(0.00190444636150695,0.00466212157959904,0.014));
#9529=CARTESIAN_POINT('',(-0.00466212157959905,0.,0.014));
#9530=CARTESIAN_POINT('',(-0.00466212157959905,0.00190444636150693,0.014));
#9531=CARTESIAN_POINT('',(0.,0.00466212157959904,0.014));
#9532=CARTESIAN_POINT('',(0.00240931025868084,0.00466212157959904,0.014));
#9533=CARTESIAN_POINT('',(-0.00498973890421788,0.000681761860589672,0.015));
#9534=CARTESIAN_POINT('',(-0.00569103244854377,0.00108665387718717,0.015));
#9535=CARTESIAN_POINT('',(-0.00583683957510415,0.00117083566095657,0.0142079116908178));
#9536=CARTESIAN_POINT('',(-0.00477611766083589,0.00105176470771814,0.015));
#9537=CARTESIAN_POINT('',(-0.00554170207254338,0.00132964681617853,0.0149999999999999));
#9538=CARTESIAN_POINT('',(-0.00570669350270414,0.00139230861802502,0.0142171954614595));
#9539=CARTESIAN_POINT('',(-0.00466212157960572,0.00147720387473018,0.015));
#9540=CARTESIAN_POINT('',(-0.00546407818311808,0.00161934311540027,0.0149999999999997));
#9541=CARTESIAN_POINT('',(-0.00563829585396611,0.00164757211823451,0.0142171954614586));
#9542=CARTESIAN_POINT('',(-0.00466212157959905,0.00190444636150693,0.015));
#9543=CARTESIAN_POINT('',(-0.00547190561279405,0.00190444636150693,0.015));
#9544=CARTESIAN_POINT('',(-0.00564026918033285,0.00190444636150693,0.0142079116908178));
#9545=CARTESIAN_POINT('',(-0.00498973890421788,0.000681761860589674,0.014));
#9546=CARTESIAN_POINT('',(0.00367996126501025,0.00490665847978249,0.0142079116908178));
#9547=CARTESIAN_POINT('',(0.00353415413844987,0.00482247669601309,0.015));
#9548=CARTESIAN_POINT('',(0.00283286059412398,0.00441758467941559,0.015));
#9549=CARTESIAN_POINT('',(0.00341773888307297,0.00534395700985953,0.0142476280801576));
#9550=CARTESIAN_POINT('',(0.00328336573330806,0.00519071279635006,0.015));
#9551=CARTESIAN_POINT('',(0.00274707779283395,0.00456616484898351,0.015));
#9552=CARTESIAN_POINT('',(0.00291913308573413,0.00563182720117301,0.0142476280801567));
#9553=CARTESIAN_POINT('',(0.00285360627873441,0.00543883453313568,0.0150000000000003));
#9554=CARTESIAN_POINT('',(0.00258087586067025,0.00466212157925812,0.015));
#9555=CARTESIAN_POINT('',(0.00240931025868085,0.00564026918033284,0.0142079116908178));
#9556=CARTESIAN_POINT('',(0.00240931025868085,0.00547190561279404,0.015));
#9557=CARTESIAN_POINT('',(0.00240931025868085,0.00466212157959904,0.015));
#9558=CARTESIAN_POINT('',(0.00283286059412398,0.00441758467941559,0.014));
#9559=CARTESIAN_POINT('',(-0.00403751572346442,0.00233106078979953,0.014));
#9560=CARTESIAN_POINT('',(-0.00524217085280483,0.000244536900183462,0.014));
#9561=CARTESIAN_POINT('',(0.0040375157234644,0.00233106078979952,0.014));
#9562=CARTESIAN_POINT('',(0.00308529254271092,0.00398035971900939,0.014));
#9563=CARTESIAN_POINT('',(-0.00608927152369111,0.000733610700550361,0.0142079116908178));
#9564=CARTESIAN_POINT('',(-0.00594346439713073,0.00064942891678096,0.015));
#9565=CARTESIAN_POINT('',(-0.00524217085280483,0.000244536900183465,0.015));
#9566=CARTESIAN_POINT('',(-0.00633687196880708,0.000287870191312787,0.0142476280801576));
#9567=CARTESIAN_POINT('',(-0.00613697201204253,0.000248121736784776,0.015));
#9568=CARTESIAN_POINT('',(-0.00532795365350436,9.59567302745288E-5,0.015));
#9569=CARTESIAN_POINT('',(-0.00633687196880704,-0.000287870191312817,0.0142476280801576));
#9570=CARTESIAN_POINT('',(-0.00613697201204218,-0.000248121736784699,0.015));
#9571=CARTESIAN_POINT('',(-0.00532795365350428,-9.59567302744808E-5,0.015));
#9572=CARTESIAN_POINT('',(-0.00608927152369111,-0.000733610700550336,0.0142079116908178));
#9573=CARTESIAN_POINT('',(-0.00594346439713073,-0.000649428916780935,0.015));
#9574=CARTESIAN_POINT('',(-0.00524217085280483,-0.00024453690018344,0.015));
#9575=CARTESIAN_POINT('',(-0.00524217085280483,-0.000244536900183439,0.014));
#9576=CARTESIAN_POINT('',(0.00308529254271092,0.00398035971900939,0.015));
#9577=CARTESIAN_POINT('',(0.00378658608703682,0.00438525173560689,0.015));
#9578=CARTESIAN_POINT('',(0.0039323932135972,0.00446943351937629,0.0142079116908178));
#9579=CARTESIAN_POINT('',(0.00329891378610551,0.00361035687188768,0.015));
#9580=CARTESIAN_POINT('',(0.00392235895714389,0.00413443136693865,0.0149999999999999));
#9581=CARTESIAN_POINT('',(0.00405912138446999,0.00424598723594039,0.0142171954614596));
#9582=CARTESIAN_POINT('',(0.00361035687188783,0.00329891378610527,0.015));
#9583=CARTESIAN_POINT('',(0.00413443136693804,0.00392235895714322,0.0149999999999999));
#9584=CARTESIAN_POINT('',(0.00424598723594059,0.00405912138446987,0.0142171954614597));
#9585=CARTESIAN_POINT('',(0.00398035971900935,0.00308529254271096,0.015));
#9586=CARTESIAN_POINT('',(0.00438525173560685,0.00378658608703686,0.015));
#9587=CARTESIAN_POINT('',(0.00446943351937626,0.00393239321359723,0.0142079116908178));
#9588=CARTESIAN_POINT('',(0.00398035971900935,0.00308529254271096,0.014));
#9589=CARTESIAN_POINT('',(-0.0040375157234644,-0.00233106078979952,0.014));
#9590=CARTESIAN_POINT('',(-0.00498973890421788,-0.000681761860589656,0.014));
#9591=CARTESIAN_POINT('',(0.00233106078979953,0.00403751572346442,0.014));
#9592=CARTESIAN_POINT('',(0.0044175846794156,0.00283286059412399,0.014));
#9593=CARTESIAN_POINT('',(-0.00466212157959905,-0.00190444636150691,0.015));
#9594=CARTESIAN_POINT('',(-0.00547190561279405,-0.00190444636150691,0.015));
#9595=CARTESIAN_POINT('',(-0.00564026918033285,-0.00190444636150691,0.0142079116908178));
#9596=CARTESIAN_POINT('',(-0.00466212157960627,-0.00147720387473006,0.015));
#9597=CARTESIAN_POINT('',(-0.00546407818311879,-0.00161934311540013,0.0149999999999997));
#9598=CARTESIAN_POINT('',(-0.00563829585396613,-0.00164757211823435,0.0142171954614585));
#9599=CARTESIAN_POINT('',(-0.00477611766083515,-0.00105176470771803,0.015));
#9600=CARTESIAN_POINT('',(-0.0055417020725439,-0.00132964681617881,0.0149999999999996));
#9601=CARTESIAN_POINT('',(-0.00570669350270431,-0.00139230861802525,0.0142171954614583));
#9602=CARTESIAN_POINT('',(-0.00498973890421788,-0.000681761860589652,0.015));
#9603=CARTESIAN_POINT('',(-0.00569103244854377,-0.00108665387718715,0.015));
#9604=CARTESIAN_POINT('',(-0.00583683957510415,-0.00117083566095655,0.0142079116908178));
#9605=CARTESIAN_POINT('',(-0.00466212157959905,-0.00190444636150691,0.014));
#9606=CARTESIAN_POINT('',(0.00564026918033285,0.00240931025868085,0.0142079116908178));
#9607=CARTESIAN_POINT('',(0.00547190561279405,0.00240931025868085,0.015));
#9608=CARTESIAN_POINT('',(0.00466212157959905,0.00240931025868085,0.015));
#9609=CARTESIAN_POINT('',(0.00563182720117284,0.00291913308573447,0.0142476280801575));
#9610=CARTESIAN_POINT('',(0.00543883453313552,0.00285360627873458,0.015));
#9611=CARTESIAN_POINT('',(0.00466212157925813,0.00258087586067037,0.015));
#9612=CARTESIAN_POINT('',(0.00534395700986015,0.00341773888307264,0.0142476280801576));
#9613=CARTESIAN_POINT('',(0.00519071279635049,0.00328336573330779,0.015));
#9614=CARTESIAN_POINT('',(0.00456616484898381,0.00274707779283407,0.015));
#9615=CARTESIAN_POINT('',(0.0049066584797825,0.00367996126501026,0.0142079116908178));
#9616=CARTESIAN_POINT('',(0.0048224766960131,0.00353415413844988,0.015));
#9617=CARTESIAN_POINT('',(0.0044175846794156,0.00283286059412399,0.015));
#9618=CARTESIAN_POINT('',(0.00466212157959905,0.00240931025868085,0.014));
#9619=CARTESIAN_POINT('',(-0.00466212157959905,0.,0.014));
#9620=CARTESIAN_POINT('',(-0.00466212157959905,-0.00240931025868085,0.014));
#9621=CARTESIAN_POINT('',(0.00466212157959905,3.01829301242152E-18,0.014));
#9622=CARTESIAN_POINT('',(0.00466212157959905,0.00190444636150691,0.014));
#9623=CARTESIAN_POINT('',(-0.00564026918033285,-0.00240931025868084,0.0142079116908178));
#9624=CARTESIAN_POINT('',(-0.00547190561279405,-0.00240931025868084,0.015));
#9625=CARTESIAN_POINT('',(-0.00466212157959905,-0.00240931025868085,0.015));
#9626=CARTESIAN_POINT('',(-0.00563182720117277,-0.00291913308573446,0.0142476280801579));
#9627=CARTESIAN_POINT('',(-0.0054388345331346,-0.00285360627873456,0.0150000000000001));
#9628=CARTESIAN_POINT('',(-0.00466212157925813,-0.00258087586067037,0.015));
#9629=CARTESIAN_POINT('',(-0.00534395700985976,-0.00341773888307256,0.0142476280801588));
#9630=CARTESIAN_POINT('',(-0.00519071279634921,-0.00328336573330712,0.0149999999999996));
#9631=CARTESIAN_POINT('',(-0.00456616484898351,-0.00274707779283395,0.015));
#9632=CARTESIAN_POINT('',(-0.0049066584797825,-0.00367996126501026,0.0142079116908178));
#9633=CARTESIAN_POINT('',(-0.0048224766960131,-0.00353415413844988,0.015));
#9634=CARTESIAN_POINT('',(-0.0044175846794156,-0.00283286059412399,0.015));
#9635=CARTESIAN_POINT('',(-0.0044175846794156,-0.00283286059412398,0.014));
#9636=CARTESIAN_POINT('',(0.00466212157959905,0.0019044463615069,0.015));
#9637=CARTESIAN_POINT('',(0.00547190561279405,0.00190444636150691,0.015));
#9638=CARTESIAN_POINT('',(0.00564026918033285,0.00190444636150691,0.0142079116908178));
#9639=CARTESIAN_POINT('',(0.00466212157960553,0.00147720387473001,0.015));
#9640=CARTESIAN_POINT('',(0.00546407818311678,0.00161934311540022,0.0149999999999999));
#9641=CARTESIAN_POINT('',(0.00563829585396587,0.0016475721182343,0.0142171954614597));
#9642=CARTESIAN_POINT('',(0.00477611766083589,0.00105176470771802,0.015));
#9643=CARTESIAN_POINT('',(0.00554170207254528,0.00132964681617842,0.0149999999999999));
#9644=CARTESIAN_POINT('',(0.00570669350270418,0.00139230861802493,0.0142171954614596));
#9645=CARTESIAN_POINT('',(0.00498973890421788,0.000681761860589645,0.015));
#9646=CARTESIAN_POINT('',(0.00569103244854377,0.00108665387718715,0.015));
#9647=CARTESIAN_POINT('',(0.00583683957510415,0.00117083566095655,0.0142079116908178));
#9648=CARTESIAN_POINT('',(0.00498973890421788,0.000681761860589648,0.014));
#9649=CARTESIAN_POINT('',(-0.00233106078979953,-0.00403751572346441,0.014));
#9650=CARTESIAN_POINT('',(-0.00398035971900937,-0.00308529254271095,0.014));
#9651=CARTESIAN_POINT('',(0.0040375157234644,0.00233106078979952,0.014));
#9652=CARTESIAN_POINT('',(0.00524217085280483,0.000244536900183445,0.014));
#9653=CARTESIAN_POINT('',(-0.00308529254271093,-0.00398035971900938,0.015));
#9654=CARTESIAN_POINT('',(-0.00378658608703683,-0.00438525173560688,0.015));
#9655=CARTESIAN_POINT('',(-0.00393239321359721,-0.00446943351937628,0.0142079116908178));
#9656=CARTESIAN_POINT('',(-0.00329891378610524,-0.00361035687188841,0.015));
#9657=CARTESIAN_POINT('',(-0.00392235895714283,-0.00413443136693911,0.0149999999999999));
#9658=CARTESIAN_POINT('',(-0.00405912138446954,-0.00424598723594118,0.0142171954614597));
#9659=CARTESIAN_POINT('',(-0.00361035687188784,-0.00329891378610526,0.015));
#9660=CARTESIAN_POINT('',(-0.00413443136693875,-0.00392235895714452,0.0149999999999982));
#9661=CARTESIAN_POINT('',(-0.00424598723594132,-0.00405912138446982,0.0142171954614583));
#9662=CARTESIAN_POINT('',(-0.00398035971900936,-0.00308529254271095,0.015));
#9663=CARTESIAN_POINT('',(-0.00438525173560687,-0.00378658608703684,0.015));
#9664=CARTESIAN_POINT('',(-0.00446943351937627,-0.00393239321359722,0.0142079116908178));
#9665=CARTESIAN_POINT('',(-0.00308529254271094,-0.00398035971900938,0.014));
#9666=CARTESIAN_POINT('',(0.00608927152369109,-0.000733610700550363,0.0142079116908178));
#9667=CARTESIAN_POINT('',(0.00594346439713071,-0.000649428916780961,0.015));
#9668=CARTESIAN_POINT('',(0.00524217085280482,-0.00024453690018346,0.015));
#9669=CARTESIAN_POINT('',(0.006336871968807,-0.000287870191312897,0.0142476280801576));
#9670=CARTESIAN_POINT('',(0.00613697201204216,-0.000248121736784819,0.015));
#9671=CARTESIAN_POINT('',(0.00532795365350427,-9.59567302745241E-5,0.015));
#9672=CARTESIAN_POINT('',(0.00633687196880724,0.000287870191312964,0.0142476280801564));
#9673=CARTESIAN_POINT('',(0.00613697201204296,0.000248121736785013,0.0150000000000004));
#9674=CARTESIAN_POINT('',(0.00532795365350427,9.59567302745022E-5,0.015));
#9675=CARTESIAN_POINT('',(0.0060892715236911,0.000733610700550342,0.0142079116908178));
#9676=CARTESIAN_POINT('',(0.00594346439713072,0.00064942891678094,0.015));
#9677=CARTESIAN_POINT('',(0.00524217085280483,0.000244536900183445,0.015));
#9678=CARTESIAN_POINT('',(0.00524217085280483,-0.000244536900183458,0.014));
#9679=CARTESIAN_POINT('',(-0.0040375157234644,-0.00233106078979953,0.014));
#9680=CARTESIAN_POINT('',(-0.00283286059412398,-0.0044175846794156,0.014));
#9681=CARTESIAN_POINT('',(0.0040375157234644,-0.00233106078979952,0.014));
#9682=CARTESIAN_POINT('',(0.00498973890421788,-0.00068176186058966,0.014));
#9683=CARTESIAN_POINT('',(-0.00367996126501026,-0.00490665847978249,0.0142079116908178));
#9684=CARTESIAN_POINT('',(-0.00353415413844987,-0.00482247669601309,0.015));
#9685=CARTESIAN_POINT('',(-0.00283286059412398,-0.0044175846794156,0.015));
#9686=CARTESIAN_POINT('',(-0.00341773888307294,-0.0053439570098601,0.0142476280801564));
#9687=CARTESIAN_POINT('',(-0.00328336573330852,-0.00519071279635092,0.0150000000000004));
#9688=CARTESIAN_POINT('',(-0.00274707779283395,-0.00456616484898352,0.015));
#9689=CARTESIAN_POINT('',(-0.00291913308573403,-0.0056318272011728,0.0142476280801577));
#9690=CARTESIAN_POINT('',(-0.00285360627873416,-0.00543883453313529,0.015));
#9691=CARTESIAN_POINT('',(-0.00258087586067025,-0.00466212157925813,0.015));
#9692=CARTESIAN_POINT('',(-0.00240931025868086,-0.00564026918033285,0.0142079116908178));
#9693=CARTESIAN_POINT('',(-0.00240931025868086,-0.00547190561279405,0.015));
#9694=CARTESIAN_POINT('',(-0.00240931025868085,-0.00466212157959905,0.015));
#9695=CARTESIAN_POINT('',(-0.00240931025868084,-0.00466212157959905,0.014));
#9696=CARTESIAN_POINT('',(0.00498973890421789,-0.000681761860589662,0.015));
#9697=CARTESIAN_POINT('',(0.00569103244854378,-0.00108665387718716,0.015));
#9698=CARTESIAN_POINT('',(0.00583683957510416,-0.00117083566095657,0.0142079116908178));
#9699=CARTESIAN_POINT('',(0.0047761176608359,-0.00105176470771813,0.015));
#9700=CARTESIAN_POINT('',(0.00554170207254469,-0.0013296468161792,0.0149999999999996));
#9701=CARTESIAN_POINT('',(0.00570669350270434,-0.00139230861802515,0.0142171954614584));
#9702=CARTESIAN_POINT('',(0.00466212157960573,-0.00147720387473017,0.015));
#9703=CARTESIAN_POINT('',(0.00546407818311916,-0.00161934311540027,0.0149999999999996));
#9704=CARTESIAN_POINT('',(0.00563829585396619,-0.00164757211823449,0.0142171954614582));
#9705=CARTESIAN_POINT('',(0.00466212157959906,-0.00190444636150692,0.015));
#9706=CARTESIAN_POINT('',(0.00547190561279406,-0.00190444636150692,0.015));
#9707=CARTESIAN_POINT('',(0.00564026918033286,-0.00190444636150692,0.0142079116908178));
#9708=CARTESIAN_POINT('',(0.00466212157959905,-0.00190444636150692,0.014));
#9709=CARTESIAN_POINT('',(0.,-0.00466212157959905,0.014));
#9710=CARTESIAN_POINT('',(-0.00190444636150693,-0.00466212157959905,0.014));
#9711=CARTESIAN_POINT('',(0.00466212157959905,3.01829301242151E-18,0.014));
#9712=CARTESIAN_POINT('',(0.00466212157959905,-0.00240931025868085,0.014));
#9713=CARTESIAN_POINT('',(-0.00068176186058967,-0.00498973890421789,0.015));
#9714=CARTESIAN_POINT('',(-0.00108665387718717,-0.00569103244854378,0.015));
#9715=CARTESIAN_POINT('',(-0.00117083566095658,-0.00583683957510416,0.0142079116908178));
#9716=CARTESIAN_POINT('',(-0.00105176470771777,-0.00477611766083498,0.015));
#9717=CARTESIAN_POINT('',(-0.0013296468161786,-0.00554170207254449,0.0149999999999997));
#9718=CARTESIAN_POINT('',(-0.00139230861802517,-0.00570669350270428,0.0142171954614587));
#9719=CARTESIAN_POINT('',(-0.00147720387472999,-0.00466212157960554,0.015));
#9720=CARTESIAN_POINT('',(-0.00161934311540027,-0.00546407818311785,0.0149999999999997));
#9721=CARTESIAN_POINT('',(-0.00164757211823427,-0.00563829585396611,0.0142171954614586));
#9722=CARTESIAN_POINT('',(-0.00190444636150693,-0.00466212157959906,0.015));
#9723=CARTESIAN_POINT('',(-0.00190444636150693,-0.00547190561279406,0.015));
#9724=CARTESIAN_POINT('',(-0.00190444636150693,-0.00564026918033286,0.0142079116908178));
#9725=CARTESIAN_POINT('',(-0.000681761860589671,-0.00498973890421788,0.014));
#9726=CARTESIAN_POINT('',(0.00490665847978249,-0.00367996126501026,0.0142079116908178));
#9727=CARTESIAN_POINT('',(0.00482247669601309,-0.00353415413844988,0.015));
#9728=CARTESIAN_POINT('',(0.0044175846794156,-0.00283286059412399,0.015));
#9729=CARTESIAN_POINT('',(0.00534395700985972,-0.0034177388830729,0.0142476280801576));
#9730=CARTESIAN_POINT('',(0.00519071279635034,-0.00328336573330807,0.015));
#9731=CARTESIAN_POINT('',(0.00456616484898352,-0.00274707779283406,0.015));
#9732=CARTESIAN_POINT('',(0.00563182720117283,-0.00291913308573446,0.0142476280801576));
#9733=CARTESIAN_POINT('',(0.00543883453313523,-0.0028536062787345,0.015));
#9734=CARTESIAN_POINT('',(0.00466212157925813,-0.00258087586067037,0.015));
#9735=CARTESIAN_POINT('',(0.00564026918033285,-0.00240931025868085,0.0142079116908178));
#9736=CARTESIAN_POINT('',(0.00547190561279405,-0.00240931025868085,0.015));
#9737=CARTESIAN_POINT('',(0.00466212157959905,-0.00240931025868085,0.015));
#9738=CARTESIAN_POINT('',(0.0044175846794156,-0.00283286059412398,0.014));
#9739=CARTESIAN_POINT('',(-0.00233106078979953,-0.00403751572346441,0.014));
#9740=CARTESIAN_POINT('',(-0.000244536900183454,-0.00524217085280484,0.014));
#9741=CARTESIAN_POINT('',(0.00233106078979952,-0.00403751572346441,0.014));
#9742=CARTESIAN_POINT('',(0.00398035971900937,-0.00308529254271095,0.014));
#9743=CARTESIAN_POINT('',(-0.000733610700550359,-0.00608927152369111,0.0142079116908178));
#9744=CARTESIAN_POINT('',(-0.000649428916780956,-0.00594346439713072,0.015));
#9745=CARTESIAN_POINT('',(-0.000244536900183455,-0.00524217085280483,0.015));
#9746=CARTESIAN_POINT('',(-0.000287870191312693,-0.00633687196880709,0.0142476280801577));
#9747=CARTESIAN_POINT('',(-0.000248121736784602,-0.0061369720120421,0.015));
#9748=CARTESIAN_POINT('',(-9.59567302745199E-5,-0.00532795365350436,0.015));
#9749=CARTESIAN_POINT('',(0.000287870191312727,-0.0063368719688071,0.0142476280801576));
#9750=CARTESIAN_POINT('',(0.000248121736784643,-0.00613697201204218,0.015));
#9751=CARTESIAN_POINT('',(9.59567302745052E-5,-0.00532795365350428,0.015));
#9752=CARTESIAN_POINT('',(0.000733610700550349,-0.00608927152369111,0.0142079116908178));
#9753=CARTESIAN_POINT('',(0.000649428916780947,-0.00594346439713072,0.015));
#9754=CARTESIAN_POINT('',(0.000244536900183447,-0.00524217085280483,0.015));
#9755=CARTESIAN_POINT('',(0.000244536900183447,-0.00524217085280484,0.014));
#9756=CARTESIAN_POINT('',(0.00398035971900937,-0.00308529254271095,0.015));
#9757=CARTESIAN_POINT('',(0.00438525173560688,-0.00378658608703685,0.015));
#9758=CARTESIAN_POINT('',(0.00446943351937627,-0.00393239321359723,0.0142079116908178));
#9759=CARTESIAN_POINT('',(0.00361035687188841,-0.00329891378610554,0.015));
#9760=CARTESIAN_POINT('',(0.0041344313669397,-0.0039223589571444,0.0149999999999999));
#9761=CARTESIAN_POINT('',(0.00424598723594136,-0.00405912138446948,0.0142171954614595));
#9762=CARTESIAN_POINT('',(0.00329891378610525,-0.00361035687188786,0.015));
#9763=CARTESIAN_POINT('',(0.00392235895714427,-0.00413443136693888,0.0149999999999999));
#9764=CARTESIAN_POINT('',(0.0040591213844697,-0.00424598723594095,0.0142171954614596));
#9765=CARTESIAN_POINT('',(0.00308529254271094,-0.00398035971900938,0.015));
#9766=CARTESIAN_POINT('',(0.00378658608703684,-0.00438525173560689,0.015));
#9767=CARTESIAN_POINT('',(0.00393239321359722,-0.00446943351937628,0.0142079116908178));
#9768=CARTESIAN_POINT('',(0.00308529254271094,-0.00398035971900937,0.014));
#9769=CARTESIAN_POINT('',(0.00233106078979953,-0.00403751572346441,0.014));
#9770=CARTESIAN_POINT('',(0.000681761860589675,-0.00498973890421788,0.014));
#9771=CARTESIAN_POINT('',(0.00403751572346441,-0.00233106078979953,0.014));
#9772=CARTESIAN_POINT('',(0.00283286059412398,-0.0044175846794156,0.014));
#9773=CARTESIAN_POINT('',(0.00190444636150693,-0.00466212157959905,0.015));
#9774=CARTESIAN_POINT('',(0.00190444636150693,-0.00547190561279405,0.015));
#9775=CARTESIAN_POINT('',(0.00190444636150693,-0.00564026918033285,0.0142079116908178));
#9776=CARTESIAN_POINT('',(0.00147720387473009,-0.00466212157960627,0.015));
#9777=CARTESIAN_POINT('',(0.00161934311540057,-0.00546407818311879,0.0149999999999997));
#9778=CARTESIAN_POINT('',(0.00164757211823437,-0.00563829585396613,0.0142171954614585));
#9779=CARTESIAN_POINT('',(0.00105176470771805,-0.00477611766083515,0.015));
#9780=CARTESIAN_POINT('',(0.00132964681617872,-0.00554170207254401,0.0149999999999997));
#9781=CARTESIAN_POINT('',(0.00139230861802526,-0.00570669350270423,0.0142171954614586));
#9782=CARTESIAN_POINT('',(0.000681761860589673,-0.00498973890421788,0.015));
#9783=CARTESIAN_POINT('',(0.00108665387718717,-0.00569103244854377,0.015));
#9784=CARTESIAN_POINT('',(0.00117083566095657,-0.00583683957510415,0.0142079116908178));
#9785=CARTESIAN_POINT('',(0.00190444636150693,-0.00466212157959905,0.014));
#9786=CARTESIAN_POINT('',(0.00240931025868085,-0.00564026918033285,0.0142079116908178));
#9787=CARTESIAN_POINT('',(0.00240931025868085,-0.00547190561279404,0.015));
#9788=CARTESIAN_POINT('',(0.00240931025868084,-0.00466212157959905,0.015));
#9789=CARTESIAN_POINT('',(0.00291913308573446,-0.00563182720117283,0.0142476280801576));
#9790=CARTESIAN_POINT('',(0.00285360627873457,-0.00543883453313504,0.015));
#9791=CARTESIAN_POINT('',(0.00258087586067037,-0.00466212157925813,0.015));
#9792=CARTESIAN_POINT('',(0.00341773888307294,-0.00534395700986011,0.0142476280801564));
#9793=CARTESIAN_POINT('',(0.00328336573330851,-0.00519071279635103,0.0149999999999997));
#9794=CARTESIAN_POINT('',(0.00274707779283395,-0.00456616484898351,0.015));
#9795=CARTESIAN_POINT('',(0.00367996126501025,-0.0049066584797825,0.0142079116908178));
#9796=CARTESIAN_POINT('',(0.00353415413844987,-0.00482247669601309,0.015));
#9797=CARTESIAN_POINT('',(0.00283286059412398,-0.0044175846794156,0.015));
#9798=CARTESIAN_POINT('',(0.00240931025868084,-0.00466212157959905,0.014));
#9799=CARTESIAN_POINT('',(0.,-0.00466212157959905,0.014));
#9800=MECHANICAL_DESIGN_GEOMETRIC_PRESENTATION_REPRESENTATION('',(#4533),
#9801);
#9801=(
GEOMETRIC_REPRESENTATION_CONTEXT(3)
GLOBAL_UNCERTAINTY_ASSIGNED_CONTEXT((#9802))
GLOBAL_UNIT_ASSIGNED_CONTEXT((#9805,#9804,#9803))
REPRESENTATION_CONTEXT('Part 1','TOP_LEVEL_ASSEMBLY_PART')
);
#9802=UNCERTAINTY_MEASURE_WITH_UNIT(LENGTH_MEASURE(2.E-5),#9805,
'DISTANCE_ACCURACY_VALUE','Maximum Tolerance applied to model');
#9803=(
NAMED_UNIT(*)
SI_UNIT($,.STERADIAN.)
SOLID_ANGLE_UNIT()
);
#9804=(
NAMED_UNIT(*)
PLANE_ANGLE_UNIT()
SI_UNIT($,.RADIAN.)
);
#9805=(
LENGTH_UNIT()
NAMED_UNIT(*)
SI_UNIT($,.METRE.)
);
#9806=PRODUCT_DEFINITION_SHAPE('','',#9807);
#9807=PRODUCT_DEFINITION('','',#9809,#9808);
#9808=PRODUCT_DEFINITION_CONTEXT('',#9815,'design');
#9809=PRODUCT_DEFINITION_FORMATION_WITH_SPECIFIED_SOURCE('','',#9811,
 .NOT_KNOWN.);
#9810=PRODUCT_RELATED_PRODUCT_CATEGORY('','',(#9811));
#9811=PRODUCT('Part 1','Part 1','Part 1',(#9813));
#9812=PRODUCT_CATEGORY('','');
#9813=PRODUCT_CONTEXT('',#9815,'mechanical');
#9814=APPLICATION_PROTOCOL_DEFINITION('international standard',
'ap242_managed_model_based_3d_engineering',2020,#9815);
#9815=APPLICATION_CONTEXT('managed model based 3d engineering');
ENDSEC;
END-ISO-10303-21;
